[2026-08-06T04:46:34.807+0000] {processor.py:186} INFO - Started process (PID=89) to work on /home/airflow/.local/lib/python3.12/site-packages/airflow/example_dags/example_setup_teardown.py
[2026-08-06T04:46:34.809+0000] {processor.py:914} INFO - Processing file /home/airflow/.local/lib/python3.12/site-packages/airflow/example_dags/example_setup_teardown.py for tasks to queue
[2026-08-06T04:46:34.812+0000] {logging_mixin.py:190} INFO - [2026-08-06T04:46:34.812+0000] {dagbag.py:588} INFO - Filling up the DagBag from /home/airflow/.local/lib/python3.12/site-packages/airflow/example_dags/example_setup_teardown.py
[2026-08-06T04:46:34.828+0000] {processor.py:925} INFO - DAG(s) 'example_setup_teardown' retrieved from /home/airflow/.local/lib/python3.12/site-packages/airflow/example_dags/example_setup_teardown.py
[2026-08-06T04:46:35.022+0000] {logging_mixin.py:190} INFO - [2026-08-06T04:46:35.020+0000] {override.py:1912} INFO - Created Permission View: can delete on DAG:example_setup_teardown
[2026-08-06T04:46:35.041+0000] {logging_mixin.py:190} INFO - [2026-08-06T04:46:35.041+0000] {override.py:1912} INFO - Created Permission View: can read on DAG:example_setup_teardown
[2026-08-06T04:46:35.055+0000] {logging_mixin.py:190} INFO - [2026-08-06T04:46:35.055+0000] {override.py:1912} INFO - Created Permission View: can edit on DAG:example_setup_teardown
[2026-08-06T04:46:35.068+0000] {logging_mixin.py:190} INFO - [2026-08-06T04:46:35.068+0000] {override.py:1912} INFO - Created Permission View: can delete on DAG Run:example_setup_teardown
[2026-08-06T04:46:35.080+0000] {logging_mixin.py:190} INFO - [2026-08-06T04:46:35.079+0000] {override.py:1912} INFO - Created Permission View: menu access on DAG Run:example_setup_teardown
[2026-08-06T04:46:35.094+0000] {logging_mixin.py:190} INFO - [2026-08-06T04:46:35.094+0000] {override.py:1912} INFO - Created Permission View: can read on DAG Run:example_setup_teardown
[2026-08-06T04:46:35.105+0000] {logging_mixin.py:190} INFO - [2026-08-06T04:46:35.105+0000] {override.py:1912} INFO - Created Permission View: can create on DAG Run:example_setup_teardown
[2026-08-06T04:46:35.107+0000] {logging_mixin.py:190} INFO - [2026-08-06T04:46:35.106+0000] {dag.py:3239} INFO - Sync 1 DAGs
[2026-08-06T04:46:35.128+0000] {logging_mixin.py:190} INFO - [2026-08-06T04:46:35.127+0000] {dag.py:3262} INFO - Creating ORM DAG for example_setup_teardown
[2026-08-06T04:46:35.129+0000] {logging_mixin.py:190} INFO - [2026-08-06T04:46:35.129+0000] {dag.py:4180} INFO - Setting next_dagrun for example_setup_teardown to None, run_after=None
[2026-08-06T04:46:35.152+0000] {processor.py:208} INFO - Processing /home/airflow/.local/lib/python3.12/site-packages/airflow/example_dags/example_setup_teardown.py took 0.353 seconds
[2026-08-06T04:47:05.667+0000] {processor.py:186} INFO - Started process (PID=152) to work on /home/airflow/.local/lib/python3.12/site-packages/airflow/example_dags/example_setup_teardown.py
[2026-08-06T04:47:05.669+0000] {processor.py:914} INFO - Processing file /home/airflow/.local/lib/python3.12/site-packages/airflow/example_dags/example_setup_teardown.py for tasks to queue
[2026-08-06T04:47:05.676+0000] {logging_mixin.py:190} INFO - [2026-08-06T04:47:05.675+0000] {dagbag.py:588} INFO - Filling up the DagBag from /home/airflow/.local/lib/python3.12/site-packages/airflow/example_dags/example_setup_teardown.py
[2026-08-06T04:47:05.696+0000] {processor.py:925} INFO - DAG(s) 'example_setup_teardown' retrieved from /home/airflow/.local/lib/python3.12/site-packages/airflow/example_dags/example_setup_teardown.py
[2026-08-06T04:47:05.744+0000] {logging_mixin.py:190} INFO - [2026-08-06T04:47:05.744+0000] {dag.py:3239} INFO - Sync 1 DAGs
[2026-08-06T04:47:05.796+0000] {logging_mixin.py:190} INFO - [2026-08-06T04:47:05.795+0000] {dag.py:4180} INFO - Setting next_dagrun for example_setup_teardown to None, run_after=None
[2026-08-06T04:47:05.975+0000] {processor.py:208} INFO - Processing /home/airflow/.local/lib/python3.12/site-packages/airflow/example_dags/example_setup_teardown.py took 0.318 seconds
[2026-08-06T04:47:36.134+0000] {processor.py:186} INFO - Started process (PID=214) to work on /home/airflow/.local/lib/python3.12/site-packages/airflow/example_dags/example_setup_teardown.py
[2026-08-06T04:47:36.136+0000] {processor.py:914} INFO - Processing file /home/airflow/.local/lib/python3.12/site-packages/airflow/example_dags/example_setup_teardown.py for tasks to queue
[2026-08-06T04:47:36.140+0000] {logging_mixin.py:190} INFO - [2026-08-06T04:47:36.139+0000] {dagbag.py:588} INFO - Filling up the DagBag from /home/airflow/.local/lib/python3.12/site-packages/airflow/example_dags/example_setup_teardown.py
[2026-08-06T04:47:36.152+0000] {processor.py:925} INFO - DAG(s) 'example_setup_teardown' retrieved from /home/airflow/.local/lib/python3.12/site-packages/airflow/example_dags/example_setup_teardown.py
[2026-08-06T04:47:36.188+0000] {logging_mixin.py:190} INFO - [2026-08-06T04:47:36.187+0000] {dag.py:3239} INFO - Sync 1 DAGs
[2026-08-06T04:47:36.211+0000] {logging_mixin.py:190} INFO - [2026-08-06T04:47:36.211+0000] {dag.py:4180} INFO - Setting next_dagrun for example_setup_teardown to None, run_after=None
[2026-08-06T04:47:36.251+0000] {processor.py:208} INFO - Processing /home/airflow/.local/lib/python3.12/site-packages/airflow/example_dags/example_setup_teardown.py took 0.127 seconds
[2026-08-06T04:48:06.582+0000] {processor.py:186} INFO - Started process (PID=277) to work on /home/airflow/.local/lib/python3.12/site-packages/airflow/example_dags/example_setup_teardown.py
[2026-08-06T04:48:06.584+0000] {processor.py:914} INFO - Processing file /home/airflow/.local/lib/python3.12/site-packages/airflow/example_dags/example_setup_teardown.py for tasks to queue
[2026-08-06T04:48:06.590+0000] {logging_mixin.py:190} INFO - [2026-08-06T04:48:06.589+0000] {dagbag.py:588} INFO - Filling up the DagBag from /home/airflow/.local/lib/python3.12/site-packages/airflow/example_dags/example_setup_teardown.py
[2026-08-06T04:48:06.603+0000] {processor.py:925} INFO - DAG(s) 'example_setup_teardown' retrieved from /home/airflow/.local/lib/python3.12/site-packages/airflow/example_dags/example_setup_teardown.py
[2026-08-06T04:48:06.630+0000] {logging_mixin.py:190} INFO - [2026-08-06T04:48:06.630+0000] {dag.py:3239} INFO - Sync 1 DAGs
[2026-08-06T04:48:06.650+0000] {logging_mixin.py:190} INFO - [2026-08-06T04:48:06.650+0000] {dag.py:4180} INFO - Setting next_dagrun for example_setup_teardown to None, run_after=None
[2026-08-06T04:48:06.674+0000] {processor.py:208} INFO - Processing /home/airflow/.local/lib/python3.12/site-packages/airflow/example_dags/example_setup_teardown.py took 0.099 seconds
[2026-08-06T04:48:38.320+0000] {processor.py:186} INFO - Started process (PID=340) to work on /home/airflow/.local/lib/python3.12/site-packages/airflow/example_dags/example_setup_teardown.py
[2026-08-06T04:48:38.323+0000] {processor.py:914} INFO - Processing file /home/airflow/.local/lib/python3.12/site-packages/airflow/example_dags/example_setup_teardown.py for tasks to queue
[2026-08-06T04:48:38.330+0000] {logging_mixin.py:190} INFO - [2026-08-06T04:48:38.330+0000] {dagbag.py:588} INFO - Filling up the DagBag from /home/airflow/.local/lib/python3.12/site-packages/airflow/example_dags/example_setup_teardown.py
[2026-08-06T04:48:38.355+0000] {processor.py:925} INFO - DAG(s) 'example_setup_teardown' retrieved from /home/airflow/.local/lib/python3.12/site-packages/airflow/example_dags/example_setup_teardown.py
[2026-08-06T04:48:38.419+0000] {logging_mixin.py:190} INFO - [2026-08-06T04:48:38.419+0000] {dag.py:3239} INFO - Sync 1 DAGs
[2026-08-06T04:48:38.466+0000] {logging_mixin.py:190} INFO - [2026-08-06T04:48:38.466+0000] {dag.py:4180} INFO - Setting next_dagrun for example_setup_teardown to None, run_after=None
[2026-08-06T04:48:38.557+0000] {processor.py:208} INFO - Processing /home/airflow/.local/lib/python3.12/site-packages/airflow/example_dags/example_setup_teardown.py took 0.253 seconds
[2026-08-06T04:49:09.538+0000] {processor.py:186} INFO - Started process (PID=402) to work on /home/airflow/.local/lib/python3.12/site-packages/airflow/example_dags/example_setup_teardown.py
[2026-08-06T04:49:09.541+0000] {processor.py:914} INFO - Processing file /home/airflow/.local/lib/python3.12/site-packages/airflow/example_dags/example_setup_teardown.py for tasks to queue
[2026-08-06T04:49:09.546+0000] {logging_mixin.py:190} INFO - [2026-08-06T04:49:09.546+0000] {dagbag.py:588} INFO - Filling up the DagBag from /home/airflow/.local/lib/python3.12/site-packages/airflow/example_dags/example_setup_teardown.py
[2026-08-06T04:49:09.564+0000] {processor.py:925} INFO - DAG(s) 'example_setup_teardown' retrieved from /home/airflow/.local/lib/python3.12/site-packages/airflow/example_dags/example_setup_teardown.py
[2026-08-06T04:49:09.609+0000] {logging_mixin.py:190} INFO - [2026-08-06T04:49:09.609+0000] {dag.py:3239} INFO - Sync 1 DAGs
[2026-08-06T04:49:09.640+0000] {logging_mixin.py:190} INFO - [2026-08-06T04:49:09.639+0000] {dag.py:4180} INFO - Setting next_dagrun for example_setup_teardown to None, run_after=None
[2026-08-06T04:49:09.686+0000] {processor.py:208} INFO - Processing /home/airflow/.local/lib/python3.12/site-packages/airflow/example_dags/example_setup_teardown.py took 0.158 seconds
[2026-08-06T04:49:39.944+0000] {processor.py:186} INFO - Started process (PID=465) to work on /home/airflow/.local/lib/python3.12/site-packages/airflow/example_dags/example_setup_teardown.py
[2026-08-06T04:49:39.949+0000] {processor.py:914} INFO - Processing file /home/airflow/.local/lib/python3.12/site-packages/airflow/example_dags/example_setup_teardown.py for tasks to queue
[2026-08-06T04:49:39.960+0000] {logging_mixin.py:190} INFO - [2026-08-06T04:49:39.959+0000] {dagbag.py:588} INFO - Filling up the DagBag from /home/airflow/.local/lib/python3.12/site-packages/airflow/example_dags/example_setup_teardown.py
[2026-08-06T04:49:39.985+0000] {processor.py:925} INFO - DAG(s) 'example_setup_teardown' retrieved from /home/airflow/.local/lib/python3.12/site-packages/airflow/example_dags/example_setup_teardown.py
[2026-08-06T04:49:40.036+0000] {logging_mixin.py:190} INFO - [2026-08-06T04:49:40.036+0000] {dag.py:3239} INFO - Sync 1 DAGs
[2026-08-06T04:49:40.061+0000] {logging_mixin.py:190} INFO - [2026-08-06T04:49:40.061+0000] {dag.py:4180} INFO - Setting next_dagrun for example_setup_teardown to None, run_after=None
[2026-08-06T04:49:40.091+0000] {processor.py:208} INFO - Processing /home/airflow/.local/lib/python3.12/site-packages/airflow/example_dags/example_setup_teardown.py took 0.173 seconds
[2026-08-06T04:50:10.540+0000] {processor.py:186} INFO - Started process (PID=528) to work on /home/airflow/.local/lib/python3.12/site-packages/airflow/example_dags/example_setup_teardown.py
[2026-08-06T04:50:10.543+0000] {processor.py:914} INFO - Processing file /home/airflow/.local/lib/python3.12/site-packages/airflow/example_dags/example_setup_teardown.py for tasks to queue
[2026-08-06T04:50:10.546+0000] {logging_mixin.py:190} INFO - [2026-08-06T04:50:10.545+0000] {dagbag.py:588} INFO - Filling up the DagBag from /home/airflow/.local/lib/python3.12/site-packages/airflow/example_dags/example_setup_teardown.py
[2026-08-06T04:50:10.557+0000] {processor.py:925} INFO - DAG(s) 'example_setup_teardown' retrieved from /home/airflow/.local/lib/python3.12/site-packages/airflow/example_dags/example_setup_teardown.py
[2026-08-06T04:50:10.584+0000] {logging_mixin.py:190} INFO - [2026-08-06T04:50:10.584+0000] {dag.py:3239} INFO - Sync 1 DAGs
[2026-08-06T04:50:10.603+0000] {logging_mixin.py:190} INFO - [2026-08-06T04:50:10.603+0000] {dag.py:4180} INFO - Setting next_dagrun for example_setup_teardown to None, run_after=None
[2026-08-06T04:50:10.631+0000] {processor.py:208} INFO - Processing /home/airflow/.local/lib/python3.12/site-packages/airflow/example_dags/example_setup_teardown.py took 0.099 seconds
[2026-08-06T04:50:41.320+0000] {processor.py:186} INFO - Started process (PID=591) to work on /home/airflow/.local/lib/python3.12/site-packages/airflow/example_dags/example_setup_teardown.py
[2026-08-06T04:50:41.328+0000] {processor.py:914} INFO - Processing file /home/airflow/.local/lib/python3.12/site-packages/airflow/example_dags/example_setup_teardown.py for tasks to queue
[2026-08-06T04:50:41.333+0000] {logging_mixin.py:190} INFO - [2026-08-06T04:50:41.332+0000] {dagbag.py:588} INFO - Filling up the DagBag from /home/airflow/.local/lib/python3.12/site-packages/airflow/example_dags/example_setup_teardown.py
[2026-08-06T04:50:41.347+0000] {processor.py:925} INFO - DAG(s) 'example_setup_teardown' retrieved from /home/airflow/.local/lib/python3.12/site-packages/airflow/example_dags/example_setup_teardown.py
[2026-08-06T04:50:41.376+0000] {logging_mixin.py:190} INFO - [2026-08-06T04:50:41.376+0000] {dag.py:3239} INFO - Sync 1 DAGs
[2026-08-06T04:50:41.394+0000] {logging_mixin.py:190} INFO - [2026-08-06T04:50:41.393+0000] {dag.py:4180} INFO - Setting next_dagrun for example_setup_teardown to None, run_after=None
[2026-08-06T04:50:41.421+0000] {processor.py:208} INFO - Processing /home/airflow/.local/lib/python3.12/site-packages/airflow/example_dags/example_setup_teardown.py took 0.110 seconds
[2026-08-06T04:51:11.660+0000] {processor.py:186} INFO - Started process (PID=654) to work on /home/airflow/.local/lib/python3.12/site-packages/airflow/example_dags/example_setup_teardown.py
[2026-08-06T04:51:11.662+0000] {processor.py:914} INFO - Processing file /home/airflow/.local/lib/python3.12/site-packages/airflow/example_dags/example_setup_teardown.py for tasks to queue
[2026-08-06T04:51:11.666+0000] {logging_mixin.py:190} INFO - [2026-08-06T04:51:11.666+0000] {dagbag.py:588} INFO - Filling up the DagBag from /home/airflow/.local/lib/python3.12/site-packages/airflow/example_dags/example_setup_teardown.py
[2026-08-06T04:51:11.679+0000] {processor.py:925} INFO - DAG(s) 'example_setup_teardown' retrieved from /home/airflow/.local/lib/python3.12/site-packages/airflow/example_dags/example_setup_teardown.py
[2026-08-06T04:51:11.712+0000] {logging_mixin.py:190} INFO - [2026-08-06T04:51:11.712+0000] {dag.py:3239} INFO - Sync 1 DAGs
[2026-08-06T04:51:11.736+0000] {logging_mixin.py:190} INFO - [2026-08-06T04:51:11.736+0000] {dag.py:4180} INFO - Setting next_dagrun for example_setup_teardown to None, run_after=None
[2026-08-06T04:51:11.799+0000] {processor.py:208} INFO - Processing /home/airflow/.local/lib/python3.12/site-packages/airflow/example_dags/example_setup_teardown.py took 0.149 seconds
[2026-08-06T04:51:42.202+0000] {processor.py:186} INFO - Started process (PID=717) to work on /home/airflow/.local/lib/python3.12/site-packages/airflow/example_dags/example_setup_teardown.py
[2026-08-06T04:51:42.204+0000] {processor.py:914} INFO - Processing file /home/airflow/.local/lib/python3.12/site-packages/airflow/example_dags/example_setup_teardown.py for tasks to queue
[2026-08-06T04:51:42.207+0000] {logging_mixin.py:190} INFO - [2026-08-06T04:51:42.207+0000] {dagbag.py:588} INFO - Filling up the DagBag from /home/airflow/.local/lib/python3.12/site-packages/airflow/example_dags/example_setup_teardown.py
[2026-08-06T04:51:42.218+0000] {processor.py:925} INFO - DAG(s) 'example_setup_teardown' retrieved from /home/airflow/.local/lib/python3.12/site-packages/airflow/example_dags/example_setup_teardown.py
[2026-08-06T04:51:42.247+0000] {logging_mixin.py:190} INFO - [2026-08-06T04:51:42.247+0000] {dag.py:3239} INFO - Sync 1 DAGs
[2026-08-06T04:51:42.268+0000] {logging_mixin.py:190} INFO - [2026-08-06T04:51:42.267+0000] {dag.py:4180} INFO - Setting next_dagrun for example_setup_teardown to None, run_after=None
[2026-08-06T04:51:42.325+0000] {processor.py:208} INFO - Processing /home/airflow/.local/lib/python3.12/site-packages/airflow/example_dags/example_setup_teardown.py took 0.133 seconds
[2026-08-06T04:52:12.643+0000] {processor.py:186} INFO - Started process (PID=780) to work on /home/airflow/.local/lib/python3.12/site-packages/airflow/example_dags/example_setup_teardown.py
[2026-08-06T04:52:12.644+0000] {processor.py:914} INFO - Processing file /home/airflow/.local/lib/python3.12/site-packages/airflow/example_dags/example_setup_teardown.py for tasks to queue
[2026-08-06T04:52:12.648+0000] {logging_mixin.py:190} INFO - [2026-08-06T04:52:12.648+0000] {dagbag.py:588} INFO - Filling up the DagBag from /home/airflow/.local/lib/python3.12/site-packages/airflow/example_dags/example_setup_teardown.py
[2026-08-06T04:52:12.661+0000] {processor.py:925} INFO - DAG(s) 'example_setup_teardown' retrieved from /home/airflow/.local/lib/python3.12/site-packages/airflow/example_dags/example_setup_teardown.py
[2026-08-06T04:52:12.696+0000] {logging_mixin.py:190} INFO - [2026-08-06T04:52:12.695+0000] {dag.py:3239} INFO - Sync 1 DAGs
[2026-08-06T04:52:12.722+0000] {logging_mixin.py:190} INFO - [2026-08-06T04:52:12.722+0000] {dag.py:4180} INFO - Setting next_dagrun for example_setup_teardown to None, run_after=None
[2026-08-06T04:52:12.770+0000] {processor.py:208} INFO - Processing /home/airflow/.local/lib/python3.12/site-packages/airflow/example_dags/example_setup_teardown.py took 0.139 seconds
[2026-08-06T04:52:43.009+0000] {processor.py:186} INFO - Started process (PID=844) to work on /home/airflow/.local/lib/python3.12/site-packages/airflow/example_dags/example_setup_teardown.py
[2026-08-06T04:52:43.011+0000] {processor.py:914} INFO - Processing file /home/airflow/.local/lib/python3.12/site-packages/airflow/example_dags/example_setup_teardown.py for tasks to queue
[2026-08-06T04:52:43.018+0000] {logging_mixin.py:190} INFO - [2026-08-06T04:52:43.017+0000] {dagbag.py:588} INFO - Filling up the DagBag from /home/airflow/.local/lib/python3.12/site-packages/airflow/example_dags/example_setup_teardown.py
[2026-08-06T04:52:43.039+0000] {processor.py:925} INFO - DAG(s) 'example_setup_teardown' retrieved from /home/airflow/.local/lib/python3.12/site-packages/airflow/example_dags/example_setup_teardown.py
[2026-08-06T04:52:43.077+0000] {logging_mixin.py:190} INFO - [2026-08-06T04:52:43.077+0000] {dag.py:3239} INFO - Sync 1 DAGs
[2026-08-06T04:52:43.105+0000] {logging_mixin.py:190} INFO - [2026-08-06T04:52:43.104+0000] {dag.py:4180} INFO - Setting next_dagrun for example_setup_teardown to None, run_after=None
[2026-08-06T04:52:43.166+0000] {processor.py:208} INFO - Processing /home/airflow/.local/lib/python3.12/site-packages/airflow/example_dags/example_setup_teardown.py took 0.167 seconds
[2026-08-06T05:30:17.497+0000] {processor.py:186} INFO - Started process (PID=90) to work on /home/airflow/.local/lib/python3.12/site-packages/airflow/example_dags/example_setup_teardown.py
[2026-08-06T05:30:17.510+0000] {processor.py:914} INFO - Processing file /home/airflow/.local/lib/python3.12/site-packages/airflow/example_dags/example_setup_teardown.py for tasks to queue
[2026-08-06T05:30:17.516+0000] {logging_mixin.py:190} INFO - [2026-08-06T05:30:17.515+0000] {dagbag.py:588} INFO - Filling up the DagBag from /home/airflow/.local/lib/python3.12/site-packages/airflow/example_dags/example_setup_teardown.py
[2026-08-06T05:30:17.541+0000] {processor.py:925} INFO - DAG(s) 'example_setup_teardown' retrieved from /home/airflow/.local/lib/python3.12/site-packages/airflow/example_dags/example_setup_teardown.py
[2026-08-06T05:30:17.641+0000] {logging_mixin.py:190} INFO - [2026-08-06T05:30:17.641+0000] {dag.py:3239} INFO - Sync 1 DAGs
[2026-08-06T05:30:17.682+0000] {logging_mixin.py:190} INFO - [2026-08-06T05:30:17.682+0000] {dag.py:4180} INFO - Setting next_dagrun for example_setup_teardown to None, run_after=None
[2026-08-06T05:30:17.751+0000] {processor.py:208} INFO - Processing /home/airflow/.local/lib/python3.12/site-packages/airflow/example_dags/example_setup_teardown.py took 0.271 seconds
[2026-08-06T05:30:47.872+0000] {processor.py:186} INFO - Started process (PID=152) to work on /home/airflow/.local/lib/python3.12/site-packages/airflow/example_dags/example_setup_teardown.py
[2026-08-06T05:30:47.873+0000] {processor.py:914} INFO - Processing file /home/airflow/.local/lib/python3.12/site-packages/airflow/example_dags/example_setup_teardown.py for tasks to queue
[2026-08-06T05:30:47.876+0000] {logging_mixin.py:190} INFO - [2026-08-06T05:30:47.876+0000] {dagbag.py:588} INFO - Filling up the DagBag from /home/airflow/.local/lib/python3.12/site-packages/airflow/example_dags/example_setup_teardown.py
[2026-08-06T05:30:47.886+0000] {processor.py:925} INFO - DAG(s) 'example_setup_teardown' retrieved from /home/airflow/.local/lib/python3.12/site-packages/airflow/example_dags/example_setup_teardown.py
[2026-08-06T05:30:47.910+0000] {logging_mixin.py:190} INFO - [2026-08-06T05:30:47.910+0000] {dag.py:3239} INFO - Sync 1 DAGs
[2026-08-06T05:30:47.934+0000] {logging_mixin.py:190} INFO - [2026-08-06T05:30:47.933+0000] {dag.py:4180} INFO - Setting next_dagrun for example_setup_teardown to None, run_after=None
[2026-08-06T05:30:47.963+0000] {processor.py:208} INFO - Processing /home/airflow/.local/lib/python3.12/site-packages/airflow/example_dags/example_setup_teardown.py took 0.098 seconds
[2026-08-06T05:33:11.551+0000] {processor.py:186} INFO - Started process (PID=84) to work on /home/airflow/.local/lib/python3.12/site-packages/airflow/example_dags/example_setup_teardown.py
[2026-08-06T05:33:11.554+0000] {processor.py:914} INFO - Processing file /home/airflow/.local/lib/python3.12/site-packages/airflow/example_dags/example_setup_teardown.py for tasks to queue
[2026-08-06T05:33:11.561+0000] {logging_mixin.py:190} INFO - [2026-08-06T05:33:11.560+0000] {dagbag.py:588} INFO - Filling up the DagBag from /home/airflow/.local/lib/python3.12/site-packages/airflow/example_dags/example_setup_teardown.py
[2026-08-06T05:33:11.580+0000] {processor.py:925} INFO - DAG(s) 'example_setup_teardown' retrieved from /home/airflow/.local/lib/python3.12/site-packages/airflow/example_dags/example_setup_teardown.py
[2026-08-06T05:33:11.634+0000] {logging_mixin.py:190} INFO - [2026-08-06T05:33:11.633+0000] {dag.py:3239} INFO - Sync 1 DAGs
[2026-08-06T05:33:11.674+0000] {logging_mixin.py:190} INFO - [2026-08-06T05:33:11.674+0000] {dag.py:4180} INFO - Setting next_dagrun for example_setup_teardown to None, run_after=None
[2026-08-06T05:33:11.758+0000] {processor.py:208} INFO - Processing /home/airflow/.local/lib/python3.12/site-packages/airflow/example_dags/example_setup_teardown.py took 0.220 seconds
[2026-08-06T05:33:42.067+0000] {processor.py:186} INFO - Started process (PID=146) to work on /home/airflow/.local/lib/python3.12/site-packages/airflow/example_dags/example_setup_teardown.py
[2026-08-06T05:33:42.069+0000] {processor.py:914} INFO - Processing file /home/airflow/.local/lib/python3.12/site-packages/airflow/example_dags/example_setup_teardown.py for tasks to queue
[2026-08-06T05:33:42.072+0000] {logging_mixin.py:190} INFO - [2026-08-06T05:33:42.072+0000] {dagbag.py:588} INFO - Filling up the DagBag from /home/airflow/.local/lib/python3.12/site-packages/airflow/example_dags/example_setup_teardown.py
[2026-08-06T05:33:42.085+0000] {processor.py:925} INFO - DAG(s) 'example_setup_teardown' retrieved from /home/airflow/.local/lib/python3.12/site-packages/airflow/example_dags/example_setup_teardown.py
[2026-08-06T05:33:42.117+0000] {logging_mixin.py:190} INFO - [2026-08-06T05:33:42.116+0000] {dag.py:3239} INFO - Sync 1 DAGs
[2026-08-06T05:33:42.139+0000] {logging_mixin.py:190} INFO - [2026-08-06T05:33:42.138+0000] {dag.py:4180} INFO - Setting next_dagrun for example_setup_teardown to None, run_after=None
[2026-08-06T05:33:42.222+0000] {processor.py:208} INFO - Processing /home/airflow/.local/lib/python3.12/site-packages/airflow/example_dags/example_setup_teardown.py took 0.163 seconds
[2026-08-06T05:34:13.098+0000] {processor.py:186} INFO - Started process (PID=209) to work on /home/airflow/.local/lib/python3.12/site-packages/airflow/example_dags/example_setup_teardown.py
[2026-08-06T05:34:13.100+0000] {processor.py:914} INFO - Processing file /home/airflow/.local/lib/python3.12/site-packages/airflow/example_dags/example_setup_teardown.py for tasks to queue
[2026-08-06T05:34:13.104+0000] {logging_mixin.py:190} INFO - [2026-08-06T05:34:13.103+0000] {dagbag.py:588} INFO - Filling up the DagBag from /home/airflow/.local/lib/python3.12/site-packages/airflow/example_dags/example_setup_teardown.py
[2026-08-06T05:34:13.118+0000] {processor.py:925} INFO - DAG(s) 'example_setup_teardown' retrieved from /home/airflow/.local/lib/python3.12/site-packages/airflow/example_dags/example_setup_teardown.py
[2026-08-06T05:34:13.160+0000] {logging_mixin.py:190} INFO - [2026-08-06T05:34:13.160+0000] {dag.py:3239} INFO - Sync 1 DAGs
[2026-08-06T05:34:13.193+0000] {logging_mixin.py:190} INFO - [2026-08-06T05:34:13.192+0000] {dag.py:4180} INFO - Setting next_dagrun for example_setup_teardown to None, run_after=None
[2026-08-06T05:34:13.235+0000] {processor.py:208} INFO - Processing /home/airflow/.local/lib/python3.12/site-packages/airflow/example_dags/example_setup_teardown.py took 0.147 seconds
[2026-08-06T05:34:43.771+0000] {processor.py:186} INFO - Started process (PID=271) to work on /home/airflow/.local/lib/python3.12/site-packages/airflow/example_dags/example_setup_teardown.py
[2026-08-06T05:34:43.772+0000] {processor.py:914} INFO - Processing file /home/airflow/.local/lib/python3.12/site-packages/airflow/example_dags/example_setup_teardown.py for tasks to queue
[2026-08-06T05:34:43.776+0000] {logging_mixin.py:190} INFO - [2026-08-06T05:34:43.775+0000] {dagbag.py:588} INFO - Filling up the DagBag from /home/airflow/.local/lib/python3.12/site-packages/airflow/example_dags/example_setup_teardown.py
[2026-08-06T05:34:43.788+0000] {processor.py:925} INFO - DAG(s) 'example_setup_teardown' retrieved from /home/airflow/.local/lib/python3.12/site-packages/airflow/example_dags/example_setup_teardown.py
[2026-08-06T05:34:43.814+0000] {logging_mixin.py:190} INFO - [2026-08-06T05:34:43.814+0000] {dag.py:3239} INFO - Sync 1 DAGs
[2026-08-06T05:34:43.834+0000] {logging_mixin.py:190} INFO - [2026-08-06T05:34:43.834+0000] {dag.py:4180} INFO - Setting next_dagrun for example_setup_teardown to None, run_after=None
[2026-08-06T05:34:43.878+0000] {processor.py:208} INFO - Processing /home/airflow/.local/lib/python3.12/site-packages/airflow/example_dags/example_setup_teardown.py took 0.115 seconds
[2026-08-06T05:35:15.583+0000] {processor.py:186} INFO - Started process (PID=334) to work on /home/airflow/.local/lib/python3.12/site-packages/airflow/example_dags/example_setup_teardown.py
[2026-08-06T05:35:15.585+0000] {processor.py:914} INFO - Processing file /home/airflow/.local/lib/python3.12/site-packages/airflow/example_dags/example_setup_teardown.py for tasks to queue
[2026-08-06T05:35:15.592+0000] {logging_mixin.py:190} INFO - [2026-08-06T05:35:15.591+0000] {dagbag.py:588} INFO - Filling up the DagBag from /home/airflow/.local/lib/python3.12/site-packages/airflow/example_dags/example_setup_teardown.py
[2026-08-06T05:35:15.606+0000] {processor.py:925} INFO - DAG(s) 'example_setup_teardown' retrieved from /home/airflow/.local/lib/python3.12/site-packages/airflow/example_dags/example_setup_teardown.py
[2026-08-06T05:35:15.649+0000] {logging_mixin.py:190} INFO - [2026-08-06T05:35:15.648+0000] {dag.py:3239} INFO - Sync 1 DAGs
[2026-08-06T05:35:15.677+0000] {logging_mixin.py:190} INFO - [2026-08-06T05:35:15.677+0000] {dag.py:4180} INFO - Setting next_dagrun for example_setup_teardown to None, run_after=None
[2026-08-06T05:35:15.756+0000] {processor.py:208} INFO - Processing /home/airflow/.local/lib/python3.12/site-packages/airflow/example_dags/example_setup_teardown.py took 0.184 seconds
[2026-08-06T05:37:00.545+0000] {processor.py:186} INFO - Started process (PID=90) to work on /home/airflow/.local/lib/python3.12/site-packages/airflow/example_dags/example_setup_teardown.py
[2026-08-06T05:37:00.547+0000] {processor.py:914} INFO - Processing file /home/airflow/.local/lib/python3.12/site-packages/airflow/example_dags/example_setup_teardown.py for tasks to queue
[2026-08-06T05:37:00.551+0000] {logging_mixin.py:190} INFO - [2026-08-06T05:37:00.550+0000] {dagbag.py:588} INFO - Filling up the DagBag from /home/airflow/.local/lib/python3.12/site-packages/airflow/example_dags/example_setup_teardown.py
[2026-08-06T05:37:00.568+0000] {processor.py:925} INFO - DAG(s) 'example_setup_teardown' retrieved from /home/airflow/.local/lib/python3.12/site-packages/airflow/example_dags/example_setup_teardown.py
[2026-08-06T05:37:00.607+0000] {logging_mixin.py:190} INFO - [2026-08-06T05:37:00.606+0000] {dag.py:3239} INFO - Sync 1 DAGs
[2026-08-06T05:37:00.628+0000] {logging_mixin.py:190} INFO - [2026-08-06T05:37:00.628+0000] {dag.py:4180} INFO - Setting next_dagrun for example_setup_teardown to None, run_after=None
[2026-08-06T05:37:00.662+0000] {processor.py:208} INFO - Processing /home/airflow/.local/lib/python3.12/site-packages/airflow/example_dags/example_setup_teardown.py took 0.126 seconds
[2026-08-06T05:37:31.443+0000] {processor.py:186} INFO - Started process (PID=154) to work on /home/airflow/.local/lib/python3.12/site-packages/airflow/example_dags/example_setup_teardown.py
[2026-08-06T05:37:31.445+0000] {processor.py:914} INFO - Processing file /home/airflow/.local/lib/python3.12/site-packages/airflow/example_dags/example_setup_teardown.py for tasks to queue
[2026-08-06T05:37:31.450+0000] {logging_mixin.py:190} INFO - [2026-08-06T05:37:31.449+0000] {dagbag.py:588} INFO - Filling up the DagBag from /home/airflow/.local/lib/python3.12/site-packages/airflow/example_dags/example_setup_teardown.py
[2026-08-06T05:37:31.463+0000] {processor.py:925} INFO - DAG(s) 'example_setup_teardown' retrieved from /home/airflow/.local/lib/python3.12/site-packages/airflow/example_dags/example_setup_teardown.py
[2026-08-06T05:37:31.503+0000] {logging_mixin.py:190} INFO - [2026-08-06T05:37:31.502+0000] {dag.py:3239} INFO - Sync 1 DAGs
[2026-08-06T05:37:31.528+0000] {logging_mixin.py:190} INFO - [2026-08-06T05:37:31.528+0000] {dag.py:4180} INFO - Setting next_dagrun for example_setup_teardown to None, run_after=None
[2026-08-06T05:37:31.582+0000] {processor.py:208} INFO - Processing /home/airflow/.local/lib/python3.12/site-packages/airflow/example_dags/example_setup_teardown.py took 0.147 seconds
[2026-08-06T05:38:02.547+0000] {processor.py:186} INFO - Started process (PID=218) to work on /home/airflow/.local/lib/python3.12/site-packages/airflow/example_dags/example_setup_teardown.py
[2026-08-06T05:38:02.549+0000] {processor.py:914} INFO - Processing file /home/airflow/.local/lib/python3.12/site-packages/airflow/example_dags/example_setup_teardown.py for tasks to queue
[2026-08-06T05:38:02.552+0000] {logging_mixin.py:190} INFO - [2026-08-06T05:38:02.552+0000] {dagbag.py:588} INFO - Filling up the DagBag from /home/airflow/.local/lib/python3.12/site-packages/airflow/example_dags/example_setup_teardown.py
[2026-08-06T05:38:02.565+0000] {processor.py:925} INFO - DAG(s) 'example_setup_teardown' retrieved from /home/airflow/.local/lib/python3.12/site-packages/airflow/example_dags/example_setup_teardown.py
[2026-08-06T05:38:02.591+0000] {logging_mixin.py:190} INFO - [2026-08-06T05:38:02.591+0000] {dag.py:3239} INFO - Sync 1 DAGs
[2026-08-06T05:38:02.609+0000] {logging_mixin.py:190} INFO - [2026-08-06T05:38:02.609+0000] {dag.py:4180} INFO - Setting next_dagrun for example_setup_teardown to None, run_after=None
[2026-08-06T05:38:02.639+0000] {processor.py:208} INFO - Processing /home/airflow/.local/lib/python3.12/site-packages/airflow/example_dags/example_setup_teardown.py took 0.098 seconds
[2026-08-06T05:38:35.868+0000] {processor.py:186} INFO - Started process (PID=289) to work on /home/airflow/.local/lib/python3.12/site-packages/airflow/example_dags/example_setup_teardown.py
[2026-08-06T05:38:35.871+0000] {processor.py:914} INFO - Processing file /home/airflow/.local/lib/python3.12/site-packages/airflow/example_dags/example_setup_teardown.py for tasks to queue
[2026-08-06T05:38:35.886+0000] {logging_mixin.py:190} INFO - [2026-08-06T05:38:35.885+0000] {dagbag.py:588} INFO - Filling up the DagBag from /home/airflow/.local/lib/python3.12/site-packages/airflow/example_dags/example_setup_teardown.py
[2026-08-06T05:38:35.918+0000] {processor.py:925} INFO - DAG(s) 'example_setup_teardown' retrieved from /home/airflow/.local/lib/python3.12/site-packages/airflow/example_dags/example_setup_teardown.py
[2026-08-06T05:38:35.997+0000] {logging_mixin.py:190} INFO - [2026-08-06T05:38:35.996+0000] {dag.py:3239} INFO - Sync 1 DAGs
[2026-08-06T05:38:36.045+0000] {logging_mixin.py:190} INFO - [2026-08-06T05:38:36.044+0000] {dag.py:4180} INFO - Setting next_dagrun for example_setup_teardown to None, run_after=None
[2026-08-06T05:38:36.102+0000] {processor.py:208} INFO - Processing /home/airflow/.local/lib/python3.12/site-packages/airflow/example_dags/example_setup_teardown.py took 0.256 seconds
[2026-08-06T05:39:07.451+0000] {processor.py:186} INFO - Started process (PID=361) to work on /home/airflow/.local/lib/python3.12/site-packages/airflow/example_dags/example_setup_teardown.py
[2026-08-06T05:39:07.453+0000] {processor.py:914} INFO - Processing file /home/airflow/.local/lib/python3.12/site-packages/airflow/example_dags/example_setup_teardown.py for tasks to queue
[2026-08-06T05:39:07.456+0000] {logging_mixin.py:190} INFO - [2026-08-06T05:39:07.456+0000] {dagbag.py:588} INFO - Filling up the DagBag from /home/airflow/.local/lib/python3.12/site-packages/airflow/example_dags/example_setup_teardown.py
[2026-08-06T05:39:07.472+0000] {processor.py:925} INFO - DAG(s) 'example_setup_teardown' retrieved from /home/airflow/.local/lib/python3.12/site-packages/airflow/example_dags/example_setup_teardown.py
[2026-08-06T05:39:07.501+0000] {logging_mixin.py:190} INFO - [2026-08-06T05:39:07.501+0000] {dag.py:3239} INFO - Sync 1 DAGs
[2026-08-06T05:39:07.521+0000] {logging_mixin.py:190} INFO - [2026-08-06T05:39:07.521+0000] {dag.py:4180} INFO - Setting next_dagrun for example_setup_teardown to None, run_after=None
[2026-08-06T05:39:07.581+0000] {processor.py:208} INFO - Processing /home/airflow/.local/lib/python3.12/site-packages/airflow/example_dags/example_setup_teardown.py took 0.138 seconds
[2026-08-06T05:39:40.702+0000] {processor.py:186} INFO - Started process (PID=425) to work on /home/airflow/.local/lib/python3.12/site-packages/airflow/example_dags/example_setup_teardown.py
[2026-08-06T05:39:40.798+0000] {processor.py:914} INFO - Processing file /home/airflow/.local/lib/python3.12/site-packages/airflow/example_dags/example_setup_teardown.py for tasks to queue
[2026-08-06T05:39:40.821+0000] {logging_mixin.py:190} INFO - [2026-08-06T05:39:40.820+0000] {dagbag.py:588} INFO - Filling up the DagBag from /home/airflow/.local/lib/python3.12/site-packages/airflow/example_dags/example_setup_teardown.py
[2026-08-06T05:39:40.954+0000] {processor.py:925} INFO - DAG(s) 'example_setup_teardown' retrieved from /home/airflow/.local/lib/python3.12/site-packages/airflow/example_dags/example_setup_teardown.py
[2026-08-06T05:39:41.090+0000] {logging_mixin.py:190} INFO - [2026-08-06T05:39:41.090+0000] {dag.py:3239} INFO - Sync 1 DAGs
[2026-08-06T05:39:41.378+0000] {logging_mixin.py:190} INFO - [2026-08-06T05:39:41.378+0000] {dag.py:4180} INFO - Setting next_dagrun for example_setup_teardown to None, run_after=None
[2026-08-06T05:39:41.548+0000] {processor.py:208} INFO - Processing /home/airflow/.local/lib/python3.12/site-packages/airflow/example_dags/example_setup_teardown.py took 0.875 seconds
[2026-08-06T05:40:12.187+0000] {processor.py:186} INFO - Started process (PID=489) to work on /home/airflow/.local/lib/python3.12/site-packages/airflow/example_dags/example_setup_teardown.py
[2026-08-06T05:40:12.189+0000] {processor.py:914} INFO - Processing file /home/airflow/.local/lib/python3.12/site-packages/airflow/example_dags/example_setup_teardown.py for tasks to queue
[2026-08-06T05:40:12.193+0000] {logging_mixin.py:190} INFO - [2026-08-06T05:40:12.193+0000] {dagbag.py:588} INFO - Filling up the DagBag from /home/airflow/.local/lib/python3.12/site-packages/airflow/example_dags/example_setup_teardown.py
[2026-08-06T05:40:12.207+0000] {processor.py:925} INFO - DAG(s) 'example_setup_teardown' retrieved from /home/airflow/.local/lib/python3.12/site-packages/airflow/example_dags/example_setup_teardown.py
[2026-08-06T05:40:12.241+0000] {logging_mixin.py:190} INFO - [2026-08-06T05:40:12.241+0000] {dag.py:3239} INFO - Sync 1 DAGs
[2026-08-06T05:40:12.268+0000] {logging_mixin.py:190} INFO - [2026-08-06T05:40:12.268+0000] {dag.py:4180} INFO - Setting next_dagrun for example_setup_teardown to None, run_after=None
[2026-08-06T05:40:12.352+0000] {processor.py:208} INFO - Processing /home/airflow/.local/lib/python3.12/site-packages/airflow/example_dags/example_setup_teardown.py took 0.173 seconds
[2026-08-06T05:40:43.383+0000] {processor.py:186} INFO - Started process (PID=553) to work on /home/airflow/.local/lib/python3.12/site-packages/airflow/example_dags/example_setup_teardown.py
[2026-08-06T05:40:43.400+0000] {processor.py:914} INFO - Processing file /home/airflow/.local/lib/python3.12/site-packages/airflow/example_dags/example_setup_teardown.py for tasks to queue
[2026-08-06T05:40:43.417+0000] {logging_mixin.py:190} INFO - [2026-08-06T05:40:43.416+0000] {dagbag.py:588} INFO - Filling up the DagBag from /home/airflow/.local/lib/python3.12/site-packages/airflow/example_dags/example_setup_teardown.py
[2026-08-06T05:40:43.435+0000] {processor.py:925} INFO - DAG(s) 'example_setup_teardown' retrieved from /home/airflow/.local/lib/python3.12/site-packages/airflow/example_dags/example_setup_teardown.py
[2026-08-06T05:40:43.484+0000] {logging_mixin.py:190} INFO - [2026-08-06T05:40:43.483+0000] {dag.py:3239} INFO - Sync 1 DAGs
[2026-08-06T05:40:43.512+0000] {logging_mixin.py:190} INFO - [2026-08-06T05:40:43.512+0000] {dag.py:4180} INFO - Setting next_dagrun for example_setup_teardown to None, run_after=None
[2026-08-06T05:40:43.556+0000] {processor.py:208} INFO - Processing /home/airflow/.local/lib/python3.12/site-packages/airflow/example_dags/example_setup_teardown.py took 0.185 seconds
[2026-08-06T05:41:13.702+0000] {processor.py:186} INFO - Started process (PID=616) to work on /home/airflow/.local/lib/python3.12/site-packages/airflow/example_dags/example_setup_teardown.py
[2026-08-06T05:41:13.704+0000] {processor.py:914} INFO - Processing file /home/airflow/.local/lib/python3.12/site-packages/airflow/example_dags/example_setup_teardown.py for tasks to queue
[2026-08-06T05:41:13.709+0000] {logging_mixin.py:190} INFO - [2026-08-06T05:41:13.708+0000] {dagbag.py:588} INFO - Filling up the DagBag from /home/airflow/.local/lib/python3.12/site-packages/airflow/example_dags/example_setup_teardown.py
[2026-08-06T05:41:13.723+0000] {processor.py:925} INFO - DAG(s) 'example_setup_teardown' retrieved from /home/airflow/.local/lib/python3.12/site-packages/airflow/example_dags/example_setup_teardown.py
[2026-08-06T05:41:13.761+0000] {logging_mixin.py:190} INFO - [2026-08-06T05:41:13.761+0000] {dag.py:3239} INFO - Sync 1 DAGs
[2026-08-06T05:41:13.789+0000] {logging_mixin.py:190} INFO - [2026-08-06T05:41:13.789+0000] {dag.py:4180} INFO - Setting next_dagrun for example_setup_teardown to None, run_after=None
[2026-08-06T05:41:13.832+0000] {processor.py:208} INFO - Processing /home/airflow/.local/lib/python3.12/site-packages/airflow/example_dags/example_setup_teardown.py took 0.139 seconds
[2026-08-06T05:41:45.982+0000] {processor.py:186} INFO - Started process (PID=681) to work on /home/airflow/.local/lib/python3.12/site-packages/airflow/example_dags/example_setup_teardown.py
[2026-08-06T05:41:45.986+0000] {processor.py:914} INFO - Processing file /home/airflow/.local/lib/python3.12/site-packages/airflow/example_dags/example_setup_teardown.py for tasks to queue
[2026-08-06T05:41:45.991+0000] {logging_mixin.py:190} INFO - [2026-08-06T05:41:45.991+0000] {dagbag.py:588} INFO - Filling up the DagBag from /home/airflow/.local/lib/python3.12/site-packages/airflow/example_dags/example_setup_teardown.py
[2026-08-06T05:41:46.015+0000] {processor.py:925} INFO - DAG(s) 'example_setup_teardown' retrieved from /home/airflow/.local/lib/python3.12/site-packages/airflow/example_dags/example_setup_teardown.py
[2026-08-06T05:41:46.053+0000] {logging_mixin.py:190} INFO - [2026-08-06T05:41:46.052+0000] {dag.py:3239} INFO - Sync 1 DAGs
[2026-08-06T05:41:46.091+0000] {logging_mixin.py:190} INFO - [2026-08-06T05:41:46.090+0000] {dag.py:4180} INFO - Setting next_dagrun for example_setup_teardown to None, run_after=None
[2026-08-06T05:41:46.161+0000] {processor.py:208} INFO - Processing /home/airflow/.local/lib/python3.12/site-packages/airflow/example_dags/example_setup_teardown.py took 0.190 seconds
[2026-08-06T05:42:18.104+0000] {processor.py:186} INFO - Started process (PID=745) to work on /home/airflow/.local/lib/python3.12/site-packages/airflow/example_dags/example_setup_teardown.py
[2026-08-06T05:42:18.105+0000] {processor.py:914} INFO - Processing file /home/airflow/.local/lib/python3.12/site-packages/airflow/example_dags/example_setup_teardown.py for tasks to queue
[2026-08-06T05:42:18.112+0000] {logging_mixin.py:190} INFO - [2026-08-06T05:42:18.110+0000] {dagbag.py:588} INFO - Filling up the DagBag from /home/airflow/.local/lib/python3.12/site-packages/airflow/example_dags/example_setup_teardown.py
[2026-08-06T05:42:18.124+0000] {processor.py:925} INFO - DAG(s) 'example_setup_teardown' retrieved from /home/airflow/.local/lib/python3.12/site-packages/airflow/example_dags/example_setup_teardown.py
[2026-08-06T05:42:18.164+0000] {logging_mixin.py:190} INFO - [2026-08-06T05:42:18.163+0000] {dag.py:3239} INFO - Sync 1 DAGs
[2026-08-06T05:42:18.189+0000] {logging_mixin.py:190} INFO - [2026-08-06T05:42:18.188+0000] {dag.py:4180} INFO - Setting next_dagrun for example_setup_teardown to None, run_after=None
[2026-08-06T05:42:18.263+0000] {processor.py:208} INFO - Processing /home/airflow/.local/lib/python3.12/site-packages/airflow/example_dags/example_setup_teardown.py took 0.168 seconds
[2026-08-06T05:42:50.624+0000] {processor.py:186} INFO - Started process (PID=809) to work on /home/airflow/.local/lib/python3.12/site-packages/airflow/example_dags/example_setup_teardown.py
[2026-08-06T05:42:50.654+0000] {processor.py:914} INFO - Processing file /home/airflow/.local/lib/python3.12/site-packages/airflow/example_dags/example_setup_teardown.py for tasks to queue
[2026-08-06T05:42:50.676+0000] {logging_mixin.py:190} INFO - [2026-08-06T05:42:50.675+0000] {dagbag.py:588} INFO - Filling up the DagBag from /home/airflow/.local/lib/python3.12/site-packages/airflow/example_dags/example_setup_teardown.py
[2026-08-06T05:42:50.706+0000] {processor.py:925} INFO - DAG(s) 'example_setup_teardown' retrieved from /home/airflow/.local/lib/python3.12/site-packages/airflow/example_dags/example_setup_teardown.py
[2026-08-06T05:42:50.836+0000] {logging_mixin.py:190} INFO - [2026-08-06T05:42:50.835+0000] {dag.py:3239} INFO - Sync 1 DAGs
[2026-08-06T05:42:50.954+0000] {logging_mixin.py:190} INFO - [2026-08-06T05:42:50.953+0000] {dag.py:4180} INFO - Setting next_dagrun for example_setup_teardown to None, run_after=None
[2026-08-06T05:42:51.115+0000] {processor.py:208} INFO - Processing /home/airflow/.local/lib/python3.12/site-packages/airflow/example_dags/example_setup_teardown.py took 0.502 seconds
[2026-08-06T05:43:21.345+0000] {processor.py:186} INFO - Started process (PID=873) to work on /home/airflow/.local/lib/python3.12/site-packages/airflow/example_dags/example_setup_teardown.py
[2026-08-06T05:43:21.347+0000] {processor.py:914} INFO - Processing file /home/airflow/.local/lib/python3.12/site-packages/airflow/example_dags/example_setup_teardown.py for tasks to queue
[2026-08-06T05:43:21.352+0000] {logging_mixin.py:190} INFO - [2026-08-06T05:43:21.351+0000] {dagbag.py:588} INFO - Filling up the DagBag from /home/airflow/.local/lib/python3.12/site-packages/airflow/example_dags/example_setup_teardown.py
[2026-08-06T05:43:21.365+0000] {processor.py:925} INFO - DAG(s) 'example_setup_teardown' retrieved from /home/airflow/.local/lib/python3.12/site-packages/airflow/example_dags/example_setup_teardown.py
[2026-08-06T05:43:21.402+0000] {logging_mixin.py:190} INFO - [2026-08-06T05:43:21.401+0000] {dag.py:3239} INFO - Sync 1 DAGs
[2026-08-06T05:43:21.425+0000] {logging_mixin.py:190} INFO - [2026-08-06T05:43:21.425+0000] {dag.py:4180} INFO - Setting next_dagrun for example_setup_teardown to None, run_after=None
[2026-08-06T05:43:21.511+0000] {processor.py:208} INFO - Processing /home/airflow/.local/lib/python3.12/site-packages/airflow/example_dags/example_setup_teardown.py took 0.175 seconds
[2026-08-06T05:43:53.779+0000] {processor.py:186} INFO - Started process (PID=958) to work on /home/airflow/.local/lib/python3.12/site-packages/airflow/example_dags/example_setup_teardown.py
[2026-08-06T05:43:53.782+0000] {processor.py:914} INFO - Processing file /home/airflow/.local/lib/python3.12/site-packages/airflow/example_dags/example_setup_teardown.py for tasks to queue
[2026-08-06T05:43:53.791+0000] {logging_mixin.py:190} INFO - [2026-08-06T05:43:53.790+0000] {dagbag.py:588} INFO - Filling up the DagBag from /home/airflow/.local/lib/python3.12/site-packages/airflow/example_dags/example_setup_teardown.py
[2026-08-06T05:43:53.816+0000] {processor.py:925} INFO - DAG(s) 'example_setup_teardown' retrieved from /home/airflow/.local/lib/python3.12/site-packages/airflow/example_dags/example_setup_teardown.py
[2026-08-06T05:43:53.875+0000] {logging_mixin.py:190} INFO - [2026-08-06T05:43:53.874+0000] {dag.py:3239} INFO - Sync 1 DAGs
[2026-08-06T05:43:53.926+0000] {logging_mixin.py:190} INFO - [2026-08-06T05:43:53.925+0000] {dag.py:4180} INFO - Setting next_dagrun for example_setup_teardown to None, run_after=None
[2026-08-06T05:43:53.989+0000] {processor.py:208} INFO - Processing /home/airflow/.local/lib/python3.12/site-packages/airflow/example_dags/example_setup_teardown.py took 0.226 seconds
[2026-08-06T05:44:25.869+0000] {processor.py:186} INFO - Started process (PID=1022) to work on /home/airflow/.local/lib/python3.12/site-packages/airflow/example_dags/example_setup_teardown.py
[2026-08-06T05:44:25.871+0000] {processor.py:914} INFO - Processing file /home/airflow/.local/lib/python3.12/site-packages/airflow/example_dags/example_setup_teardown.py for tasks to queue
[2026-08-06T05:44:25.875+0000] {logging_mixin.py:190} INFO - [2026-08-06T05:44:25.875+0000] {dagbag.py:588} INFO - Filling up the DagBag from /home/airflow/.local/lib/python3.12/site-packages/airflow/example_dags/example_setup_teardown.py
[2026-08-06T05:44:25.891+0000] {processor.py:925} INFO - DAG(s) 'example_setup_teardown' retrieved from /home/airflow/.local/lib/python3.12/site-packages/airflow/example_dags/example_setup_teardown.py
[2026-08-06T05:44:25.940+0000] {logging_mixin.py:190} INFO - [2026-08-06T05:44:25.940+0000] {dag.py:3239} INFO - Sync 1 DAGs
[2026-08-06T05:44:25.973+0000] {logging_mixin.py:190} INFO - [2026-08-06T05:44:25.972+0000] {dag.py:4180} INFO - Setting next_dagrun for example_setup_teardown to None, run_after=None
[2026-08-06T05:44:26.027+0000] {processor.py:208} INFO - Processing /home/airflow/.local/lib/python3.12/site-packages/airflow/example_dags/example_setup_teardown.py took 0.168 seconds
[2026-08-06T05:44:56.876+0000] {processor.py:186} INFO - Started process (PID=1085) to work on /home/airflow/.local/lib/python3.12/site-packages/airflow/example_dags/example_setup_teardown.py
[2026-08-06T05:44:56.879+0000] {processor.py:914} INFO - Processing file /home/airflow/.local/lib/python3.12/site-packages/airflow/example_dags/example_setup_teardown.py for tasks to queue
[2026-08-06T05:44:56.885+0000] {logging_mixin.py:190} INFO - [2026-08-06T05:44:56.884+0000] {dagbag.py:588} INFO - Filling up the DagBag from /home/airflow/.local/lib/python3.12/site-packages/airflow/example_dags/example_setup_teardown.py
[2026-08-06T05:44:56.906+0000] {processor.py:925} INFO - DAG(s) 'example_setup_teardown' retrieved from /home/airflow/.local/lib/python3.12/site-packages/airflow/example_dags/example_setup_teardown.py
[2026-08-06T05:44:56.962+0000] {logging_mixin.py:190} INFO - [2026-08-06T05:44:56.961+0000] {dag.py:3239} INFO - Sync 1 DAGs
[2026-08-06T05:44:56.994+0000] {logging_mixin.py:190} INFO - [2026-08-06T05:44:56.993+0000] {dag.py:4180} INFO - Setting next_dagrun for example_setup_teardown to None, run_after=None
[2026-08-06T05:44:57.045+0000] {processor.py:208} INFO - Processing /home/airflow/.local/lib/python3.12/site-packages/airflow/example_dags/example_setup_teardown.py took 0.183 seconds
[2026-08-06T05:45:28.463+0000] {processor.py:186} INFO - Started process (PID=1149) to work on /home/airflow/.local/lib/python3.12/site-packages/airflow/example_dags/example_setup_teardown.py
[2026-08-06T05:45:28.466+0000] {processor.py:914} INFO - Processing file /home/airflow/.local/lib/python3.12/site-packages/airflow/example_dags/example_setup_teardown.py for tasks to queue
[2026-08-06T05:45:28.471+0000] {logging_mixin.py:190} INFO - [2026-08-06T05:45:28.470+0000] {dagbag.py:588} INFO - Filling up the DagBag from /home/airflow/.local/lib/python3.12/site-packages/airflow/example_dags/example_setup_teardown.py
[2026-08-06T05:45:28.485+0000] {processor.py:925} INFO - DAG(s) 'example_setup_teardown' retrieved from /home/airflow/.local/lib/python3.12/site-packages/airflow/example_dags/example_setup_teardown.py
[2026-08-06T05:45:28.516+0000] {logging_mixin.py:190} INFO - [2026-08-06T05:45:28.516+0000] {dag.py:3239} INFO - Sync 1 DAGs
[2026-08-06T05:45:28.537+0000] {logging_mixin.py:190} INFO - [2026-08-06T05:45:28.536+0000] {dag.py:4180} INFO - Setting next_dagrun for example_setup_teardown to None, run_after=None
[2026-08-06T05:45:28.568+0000] {processor.py:208} INFO - Processing /home/airflow/.local/lib/python3.12/site-packages/airflow/example_dags/example_setup_teardown.py took 0.117 seconds
[2026-08-06T05:46:00.948+0000] {processor.py:186} INFO - Started process (PID=1213) to work on /home/airflow/.local/lib/python3.12/site-packages/airflow/example_dags/example_setup_teardown.py
[2026-08-06T05:46:00.960+0000] {processor.py:914} INFO - Processing file /home/airflow/.local/lib/python3.12/site-packages/airflow/example_dags/example_setup_teardown.py for tasks to queue
[2026-08-06T05:46:00.968+0000] {logging_mixin.py:190} INFO - [2026-08-06T05:46:00.967+0000] {dagbag.py:588} INFO - Filling up the DagBag from /home/airflow/.local/lib/python3.12/site-packages/airflow/example_dags/example_setup_teardown.py
[2026-08-06T05:46:00.991+0000] {processor.py:925} INFO - DAG(s) 'example_setup_teardown' retrieved from /home/airflow/.local/lib/python3.12/site-packages/airflow/example_dags/example_setup_teardown.py
[2026-08-06T05:46:01.120+0000] {logging_mixin.py:190} INFO - [2026-08-06T05:46:01.119+0000] {dag.py:3239} INFO - Sync 1 DAGs
[2026-08-06T05:46:01.160+0000] {logging_mixin.py:190} INFO - [2026-08-06T05:46:01.160+0000] {dag.py:4180} INFO - Setting next_dagrun for example_setup_teardown to None, run_after=None
[2026-08-06T05:46:01.232+0000] {processor.py:208} INFO - Processing /home/airflow/.local/lib/python3.12/site-packages/airflow/example_dags/example_setup_teardown.py took 0.296 seconds
[2026-08-06T05:46:32.331+0000] {processor.py:186} INFO - Started process (PID=1277) to work on /home/airflow/.local/lib/python3.12/site-packages/airflow/example_dags/example_setup_teardown.py
[2026-08-06T05:46:32.333+0000] {processor.py:914} INFO - Processing file /home/airflow/.local/lib/python3.12/site-packages/airflow/example_dags/example_setup_teardown.py for tasks to queue
[2026-08-06T05:46:32.337+0000] {logging_mixin.py:190} INFO - [2026-08-06T05:46:32.337+0000] {dagbag.py:588} INFO - Filling up the DagBag from /home/airflow/.local/lib/python3.12/site-packages/airflow/example_dags/example_setup_teardown.py
[2026-08-06T05:46:32.353+0000] {processor.py:925} INFO - DAG(s) 'example_setup_teardown' retrieved from /home/airflow/.local/lib/python3.12/site-packages/airflow/example_dags/example_setup_teardown.py
[2026-08-06T05:46:32.385+0000] {logging_mixin.py:190} INFO - [2026-08-06T05:46:32.384+0000] {dag.py:3239} INFO - Sync 1 DAGs
[2026-08-06T05:46:32.405+0000] {logging_mixin.py:190} INFO - [2026-08-06T05:46:32.404+0000] {dag.py:4180} INFO - Setting next_dagrun for example_setup_teardown to None, run_after=None
[2026-08-06T05:46:32.463+0000] {processor.py:208} INFO - Processing /home/airflow/.local/lib/python3.12/site-packages/airflow/example_dags/example_setup_teardown.py took 0.141 seconds
[2026-08-06T05:47:02.919+0000] {processor.py:186} INFO - Started process (PID=1340) to work on /home/airflow/.local/lib/python3.12/site-packages/airflow/example_dags/example_setup_teardown.py
[2026-08-06T05:47:02.921+0000] {processor.py:914} INFO - Processing file /home/airflow/.local/lib/python3.12/site-packages/airflow/example_dags/example_setup_teardown.py for tasks to queue
[2026-08-06T05:47:02.926+0000] {logging_mixin.py:190} INFO - [2026-08-06T05:47:02.925+0000] {dagbag.py:588} INFO - Filling up the DagBag from /home/airflow/.local/lib/python3.12/site-packages/airflow/example_dags/example_setup_teardown.py
[2026-08-06T05:47:02.945+0000] {processor.py:925} INFO - DAG(s) 'example_setup_teardown' retrieved from /home/airflow/.local/lib/python3.12/site-packages/airflow/example_dags/example_setup_teardown.py
[2026-08-06T05:47:02.980+0000] {logging_mixin.py:190} INFO - [2026-08-06T05:47:02.980+0000] {dag.py:3239} INFO - Sync 1 DAGs
[2026-08-06T05:47:03.010+0000] {logging_mixin.py:190} INFO - [2026-08-06T05:47:03.009+0000] {dag.py:4180} INFO - Setting next_dagrun for example_setup_teardown to None, run_after=None
[2026-08-06T05:47:03.076+0000] {processor.py:208} INFO - Processing /home/airflow/.local/lib/python3.12/site-packages/airflow/example_dags/example_setup_teardown.py took 0.166 seconds
[2026-08-06T05:47:33.481+0000] {processor.py:186} INFO - Started process (PID=1404) to work on /home/airflow/.local/lib/python3.12/site-packages/airflow/example_dags/example_setup_teardown.py
[2026-08-06T05:47:33.483+0000] {processor.py:914} INFO - Processing file /home/airflow/.local/lib/python3.12/site-packages/airflow/example_dags/example_setup_teardown.py for tasks to queue
[2026-08-06T05:47:33.489+0000] {logging_mixin.py:190} INFO - [2026-08-06T05:47:33.488+0000] {dagbag.py:588} INFO - Filling up the DagBag from /home/airflow/.local/lib/python3.12/site-packages/airflow/example_dags/example_setup_teardown.py
[2026-08-06T05:47:33.506+0000] {processor.py:925} INFO - DAG(s) 'example_setup_teardown' retrieved from /home/airflow/.local/lib/python3.12/site-packages/airflow/example_dags/example_setup_teardown.py
[2026-08-06T05:47:33.539+0000] {logging_mixin.py:190} INFO - [2026-08-06T05:47:33.538+0000] {dag.py:3239} INFO - Sync 1 DAGs
[2026-08-06T05:47:33.559+0000] {logging_mixin.py:190} INFO - [2026-08-06T05:47:33.559+0000] {dag.py:4180} INFO - Setting next_dagrun for example_setup_teardown to None, run_after=None
[2026-08-06T05:47:33.624+0000] {processor.py:208} INFO - Processing /home/airflow/.local/lib/python3.12/site-packages/airflow/example_dags/example_setup_teardown.py took 0.152 seconds
[2026-08-06T05:48:04.173+0000] {processor.py:186} INFO - Started process (PID=1467) to work on /home/airflow/.local/lib/python3.12/site-packages/airflow/example_dags/example_setup_teardown.py
[2026-08-06T05:48:04.209+0000] {processor.py:914} INFO - Processing file /home/airflow/.local/lib/python3.12/site-packages/airflow/example_dags/example_setup_teardown.py for tasks to queue
[2026-08-06T05:48:04.230+0000] {logging_mixin.py:190} INFO - [2026-08-06T05:48:04.229+0000] {dagbag.py:588} INFO - Filling up the DagBag from /home/airflow/.local/lib/python3.12/site-packages/airflow/example_dags/example_setup_teardown.py
[2026-08-06T05:48:04.324+0000] {processor.py:925} INFO - DAG(s) 'example_setup_teardown' retrieved from /home/airflow/.local/lib/python3.12/site-packages/airflow/example_dags/example_setup_teardown.py
[2026-08-06T05:48:04.474+0000] {logging_mixin.py:190} INFO - [2026-08-06T05:48:04.474+0000] {dag.py:3239} INFO - Sync 1 DAGs
[2026-08-06T05:48:04.555+0000] {logging_mixin.py:190} INFO - [2026-08-06T05:48:04.555+0000] {dag.py:4180} INFO - Setting next_dagrun for example_setup_teardown to None, run_after=None
[2026-08-06T05:48:04.620+0000] {processor.py:208} INFO - Processing /home/airflow/.local/lib/python3.12/site-packages/airflow/example_dags/example_setup_teardown.py took 0.474 seconds
[2026-08-06T05:48:35.290+0000] {processor.py:186} INFO - Started process (PID=1531) to work on /home/airflow/.local/lib/python3.12/site-packages/airflow/example_dags/example_setup_teardown.py
[2026-08-06T05:48:35.293+0000] {processor.py:914} INFO - Processing file /home/airflow/.local/lib/python3.12/site-packages/airflow/example_dags/example_setup_teardown.py for tasks to queue
[2026-08-06T05:48:35.296+0000] {logging_mixin.py:190} INFO - [2026-08-06T05:48:35.296+0000] {dagbag.py:588} INFO - Filling up the DagBag from /home/airflow/.local/lib/python3.12/site-packages/airflow/example_dags/example_setup_teardown.py
[2026-08-06T05:48:35.315+0000] {processor.py:925} INFO - DAG(s) 'example_setup_teardown' retrieved from /home/airflow/.local/lib/python3.12/site-packages/airflow/example_dags/example_setup_teardown.py
[2026-08-06T05:48:35.357+0000] {logging_mixin.py:190} INFO - [2026-08-06T05:48:35.357+0000] {dag.py:3239} INFO - Sync 1 DAGs
[2026-08-06T05:48:35.381+0000] {logging_mixin.py:190} INFO - [2026-08-06T05:48:35.381+0000] {dag.py:4180} INFO - Setting next_dagrun for example_setup_teardown to None, run_after=None
[2026-08-06T05:48:35.443+0000] {processor.py:208} INFO - Processing /home/airflow/.local/lib/python3.12/site-packages/airflow/example_dags/example_setup_teardown.py took 0.170 seconds
[2026-08-06T05:49:06.417+0000] {processor.py:186} INFO - Started process (PID=1610) to work on /home/airflow/.local/lib/python3.12/site-packages/airflow/example_dags/example_setup_teardown.py
[2026-08-06T05:49:06.420+0000] {processor.py:914} INFO - Processing file /home/airflow/.local/lib/python3.12/site-packages/airflow/example_dags/example_setup_teardown.py for tasks to queue
[2026-08-06T05:49:06.426+0000] {logging_mixin.py:190} INFO - [2026-08-06T05:49:06.425+0000] {dagbag.py:588} INFO - Filling up the DagBag from /home/airflow/.local/lib/python3.12/site-packages/airflow/example_dags/example_setup_teardown.py
[2026-08-06T05:49:06.442+0000] {processor.py:925} INFO - DAG(s) 'example_setup_teardown' retrieved from /home/airflow/.local/lib/python3.12/site-packages/airflow/example_dags/example_setup_teardown.py
[2026-08-06T05:49:06.493+0000] {logging_mixin.py:190} INFO - [2026-08-06T05:49:06.493+0000] {dag.py:3239} INFO - Sync 1 DAGs
[2026-08-06T05:49:06.526+0000] {logging_mixin.py:190} INFO - [2026-08-06T05:49:06.526+0000] {dag.py:4180} INFO - Setting next_dagrun for example_setup_teardown to None, run_after=None
[2026-08-06T05:49:06.566+0000] {processor.py:208} INFO - Processing /home/airflow/.local/lib/python3.12/site-packages/airflow/example_dags/example_setup_teardown.py took 0.160 seconds
[2026-08-06T05:49:36.799+0000] {processor.py:186} INFO - Started process (PID=1674) to work on /home/airflow/.local/lib/python3.12/site-packages/airflow/example_dags/example_setup_teardown.py
[2026-08-06T05:49:36.802+0000] {processor.py:914} INFO - Processing file /home/airflow/.local/lib/python3.12/site-packages/airflow/example_dags/example_setup_teardown.py for tasks to queue
[2026-08-06T05:49:36.805+0000] {logging_mixin.py:190} INFO - [2026-08-06T05:49:36.805+0000] {dagbag.py:588} INFO - Filling up the DagBag from /home/airflow/.local/lib/python3.12/site-packages/airflow/example_dags/example_setup_teardown.py
[2026-08-06T05:49:36.821+0000] {processor.py:925} INFO - DAG(s) 'example_setup_teardown' retrieved from /home/airflow/.local/lib/python3.12/site-packages/airflow/example_dags/example_setup_teardown.py
[2026-08-06T05:49:36.857+0000] {logging_mixin.py:190} INFO - [2026-08-06T05:49:36.856+0000] {dag.py:3239} INFO - Sync 1 DAGs
[2026-08-06T05:49:36.878+0000] {logging_mixin.py:190} INFO - [2026-08-06T05:49:36.877+0000] {dag.py:4180} INFO - Setting next_dagrun for example_setup_teardown to None, run_after=None
[2026-08-06T05:49:36.916+0000] {processor.py:208} INFO - Processing /home/airflow/.local/lib/python3.12/site-packages/airflow/example_dags/example_setup_teardown.py took 0.126 seconds
[2026-08-06T05:50:07.917+0000] {processor.py:186} INFO - Started process (PID=1738) to work on /home/airflow/.local/lib/python3.12/site-packages/airflow/example_dags/example_setup_teardown.py
[2026-08-06T05:50:07.929+0000] {processor.py:914} INFO - Processing file /home/airflow/.local/lib/python3.12/site-packages/airflow/example_dags/example_setup_teardown.py for tasks to queue
[2026-08-06T05:50:07.952+0000] {logging_mixin.py:190} INFO - [2026-08-06T05:50:07.951+0000] {dagbag.py:588} INFO - Filling up the DagBag from /home/airflow/.local/lib/python3.12/site-packages/airflow/example_dags/example_setup_teardown.py
[2026-08-06T05:50:07.970+0000] {processor.py:925} INFO - DAG(s) 'example_setup_teardown' retrieved from /home/airflow/.local/lib/python3.12/site-packages/airflow/example_dags/example_setup_teardown.py
[2026-08-06T05:50:08.011+0000] {logging_mixin.py:190} INFO - [2026-08-06T05:50:08.011+0000] {dag.py:3239} INFO - Sync 1 DAGs
[2026-08-06T05:50:08.038+0000] {logging_mixin.py:190} INFO - [2026-08-06T05:50:08.038+0000] {dag.py:4180} INFO - Setting next_dagrun for example_setup_teardown to None, run_after=None
[2026-08-06T05:50:08.076+0000] {processor.py:208} INFO - Processing /home/airflow/.local/lib/python3.12/site-packages/airflow/example_dags/example_setup_teardown.py took 0.174 seconds
[2026-08-06T05:50:38.245+0000] {processor.py:186} INFO - Started process (PID=1802) to work on /home/airflow/.local/lib/python3.12/site-packages/airflow/example_dags/example_setup_teardown.py
[2026-08-06T05:50:38.246+0000] {processor.py:914} INFO - Processing file /home/airflow/.local/lib/python3.12/site-packages/airflow/example_dags/example_setup_teardown.py for tasks to queue
[2026-08-06T05:50:38.249+0000] {logging_mixin.py:190} INFO - [2026-08-06T05:50:38.249+0000] {dagbag.py:588} INFO - Filling up the DagBag from /home/airflow/.local/lib/python3.12/site-packages/airflow/example_dags/example_setup_teardown.py
[2026-08-06T05:50:38.261+0000] {processor.py:925} INFO - DAG(s) 'example_setup_teardown' retrieved from /home/airflow/.local/lib/python3.12/site-packages/airflow/example_dags/example_setup_teardown.py
[2026-08-06T05:50:38.284+0000] {logging_mixin.py:190} INFO - [2026-08-06T05:50:38.284+0000] {dag.py:3239} INFO - Sync 1 DAGs
[2026-08-06T05:50:38.303+0000] {logging_mixin.py:190} INFO - [2026-08-06T05:50:38.303+0000] {dag.py:4180} INFO - Setting next_dagrun for example_setup_teardown to None, run_after=None
[2026-08-06T05:50:38.357+0000] {processor.py:208} INFO - Processing /home/airflow/.local/lib/python3.12/site-packages/airflow/example_dags/example_setup_teardown.py took 0.120 seconds
[2026-08-06T05:51:08.668+0000] {processor.py:186} INFO - Started process (PID=1866) to work on /home/airflow/.local/lib/python3.12/site-packages/airflow/example_dags/example_setup_teardown.py
[2026-08-06T05:51:08.670+0000] {processor.py:914} INFO - Processing file /home/airflow/.local/lib/python3.12/site-packages/airflow/example_dags/example_setup_teardown.py for tasks to queue
[2026-08-06T05:51:08.674+0000] {logging_mixin.py:190} INFO - [2026-08-06T05:51:08.673+0000] {dagbag.py:588} INFO - Filling up the DagBag from /home/airflow/.local/lib/python3.12/site-packages/airflow/example_dags/example_setup_teardown.py
[2026-08-06T05:51:08.688+0000] {processor.py:925} INFO - DAG(s) 'example_setup_teardown' retrieved from /home/airflow/.local/lib/python3.12/site-packages/airflow/example_dags/example_setup_teardown.py
[2026-08-06T05:51:08.727+0000] {logging_mixin.py:190} INFO - [2026-08-06T05:51:08.727+0000] {dag.py:3239} INFO - Sync 1 DAGs
[2026-08-06T05:51:08.766+0000] {logging_mixin.py:190} INFO - [2026-08-06T05:51:08.766+0000] {dag.py:4180} INFO - Setting next_dagrun for example_setup_teardown to None, run_after=None
[2026-08-06T05:51:08.855+0000] {processor.py:208} INFO - Processing /home/airflow/.local/lib/python3.12/site-packages/airflow/example_dags/example_setup_teardown.py took 0.196 seconds
[2026-08-06T05:51:39.210+0000] {processor.py:186} INFO - Started process (PID=1930) to work on /home/airflow/.local/lib/python3.12/site-packages/airflow/example_dags/example_setup_teardown.py
[2026-08-06T05:51:39.212+0000] {processor.py:914} INFO - Processing file /home/airflow/.local/lib/python3.12/site-packages/airflow/example_dags/example_setup_teardown.py for tasks to queue
[2026-08-06T05:51:39.216+0000] {logging_mixin.py:190} INFO - [2026-08-06T05:51:39.216+0000] {dagbag.py:588} INFO - Filling up the DagBag from /home/airflow/.local/lib/python3.12/site-packages/airflow/example_dags/example_setup_teardown.py
[2026-08-06T05:51:39.229+0000] {processor.py:925} INFO - DAG(s) 'example_setup_teardown' retrieved from /home/airflow/.local/lib/python3.12/site-packages/airflow/example_dags/example_setup_teardown.py
[2026-08-06T05:51:39.264+0000] {logging_mixin.py:190} INFO - [2026-08-06T05:51:39.263+0000] {dag.py:3239} INFO - Sync 1 DAGs
[2026-08-06T05:51:39.291+0000] {logging_mixin.py:190} INFO - [2026-08-06T05:51:39.290+0000] {dag.py:4180} INFO - Setting next_dagrun for example_setup_teardown to None, run_after=None
[2026-08-06T05:51:39.328+0000] {processor.py:208} INFO - Processing /home/airflow/.local/lib/python3.12/site-packages/airflow/example_dags/example_setup_teardown.py took 0.127 seconds
[2026-08-06T05:52:09.405+0000] {processor.py:186} INFO - Started process (PID=1993) to work on /home/airflow/.local/lib/python3.12/site-packages/airflow/example_dags/example_setup_teardown.py
[2026-08-06T05:52:09.407+0000] {processor.py:914} INFO - Processing file /home/airflow/.local/lib/python3.12/site-packages/airflow/example_dags/example_setup_teardown.py for tasks to queue
[2026-08-06T05:52:09.411+0000] {logging_mixin.py:190} INFO - [2026-08-06T05:52:09.410+0000] {dagbag.py:588} INFO - Filling up the DagBag from /home/airflow/.local/lib/python3.12/site-packages/airflow/example_dags/example_setup_teardown.py
[2026-08-06T05:52:09.426+0000] {processor.py:925} INFO - DAG(s) 'example_setup_teardown' retrieved from /home/airflow/.local/lib/python3.12/site-packages/airflow/example_dags/example_setup_teardown.py
[2026-08-06T05:52:09.459+0000] {logging_mixin.py:190} INFO - [2026-08-06T05:52:09.458+0000] {dag.py:3239} INFO - Sync 1 DAGs
[2026-08-06T05:52:09.478+0000] {logging_mixin.py:190} INFO - [2026-08-06T05:52:09.478+0000] {dag.py:4180} INFO - Setting next_dagrun for example_setup_teardown to None, run_after=None
[2026-08-06T05:52:09.560+0000] {processor.py:208} INFO - Processing /home/airflow/.local/lib/python3.12/site-packages/airflow/example_dags/example_setup_teardown.py took 0.164 seconds
[2026-08-06T05:52:40.740+0000] {processor.py:186} INFO - Started process (PID=2058) to work on /home/airflow/.local/lib/python3.12/site-packages/airflow/example_dags/example_setup_teardown.py
[2026-08-06T05:52:40.742+0000] {processor.py:914} INFO - Processing file /home/airflow/.local/lib/python3.12/site-packages/airflow/example_dags/example_setup_teardown.py for tasks to queue
[2026-08-06T05:52:40.745+0000] {logging_mixin.py:190} INFO - [2026-08-06T05:52:40.745+0000] {dagbag.py:588} INFO - Filling up the DagBag from /home/airflow/.local/lib/python3.12/site-packages/airflow/example_dags/example_setup_teardown.py
[2026-08-06T05:52:40.761+0000] {processor.py:925} INFO - DAG(s) 'example_setup_teardown' retrieved from /home/airflow/.local/lib/python3.12/site-packages/airflow/example_dags/example_setup_teardown.py
[2026-08-06T05:52:40.818+0000] {logging_mixin.py:190} INFO - [2026-08-06T05:52:40.818+0000] {dag.py:3239} INFO - Sync 1 DAGs
[2026-08-06T05:52:40.874+0000] {logging_mixin.py:190} INFO - [2026-08-06T05:52:40.873+0000] {dag.py:4180} INFO - Setting next_dagrun for example_setup_teardown to None, run_after=None
[2026-08-06T05:52:40.937+0000] {processor.py:208} INFO - Processing /home/airflow/.local/lib/python3.12/site-packages/airflow/example_dags/example_setup_teardown.py took 0.207 seconds
[2026-08-06T05:53:11.486+0000] {processor.py:186} INFO - Started process (PID=2122) to work on /home/airflow/.local/lib/python3.12/site-packages/airflow/example_dags/example_setup_teardown.py
[2026-08-06T05:53:11.488+0000] {processor.py:914} INFO - Processing file /home/airflow/.local/lib/python3.12/site-packages/airflow/example_dags/example_setup_teardown.py for tasks to queue
[2026-08-06T05:53:11.491+0000] {logging_mixin.py:190} INFO - [2026-08-06T05:53:11.491+0000] {dagbag.py:588} INFO - Filling up the DagBag from /home/airflow/.local/lib/python3.12/site-packages/airflow/example_dags/example_setup_teardown.py
[2026-08-06T05:53:11.507+0000] {processor.py:925} INFO - DAG(s) 'example_setup_teardown' retrieved from /home/airflow/.local/lib/python3.12/site-packages/airflow/example_dags/example_setup_teardown.py
[2026-08-06T05:53:11.554+0000] {logging_mixin.py:190} INFO - [2026-08-06T05:53:11.553+0000] {dag.py:3239} INFO - Sync 1 DAGs
[2026-08-06T05:53:11.582+0000] {logging_mixin.py:190} INFO - [2026-08-06T05:53:11.581+0000] {dag.py:4180} INFO - Setting next_dagrun for example_setup_teardown to None, run_after=None
[2026-08-06T05:53:11.675+0000] {processor.py:208} INFO - Processing /home/airflow/.local/lib/python3.12/site-packages/airflow/example_dags/example_setup_teardown.py took 0.201 seconds
[2026-08-06T05:53:42.102+0000] {processor.py:186} INFO - Started process (PID=2194) to work on /home/airflow/.local/lib/python3.12/site-packages/airflow/example_dags/example_setup_teardown.py
[2026-08-06T05:53:42.105+0000] {processor.py:914} INFO - Processing file /home/airflow/.local/lib/python3.12/site-packages/airflow/example_dags/example_setup_teardown.py for tasks to queue
[2026-08-06T05:53:42.114+0000] {logging_mixin.py:190} INFO - [2026-08-06T05:53:42.113+0000] {dagbag.py:588} INFO - Filling up the DagBag from /home/airflow/.local/lib/python3.12/site-packages/airflow/example_dags/example_setup_teardown.py
[2026-08-06T05:53:42.137+0000] {processor.py:925} INFO - DAG(s) 'example_setup_teardown' retrieved from /home/airflow/.local/lib/python3.12/site-packages/airflow/example_dags/example_setup_teardown.py
[2026-08-06T05:53:42.199+0000] {logging_mixin.py:190} INFO - [2026-08-06T05:53:42.199+0000] {dag.py:3239} INFO - Sync 1 DAGs
[2026-08-06T05:53:42.247+0000] {logging_mixin.py:190} INFO - [2026-08-06T05:53:42.246+0000] {dag.py:4180} INFO - Setting next_dagrun for example_setup_teardown to None, run_after=None
[2026-08-06T05:53:42.349+0000] {processor.py:208} INFO - Processing /home/airflow/.local/lib/python3.12/site-packages/airflow/example_dags/example_setup_teardown.py took 0.264 seconds
[2026-08-06T05:54:12.876+0000] {processor.py:186} INFO - Started process (PID=2259) to work on /home/airflow/.local/lib/python3.12/site-packages/airflow/example_dags/example_setup_teardown.py
[2026-08-06T05:54:12.881+0000] {processor.py:914} INFO - Processing file /home/airflow/.local/lib/python3.12/site-packages/airflow/example_dags/example_setup_teardown.py for tasks to queue
[2026-08-06T05:54:12.894+0000] {logging_mixin.py:190} INFO - [2026-08-06T05:54:12.892+0000] {dagbag.py:588} INFO - Filling up the DagBag from /home/airflow/.local/lib/python3.12/site-packages/airflow/example_dags/example_setup_teardown.py
[2026-08-06T05:54:12.923+0000] {processor.py:925} INFO - DAG(s) 'example_setup_teardown' retrieved from /home/airflow/.local/lib/python3.12/site-packages/airflow/example_dags/example_setup_teardown.py
[2026-08-06T05:54:12.995+0000] {logging_mixin.py:190} INFO - [2026-08-06T05:54:12.994+0000] {dag.py:3239} INFO - Sync 1 DAGs
[2026-08-06T05:54:13.041+0000] {logging_mixin.py:190} INFO - [2026-08-06T05:54:13.040+0000] {dag.py:4180} INFO - Setting next_dagrun for example_setup_teardown to None, run_after=None
[2026-08-06T05:54:13.077+0000] {processor.py:208} INFO - Processing /home/airflow/.local/lib/python3.12/site-packages/airflow/example_dags/example_setup_teardown.py took 0.223 seconds
[2026-08-06T05:54:43.482+0000] {processor.py:186} INFO - Started process (PID=2322) to work on /home/airflow/.local/lib/python3.12/site-packages/airflow/example_dags/example_setup_teardown.py
[2026-08-06T05:54:43.496+0000] {processor.py:914} INFO - Processing file /home/airflow/.local/lib/python3.12/site-packages/airflow/example_dags/example_setup_teardown.py for tasks to queue
[2026-08-06T05:54:43.505+0000] {logging_mixin.py:190} INFO - [2026-08-06T05:54:43.504+0000] {dagbag.py:588} INFO - Filling up the DagBag from /home/airflow/.local/lib/python3.12/site-packages/airflow/example_dags/example_setup_teardown.py
[2026-08-06T05:54:43.524+0000] {processor.py:925} INFO - DAG(s) 'example_setup_teardown' retrieved from /home/airflow/.local/lib/python3.12/site-packages/airflow/example_dags/example_setup_teardown.py
[2026-08-06T05:54:43.566+0000] {logging_mixin.py:190} INFO - [2026-08-06T05:54:43.565+0000] {dag.py:3239} INFO - Sync 1 DAGs
[2026-08-06T05:54:43.591+0000] {logging_mixin.py:190} INFO - [2026-08-06T05:54:43.591+0000] {dag.py:4180} INFO - Setting next_dagrun for example_setup_teardown to None, run_after=None
[2026-08-06T05:54:43.638+0000] {processor.py:208} INFO - Processing /home/airflow/.local/lib/python3.12/site-packages/airflow/example_dags/example_setup_teardown.py took 0.167 seconds
[2026-08-06T05:55:14.798+0000] {processor.py:186} INFO - Started process (PID=2386) to work on /home/airflow/.local/lib/python3.12/site-packages/airflow/example_dags/example_setup_teardown.py
[2026-08-06T05:55:14.800+0000] {processor.py:914} INFO - Processing file /home/airflow/.local/lib/python3.12/site-packages/airflow/example_dags/example_setup_teardown.py for tasks to queue
[2026-08-06T05:55:14.810+0000] {logging_mixin.py:190} INFO - [2026-08-06T05:55:14.806+0000] {dagbag.py:588} INFO - Filling up the DagBag from /home/airflow/.local/lib/python3.12/site-packages/airflow/example_dags/example_setup_teardown.py
[2026-08-06T05:55:14.846+0000] {processor.py:925} INFO - DAG(s) 'example_setup_teardown' retrieved from /home/airflow/.local/lib/python3.12/site-packages/airflow/example_dags/example_setup_teardown.py
[2026-08-06T05:55:14.902+0000] {logging_mixin.py:190} INFO - [2026-08-06T05:55:14.901+0000] {dag.py:3239} INFO - Sync 1 DAGs
[2026-08-06T05:55:14.970+0000] {logging_mixin.py:190} INFO - [2026-08-06T05:55:14.969+0000] {dag.py:4180} INFO - Setting next_dagrun for example_setup_teardown to None, run_after=None
[2026-08-06T05:55:15.065+0000] {processor.py:208} INFO - Processing /home/airflow/.local/lib/python3.12/site-packages/airflow/example_dags/example_setup_teardown.py took 0.286 seconds
[2026-08-06T05:55:46.015+0000] {processor.py:186} INFO - Started process (PID=2450) to work on /home/airflow/.local/lib/python3.12/site-packages/airflow/example_dags/example_setup_teardown.py
[2026-08-06T05:55:46.018+0000] {processor.py:914} INFO - Processing file /home/airflow/.local/lib/python3.12/site-packages/airflow/example_dags/example_setup_teardown.py for tasks to queue
[2026-08-06T05:55:46.022+0000] {logging_mixin.py:190} INFO - [2026-08-06T05:55:46.022+0000] {dagbag.py:588} INFO - Filling up the DagBag from /home/airflow/.local/lib/python3.12/site-packages/airflow/example_dags/example_setup_teardown.py
[2026-08-06T05:55:46.035+0000] {processor.py:925} INFO - DAG(s) 'example_setup_teardown' retrieved from /home/airflow/.local/lib/python3.12/site-packages/airflow/example_dags/example_setup_teardown.py
[2026-08-06T05:55:46.070+0000] {logging_mixin.py:190} INFO - [2026-08-06T05:55:46.070+0000] {dag.py:3239} INFO - Sync 1 DAGs
[2026-08-06T05:55:46.096+0000] {logging_mixin.py:190} INFO - [2026-08-06T05:55:46.096+0000] {dag.py:4180} INFO - Setting next_dagrun for example_setup_teardown to None, run_after=None
[2026-08-06T05:55:46.164+0000] {processor.py:208} INFO - Processing /home/airflow/.local/lib/python3.12/site-packages/airflow/example_dags/example_setup_teardown.py took 0.160 seconds
[2026-08-06T05:56:18.433+0000] {processor.py:186} INFO - Started process (PID=2512) to work on /home/airflow/.local/lib/python3.12/site-packages/airflow/example_dags/example_setup_teardown.py
[2026-08-06T05:56:18.440+0000] {processor.py:914} INFO - Processing file /home/airflow/.local/lib/python3.12/site-packages/airflow/example_dags/example_setup_teardown.py for tasks to queue
[2026-08-06T05:56:18.448+0000] {logging_mixin.py:190} INFO - [2026-08-06T05:56:18.446+0000] {dagbag.py:588} INFO - Filling up the DagBag from /home/airflow/.local/lib/python3.12/site-packages/airflow/example_dags/example_setup_teardown.py
[2026-08-06T05:56:18.473+0000] {processor.py:925} INFO - DAG(s) 'example_setup_teardown' retrieved from /home/airflow/.local/lib/python3.12/site-packages/airflow/example_dags/example_setup_teardown.py
[2026-08-06T05:56:18.533+0000] {logging_mixin.py:190} INFO - [2026-08-06T05:56:18.533+0000] {dag.py:3239} INFO - Sync 1 DAGs
[2026-08-06T05:56:18.572+0000] {logging_mixin.py:190} INFO - [2026-08-06T05:56:18.571+0000] {dag.py:4180} INFO - Setting next_dagrun for example_setup_teardown to None, run_after=None
[2026-08-06T05:56:18.624+0000] {processor.py:208} INFO - Processing /home/airflow/.local/lib/python3.12/site-packages/airflow/example_dags/example_setup_teardown.py took 0.204 seconds
[2026-08-06T05:56:49.324+0000] {processor.py:186} INFO - Started process (PID=2576) to work on /home/airflow/.local/lib/python3.12/site-packages/airflow/example_dags/example_setup_teardown.py
[2026-08-06T05:56:49.326+0000] {processor.py:914} INFO - Processing file /home/airflow/.local/lib/python3.12/site-packages/airflow/example_dags/example_setup_teardown.py for tasks to queue
[2026-08-06T05:56:49.329+0000] {logging_mixin.py:190} INFO - [2026-08-06T05:56:49.329+0000] {dagbag.py:588} INFO - Filling up the DagBag from /home/airflow/.local/lib/python3.12/site-packages/airflow/example_dags/example_setup_teardown.py
[2026-08-06T05:56:49.343+0000] {processor.py:925} INFO - DAG(s) 'example_setup_teardown' retrieved from /home/airflow/.local/lib/python3.12/site-packages/airflow/example_dags/example_setup_teardown.py
[2026-08-06T05:56:49.401+0000] {logging_mixin.py:190} INFO - [2026-08-06T05:56:49.400+0000] {dag.py:3239} INFO - Sync 1 DAGs
[2026-08-06T05:56:49.430+0000] {logging_mixin.py:190} INFO - [2026-08-06T05:56:49.430+0000] {dag.py:4180} INFO - Setting next_dagrun for example_setup_teardown to None, run_after=None
[2026-08-06T05:56:49.484+0000] {processor.py:208} INFO - Processing /home/airflow/.local/lib/python3.12/site-packages/airflow/example_dags/example_setup_teardown.py took 0.170 seconds
[2026-08-06T05:57:19.753+0000] {processor.py:186} INFO - Started process (PID=2640) to work on /home/airflow/.local/lib/python3.12/site-packages/airflow/example_dags/example_setup_teardown.py
[2026-08-06T05:57:19.755+0000] {processor.py:914} INFO - Processing file /home/airflow/.local/lib/python3.12/site-packages/airflow/example_dags/example_setup_teardown.py for tasks to queue
[2026-08-06T05:57:19.761+0000] {logging_mixin.py:190} INFO - [2026-08-06T05:57:19.761+0000] {dagbag.py:588} INFO - Filling up the DagBag from /home/airflow/.local/lib/python3.12/site-packages/airflow/example_dags/example_setup_teardown.py
[2026-08-06T05:57:19.781+0000] {processor.py:925} INFO - DAG(s) 'example_setup_teardown' retrieved from /home/airflow/.local/lib/python3.12/site-packages/airflow/example_dags/example_setup_teardown.py
[2026-08-06T05:57:19.817+0000] {logging_mixin.py:190} INFO - [2026-08-06T05:57:19.816+0000] {dag.py:3239} INFO - Sync 1 DAGs
[2026-08-06T05:57:19.839+0000] {logging_mixin.py:190} INFO - [2026-08-06T05:57:19.838+0000] {dag.py:4180} INFO - Setting next_dagrun for example_setup_teardown to None, run_after=None
[2026-08-06T05:57:19.910+0000] {processor.py:208} INFO - Processing /home/airflow/.local/lib/python3.12/site-packages/airflow/example_dags/example_setup_teardown.py took 0.168 seconds
[2026-08-06T05:57:51.932+0000] {processor.py:186} INFO - Started process (PID=2717) to work on /home/airflow/.local/lib/python3.12/site-packages/airflow/example_dags/example_setup_teardown.py
[2026-08-06T05:57:51.939+0000] {processor.py:914} INFO - Processing file /home/airflow/.local/lib/python3.12/site-packages/airflow/example_dags/example_setup_teardown.py for tasks to queue
[2026-08-06T05:57:51.979+0000] {logging_mixin.py:190} INFO - [2026-08-06T05:57:51.975+0000] {dagbag.py:588} INFO - Filling up the DagBag from /home/airflow/.local/lib/python3.12/site-packages/airflow/example_dags/example_setup_teardown.py
[2026-08-06T05:57:52.127+0000] {processor.py:925} INFO - DAG(s) 'example_setup_teardown' retrieved from /home/airflow/.local/lib/python3.12/site-packages/airflow/example_dags/example_setup_teardown.py
[2026-08-06T05:57:52.555+0000] {logging_mixin.py:190} INFO - [2026-08-06T05:57:52.551+0000] {dag.py:3239} INFO - Sync 1 DAGs
[2026-08-06T05:57:52.740+0000] {logging_mixin.py:190} INFO - [2026-08-06T05:57:52.740+0000] {dag.py:4180} INFO - Setting next_dagrun for example_setup_teardown to None, run_after=None
[2026-08-06T05:57:52.870+0000] {processor.py:208} INFO - Processing /home/airflow/.local/lib/python3.12/site-packages/airflow/example_dags/example_setup_teardown.py took 0.989 seconds
[2026-08-06T05:58:23.369+0000] {processor.py:186} INFO - Started process (PID=2785) to work on /home/airflow/.local/lib/python3.12/site-packages/airflow/example_dags/example_setup_teardown.py
[2026-08-06T05:58:23.371+0000] {processor.py:914} INFO - Processing file /home/airflow/.local/lib/python3.12/site-packages/airflow/example_dags/example_setup_teardown.py for tasks to queue
[2026-08-06T05:58:23.376+0000] {logging_mixin.py:190} INFO - [2026-08-06T05:58:23.375+0000] {dagbag.py:588} INFO - Filling up the DagBag from /home/airflow/.local/lib/python3.12/site-packages/airflow/example_dags/example_setup_teardown.py
[2026-08-06T05:58:23.393+0000] {processor.py:925} INFO - DAG(s) 'example_setup_teardown' retrieved from /home/airflow/.local/lib/python3.12/site-packages/airflow/example_dags/example_setup_teardown.py
[2026-08-06T05:58:23.434+0000] {logging_mixin.py:190} INFO - [2026-08-06T05:58:23.434+0000] {dag.py:3239} INFO - Sync 1 DAGs
[2026-08-06T05:58:23.464+0000] {logging_mixin.py:190} INFO - [2026-08-06T05:58:23.464+0000] {dag.py:4180} INFO - Setting next_dagrun for example_setup_teardown to None, run_after=None
[2026-08-06T05:58:23.512+0000] {processor.py:208} INFO - Processing /home/airflow/.local/lib/python3.12/site-packages/airflow/example_dags/example_setup_teardown.py took 0.154 seconds
[2026-08-06T05:58:54.472+0000] {processor.py:186} INFO - Started process (PID=2849) to work on /home/airflow/.local/lib/python3.12/site-packages/airflow/example_dags/example_setup_teardown.py
[2026-08-06T05:58:54.574+0000] {processor.py:914} INFO - Processing file /home/airflow/.local/lib/python3.12/site-packages/airflow/example_dags/example_setup_teardown.py for tasks to queue
[2026-08-06T05:58:54.582+0000] {logging_mixin.py:190} INFO - [2026-08-06T05:58:54.581+0000] {dagbag.py:588} INFO - Filling up the DagBag from /home/airflow/.local/lib/python3.12/site-packages/airflow/example_dags/example_setup_teardown.py
[2026-08-06T05:58:54.600+0000] {processor.py:925} INFO - DAG(s) 'example_setup_teardown' retrieved from /home/airflow/.local/lib/python3.12/site-packages/airflow/example_dags/example_setup_teardown.py
[2026-08-06T05:58:54.728+0000] {logging_mixin.py:190} INFO - [2026-08-06T05:58:54.728+0000] {dag.py:3239} INFO - Sync 1 DAGs
[2026-08-06T05:58:54.877+0000] {logging_mixin.py:190} INFO - [2026-08-06T05:58:54.877+0000] {dag.py:4180} INFO - Setting next_dagrun for example_setup_teardown to None, run_after=None
[2026-08-06T05:58:55.086+0000] {processor.py:208} INFO - Processing /home/airflow/.local/lib/python3.12/site-packages/airflow/example_dags/example_setup_teardown.py took 0.625 seconds
[2026-08-06T05:59:25.916+0000] {processor.py:186} INFO - Started process (PID=2913) to work on /home/airflow/.local/lib/python3.12/site-packages/airflow/example_dags/example_setup_teardown.py
[2026-08-06T05:59:25.918+0000] {processor.py:914} INFO - Processing file /home/airflow/.local/lib/python3.12/site-packages/airflow/example_dags/example_setup_teardown.py for tasks to queue
[2026-08-06T05:59:25.923+0000] {logging_mixin.py:190} INFO - [2026-08-06T05:59:25.922+0000] {dagbag.py:588} INFO - Filling up the DagBag from /home/airflow/.local/lib/python3.12/site-packages/airflow/example_dags/example_setup_teardown.py
[2026-08-06T05:59:25.939+0000] {processor.py:925} INFO - DAG(s) 'example_setup_teardown' retrieved from /home/airflow/.local/lib/python3.12/site-packages/airflow/example_dags/example_setup_teardown.py
[2026-08-06T05:59:25.968+0000] {logging_mixin.py:190} INFO - [2026-08-06T05:59:25.967+0000] {dag.py:3239} INFO - Sync 1 DAGs
[2026-08-06T05:59:25.990+0000] {logging_mixin.py:190} INFO - [2026-08-06T05:59:25.990+0000] {dag.py:4180} INFO - Setting next_dagrun for example_setup_teardown to None, run_after=None
[2026-08-06T05:59:26.025+0000] {processor.py:208} INFO - Processing /home/airflow/.local/lib/python3.12/site-packages/airflow/example_dags/example_setup_teardown.py took 0.120 seconds
[2026-08-06T05:59:56.691+0000] {processor.py:186} INFO - Started process (PID=2985) to work on /home/airflow/.local/lib/python3.12/site-packages/airflow/example_dags/example_setup_teardown.py
[2026-08-06T05:59:56.694+0000] {processor.py:914} INFO - Processing file /home/airflow/.local/lib/python3.12/site-packages/airflow/example_dags/example_setup_teardown.py for tasks to queue
[2026-08-06T05:59:56.699+0000] {logging_mixin.py:190} INFO - [2026-08-06T05:59:56.698+0000] {dagbag.py:588} INFO - Filling up the DagBag from /home/airflow/.local/lib/python3.12/site-packages/airflow/example_dags/example_setup_teardown.py
[2026-08-06T05:59:56.718+0000] {processor.py:925} INFO - DAG(s) 'example_setup_teardown' retrieved from /home/airflow/.local/lib/python3.12/site-packages/airflow/example_dags/example_setup_teardown.py
[2026-08-06T05:59:56.757+0000] {logging_mixin.py:190} INFO - [2026-08-06T05:59:56.757+0000] {dag.py:3239} INFO - Sync 1 DAGs
[2026-08-06T05:59:56.784+0000] {logging_mixin.py:190} INFO - [2026-08-06T05:59:56.783+0000] {dag.py:4180} INFO - Setting next_dagrun for example_setup_teardown to None, run_after=None
[2026-08-06T05:59:56.820+0000] {processor.py:208} INFO - Processing /home/airflow/.local/lib/python3.12/site-packages/airflow/example_dags/example_setup_teardown.py took 0.143 seconds
[2026-08-06T06:01:54.671+0000] {processor.py:186} INFO - Started process (PID=92) to work on /home/airflow/.local/lib/python3.12/site-packages/airflow/example_dags/example_setup_teardown.py
[2026-08-06T06:01:54.673+0000] {processor.py:914} INFO - Processing file /home/airflow/.local/lib/python3.12/site-packages/airflow/example_dags/example_setup_teardown.py for tasks to queue
[2026-08-06T06:01:54.677+0000] {logging_mixin.py:190} INFO - [2026-08-06T06:01:54.677+0000] {dagbag.py:588} INFO - Filling up the DagBag from /home/airflow/.local/lib/python3.12/site-packages/airflow/example_dags/example_setup_teardown.py
[2026-08-06T06:01:54.692+0000] {processor.py:925} INFO - DAG(s) 'example_setup_teardown' retrieved from /home/airflow/.local/lib/python3.12/site-packages/airflow/example_dags/example_setup_teardown.py
[2026-08-06T06:01:54.748+0000] {logging_mixin.py:190} INFO - [2026-08-06T06:01:54.747+0000] {dag.py:3239} INFO - Sync 1 DAGs
[2026-08-06T06:01:54.773+0000] {logging_mixin.py:190} INFO - [2026-08-06T06:01:54.773+0000] {dag.py:4180} INFO - Setting next_dagrun for example_setup_teardown to None, run_after=None
[2026-08-06T06:01:54.808+0000] {processor.py:208} INFO - Processing /home/airflow/.local/lib/python3.12/site-packages/airflow/example_dags/example_setup_teardown.py took 0.147 seconds
[2026-08-06T06:02:27.279+0000] {processor.py:186} INFO - Started process (PID=156) to work on /home/airflow/.local/lib/python3.12/site-packages/airflow/example_dags/example_setup_teardown.py
[2026-08-06T06:02:27.282+0000] {processor.py:914} INFO - Processing file /home/airflow/.local/lib/python3.12/site-packages/airflow/example_dags/example_setup_teardown.py for tasks to queue
[2026-08-06T06:02:27.290+0000] {logging_mixin.py:190} INFO - [2026-08-06T06:02:27.289+0000] {dagbag.py:588} INFO - Filling up the DagBag from /home/airflow/.local/lib/python3.12/site-packages/airflow/example_dags/example_setup_teardown.py
[2026-08-06T06:02:27.307+0000] {processor.py:925} INFO - DAG(s) 'example_setup_teardown' retrieved from /home/airflow/.local/lib/python3.12/site-packages/airflow/example_dags/example_setup_teardown.py
[2026-08-06T06:02:27.352+0000] {logging_mixin.py:190} INFO - [2026-08-06T06:02:27.351+0000] {dag.py:3239} INFO - Sync 1 DAGs
[2026-08-06T06:02:27.372+0000] {logging_mixin.py:190} INFO - [2026-08-06T06:02:27.372+0000] {dag.py:4180} INFO - Setting next_dagrun for example_setup_teardown to None, run_after=None
[2026-08-06T06:02:27.402+0000] {processor.py:208} INFO - Processing /home/airflow/.local/lib/python3.12/site-packages/airflow/example_dags/example_setup_teardown.py took 0.147 seconds
[2026-08-06T06:02:58.690+0000] {processor.py:186} INFO - Started process (PID=220) to work on /home/airflow/.local/lib/python3.12/site-packages/airflow/example_dags/example_setup_teardown.py
[2026-08-06T06:02:58.693+0000] {processor.py:914} INFO - Processing file /home/airflow/.local/lib/python3.12/site-packages/airflow/example_dags/example_setup_teardown.py for tasks to queue
[2026-08-06T06:02:58.698+0000] {logging_mixin.py:190} INFO - [2026-08-06T06:02:58.697+0000] {dagbag.py:588} INFO - Filling up the DagBag from /home/airflow/.local/lib/python3.12/site-packages/airflow/example_dags/example_setup_teardown.py
[2026-08-06T06:02:58.718+0000] {processor.py:925} INFO - DAG(s) 'example_setup_teardown' retrieved from /home/airflow/.local/lib/python3.12/site-packages/airflow/example_dags/example_setup_teardown.py
[2026-08-06T06:02:58.757+0000] {logging_mixin.py:190} INFO - [2026-08-06T06:02:58.756+0000] {dag.py:3239} INFO - Sync 1 DAGs
[2026-08-06T06:02:58.785+0000] {logging_mixin.py:190} INFO - [2026-08-06T06:02:58.785+0000] {dag.py:4180} INFO - Setting next_dagrun for example_setup_teardown to None, run_after=None
[2026-08-06T06:02:58.823+0000] {processor.py:208} INFO - Processing /home/airflow/.local/lib/python3.12/site-packages/airflow/example_dags/example_setup_teardown.py took 0.147 seconds
[2026-08-06T06:03:31.354+0000] {processor.py:186} INFO - Started process (PID=284) to work on /home/airflow/.local/lib/python3.12/site-packages/airflow/example_dags/example_setup_teardown.py
[2026-08-06T06:03:31.359+0000] {processor.py:914} INFO - Processing file /home/airflow/.local/lib/python3.12/site-packages/airflow/example_dags/example_setup_teardown.py for tasks to queue
[2026-08-06T06:03:31.371+0000] {logging_mixin.py:190} INFO - [2026-08-06T06:03:31.370+0000] {dagbag.py:588} INFO - Filling up the DagBag from /home/airflow/.local/lib/python3.12/site-packages/airflow/example_dags/example_setup_teardown.py
[2026-08-06T06:03:31.426+0000] {processor.py:925} INFO - DAG(s) 'example_setup_teardown' retrieved from /home/airflow/.local/lib/python3.12/site-packages/airflow/example_dags/example_setup_teardown.py
[2026-08-06T06:03:31.472+0000] {logging_mixin.py:190} INFO - [2026-08-06T06:03:31.471+0000] {dag.py:3239} INFO - Sync 1 DAGs
[2026-08-06T06:03:31.498+0000] {logging_mixin.py:190} INFO - [2026-08-06T06:03:31.498+0000] {dag.py:4180} INFO - Setting next_dagrun for example_setup_teardown to None, run_after=None
[2026-08-06T06:03:31.549+0000] {processor.py:208} INFO - Processing /home/airflow/.local/lib/python3.12/site-packages/airflow/example_dags/example_setup_teardown.py took 0.220 seconds
[2026-08-06T06:04:03.071+0000] {processor.py:186} INFO - Started process (PID=348) to work on /home/airflow/.local/lib/python3.12/site-packages/airflow/example_dags/example_setup_teardown.py
[2026-08-06T06:04:03.074+0000] {processor.py:914} INFO - Processing file /home/airflow/.local/lib/python3.12/site-packages/airflow/example_dags/example_setup_teardown.py for tasks to queue
[2026-08-06T06:04:03.080+0000] {logging_mixin.py:190} INFO - [2026-08-06T06:04:03.080+0000] {dagbag.py:588} INFO - Filling up the DagBag from /home/airflow/.local/lib/python3.12/site-packages/airflow/example_dags/example_setup_teardown.py
[2026-08-06T06:04:03.107+0000] {processor.py:925} INFO - DAG(s) 'example_setup_teardown' retrieved from /home/airflow/.local/lib/python3.12/site-packages/airflow/example_dags/example_setup_teardown.py
[2026-08-06T06:04:03.161+0000] {logging_mixin.py:190} INFO - [2026-08-06T06:04:03.160+0000] {dag.py:3239} INFO - Sync 1 DAGs
[2026-08-06T06:04:03.201+0000] {logging_mixin.py:190} INFO - [2026-08-06T06:04:03.201+0000] {dag.py:4180} INFO - Setting next_dagrun for example_setup_teardown to None, run_after=None
[2026-08-06T06:04:03.283+0000] {processor.py:208} INFO - Processing /home/airflow/.local/lib/python3.12/site-packages/airflow/example_dags/example_setup_teardown.py took 0.228 seconds
[2026-08-06T06:04:35.144+0000] {processor.py:186} INFO - Started process (PID=412) to work on /home/airflow/.local/lib/python3.12/site-packages/airflow/example_dags/example_setup_teardown.py
[2026-08-06T06:04:35.146+0000] {processor.py:914} INFO - Processing file /home/airflow/.local/lib/python3.12/site-packages/airflow/example_dags/example_setup_teardown.py for tasks to queue
[2026-08-06T06:04:35.151+0000] {logging_mixin.py:190} INFO - [2026-08-06T06:04:35.150+0000] {dagbag.py:588} INFO - Filling up the DagBag from /home/airflow/.local/lib/python3.12/site-packages/airflow/example_dags/example_setup_teardown.py
[2026-08-06T06:04:35.164+0000] {processor.py:925} INFO - DAG(s) 'example_setup_teardown' retrieved from /home/airflow/.local/lib/python3.12/site-packages/airflow/example_dags/example_setup_teardown.py
[2026-08-06T06:04:35.207+0000] {logging_mixin.py:190} INFO - [2026-08-06T06:04:35.206+0000] {dag.py:3239} INFO - Sync 1 DAGs
[2026-08-06T06:04:35.237+0000] {logging_mixin.py:190} INFO - [2026-08-06T06:04:35.237+0000] {dag.py:4180} INFO - Setting next_dagrun for example_setup_teardown to None, run_after=None
[2026-08-06T06:04:35.276+0000] {processor.py:208} INFO - Processing /home/airflow/.local/lib/python3.12/site-packages/airflow/example_dags/example_setup_teardown.py took 0.140 seconds
[2026-08-06T06:05:06.964+0000] {processor.py:186} INFO - Started process (PID=476) to work on /home/airflow/.local/lib/python3.12/site-packages/airflow/example_dags/example_setup_teardown.py
[2026-08-06T06:05:06.966+0000] {processor.py:914} INFO - Processing file /home/airflow/.local/lib/python3.12/site-packages/airflow/example_dags/example_setup_teardown.py for tasks to queue
[2026-08-06T06:05:06.971+0000] {logging_mixin.py:190} INFO - [2026-08-06T06:05:06.971+0000] {dagbag.py:588} INFO - Filling up the DagBag from /home/airflow/.local/lib/python3.12/site-packages/airflow/example_dags/example_setup_teardown.py
[2026-08-06T06:05:06.988+0000] {processor.py:925} INFO - DAG(s) 'example_setup_teardown' retrieved from /home/airflow/.local/lib/python3.12/site-packages/airflow/example_dags/example_setup_teardown.py
[2026-08-06T06:05:07.027+0000] {logging_mixin.py:190} INFO - [2026-08-06T06:05:07.027+0000] {dag.py:3239} INFO - Sync 1 DAGs
[2026-08-06T06:05:07.067+0000] {logging_mixin.py:190} INFO - [2026-08-06T06:05:07.066+0000] {dag.py:4180} INFO - Setting next_dagrun for example_setup_teardown to None, run_after=None
[2026-08-06T06:05:07.141+0000] {processor.py:208} INFO - Processing /home/airflow/.local/lib/python3.12/site-packages/airflow/example_dags/example_setup_teardown.py took 0.192 seconds
[2026-08-06T06:05:38.773+0000] {processor.py:186} INFO - Started process (PID=539) to work on /home/airflow/.local/lib/python3.12/site-packages/airflow/example_dags/example_setup_teardown.py
[2026-08-06T06:05:38.775+0000] {processor.py:914} INFO - Processing file /home/airflow/.local/lib/python3.12/site-packages/airflow/example_dags/example_setup_teardown.py for tasks to queue
[2026-08-06T06:05:38.781+0000] {logging_mixin.py:190} INFO - [2026-08-06T06:05:38.780+0000] {dagbag.py:588} INFO - Filling up the DagBag from /home/airflow/.local/lib/python3.12/site-packages/airflow/example_dags/example_setup_teardown.py
[2026-08-06T06:05:38.794+0000] {processor.py:925} INFO - DAG(s) 'example_setup_teardown' retrieved from /home/airflow/.local/lib/python3.12/site-packages/airflow/example_dags/example_setup_teardown.py
[2026-08-06T06:05:38.834+0000] {logging_mixin.py:190} INFO - [2026-08-06T06:05:38.834+0000] {dag.py:3239} INFO - Sync 1 DAGs
[2026-08-06T06:05:38.865+0000] {logging_mixin.py:190} INFO - [2026-08-06T06:05:38.864+0000] {dag.py:4180} INFO - Setting next_dagrun for example_setup_teardown to None, run_after=None
[2026-08-06T06:05:38.951+0000] {processor.py:208} INFO - Processing /home/airflow/.local/lib/python3.12/site-packages/airflow/example_dags/example_setup_teardown.py took 0.186 seconds
[2026-08-06T06:06:10.251+0000] {processor.py:186} INFO - Started process (PID=604) to work on /home/airflow/.local/lib/python3.12/site-packages/airflow/example_dags/example_setup_teardown.py
[2026-08-06T06:06:10.253+0000] {processor.py:914} INFO - Processing file /home/airflow/.local/lib/python3.12/site-packages/airflow/example_dags/example_setup_teardown.py for tasks to queue
[2026-08-06T06:06:10.258+0000] {logging_mixin.py:190} INFO - [2026-08-06T06:06:10.258+0000] {dagbag.py:588} INFO - Filling up the DagBag from /home/airflow/.local/lib/python3.12/site-packages/airflow/example_dags/example_setup_teardown.py
[2026-08-06T06:06:10.280+0000] {processor.py:925} INFO - DAG(s) 'example_setup_teardown' retrieved from /home/airflow/.local/lib/python3.12/site-packages/airflow/example_dags/example_setup_teardown.py
[2026-08-06T06:06:10.336+0000] {logging_mixin.py:190} INFO - [2026-08-06T06:06:10.335+0000] {dag.py:3239} INFO - Sync 1 DAGs
[2026-08-06T06:06:10.394+0000] {logging_mixin.py:190} INFO - [2026-08-06T06:06:10.393+0000] {dag.py:4180} INFO - Setting next_dagrun for example_setup_teardown to None, run_after=None
[2026-08-06T06:06:10.478+0000] {processor.py:208} INFO - Processing /home/airflow/.local/lib/python3.12/site-packages/airflow/example_dags/example_setup_teardown.py took 0.238 seconds
[2026-08-06T06:06:42.159+0000] {processor.py:186} INFO - Started process (PID=668) to work on /home/airflow/.local/lib/python3.12/site-packages/airflow/example_dags/example_setup_teardown.py
[2026-08-06T06:06:42.161+0000] {processor.py:914} INFO - Processing file /home/airflow/.local/lib/python3.12/site-packages/airflow/example_dags/example_setup_teardown.py for tasks to queue
[2026-08-06T06:06:42.165+0000] {logging_mixin.py:190} INFO - [2026-08-06T06:06:42.165+0000] {dagbag.py:588} INFO - Filling up the DagBag from /home/airflow/.local/lib/python3.12/site-packages/airflow/example_dags/example_setup_teardown.py
[2026-08-06T06:06:42.178+0000] {processor.py:925} INFO - DAG(s) 'example_setup_teardown' retrieved from /home/airflow/.local/lib/python3.12/site-packages/airflow/example_dags/example_setup_teardown.py
[2026-08-06T06:06:42.237+0000] {logging_mixin.py:190} INFO - [2026-08-06T06:06:42.236+0000] {dag.py:3239} INFO - Sync 1 DAGs
[2026-08-06T06:06:42.264+0000] {logging_mixin.py:190} INFO - [2026-08-06T06:06:42.264+0000] {dag.py:4180} INFO - Setting next_dagrun for example_setup_teardown to None, run_after=None
[2026-08-06T06:06:42.340+0000] {processor.py:208} INFO - Processing /home/airflow/.local/lib/python3.12/site-packages/airflow/example_dags/example_setup_teardown.py took 0.190 seconds
[2026-08-06T06:07:12.820+0000] {processor.py:186} INFO - Started process (PID=732) to work on /home/airflow/.local/lib/python3.12/site-packages/airflow/example_dags/example_setup_teardown.py
[2026-08-06T06:07:12.823+0000] {processor.py:914} INFO - Processing file /home/airflow/.local/lib/python3.12/site-packages/airflow/example_dags/example_setup_teardown.py for tasks to queue
[2026-08-06T06:07:12.826+0000] {logging_mixin.py:190} INFO - [2026-08-06T06:07:12.826+0000] {dagbag.py:588} INFO - Filling up the DagBag from /home/airflow/.local/lib/python3.12/site-packages/airflow/example_dags/example_setup_teardown.py
[2026-08-06T06:07:12.835+0000] {processor.py:925} INFO - DAG(s) 'example_setup_teardown' retrieved from /home/airflow/.local/lib/python3.12/site-packages/airflow/example_dags/example_setup_teardown.py
[2026-08-06T06:07:12.873+0000] {logging_mixin.py:190} INFO - [2026-08-06T06:07:12.872+0000] {dag.py:3239} INFO - Sync 1 DAGs
[2026-08-06T06:07:12.900+0000] {logging_mixin.py:190} INFO - [2026-08-06T06:07:12.900+0000] {dag.py:4180} INFO - Setting next_dagrun for example_setup_teardown to None, run_after=None
[2026-08-06T06:07:12.965+0000] {processor.py:208} INFO - Processing /home/airflow/.local/lib/python3.12/site-packages/airflow/example_dags/example_setup_teardown.py took 0.152 seconds
[2026-08-06T06:07:43.492+0000] {processor.py:186} INFO - Started process (PID=795) to work on /home/airflow/.local/lib/python3.12/site-packages/airflow/example_dags/example_setup_teardown.py
[2026-08-06T06:07:43.494+0000] {processor.py:914} INFO - Processing file /home/airflow/.local/lib/python3.12/site-packages/airflow/example_dags/example_setup_teardown.py for tasks to queue
[2026-08-06T06:07:43.499+0000] {logging_mixin.py:190} INFO - [2026-08-06T06:07:43.499+0000] {dagbag.py:588} INFO - Filling up the DagBag from /home/airflow/.local/lib/python3.12/site-packages/airflow/example_dags/example_setup_teardown.py
[2026-08-06T06:07:43.516+0000] {processor.py:925} INFO - DAG(s) 'example_setup_teardown' retrieved from /home/airflow/.local/lib/python3.12/site-packages/airflow/example_dags/example_setup_teardown.py
[2026-08-06T06:07:43.557+0000] {logging_mixin.py:190} INFO - [2026-08-06T06:07:43.557+0000] {dag.py:3239} INFO - Sync 1 DAGs
[2026-08-06T06:07:43.584+0000] {logging_mixin.py:190} INFO - [2026-08-06T06:07:43.584+0000] {dag.py:4180} INFO - Setting next_dagrun for example_setup_teardown to None, run_after=None
[2026-08-06T06:07:43.620+0000] {processor.py:208} INFO - Processing /home/airflow/.local/lib/python3.12/site-packages/airflow/example_dags/example_setup_teardown.py took 0.140 seconds
[2026-08-06T06:08:14.310+0000] {processor.py:186} INFO - Started process (PID=863) to work on /home/airflow/.local/lib/python3.12/site-packages/airflow/example_dags/example_setup_teardown.py
[2026-08-06T06:08:14.315+0000] {processor.py:914} INFO - Processing file /home/airflow/.local/lib/python3.12/site-packages/airflow/example_dags/example_setup_teardown.py for tasks to queue
[2026-08-06T06:08:14.341+0000] {logging_mixin.py:190} INFO - [2026-08-06T06:08:14.340+0000] {dagbag.py:588} INFO - Filling up the DagBag from /home/airflow/.local/lib/python3.12/site-packages/airflow/example_dags/example_setup_teardown.py
[2026-08-06T06:08:14.355+0000] {processor.py:925} INFO - DAG(s) 'example_setup_teardown' retrieved from /home/airflow/.local/lib/python3.12/site-packages/airflow/example_dags/example_setup_teardown.py
[2026-08-06T06:08:14.390+0000] {logging_mixin.py:190} INFO - [2026-08-06T06:08:14.389+0000] {dag.py:3239} INFO - Sync 1 DAGs
[2026-08-06T06:08:14.410+0000] {logging_mixin.py:190} INFO - [2026-08-06T06:08:14.410+0000] {dag.py:4180} INFO - Setting next_dagrun for example_setup_teardown to None, run_after=None
[2026-08-06T06:08:14.487+0000] {processor.py:208} INFO - Processing /home/airflow/.local/lib/python3.12/site-packages/airflow/example_dags/example_setup_teardown.py took 0.188 seconds
[2026-08-06T06:08:44.710+0000] {processor.py:186} INFO - Started process (PID=927) to work on /home/airflow/.local/lib/python3.12/site-packages/airflow/example_dags/example_setup_teardown.py
[2026-08-06T06:08:44.712+0000] {processor.py:914} INFO - Processing file /home/airflow/.local/lib/python3.12/site-packages/airflow/example_dags/example_setup_teardown.py for tasks to queue
[2026-08-06T06:08:44.715+0000] {logging_mixin.py:190} INFO - [2026-08-06T06:08:44.715+0000] {dagbag.py:588} INFO - Filling up the DagBag from /home/airflow/.local/lib/python3.12/site-packages/airflow/example_dags/example_setup_teardown.py
[2026-08-06T06:08:44.724+0000] {processor.py:925} INFO - DAG(s) 'example_setup_teardown' retrieved from /home/airflow/.local/lib/python3.12/site-packages/airflow/example_dags/example_setup_teardown.py
[2026-08-06T06:08:44.754+0000] {logging_mixin.py:190} INFO - [2026-08-06T06:08:44.754+0000] {dag.py:3239} INFO - Sync 1 DAGs
[2026-08-06T06:08:44.773+0000] {logging_mixin.py:190} INFO - [2026-08-06T06:08:44.773+0000] {dag.py:4180} INFO - Setting next_dagrun for example_setup_teardown to None, run_after=None
[2026-08-06T06:08:44.837+0000] {processor.py:208} INFO - Processing /home/airflow/.local/lib/python3.12/site-packages/airflow/example_dags/example_setup_teardown.py took 0.133 seconds
[2026-08-06T06:09:15.444+0000] {processor.py:186} INFO - Started process (PID=991) to work on /home/airflow/.local/lib/python3.12/site-packages/airflow/example_dags/example_setup_teardown.py
[2026-08-06T06:09:15.448+0000] {processor.py:914} INFO - Processing file /home/airflow/.local/lib/python3.12/site-packages/airflow/example_dags/example_setup_teardown.py for tasks to queue
[2026-08-06T06:09:15.452+0000] {logging_mixin.py:190} INFO - [2026-08-06T06:09:15.451+0000] {dagbag.py:588} INFO - Filling up the DagBag from /home/airflow/.local/lib/python3.12/site-packages/airflow/example_dags/example_setup_teardown.py
[2026-08-06T06:09:15.471+0000] {processor.py:925} INFO - DAG(s) 'example_setup_teardown' retrieved from /home/airflow/.local/lib/python3.12/site-packages/airflow/example_dags/example_setup_teardown.py
[2026-08-06T06:09:15.505+0000] {logging_mixin.py:190} INFO - [2026-08-06T06:09:15.505+0000] {dag.py:3239} INFO - Sync 1 DAGs
[2026-08-06T06:09:15.532+0000] {logging_mixin.py:190} INFO - [2026-08-06T06:09:15.532+0000] {dag.py:4180} INFO - Setting next_dagrun for example_setup_teardown to None, run_after=None
[2026-08-06T06:09:15.591+0000] {processor.py:208} INFO - Processing /home/airflow/.local/lib/python3.12/site-packages/airflow/example_dags/example_setup_teardown.py took 0.156 seconds
[2026-08-06T06:09:45.861+0000] {processor.py:186} INFO - Started process (PID=1055) to work on /home/airflow/.local/lib/python3.12/site-packages/airflow/example_dags/example_setup_teardown.py
[2026-08-06T06:09:45.863+0000] {processor.py:914} INFO - Processing file /home/airflow/.local/lib/python3.12/site-packages/airflow/example_dags/example_setup_teardown.py for tasks to queue
[2026-08-06T06:09:45.865+0000] {logging_mixin.py:190} INFO - [2026-08-06T06:09:45.865+0000] {dagbag.py:588} INFO - Filling up the DagBag from /home/airflow/.local/lib/python3.12/site-packages/airflow/example_dags/example_setup_teardown.py
[2026-08-06T06:09:45.876+0000] {processor.py:925} INFO - DAG(s) 'example_setup_teardown' retrieved from /home/airflow/.local/lib/python3.12/site-packages/airflow/example_dags/example_setup_teardown.py
[2026-08-06T06:09:45.903+0000] {logging_mixin.py:190} INFO - [2026-08-06T06:09:45.902+0000] {dag.py:3239} INFO - Sync 1 DAGs
[2026-08-06T06:09:45.920+0000] {logging_mixin.py:190} INFO - [2026-08-06T06:09:45.920+0000] {dag.py:4180} INFO - Setting next_dagrun for example_setup_teardown to None, run_after=None
[2026-08-06T06:09:45.946+0000] {processor.py:208} INFO - Processing /home/airflow/.local/lib/python3.12/site-packages/airflow/example_dags/example_setup_teardown.py took 0.092 seconds
[2026-08-06T06:10:16.491+0000] {processor.py:186} INFO - Started process (PID=1119) to work on /home/airflow/.local/lib/python3.12/site-packages/airflow/example_dags/example_setup_teardown.py
[2026-08-06T06:10:16.494+0000] {processor.py:914} INFO - Processing file /home/airflow/.local/lib/python3.12/site-packages/airflow/example_dags/example_setup_teardown.py for tasks to queue
[2026-08-06T06:10:16.498+0000] {logging_mixin.py:190} INFO - [2026-08-06T06:10:16.498+0000] {dagbag.py:588} INFO - Filling up the DagBag from /home/airflow/.local/lib/python3.12/site-packages/airflow/example_dags/example_setup_teardown.py
[2026-08-06T06:10:16.511+0000] {processor.py:925} INFO - DAG(s) 'example_setup_teardown' retrieved from /home/airflow/.local/lib/python3.12/site-packages/airflow/example_dags/example_setup_teardown.py
[2026-08-06T06:10:16.561+0000] {logging_mixin.py:190} INFO - [2026-08-06T06:10:16.560+0000] {dag.py:3239} INFO - Sync 1 DAGs
[2026-08-06T06:10:16.615+0000] {logging_mixin.py:190} INFO - [2026-08-06T06:10:16.614+0000] {dag.py:4180} INFO - Setting next_dagrun for example_setup_teardown to None, run_after=None
[2026-08-06T06:10:16.682+0000] {processor.py:208} INFO - Processing /home/airflow/.local/lib/python3.12/site-packages/airflow/example_dags/example_setup_teardown.py took 0.200 seconds
