[2026-08-06T04:46:34.104+0000] {processor.py:186} INFO - Started process (PID=87) to work on /home/airflow/.local/lib/python3.12/site-packages/airflow/example_dags/example_complex.py
[2026-08-06T04:46:34.106+0000] {processor.py:914} INFO - Processing file /home/airflow/.local/lib/python3.12/site-packages/airflow/example_dags/example_complex.py for tasks to queue
[2026-08-06T04:46:34.112+0000] {logging_mixin.py:190} INFO - [2026-08-06T04:46:34.111+0000] {dagbag.py:588} INFO - Filling up the DagBag from /home/airflow/.local/lib/python3.12/site-packages/airflow/example_dags/example_complex.py
[2026-08-06T04:46:34.129+0000] {processor.py:925} INFO - DAG(s) 'example_complex' retrieved from /home/airflow/.local/lib/python3.12/site-packages/airflow/example_dags/example_complex.py
[2026-08-06T04:46:34.334+0000] {logging_mixin.py:190} INFO - [2026-08-06T04:46:34.333+0000] {override.py:1912} INFO - Created Permission View: can delete on DAG:example_complex
[2026-08-06T04:46:34.353+0000] {logging_mixin.py:190} INFO - [2026-08-06T04:46:34.352+0000] {override.py:1912} INFO - Created Permission View: can read on DAG:example_complex
[2026-08-06T04:46:34.364+0000] {logging_mixin.py:190} INFO - [2026-08-06T04:46:34.364+0000] {override.py:1912} INFO - Created Permission View: can edit on DAG:example_complex
[2026-08-06T04:46:34.377+0000] {logging_mixin.py:190} INFO - [2026-08-06T04:46:34.376+0000] {override.py:1912} INFO - Created Permission View: can delete on DAG Run:example_complex
[2026-08-06T04:46:34.387+0000] {logging_mixin.py:190} INFO - [2026-08-06T04:46:34.386+0000] {override.py:1912} INFO - Created Permission View: menu access on DAG Run:example_complex
[2026-08-06T04:46:34.397+0000] {logging_mixin.py:190} INFO - [2026-08-06T04:46:34.397+0000] {override.py:1912} INFO - Created Permission View: can read on DAG Run:example_complex
[2026-08-06T04:46:34.408+0000] {logging_mixin.py:190} INFO - [2026-08-06T04:46:34.407+0000] {override.py:1912} INFO - Created Permission View: can create on DAG Run:example_complex
[2026-08-06T04:46:34.409+0000] {logging_mixin.py:190} INFO - [2026-08-06T04:46:34.409+0000] {dag.py:3239} INFO - Sync 1 DAGs
[2026-08-06T04:46:34.436+0000] {logging_mixin.py:190} INFO - [2026-08-06T04:46:34.436+0000] {dag.py:3262} INFO - Creating ORM DAG for example_complex
[2026-08-06T04:46:34.439+0000] {logging_mixin.py:190} INFO - [2026-08-06T04:46:34.438+0000] {dag.py:4180} INFO - Setting next_dagrun for example_complex to None, run_after=None
[2026-08-06T04:46:34.472+0000] {processor.py:208} INFO - Processing /home/airflow/.local/lib/python3.12/site-packages/airflow/example_dags/example_complex.py took 0.375 seconds
[2026-08-06T04:47:05.116+0000] {processor.py:186} INFO - Started process (PID=150) to work on /home/airflow/.local/lib/python3.12/site-packages/airflow/example_dags/example_complex.py
[2026-08-06T04:47:05.118+0000] {processor.py:914} INFO - Processing file /home/airflow/.local/lib/python3.12/site-packages/airflow/example_dags/example_complex.py for tasks to queue
[2026-08-06T04:47:05.123+0000] {logging_mixin.py:190} INFO - [2026-08-06T04:47:05.122+0000] {dagbag.py:588} INFO - Filling up the DagBag from /home/airflow/.local/lib/python3.12/site-packages/airflow/example_dags/example_complex.py
[2026-08-06T04:47:05.144+0000] {processor.py:925} INFO - DAG(s) 'example_complex' retrieved from /home/airflow/.local/lib/python3.12/site-packages/airflow/example_dags/example_complex.py
[2026-08-06T04:47:05.209+0000] {logging_mixin.py:190} INFO - [2026-08-06T04:47:05.208+0000] {dag.py:3239} INFO - Sync 1 DAGs
[2026-08-06T04:47:05.239+0000] {logging_mixin.py:190} INFO - [2026-08-06T04:47:05.239+0000] {dag.py:4180} INFO - Setting next_dagrun for example_complex to None, run_after=None
[2026-08-06T04:47:05.283+0000] {processor.py:208} INFO - Processing /home/airflow/.local/lib/python3.12/site-packages/airflow/example_dags/example_complex.py took 0.177 seconds
[2026-08-06T04:47:35.592+0000] {processor.py:186} INFO - Started process (PID=212) to work on /home/airflow/.local/lib/python3.12/site-packages/airflow/example_dags/example_complex.py
[2026-08-06T04:47:35.594+0000] {processor.py:914} INFO - Processing file /home/airflow/.local/lib/python3.12/site-packages/airflow/example_dags/example_complex.py for tasks to queue
[2026-08-06T04:47:35.598+0000] {logging_mixin.py:190} INFO - [2026-08-06T04:47:35.598+0000] {dagbag.py:588} INFO - Filling up the DagBag from /home/airflow/.local/lib/python3.12/site-packages/airflow/example_dags/example_complex.py
[2026-08-06T04:47:35.614+0000] {processor.py:925} INFO - DAG(s) 'example_complex' retrieved from /home/airflow/.local/lib/python3.12/site-packages/airflow/example_dags/example_complex.py
[2026-08-06T04:47:35.657+0000] {logging_mixin.py:190} INFO - [2026-08-06T04:47:35.656+0000] {dag.py:3239} INFO - Sync 1 DAGs
[2026-08-06T04:47:35.680+0000] {logging_mixin.py:190} INFO - [2026-08-06T04:47:35.680+0000] {dag.py:4180} INFO - Setting next_dagrun for example_complex to None, run_after=None
[2026-08-06T04:47:35.714+0000] {processor.py:208} INFO - Processing /home/airflow/.local/lib/python3.12/site-packages/airflow/example_dags/example_complex.py took 0.132 seconds
[2026-08-06T04:48:06.246+0000] {processor.py:186} INFO - Started process (PID=274) to work on /home/airflow/.local/lib/python3.12/site-packages/airflow/example_dags/example_complex.py
[2026-08-06T04:48:06.247+0000] {processor.py:914} INFO - Processing file /home/airflow/.local/lib/python3.12/site-packages/airflow/example_dags/example_complex.py for tasks to queue
[2026-08-06T04:48:06.251+0000] {logging_mixin.py:190} INFO - [2026-08-06T04:48:06.250+0000] {dagbag.py:588} INFO - Filling up the DagBag from /home/airflow/.local/lib/python3.12/site-packages/airflow/example_dags/example_complex.py
[2026-08-06T04:48:06.266+0000] {processor.py:925} INFO - DAG(s) 'example_complex' retrieved from /home/airflow/.local/lib/python3.12/site-packages/airflow/example_dags/example_complex.py
[2026-08-06T04:48:06.308+0000] {logging_mixin.py:190} INFO - [2026-08-06T04:48:06.307+0000] {dag.py:3239} INFO - Sync 1 DAGs
[2026-08-06T04:48:06.330+0000] {logging_mixin.py:190} INFO - [2026-08-06T04:48:06.330+0000] {dag.py:4180} INFO - Setting next_dagrun for example_complex to None, run_after=None
[2026-08-06T04:48:06.357+0000] {processor.py:208} INFO - Processing /home/airflow/.local/lib/python3.12/site-packages/airflow/example_dags/example_complex.py took 0.122 seconds
[2026-08-06T04:48:37.283+0000] {processor.py:186} INFO - Started process (PID=337) to work on /home/airflow/.local/lib/python3.12/site-packages/airflow/example_dags/example_complex.py
[2026-08-06T04:48:37.297+0000] {processor.py:914} INFO - Processing file /home/airflow/.local/lib/python3.12/site-packages/airflow/example_dags/example_complex.py for tasks to queue
[2026-08-06T04:48:37.304+0000] {logging_mixin.py:190} INFO - [2026-08-06T04:48:37.303+0000] {dagbag.py:588} INFO - Filling up the DagBag from /home/airflow/.local/lib/python3.12/site-packages/airflow/example_dags/example_complex.py
[2026-08-06T04:48:37.334+0000] {processor.py:925} INFO - DAG(s) 'example_complex' retrieved from /home/airflow/.local/lib/python3.12/site-packages/airflow/example_dags/example_complex.py
[2026-08-06T04:48:37.410+0000] {logging_mixin.py:190} INFO - [2026-08-06T04:48:37.409+0000] {dag.py:3239} INFO - Sync 1 DAGs
[2026-08-06T04:48:37.447+0000] {logging_mixin.py:190} INFO - [2026-08-06T04:48:37.447+0000] {dag.py:4180} INFO - Setting next_dagrun for example_complex to None, run_after=None
[2026-08-06T04:48:37.491+0000] {processor.py:208} INFO - Processing /home/airflow/.local/lib/python3.12/site-packages/airflow/example_dags/example_complex.py took 0.229 seconds
[2026-08-06T04:49:08.249+0000] {processor.py:186} INFO - Started process (PID=400) to work on /home/airflow/.local/lib/python3.12/site-packages/airflow/example_dags/example_complex.py
[2026-08-06T04:49:08.252+0000] {processor.py:914} INFO - Processing file /home/airflow/.local/lib/python3.12/site-packages/airflow/example_dags/example_complex.py for tasks to queue
[2026-08-06T04:49:08.259+0000] {logging_mixin.py:190} INFO - [2026-08-06T04:49:08.258+0000] {dagbag.py:588} INFO - Filling up the DagBag from /home/airflow/.local/lib/python3.12/site-packages/airflow/example_dags/example_complex.py
[2026-08-06T04:49:08.283+0000] {processor.py:925} INFO - DAG(s) 'example_complex' retrieved from /home/airflow/.local/lib/python3.12/site-packages/airflow/example_dags/example_complex.py
[2026-08-06T04:49:08.342+0000] {logging_mixin.py:190} INFO - [2026-08-06T04:49:08.341+0000] {dag.py:3239} INFO - Sync 1 DAGs
[2026-08-06T04:49:08.370+0000] {logging_mixin.py:190} INFO - [2026-08-06T04:49:08.370+0000] {dag.py:4180} INFO - Setting next_dagrun for example_complex to None, run_after=None
[2026-08-06T04:49:08.410+0000] {processor.py:208} INFO - Processing /home/airflow/.local/lib/python3.12/site-packages/airflow/example_dags/example_complex.py took 0.174 seconds
[2026-08-06T04:49:38.744+0000] {processor.py:186} INFO - Started process (PID=463) to work on /home/airflow/.local/lib/python3.12/site-packages/airflow/example_dags/example_complex.py
[2026-08-06T04:49:38.747+0000] {processor.py:914} INFO - Processing file /home/airflow/.local/lib/python3.12/site-packages/airflow/example_dags/example_complex.py for tasks to queue
[2026-08-06T04:49:38.752+0000] {logging_mixin.py:190} INFO - [2026-08-06T04:49:38.751+0000] {dagbag.py:588} INFO - Filling up the DagBag from /home/airflow/.local/lib/python3.12/site-packages/airflow/example_dags/example_complex.py
[2026-08-06T04:49:38.771+0000] {processor.py:925} INFO - DAG(s) 'example_complex' retrieved from /home/airflow/.local/lib/python3.12/site-packages/airflow/example_dags/example_complex.py
[2026-08-06T04:49:38.825+0000] {logging_mixin.py:190} INFO - [2026-08-06T04:49:38.824+0000] {dag.py:3239} INFO - Sync 1 DAGs
[2026-08-06T04:49:38.853+0000] {logging_mixin.py:190} INFO - [2026-08-06T04:49:38.852+0000] {dag.py:4180} INFO - Setting next_dagrun for example_complex to None, run_after=None
[2026-08-06T04:49:38.922+0000] {processor.py:208} INFO - Processing /home/airflow/.local/lib/python3.12/site-packages/airflow/example_dags/example_complex.py took 0.185 seconds
[2026-08-06T04:50:09.352+0000] {processor.py:186} INFO - Started process (PID=526) to work on /home/airflow/.local/lib/python3.12/site-packages/airflow/example_dags/example_complex.py
[2026-08-06T04:50:09.353+0000] {processor.py:914} INFO - Processing file /home/airflow/.local/lib/python3.12/site-packages/airflow/example_dags/example_complex.py for tasks to queue
[2026-08-06T04:50:09.357+0000] {logging_mixin.py:190} INFO - [2026-08-06T04:50:09.356+0000] {dagbag.py:588} INFO - Filling up the DagBag from /home/airflow/.local/lib/python3.12/site-packages/airflow/example_dags/example_complex.py
[2026-08-06T04:50:09.372+0000] {processor.py:925} INFO - DAG(s) 'example_complex' retrieved from /home/airflow/.local/lib/python3.12/site-packages/airflow/example_dags/example_complex.py
[2026-08-06T04:50:09.415+0000] {logging_mixin.py:190} INFO - [2026-08-06T04:50:09.415+0000] {dag.py:3239} INFO - Sync 1 DAGs
[2026-08-06T04:50:09.435+0000] {logging_mixin.py:190} INFO - [2026-08-06T04:50:09.434+0000] {dag.py:4180} INFO - Setting next_dagrun for example_complex to None, run_after=None
[2026-08-06T04:50:09.495+0000] {processor.py:208} INFO - Processing /home/airflow/.local/lib/python3.12/site-packages/airflow/example_dags/example_complex.py took 0.152 seconds
[2026-08-06T04:50:40.079+0000] {processor.py:186} INFO - Started process (PID=589) to work on /home/airflow/.local/lib/python3.12/site-packages/airflow/example_dags/example_complex.py
[2026-08-06T04:50:40.080+0000] {processor.py:914} INFO - Processing file /home/airflow/.local/lib/python3.12/site-packages/airflow/example_dags/example_complex.py for tasks to queue
[2026-08-06T04:50:40.084+0000] {logging_mixin.py:190} INFO - [2026-08-06T04:50:40.084+0000] {dagbag.py:588} INFO - Filling up the DagBag from /home/airflow/.local/lib/python3.12/site-packages/airflow/example_dags/example_complex.py
[2026-08-06T04:50:40.099+0000] {processor.py:925} INFO - DAG(s) 'example_complex' retrieved from /home/airflow/.local/lib/python3.12/site-packages/airflow/example_dags/example_complex.py
[2026-08-06T04:50:40.144+0000] {logging_mixin.py:190} INFO - [2026-08-06T04:50:40.144+0000] {dag.py:3239} INFO - Sync 1 DAGs
[2026-08-06T04:50:40.165+0000] {logging_mixin.py:190} INFO - [2026-08-06T04:50:40.165+0000] {dag.py:4180} INFO - Setting next_dagrun for example_complex to None, run_after=None
[2026-08-06T04:50:40.230+0000] {processor.py:208} INFO - Processing /home/airflow/.local/lib/python3.12/site-packages/airflow/example_dags/example_complex.py took 0.158 seconds
[2026-08-06T04:51:10.549+0000] {processor.py:186} INFO - Started process (PID=652) to work on /home/airflow/.local/lib/python3.12/site-packages/airflow/example_dags/example_complex.py
[2026-08-06T04:51:10.552+0000] {processor.py:914} INFO - Processing file /home/airflow/.local/lib/python3.12/site-packages/airflow/example_dags/example_complex.py for tasks to queue
[2026-08-06T04:51:10.557+0000] {logging_mixin.py:190} INFO - [2026-08-06T04:51:10.556+0000] {dagbag.py:588} INFO - Filling up the DagBag from /home/airflow/.local/lib/python3.12/site-packages/airflow/example_dags/example_complex.py
[2026-08-06T04:51:10.579+0000] {processor.py:925} INFO - DAG(s) 'example_complex' retrieved from /home/airflow/.local/lib/python3.12/site-packages/airflow/example_dags/example_complex.py
[2026-08-06T04:51:10.627+0000] {logging_mixin.py:190} INFO - [2026-08-06T04:51:10.626+0000] {dag.py:3239} INFO - Sync 1 DAGs
[2026-08-06T04:51:10.648+0000] {logging_mixin.py:190} INFO - [2026-08-06T04:51:10.647+0000] {dag.py:4180} INFO - Setting next_dagrun for example_complex to None, run_after=None
[2026-08-06T04:51:10.679+0000] {processor.py:208} INFO - Processing /home/airflow/.local/lib/python3.12/site-packages/airflow/example_dags/example_complex.py took 0.142 seconds
[2026-08-06T04:51:40.994+0000] {processor.py:186} INFO - Started process (PID=715) to work on /home/airflow/.local/lib/python3.12/site-packages/airflow/example_dags/example_complex.py
[2026-08-06T04:51:40.996+0000] {processor.py:914} INFO - Processing file /home/airflow/.local/lib/python3.12/site-packages/airflow/example_dags/example_complex.py for tasks to queue
[2026-08-06T04:51:40.999+0000] {logging_mixin.py:190} INFO - [2026-08-06T04:51:40.999+0000] {dagbag.py:588} INFO - Filling up the DagBag from /home/airflow/.local/lib/python3.12/site-packages/airflow/example_dags/example_complex.py
[2026-08-06T04:51:41.020+0000] {processor.py:925} INFO - DAG(s) 'example_complex' retrieved from /home/airflow/.local/lib/python3.12/site-packages/airflow/example_dags/example_complex.py
[2026-08-06T04:51:41.070+0000] {logging_mixin.py:190} INFO - [2026-08-06T04:51:41.070+0000] {dag.py:3239} INFO - Sync 1 DAGs
[2026-08-06T04:51:41.095+0000] {logging_mixin.py:190} INFO - [2026-08-06T04:51:41.095+0000] {dag.py:4180} INFO - Setting next_dagrun for example_complex to None, run_after=None
[2026-08-06T04:51:41.157+0000] {processor.py:208} INFO - Processing /home/airflow/.local/lib/python3.12/site-packages/airflow/example_dags/example_complex.py took 0.173 seconds
[2026-08-06T04:52:11.450+0000] {processor.py:186} INFO - Started process (PID=778) to work on /home/airflow/.local/lib/python3.12/site-packages/airflow/example_dags/example_complex.py
[2026-08-06T04:52:11.453+0000] {processor.py:914} INFO - Processing file /home/airflow/.local/lib/python3.12/site-packages/airflow/example_dags/example_complex.py for tasks to queue
[2026-08-06T04:52:11.458+0000] {logging_mixin.py:190} INFO - [2026-08-06T04:52:11.458+0000] {dagbag.py:588} INFO - Filling up the DagBag from /home/airflow/.local/lib/python3.12/site-packages/airflow/example_dags/example_complex.py
[2026-08-06T04:52:11.479+0000] {processor.py:925} INFO - DAG(s) 'example_complex' retrieved from /home/airflow/.local/lib/python3.12/site-packages/airflow/example_dags/example_complex.py
[2026-08-06T04:52:11.524+0000] {logging_mixin.py:190} INFO - [2026-08-06T04:52:11.524+0000] {dag.py:3239} INFO - Sync 1 DAGs
[2026-08-06T04:52:11.550+0000] {logging_mixin.py:190} INFO - [2026-08-06T04:52:11.549+0000] {dag.py:4180} INFO - Setting next_dagrun for example_complex to None, run_after=None
[2026-08-06T04:52:11.649+0000] {processor.py:208} INFO - Processing /home/airflow/.local/lib/python3.12/site-packages/airflow/example_dags/example_complex.py took 0.209 seconds
[2026-08-06T04:52:42.007+0000] {processor.py:186} INFO - Started process (PID=842) to work on /home/airflow/.local/lib/python3.12/site-packages/airflow/example_dags/example_complex.py
[2026-08-06T04:52:42.012+0000] {processor.py:914} INFO - Processing file /home/airflow/.local/lib/python3.12/site-packages/airflow/example_dags/example_complex.py for tasks to queue
[2026-08-06T04:52:42.025+0000] {logging_mixin.py:190} INFO - [2026-08-06T04:52:42.024+0000] {dagbag.py:588} INFO - Filling up the DagBag from /home/airflow/.local/lib/python3.12/site-packages/airflow/example_dags/example_complex.py
[2026-08-06T04:52:42.059+0000] {processor.py:925} INFO - DAG(s) 'example_complex' retrieved from /home/airflow/.local/lib/python3.12/site-packages/airflow/example_dags/example_complex.py
[2026-08-06T04:52:42.122+0000] {logging_mixin.py:190} INFO - [2026-08-06T04:52:42.122+0000] {dag.py:3239} INFO - Sync 1 DAGs
[2026-08-06T04:52:42.144+0000] {logging_mixin.py:190} INFO - [2026-08-06T04:52:42.144+0000] {dag.py:4180} INFO - Setting next_dagrun for example_complex to None, run_after=None
[2026-08-06T04:52:42.231+0000] {processor.py:208} INFO - Processing /home/airflow/.local/lib/python3.12/site-packages/airflow/example_dags/example_complex.py took 0.246 seconds
[2026-08-06T05:30:16.854+0000] {processor.py:186} INFO - Started process (PID=88) to work on /home/airflow/.local/lib/python3.12/site-packages/airflow/example_dags/example_complex.py
[2026-08-06T05:30:16.858+0000] {processor.py:914} INFO - Processing file /home/airflow/.local/lib/python3.12/site-packages/airflow/example_dags/example_complex.py for tasks to queue
[2026-08-06T05:30:16.866+0000] {logging_mixin.py:190} INFO - [2026-08-06T05:30:16.865+0000] {dagbag.py:588} INFO - Filling up the DagBag from /home/airflow/.local/lib/python3.12/site-packages/airflow/example_dags/example_complex.py
[2026-08-06T05:30:16.895+0000] {processor.py:925} INFO - DAG(s) 'example_complex' retrieved from /home/airflow/.local/lib/python3.12/site-packages/airflow/example_dags/example_complex.py
[2026-08-06T05:30:16.963+0000] {logging_mixin.py:190} INFO - [2026-08-06T05:30:16.963+0000] {dag.py:3239} INFO - Sync 1 DAGs
[2026-08-06T05:30:17.004+0000] {logging_mixin.py:190} INFO - [2026-08-06T05:30:17.003+0000] {dag.py:4180} INFO - Setting next_dagrun for example_complex to None, run_after=None
[2026-08-06T05:30:17.066+0000] {processor.py:208} INFO - Processing /home/airflow/.local/lib/python3.12/site-packages/airflow/example_dags/example_complex.py took 0.227 seconds
[2026-08-06T05:30:47.684+0000] {processor.py:186} INFO - Started process (PID=150) to work on /home/airflow/.local/lib/python3.12/site-packages/airflow/example_dags/example_complex.py
[2026-08-06T05:30:47.685+0000] {processor.py:914} INFO - Processing file /home/airflow/.local/lib/python3.12/site-packages/airflow/example_dags/example_complex.py for tasks to queue
[2026-08-06T05:30:47.689+0000] {logging_mixin.py:190} INFO - [2026-08-06T05:30:47.689+0000] {dagbag.py:588} INFO - Filling up the DagBag from /home/airflow/.local/lib/python3.12/site-packages/airflow/example_dags/example_complex.py
[2026-08-06T05:30:47.710+0000] {processor.py:925} INFO - DAG(s) 'example_complex' retrieved from /home/airflow/.local/lib/python3.12/site-packages/airflow/example_dags/example_complex.py
[2026-08-06T05:30:47.752+0000] {logging_mixin.py:190} INFO - [2026-08-06T05:30:47.752+0000] {dag.py:3239} INFO - Sync 1 DAGs
[2026-08-06T05:30:47.795+0000] {logging_mixin.py:190} INFO - [2026-08-06T05:30:47.795+0000] {dag.py:4180} INFO - Setting next_dagrun for example_complex to None, run_after=None
[2026-08-06T05:30:47.820+0000] {processor.py:208} INFO - Processing /home/airflow/.local/lib/python3.12/site-packages/airflow/example_dags/example_complex.py took 0.146 seconds
[2026-08-06T05:33:11.013+0000] {processor.py:186} INFO - Started process (PID=82) to work on /home/airflow/.local/lib/python3.12/site-packages/airflow/example_dags/example_complex.py
[2026-08-06T05:33:11.016+0000] {processor.py:914} INFO - Processing file /home/airflow/.local/lib/python3.12/site-packages/airflow/example_dags/example_complex.py for tasks to queue
[2026-08-06T05:33:11.026+0000] {logging_mixin.py:190} INFO - [2026-08-06T05:33:11.024+0000] {dagbag.py:588} INFO - Filling up the DagBag from /home/airflow/.local/lib/python3.12/site-packages/airflow/example_dags/example_complex.py
[2026-08-06T05:33:11.050+0000] {processor.py:925} INFO - DAG(s) 'example_complex' retrieved from /home/airflow/.local/lib/python3.12/site-packages/airflow/example_dags/example_complex.py
[2026-08-06T05:33:11.114+0000] {logging_mixin.py:190} INFO - [2026-08-06T05:33:11.113+0000] {dag.py:3239} INFO - Sync 1 DAGs
[2026-08-06T05:33:11.146+0000] {logging_mixin.py:190} INFO - [2026-08-06T05:33:11.146+0000] {dag.py:4180} INFO - Setting next_dagrun for example_complex to None, run_after=None
[2026-08-06T05:33:11.203+0000] {processor.py:208} INFO - Processing /home/airflow/.local/lib/python3.12/site-packages/airflow/example_dags/example_complex.py took 0.217 seconds
[2026-08-06T05:33:41.604+0000] {processor.py:186} INFO - Started process (PID=144) to work on /home/airflow/.local/lib/python3.12/site-packages/airflow/example_dags/example_complex.py
[2026-08-06T05:33:41.606+0000] {processor.py:914} INFO - Processing file /home/airflow/.local/lib/python3.12/site-packages/airflow/example_dags/example_complex.py for tasks to queue
[2026-08-06T05:33:41.609+0000] {logging_mixin.py:190} INFO - [2026-08-06T05:33:41.609+0000] {dagbag.py:588} INFO - Filling up the DagBag from /home/airflow/.local/lib/python3.12/site-packages/airflow/example_dags/example_complex.py
[2026-08-06T05:33:41.624+0000] {processor.py:925} INFO - DAG(s) 'example_complex' retrieved from /home/airflow/.local/lib/python3.12/site-packages/airflow/example_dags/example_complex.py
[2026-08-06T05:33:41.670+0000] {logging_mixin.py:190} INFO - [2026-08-06T05:33:41.669+0000] {dag.py:3239} INFO - Sync 1 DAGs
[2026-08-06T05:33:41.690+0000] {logging_mixin.py:190} INFO - [2026-08-06T05:33:41.690+0000] {dag.py:4180} INFO - Setting next_dagrun for example_complex to None, run_after=None
[2026-08-06T05:33:41.757+0000] {processor.py:208} INFO - Processing /home/airflow/.local/lib/python3.12/site-packages/airflow/example_dags/example_complex.py took 0.161 seconds
[2026-08-06T05:34:12.527+0000] {processor.py:186} INFO - Started process (PID=207) to work on /home/airflow/.local/lib/python3.12/site-packages/airflow/example_dags/example_complex.py
[2026-08-06T05:34:12.529+0000] {processor.py:914} INFO - Processing file /home/airflow/.local/lib/python3.12/site-packages/airflow/example_dags/example_complex.py for tasks to queue
[2026-08-06T05:34:12.535+0000] {logging_mixin.py:190} INFO - [2026-08-06T05:34:12.534+0000] {dagbag.py:588} INFO - Filling up the DagBag from /home/airflow/.local/lib/python3.12/site-packages/airflow/example_dags/example_complex.py
[2026-08-06T05:34:12.563+0000] {processor.py:925} INFO - DAG(s) 'example_complex' retrieved from /home/airflow/.local/lib/python3.12/site-packages/airflow/example_dags/example_complex.py
[2026-08-06T05:34:12.643+0000] {logging_mixin.py:190} INFO - [2026-08-06T05:34:12.643+0000] {dag.py:3239} INFO - Sync 1 DAGs
[2026-08-06T05:34:12.682+0000] {logging_mixin.py:190} INFO - [2026-08-06T05:34:12.682+0000] {dag.py:4180} INFO - Setting next_dagrun for example_complex to None, run_after=None
[2026-08-06T05:34:12.731+0000] {processor.py:208} INFO - Processing /home/airflow/.local/lib/python3.12/site-packages/airflow/example_dags/example_complex.py took 0.215 seconds
[2026-08-06T05:34:43.591+0000] {processor.py:186} INFO - Started process (PID=269) to work on /home/airflow/.local/lib/python3.12/site-packages/airflow/example_dags/example_complex.py
[2026-08-06T05:34:43.593+0000] {processor.py:914} INFO - Processing file /home/airflow/.local/lib/python3.12/site-packages/airflow/example_dags/example_complex.py for tasks to queue
[2026-08-06T05:34:43.596+0000] {logging_mixin.py:190} INFO - [2026-08-06T05:34:43.596+0000] {dagbag.py:588} INFO - Filling up the DagBag from /home/airflow/.local/lib/python3.12/site-packages/airflow/example_dags/example_complex.py
[2026-08-06T05:34:43.611+0000] {processor.py:925} INFO - DAG(s) 'example_complex' retrieved from /home/airflow/.local/lib/python3.12/site-packages/airflow/example_dags/example_complex.py
[2026-08-06T05:34:43.660+0000] {logging_mixin.py:190} INFO - [2026-08-06T05:34:43.659+0000] {dag.py:3239} INFO - Sync 1 DAGs
[2026-08-06T05:34:43.687+0000] {logging_mixin.py:190} INFO - [2026-08-06T05:34:43.687+0000] {dag.py:4180} INFO - Setting next_dagrun for example_complex to None, run_after=None
[2026-08-06T05:34:43.718+0000] {processor.py:208} INFO - Processing /home/airflow/.local/lib/python3.12/site-packages/airflow/example_dags/example_complex.py took 0.134 seconds
[2026-08-06T05:35:15.282+0000] {processor.py:186} INFO - Started process (PID=332) to work on /home/airflow/.local/lib/python3.12/site-packages/airflow/example_dags/example_complex.py
[2026-08-06T05:35:15.286+0000] {processor.py:914} INFO - Processing file /home/airflow/.local/lib/python3.12/site-packages/airflow/example_dags/example_complex.py for tasks to queue
[2026-08-06T05:35:15.293+0000] {logging_mixin.py:190} INFO - [2026-08-06T05:35:15.292+0000] {dagbag.py:588} INFO - Filling up the DagBag from /home/airflow/.local/lib/python3.12/site-packages/airflow/example_dags/example_complex.py
[2026-08-06T05:35:15.317+0000] {processor.py:925} INFO - DAG(s) 'example_complex' retrieved from /home/airflow/.local/lib/python3.12/site-packages/airflow/example_dags/example_complex.py
[2026-08-06T05:35:15.379+0000] {logging_mixin.py:190} INFO - [2026-08-06T05:35:15.379+0000] {dag.py:3239} INFO - Sync 1 DAGs
[2026-08-06T05:35:15.402+0000] {logging_mixin.py:190} INFO - [2026-08-06T05:35:15.402+0000] {dag.py:4180} INFO - Setting next_dagrun for example_complex to None, run_after=None
[2026-08-06T05:35:15.461+0000] {processor.py:208} INFO - Processing /home/airflow/.local/lib/python3.12/site-packages/airflow/example_dags/example_complex.py took 0.194 seconds
[2026-08-06T05:37:00.162+0000] {processor.py:186} INFO - Started process (PID=88) to work on /home/airflow/.local/lib/python3.12/site-packages/airflow/example_dags/example_complex.py
[2026-08-06T05:37:00.165+0000] {processor.py:914} INFO - Processing file /home/airflow/.local/lib/python3.12/site-packages/airflow/example_dags/example_complex.py for tasks to queue
[2026-08-06T05:37:00.170+0000] {logging_mixin.py:190} INFO - [2026-08-06T05:37:00.170+0000] {dagbag.py:588} INFO - Filling up the DagBag from /home/airflow/.local/lib/python3.12/site-packages/airflow/example_dags/example_complex.py
[2026-08-06T05:37:00.195+0000] {processor.py:925} INFO - DAG(s) 'example_complex' retrieved from /home/airflow/.local/lib/python3.12/site-packages/airflow/example_dags/example_complex.py
[2026-08-06T05:37:00.247+0000] {logging_mixin.py:190} INFO - [2026-08-06T05:37:00.246+0000] {dag.py:3239} INFO - Sync 1 DAGs
[2026-08-06T05:37:00.268+0000] {logging_mixin.py:190} INFO - [2026-08-06T05:37:00.267+0000] {dag.py:4180} INFO - Setting next_dagrun for example_complex to None, run_after=None
[2026-08-06T05:37:00.300+0000] {processor.py:208} INFO - Processing /home/airflow/.local/lib/python3.12/site-packages/airflow/example_dags/example_complex.py took 0.148 seconds
[2026-08-06T05:37:31.258+0000] {processor.py:186} INFO - Started process (PID=152) to work on /home/airflow/.local/lib/python3.12/site-packages/airflow/example_dags/example_complex.py
[2026-08-06T05:37:31.260+0000] {processor.py:914} INFO - Processing file /home/airflow/.local/lib/python3.12/site-packages/airflow/example_dags/example_complex.py for tasks to queue
[2026-08-06T05:37:31.263+0000] {logging_mixin.py:190} INFO - [2026-08-06T05:37:31.263+0000] {dagbag.py:588} INFO - Filling up the DagBag from /home/airflow/.local/lib/python3.12/site-packages/airflow/example_dags/example_complex.py
[2026-08-06T05:37:31.283+0000] {processor.py:925} INFO - DAG(s) 'example_complex' retrieved from /home/airflow/.local/lib/python3.12/site-packages/airflow/example_dags/example_complex.py
[2026-08-06T05:37:31.326+0000] {logging_mixin.py:190} INFO - [2026-08-06T05:37:31.326+0000] {dag.py:3239} INFO - Sync 1 DAGs
[2026-08-06T05:37:31.349+0000] {logging_mixin.py:190} INFO - [2026-08-06T05:37:31.348+0000] {dag.py:4180} INFO - Setting next_dagrun for example_complex to None, run_after=None
[2026-08-06T05:37:31.383+0000] {processor.py:208} INFO - Processing /home/airflow/.local/lib/python3.12/site-packages/airflow/example_dags/example_complex.py took 0.134 seconds
[2026-08-06T05:38:02.320+0000] {processor.py:186} INFO - Started process (PID=216) to work on /home/airflow/.local/lib/python3.12/site-packages/airflow/example_dags/example_complex.py
[2026-08-06T05:38:02.322+0000] {processor.py:914} INFO - Processing file /home/airflow/.local/lib/python3.12/site-packages/airflow/example_dags/example_complex.py for tasks to queue
[2026-08-06T05:38:02.325+0000] {logging_mixin.py:190} INFO - [2026-08-06T05:38:02.325+0000] {dagbag.py:588} INFO - Filling up the DagBag from /home/airflow/.local/lib/python3.12/site-packages/airflow/example_dags/example_complex.py
[2026-08-06T05:38:02.340+0000] {processor.py:925} INFO - DAG(s) 'example_complex' retrieved from /home/airflow/.local/lib/python3.12/site-packages/airflow/example_dags/example_complex.py
[2026-08-06T05:38:02.378+0000] {logging_mixin.py:190} INFO - [2026-08-06T05:38:02.377+0000] {dag.py:3239} INFO - Sync 1 DAGs
[2026-08-06T05:38:02.432+0000] {logging_mixin.py:190} INFO - [2026-08-06T05:38:02.432+0000] {dag.py:4180} INFO - Setting next_dagrun for example_complex to None, run_after=None
[2026-08-06T05:38:02.456+0000] {processor.py:208} INFO - Processing /home/airflow/.local/lib/python3.12/site-packages/airflow/example_dags/example_complex.py took 0.142 seconds
[2026-08-06T05:38:35.455+0000] {processor.py:186} INFO - Started process (PID=287) to work on /home/airflow/.local/lib/python3.12/site-packages/airflow/example_dags/example_complex.py
[2026-08-06T05:38:35.460+0000] {processor.py:914} INFO - Processing file /home/airflow/.local/lib/python3.12/site-packages/airflow/example_dags/example_complex.py for tasks to queue
[2026-08-06T05:38:35.469+0000] {logging_mixin.py:190} INFO - [2026-08-06T05:38:35.467+0000] {dagbag.py:588} INFO - Filling up the DagBag from /home/airflow/.local/lib/python3.12/site-packages/airflow/example_dags/example_complex.py
[2026-08-06T05:38:35.504+0000] {processor.py:925} INFO - DAG(s) 'example_complex' retrieved from /home/airflow/.local/lib/python3.12/site-packages/airflow/example_dags/example_complex.py
[2026-08-06T05:38:35.592+0000] {logging_mixin.py:190} INFO - [2026-08-06T05:38:35.589+0000] {dag.py:3239} INFO - Sync 1 DAGs
[2026-08-06T05:38:35.653+0000] {logging_mixin.py:190} INFO - [2026-08-06T05:38:35.652+0000] {dag.py:4180} INFO - Setting next_dagrun for example_complex to None, run_after=None
[2026-08-06T05:38:35.721+0000] {processor.py:208} INFO - Processing /home/airflow/.local/lib/python3.12/site-packages/airflow/example_dags/example_complex.py took 0.298 seconds
[2026-08-06T05:39:07.228+0000] {processor.py:186} INFO - Started process (PID=359) to work on /home/airflow/.local/lib/python3.12/site-packages/airflow/example_dags/example_complex.py
[2026-08-06T05:39:07.230+0000] {processor.py:914} INFO - Processing file /home/airflow/.local/lib/python3.12/site-packages/airflow/example_dags/example_complex.py for tasks to queue
[2026-08-06T05:39:07.235+0000] {logging_mixin.py:190} INFO - [2026-08-06T05:39:07.234+0000] {dagbag.py:588} INFO - Filling up the DagBag from /home/airflow/.local/lib/python3.12/site-packages/airflow/example_dags/example_complex.py
[2026-08-06T05:39:07.253+0000] {processor.py:925} INFO - DAG(s) 'example_complex' retrieved from /home/airflow/.local/lib/python3.12/site-packages/airflow/example_dags/example_complex.py
[2026-08-06T05:39:07.297+0000] {logging_mixin.py:190} INFO - [2026-08-06T05:39:07.296+0000] {dag.py:3239} INFO - Sync 1 DAGs
[2026-08-06T05:39:07.315+0000] {logging_mixin.py:190} INFO - [2026-08-06T05:39:07.315+0000] {dag.py:4180} INFO - Setting next_dagrun for example_complex to None, run_after=None
[2026-08-06T05:39:07.384+0000] {processor.py:208} INFO - Processing /home/airflow/.local/lib/python3.12/site-packages/airflow/example_dags/example_complex.py took 0.166 seconds
[2026-08-06T05:39:39.040+0000] {processor.py:186} INFO - Started process (PID=423) to work on /home/airflow/.local/lib/python3.12/site-packages/airflow/example_dags/example_complex.py
[2026-08-06T05:39:39.042+0000] {processor.py:914} INFO - Processing file /home/airflow/.local/lib/python3.12/site-packages/airflow/example_dags/example_complex.py for tasks to queue
[2026-08-06T05:39:39.047+0000] {logging_mixin.py:190} INFO - [2026-08-06T05:39:39.046+0000] {dagbag.py:588} INFO - Filling up the DagBag from /home/airflow/.local/lib/python3.12/site-packages/airflow/example_dags/example_complex.py
[2026-08-06T05:39:39.069+0000] {processor.py:925} INFO - DAG(s) 'example_complex' retrieved from /home/airflow/.local/lib/python3.12/site-packages/airflow/example_dags/example_complex.py
[2026-08-06T05:39:39.118+0000] {logging_mixin.py:190} INFO - [2026-08-06T05:39:39.117+0000] {dag.py:3239} INFO - Sync 1 DAGs
[2026-08-06T05:39:39.154+0000] {logging_mixin.py:190} INFO - [2026-08-06T05:39:39.153+0000] {dag.py:4180} INFO - Setting next_dagrun for example_complex to None, run_after=None
[2026-08-06T05:39:39.204+0000] {processor.py:208} INFO - Processing /home/airflow/.local/lib/python3.12/site-packages/airflow/example_dags/example_complex.py took 0.175 seconds
[2026-08-06T05:40:11.145+0000] {processor.py:186} INFO - Started process (PID=487) to work on /home/airflow/.local/lib/python3.12/site-packages/airflow/example_dags/example_complex.py
[2026-08-06T05:40:11.148+0000] {processor.py:914} INFO - Processing file /home/airflow/.local/lib/python3.12/site-packages/airflow/example_dags/example_complex.py for tasks to queue
[2026-08-06T05:40:11.159+0000] {logging_mixin.py:190} INFO - [2026-08-06T05:40:11.158+0000] {dagbag.py:588} INFO - Filling up the DagBag from /home/airflow/.local/lib/python3.12/site-packages/airflow/example_dags/example_complex.py
[2026-08-06T05:40:11.189+0000] {processor.py:925} INFO - DAG(s) 'example_complex' retrieved from /home/airflow/.local/lib/python3.12/site-packages/airflow/example_dags/example_complex.py
[2026-08-06T05:40:11.243+0000] {logging_mixin.py:190} INFO - [2026-08-06T05:40:11.243+0000] {dag.py:3239} INFO - Sync 1 DAGs
[2026-08-06T05:40:11.265+0000] {logging_mixin.py:190} INFO - [2026-08-06T05:40:11.265+0000] {dag.py:4180} INFO - Setting next_dagrun for example_complex to None, run_after=None
[2026-08-06T05:40:11.296+0000] {processor.py:208} INFO - Processing /home/airflow/.local/lib/python3.12/site-packages/airflow/example_dags/example_complex.py took 0.175 seconds
[2026-08-06T05:40:42.080+0000] {processor.py:186} INFO - Started process (PID=551) to work on /home/airflow/.local/lib/python3.12/site-packages/airflow/example_dags/example_complex.py
[2026-08-06T05:40:42.082+0000] {processor.py:914} INFO - Processing file /home/airflow/.local/lib/python3.12/site-packages/airflow/example_dags/example_complex.py for tasks to queue
[2026-08-06T05:40:42.087+0000] {logging_mixin.py:190} INFO - [2026-08-06T05:40:42.086+0000] {dagbag.py:588} INFO - Filling up the DagBag from /home/airflow/.local/lib/python3.12/site-packages/airflow/example_dags/example_complex.py
[2026-08-06T05:40:42.112+0000] {processor.py:925} INFO - DAG(s) 'example_complex' retrieved from /home/airflow/.local/lib/python3.12/site-packages/airflow/example_dags/example_complex.py
[2026-08-06T05:40:42.170+0000] {logging_mixin.py:190} INFO - [2026-08-06T05:40:42.169+0000] {dag.py:3239} INFO - Sync 1 DAGs
[2026-08-06T05:40:42.195+0000] {logging_mixin.py:190} INFO - [2026-08-06T05:40:42.194+0000] {dag.py:4180} INFO - Setting next_dagrun for example_complex to None, run_after=None
[2026-08-06T05:40:42.233+0000] {processor.py:208} INFO - Processing /home/airflow/.local/lib/python3.12/site-packages/airflow/example_dags/example_complex.py took 0.162 seconds
[2026-08-06T05:41:13.581+0000] {processor.py:186} INFO - Started process (PID=615) to work on /home/airflow/.local/lib/python3.12/site-packages/airflow/example_dags/example_complex.py
[2026-08-06T05:41:13.585+0000] {processor.py:914} INFO - Processing file /home/airflow/.local/lib/python3.12/site-packages/airflow/example_dags/example_complex.py for tasks to queue
[2026-08-06T05:41:13.591+0000] {logging_mixin.py:190} INFO - [2026-08-06T05:41:13.590+0000] {dagbag.py:588} INFO - Filling up the DagBag from /home/airflow/.local/lib/python3.12/site-packages/airflow/example_dags/example_complex.py
[2026-08-06T05:41:13.613+0000] {processor.py:925} INFO - DAG(s) 'example_complex' retrieved from /home/airflow/.local/lib/python3.12/site-packages/airflow/example_dags/example_complex.py
[2026-08-06T05:41:13.672+0000] {logging_mixin.py:190} INFO - [2026-08-06T05:41:13.672+0000] {dag.py:3239} INFO - Sync 1 DAGs
[2026-08-06T05:41:13.702+0000] {logging_mixin.py:190} INFO - [2026-08-06T05:41:13.701+0000] {dag.py:4180} INFO - Setting next_dagrun for example_complex to None, run_after=None
[2026-08-06T05:41:13.767+0000] {processor.py:208} INFO - Processing /home/airflow/.local/lib/python3.12/site-packages/airflow/example_dags/example_complex.py took 0.197 seconds
[2026-08-06T05:41:45.542+0000] {processor.py:186} INFO - Started process (PID=679) to work on /home/airflow/.local/lib/python3.12/site-packages/airflow/example_dags/example_complex.py
[2026-08-06T05:41:45.544+0000] {processor.py:914} INFO - Processing file /home/airflow/.local/lib/python3.12/site-packages/airflow/example_dags/example_complex.py for tasks to queue
[2026-08-06T05:41:45.557+0000] {logging_mixin.py:190} INFO - [2026-08-06T05:41:45.556+0000] {dagbag.py:588} INFO - Filling up the DagBag from /home/airflow/.local/lib/python3.12/site-packages/airflow/example_dags/example_complex.py
[2026-08-06T05:41:45.593+0000] {processor.py:925} INFO - DAG(s) 'example_complex' retrieved from /home/airflow/.local/lib/python3.12/site-packages/airflow/example_dags/example_complex.py
[2026-08-06T05:41:45.644+0000] {logging_mixin.py:190} INFO - [2026-08-06T05:41:45.644+0000] {dag.py:3239} INFO - Sync 1 DAGs
[2026-08-06T05:41:45.665+0000] {logging_mixin.py:190} INFO - [2026-08-06T05:41:45.665+0000] {dag.py:4180} INFO - Setting next_dagrun for example_complex to None, run_after=None
[2026-08-06T05:41:45.717+0000] {processor.py:208} INFO - Processing /home/airflow/.local/lib/python3.12/site-packages/airflow/example_dags/example_complex.py took 0.189 seconds
[2026-08-06T05:42:17.884+0000] {processor.py:186} INFO - Started process (PID=743) to work on /home/airflow/.local/lib/python3.12/site-packages/airflow/example_dags/example_complex.py
[2026-08-06T05:42:17.886+0000] {processor.py:914} INFO - Processing file /home/airflow/.local/lib/python3.12/site-packages/airflow/example_dags/example_complex.py for tasks to queue
[2026-08-06T05:42:17.890+0000] {logging_mixin.py:190} INFO - [2026-08-06T05:42:17.890+0000] {dagbag.py:588} INFO - Filling up the DagBag from /home/airflow/.local/lib/python3.12/site-packages/airflow/example_dags/example_complex.py
[2026-08-06T05:42:17.912+0000] {processor.py:925} INFO - DAG(s) 'example_complex' retrieved from /home/airflow/.local/lib/python3.12/site-packages/airflow/example_dags/example_complex.py
[2026-08-06T05:42:17.963+0000] {logging_mixin.py:190} INFO - [2026-08-06T05:42:17.962+0000] {dag.py:3239} INFO - Sync 1 DAGs
[2026-08-06T05:42:17.987+0000] {logging_mixin.py:190} INFO - [2026-08-06T05:42:17.987+0000] {dag.py:4180} INFO - Setting next_dagrun for example_complex to None, run_after=None
[2026-08-06T05:42:18.029+0000] {processor.py:208} INFO - Processing /home/airflow/.local/lib/python3.12/site-packages/airflow/example_dags/example_complex.py took 0.155 seconds
[2026-08-06T05:42:48.939+0000] {processor.py:186} INFO - Started process (PID=807) to work on /home/airflow/.local/lib/python3.12/site-packages/airflow/example_dags/example_complex.py
[2026-08-06T05:42:48.941+0000] {processor.py:914} INFO - Processing file /home/airflow/.local/lib/python3.12/site-packages/airflow/example_dags/example_complex.py for tasks to queue
[2026-08-06T05:42:48.945+0000] {logging_mixin.py:190} INFO - [2026-08-06T05:42:48.945+0000] {dagbag.py:588} INFO - Filling up the DagBag from /home/airflow/.local/lib/python3.12/site-packages/airflow/example_dags/example_complex.py
[2026-08-06T05:42:48.967+0000] {processor.py:925} INFO - DAG(s) 'example_complex' retrieved from /home/airflow/.local/lib/python3.12/site-packages/airflow/example_dags/example_complex.py
[2026-08-06T05:42:49.010+0000] {logging_mixin.py:190} INFO - [2026-08-06T05:42:49.010+0000] {dag.py:3239} INFO - Sync 1 DAGs
[2026-08-06T05:42:49.036+0000] {logging_mixin.py:190} INFO - [2026-08-06T05:42:49.036+0000] {dag.py:4180} INFO - Setting next_dagrun for example_complex to None, run_after=None
[2026-08-06T05:42:49.106+0000] {processor.py:208} INFO - Processing /home/airflow/.local/lib/python3.12/site-packages/airflow/example_dags/example_complex.py took 0.177 seconds
[2026-08-06T05:43:21.085+0000] {processor.py:186} INFO - Started process (PID=871) to work on /home/airflow/.local/lib/python3.12/site-packages/airflow/example_dags/example_complex.py
[2026-08-06T05:43:21.087+0000] {processor.py:914} INFO - Processing file /home/airflow/.local/lib/python3.12/site-packages/airflow/example_dags/example_complex.py for tasks to queue
[2026-08-06T05:43:21.091+0000] {logging_mixin.py:190} INFO - [2026-08-06T05:43:21.090+0000] {dagbag.py:588} INFO - Filling up the DagBag from /home/airflow/.local/lib/python3.12/site-packages/airflow/example_dags/example_complex.py
[2026-08-06T05:43:21.111+0000] {processor.py:925} INFO - DAG(s) 'example_complex' retrieved from /home/airflow/.local/lib/python3.12/site-packages/airflow/example_dags/example_complex.py
[2026-08-06T05:43:21.160+0000] {logging_mixin.py:190} INFO - [2026-08-06T05:43:21.158+0000] {dag.py:3239} INFO - Sync 1 DAGs
[2026-08-06T05:43:21.197+0000] {logging_mixin.py:190} INFO - [2026-08-06T05:43:21.196+0000] {dag.py:4180} INFO - Setting next_dagrun for example_complex to None, run_after=None
[2026-08-06T05:43:21.269+0000] {processor.py:208} INFO - Processing /home/airflow/.local/lib/python3.12/site-packages/airflow/example_dags/example_complex.py took 0.197 seconds
[2026-08-06T05:43:53.445+0000] {processor.py:186} INFO - Started process (PID=956) to work on /home/airflow/.local/lib/python3.12/site-packages/airflow/example_dags/example_complex.py
[2026-08-06T05:43:53.448+0000] {processor.py:914} INFO - Processing file /home/airflow/.local/lib/python3.12/site-packages/airflow/example_dags/example_complex.py for tasks to queue
[2026-08-06T05:43:53.455+0000] {logging_mixin.py:190} INFO - [2026-08-06T05:43:53.454+0000] {dagbag.py:588} INFO - Filling up the DagBag from /home/airflow/.local/lib/python3.12/site-packages/airflow/example_dags/example_complex.py
[2026-08-06T05:43:53.502+0000] {processor.py:925} INFO - DAG(s) 'example_complex' retrieved from /home/airflow/.local/lib/python3.12/site-packages/airflow/example_dags/example_complex.py
[2026-08-06T05:43:53.592+0000] {logging_mixin.py:190} INFO - [2026-08-06T05:43:53.591+0000] {dag.py:3239} INFO - Sync 1 DAGs
[2026-08-06T05:43:53.628+0000] {logging_mixin.py:190} INFO - [2026-08-06T05:43:53.627+0000] {dag.py:4180} INFO - Setting next_dagrun for example_complex to None, run_after=None
[2026-08-06T05:43:53.685+0000] {processor.py:208} INFO - Processing /home/airflow/.local/lib/python3.12/site-packages/airflow/example_dags/example_complex.py took 0.257 seconds
[2026-08-06T05:44:25.389+0000] {processor.py:186} INFO - Started process (PID=1020) to work on /home/airflow/.local/lib/python3.12/site-packages/airflow/example_dags/example_complex.py
[2026-08-06T05:44:25.391+0000] {processor.py:914} INFO - Processing file /home/airflow/.local/lib/python3.12/site-packages/airflow/example_dags/example_complex.py for tasks to queue
[2026-08-06T05:44:25.396+0000] {logging_mixin.py:190} INFO - [2026-08-06T05:44:25.395+0000] {dagbag.py:588} INFO - Filling up the DagBag from /home/airflow/.local/lib/python3.12/site-packages/airflow/example_dags/example_complex.py
[2026-08-06T05:44:25.418+0000] {processor.py:925} INFO - DAG(s) 'example_complex' retrieved from /home/airflow/.local/lib/python3.12/site-packages/airflow/example_dags/example_complex.py
[2026-08-06T05:44:25.474+0000] {logging_mixin.py:190} INFO - [2026-08-06T05:44:25.474+0000] {dag.py:3239} INFO - Sync 1 DAGs
[2026-08-06T05:44:25.518+0000] {logging_mixin.py:190} INFO - [2026-08-06T05:44:25.518+0000] {dag.py:4180} INFO - Setting next_dagrun for example_complex to None, run_after=None
[2026-08-06T05:44:25.567+0000] {processor.py:208} INFO - Processing /home/airflow/.local/lib/python3.12/site-packages/airflow/example_dags/example_complex.py took 0.186 seconds
[2026-08-06T05:44:56.652+0000] {processor.py:186} INFO - Started process (PID=1083) to work on /home/airflow/.local/lib/python3.12/site-packages/airflow/example_dags/example_complex.py
[2026-08-06T05:44:56.655+0000] {processor.py:914} INFO - Processing file /home/airflow/.local/lib/python3.12/site-packages/airflow/example_dags/example_complex.py for tasks to queue
[2026-08-06T05:44:56.662+0000] {logging_mixin.py:190} INFO - [2026-08-06T05:44:56.661+0000] {dagbag.py:588} INFO - Filling up the DagBag from /home/airflow/.local/lib/python3.12/site-packages/airflow/example_dags/example_complex.py
[2026-08-06T05:44:56.686+0000] {processor.py:925} INFO - DAG(s) 'example_complex' retrieved from /home/airflow/.local/lib/python3.12/site-packages/airflow/example_dags/example_complex.py
[2026-08-06T05:44:56.739+0000] {logging_mixin.py:190} INFO - [2026-08-06T05:44:56.739+0000] {dag.py:3239} INFO - Sync 1 DAGs
[2026-08-06T05:44:56.764+0000] {logging_mixin.py:190} INFO - [2026-08-06T05:44:56.764+0000] {dag.py:4180} INFO - Setting next_dagrun for example_complex to None, run_after=None
[2026-08-06T05:44:56.798+0000] {processor.py:208} INFO - Processing /home/airflow/.local/lib/python3.12/site-packages/airflow/example_dags/example_complex.py took 0.157 seconds
[2026-08-06T05:45:28.053+0000] {processor.py:186} INFO - Started process (PID=1147) to work on /home/airflow/.local/lib/python3.12/site-packages/airflow/example_dags/example_complex.py
[2026-08-06T05:45:28.063+0000] {processor.py:914} INFO - Processing file /home/airflow/.local/lib/python3.12/site-packages/airflow/example_dags/example_complex.py for tasks to queue
[2026-08-06T05:45:28.073+0000] {logging_mixin.py:190} INFO - [2026-08-06T05:45:28.072+0000] {dagbag.py:588} INFO - Filling up the DagBag from /home/airflow/.local/lib/python3.12/site-packages/airflow/example_dags/example_complex.py
[2026-08-06T05:45:28.100+0000] {processor.py:925} INFO - DAG(s) 'example_complex' retrieved from /home/airflow/.local/lib/python3.12/site-packages/airflow/example_dags/example_complex.py
[2026-08-06T05:45:28.160+0000] {logging_mixin.py:190} INFO - [2026-08-06T05:45:28.159+0000] {dag.py:3239} INFO - Sync 1 DAGs
[2026-08-06T05:45:28.253+0000] {logging_mixin.py:190} INFO - [2026-08-06T05:45:28.252+0000] {dag.py:4180} INFO - Setting next_dagrun for example_complex to None, run_after=None
[2026-08-06T05:45:28.341+0000] {processor.py:208} INFO - Processing /home/airflow/.local/lib/python3.12/site-packages/airflow/example_dags/example_complex.py took 0.301 seconds
[2026-08-06T05:45:59.798+0000] {processor.py:186} INFO - Started process (PID=1211) to work on /home/airflow/.local/lib/python3.12/site-packages/airflow/example_dags/example_complex.py
[2026-08-06T05:45:59.876+0000] {processor.py:914} INFO - Processing file /home/airflow/.local/lib/python3.12/site-packages/airflow/example_dags/example_complex.py for tasks to queue
[2026-08-06T05:45:59.885+0000] {logging_mixin.py:190} INFO - [2026-08-06T05:45:59.884+0000] {dagbag.py:588} INFO - Filling up the DagBag from /home/airflow/.local/lib/python3.12/site-packages/airflow/example_dags/example_complex.py
[2026-08-06T05:45:59.927+0000] {processor.py:925} INFO - DAG(s) 'example_complex' retrieved from /home/airflow/.local/lib/python3.12/site-packages/airflow/example_dags/example_complex.py
[2026-08-06T05:46:00.000+0000] {logging_mixin.py:190} INFO - [2026-08-06T05:45:59.999+0000] {dag.py:3239} INFO - Sync 1 DAGs
[2026-08-06T05:46:00.041+0000] {logging_mixin.py:190} INFO - [2026-08-06T05:46:00.040+0000] {dag.py:4180} INFO - Setting next_dagrun for example_complex to None, run_after=None
[2026-08-06T05:46:00.099+0000] {processor.py:208} INFO - Processing /home/airflow/.local/lib/python3.12/site-packages/airflow/example_dags/example_complex.py took 0.316 seconds
[2026-08-06T05:46:30.218+0000] {processor.py:186} INFO - Started process (PID=1274) to work on /home/airflow/.local/lib/python3.12/site-packages/airflow/example_dags/example_complex.py
[2026-08-06T05:46:30.219+0000] {processor.py:914} INFO - Processing file /home/airflow/.local/lib/python3.12/site-packages/airflow/example_dags/example_complex.py for tasks to queue
[2026-08-06T05:46:30.224+0000] {logging_mixin.py:190} INFO - [2026-08-06T05:46:30.224+0000] {dagbag.py:588} INFO - Filling up the DagBag from /home/airflow/.local/lib/python3.12/site-packages/airflow/example_dags/example_complex.py
[2026-08-06T05:46:30.249+0000] {processor.py:925} INFO - DAG(s) 'example_complex' retrieved from /home/airflow/.local/lib/python3.12/site-packages/airflow/example_dags/example_complex.py
[2026-08-06T05:46:30.303+0000] {logging_mixin.py:190} INFO - [2026-08-06T05:46:30.302+0000] {dag.py:3239} INFO - Sync 1 DAGs
[2026-08-06T05:46:30.331+0000] {logging_mixin.py:190} INFO - [2026-08-06T05:46:30.330+0000] {dag.py:4180} INFO - Setting next_dagrun for example_complex to None, run_after=None
[2026-08-06T05:46:30.416+0000] {processor.py:208} INFO - Processing /home/airflow/.local/lib/python3.12/site-packages/airflow/example_dags/example_complex.py took 0.208 seconds
[2026-08-06T05:47:01.297+0000] {processor.py:186} INFO - Started process (PID=1338) to work on /home/airflow/.local/lib/python3.12/site-packages/airflow/example_dags/example_complex.py
[2026-08-06T05:47:01.299+0000] {processor.py:914} INFO - Processing file /home/airflow/.local/lib/python3.12/site-packages/airflow/example_dags/example_complex.py for tasks to queue
[2026-08-06T05:47:01.306+0000] {logging_mixin.py:190} INFO - [2026-08-06T05:47:01.305+0000] {dagbag.py:588} INFO - Filling up the DagBag from /home/airflow/.local/lib/python3.12/site-packages/airflow/example_dags/example_complex.py
[2026-08-06T05:47:01.335+0000] {processor.py:925} INFO - DAG(s) 'example_complex' retrieved from /home/airflow/.local/lib/python3.12/site-packages/airflow/example_dags/example_complex.py
[2026-08-06T05:47:01.399+0000] {logging_mixin.py:190} INFO - [2026-08-06T05:47:01.398+0000] {dag.py:3239} INFO - Sync 1 DAGs
[2026-08-06T05:47:01.428+0000] {logging_mixin.py:190} INFO - [2026-08-06T05:47:01.427+0000] {dag.py:4180} INFO - Setting next_dagrun for example_complex to None, run_after=None
[2026-08-06T05:47:01.514+0000] {processor.py:208} INFO - Processing /home/airflow/.local/lib/python3.12/site-packages/airflow/example_dags/example_complex.py took 0.229 seconds
[2026-08-06T05:47:31.684+0000] {processor.py:186} INFO - Started process (PID=1401) to work on /home/airflow/.local/lib/python3.12/site-packages/airflow/example_dags/example_complex.py
[2026-08-06T05:47:31.686+0000] {processor.py:914} INFO - Processing file /home/airflow/.local/lib/python3.12/site-packages/airflow/example_dags/example_complex.py for tasks to queue
[2026-08-06T05:47:31.690+0000] {logging_mixin.py:190} INFO - [2026-08-06T05:47:31.690+0000] {dagbag.py:588} INFO - Filling up the DagBag from /home/airflow/.local/lib/python3.12/site-packages/airflow/example_dags/example_complex.py
[2026-08-06T05:47:31.713+0000] {processor.py:925} INFO - DAG(s) 'example_complex' retrieved from /home/airflow/.local/lib/python3.12/site-packages/airflow/example_dags/example_complex.py
[2026-08-06T05:47:31.763+0000] {logging_mixin.py:190} INFO - [2026-08-06T05:47:31.763+0000] {dag.py:3239} INFO - Sync 1 DAGs
[2026-08-06T05:47:31.785+0000] {logging_mixin.py:190} INFO - [2026-08-06T05:47:31.785+0000] {dag.py:4180} INFO - Setting next_dagrun for example_complex to None, run_after=None
[2026-08-06T05:47:31.821+0000] {processor.py:208} INFO - Processing /home/airflow/.local/lib/python3.12/site-packages/airflow/example_dags/example_complex.py took 0.146 seconds
[2026-08-06T05:48:02.358+0000] {processor.py:186} INFO - Started process (PID=1465) to work on /home/airflow/.local/lib/python3.12/site-packages/airflow/example_dags/example_complex.py
[2026-08-06T05:48:02.360+0000] {processor.py:914} INFO - Processing file /home/airflow/.local/lib/python3.12/site-packages/airflow/example_dags/example_complex.py for tasks to queue
[2026-08-06T05:48:02.365+0000] {logging_mixin.py:190} INFO - [2026-08-06T05:48:02.364+0000] {dagbag.py:588} INFO - Filling up the DagBag from /home/airflow/.local/lib/python3.12/site-packages/airflow/example_dags/example_complex.py
[2026-08-06T05:48:02.386+0000] {processor.py:925} INFO - DAG(s) 'example_complex' retrieved from /home/airflow/.local/lib/python3.12/site-packages/airflow/example_dags/example_complex.py
[2026-08-06T05:48:02.445+0000] {logging_mixin.py:190} INFO - [2026-08-06T05:48:02.445+0000] {dag.py:3239} INFO - Sync 1 DAGs
[2026-08-06T05:48:02.471+0000] {logging_mixin.py:190} INFO - [2026-08-06T05:48:02.470+0000] {dag.py:4180} INFO - Setting next_dagrun for example_complex to None, run_after=None
[2026-08-06T05:48:02.531+0000] {processor.py:208} INFO - Processing /home/airflow/.local/lib/python3.12/site-packages/airflow/example_dags/example_complex.py took 0.183 seconds
[2026-08-06T05:48:33.234+0000] {processor.py:186} INFO - Started process (PID=1529) to work on /home/airflow/.local/lib/python3.12/site-packages/airflow/example_dags/example_complex.py
[2026-08-06T05:48:33.236+0000] {processor.py:914} INFO - Processing file /home/airflow/.local/lib/python3.12/site-packages/airflow/example_dags/example_complex.py for tasks to queue
[2026-08-06T05:48:33.239+0000] {logging_mixin.py:190} INFO - [2026-08-06T05:48:33.239+0000] {dagbag.py:588} INFO - Filling up the DagBag from /home/airflow/.local/lib/python3.12/site-packages/airflow/example_dags/example_complex.py
[2026-08-06T05:48:33.255+0000] {processor.py:925} INFO - DAG(s) 'example_complex' retrieved from /home/airflow/.local/lib/python3.12/site-packages/airflow/example_dags/example_complex.py
[2026-08-06T05:48:33.298+0000] {logging_mixin.py:190} INFO - [2026-08-06T05:48:33.297+0000] {dag.py:3239} INFO - Sync 1 DAGs
[2026-08-06T05:48:33.317+0000] {logging_mixin.py:190} INFO - [2026-08-06T05:48:33.317+0000] {dag.py:4180} INFO - Setting next_dagrun for example_complex to None, run_after=None
[2026-08-06T05:48:33.370+0000] {processor.py:208} INFO - Processing /home/airflow/.local/lib/python3.12/site-packages/airflow/example_dags/example_complex.py took 0.144 seconds
[2026-08-06T05:49:05.009+0000] {processor.py:186} INFO - Started process (PID=1608) to work on /home/airflow/.local/lib/python3.12/site-packages/airflow/example_dags/example_complex.py
[2026-08-06T05:49:05.075+0000] {processor.py:914} INFO - Processing file /home/airflow/.local/lib/python3.12/site-packages/airflow/example_dags/example_complex.py for tasks to queue
[2026-08-06T05:49:05.093+0000] {logging_mixin.py:190} INFO - [2026-08-06T05:49:05.092+0000] {dagbag.py:588} INFO - Filling up the DagBag from /home/airflow/.local/lib/python3.12/site-packages/airflow/example_dags/example_complex.py
[2026-08-06T05:49:05.127+0000] {processor.py:925} INFO - DAG(s) 'example_complex' retrieved from /home/airflow/.local/lib/python3.12/site-packages/airflow/example_dags/example_complex.py
[2026-08-06T05:49:05.290+0000] {logging_mixin.py:190} INFO - [2026-08-06T05:49:05.289+0000] {dag.py:3239} INFO - Sync 1 DAGs
[2026-08-06T05:49:05.321+0000] {logging_mixin.py:190} INFO - [2026-08-06T05:49:05.320+0000] {dag.py:4180} INFO - Setting next_dagrun for example_complex to None, run_after=None
[2026-08-06T05:49:05.371+0000] {processor.py:208} INFO - Processing /home/airflow/.local/lib/python3.12/site-packages/airflow/example_dags/example_complex.py took 0.376 seconds
[2026-08-06T05:49:35.570+0000] {processor.py:186} INFO - Started process (PID=1672) to work on /home/airflow/.local/lib/python3.12/site-packages/airflow/example_dags/example_complex.py
[2026-08-06T05:49:35.571+0000] {processor.py:914} INFO - Processing file /home/airflow/.local/lib/python3.12/site-packages/airflow/example_dags/example_complex.py for tasks to queue
[2026-08-06T05:49:35.575+0000] {logging_mixin.py:190} INFO - [2026-08-06T05:49:35.574+0000] {dagbag.py:588} INFO - Filling up the DagBag from /home/airflow/.local/lib/python3.12/site-packages/airflow/example_dags/example_complex.py
[2026-08-06T05:49:35.595+0000] {processor.py:925} INFO - DAG(s) 'example_complex' retrieved from /home/airflow/.local/lib/python3.12/site-packages/airflow/example_dags/example_complex.py
[2026-08-06T05:49:35.653+0000] {logging_mixin.py:190} INFO - [2026-08-06T05:49:35.652+0000] {dag.py:3239} INFO - Sync 1 DAGs
[2026-08-06T05:49:35.686+0000] {logging_mixin.py:190} INFO - [2026-08-06T05:49:35.685+0000] {dag.py:4180} INFO - Setting next_dagrun for example_complex to None, run_after=None
[2026-08-06T05:49:35.728+0000] {processor.py:208} INFO - Processing /home/airflow/.local/lib/python3.12/site-packages/airflow/example_dags/example_complex.py took 0.170 seconds
[2026-08-06T05:50:06.641+0000] {processor.py:186} INFO - Started process (PID=1736) to work on /home/airflow/.local/lib/python3.12/site-packages/airflow/example_dags/example_complex.py
[2026-08-06T05:50:06.647+0000] {processor.py:914} INFO - Processing file /home/airflow/.local/lib/python3.12/site-packages/airflow/example_dags/example_complex.py for tasks to queue
[2026-08-06T05:50:06.651+0000] {logging_mixin.py:190} INFO - [2026-08-06T05:50:06.651+0000] {dagbag.py:588} INFO - Filling up the DagBag from /home/airflow/.local/lib/python3.12/site-packages/airflow/example_dags/example_complex.py
[2026-08-06T05:50:06.671+0000] {processor.py:925} INFO - DAG(s) 'example_complex' retrieved from /home/airflow/.local/lib/python3.12/site-packages/airflow/example_dags/example_complex.py
[2026-08-06T05:50:06.726+0000] {logging_mixin.py:190} INFO - [2026-08-06T05:50:06.726+0000] {dag.py:3239} INFO - Sync 1 DAGs
[2026-08-06T05:50:06.752+0000] {logging_mixin.py:190} INFO - [2026-08-06T05:50:06.751+0000] {dag.py:4180} INFO - Setting next_dagrun for example_complex to None, run_after=None
[2026-08-06T05:50:06.788+0000] {processor.py:208} INFO - Processing /home/airflow/.local/lib/python3.12/site-packages/airflow/example_dags/example_complex.py took 0.159 seconds
[2026-08-06T05:50:37.029+0000] {processor.py:186} INFO - Started process (PID=1800) to work on /home/airflow/.local/lib/python3.12/site-packages/airflow/example_dags/example_complex.py
[2026-08-06T05:50:37.030+0000] {processor.py:914} INFO - Processing file /home/airflow/.local/lib/python3.12/site-packages/airflow/example_dags/example_complex.py for tasks to queue
[2026-08-06T05:50:37.034+0000] {logging_mixin.py:190} INFO - [2026-08-06T05:50:37.034+0000] {dagbag.py:588} INFO - Filling up the DagBag from /home/airflow/.local/lib/python3.12/site-packages/airflow/example_dags/example_complex.py
[2026-08-06T05:50:37.052+0000] {processor.py:925} INFO - DAG(s) 'example_complex' retrieved from /home/airflow/.local/lib/python3.12/site-packages/airflow/example_dags/example_complex.py
[2026-08-06T05:50:37.094+0000] {logging_mixin.py:190} INFO - [2026-08-06T05:50:37.094+0000] {dag.py:3239} INFO - Sync 1 DAGs
[2026-08-06T05:50:37.110+0000] {logging_mixin.py:190} INFO - [2026-08-06T05:50:37.110+0000] {dag.py:4180} INFO - Setting next_dagrun for example_complex to None, run_after=None
[2026-08-06T05:50:37.159+0000] {processor.py:208} INFO - Processing /home/airflow/.local/lib/python3.12/site-packages/airflow/example_dags/example_complex.py took 0.138 seconds
[2026-08-06T05:51:07.638+0000] {processor.py:186} INFO - Started process (PID=1864) to work on /home/airflow/.local/lib/python3.12/site-packages/airflow/example_dags/example_complex.py
[2026-08-06T05:51:07.650+0000] {processor.py:914} INFO - Processing file /home/airflow/.local/lib/python3.12/site-packages/airflow/example_dags/example_complex.py for tasks to queue
[2026-08-06T05:51:07.655+0000] {logging_mixin.py:190} INFO - [2026-08-06T05:51:07.655+0000] {dagbag.py:588} INFO - Filling up the DagBag from /home/airflow/.local/lib/python3.12/site-packages/airflow/example_dags/example_complex.py
[2026-08-06T05:51:07.671+0000] {processor.py:925} INFO - DAG(s) 'example_complex' retrieved from /home/airflow/.local/lib/python3.12/site-packages/airflow/example_dags/example_complex.py
[2026-08-06T05:51:07.710+0000] {logging_mixin.py:190} INFO - [2026-08-06T05:51:07.710+0000] {dag.py:3239} INFO - Sync 1 DAGs
[2026-08-06T05:51:07.730+0000] {logging_mixin.py:190} INFO - [2026-08-06T05:51:07.730+0000] {dag.py:4180} INFO - Setting next_dagrun for example_complex to None, run_after=None
[2026-08-06T05:51:07.759+0000] {processor.py:208} INFO - Processing /home/airflow/.local/lib/python3.12/site-packages/airflow/example_dags/example_complex.py took 0.129 seconds
[2026-08-06T05:51:38.170+0000] {processor.py:186} INFO - Started process (PID=1928) to work on /home/airflow/.local/lib/python3.12/site-packages/airflow/example_dags/example_complex.py
[2026-08-06T05:51:38.173+0000] {processor.py:914} INFO - Processing file /home/airflow/.local/lib/python3.12/site-packages/airflow/example_dags/example_complex.py for tasks to queue
[2026-08-06T05:51:38.177+0000] {logging_mixin.py:190} INFO - [2026-08-06T05:51:38.177+0000] {dagbag.py:588} INFO - Filling up the DagBag from /home/airflow/.local/lib/python3.12/site-packages/airflow/example_dags/example_complex.py
[2026-08-06T05:51:38.197+0000] {processor.py:925} INFO - DAG(s) 'example_complex' retrieved from /home/airflow/.local/lib/python3.12/site-packages/airflow/example_dags/example_complex.py
[2026-08-06T05:51:38.246+0000] {logging_mixin.py:190} INFO - [2026-08-06T05:51:38.245+0000] {dag.py:3239} INFO - Sync 1 DAGs
[2026-08-06T05:51:38.274+0000] {logging_mixin.py:190} INFO - [2026-08-06T05:51:38.274+0000] {dag.py:4180} INFO - Setting next_dagrun for example_complex to None, run_after=None
[2026-08-06T05:51:38.333+0000] {processor.py:208} INFO - Processing /home/airflow/.local/lib/python3.12/site-packages/airflow/example_dags/example_complex.py took 0.172 seconds
[2026-08-06T05:52:09.147+0000] {processor.py:186} INFO - Started process (PID=1992) to work on /home/airflow/.local/lib/python3.12/site-packages/airflow/example_dags/example_complex.py
[2026-08-06T05:52:09.149+0000] {processor.py:914} INFO - Processing file /home/airflow/.local/lib/python3.12/site-packages/airflow/example_dags/example_complex.py for tasks to queue
[2026-08-06T05:52:09.154+0000] {logging_mixin.py:190} INFO - [2026-08-06T05:52:09.154+0000] {dagbag.py:588} INFO - Filling up the DagBag from /home/airflow/.local/lib/python3.12/site-packages/airflow/example_dags/example_complex.py
[2026-08-06T05:52:09.172+0000] {processor.py:925} INFO - DAG(s) 'example_complex' retrieved from /home/airflow/.local/lib/python3.12/site-packages/airflow/example_dags/example_complex.py
[2026-08-06T05:52:09.264+0000] {logging_mixin.py:190} INFO - [2026-08-06T05:52:09.263+0000] {dag.py:3239} INFO - Sync 1 DAGs
[2026-08-06T05:52:09.290+0000] {logging_mixin.py:190} INFO - [2026-08-06T05:52:09.289+0000] {dag.py:4180} INFO - Setting next_dagrun for example_complex to None, run_after=None
[2026-08-06T05:52:09.324+0000] {processor.py:208} INFO - Processing /home/airflow/.local/lib/python3.12/site-packages/airflow/example_dags/example_complex.py took 0.185 seconds
[2026-08-06T05:52:40.229+0000] {processor.py:186} INFO - Started process (PID=2056) to work on /home/airflow/.local/lib/python3.12/site-packages/airflow/example_dags/example_complex.py
[2026-08-06T05:52:40.233+0000] {processor.py:914} INFO - Processing file /home/airflow/.local/lib/python3.12/site-packages/airflow/example_dags/example_complex.py for tasks to queue
[2026-08-06T05:52:40.241+0000] {logging_mixin.py:190} INFO - [2026-08-06T05:52:40.240+0000] {dagbag.py:588} INFO - Filling up the DagBag from /home/airflow/.local/lib/python3.12/site-packages/airflow/example_dags/example_complex.py
[2026-08-06T05:52:40.282+0000] {processor.py:925} INFO - DAG(s) 'example_complex' retrieved from /home/airflow/.local/lib/python3.12/site-packages/airflow/example_dags/example_complex.py
[2026-08-06T05:52:40.360+0000] {logging_mixin.py:190} INFO - [2026-08-06T05:52:40.359+0000] {dag.py:3239} INFO - Sync 1 DAGs
[2026-08-06T05:52:40.392+0000] {logging_mixin.py:190} INFO - [2026-08-06T05:52:40.391+0000] {dag.py:4180} INFO - Setting next_dagrun for example_complex to None, run_after=None
[2026-08-06T05:52:40.436+0000] {processor.py:208} INFO - Processing /home/airflow/.local/lib/python3.12/site-packages/airflow/example_dags/example_complex.py took 0.222 seconds
[2026-08-06T05:53:10.909+0000] {processor.py:186} INFO - Started process (PID=2120) to work on /home/airflow/.local/lib/python3.12/site-packages/airflow/example_dags/example_complex.py
[2026-08-06T05:53:10.911+0000] {processor.py:914} INFO - Processing file /home/airflow/.local/lib/python3.12/site-packages/airflow/example_dags/example_complex.py for tasks to queue
[2026-08-06T05:53:10.914+0000] {logging_mixin.py:190} INFO - [2026-08-06T05:53:10.913+0000] {dagbag.py:588} INFO - Filling up the DagBag from /home/airflow/.local/lib/python3.12/site-packages/airflow/example_dags/example_complex.py
[2026-08-06T05:53:10.948+0000] {processor.py:925} INFO - DAG(s) 'example_complex' retrieved from /home/airflow/.local/lib/python3.12/site-packages/airflow/example_dags/example_complex.py
[2026-08-06T05:53:10.993+0000] {logging_mixin.py:190} INFO - [2026-08-06T05:53:10.993+0000] {dag.py:3239} INFO - Sync 1 DAGs
[2026-08-06T05:53:11.014+0000] {logging_mixin.py:190} INFO - [2026-08-06T05:53:11.014+0000] {dag.py:4180} INFO - Setting next_dagrun for example_complex to None, run_after=None
[2026-08-06T05:53:11.065+0000] {processor.py:208} INFO - Processing /home/airflow/.local/lib/python3.12/site-packages/airflow/example_dags/example_complex.py took 0.164 seconds
[2026-08-06T05:53:41.336+0000] {processor.py:186} INFO - Started process (PID=2192) to work on /home/airflow/.local/lib/python3.12/site-packages/airflow/example_dags/example_complex.py
[2026-08-06T05:53:41.339+0000] {processor.py:914} INFO - Processing file /home/airflow/.local/lib/python3.12/site-packages/airflow/example_dags/example_complex.py for tasks to queue
[2026-08-06T05:53:41.346+0000] {logging_mixin.py:190} INFO - [2026-08-06T05:53:41.345+0000] {dagbag.py:588} INFO - Filling up the DagBag from /home/airflow/.local/lib/python3.12/site-packages/airflow/example_dags/example_complex.py
[2026-08-06T05:53:41.375+0000] {processor.py:925} INFO - DAG(s) 'example_complex' retrieved from /home/airflow/.local/lib/python3.12/site-packages/airflow/example_dags/example_complex.py
[2026-08-06T05:53:41.464+0000] {logging_mixin.py:190} INFO - [2026-08-06T05:53:41.463+0000] {dag.py:3239} INFO - Sync 1 DAGs
[2026-08-06T05:53:41.509+0000] {logging_mixin.py:190} INFO - [2026-08-06T05:53:41.508+0000] {dag.py:4180} INFO - Setting next_dagrun for example_complex to None, run_after=None
[2026-08-06T05:53:41.580+0000] {processor.py:208} INFO - Processing /home/airflow/.local/lib/python3.12/site-packages/airflow/example_dags/example_complex.py took 0.263 seconds
[2026-08-06T05:54:12.055+0000] {processor.py:186} INFO - Started process (PID=2257) to work on /home/airflow/.local/lib/python3.12/site-packages/airflow/example_dags/example_complex.py
[2026-08-06T05:54:12.057+0000] {processor.py:914} INFO - Processing file /home/airflow/.local/lib/python3.12/site-packages/airflow/example_dags/example_complex.py for tasks to queue
[2026-08-06T05:54:12.062+0000] {logging_mixin.py:190} INFO - [2026-08-06T05:54:12.061+0000] {dagbag.py:588} INFO - Filling up the DagBag from /home/airflow/.local/lib/python3.12/site-packages/airflow/example_dags/example_complex.py
[2026-08-06T05:54:12.083+0000] {processor.py:925} INFO - DAG(s) 'example_complex' retrieved from /home/airflow/.local/lib/python3.12/site-packages/airflow/example_dags/example_complex.py
[2026-08-06T05:54:12.152+0000] {logging_mixin.py:190} INFO - [2026-08-06T05:54:12.151+0000] {dag.py:3239} INFO - Sync 1 DAGs
[2026-08-06T05:54:12.188+0000] {logging_mixin.py:190} INFO - [2026-08-06T05:54:12.188+0000] {dag.py:4180} INFO - Setting next_dagrun for example_complex to None, run_after=None
[2026-08-06T05:54:12.271+0000] {processor.py:208} INFO - Processing /home/airflow/.local/lib/python3.12/site-packages/airflow/example_dags/example_complex.py took 0.227 seconds
[2026-08-06T05:54:42.748+0000] {processor.py:186} INFO - Started process (PID=2320) to work on /home/airflow/.local/lib/python3.12/site-packages/airflow/example_dags/example_complex.py
[2026-08-06T05:54:42.808+0000] {processor.py:914} INFO - Processing file /home/airflow/.local/lib/python3.12/site-packages/airflow/example_dags/example_complex.py for tasks to queue
[2026-08-06T05:54:42.826+0000] {logging_mixin.py:190} INFO - [2026-08-06T05:54:42.825+0000] {dagbag.py:588} INFO - Filling up the DagBag from /home/airflow/.local/lib/python3.12/site-packages/airflow/example_dags/example_complex.py
[2026-08-06T05:54:42.855+0000] {processor.py:925} INFO - DAG(s) 'example_complex' retrieved from /home/airflow/.local/lib/python3.12/site-packages/airflow/example_dags/example_complex.py
[2026-08-06T05:54:42.913+0000] {logging_mixin.py:190} INFO - [2026-08-06T05:54:42.912+0000] {dag.py:3239} INFO - Sync 1 DAGs
[2026-08-06T05:54:42.938+0000] {logging_mixin.py:190} INFO - [2026-08-06T05:54:42.938+0000] {dag.py:4180} INFO - Setting next_dagrun for example_complex to None, run_after=None
[2026-08-06T05:54:42.993+0000] {processor.py:208} INFO - Processing /home/airflow/.local/lib/python3.12/site-packages/airflow/example_dags/example_complex.py took 0.258 seconds
[2026-08-06T05:55:14.517+0000] {processor.py:186} INFO - Started process (PID=2384) to work on /home/airflow/.local/lib/python3.12/site-packages/airflow/example_dags/example_complex.py
[2026-08-06T05:55:14.519+0000] {processor.py:914} INFO - Processing file /home/airflow/.local/lib/python3.12/site-packages/airflow/example_dags/example_complex.py for tasks to queue
[2026-08-06T05:55:14.523+0000] {logging_mixin.py:190} INFO - [2026-08-06T05:55:14.522+0000] {dagbag.py:588} INFO - Filling up the DagBag from /home/airflow/.local/lib/python3.12/site-packages/airflow/example_dags/example_complex.py
[2026-08-06T05:55:14.547+0000] {processor.py:925} INFO - DAG(s) 'example_complex' retrieved from /home/airflow/.local/lib/python3.12/site-packages/airflow/example_dags/example_complex.py
[2026-08-06T05:55:14.621+0000] {logging_mixin.py:190} INFO - [2026-08-06T05:55:14.620+0000] {dag.py:3239} INFO - Sync 1 DAGs
[2026-08-06T05:55:14.646+0000] {logging_mixin.py:190} INFO - [2026-08-06T05:55:14.645+0000] {dag.py:4180} INFO - Setting next_dagrun for example_complex to None, run_after=None
[2026-08-06T05:55:14.709+0000] {processor.py:208} INFO - Processing /home/airflow/.local/lib/python3.12/site-packages/airflow/example_dags/example_complex.py took 0.204 seconds
[2026-08-06T05:55:44.762+0000] {processor.py:186} INFO - Started process (PID=2447) to work on /home/airflow/.local/lib/python3.12/site-packages/airflow/example_dags/example_complex.py
[2026-08-06T05:55:44.764+0000] {processor.py:914} INFO - Processing file /home/airflow/.local/lib/python3.12/site-packages/airflow/example_dags/example_complex.py for tasks to queue
[2026-08-06T05:55:44.766+0000] {logging_mixin.py:190} INFO - [2026-08-06T05:55:44.766+0000] {dagbag.py:588} INFO - Filling up the DagBag from /home/airflow/.local/lib/python3.12/site-packages/airflow/example_dags/example_complex.py
[2026-08-06T05:55:44.782+0000] {processor.py:925} INFO - DAG(s) 'example_complex' retrieved from /home/airflow/.local/lib/python3.12/site-packages/airflow/example_dags/example_complex.py
[2026-08-06T05:55:44.822+0000] {logging_mixin.py:190} INFO - [2026-08-06T05:55:44.821+0000] {dag.py:3239} INFO - Sync 1 DAGs
[2026-08-06T05:55:44.844+0000] {logging_mixin.py:190} INFO - [2026-08-06T05:55:44.844+0000] {dag.py:4180} INFO - Setting next_dagrun for example_complex to None, run_after=None
[2026-08-06T05:55:44.884+0000] {processor.py:208} INFO - Processing /home/airflow/.local/lib/python3.12/site-packages/airflow/example_dags/example_complex.py took 0.129 seconds
[2026-08-06T05:56:17.834+0000] {processor.py:186} INFO - Started process (PID=2510) to work on /home/airflow/.local/lib/python3.12/site-packages/airflow/example_dags/example_complex.py
[2026-08-06T05:56:17.836+0000] {processor.py:914} INFO - Processing file /home/airflow/.local/lib/python3.12/site-packages/airflow/example_dags/example_complex.py for tasks to queue
[2026-08-06T05:56:17.839+0000] {logging_mixin.py:190} INFO - [2026-08-06T05:56:17.839+0000] {dagbag.py:588} INFO - Filling up the DagBag from /home/airflow/.local/lib/python3.12/site-packages/airflow/example_dags/example_complex.py
[2026-08-06T05:56:17.852+0000] {processor.py:925} INFO - DAG(s) 'example_complex' retrieved from /home/airflow/.local/lib/python3.12/site-packages/airflow/example_dags/example_complex.py
[2026-08-06T05:56:17.903+0000] {logging_mixin.py:190} INFO - [2026-08-06T05:56:17.903+0000] {dag.py:3239} INFO - Sync 1 DAGs
[2026-08-06T05:56:18.071+0000] {logging_mixin.py:190} INFO - [2026-08-06T05:56:18.071+0000] {dag.py:4180} INFO - Setting next_dagrun for example_complex to None, run_after=None
[2026-08-06T05:56:18.184+0000] {processor.py:208} INFO - Processing /home/airflow/.local/lib/python3.12/site-packages/airflow/example_dags/example_complex.py took 0.355 seconds
[2026-08-06T05:56:49.074+0000] {processor.py:186} INFO - Started process (PID=2574) to work on /home/airflow/.local/lib/python3.12/site-packages/airflow/example_dags/example_complex.py
[2026-08-06T05:56:49.077+0000] {processor.py:914} INFO - Processing file /home/airflow/.local/lib/python3.12/site-packages/airflow/example_dags/example_complex.py for tasks to queue
[2026-08-06T05:56:49.082+0000] {logging_mixin.py:190} INFO - [2026-08-06T05:56:49.081+0000] {dagbag.py:588} INFO - Filling up the DagBag from /home/airflow/.local/lib/python3.12/site-packages/airflow/example_dags/example_complex.py
[2026-08-06T05:56:49.102+0000] {processor.py:925} INFO - DAG(s) 'example_complex' retrieved from /home/airflow/.local/lib/python3.12/site-packages/airflow/example_dags/example_complex.py
[2026-08-06T05:56:49.156+0000] {logging_mixin.py:190} INFO - [2026-08-06T05:56:49.156+0000] {dag.py:3239} INFO - Sync 1 DAGs
[2026-08-06T05:56:49.178+0000] {logging_mixin.py:190} INFO - [2026-08-06T05:56:49.177+0000] {dag.py:4180} INFO - Setting next_dagrun for example_complex to None, run_after=None
[2026-08-06T05:56:49.247+0000] {processor.py:208} INFO - Processing /home/airflow/.local/lib/python3.12/site-packages/airflow/example_dags/example_complex.py took 0.187 seconds
[2026-08-06T05:57:19.446+0000] {processor.py:186} INFO - Started process (PID=2638) to work on /home/airflow/.local/lib/python3.12/site-packages/airflow/example_dags/example_complex.py
[2026-08-06T05:57:19.477+0000] {processor.py:914} INFO - Processing file /home/airflow/.local/lib/python3.12/site-packages/airflow/example_dags/example_complex.py for tasks to queue
[2026-08-06T05:57:19.483+0000] {logging_mixin.py:190} INFO - [2026-08-06T05:57:19.482+0000] {dagbag.py:588} INFO - Filling up the DagBag from /home/airflow/.local/lib/python3.12/site-packages/airflow/example_dags/example_complex.py
[2026-08-06T05:57:19.503+0000] {processor.py:925} INFO - DAG(s) 'example_complex' retrieved from /home/airflow/.local/lib/python3.12/site-packages/airflow/example_dags/example_complex.py
[2026-08-06T05:57:19.548+0000] {logging_mixin.py:190} INFO - [2026-08-06T05:57:19.547+0000] {dag.py:3239} INFO - Sync 1 DAGs
[2026-08-06T05:57:19.571+0000] {logging_mixin.py:190} INFO - [2026-08-06T05:57:19.570+0000] {dag.py:4180} INFO - Setting next_dagrun for example_complex to None, run_after=None
[2026-08-06T05:57:19.661+0000] {processor.py:208} INFO - Processing /home/airflow/.local/lib/python3.12/site-packages/airflow/example_dags/example_complex.py took 0.228 seconds
[2026-08-06T05:57:50.214+0000] {processor.py:186} INFO - Started process (PID=2715) to work on /home/airflow/.local/lib/python3.12/site-packages/airflow/example_dags/example_complex.py
[2026-08-06T05:57:50.256+0000] {processor.py:914} INFO - Processing file /home/airflow/.local/lib/python3.12/site-packages/airflow/example_dags/example_complex.py for tasks to queue
[2026-08-06T05:57:50.394+0000] {logging_mixin.py:190} INFO - [2026-08-06T05:57:50.391+0000] {dagbag.py:588} INFO - Filling up the DagBag from /home/airflow/.local/lib/python3.12/site-packages/airflow/example_dags/example_complex.py
[2026-08-06T05:57:50.521+0000] {processor.py:925} INFO - DAG(s) 'example_complex' retrieved from /home/airflow/.local/lib/python3.12/site-packages/airflow/example_dags/example_complex.py
[2026-08-06T05:57:50.874+0000] {logging_mixin.py:190} INFO - [2026-08-06T05:57:50.874+0000] {dag.py:3239} INFO - Sync 1 DAGs
[2026-08-06T05:57:51.329+0000] {logging_mixin.py:190} INFO - [2026-08-06T05:57:51.319+0000] {dag.py:4180} INFO - Setting next_dagrun for example_complex to None, run_after=None
[2026-08-06T05:57:51.672+0000] {processor.py:208} INFO - Processing /home/airflow/.local/lib/python3.12/site-packages/airflow/example_dags/example_complex.py took 1.610 seconds
[2026-08-06T05:58:22.332+0000] {processor.py:186} INFO - Started process (PID=2783) to work on /home/airflow/.local/lib/python3.12/site-packages/airflow/example_dags/example_complex.py
[2026-08-06T05:58:22.335+0000] {processor.py:914} INFO - Processing file /home/airflow/.local/lib/python3.12/site-packages/airflow/example_dags/example_complex.py for tasks to queue
[2026-08-06T05:58:22.340+0000] {logging_mixin.py:190} INFO - [2026-08-06T05:58:22.339+0000] {dagbag.py:588} INFO - Filling up the DagBag from /home/airflow/.local/lib/python3.12/site-packages/airflow/example_dags/example_complex.py
[2026-08-06T05:58:22.364+0000] {processor.py:925} INFO - DAG(s) 'example_complex' retrieved from /home/airflow/.local/lib/python3.12/site-packages/airflow/example_dags/example_complex.py
[2026-08-06T05:58:22.417+0000] {logging_mixin.py:190} INFO - [2026-08-06T05:58:22.416+0000] {dag.py:3239} INFO - Sync 1 DAGs
[2026-08-06T05:58:22.445+0000] {logging_mixin.py:190} INFO - [2026-08-06T05:58:22.445+0000] {dag.py:4180} INFO - Setting next_dagrun for example_complex to None, run_after=None
[2026-08-06T05:58:22.487+0000] {processor.py:208} INFO - Processing /home/airflow/.local/lib/python3.12/site-packages/airflow/example_dags/example_complex.py took 0.165 seconds
[2026-08-06T05:58:53.135+0000] {processor.py:186} INFO - Started process (PID=2847) to work on /home/airflow/.local/lib/python3.12/site-packages/airflow/example_dags/example_complex.py
[2026-08-06T05:58:53.137+0000] {processor.py:914} INFO - Processing file /home/airflow/.local/lib/python3.12/site-packages/airflow/example_dags/example_complex.py for tasks to queue
[2026-08-06T05:58:53.141+0000] {logging_mixin.py:190} INFO - [2026-08-06T05:58:53.140+0000] {dagbag.py:588} INFO - Filling up the DagBag from /home/airflow/.local/lib/python3.12/site-packages/airflow/example_dags/example_complex.py
[2026-08-06T05:58:53.156+0000] {processor.py:925} INFO - DAG(s) 'example_complex' retrieved from /home/airflow/.local/lib/python3.12/site-packages/airflow/example_dags/example_complex.py
[2026-08-06T05:58:53.198+0000] {logging_mixin.py:190} INFO - [2026-08-06T05:58:53.197+0000] {dag.py:3239} INFO - Sync 1 DAGs
[2026-08-06T05:58:53.217+0000] {logging_mixin.py:190} INFO - [2026-08-06T05:58:53.217+0000] {dag.py:4180} INFO - Setting next_dagrun for example_complex to None, run_after=None
[2026-08-06T05:58:53.250+0000] {processor.py:208} INFO - Processing /home/airflow/.local/lib/python3.12/site-packages/airflow/example_dags/example_complex.py took 0.125 seconds
[2026-08-06T05:59:23.697+0000] {processor.py:186} INFO - Started process (PID=2911) to work on /home/airflow/.local/lib/python3.12/site-packages/airflow/example_dags/example_complex.py
[2026-08-06T05:59:23.699+0000] {processor.py:914} INFO - Processing file /home/airflow/.local/lib/python3.12/site-packages/airflow/example_dags/example_complex.py for tasks to queue
[2026-08-06T05:59:23.704+0000] {logging_mixin.py:190} INFO - [2026-08-06T05:59:23.703+0000] {dagbag.py:588} INFO - Filling up the DagBag from /home/airflow/.local/lib/python3.12/site-packages/airflow/example_dags/example_complex.py
[2026-08-06T05:59:23.724+0000] {processor.py:925} INFO - DAG(s) 'example_complex' retrieved from /home/airflow/.local/lib/python3.12/site-packages/airflow/example_dags/example_complex.py
[2026-08-06T05:59:23.782+0000] {logging_mixin.py:190} INFO - [2026-08-06T05:59:23.782+0000] {dag.py:3239} INFO - Sync 1 DAGs
[2026-08-06T05:59:23.811+0000] {logging_mixin.py:190} INFO - [2026-08-06T05:59:23.810+0000] {dag.py:4180} INFO - Setting next_dagrun for example_complex to None, run_after=None
[2026-08-06T05:59:23.871+0000] {processor.py:208} INFO - Processing /home/airflow/.local/lib/python3.12/site-packages/airflow/example_dags/example_complex.py took 0.185 seconds
[2026-08-06T05:59:54.353+0000] {processor.py:186} INFO - Started process (PID=2977) to work on /home/airflow/.local/lib/python3.12/site-packages/airflow/example_dags/example_complex.py
[2026-08-06T05:59:54.355+0000] {processor.py:914} INFO - Processing file /home/airflow/.local/lib/python3.12/site-packages/airflow/example_dags/example_complex.py for tasks to queue
[2026-08-06T05:59:54.359+0000] {logging_mixin.py:190} INFO - [2026-08-06T05:59:54.358+0000] {dagbag.py:588} INFO - Filling up the DagBag from /home/airflow/.local/lib/python3.12/site-packages/airflow/example_dags/example_complex.py
[2026-08-06T05:59:54.382+0000] {processor.py:925} INFO - DAG(s) 'example_complex' retrieved from /home/airflow/.local/lib/python3.12/site-packages/airflow/example_dags/example_complex.py
[2026-08-06T05:59:54.441+0000] {logging_mixin.py:190} INFO - [2026-08-06T05:59:54.441+0000] {dag.py:3239} INFO - Sync 1 DAGs
[2026-08-06T05:59:54.474+0000] {logging_mixin.py:190} INFO - [2026-08-06T05:59:54.473+0000] {dag.py:4180} INFO - Setting next_dagrun for example_complex to None, run_after=None
[2026-08-06T05:59:54.534+0000] {processor.py:208} INFO - Processing /home/airflow/.local/lib/python3.12/site-packages/airflow/example_dags/example_complex.py took 0.191 seconds
[2026-08-06T06:01:54.407+0000] {processor.py:186} INFO - Started process (PID=90) to work on /home/airflow/.local/lib/python3.12/site-packages/airflow/example_dags/example_complex.py
[2026-08-06T06:01:54.408+0000] {processor.py:914} INFO - Processing file /home/airflow/.local/lib/python3.12/site-packages/airflow/example_dags/example_complex.py for tasks to queue
[2026-08-06T06:01:54.412+0000] {logging_mixin.py:190} INFO - [2026-08-06T06:01:54.412+0000] {dagbag.py:588} INFO - Filling up the DagBag from /home/airflow/.local/lib/python3.12/site-packages/airflow/example_dags/example_complex.py
[2026-08-06T06:01:54.433+0000] {processor.py:925} INFO - DAG(s) 'example_complex' retrieved from /home/airflow/.local/lib/python3.12/site-packages/airflow/example_dags/example_complex.py
[2026-08-06T06:01:54.487+0000] {logging_mixin.py:190} INFO - [2026-08-06T06:01:54.487+0000] {dag.py:3239} INFO - Sync 1 DAGs
[2026-08-06T06:01:54.515+0000] {logging_mixin.py:190} INFO - [2026-08-06T06:01:54.515+0000] {dag.py:4180} INFO - Setting next_dagrun for example_complex to None, run_after=None
[2026-08-06T06:01:54.559+0000] {processor.py:208} INFO - Processing /home/airflow/.local/lib/python3.12/site-packages/airflow/example_dags/example_complex.py took 0.163 seconds
[2026-08-06T06:02:26.385+0000] {processor.py:186} INFO - Started process (PID=154) to work on /home/airflow/.local/lib/python3.12/site-packages/airflow/example_dags/example_complex.py
[2026-08-06T06:02:26.387+0000] {processor.py:914} INFO - Processing file /home/airflow/.local/lib/python3.12/site-packages/airflow/example_dags/example_complex.py for tasks to queue
[2026-08-06T06:02:26.395+0000] {logging_mixin.py:190} INFO - [2026-08-06T06:02:26.393+0000] {dagbag.py:588} INFO - Filling up the DagBag from /home/airflow/.local/lib/python3.12/site-packages/airflow/example_dags/example_complex.py
[2026-08-06T06:02:26.424+0000] {processor.py:925} INFO - DAG(s) 'example_complex' retrieved from /home/airflow/.local/lib/python3.12/site-packages/airflow/example_dags/example_complex.py
[2026-08-06T06:02:26.497+0000] {logging_mixin.py:190} INFO - [2026-08-06T06:02:26.496+0000] {dag.py:3239} INFO - Sync 1 DAGs
[2026-08-06T06:02:26.543+0000] {logging_mixin.py:190} INFO - [2026-08-06T06:02:26.542+0000] {dag.py:4180} INFO - Setting next_dagrun for example_complex to None, run_after=None
[2026-08-06T06:02:26.736+0000] {processor.py:208} INFO - Processing /home/airflow/.local/lib/python3.12/site-packages/airflow/example_dags/example_complex.py took 0.363 seconds
[2026-08-06T06:02:58.466+0000] {processor.py:186} INFO - Started process (PID=218) to work on /home/airflow/.local/lib/python3.12/site-packages/airflow/example_dags/example_complex.py
[2026-08-06T06:02:58.467+0000] {processor.py:914} INFO - Processing file /home/airflow/.local/lib/python3.12/site-packages/airflow/example_dags/example_complex.py for tasks to queue
[2026-08-06T06:02:58.473+0000] {logging_mixin.py:190} INFO - [2026-08-06T06:02:58.472+0000] {dagbag.py:588} INFO - Filling up the DagBag from /home/airflow/.local/lib/python3.12/site-packages/airflow/example_dags/example_complex.py
[2026-08-06T06:02:58.493+0000] {processor.py:925} INFO - DAG(s) 'example_complex' retrieved from /home/airflow/.local/lib/python3.12/site-packages/airflow/example_dags/example_complex.py
[2026-08-06T06:02:58.553+0000] {logging_mixin.py:190} INFO - [2026-08-06T06:02:58.552+0000] {dag.py:3239} INFO - Sync 1 DAGs
[2026-08-06T06:02:58.581+0000] {logging_mixin.py:190} INFO - [2026-08-06T06:02:58.581+0000] {dag.py:4180} INFO - Setting next_dagrun for example_complex to None, run_after=None
[2026-08-06T06:02:58.621+0000] {processor.py:208} INFO - Processing /home/airflow/.local/lib/python3.12/site-packages/airflow/example_dags/example_complex.py took 0.167 seconds
[2026-08-06T06:03:30.846+0000] {processor.py:186} INFO - Started process (PID=282) to work on /home/airflow/.local/lib/python3.12/site-packages/airflow/example_dags/example_complex.py
[2026-08-06T06:03:30.848+0000] {processor.py:914} INFO - Processing file /home/airflow/.local/lib/python3.12/site-packages/airflow/example_dags/example_complex.py for tasks to queue
[2026-08-06T06:03:30.854+0000] {logging_mixin.py:190} INFO - [2026-08-06T06:03:30.853+0000] {dagbag.py:588} INFO - Filling up the DagBag from /home/airflow/.local/lib/python3.12/site-packages/airflow/example_dags/example_complex.py
[2026-08-06T06:03:30.879+0000] {processor.py:925} INFO - DAG(s) 'example_complex' retrieved from /home/airflow/.local/lib/python3.12/site-packages/airflow/example_dags/example_complex.py
[2026-08-06T06:03:30.943+0000] {logging_mixin.py:190} INFO - [2026-08-06T06:03:30.943+0000] {dag.py:3239} INFO - Sync 1 DAGs
[2026-08-06T06:03:30.975+0000] {logging_mixin.py:190} INFO - [2026-08-06T06:03:30.974+0000] {dag.py:4180} INFO - Setting next_dagrun for example_complex to None, run_after=None
[2026-08-06T06:03:31.005+0000] {processor.py:208} INFO - Processing /home/airflow/.local/lib/python3.12/site-packages/airflow/example_dags/example_complex.py took 0.172 seconds
[2026-08-06T06:04:02.755+0000] {processor.py:186} INFO - Started process (PID=346) to work on /home/airflow/.local/lib/python3.12/site-packages/airflow/example_dags/example_complex.py
[2026-08-06T06:04:02.758+0000] {processor.py:914} INFO - Processing file /home/airflow/.local/lib/python3.12/site-packages/airflow/example_dags/example_complex.py for tasks to queue
[2026-08-06T06:04:02.766+0000] {logging_mixin.py:190} INFO - [2026-08-06T06:04:02.765+0000] {dagbag.py:588} INFO - Filling up the DagBag from /home/airflow/.local/lib/python3.12/site-packages/airflow/example_dags/example_complex.py
[2026-08-06T06:04:02.787+0000] {processor.py:925} INFO - DAG(s) 'example_complex' retrieved from /home/airflow/.local/lib/python3.12/site-packages/airflow/example_dags/example_complex.py
[2026-08-06T06:04:02.837+0000] {logging_mixin.py:190} INFO - [2026-08-06T06:04:02.836+0000] {dag.py:3239} INFO - Sync 1 DAGs
[2026-08-06T06:04:02.862+0000] {logging_mixin.py:190} INFO - [2026-08-06T06:04:02.862+0000] {dag.py:4180} INFO - Setting next_dagrun for example_complex to None, run_after=None
[2026-08-06T06:04:02.934+0000] {processor.py:208} INFO - Processing /home/airflow/.local/lib/python3.12/site-packages/airflow/example_dags/example_complex.py took 0.189 seconds
[2026-08-06T06:04:34.912+0000] {processor.py:186} INFO - Started process (PID=410) to work on /home/airflow/.local/lib/python3.12/site-packages/airflow/example_dags/example_complex.py
[2026-08-06T06:04:34.915+0000] {processor.py:914} INFO - Processing file /home/airflow/.local/lib/python3.12/site-packages/airflow/example_dags/example_complex.py for tasks to queue
[2026-08-06T06:04:34.921+0000] {logging_mixin.py:190} INFO - [2026-08-06T06:04:34.920+0000] {dagbag.py:588} INFO - Filling up the DagBag from /home/airflow/.local/lib/python3.12/site-packages/airflow/example_dags/example_complex.py
[2026-08-06T06:04:34.938+0000] {processor.py:925} INFO - DAG(s) 'example_complex' retrieved from /home/airflow/.local/lib/python3.12/site-packages/airflow/example_dags/example_complex.py
[2026-08-06T06:04:34.996+0000] {logging_mixin.py:190} INFO - [2026-08-06T06:04:34.995+0000] {dag.py:3239} INFO - Sync 1 DAGs
[2026-08-06T06:04:35.029+0000] {logging_mixin.py:190} INFO - [2026-08-06T06:04:35.029+0000] {dag.py:4180} INFO - Setting next_dagrun for example_complex to None, run_after=None
[2026-08-06T06:04:35.072+0000] {processor.py:208} INFO - Processing /home/airflow/.local/lib/python3.12/site-packages/airflow/example_dags/example_complex.py took 0.171 seconds
[2026-08-06T06:05:06.755+0000] {processor.py:186} INFO - Started process (PID=474) to work on /home/airflow/.local/lib/python3.12/site-packages/airflow/example_dags/example_complex.py
[2026-08-06T06:05:06.757+0000] {processor.py:914} INFO - Processing file /home/airflow/.local/lib/python3.12/site-packages/airflow/example_dags/example_complex.py for tasks to queue
[2026-08-06T06:05:06.761+0000] {logging_mixin.py:190} INFO - [2026-08-06T06:05:06.760+0000] {dagbag.py:588} INFO - Filling up the DagBag from /home/airflow/.local/lib/python3.12/site-packages/airflow/example_dags/example_complex.py
[2026-08-06T06:05:06.781+0000] {processor.py:925} INFO - DAG(s) 'example_complex' retrieved from /home/airflow/.local/lib/python3.12/site-packages/airflow/example_dags/example_complex.py
[2026-08-06T06:05:06.825+0000] {logging_mixin.py:190} INFO - [2026-08-06T06:05:06.824+0000] {dag.py:3239} INFO - Sync 1 DAGs
[2026-08-06T06:05:06.850+0000] {logging_mixin.py:190} INFO - [2026-08-06T06:05:06.849+0000] {dag.py:4180} INFO - Setting next_dagrun for example_complex to None, run_after=None
[2026-08-06T06:05:06.883+0000] {processor.py:208} INFO - Processing /home/airflow/.local/lib/python3.12/site-packages/airflow/example_dags/example_complex.py took 0.137 seconds
[2026-08-06T06:05:38.557+0000] {processor.py:186} INFO - Started process (PID=538) to work on /home/airflow/.local/lib/python3.12/site-packages/airflow/example_dags/example_complex.py
[2026-08-06T06:05:38.560+0000] {processor.py:914} INFO - Processing file /home/airflow/.local/lib/python3.12/site-packages/airflow/example_dags/example_complex.py for tasks to queue
[2026-08-06T06:05:38.565+0000] {logging_mixin.py:190} INFO - [2026-08-06T06:05:38.564+0000] {dagbag.py:588} INFO - Filling up the DagBag from /home/airflow/.local/lib/python3.12/site-packages/airflow/example_dags/example_complex.py
[2026-08-06T06:05:38.588+0000] {processor.py:925} INFO - DAG(s) 'example_complex' retrieved from /home/airflow/.local/lib/python3.12/site-packages/airflow/example_dags/example_complex.py
[2026-08-06T06:05:38.634+0000] {logging_mixin.py:190} INFO - [2026-08-06T06:05:38.634+0000] {dag.py:3239} INFO - Sync 1 DAGs
[2026-08-06T06:05:38.655+0000] {logging_mixin.py:190} INFO - [2026-08-06T06:05:38.654+0000] {dag.py:4180} INFO - Setting next_dagrun for example_complex to None, run_after=None
[2026-08-06T06:05:38.691+0000] {processor.py:208} INFO - Processing /home/airflow/.local/lib/python3.12/site-packages/airflow/example_dags/example_complex.py took 0.141 seconds
[2026-08-06T06:06:09.984+0000] {processor.py:186} INFO - Started process (PID=602) to work on /home/airflow/.local/lib/python3.12/site-packages/airflow/example_dags/example_complex.py
[2026-08-06T06:06:09.986+0000] {processor.py:914} INFO - Processing file /home/airflow/.local/lib/python3.12/site-packages/airflow/example_dags/example_complex.py for tasks to queue
[2026-08-06T06:06:09.989+0000] {logging_mixin.py:190} INFO - [2026-08-06T06:06:09.989+0000] {dagbag.py:588} INFO - Filling up the DagBag from /home/airflow/.local/lib/python3.12/site-packages/airflow/example_dags/example_complex.py
[2026-08-06T06:06:10.006+0000] {processor.py:925} INFO - DAG(s) 'example_complex' retrieved from /home/airflow/.local/lib/python3.12/site-packages/airflow/example_dags/example_complex.py
[2026-08-06T06:06:10.049+0000] {logging_mixin.py:190} INFO - [2026-08-06T06:06:10.048+0000] {dag.py:3239} INFO - Sync 1 DAGs
[2026-08-06T06:06:10.071+0000] {logging_mixin.py:190} INFO - [2026-08-06T06:06:10.070+0000] {dag.py:4180} INFO - Setting next_dagrun for example_complex to None, run_after=None
[2026-08-06T06:06:10.144+0000] {processor.py:208} INFO - Processing /home/airflow/.local/lib/python3.12/site-packages/airflow/example_dags/example_complex.py took 0.168 seconds
[2026-08-06T06:06:41.688+0000] {processor.py:186} INFO - Started process (PID=666) to work on /home/airflow/.local/lib/python3.12/site-packages/airflow/example_dags/example_complex.py
[2026-08-06T06:06:41.691+0000] {processor.py:914} INFO - Processing file /home/airflow/.local/lib/python3.12/site-packages/airflow/example_dags/example_complex.py for tasks to queue
[2026-08-06T06:06:41.697+0000] {logging_mixin.py:190} INFO - [2026-08-06T06:06:41.696+0000] {dagbag.py:588} INFO - Filling up the DagBag from /home/airflow/.local/lib/python3.12/site-packages/airflow/example_dags/example_complex.py
[2026-08-06T06:06:41.721+0000] {processor.py:925} INFO - DAG(s) 'example_complex' retrieved from /home/airflow/.local/lib/python3.12/site-packages/airflow/example_dags/example_complex.py
[2026-08-06T06:06:41.795+0000] {logging_mixin.py:190} INFO - [2026-08-06T06:06:41.794+0000] {dag.py:3239} INFO - Sync 1 DAGs
[2026-08-06T06:06:41.831+0000] {logging_mixin.py:190} INFO - [2026-08-06T06:06:41.830+0000] {dag.py:4180} INFO - Setting next_dagrun for example_complex to None, run_after=None
[2026-08-06T06:06:41.872+0000] {processor.py:208} INFO - Processing /home/airflow/.local/lib/python3.12/site-packages/airflow/example_dags/example_complex.py took 0.195 seconds
[2026-08-06T06:07:11.971+0000] {processor.py:186} INFO - Started process (PID=729) to work on /home/airflow/.local/lib/python3.12/site-packages/airflow/example_dags/example_complex.py
[2026-08-06T06:07:11.973+0000] {processor.py:914} INFO - Processing file /home/airflow/.local/lib/python3.12/site-packages/airflow/example_dags/example_complex.py for tasks to queue
[2026-08-06T06:07:11.976+0000] {logging_mixin.py:190} INFO - [2026-08-06T06:07:11.976+0000] {dagbag.py:588} INFO - Filling up the DagBag from /home/airflow/.local/lib/python3.12/site-packages/airflow/example_dags/example_complex.py
[2026-08-06T06:07:11.991+0000] {processor.py:925} INFO - DAG(s) 'example_complex' retrieved from /home/airflow/.local/lib/python3.12/site-packages/airflow/example_dags/example_complex.py
[2026-08-06T06:07:12.029+0000] {logging_mixin.py:190} INFO - [2026-08-06T06:07:12.029+0000] {dag.py:3239} INFO - Sync 1 DAGs
[2026-08-06T06:07:12.047+0000] {logging_mixin.py:190} INFO - [2026-08-06T06:07:12.046+0000] {dag.py:4180} INFO - Setting next_dagrun for example_complex to None, run_after=None
[2026-08-06T06:07:12.098+0000] {processor.py:208} INFO - Processing /home/airflow/.local/lib/python3.12/site-packages/airflow/example_dags/example_complex.py took 0.134 seconds
[2026-08-06T06:07:42.206+0000] {processor.py:186} INFO - Started process (PID=792) to work on /home/airflow/.local/lib/python3.12/site-packages/airflow/example_dags/example_complex.py
[2026-08-06T06:07:42.207+0000] {processor.py:914} INFO - Processing file /home/airflow/.local/lib/python3.12/site-packages/airflow/example_dags/example_complex.py for tasks to queue
[2026-08-06T06:07:42.211+0000] {logging_mixin.py:190} INFO - [2026-08-06T06:07:42.211+0000] {dagbag.py:588} INFO - Filling up the DagBag from /home/airflow/.local/lib/python3.12/site-packages/airflow/example_dags/example_complex.py
[2026-08-06T06:07:42.228+0000] {processor.py:925} INFO - DAG(s) 'example_complex' retrieved from /home/airflow/.local/lib/python3.12/site-packages/airflow/example_dags/example_complex.py
[2026-08-06T06:07:42.264+0000] {logging_mixin.py:190} INFO - [2026-08-06T06:07:42.264+0000] {dag.py:3239} INFO - Sync 1 DAGs
[2026-08-06T06:07:42.280+0000] {logging_mixin.py:190} INFO - [2026-08-06T06:07:42.280+0000] {dag.py:4180} INFO - Setting next_dagrun for example_complex to None, run_after=None
[2026-08-06T06:07:42.326+0000] {processor.py:208} INFO - Processing /home/airflow/.local/lib/python3.12/site-packages/airflow/example_dags/example_complex.py took 0.127 seconds
[2026-08-06T06:08:12.762+0000] {processor.py:186} INFO - Started process (PID=861) to work on /home/airflow/.local/lib/python3.12/site-packages/airflow/example_dags/example_complex.py
[2026-08-06T06:08:12.764+0000] {processor.py:914} INFO - Processing file /home/airflow/.local/lib/python3.12/site-packages/airflow/example_dags/example_complex.py for tasks to queue
[2026-08-06T06:08:12.774+0000] {logging_mixin.py:190} INFO - [2026-08-06T06:08:12.772+0000] {dagbag.py:588} INFO - Filling up the DagBag from /home/airflow/.local/lib/python3.12/site-packages/airflow/example_dags/example_complex.py
[2026-08-06T06:08:12.795+0000] {processor.py:925} INFO - DAG(s) 'example_complex' retrieved from /home/airflow/.local/lib/python3.12/site-packages/airflow/example_dags/example_complex.py
[2026-08-06T06:08:12.843+0000] {logging_mixin.py:190} INFO - [2026-08-06T06:08:12.843+0000] {dag.py:3239} INFO - Sync 1 DAGs
[2026-08-06T06:08:12.862+0000] {logging_mixin.py:190} INFO - [2026-08-06T06:08:12.862+0000] {dag.py:4180} INFO - Setting next_dagrun for example_complex to None, run_after=None
[2026-08-06T06:08:12.917+0000] {processor.py:208} INFO - Processing /home/airflow/.local/lib/python3.12/site-packages/airflow/example_dags/example_complex.py took 0.167 seconds
[2026-08-06T06:08:43.262+0000] {processor.py:186} INFO - Started process (PID=925) to work on /home/airflow/.local/lib/python3.12/site-packages/airflow/example_dags/example_complex.py
[2026-08-06T06:08:43.265+0000] {processor.py:914} INFO - Processing file /home/airflow/.local/lib/python3.12/site-packages/airflow/example_dags/example_complex.py for tasks to queue
[2026-08-06T06:08:43.268+0000] {logging_mixin.py:190} INFO - [2026-08-06T06:08:43.267+0000] {dagbag.py:588} INFO - Filling up the DagBag from /home/airflow/.local/lib/python3.12/site-packages/airflow/example_dags/example_complex.py
[2026-08-06T06:08:43.287+0000] {processor.py:925} INFO - DAG(s) 'example_complex' retrieved from /home/airflow/.local/lib/python3.12/site-packages/airflow/example_dags/example_complex.py
[2026-08-06T06:08:43.333+0000] {logging_mixin.py:190} INFO - [2026-08-06T06:08:43.333+0000] {dag.py:3239} INFO - Sync 1 DAGs
[2026-08-06T06:08:43.358+0000] {logging_mixin.py:190} INFO - [2026-08-06T06:08:43.357+0000] {dag.py:4180} INFO - Setting next_dagrun for example_complex to None, run_after=None
[2026-08-06T06:08:43.408+0000] {processor.py:208} INFO - Processing /home/airflow/.local/lib/python3.12/site-packages/airflow/example_dags/example_complex.py took 0.155 seconds
[2026-08-06T06:09:14.215+0000] {processor.py:186} INFO - Started process (PID=989) to work on /home/airflow/.local/lib/python3.12/site-packages/airflow/example_dags/example_complex.py
[2026-08-06T06:09:14.217+0000] {processor.py:914} INFO - Processing file /home/airflow/.local/lib/python3.12/site-packages/airflow/example_dags/example_complex.py for tasks to queue
[2026-08-06T06:09:14.221+0000] {logging_mixin.py:190} INFO - [2026-08-06T06:09:14.220+0000] {dagbag.py:588} INFO - Filling up the DagBag from /home/airflow/.local/lib/python3.12/site-packages/airflow/example_dags/example_complex.py
[2026-08-06T06:09:14.237+0000] {processor.py:925} INFO - DAG(s) 'example_complex' retrieved from /home/airflow/.local/lib/python3.12/site-packages/airflow/example_dags/example_complex.py
[2026-08-06T06:09:14.283+0000] {logging_mixin.py:190} INFO - [2026-08-06T06:09:14.283+0000] {dag.py:3239} INFO - Sync 1 DAGs
[2026-08-06T06:09:14.305+0000] {logging_mixin.py:190} INFO - [2026-08-06T06:09:14.305+0000] {dag.py:4180} INFO - Setting next_dagrun for example_complex to None, run_after=None
[2026-08-06T06:09:14.365+0000] {processor.py:208} INFO - Processing /home/airflow/.local/lib/python3.12/site-packages/airflow/example_dags/example_complex.py took 0.157 seconds
[2026-08-06T06:09:44.608+0000] {processor.py:186} INFO - Started process (PID=1053) to work on /home/airflow/.local/lib/python3.12/site-packages/airflow/example_dags/example_complex.py
[2026-08-06T06:09:44.662+0000] {processor.py:914} INFO - Processing file /home/airflow/.local/lib/python3.12/site-packages/airflow/example_dags/example_complex.py for tasks to queue
[2026-08-06T06:09:44.666+0000] {logging_mixin.py:190} INFO - [2026-08-06T06:09:44.666+0000] {dagbag.py:588} INFO - Filling up the DagBag from /home/airflow/.local/lib/python3.12/site-packages/airflow/example_dags/example_complex.py
[2026-08-06T06:09:44.688+0000] {processor.py:925} INFO - DAG(s) 'example_complex' retrieved from /home/airflow/.local/lib/python3.12/site-packages/airflow/example_dags/example_complex.py
[2026-08-06T06:09:44.723+0000] {logging_mixin.py:190} INFO - [2026-08-06T06:09:44.723+0000] {dag.py:3239} INFO - Sync 1 DAGs
[2026-08-06T06:09:44.742+0000] {logging_mixin.py:190} INFO - [2026-08-06T06:09:44.742+0000] {dag.py:4180} INFO - Setting next_dagrun for example_complex to None, run_after=None
[2026-08-06T06:09:44.786+0000] {processor.py:208} INFO - Processing /home/airflow/.local/lib/python3.12/site-packages/airflow/example_dags/example_complex.py took 0.187 seconds
[2026-08-06T06:10:15.133+0000] {processor.py:186} INFO - Started process (PID=1117) to work on /home/airflow/.local/lib/python3.12/site-packages/airflow/example_dags/example_complex.py
[2026-08-06T06:10:15.136+0000] {processor.py:914} INFO - Processing file /home/airflow/.local/lib/python3.12/site-packages/airflow/example_dags/example_complex.py for tasks to queue
[2026-08-06T06:10:15.140+0000] {logging_mixin.py:190} INFO - [2026-08-06T06:10:15.139+0000] {dagbag.py:588} INFO - Filling up the DagBag from /home/airflow/.local/lib/python3.12/site-packages/airflow/example_dags/example_complex.py
[2026-08-06T06:10:15.158+0000] {processor.py:925} INFO - DAG(s) 'example_complex' retrieved from /home/airflow/.local/lib/python3.12/site-packages/airflow/example_dags/example_complex.py
[2026-08-06T06:10:15.208+0000] {logging_mixin.py:190} INFO - [2026-08-06T06:10:15.207+0000] {dag.py:3239} INFO - Sync 1 DAGs
[2026-08-06T06:10:15.232+0000] {logging_mixin.py:190} INFO - [2026-08-06T06:10:15.232+0000] {dag.py:4180} INFO - Setting next_dagrun for example_complex to None, run_after=None
[2026-08-06T06:10:15.340+0000] {processor.py:208} INFO - Processing /home/airflow/.local/lib/python3.12/site-packages/airflow/example_dags/example_complex.py took 0.216 seconds
