[2026-08-06T04:46:43.870+0000] {processor.py:186} INFO - Started process (PID=116) to work on /home/airflow/.local/lib/python3.12/site-packages/airflow/example_dags/example_branch_operator_decorator.py
[2026-08-06T04:46:43.874+0000] {processor.py:914} INFO - Processing file /home/airflow/.local/lib/python3.12/site-packages/airflow/example_dags/example_branch_operator_decorator.py for tasks to queue
[2026-08-06T04:46:43.880+0000] {logging_mixin.py:190} INFO - [2026-08-06T04:46:43.879+0000] {dagbag.py:588} INFO - Filling up the DagBag from /home/airflow/.local/lib/python3.12/site-packages/airflow/example_dags/example_branch_operator_decorator.py
[2026-08-06T04:46:43.924+0000] {processor.py:925} INFO - DAG(s) 'example_branch_python_operator_decorator' retrieved from /home/airflow/.local/lib/python3.12/site-packages/airflow/example_dags/example_branch_operator_decorator.py
[2026-08-06T04:46:44.137+0000] {logging_mixin.py:190} INFO - [2026-08-06T04:46:44.136+0000] {override.py:1912} INFO - Created Permission View: can delete on DAG:example_branch_python_operator_decorator
[2026-08-06T04:46:44.161+0000] {logging_mixin.py:190} INFO - [2026-08-06T04:46:44.161+0000] {override.py:1912} INFO - Created Permission View: can read on DAG:example_branch_python_operator_decorator
[2026-08-06T04:46:44.174+0000] {logging_mixin.py:190} INFO - [2026-08-06T04:46:44.173+0000] {override.py:1912} INFO - Created Permission View: can edit on DAG:example_branch_python_operator_decorator
[2026-08-06T04:46:44.190+0000] {logging_mixin.py:190} INFO - [2026-08-06T04:46:44.189+0000] {override.py:1912} INFO - Created Permission View: can delete on DAG Run:example_branch_python_operator_decorator
[2026-08-06T04:46:44.204+0000] {logging_mixin.py:190} INFO - [2026-08-06T04:46:44.204+0000] {override.py:1912} INFO - Created Permission View: menu access on DAG Run:example_branch_python_operator_decorator
[2026-08-06T04:46:44.220+0000] {logging_mixin.py:190} INFO - [2026-08-06T04:46:44.219+0000] {override.py:1912} INFO - Created Permission View: can read on DAG Run:example_branch_python_operator_decorator
[2026-08-06T04:46:44.236+0000] {logging_mixin.py:190} INFO - [2026-08-06T04:46:44.235+0000] {override.py:1912} INFO - Created Permission View: can create on DAG Run:example_branch_python_operator_decorator
[2026-08-06T04:46:44.237+0000] {logging_mixin.py:190} INFO - [2026-08-06T04:46:44.237+0000] {dag.py:3239} INFO - Sync 1 DAGs
[2026-08-06T04:46:44.264+0000] {logging_mixin.py:190} INFO - [2026-08-06T04:46:44.263+0000] {dag.py:3262} INFO - Creating ORM DAG for example_branch_python_operator_decorator
[2026-08-06T04:46:44.297+0000] {logging_mixin.py:190} INFO - [2026-08-06T04:46:44.297+0000] {dag.py:4180} INFO - Setting next_dagrun for example_branch_python_operator_decorator to 2026-08-05 00:00:00+00:00, run_after=2026-08-06 00:00:00+00:00
[2026-08-06T04:46:44.341+0000] {processor.py:208} INFO - Processing /home/airflow/.local/lib/python3.12/site-packages/airflow/example_dags/example_branch_operator_decorator.py took 0.484 seconds
[2026-08-06T04:47:15.095+0000] {processor.py:186} INFO - Started process (PID=179) to work on /home/airflow/.local/lib/python3.12/site-packages/airflow/example_dags/example_branch_operator_decorator.py
[2026-08-06T04:47:15.096+0000] {processor.py:914} INFO - Processing file /home/airflow/.local/lib/python3.12/site-packages/airflow/example_dags/example_branch_operator_decorator.py for tasks to queue
[2026-08-06T04:47:15.101+0000] {logging_mixin.py:190} INFO - [2026-08-06T04:47:15.100+0000] {dagbag.py:588} INFO - Filling up the DagBag from /home/airflow/.local/lib/python3.12/site-packages/airflow/example_dags/example_branch_operator_decorator.py
[2026-08-06T04:47:15.133+0000] {processor.py:925} INFO - DAG(s) 'example_branch_python_operator_decorator' retrieved from /home/airflow/.local/lib/python3.12/site-packages/airflow/example_dags/example_branch_operator_decorator.py
[2026-08-06T04:47:15.174+0000] {logging_mixin.py:190} INFO - [2026-08-06T04:47:15.173+0000] {dag.py:3239} INFO - Sync 1 DAGs
[2026-08-06T04:47:15.209+0000] {logging_mixin.py:190} INFO - [2026-08-06T04:47:15.208+0000] {dag.py:4180} INFO - Setting next_dagrun for example_branch_python_operator_decorator to 2026-08-05 00:00:00+00:00, run_after=2026-08-06 00:00:00+00:00
[2026-08-06T04:47:15.238+0000] {processor.py:208} INFO - Processing /home/airflow/.local/lib/python3.12/site-packages/airflow/example_dags/example_branch_operator_decorator.py took 0.151 seconds
[2026-08-06T04:47:46.512+0000] {processor.py:186} INFO - Started process (PID=242) to work on /home/airflow/.local/lib/python3.12/site-packages/airflow/example_dags/example_branch_operator_decorator.py
[2026-08-06T04:47:46.514+0000] {processor.py:914} INFO - Processing file /home/airflow/.local/lib/python3.12/site-packages/airflow/example_dags/example_branch_operator_decorator.py for tasks to queue
[2026-08-06T04:47:46.518+0000] {logging_mixin.py:190} INFO - [2026-08-06T04:47:46.517+0000] {dagbag.py:588} INFO - Filling up the DagBag from /home/airflow/.local/lib/python3.12/site-packages/airflow/example_dags/example_branch_operator_decorator.py
[2026-08-06T04:47:46.556+0000] {processor.py:925} INFO - DAG(s) 'example_branch_python_operator_decorator' retrieved from /home/airflow/.local/lib/python3.12/site-packages/airflow/example_dags/example_branch_operator_decorator.py
[2026-08-06T04:47:46.601+0000] {logging_mixin.py:190} INFO - [2026-08-06T04:47:46.601+0000] {dag.py:3239} INFO - Sync 1 DAGs
[2026-08-06T04:47:46.636+0000] {logging_mixin.py:190} INFO - [2026-08-06T04:47:46.635+0000] {dag.py:4180} INFO - Setting next_dagrun for example_branch_python_operator_decorator to 2026-08-05 00:00:00+00:00, run_after=2026-08-06 00:00:00+00:00
[2026-08-06T04:47:46.671+0000] {processor.py:208} INFO - Processing /home/airflow/.local/lib/python3.12/site-packages/airflow/example_dags/example_branch_operator_decorator.py took 0.168 seconds
[2026-08-06T04:48:18.073+0000] {processor.py:186} INFO - Started process (PID=305) to work on /home/airflow/.local/lib/python3.12/site-packages/airflow/example_dags/example_branch_operator_decorator.py
[2026-08-06T04:48:18.075+0000] {processor.py:914} INFO - Processing file /home/airflow/.local/lib/python3.12/site-packages/airflow/example_dags/example_branch_operator_decorator.py for tasks to queue
[2026-08-06T04:48:18.078+0000] {logging_mixin.py:190} INFO - [2026-08-06T04:48:18.077+0000] {dagbag.py:588} INFO - Filling up the DagBag from /home/airflow/.local/lib/python3.12/site-packages/airflow/example_dags/example_branch_operator_decorator.py
[2026-08-06T04:48:18.113+0000] {processor.py:925} INFO - DAG(s) 'example_branch_python_operator_decorator' retrieved from /home/airflow/.local/lib/python3.12/site-packages/airflow/example_dags/example_branch_operator_decorator.py
[2026-08-06T04:48:18.171+0000] {logging_mixin.py:190} INFO - [2026-08-06T04:48:18.169+0000] {dag.py:3239} INFO - Sync 1 DAGs
[2026-08-06T04:48:18.246+0000] {logging_mixin.py:190} INFO - [2026-08-06T04:48:18.245+0000] {dag.py:4180} INFO - Setting next_dagrun for example_branch_python_operator_decorator to 2026-08-05 00:00:00+00:00, run_after=2026-08-06 00:00:00+00:00
[2026-08-06T04:48:18.283+0000] {processor.py:208} INFO - Processing /home/airflow/.local/lib/python3.12/site-packages/airflow/example_dags/example_branch_operator_decorator.py took 0.221 seconds
[2026-08-06T04:48:49.637+0000] {processor.py:186} INFO - Started process (PID=374) to work on /home/airflow/.local/lib/python3.12/site-packages/airflow/example_dags/example_branch_operator_decorator.py
[2026-08-06T04:48:49.639+0000] {processor.py:914} INFO - Processing file /home/airflow/.local/lib/python3.12/site-packages/airflow/example_dags/example_branch_operator_decorator.py for tasks to queue
[2026-08-06T04:48:49.644+0000] {logging_mixin.py:190} INFO - [2026-08-06T04:48:49.643+0000] {dagbag.py:588} INFO - Filling up the DagBag from /home/airflow/.local/lib/python3.12/site-packages/airflow/example_dags/example_branch_operator_decorator.py
[2026-08-06T04:48:49.675+0000] {processor.py:925} INFO - DAG(s) 'example_branch_python_operator_decorator' retrieved from /home/airflow/.local/lib/python3.12/site-packages/airflow/example_dags/example_branch_operator_decorator.py
[2026-08-06T04:48:49.713+0000] {logging_mixin.py:190} INFO - [2026-08-06T04:48:49.713+0000] {dag.py:3239} INFO - Sync 1 DAGs
[2026-08-06T04:48:49.746+0000] {logging_mixin.py:190} INFO - [2026-08-06T04:48:49.746+0000] {dag.py:4180} INFO - Setting next_dagrun for example_branch_python_operator_decorator to 2026-08-05 00:00:00+00:00, run_after=2026-08-06 00:00:00+00:00
[2026-08-06T04:48:49.772+0000] {processor.py:208} INFO - Processing /home/airflow/.local/lib/python3.12/site-packages/airflow/example_dags/example_branch_operator_decorator.py took 0.144 seconds
[2026-08-06T04:49:21.155+0000] {processor.py:186} INFO - Started process (PID=437) to work on /home/airflow/.local/lib/python3.12/site-packages/airflow/example_dags/example_branch_operator_decorator.py
[2026-08-06T04:49:21.156+0000] {processor.py:914} INFO - Processing file /home/airflow/.local/lib/python3.12/site-packages/airflow/example_dags/example_branch_operator_decorator.py for tasks to queue
[2026-08-06T04:49:21.160+0000] {logging_mixin.py:190} INFO - [2026-08-06T04:49:21.160+0000] {dagbag.py:588} INFO - Filling up the DagBag from /home/airflow/.local/lib/python3.12/site-packages/airflow/example_dags/example_branch_operator_decorator.py
[2026-08-06T04:49:21.191+0000] {processor.py:925} INFO - DAG(s) 'example_branch_python_operator_decorator' retrieved from /home/airflow/.local/lib/python3.12/site-packages/airflow/example_dags/example_branch_operator_decorator.py
[2026-08-06T04:49:21.237+0000] {logging_mixin.py:190} INFO - [2026-08-06T04:49:21.236+0000] {dag.py:3239} INFO - Sync 1 DAGs
[2026-08-06T04:49:21.271+0000] {logging_mixin.py:190} INFO - [2026-08-06T04:49:21.271+0000] {dag.py:4180} INFO - Setting next_dagrun for example_branch_python_operator_decorator to 2026-08-05 00:00:00+00:00, run_after=2026-08-06 00:00:00+00:00
[2026-08-06T04:49:21.296+0000] {processor.py:208} INFO - Processing /home/airflow/.local/lib/python3.12/site-packages/airflow/example_dags/example_branch_operator_decorator.py took 0.150 seconds
[2026-08-06T04:49:52.345+0000] {processor.py:186} INFO - Started process (PID=500) to work on /home/airflow/.local/lib/python3.12/site-packages/airflow/example_dags/example_branch_operator_decorator.py
[2026-08-06T04:49:52.347+0000] {processor.py:914} INFO - Processing file /home/airflow/.local/lib/python3.12/site-packages/airflow/example_dags/example_branch_operator_decorator.py for tasks to queue
[2026-08-06T04:49:52.350+0000] {logging_mixin.py:190} INFO - [2026-08-06T04:49:52.350+0000] {dagbag.py:588} INFO - Filling up the DagBag from /home/airflow/.local/lib/python3.12/site-packages/airflow/example_dags/example_branch_operator_decorator.py
[2026-08-06T04:49:52.375+0000] {processor.py:925} INFO - DAG(s) 'example_branch_python_operator_decorator' retrieved from /home/airflow/.local/lib/python3.12/site-packages/airflow/example_dags/example_branch_operator_decorator.py
[2026-08-06T04:49:52.412+0000] {logging_mixin.py:190} INFO - [2026-08-06T04:49:52.412+0000] {dag.py:3239} INFO - Sync 1 DAGs
[2026-08-06T04:49:52.454+0000] {logging_mixin.py:190} INFO - [2026-08-06T04:49:52.454+0000] {dag.py:4180} INFO - Setting next_dagrun for example_branch_python_operator_decorator to 2026-08-05 00:00:00+00:00, run_after=2026-08-06 00:00:00+00:00
[2026-08-06T04:49:52.480+0000] {processor.py:208} INFO - Processing /home/airflow/.local/lib/python3.12/site-packages/airflow/example_dags/example_branch_operator_decorator.py took 0.142 seconds
[2026-08-06T04:50:23.813+0000] {processor.py:186} INFO - Started process (PID=563) to work on /home/airflow/.local/lib/python3.12/site-packages/airflow/example_dags/example_branch_operator_decorator.py
[2026-08-06T04:50:23.815+0000] {processor.py:914} INFO - Processing file /home/airflow/.local/lib/python3.12/site-packages/airflow/example_dags/example_branch_operator_decorator.py for tasks to queue
[2026-08-06T04:50:23.818+0000] {logging_mixin.py:190} INFO - [2026-08-06T04:50:23.818+0000] {dagbag.py:588} INFO - Filling up the DagBag from /home/airflow/.local/lib/python3.12/site-packages/airflow/example_dags/example_branch_operator_decorator.py
[2026-08-06T04:50:23.853+0000] {processor.py:925} INFO - DAG(s) 'example_branch_python_operator_decorator' retrieved from /home/airflow/.local/lib/python3.12/site-packages/airflow/example_dags/example_branch_operator_decorator.py
[2026-08-06T04:50:23.898+0000] {logging_mixin.py:190} INFO - [2026-08-06T04:50:23.897+0000] {dag.py:3239} INFO - Sync 1 DAGs
[2026-08-06T04:50:23.940+0000] {logging_mixin.py:190} INFO - [2026-08-06T04:50:23.939+0000] {dag.py:4180} INFO - Setting next_dagrun for example_branch_python_operator_decorator to 2026-08-05 00:00:00+00:00, run_after=2026-08-06 00:00:00+00:00
[2026-08-06T04:50:23.973+0000] {processor.py:208} INFO - Processing /home/airflow/.local/lib/python3.12/site-packages/airflow/example_dags/example_branch_operator_decorator.py took 0.168 seconds
[2026-08-06T04:50:55.691+0000] {processor.py:186} INFO - Started process (PID=626) to work on /home/airflow/.local/lib/python3.12/site-packages/airflow/example_dags/example_branch_operator_decorator.py
[2026-08-06T04:50:55.692+0000] {processor.py:914} INFO - Processing file /home/airflow/.local/lib/python3.12/site-packages/airflow/example_dags/example_branch_operator_decorator.py for tasks to queue
[2026-08-06T04:50:55.696+0000] {logging_mixin.py:190} INFO - [2026-08-06T04:50:55.696+0000] {dagbag.py:588} INFO - Filling up the DagBag from /home/airflow/.local/lib/python3.12/site-packages/airflow/example_dags/example_branch_operator_decorator.py
[2026-08-06T04:50:55.729+0000] {processor.py:925} INFO - DAG(s) 'example_branch_python_operator_decorator' retrieved from /home/airflow/.local/lib/python3.12/site-packages/airflow/example_dags/example_branch_operator_decorator.py
[2026-08-06T04:50:55.862+0000] {logging_mixin.py:190} INFO - [2026-08-06T04:50:55.861+0000] {dag.py:3239} INFO - Sync 1 DAGs
[2026-08-06T04:50:55.977+0000] {logging_mixin.py:190} INFO - [2026-08-06T04:50:55.976+0000] {dag.py:4180} INFO - Setting next_dagrun for example_branch_python_operator_decorator to 2026-08-05 00:00:00+00:00, run_after=2026-08-06 00:00:00+00:00
[2026-08-06T04:50:56.030+0000] {processor.py:208} INFO - Processing /home/airflow/.local/lib/python3.12/site-packages/airflow/example_dags/example_branch_operator_decorator.py took 0.347 seconds
[2026-08-06T04:51:27.461+0000] {processor.py:186} INFO - Started process (PID=689) to work on /home/airflow/.local/lib/python3.12/site-packages/airflow/example_dags/example_branch_operator_decorator.py
[2026-08-06T04:51:27.463+0000] {processor.py:914} INFO - Processing file /home/airflow/.local/lib/python3.12/site-packages/airflow/example_dags/example_branch_operator_decorator.py for tasks to queue
[2026-08-06T04:51:27.467+0000] {logging_mixin.py:190} INFO - [2026-08-06T04:51:27.467+0000] {dagbag.py:588} INFO - Filling up the DagBag from /home/airflow/.local/lib/python3.12/site-packages/airflow/example_dags/example_branch_operator_decorator.py
[2026-08-06T04:51:27.495+0000] {processor.py:925} INFO - DAG(s) 'example_branch_python_operator_decorator' retrieved from /home/airflow/.local/lib/python3.12/site-packages/airflow/example_dags/example_branch_operator_decorator.py
[2026-08-06T04:51:27.539+0000] {logging_mixin.py:190} INFO - [2026-08-06T04:51:27.539+0000] {dag.py:3239} INFO - Sync 1 DAGs
[2026-08-06T04:51:27.572+0000] {logging_mixin.py:190} INFO - [2026-08-06T04:51:27.572+0000] {dag.py:4180} INFO - Setting next_dagrun for example_branch_python_operator_decorator to 2026-08-05 00:00:00+00:00, run_after=2026-08-06 00:00:00+00:00
[2026-08-06T04:51:27.610+0000] {processor.py:208} INFO - Processing /home/airflow/.local/lib/python3.12/site-packages/airflow/example_dags/example_branch_operator_decorator.py took 0.157 seconds
[2026-08-06T04:51:58.803+0000] {processor.py:186} INFO - Started process (PID=752) to work on /home/airflow/.local/lib/python3.12/site-packages/airflow/example_dags/example_branch_operator_decorator.py
[2026-08-06T04:51:58.804+0000] {processor.py:914} INFO - Processing file /home/airflow/.local/lib/python3.12/site-packages/airflow/example_dags/example_branch_operator_decorator.py for tasks to queue
[2026-08-06T04:51:58.809+0000] {logging_mixin.py:190} INFO - [2026-08-06T04:51:58.808+0000] {dagbag.py:588} INFO - Filling up the DagBag from /home/airflow/.local/lib/python3.12/site-packages/airflow/example_dags/example_branch_operator_decorator.py
[2026-08-06T04:51:58.844+0000] {processor.py:925} INFO - DAG(s) 'example_branch_python_operator_decorator' retrieved from /home/airflow/.local/lib/python3.12/site-packages/airflow/example_dags/example_branch_operator_decorator.py
[2026-08-06T04:51:58.884+0000] {logging_mixin.py:190} INFO - [2026-08-06T04:51:58.883+0000] {dag.py:3239} INFO - Sync 1 DAGs
[2026-08-06T04:51:58.940+0000] {logging_mixin.py:190} INFO - [2026-08-06T04:51:58.939+0000] {dag.py:4180} INFO - Setting next_dagrun for example_branch_python_operator_decorator to 2026-08-05 00:00:00+00:00, run_after=2026-08-06 00:00:00+00:00
[2026-08-06T04:51:58.975+0000] {processor.py:208} INFO - Processing /home/airflow/.local/lib/python3.12/site-packages/airflow/example_dags/example_branch_operator_decorator.py took 0.181 seconds
[2026-08-06T04:52:30.433+0000] {processor.py:186} INFO - Started process (PID=816) to work on /home/airflow/.local/lib/python3.12/site-packages/airflow/example_dags/example_branch_operator_decorator.py
[2026-08-06T04:52:30.435+0000] {processor.py:914} INFO - Processing file /home/airflow/.local/lib/python3.12/site-packages/airflow/example_dags/example_branch_operator_decorator.py for tasks to queue
[2026-08-06T04:52:30.441+0000] {logging_mixin.py:190} INFO - [2026-08-06T04:52:30.441+0000] {dagbag.py:588} INFO - Filling up the DagBag from /home/airflow/.local/lib/python3.12/site-packages/airflow/example_dags/example_branch_operator_decorator.py
[2026-08-06T04:52:30.491+0000] {processor.py:925} INFO - DAG(s) 'example_branch_python_operator_decorator' retrieved from /home/airflow/.local/lib/python3.12/site-packages/airflow/example_dags/example_branch_operator_decorator.py
[2026-08-06T04:52:30.537+0000] {logging_mixin.py:190} INFO - [2026-08-06T04:52:30.536+0000] {dag.py:3239} INFO - Sync 1 DAGs
[2026-08-06T04:52:30.583+0000] {logging_mixin.py:190} INFO - [2026-08-06T04:52:30.582+0000] {dag.py:4180} INFO - Setting next_dagrun for example_branch_python_operator_decorator to 2026-08-05 00:00:00+00:00, run_after=2026-08-06 00:00:00+00:00
[2026-08-06T04:52:30.619+0000] {processor.py:208} INFO - Processing /home/airflow/.local/lib/python3.12/site-packages/airflow/example_dags/example_branch_operator_decorator.py took 0.201 seconds
[2026-08-06T05:30:23.695+0000] {processor.py:186} INFO - Started process (PID=117) to work on /home/airflow/.local/lib/python3.12/site-packages/airflow/example_dags/example_branch_operator_decorator.py
[2026-08-06T05:30:23.698+0000] {processor.py:914} INFO - Processing file /home/airflow/.local/lib/python3.12/site-packages/airflow/example_dags/example_branch_operator_decorator.py for tasks to queue
[2026-08-06T05:30:23.702+0000] {logging_mixin.py:190} INFO - [2026-08-06T05:30:23.702+0000] {dagbag.py:588} INFO - Filling up the DagBag from /home/airflow/.local/lib/python3.12/site-packages/airflow/example_dags/example_branch_operator_decorator.py
[2026-08-06T05:30:23.733+0000] {processor.py:925} INFO - DAG(s) 'example_branch_python_operator_decorator' retrieved from /home/airflow/.local/lib/python3.12/site-packages/airflow/example_dags/example_branch_operator_decorator.py
[2026-08-06T05:30:23.900+0000] {logging_mixin.py:190} INFO - [2026-08-06T05:30:23.900+0000] {dag.py:3239} INFO - Sync 1 DAGs
[2026-08-06T05:30:23.934+0000] {logging_mixin.py:190} INFO - [2026-08-06T05:30:23.934+0000] {dag.py:4180} INFO - Setting next_dagrun for example_branch_python_operator_decorator to 2026-08-05 00:00:00+00:00, run_after=2026-08-06 00:00:00+00:00
[2026-08-06T05:30:23.998+0000] {processor.py:208} INFO - Processing /home/airflow/.local/lib/python3.12/site-packages/airflow/example_dags/example_branch_operator_decorator.py took 0.311 seconds
[2026-08-06T05:30:54.392+0000] {processor.py:186} INFO - Started process (PID=181) to work on /home/airflow/.local/lib/python3.12/site-packages/airflow/example_dags/example_branch_operator_decorator.py
[2026-08-06T05:30:54.394+0000] {processor.py:914} INFO - Processing file /home/airflow/.local/lib/python3.12/site-packages/airflow/example_dags/example_branch_operator_decorator.py for tasks to queue
[2026-08-06T05:30:54.399+0000] {logging_mixin.py:190} INFO - [2026-08-06T05:30:54.398+0000] {dagbag.py:588} INFO - Filling up the DagBag from /home/airflow/.local/lib/python3.12/site-packages/airflow/example_dags/example_branch_operator_decorator.py
[2026-08-06T05:30:54.426+0000] {processor.py:925} INFO - DAG(s) 'example_branch_python_operator_decorator' retrieved from /home/airflow/.local/lib/python3.12/site-packages/airflow/example_dags/example_branch_operator_decorator.py
[2026-08-06T05:30:54.471+0000] {logging_mixin.py:190} INFO - [2026-08-06T05:30:54.470+0000] {dag.py:3239} INFO - Sync 1 DAGs
[2026-08-06T05:30:54.535+0000] {logging_mixin.py:190} INFO - [2026-08-06T05:30:54.534+0000] {dag.py:4180} INFO - Setting next_dagrun for example_branch_python_operator_decorator to 2026-08-05 00:00:00+00:00, run_after=2026-08-06 00:00:00+00:00
[2026-08-06T05:30:54.569+0000] {processor.py:208} INFO - Processing /home/airflow/.local/lib/python3.12/site-packages/airflow/example_dags/example_branch_operator_decorator.py took 0.190 seconds
[2026-08-06T05:33:17.953+0000] {processor.py:186} INFO - Started process (PID=111) to work on /home/airflow/.local/lib/python3.12/site-packages/airflow/example_dags/example_branch_operator_decorator.py
[2026-08-06T05:33:17.956+0000] {processor.py:914} INFO - Processing file /home/airflow/.local/lib/python3.12/site-packages/airflow/example_dags/example_branch_operator_decorator.py for tasks to queue
[2026-08-06T05:33:17.960+0000] {logging_mixin.py:190} INFO - [2026-08-06T05:33:17.959+0000] {dagbag.py:588} INFO - Filling up the DagBag from /home/airflow/.local/lib/python3.12/site-packages/airflow/example_dags/example_branch_operator_decorator.py
[2026-08-06T05:33:17.994+0000] {processor.py:925} INFO - DAG(s) 'example_branch_python_operator_decorator' retrieved from /home/airflow/.local/lib/python3.12/site-packages/airflow/example_dags/example_branch_operator_decorator.py
[2026-08-06T05:33:18.163+0000] {logging_mixin.py:190} INFO - [2026-08-06T05:33:18.162+0000] {dag.py:3239} INFO - Sync 1 DAGs
[2026-08-06T05:33:18.194+0000] {logging_mixin.py:190} INFO - [2026-08-06T05:33:18.193+0000] {dag.py:4180} INFO - Setting next_dagrun for example_branch_python_operator_decorator to 2026-08-05 00:00:00+00:00, run_after=2026-08-06 00:00:00+00:00
[2026-08-06T05:33:18.236+0000] {processor.py:208} INFO - Processing /home/airflow/.local/lib/python3.12/site-packages/airflow/example_dags/example_branch_operator_decorator.py took 0.292 seconds
[2026-08-06T05:33:48.961+0000] {processor.py:186} INFO - Started process (PID=174) to work on /home/airflow/.local/lib/python3.12/site-packages/airflow/example_dags/example_branch_operator_decorator.py
[2026-08-06T05:33:48.963+0000] {processor.py:914} INFO - Processing file /home/airflow/.local/lib/python3.12/site-packages/airflow/example_dags/example_branch_operator_decorator.py for tasks to queue
[2026-08-06T05:33:48.966+0000] {logging_mixin.py:190} INFO - [2026-08-06T05:33:48.966+0000] {dagbag.py:588} INFO - Filling up the DagBag from /home/airflow/.local/lib/python3.12/site-packages/airflow/example_dags/example_branch_operator_decorator.py
[2026-08-06T05:33:48.992+0000] {processor.py:925} INFO - DAG(s) 'example_branch_python_operator_decorator' retrieved from /home/airflow/.local/lib/python3.12/site-packages/airflow/example_dags/example_branch_operator_decorator.py
[2026-08-06T05:33:49.029+0000] {logging_mixin.py:190} INFO - [2026-08-06T05:33:49.029+0000] {dag.py:3239} INFO - Sync 1 DAGs
[2026-08-06T05:33:49.073+0000] {logging_mixin.py:190} INFO - [2026-08-06T05:33:49.073+0000] {dag.py:4180} INFO - Setting next_dagrun for example_branch_python_operator_decorator to 2026-08-05 00:00:00+00:00, run_after=2026-08-06 00:00:00+00:00
[2026-08-06T05:33:49.114+0000] {processor.py:208} INFO - Processing /home/airflow/.local/lib/python3.12/site-packages/airflow/example_dags/example_branch_operator_decorator.py took 0.160 seconds
[2026-08-06T05:34:20.938+0000] {processor.py:186} INFO - Started process (PID=237) to work on /home/airflow/.local/lib/python3.12/site-packages/airflow/example_dags/example_branch_operator_decorator.py
[2026-08-06T05:34:20.940+0000] {processor.py:914} INFO - Processing file /home/airflow/.local/lib/python3.12/site-packages/airflow/example_dags/example_branch_operator_decorator.py for tasks to queue
[2026-08-06T05:34:20.946+0000] {logging_mixin.py:190} INFO - [2026-08-06T05:34:20.945+0000] {dagbag.py:588} INFO - Filling up the DagBag from /home/airflow/.local/lib/python3.12/site-packages/airflow/example_dags/example_branch_operator_decorator.py
[2026-08-06T05:34:20.980+0000] {processor.py:925} INFO - DAG(s) 'example_branch_python_operator_decorator' retrieved from /home/airflow/.local/lib/python3.12/site-packages/airflow/example_dags/example_branch_operator_decorator.py
[2026-08-06T05:34:21.036+0000] {logging_mixin.py:190} INFO - [2026-08-06T05:34:21.036+0000] {dag.py:3239} INFO - Sync 1 DAGs
[2026-08-06T05:34:21.078+0000] {logging_mixin.py:190} INFO - [2026-08-06T05:34:21.078+0000] {dag.py:4180} INFO - Setting next_dagrun for example_branch_python_operator_decorator to 2026-08-05 00:00:00+00:00, run_after=2026-08-06 00:00:00+00:00
[2026-08-06T05:34:21.108+0000] {processor.py:208} INFO - Processing /home/airflow/.local/lib/python3.12/site-packages/airflow/example_dags/example_branch_operator_decorator.py took 0.177 seconds
[2026-08-06T05:34:51.200+0000] {processor.py:186} INFO - Started process (PID=299) to work on /home/airflow/.local/lib/python3.12/site-packages/airflow/example_dags/example_branch_operator_decorator.py
[2026-08-06T05:34:51.201+0000] {processor.py:914} INFO - Processing file /home/airflow/.local/lib/python3.12/site-packages/airflow/example_dags/example_branch_operator_decorator.py for tasks to queue
[2026-08-06T05:34:51.206+0000] {logging_mixin.py:190} INFO - [2026-08-06T05:34:51.204+0000] {dagbag.py:588} INFO - Filling up the DagBag from /home/airflow/.local/lib/python3.12/site-packages/airflow/example_dags/example_branch_operator_decorator.py
[2026-08-06T05:34:51.245+0000] {processor.py:925} INFO - DAG(s) 'example_branch_python_operator_decorator' retrieved from /home/airflow/.local/lib/python3.12/site-packages/airflow/example_dags/example_branch_operator_decorator.py
[2026-08-06T05:34:51.279+0000] {logging_mixin.py:190} INFO - [2026-08-06T05:34:51.279+0000] {dag.py:3239} INFO - Sync 1 DAGs
[2026-08-06T05:34:51.308+0000] {logging_mixin.py:190} INFO - [2026-08-06T05:34:51.308+0000] {dag.py:4180} INFO - Setting next_dagrun for example_branch_python_operator_decorator to 2026-08-05 00:00:00+00:00, run_after=2026-08-06 00:00:00+00:00
[2026-08-06T05:34:51.372+0000] {processor.py:208} INFO - Processing /home/airflow/.local/lib/python3.12/site-packages/airflow/example_dags/example_branch_operator_decorator.py took 0.181 seconds
[2026-08-06T05:37:06.793+0000] {processor.py:186} INFO - Started process (PID=117) to work on /home/airflow/.local/lib/python3.12/site-packages/airflow/example_dags/example_branch_operator_decorator.py
[2026-08-06T05:37:06.796+0000] {processor.py:914} INFO - Processing file /home/airflow/.local/lib/python3.12/site-packages/airflow/example_dags/example_branch_operator_decorator.py for tasks to queue
[2026-08-06T05:37:06.801+0000] {logging_mixin.py:190} INFO - [2026-08-06T05:37:06.800+0000] {dagbag.py:588} INFO - Filling up the DagBag from /home/airflow/.local/lib/python3.12/site-packages/airflow/example_dags/example_branch_operator_decorator.py
[2026-08-06T05:37:06.836+0000] {processor.py:925} INFO - DAG(s) 'example_branch_python_operator_decorator' retrieved from /home/airflow/.local/lib/python3.12/site-packages/airflow/example_dags/example_branch_operator_decorator.py
[2026-08-06T05:37:07.055+0000] {logging_mixin.py:190} INFO - [2026-08-06T05:37:07.054+0000] {dag.py:3239} INFO - Sync 1 DAGs
[2026-08-06T05:37:07.097+0000] {logging_mixin.py:190} INFO - [2026-08-06T05:37:07.097+0000] {dag.py:4180} INFO - Setting next_dagrun for example_branch_python_operator_decorator to 2026-08-05 00:00:00+00:00, run_after=2026-08-06 00:00:00+00:00
[2026-08-06T05:37:07.138+0000] {processor.py:208} INFO - Processing /home/airflow/.local/lib/python3.12/site-packages/airflow/example_dags/example_branch_operator_decorator.py took 0.357 seconds
[2026-08-06T05:37:38.006+0000] {processor.py:186} INFO - Started process (PID=181) to work on /home/airflow/.local/lib/python3.12/site-packages/airflow/example_dags/example_branch_operator_decorator.py
[2026-08-06T05:37:38.008+0000] {processor.py:914} INFO - Processing file /home/airflow/.local/lib/python3.12/site-packages/airflow/example_dags/example_branch_operator_decorator.py for tasks to queue
[2026-08-06T05:37:38.013+0000] {logging_mixin.py:190} INFO - [2026-08-06T05:37:38.012+0000] {dagbag.py:588} INFO - Filling up the DagBag from /home/airflow/.local/lib/python3.12/site-packages/airflow/example_dags/example_branch_operator_decorator.py
[2026-08-06T05:37:38.046+0000] {processor.py:925} INFO - DAG(s) 'example_branch_python_operator_decorator' retrieved from /home/airflow/.local/lib/python3.12/site-packages/airflow/example_dags/example_branch_operator_decorator.py
[2026-08-06T05:37:38.081+0000] {logging_mixin.py:190} INFO - [2026-08-06T05:37:38.081+0000] {dag.py:3239} INFO - Sync 1 DAGs
[2026-08-06T05:37:38.127+0000] {logging_mixin.py:190} INFO - [2026-08-06T05:37:38.127+0000] {dag.py:4180} INFO - Setting next_dagrun for example_branch_python_operator_decorator to 2026-08-05 00:00:00+00:00, run_after=2026-08-06 00:00:00+00:00
[2026-08-06T05:37:38.160+0000] {processor.py:208} INFO - Processing /home/airflow/.local/lib/python3.12/site-packages/airflow/example_dags/example_branch_operator_decorator.py took 0.167 seconds
[2026-08-06T05:38:08.951+0000] {processor.py:186} INFO - Started process (PID=245) to work on /home/airflow/.local/lib/python3.12/site-packages/airflow/example_dags/example_branch_operator_decorator.py
[2026-08-06T05:38:08.953+0000] {processor.py:914} INFO - Processing file /home/airflow/.local/lib/python3.12/site-packages/airflow/example_dags/example_branch_operator_decorator.py for tasks to queue
[2026-08-06T05:38:08.957+0000] {logging_mixin.py:190} INFO - [2026-08-06T05:38:08.956+0000] {dagbag.py:588} INFO - Filling up the DagBag from /home/airflow/.local/lib/python3.12/site-packages/airflow/example_dags/example_branch_operator_decorator.py
[2026-08-06T05:38:08.984+0000] {processor.py:925} INFO - DAG(s) 'example_branch_python_operator_decorator' retrieved from /home/airflow/.local/lib/python3.12/site-packages/airflow/example_dags/example_branch_operator_decorator.py
[2026-08-06T05:38:09.026+0000] {logging_mixin.py:190} INFO - [2026-08-06T05:38:09.026+0000] {dag.py:3239} INFO - Sync 1 DAGs
[2026-08-06T05:38:09.059+0000] {logging_mixin.py:190} INFO - [2026-08-06T05:38:09.058+0000] {dag.py:4180} INFO - Setting next_dagrun for example_branch_python_operator_decorator to 2026-08-05 00:00:00+00:00, run_after=2026-08-06 00:00:00+00:00
[2026-08-06T05:38:09.082+0000] {processor.py:208} INFO - Processing /home/airflow/.local/lib/python3.12/site-packages/airflow/example_dags/example_branch_operator_decorator.py took 0.141 seconds
[2026-08-06T05:38:45.804+0000] {processor.py:186} INFO - Started process (PID=324) to work on /home/airflow/.local/lib/python3.12/site-packages/airflow/example_dags/example_branch_operator_decorator.py
[2026-08-06T05:38:45.807+0000] {processor.py:914} INFO - Processing file /home/airflow/.local/lib/python3.12/site-packages/airflow/example_dags/example_branch_operator_decorator.py for tasks to queue
[2026-08-06T05:38:45.819+0000] {logging_mixin.py:190} INFO - [2026-08-06T05:38:45.818+0000] {dagbag.py:588} INFO - Filling up the DagBag from /home/airflow/.local/lib/python3.12/site-packages/airflow/example_dags/example_branch_operator_decorator.py
[2026-08-06T05:38:45.882+0000] {processor.py:925} INFO - DAG(s) 'example_branch_python_operator_decorator' retrieved from /home/airflow/.local/lib/python3.12/site-packages/airflow/example_dags/example_branch_operator_decorator.py
[2026-08-06T05:38:46.024+0000] {logging_mixin.py:190} INFO - [2026-08-06T05:38:46.023+0000] {dag.py:3239} INFO - Sync 1 DAGs
[2026-08-06T05:38:46.103+0000] {logging_mixin.py:190} INFO - [2026-08-06T05:38:46.103+0000] {dag.py:4180} INFO - Setting next_dagrun for example_branch_python_operator_decorator to 2026-08-05 00:00:00+00:00, run_after=2026-08-06 00:00:00+00:00
[2026-08-06T05:38:46.185+0000] {processor.py:208} INFO - Processing /home/airflow/.local/lib/python3.12/site-packages/airflow/example_dags/example_branch_operator_decorator.py took 0.409 seconds
[2026-08-06T05:39:16.546+0000] {processor.py:186} INFO - Started process (PID=388) to work on /home/airflow/.local/lib/python3.12/site-packages/airflow/example_dags/example_branch_operator_decorator.py
[2026-08-06T05:39:16.548+0000] {processor.py:914} INFO - Processing file /home/airflow/.local/lib/python3.12/site-packages/airflow/example_dags/example_branch_operator_decorator.py for tasks to queue
[2026-08-06T05:39:16.551+0000] {logging_mixin.py:190} INFO - [2026-08-06T05:39:16.550+0000] {dagbag.py:588} INFO - Filling up the DagBag from /home/airflow/.local/lib/python3.12/site-packages/airflow/example_dags/example_branch_operator_decorator.py
[2026-08-06T05:39:16.588+0000] {processor.py:925} INFO - DAG(s) 'example_branch_python_operator_decorator' retrieved from /home/airflow/.local/lib/python3.12/site-packages/airflow/example_dags/example_branch_operator_decorator.py
[2026-08-06T05:39:16.646+0000] {logging_mixin.py:190} INFO - [2026-08-06T05:39:16.645+0000] {dag.py:3239} INFO - Sync 1 DAGs
[2026-08-06T05:39:16.697+0000] {logging_mixin.py:190} INFO - [2026-08-06T05:39:16.697+0000] {dag.py:4180} INFO - Setting next_dagrun for example_branch_python_operator_decorator to 2026-08-05 00:00:00+00:00, run_after=2026-08-06 00:00:00+00:00
[2026-08-06T05:39:16.736+0000] {processor.py:208} INFO - Processing /home/airflow/.local/lib/python3.12/site-packages/airflow/example_dags/example_branch_operator_decorator.py took 0.197 seconds
[2026-08-06T05:39:48.999+0000] {processor.py:186} INFO - Started process (PID=452) to work on /home/airflow/.local/lib/python3.12/site-packages/airflow/example_dags/example_branch_operator_decorator.py
[2026-08-06T05:39:49.014+0000] {processor.py:914} INFO - Processing file /home/airflow/.local/lib/python3.12/site-packages/airflow/example_dags/example_branch_operator_decorator.py for tasks to queue
[2026-08-06T05:39:49.032+0000] {logging_mixin.py:190} INFO - [2026-08-06T05:39:49.031+0000] {dagbag.py:588} INFO - Filling up the DagBag from /home/airflow/.local/lib/python3.12/site-packages/airflow/example_dags/example_branch_operator_decorator.py
[2026-08-06T05:39:49.077+0000] {processor.py:925} INFO - DAG(s) 'example_branch_python_operator_decorator' retrieved from /home/airflow/.local/lib/python3.12/site-packages/airflow/example_dags/example_branch_operator_decorator.py
[2026-08-06T05:39:49.130+0000] {logging_mixin.py:190} INFO - [2026-08-06T05:39:49.129+0000] {dag.py:3239} INFO - Sync 1 DAGs
[2026-08-06T05:39:49.170+0000] {logging_mixin.py:190} INFO - [2026-08-06T05:39:49.170+0000] {dag.py:4180} INFO - Setting next_dagrun for example_branch_python_operator_decorator to 2026-08-05 00:00:00+00:00, run_after=2026-08-06 00:00:00+00:00
[2026-08-06T05:39:49.235+0000] {processor.py:208} INFO - Processing /home/airflow/.local/lib/python3.12/site-packages/airflow/example_dags/example_branch_operator_decorator.py took 0.247 seconds
[2026-08-06T05:40:19.356+0000] {processor.py:186} INFO - Started process (PID=515) to work on /home/airflow/.local/lib/python3.12/site-packages/airflow/example_dags/example_branch_operator_decorator.py
[2026-08-06T05:40:19.359+0000] {processor.py:914} INFO - Processing file /home/airflow/.local/lib/python3.12/site-packages/airflow/example_dags/example_branch_operator_decorator.py for tasks to queue
[2026-08-06T05:40:19.366+0000] {logging_mixin.py:190} INFO - [2026-08-06T05:40:19.365+0000] {dagbag.py:588} INFO - Filling up the DagBag from /home/airflow/.local/lib/python3.12/site-packages/airflow/example_dags/example_branch_operator_decorator.py
[2026-08-06T05:40:19.407+0000] {processor.py:925} INFO - DAG(s) 'example_branch_python_operator_decorator' retrieved from /home/airflow/.local/lib/python3.12/site-packages/airflow/example_dags/example_branch_operator_decorator.py
[2026-08-06T05:40:19.470+0000] {logging_mixin.py:190} INFO - [2026-08-06T05:40:19.469+0000] {dag.py:3239} INFO - Sync 1 DAGs
[2026-08-06T05:40:19.531+0000] {logging_mixin.py:190} INFO - [2026-08-06T05:40:19.530+0000] {dag.py:4180} INFO - Setting next_dagrun for example_branch_python_operator_decorator to 2026-08-05 00:00:00+00:00, run_after=2026-08-06 00:00:00+00:00
[2026-08-06T05:40:19.611+0000] {processor.py:208} INFO - Processing /home/airflow/.local/lib/python3.12/site-packages/airflow/example_dags/example_branch_operator_decorator.py took 0.267 seconds
[2026-08-06T05:40:49.943+0000] {processor.py:186} INFO - Started process (PID=578) to work on /home/airflow/.local/lib/python3.12/site-packages/airflow/example_dags/example_branch_operator_decorator.py
[2026-08-06T05:40:49.945+0000] {processor.py:914} INFO - Processing file /home/airflow/.local/lib/python3.12/site-packages/airflow/example_dags/example_branch_operator_decorator.py for tasks to queue
[2026-08-06T05:40:49.949+0000] {logging_mixin.py:190} INFO - [2026-08-06T05:40:49.948+0000] {dagbag.py:588} INFO - Filling up the DagBag from /home/airflow/.local/lib/python3.12/site-packages/airflow/example_dags/example_branch_operator_decorator.py
[2026-08-06T05:40:49.982+0000] {processor.py:925} INFO - DAG(s) 'example_branch_python_operator_decorator' retrieved from /home/airflow/.local/lib/python3.12/site-packages/airflow/example_dags/example_branch_operator_decorator.py
[2026-08-06T05:40:50.030+0000] {logging_mixin.py:190} INFO - [2026-08-06T05:40:50.029+0000] {dag.py:3239} INFO - Sync 1 DAGs
[2026-08-06T05:40:50.068+0000] {logging_mixin.py:190} INFO - [2026-08-06T05:40:50.068+0000] {dag.py:4180} INFO - Setting next_dagrun for example_branch_python_operator_decorator to 2026-08-05 00:00:00+00:00, run_after=2026-08-06 00:00:00+00:00
[2026-08-06T05:40:50.107+0000] {processor.py:208} INFO - Processing /home/airflow/.local/lib/python3.12/site-packages/airflow/example_dags/example_branch_operator_decorator.py took 0.175 seconds
[2026-08-06T05:41:21.986+0000] {processor.py:186} INFO - Started process (PID=642) to work on /home/airflow/.local/lib/python3.12/site-packages/airflow/example_dags/example_branch_operator_decorator.py
[2026-08-06T05:41:21.992+0000] {processor.py:914} INFO - Processing file /home/airflow/.local/lib/python3.12/site-packages/airflow/example_dags/example_branch_operator_decorator.py for tasks to queue
[2026-08-06T05:41:22.000+0000] {logging_mixin.py:190} INFO - [2026-08-06T05:41:21.999+0000] {dagbag.py:588} INFO - Filling up the DagBag from /home/airflow/.local/lib/python3.12/site-packages/airflow/example_dags/example_branch_operator_decorator.py
[2026-08-06T05:41:22.043+0000] {processor.py:925} INFO - DAG(s) 'example_branch_python_operator_decorator' retrieved from /home/airflow/.local/lib/python3.12/site-packages/airflow/example_dags/example_branch_operator_decorator.py
[2026-08-06T05:41:22.114+0000] {logging_mixin.py:190} INFO - [2026-08-06T05:41:22.113+0000] {dag.py:3239} INFO - Sync 1 DAGs
[2026-08-06T05:41:22.182+0000] {logging_mixin.py:190} INFO - [2026-08-06T05:41:22.182+0000] {dag.py:4180} INFO - Setting next_dagrun for example_branch_python_operator_decorator to 2026-08-05 00:00:00+00:00, run_after=2026-08-06 00:00:00+00:00
[2026-08-06T05:41:22.290+0000] {processor.py:208} INFO - Processing /home/airflow/.local/lib/python3.12/site-packages/airflow/example_dags/example_branch_operator_decorator.py took 0.314 seconds
[2026-08-06T05:41:54.308+0000] {processor.py:186} INFO - Started process (PID=712) to work on /home/airflow/.local/lib/python3.12/site-packages/airflow/example_dags/example_branch_operator_decorator.py
[2026-08-06T05:41:54.329+0000] {processor.py:914} INFO - Processing file /home/airflow/.local/lib/python3.12/site-packages/airflow/example_dags/example_branch_operator_decorator.py for tasks to queue
[2026-08-06T05:41:54.358+0000] {logging_mixin.py:190} INFO - [2026-08-06T05:41:54.357+0000] {dagbag.py:588} INFO - Filling up the DagBag from /home/airflow/.local/lib/python3.12/site-packages/airflow/example_dags/example_branch_operator_decorator.py
[2026-08-06T05:41:54.422+0000] {processor.py:925} INFO - DAG(s) 'example_branch_python_operator_decorator' retrieved from /home/airflow/.local/lib/python3.12/site-packages/airflow/example_dags/example_branch_operator_decorator.py
[2026-08-06T05:41:54.475+0000] {logging_mixin.py:190} INFO - [2026-08-06T05:41:54.474+0000] {dag.py:3239} INFO - Sync 1 DAGs
[2026-08-06T05:41:54.522+0000] {logging_mixin.py:190} INFO - [2026-08-06T05:41:54.521+0000] {dag.py:4180} INFO - Setting next_dagrun for example_branch_python_operator_decorator to 2026-08-05 00:00:00+00:00, run_after=2026-08-06 00:00:00+00:00
[2026-08-06T05:41:54.554+0000] {processor.py:208} INFO - Processing /home/airflow/.local/lib/python3.12/site-packages/airflow/example_dags/example_branch_operator_decorator.py took 0.256 seconds
[2026-08-06T05:42:25.789+0000] {processor.py:186} INFO - Started process (PID=776) to work on /home/airflow/.local/lib/python3.12/site-packages/airflow/example_dags/example_branch_operator_decorator.py
[2026-08-06T05:42:25.792+0000] {processor.py:914} INFO - Processing file /home/airflow/.local/lib/python3.12/site-packages/airflow/example_dags/example_branch_operator_decorator.py for tasks to queue
[2026-08-06T05:42:25.798+0000] {logging_mixin.py:190} INFO - [2026-08-06T05:42:25.797+0000] {dagbag.py:588} INFO - Filling up the DagBag from /home/airflow/.local/lib/python3.12/site-packages/airflow/example_dags/example_branch_operator_decorator.py
[2026-08-06T05:42:25.842+0000] {processor.py:925} INFO - DAG(s) 'example_branch_python_operator_decorator' retrieved from /home/airflow/.local/lib/python3.12/site-packages/airflow/example_dags/example_branch_operator_decorator.py
[2026-08-06T05:42:25.892+0000] {logging_mixin.py:190} INFO - [2026-08-06T05:42:25.891+0000] {dag.py:3239} INFO - Sync 1 DAGs
[2026-08-06T05:42:25.929+0000] {logging_mixin.py:190} INFO - [2026-08-06T05:42:25.928+0000] {dag.py:4180} INFO - Setting next_dagrun for example_branch_python_operator_decorator to 2026-08-05 00:00:00+00:00, run_after=2026-08-06 00:00:00+00:00
[2026-08-06T05:42:25.992+0000] {processor.py:208} INFO - Processing /home/airflow/.local/lib/python3.12/site-packages/airflow/example_dags/example_branch_operator_decorator.py took 0.213 seconds
[2026-08-06T05:42:57.057+0000] {processor.py:186} INFO - Started process (PID=840) to work on /home/airflow/.local/lib/python3.12/site-packages/airflow/example_dags/example_branch_operator_decorator.py
[2026-08-06T05:42:57.060+0000] {processor.py:914} INFO - Processing file /home/airflow/.local/lib/python3.12/site-packages/airflow/example_dags/example_branch_operator_decorator.py for tasks to queue
[2026-08-06T05:42:57.065+0000] {logging_mixin.py:190} INFO - [2026-08-06T05:42:57.065+0000] {dagbag.py:588} INFO - Filling up the DagBag from /home/airflow/.local/lib/python3.12/site-packages/airflow/example_dags/example_branch_operator_decorator.py
[2026-08-06T05:42:57.097+0000] {processor.py:925} INFO - DAG(s) 'example_branch_python_operator_decorator' retrieved from /home/airflow/.local/lib/python3.12/site-packages/airflow/example_dags/example_branch_operator_decorator.py
[2026-08-06T05:42:57.147+0000] {logging_mixin.py:190} INFO - [2026-08-06T05:42:57.146+0000] {dag.py:3239} INFO - Sync 1 DAGs
[2026-08-06T05:42:57.192+0000] {logging_mixin.py:190} INFO - [2026-08-06T05:42:57.192+0000] {dag.py:4180} INFO - Setting next_dagrun for example_branch_python_operator_decorator to 2026-08-05 00:00:00+00:00, run_after=2026-08-06 00:00:00+00:00
[2026-08-06T05:42:57.226+0000] {processor.py:208} INFO - Processing /home/airflow/.local/lib/python3.12/site-packages/airflow/example_dags/example_branch_operator_decorator.py took 0.180 seconds
[2026-08-06T05:43:27.436+0000] {processor.py:186} INFO - Started process (PID=903) to work on /home/airflow/.local/lib/python3.12/site-packages/airflow/example_dags/example_branch_operator_decorator.py
[2026-08-06T05:43:27.439+0000] {processor.py:914} INFO - Processing file /home/airflow/.local/lib/python3.12/site-packages/airflow/example_dags/example_branch_operator_decorator.py for tasks to queue
[2026-08-06T05:43:27.443+0000] {logging_mixin.py:190} INFO - [2026-08-06T05:43:27.443+0000] {dagbag.py:588} INFO - Filling up the DagBag from /home/airflow/.local/lib/python3.12/site-packages/airflow/example_dags/example_branch_operator_decorator.py
[2026-08-06T05:43:27.480+0000] {processor.py:925} INFO - DAG(s) 'example_branch_python_operator_decorator' retrieved from /home/airflow/.local/lib/python3.12/site-packages/airflow/example_dags/example_branch_operator_decorator.py
[2026-08-06T05:43:27.524+0000] {logging_mixin.py:190} INFO - [2026-08-06T05:43:27.523+0000] {dag.py:3239} INFO - Sync 1 DAGs
[2026-08-06T05:43:27.566+0000] {logging_mixin.py:190} INFO - [2026-08-06T05:43:27.565+0000] {dag.py:4180} INFO - Setting next_dagrun for example_branch_python_operator_decorator to 2026-08-05 00:00:00+00:00, run_after=2026-08-06 00:00:00+00:00
[2026-08-06T05:43:27.678+0000] {processor.py:208} INFO - Processing /home/airflow/.local/lib/python3.12/site-packages/airflow/example_dags/example_branch_operator_decorator.py took 0.252 seconds
[2026-08-06T05:43:58.663+0000] {processor.py:186} INFO - Started process (PID=982) to work on /home/airflow/.local/lib/python3.12/site-packages/airflow/example_dags/example_branch_operator_decorator.py
[2026-08-06T05:43:58.666+0000] {processor.py:914} INFO - Processing file /home/airflow/.local/lib/python3.12/site-packages/airflow/example_dags/example_branch_operator_decorator.py for tasks to queue
[2026-08-06T05:43:58.672+0000] {logging_mixin.py:190} INFO - [2026-08-06T05:43:58.671+0000] {dagbag.py:588} INFO - Filling up the DagBag from /home/airflow/.local/lib/python3.12/site-packages/airflow/example_dags/example_branch_operator_decorator.py
[2026-08-06T05:43:58.709+0000] {processor.py:925} INFO - DAG(s) 'example_branch_python_operator_decorator' retrieved from /home/airflow/.local/lib/python3.12/site-packages/airflow/example_dags/example_branch_operator_decorator.py
[2026-08-06T05:43:58.754+0000] {logging_mixin.py:190} INFO - [2026-08-06T05:43:58.754+0000] {dag.py:3239} INFO - Sync 1 DAGs
[2026-08-06T05:43:58.789+0000] {logging_mixin.py:190} INFO - [2026-08-06T05:43:58.789+0000] {dag.py:4180} INFO - Setting next_dagrun for example_branch_python_operator_decorator to 2026-08-05 00:00:00+00:00, run_after=2026-08-06 00:00:00+00:00
[2026-08-06T05:43:58.822+0000] {processor.py:208} INFO - Processing /home/airflow/.local/lib/python3.12/site-packages/airflow/example_dags/example_branch_operator_decorator.py took 0.169 seconds
[2026-08-06T05:44:29.666+0000] {processor.py:186} INFO - Started process (PID=1046) to work on /home/airflow/.local/lib/python3.12/site-packages/airflow/example_dags/example_branch_operator_decorator.py
[2026-08-06T05:44:29.668+0000] {processor.py:914} INFO - Processing file /home/airflow/.local/lib/python3.12/site-packages/airflow/example_dags/example_branch_operator_decorator.py for tasks to queue
[2026-08-06T05:44:29.673+0000] {logging_mixin.py:190} INFO - [2026-08-06T05:44:29.673+0000] {dagbag.py:588} INFO - Filling up the DagBag from /home/airflow/.local/lib/python3.12/site-packages/airflow/example_dags/example_branch_operator_decorator.py
[2026-08-06T05:44:29.705+0000] {processor.py:925} INFO - DAG(s) 'example_branch_python_operator_decorator' retrieved from /home/airflow/.local/lib/python3.12/site-packages/airflow/example_dags/example_branch_operator_decorator.py
[2026-08-06T05:44:29.760+0000] {logging_mixin.py:190} INFO - [2026-08-06T05:44:29.760+0000] {dag.py:3239} INFO - Sync 1 DAGs
[2026-08-06T05:44:29.806+0000] {logging_mixin.py:190} INFO - [2026-08-06T05:44:29.806+0000] {dag.py:4180} INFO - Setting next_dagrun for example_branch_python_operator_decorator to 2026-08-05 00:00:00+00:00, run_after=2026-08-06 00:00:00+00:00
[2026-08-06T05:44:29.852+0000] {processor.py:208} INFO - Processing /home/airflow/.local/lib/python3.12/site-packages/airflow/example_dags/example_branch_operator_decorator.py took 0.199 seconds
[2026-08-06T05:45:02.475+0000] {processor.py:186} INFO - Started process (PID=1109) to work on /home/airflow/.local/lib/python3.12/site-packages/airflow/example_dags/example_branch_operator_decorator.py
[2026-08-06T05:45:02.480+0000] {processor.py:914} INFO - Processing file /home/airflow/.local/lib/python3.12/site-packages/airflow/example_dags/example_branch_operator_decorator.py for tasks to queue
[2026-08-06T05:45:02.487+0000] {logging_mixin.py:190} INFO - [2026-08-06T05:45:02.486+0000] {dagbag.py:588} INFO - Filling up the DagBag from /home/airflow/.local/lib/python3.12/site-packages/airflow/example_dags/example_branch_operator_decorator.py
[2026-08-06T05:45:02.524+0000] {processor.py:925} INFO - DAG(s) 'example_branch_python_operator_decorator' retrieved from /home/airflow/.local/lib/python3.12/site-packages/airflow/example_dags/example_branch_operator_decorator.py
[2026-08-06T05:45:02.583+0000] {logging_mixin.py:190} INFO - [2026-08-06T05:45:02.583+0000] {dag.py:3239} INFO - Sync 1 DAGs
[2026-08-06T05:45:02.633+0000] {logging_mixin.py:190} INFO - [2026-08-06T05:45:02.633+0000] {dag.py:4180} INFO - Setting next_dagrun for example_branch_python_operator_decorator to 2026-08-05 00:00:00+00:00, run_after=2026-08-06 00:00:00+00:00
[2026-08-06T05:45:02.673+0000] {processor.py:208} INFO - Processing /home/airflow/.local/lib/python3.12/site-packages/airflow/example_dags/example_branch_operator_decorator.py took 0.207 seconds
[2026-08-06T05:45:35.010+0000] {processor.py:186} INFO - Started process (PID=1173) to work on /home/airflow/.local/lib/python3.12/site-packages/airflow/example_dags/example_branch_operator_decorator.py
[2026-08-06T05:45:35.015+0000] {processor.py:914} INFO - Processing file /home/airflow/.local/lib/python3.12/site-packages/airflow/example_dags/example_branch_operator_decorator.py for tasks to queue
[2026-08-06T05:45:35.020+0000] {logging_mixin.py:190} INFO - [2026-08-06T05:45:35.019+0000] {dagbag.py:588} INFO - Filling up the DagBag from /home/airflow/.local/lib/python3.12/site-packages/airflow/example_dags/example_branch_operator_decorator.py
[2026-08-06T05:45:35.057+0000] {processor.py:925} INFO - DAG(s) 'example_branch_python_operator_decorator' retrieved from /home/airflow/.local/lib/python3.12/site-packages/airflow/example_dags/example_branch_operator_decorator.py
[2026-08-06T05:45:35.100+0000] {logging_mixin.py:190} INFO - [2026-08-06T05:45:35.100+0000] {dag.py:3239} INFO - Sync 1 DAGs
[2026-08-06T05:45:35.135+0000] {logging_mixin.py:190} INFO - [2026-08-06T05:45:35.135+0000] {dag.py:4180} INFO - Setting next_dagrun for example_branch_python_operator_decorator to 2026-08-05 00:00:00+00:00, run_after=2026-08-06 00:00:00+00:00
[2026-08-06T05:45:35.167+0000] {processor.py:208} INFO - Processing /home/airflow/.local/lib/python3.12/site-packages/airflow/example_dags/example_branch_operator_decorator.py took 0.173 seconds
[2026-08-06T05:46:06.065+0000] {processor.py:186} INFO - Started process (PID=1237) to work on /home/airflow/.local/lib/python3.12/site-packages/airflow/example_dags/example_branch_operator_decorator.py
[2026-08-06T05:46:06.067+0000] {processor.py:914} INFO - Processing file /home/airflow/.local/lib/python3.12/site-packages/airflow/example_dags/example_branch_operator_decorator.py for tasks to queue
[2026-08-06T05:46:06.071+0000] {logging_mixin.py:190} INFO - [2026-08-06T05:46:06.070+0000] {dagbag.py:588} INFO - Filling up the DagBag from /home/airflow/.local/lib/python3.12/site-packages/airflow/example_dags/example_branch_operator_decorator.py
[2026-08-06T05:46:06.126+0000] {processor.py:925} INFO - DAG(s) 'example_branch_python_operator_decorator' retrieved from /home/airflow/.local/lib/python3.12/site-packages/airflow/example_dags/example_branch_operator_decorator.py
[2026-08-06T05:46:06.178+0000] {logging_mixin.py:190} INFO - [2026-08-06T05:46:06.177+0000] {dag.py:3239} INFO - Sync 1 DAGs
[2026-08-06T05:46:06.219+0000] {logging_mixin.py:190} INFO - [2026-08-06T05:46:06.219+0000] {dag.py:4180} INFO - Setting next_dagrun for example_branch_python_operator_decorator to 2026-08-05 00:00:00+00:00, run_after=2026-08-06 00:00:00+00:00
[2026-08-06T05:46:06.265+0000] {processor.py:208} INFO - Processing /home/airflow/.local/lib/python3.12/site-packages/airflow/example_dags/example_branch_operator_decorator.py took 0.210 seconds
[2026-08-06T05:46:37.444+0000] {processor.py:186} INFO - Started process (PID=1301) to work on /home/airflow/.local/lib/python3.12/site-packages/airflow/example_dags/example_branch_operator_decorator.py
[2026-08-06T05:46:37.446+0000] {processor.py:914} INFO - Processing file /home/airflow/.local/lib/python3.12/site-packages/airflow/example_dags/example_branch_operator_decorator.py for tasks to queue
[2026-08-06T05:46:37.449+0000] {logging_mixin.py:190} INFO - [2026-08-06T05:46:37.449+0000] {dagbag.py:588} INFO - Filling up the DagBag from /home/airflow/.local/lib/python3.12/site-packages/airflow/example_dags/example_branch_operator_decorator.py
[2026-08-06T05:46:37.485+0000] {processor.py:925} INFO - DAG(s) 'example_branch_python_operator_decorator' retrieved from /home/airflow/.local/lib/python3.12/site-packages/airflow/example_dags/example_branch_operator_decorator.py
[2026-08-06T05:46:37.541+0000] {logging_mixin.py:190} INFO - [2026-08-06T05:46:37.540+0000] {dag.py:3239} INFO - Sync 1 DAGs
[2026-08-06T05:46:37.590+0000] {logging_mixin.py:190} INFO - [2026-08-06T05:46:37.589+0000] {dag.py:4180} INFO - Setting next_dagrun for example_branch_python_operator_decorator to 2026-08-05 00:00:00+00:00, run_after=2026-08-06 00:00:00+00:00
[2026-08-06T05:46:37.621+0000] {processor.py:208} INFO - Processing /home/airflow/.local/lib/python3.12/site-packages/airflow/example_dags/example_branch_operator_decorator.py took 0.188 seconds
[2026-08-06T05:47:09.687+0000] {processor.py:186} INFO - Started process (PID=1365) to work on /home/airflow/.local/lib/python3.12/site-packages/airflow/example_dags/example_branch_operator_decorator.py
[2026-08-06T05:47:09.689+0000] {processor.py:914} INFO - Processing file /home/airflow/.local/lib/python3.12/site-packages/airflow/example_dags/example_branch_operator_decorator.py for tasks to queue
[2026-08-06T05:47:09.692+0000] {logging_mixin.py:190} INFO - [2026-08-06T05:47:09.692+0000] {dagbag.py:588} INFO - Filling up the DagBag from /home/airflow/.local/lib/python3.12/site-packages/airflow/example_dags/example_branch_operator_decorator.py
[2026-08-06T05:47:09.727+0000] {processor.py:925} INFO - DAG(s) 'example_branch_python_operator_decorator' retrieved from /home/airflow/.local/lib/python3.12/site-packages/airflow/example_dags/example_branch_operator_decorator.py
[2026-08-06T05:47:09.784+0000] {logging_mixin.py:190} INFO - [2026-08-06T05:47:09.783+0000] {dag.py:3239} INFO - Sync 1 DAGs
[2026-08-06T05:47:09.825+0000] {logging_mixin.py:190} INFO - [2026-08-06T05:47:09.825+0000] {dag.py:4180} INFO - Setting next_dagrun for example_branch_python_operator_decorator to 2026-08-05 00:00:00+00:00, run_after=2026-08-06 00:00:00+00:00
[2026-08-06T05:47:09.862+0000] {processor.py:208} INFO - Processing /home/airflow/.local/lib/python3.12/site-packages/airflow/example_dags/example_branch_operator_decorator.py took 0.186 seconds
[2026-08-06T05:47:40.909+0000] {processor.py:186} INFO - Started process (PID=1429) to work on /home/airflow/.local/lib/python3.12/site-packages/airflow/example_dags/example_branch_operator_decorator.py
[2026-08-06T05:47:40.911+0000] {processor.py:914} INFO - Processing file /home/airflow/.local/lib/python3.12/site-packages/airflow/example_dags/example_branch_operator_decorator.py for tasks to queue
[2026-08-06T05:47:40.915+0000] {logging_mixin.py:190} INFO - [2026-08-06T05:47:40.915+0000] {dagbag.py:588} INFO - Filling up the DagBag from /home/airflow/.local/lib/python3.12/site-packages/airflow/example_dags/example_branch_operator_decorator.py
[2026-08-06T05:47:40.956+0000] {processor.py:925} INFO - DAG(s) 'example_branch_python_operator_decorator' retrieved from /home/airflow/.local/lib/python3.12/site-packages/airflow/example_dags/example_branch_operator_decorator.py
[2026-08-06T05:47:40.998+0000] {logging_mixin.py:190} INFO - [2026-08-06T05:47:40.997+0000] {dag.py:3239} INFO - Sync 1 DAGs
[2026-08-06T05:47:41.041+0000] {logging_mixin.py:190} INFO - [2026-08-06T05:47:41.041+0000] {dag.py:4180} INFO - Setting next_dagrun for example_branch_python_operator_decorator to 2026-08-05 00:00:00+00:00, run_after=2026-08-06 00:00:00+00:00
[2026-08-06T05:47:41.090+0000] {processor.py:208} INFO - Processing /home/airflow/.local/lib/python3.12/site-packages/airflow/example_dags/example_branch_operator_decorator.py took 0.191 seconds
[2026-08-06T05:48:12.579+0000] {processor.py:186} INFO - Started process (PID=1493) to work on /home/airflow/.local/lib/python3.12/site-packages/airflow/example_dags/example_branch_operator_decorator.py
[2026-08-06T05:48:12.581+0000] {processor.py:914} INFO - Processing file /home/airflow/.local/lib/python3.12/site-packages/airflow/example_dags/example_branch_operator_decorator.py for tasks to queue
[2026-08-06T05:48:12.586+0000] {logging_mixin.py:190} INFO - [2026-08-06T05:48:12.585+0000] {dagbag.py:588} INFO - Filling up the DagBag from /home/airflow/.local/lib/python3.12/site-packages/airflow/example_dags/example_branch_operator_decorator.py
[2026-08-06T05:48:12.620+0000] {processor.py:925} INFO - DAG(s) 'example_branch_python_operator_decorator' retrieved from /home/airflow/.local/lib/python3.12/site-packages/airflow/example_dags/example_branch_operator_decorator.py
[2026-08-06T05:48:12.672+0000] {logging_mixin.py:190} INFO - [2026-08-06T05:48:12.672+0000] {dag.py:3239} INFO - Sync 1 DAGs
[2026-08-06T05:48:12.713+0000] {logging_mixin.py:190} INFO - [2026-08-06T05:48:12.712+0000] {dag.py:4180} INFO - Setting next_dagrun for example_branch_python_operator_decorator to 2026-08-05 00:00:00+00:00, run_after=2026-08-06 00:00:00+00:00
[2026-08-06T05:48:12.756+0000] {processor.py:208} INFO - Processing /home/airflow/.local/lib/python3.12/site-packages/airflow/example_dags/example_branch_operator_decorator.py took 0.187 seconds
[2026-08-06T05:48:43.110+0000] {processor.py:186} INFO - Started process (PID=1557) to work on /home/airflow/.local/lib/python3.12/site-packages/airflow/example_dags/example_branch_operator_decorator.py
[2026-08-06T05:48:43.114+0000] {processor.py:914} INFO - Processing file /home/airflow/.local/lib/python3.12/site-packages/airflow/example_dags/example_branch_operator_decorator.py for tasks to queue
[2026-08-06T05:48:43.118+0000] {logging_mixin.py:190} INFO - [2026-08-06T05:48:43.118+0000] {dagbag.py:588} INFO - Filling up the DagBag from /home/airflow/.local/lib/python3.12/site-packages/airflow/example_dags/example_branch_operator_decorator.py
[2026-08-06T05:48:43.156+0000] {processor.py:925} INFO - DAG(s) 'example_branch_python_operator_decorator' retrieved from /home/airflow/.local/lib/python3.12/site-packages/airflow/example_dags/example_branch_operator_decorator.py
[2026-08-06T05:48:43.206+0000] {logging_mixin.py:190} INFO - [2026-08-06T05:48:43.206+0000] {dag.py:3239} INFO - Sync 1 DAGs
[2026-08-06T05:48:43.260+0000] {logging_mixin.py:190} INFO - [2026-08-06T05:48:43.260+0000] {dag.py:4180} INFO - Setting next_dagrun for example_branch_python_operator_decorator to 2026-08-05 00:00:00+00:00, run_after=2026-08-06 00:00:00+00:00
[2026-08-06T05:48:43.336+0000] {processor.py:208} INFO - Processing /home/airflow/.local/lib/python3.12/site-packages/airflow/example_dags/example_branch_operator_decorator.py took 0.235 seconds
[2026-08-06T05:49:14.660+0000] {processor.py:186} INFO - Started process (PID=1636) to work on /home/airflow/.local/lib/python3.12/site-packages/airflow/example_dags/example_branch_operator_decorator.py
[2026-08-06T05:49:14.687+0000] {processor.py:914} INFO - Processing file /home/airflow/.local/lib/python3.12/site-packages/airflow/example_dags/example_branch_operator_decorator.py for tasks to queue
[2026-08-06T05:49:14.703+0000] {logging_mixin.py:190} INFO - [2026-08-06T05:49:14.702+0000] {dagbag.py:588} INFO - Filling up the DagBag from /home/airflow/.local/lib/python3.12/site-packages/airflow/example_dags/example_branch_operator_decorator.py
[2026-08-06T05:49:14.797+0000] {processor.py:925} INFO - DAG(s) 'example_branch_python_operator_decorator' retrieved from /home/airflow/.local/lib/python3.12/site-packages/airflow/example_dags/example_branch_operator_decorator.py
[2026-08-06T05:49:14.851+0000] {logging_mixin.py:190} INFO - [2026-08-06T05:49:14.851+0000] {dag.py:3239} INFO - Sync 1 DAGs
[2026-08-06T05:49:14.897+0000] {logging_mixin.py:190} INFO - [2026-08-06T05:49:14.897+0000] {dag.py:4180} INFO - Setting next_dagrun for example_branch_python_operator_decorator to 2026-08-05 00:00:00+00:00, run_after=2026-08-06 00:00:00+00:00
[2026-08-06T05:49:14.939+0000] {processor.py:208} INFO - Processing /home/airflow/.local/lib/python3.12/site-packages/airflow/example_dags/example_branch_operator_decorator.py took 0.287 seconds
[2026-08-06T05:49:45.524+0000] {processor.py:186} INFO - Started process (PID=1700) to work on /home/airflow/.local/lib/python3.12/site-packages/airflow/example_dags/example_branch_operator_decorator.py
[2026-08-06T05:49:45.526+0000] {processor.py:914} INFO - Processing file /home/airflow/.local/lib/python3.12/site-packages/airflow/example_dags/example_branch_operator_decorator.py for tasks to queue
[2026-08-06T05:49:45.530+0000] {logging_mixin.py:190} INFO - [2026-08-06T05:49:45.530+0000] {dagbag.py:588} INFO - Filling up the DagBag from /home/airflow/.local/lib/python3.12/site-packages/airflow/example_dags/example_branch_operator_decorator.py
[2026-08-06T05:49:45.557+0000] {processor.py:925} INFO - DAG(s) 'example_branch_python_operator_decorator' retrieved from /home/airflow/.local/lib/python3.12/site-packages/airflow/example_dags/example_branch_operator_decorator.py
[2026-08-06T05:49:45.608+0000] {logging_mixin.py:190} INFO - [2026-08-06T05:49:45.607+0000] {dag.py:3239} INFO - Sync 1 DAGs
[2026-08-06T05:49:45.643+0000] {logging_mixin.py:190} INFO - [2026-08-06T05:49:45.643+0000] {dag.py:4180} INFO - Setting next_dagrun for example_branch_python_operator_decorator to 2026-08-05 00:00:00+00:00, run_after=2026-08-06 00:00:00+00:00
[2026-08-06T05:49:45.705+0000] {processor.py:208} INFO - Processing /home/airflow/.local/lib/python3.12/site-packages/airflow/example_dags/example_branch_operator_decorator.py took 0.189 seconds
[2026-08-06T05:50:16.148+0000] {processor.py:186} INFO - Started process (PID=1764) to work on /home/airflow/.local/lib/python3.12/site-packages/airflow/example_dags/example_branch_operator_decorator.py
[2026-08-06T05:50:16.150+0000] {processor.py:914} INFO - Processing file /home/airflow/.local/lib/python3.12/site-packages/airflow/example_dags/example_branch_operator_decorator.py for tasks to queue
[2026-08-06T05:50:16.155+0000] {logging_mixin.py:190} INFO - [2026-08-06T05:50:16.154+0000] {dagbag.py:588} INFO - Filling up the DagBag from /home/airflow/.local/lib/python3.12/site-packages/airflow/example_dags/example_branch_operator_decorator.py
[2026-08-06T05:50:16.190+0000] {processor.py:925} INFO - DAG(s) 'example_branch_python_operator_decorator' retrieved from /home/airflow/.local/lib/python3.12/site-packages/airflow/example_dags/example_branch_operator_decorator.py
[2026-08-06T05:50:16.243+0000] {logging_mixin.py:190} INFO - [2026-08-06T05:50:16.242+0000] {dag.py:3239} INFO - Sync 1 DAGs
[2026-08-06T05:50:16.291+0000] {logging_mixin.py:190} INFO - [2026-08-06T05:50:16.291+0000] {dag.py:4180} INFO - Setting next_dagrun for example_branch_python_operator_decorator to 2026-08-05 00:00:00+00:00, run_after=2026-08-06 00:00:00+00:00
[2026-08-06T05:50:16.329+0000] {processor.py:208} INFO - Processing /home/airflow/.local/lib/python3.12/site-packages/airflow/example_dags/example_branch_operator_decorator.py took 0.191 seconds
[2026-08-06T05:50:47.908+0000] {processor.py:186} INFO - Started process (PID=1828) to work on /home/airflow/.local/lib/python3.12/site-packages/airflow/example_dags/example_branch_operator_decorator.py
[2026-08-06T05:50:47.924+0000] {processor.py:914} INFO - Processing file /home/airflow/.local/lib/python3.12/site-packages/airflow/example_dags/example_branch_operator_decorator.py for tasks to queue
[2026-08-06T05:50:47.939+0000] {logging_mixin.py:190} INFO - [2026-08-06T05:50:47.938+0000] {dagbag.py:588} INFO - Filling up the DagBag from /home/airflow/.local/lib/python3.12/site-packages/airflow/example_dags/example_branch_operator_decorator.py
[2026-08-06T05:50:47.992+0000] {processor.py:925} INFO - DAG(s) 'example_branch_python_operator_decorator' retrieved from /home/airflow/.local/lib/python3.12/site-packages/airflow/example_dags/example_branch_operator_decorator.py
[2026-08-06T05:50:48.045+0000] {logging_mixin.py:190} INFO - [2026-08-06T05:50:48.044+0000] {dag.py:3239} INFO - Sync 1 DAGs
[2026-08-06T05:50:48.091+0000] {logging_mixin.py:190} INFO - [2026-08-06T05:50:48.091+0000] {dag.py:4180} INFO - Setting next_dagrun for example_branch_python_operator_decorator to 2026-08-05 00:00:00+00:00, run_after=2026-08-06 00:00:00+00:00
[2026-08-06T05:50:48.125+0000] {processor.py:208} INFO - Processing /home/airflow/.local/lib/python3.12/site-packages/airflow/example_dags/example_branch_operator_decorator.py took 0.230 seconds
[2026-08-06T05:51:18.804+0000] {processor.py:186} INFO - Started process (PID=1892) to work on /home/airflow/.local/lib/python3.12/site-packages/airflow/example_dags/example_branch_operator_decorator.py
[2026-08-06T05:51:18.808+0000] {processor.py:914} INFO - Processing file /home/airflow/.local/lib/python3.12/site-packages/airflow/example_dags/example_branch_operator_decorator.py for tasks to queue
[2026-08-06T05:51:18.813+0000] {logging_mixin.py:190} INFO - [2026-08-06T05:51:18.812+0000] {dagbag.py:588} INFO - Filling up the DagBag from /home/airflow/.local/lib/python3.12/site-packages/airflow/example_dags/example_branch_operator_decorator.py
[2026-08-06T05:51:18.842+0000] {processor.py:925} INFO - DAG(s) 'example_branch_python_operator_decorator' retrieved from /home/airflow/.local/lib/python3.12/site-packages/airflow/example_dags/example_branch_operator_decorator.py
[2026-08-06T05:51:18.887+0000] {logging_mixin.py:190} INFO - [2026-08-06T05:51:18.887+0000] {dag.py:3239} INFO - Sync 1 DAGs
[2026-08-06T05:51:18.931+0000] {logging_mixin.py:190} INFO - [2026-08-06T05:51:18.931+0000] {dag.py:4180} INFO - Setting next_dagrun for example_branch_python_operator_decorator to 2026-08-05 00:00:00+00:00, run_after=2026-08-06 00:00:00+00:00
[2026-08-06T05:51:18.963+0000] {processor.py:208} INFO - Processing /home/airflow/.local/lib/python3.12/site-packages/airflow/example_dags/example_branch_operator_decorator.py took 0.171 seconds
[2026-08-06T05:51:49.760+0000] {processor.py:186} INFO - Started process (PID=1956) to work on /home/airflow/.local/lib/python3.12/site-packages/airflow/example_dags/example_branch_operator_decorator.py
[2026-08-06T05:51:49.770+0000] {processor.py:914} INFO - Processing file /home/airflow/.local/lib/python3.12/site-packages/airflow/example_dags/example_branch_operator_decorator.py for tasks to queue
[2026-08-06T05:51:49.775+0000] {logging_mixin.py:190} INFO - [2026-08-06T05:51:49.775+0000] {dagbag.py:588} INFO - Filling up the DagBag from /home/airflow/.local/lib/python3.12/site-packages/airflow/example_dags/example_branch_operator_decorator.py
[2026-08-06T05:51:49.804+0000] {processor.py:925} INFO - DAG(s) 'example_branch_python_operator_decorator' retrieved from /home/airflow/.local/lib/python3.12/site-packages/airflow/example_dags/example_branch_operator_decorator.py
[2026-08-06T05:51:49.858+0000] {logging_mixin.py:190} INFO - [2026-08-06T05:51:49.858+0000] {dag.py:3239} INFO - Sync 1 DAGs
[2026-08-06T05:51:49.900+0000] {logging_mixin.py:190} INFO - [2026-08-06T05:51:49.900+0000] {dag.py:4180} INFO - Setting next_dagrun for example_branch_python_operator_decorator to 2026-08-05 00:00:00+00:00, run_after=2026-08-06 00:00:00+00:00
[2026-08-06T05:51:49.961+0000] {processor.py:208} INFO - Processing /home/airflow/.local/lib/python3.12/site-packages/airflow/example_dags/example_branch_operator_decorator.py took 0.211 seconds
[2026-08-06T05:52:20.213+0000] {processor.py:186} INFO - Started process (PID=2019) to work on /home/airflow/.local/lib/python3.12/site-packages/airflow/example_dags/example_branch_operator_decorator.py
[2026-08-06T05:52:20.215+0000] {processor.py:914} INFO - Processing file /home/airflow/.local/lib/python3.12/site-packages/airflow/example_dags/example_branch_operator_decorator.py for tasks to queue
[2026-08-06T05:52:20.219+0000] {logging_mixin.py:190} INFO - [2026-08-06T05:52:20.218+0000] {dagbag.py:588} INFO - Filling up the DagBag from /home/airflow/.local/lib/python3.12/site-packages/airflow/example_dags/example_branch_operator_decorator.py
[2026-08-06T05:52:20.257+0000] {processor.py:925} INFO - DAG(s) 'example_branch_python_operator_decorator' retrieved from /home/airflow/.local/lib/python3.12/site-packages/airflow/example_dags/example_branch_operator_decorator.py
[2026-08-06T05:52:20.314+0000] {logging_mixin.py:190} INFO - [2026-08-06T05:52:20.314+0000] {dag.py:3239} INFO - Sync 1 DAGs
[2026-08-06T05:52:20.395+0000] {logging_mixin.py:190} INFO - [2026-08-06T05:52:20.393+0000] {dag.py:4180} INFO - Setting next_dagrun for example_branch_python_operator_decorator to 2026-08-05 00:00:00+00:00, run_after=2026-08-06 00:00:00+00:00
[2026-08-06T05:52:20.496+0000] {processor.py:208} INFO - Processing /home/airflow/.local/lib/python3.12/site-packages/airflow/example_dags/example_branch_operator_decorator.py took 0.292 seconds
[2026-08-06T05:52:52.072+0000] {processor.py:186} INFO - Started process (PID=2084) to work on /home/airflow/.local/lib/python3.12/site-packages/airflow/example_dags/example_branch_operator_decorator.py
[2026-08-06T05:52:52.077+0000] {processor.py:914} INFO - Processing file /home/airflow/.local/lib/python3.12/site-packages/airflow/example_dags/example_branch_operator_decorator.py for tasks to queue
[2026-08-06T05:52:52.085+0000] {logging_mixin.py:190} INFO - [2026-08-06T05:52:52.083+0000] {dagbag.py:588} INFO - Filling up the DagBag from /home/airflow/.local/lib/python3.12/site-packages/airflow/example_dags/example_branch_operator_decorator.py
[2026-08-06T05:52:52.129+0000] {processor.py:925} INFO - DAG(s) 'example_branch_python_operator_decorator' retrieved from /home/airflow/.local/lib/python3.12/site-packages/airflow/example_dags/example_branch_operator_decorator.py
[2026-08-06T05:52:52.175+0000] {logging_mixin.py:190} INFO - [2026-08-06T05:52:52.175+0000] {dag.py:3239} INFO - Sync 1 DAGs
[2026-08-06T05:52:52.213+0000] {logging_mixin.py:190} INFO - [2026-08-06T05:52:52.212+0000] {dag.py:4180} INFO - Setting next_dagrun for example_branch_python_operator_decorator to 2026-08-05 00:00:00+00:00, run_after=2026-08-06 00:00:00+00:00
[2026-08-06T05:52:52.245+0000] {processor.py:208} INFO - Processing /home/airflow/.local/lib/python3.12/site-packages/airflow/example_dags/example_branch_operator_decorator.py took 0.191 seconds
[2026-08-06T05:53:22.450+0000] {processor.py:186} INFO - Started process (PID=2148) to work on /home/airflow/.local/lib/python3.12/site-packages/airflow/example_dags/example_branch_operator_decorator.py
[2026-08-06T05:53:22.452+0000] {processor.py:914} INFO - Processing file /home/airflow/.local/lib/python3.12/site-packages/airflow/example_dags/example_branch_operator_decorator.py for tasks to queue
[2026-08-06T05:53:22.455+0000] {logging_mixin.py:190} INFO - [2026-08-06T05:53:22.454+0000] {dagbag.py:588} INFO - Filling up the DagBag from /home/airflow/.local/lib/python3.12/site-packages/airflow/example_dags/example_branch_operator_decorator.py
[2026-08-06T05:53:22.489+0000] {processor.py:925} INFO - DAG(s) 'example_branch_python_operator_decorator' retrieved from /home/airflow/.local/lib/python3.12/site-packages/airflow/example_dags/example_branch_operator_decorator.py
[2026-08-06T05:53:22.529+0000] {logging_mixin.py:190} INFO - [2026-08-06T05:53:22.528+0000] {dag.py:3239} INFO - Sync 1 DAGs
[2026-08-06T05:53:22.566+0000] {logging_mixin.py:190} INFO - [2026-08-06T05:53:22.566+0000] {dag.py:4180} INFO - Setting next_dagrun for example_branch_python_operator_decorator to 2026-08-05 00:00:00+00:00, run_after=2026-08-06 00:00:00+00:00
[2026-08-06T05:53:22.628+0000] {processor.py:208} INFO - Processing /home/airflow/.local/lib/python3.12/site-packages/airflow/example_dags/example_branch_operator_decorator.py took 0.188 seconds
[2026-08-06T05:53:52.948+0000] {processor.py:186} INFO - Started process (PID=2219) to work on /home/airflow/.local/lib/python3.12/site-packages/airflow/example_dags/example_branch_operator_decorator.py
[2026-08-06T05:53:52.951+0000] {processor.py:914} INFO - Processing file /home/airflow/.local/lib/python3.12/site-packages/airflow/example_dags/example_branch_operator_decorator.py for tasks to queue
[2026-08-06T05:53:52.956+0000] {logging_mixin.py:190} INFO - [2026-08-06T05:53:52.955+0000] {dagbag.py:588} INFO - Filling up the DagBag from /home/airflow/.local/lib/python3.12/site-packages/airflow/example_dags/example_branch_operator_decorator.py
[2026-08-06T05:53:52.997+0000] {processor.py:925} INFO - DAG(s) 'example_branch_python_operator_decorator' retrieved from /home/airflow/.local/lib/python3.12/site-packages/airflow/example_dags/example_branch_operator_decorator.py
[2026-08-06T05:53:53.046+0000] {logging_mixin.py:190} INFO - [2026-08-06T05:53:53.045+0000] {dag.py:3239} INFO - Sync 1 DAGs
[2026-08-06T05:53:53.090+0000] {logging_mixin.py:190} INFO - [2026-08-06T05:53:53.090+0000] {dag.py:4180} INFO - Setting next_dagrun for example_branch_python_operator_decorator to 2026-08-05 00:00:00+00:00, run_after=2026-08-06 00:00:00+00:00
[2026-08-06T05:53:53.155+0000] {processor.py:208} INFO - Processing /home/airflow/.local/lib/python3.12/site-packages/airflow/example_dags/example_branch_operator_decorator.py took 0.218 seconds
[2026-08-06T05:54:24.087+0000] {processor.py:186} INFO - Started process (PID=2284) to work on /home/airflow/.local/lib/python3.12/site-packages/airflow/example_dags/example_branch_operator_decorator.py
[2026-08-06T05:54:24.089+0000] {processor.py:914} INFO - Processing file /home/airflow/.local/lib/python3.12/site-packages/airflow/example_dags/example_branch_operator_decorator.py for tasks to queue
[2026-08-06T05:54:24.094+0000] {logging_mixin.py:190} INFO - [2026-08-06T05:54:24.093+0000] {dagbag.py:588} INFO - Filling up the DagBag from /home/airflow/.local/lib/python3.12/site-packages/airflow/example_dags/example_branch_operator_decorator.py
[2026-08-06T05:54:24.132+0000] {processor.py:925} INFO - DAG(s) 'example_branch_python_operator_decorator' retrieved from /home/airflow/.local/lib/python3.12/site-packages/airflow/example_dags/example_branch_operator_decorator.py
[2026-08-06T05:54:24.175+0000] {logging_mixin.py:190} INFO - [2026-08-06T05:54:24.174+0000] {dag.py:3239} INFO - Sync 1 DAGs
[2026-08-06T05:54:24.220+0000] {logging_mixin.py:190} INFO - [2026-08-06T05:54:24.219+0000] {dag.py:4180} INFO - Setting next_dagrun for example_branch_python_operator_decorator to 2026-08-05 00:00:00+00:00, run_after=2026-08-06 00:00:00+00:00
[2026-08-06T05:54:24.250+0000] {processor.py:208} INFO - Processing /home/airflow/.local/lib/python3.12/site-packages/airflow/example_dags/example_branch_operator_decorator.py took 0.181 seconds
[2026-08-06T05:54:54.789+0000] {processor.py:186} INFO - Started process (PID=2348) to work on /home/airflow/.local/lib/python3.12/site-packages/airflow/example_dags/example_branch_operator_decorator.py
[2026-08-06T05:54:54.791+0000] {processor.py:914} INFO - Processing file /home/airflow/.local/lib/python3.12/site-packages/airflow/example_dags/example_branch_operator_decorator.py for tasks to queue
[2026-08-06T05:54:54.796+0000] {logging_mixin.py:190} INFO - [2026-08-06T05:54:54.795+0000] {dagbag.py:588} INFO - Filling up the DagBag from /home/airflow/.local/lib/python3.12/site-packages/airflow/example_dags/example_branch_operator_decorator.py
[2026-08-06T05:54:54.818+0000] {processor.py:925} INFO - DAG(s) 'example_branch_python_operator_decorator' retrieved from /home/airflow/.local/lib/python3.12/site-packages/airflow/example_dags/example_branch_operator_decorator.py
[2026-08-06T05:54:54.865+0000] {logging_mixin.py:190} INFO - [2026-08-06T05:54:54.865+0000] {dag.py:3239} INFO - Sync 1 DAGs
[2026-08-06T05:54:54.896+0000] {logging_mixin.py:190} INFO - [2026-08-06T05:54:54.896+0000] {dag.py:4180} INFO - Setting next_dagrun for example_branch_python_operator_decorator to 2026-08-05 00:00:00+00:00, run_after=2026-08-06 00:00:00+00:00
[2026-08-06T05:54:54.921+0000] {processor.py:208} INFO - Processing /home/airflow/.local/lib/python3.12/site-packages/airflow/example_dags/example_branch_operator_decorator.py took 0.145 seconds
[2026-08-06T05:55:25.637+0000] {processor.py:186} INFO - Started process (PID=2418) to work on /home/airflow/.local/lib/python3.12/site-packages/airflow/example_dags/example_branch_operator_decorator.py
[2026-08-06T05:55:25.640+0000] {processor.py:914} INFO - Processing file /home/airflow/.local/lib/python3.12/site-packages/airflow/example_dags/example_branch_operator_decorator.py for tasks to queue
[2026-08-06T05:55:25.647+0000] {logging_mixin.py:190} INFO - [2026-08-06T05:55:25.647+0000] {dagbag.py:588} INFO - Filling up the DagBag from /home/airflow/.local/lib/python3.12/site-packages/airflow/example_dags/example_branch_operator_decorator.py
[2026-08-06T05:55:25.686+0000] {processor.py:925} INFO - DAG(s) 'example_branch_python_operator_decorator' retrieved from /home/airflow/.local/lib/python3.12/site-packages/airflow/example_dags/example_branch_operator_decorator.py
[2026-08-06T05:55:25.727+0000] {logging_mixin.py:190} INFO - [2026-08-06T05:55:25.726+0000] {dag.py:3239} INFO - Sync 1 DAGs
[2026-08-06T05:55:25.766+0000] {logging_mixin.py:190} INFO - [2026-08-06T05:55:25.765+0000] {dag.py:4180} INFO - Setting next_dagrun for example_branch_python_operator_decorator to 2026-08-05 00:00:00+00:00, run_after=2026-08-06 00:00:00+00:00
[2026-08-06T05:55:25.823+0000] {processor.py:208} INFO - Processing /home/airflow/.local/lib/python3.12/site-packages/airflow/example_dags/example_branch_operator_decorator.py took 0.203 seconds
[2026-08-06T05:55:56.087+0000] {processor.py:186} INFO - Started process (PID=2482) to work on /home/airflow/.local/lib/python3.12/site-packages/airflow/example_dags/example_branch_operator_decorator.py
[2026-08-06T05:55:56.089+0000] {processor.py:914} INFO - Processing file /home/airflow/.local/lib/python3.12/site-packages/airflow/example_dags/example_branch_operator_decorator.py for tasks to queue
[2026-08-06T05:55:56.092+0000] {logging_mixin.py:190} INFO - [2026-08-06T05:55:56.092+0000] {dagbag.py:588} INFO - Filling up the DagBag from /home/airflow/.local/lib/python3.12/site-packages/airflow/example_dags/example_branch_operator_decorator.py
[2026-08-06T05:55:56.124+0000] {processor.py:925} INFO - DAG(s) 'example_branch_python_operator_decorator' retrieved from /home/airflow/.local/lib/python3.12/site-packages/airflow/example_dags/example_branch_operator_decorator.py
[2026-08-06T05:55:56.166+0000] {logging_mixin.py:190} INFO - [2026-08-06T05:55:56.166+0000] {dag.py:3239} INFO - Sync 1 DAGs
[2026-08-06T05:55:56.200+0000] {logging_mixin.py:190} INFO - [2026-08-06T05:55:56.200+0000] {dag.py:4180} INFO - Setting next_dagrun for example_branch_python_operator_decorator to 2026-08-05 00:00:00+00:00, run_after=2026-08-06 00:00:00+00:00
[2026-08-06T05:55:56.230+0000] {processor.py:208} INFO - Processing /home/airflow/.local/lib/python3.12/site-packages/airflow/example_dags/example_branch_operator_decorator.py took 0.150 seconds
[2026-08-06T05:56:26.938+0000] {processor.py:186} INFO - Started process (PID=2546) to work on /home/airflow/.local/lib/python3.12/site-packages/airflow/example_dags/example_branch_operator_decorator.py
[2026-08-06T05:56:26.940+0000] {processor.py:914} INFO - Processing file /home/airflow/.local/lib/python3.12/site-packages/airflow/example_dags/example_branch_operator_decorator.py for tasks to queue
[2026-08-06T05:56:26.942+0000] {logging_mixin.py:190} INFO - [2026-08-06T05:56:26.942+0000] {dagbag.py:588} INFO - Filling up the DagBag from /home/airflow/.local/lib/python3.12/site-packages/airflow/example_dags/example_branch_operator_decorator.py
[2026-08-06T05:56:26.972+0000] {processor.py:925} INFO - DAG(s) 'example_branch_python_operator_decorator' retrieved from /home/airflow/.local/lib/python3.12/site-packages/airflow/example_dags/example_branch_operator_decorator.py
[2026-08-06T05:56:27.011+0000] {logging_mixin.py:190} INFO - [2026-08-06T05:56:27.010+0000] {dag.py:3239} INFO - Sync 1 DAGs
[2026-08-06T05:56:27.049+0000] {logging_mixin.py:190} INFO - [2026-08-06T05:56:27.049+0000] {dag.py:4180} INFO - Setting next_dagrun for example_branch_python_operator_decorator to 2026-08-05 00:00:00+00:00, run_after=2026-08-06 00:00:00+00:00
[2026-08-06T05:56:27.113+0000] {processor.py:208} INFO - Processing /home/airflow/.local/lib/python3.12/site-packages/airflow/example_dags/example_branch_operator_decorator.py took 0.182 seconds
[2026-08-06T05:56:59.243+0000] {processor.py:186} INFO - Started process (PID=2610) to work on /home/airflow/.local/lib/python3.12/site-packages/airflow/example_dags/example_branch_operator_decorator.py
[2026-08-06T05:56:59.246+0000] {processor.py:914} INFO - Processing file /home/airflow/.local/lib/python3.12/site-packages/airflow/example_dags/example_branch_operator_decorator.py for tasks to queue
[2026-08-06T05:56:59.250+0000] {logging_mixin.py:190} INFO - [2026-08-06T05:56:59.249+0000] {dagbag.py:588} INFO - Filling up the DagBag from /home/airflow/.local/lib/python3.12/site-packages/airflow/example_dags/example_branch_operator_decorator.py
[2026-08-06T05:56:59.281+0000] {processor.py:925} INFO - DAG(s) 'example_branch_python_operator_decorator' retrieved from /home/airflow/.local/lib/python3.12/site-packages/airflow/example_dags/example_branch_operator_decorator.py
[2026-08-06T05:56:59.329+0000] {logging_mixin.py:190} INFO - [2026-08-06T05:56:59.329+0000] {dag.py:3239} INFO - Sync 1 DAGs
[2026-08-06T05:56:59.369+0000] {logging_mixin.py:190} INFO - [2026-08-06T05:56:59.368+0000] {dag.py:4180} INFO - Setting next_dagrun for example_branch_python_operator_decorator to 2026-08-05 00:00:00+00:00, run_after=2026-08-06 00:00:00+00:00
[2026-08-06T05:56:59.407+0000] {processor.py:208} INFO - Processing /home/airflow/.local/lib/python3.12/site-packages/airflow/example_dags/example_branch_operator_decorator.py took 0.174 seconds
[2026-08-06T05:57:30.078+0000] {processor.py:186} INFO - Started process (PID=2674) to work on /home/airflow/.local/lib/python3.12/site-packages/airflow/example_dags/example_branch_operator_decorator.py
[2026-08-06T05:57:30.081+0000] {processor.py:914} INFO - Processing file /home/airflow/.local/lib/python3.12/site-packages/airflow/example_dags/example_branch_operator_decorator.py for tasks to queue
[2026-08-06T05:57:30.087+0000] {logging_mixin.py:190} INFO - [2026-08-06T05:57:30.086+0000] {dagbag.py:588} INFO - Filling up the DagBag from /home/airflow/.local/lib/python3.12/site-packages/airflow/example_dags/example_branch_operator_decorator.py
[2026-08-06T05:57:30.143+0000] {processor.py:925} INFO - DAG(s) 'example_branch_python_operator_decorator' retrieved from /home/airflow/.local/lib/python3.12/site-packages/airflow/example_dags/example_branch_operator_decorator.py
[2026-08-06T05:57:30.193+0000] {logging_mixin.py:190} INFO - [2026-08-06T05:57:30.192+0000] {dag.py:3239} INFO - Sync 1 DAGs
[2026-08-06T05:57:30.252+0000] {logging_mixin.py:190} INFO - [2026-08-06T05:57:30.251+0000] {dag.py:4180} INFO - Setting next_dagrun for example_branch_python_operator_decorator to 2026-08-05 00:00:00+00:00, run_after=2026-08-06 00:00:00+00:00
[2026-08-06T05:57:30.309+0000] {processor.py:208} INFO - Processing /home/airflow/.local/lib/python3.12/site-packages/airflow/example_dags/example_branch_operator_decorator.py took 0.244 seconds
[2026-08-06T05:58:05.212+0000] {processor.py:186} INFO - Started process (PID=2755) to work on /home/airflow/.local/lib/python3.12/site-packages/airflow/example_dags/example_branch_operator_decorator.py
[2026-08-06T05:58:05.215+0000] {processor.py:914} INFO - Processing file /home/airflow/.local/lib/python3.12/site-packages/airflow/example_dags/example_branch_operator_decorator.py for tasks to queue
[2026-08-06T05:58:05.222+0000] {logging_mixin.py:190} INFO - [2026-08-06T05:58:05.221+0000] {dagbag.py:588} INFO - Filling up the DagBag from /home/airflow/.local/lib/python3.12/site-packages/airflow/example_dags/example_branch_operator_decorator.py
[2026-08-06T05:58:05.273+0000] {processor.py:925} INFO - DAG(s) 'example_branch_python_operator_decorator' retrieved from /home/airflow/.local/lib/python3.12/site-packages/airflow/example_dags/example_branch_operator_decorator.py
[2026-08-06T05:58:05.339+0000] {logging_mixin.py:190} INFO - [2026-08-06T05:58:05.338+0000] {dag.py:3239} INFO - Sync 1 DAGs
[2026-08-06T05:58:05.399+0000] {logging_mixin.py:190} INFO - [2026-08-06T05:58:05.398+0000] {dag.py:4180} INFO - Setting next_dagrun for example_branch_python_operator_decorator to 2026-08-05 00:00:00+00:00, run_after=2026-08-06 00:00:00+00:00
[2026-08-06T05:58:05.463+0000] {processor.py:208} INFO - Processing /home/airflow/.local/lib/python3.12/site-packages/airflow/example_dags/example_branch_operator_decorator.py took 0.264 seconds
[2026-08-06T05:58:36.927+0000] {processor.py:186} INFO - Started process (PID=2819) to work on /home/airflow/.local/lib/python3.12/site-packages/airflow/example_dags/example_branch_operator_decorator.py
[2026-08-06T05:58:36.929+0000] {processor.py:914} INFO - Processing file /home/airflow/.local/lib/python3.12/site-packages/airflow/example_dags/example_branch_operator_decorator.py for tasks to queue
[2026-08-06T05:58:36.934+0000] {logging_mixin.py:190} INFO - [2026-08-06T05:58:36.934+0000] {dagbag.py:588} INFO - Filling up the DagBag from /home/airflow/.local/lib/python3.12/site-packages/airflow/example_dags/example_branch_operator_decorator.py
[2026-08-06T05:58:36.966+0000] {processor.py:925} INFO - DAG(s) 'example_branch_python_operator_decorator' retrieved from /home/airflow/.local/lib/python3.12/site-packages/airflow/example_dags/example_branch_operator_decorator.py
[2026-08-06T05:58:37.007+0000] {logging_mixin.py:190} INFO - [2026-08-06T05:58:37.007+0000] {dag.py:3239} INFO - Sync 1 DAGs
[2026-08-06T05:58:37.050+0000] {logging_mixin.py:190} INFO - [2026-08-06T05:58:37.050+0000] {dag.py:4180} INFO - Setting next_dagrun for example_branch_python_operator_decorator to 2026-08-05 00:00:00+00:00, run_after=2026-08-06 00:00:00+00:00
[2026-08-06T05:58:37.094+0000] {processor.py:208} INFO - Processing /home/airflow/.local/lib/python3.12/site-packages/airflow/example_dags/example_branch_operator_decorator.py took 0.178 seconds
[2026-08-06T05:59:10.016+0000] {processor.py:186} INFO - Started process (PID=2885) to work on /home/airflow/.local/lib/python3.12/site-packages/airflow/example_dags/example_branch_operator_decorator.py
[2026-08-06T05:59:10.026+0000] {processor.py:914} INFO - Processing file /home/airflow/.local/lib/python3.12/site-packages/airflow/example_dags/example_branch_operator_decorator.py for tasks to queue
[2026-08-06T05:59:10.032+0000] {logging_mixin.py:190} INFO - [2026-08-06T05:59:10.032+0000] {dagbag.py:588} INFO - Filling up the DagBag from /home/airflow/.local/lib/python3.12/site-packages/airflow/example_dags/example_branch_operator_decorator.py
[2026-08-06T05:59:10.072+0000] {processor.py:925} INFO - DAG(s) 'example_branch_python_operator_decorator' retrieved from /home/airflow/.local/lib/python3.12/site-packages/airflow/example_dags/example_branch_operator_decorator.py
[2026-08-06T05:59:10.121+0000] {logging_mixin.py:190} INFO - [2026-08-06T05:59:10.120+0000] {dag.py:3239} INFO - Sync 1 DAGs
[2026-08-06T05:59:10.160+0000] {logging_mixin.py:190} INFO - [2026-08-06T05:59:10.160+0000] {dag.py:4180} INFO - Setting next_dagrun for example_branch_python_operator_decorator to 2026-08-05 00:00:00+00:00, run_after=2026-08-06 00:00:00+00:00
[2026-08-06T05:59:10.201+0000] {processor.py:208} INFO - Processing /home/airflow/.local/lib/python3.12/site-packages/airflow/example_dags/example_branch_operator_decorator.py took 0.196 seconds
[2026-08-06T05:59:41.629+0000] {processor.py:186} INFO - Started process (PID=2954) to work on /home/airflow/.local/lib/python3.12/site-packages/airflow/example_dags/example_branch_operator_decorator.py
[2026-08-06T05:59:41.631+0000] {processor.py:914} INFO - Processing file /home/airflow/.local/lib/python3.12/site-packages/airflow/example_dags/example_branch_operator_decorator.py for tasks to queue
[2026-08-06T05:59:41.635+0000] {logging_mixin.py:190} INFO - [2026-08-06T05:59:41.634+0000] {dagbag.py:588} INFO - Filling up the DagBag from /home/airflow/.local/lib/python3.12/site-packages/airflow/example_dags/example_branch_operator_decorator.py
[2026-08-06T05:59:41.679+0000] {processor.py:925} INFO - DAG(s) 'example_branch_python_operator_decorator' retrieved from /home/airflow/.local/lib/python3.12/site-packages/airflow/example_dags/example_branch_operator_decorator.py
[2026-08-06T05:59:41.728+0000] {logging_mixin.py:190} INFO - [2026-08-06T05:59:41.728+0000] {dag.py:3239} INFO - Sync 1 DAGs
[2026-08-06T05:59:41.774+0000] {logging_mixin.py:190} INFO - [2026-08-06T05:59:41.773+0000] {dag.py:4180} INFO - Setting next_dagrun for example_branch_python_operator_decorator to 2026-08-05 00:00:00+00:00, run_after=2026-08-06 00:00:00+00:00
[2026-08-06T05:59:41.834+0000] {processor.py:208} INFO - Processing /home/airflow/.local/lib/python3.12/site-packages/airflow/example_dags/example_branch_operator_decorator.py took 0.219 seconds
[2026-08-06T06:02:00.990+0000] {processor.py:186} INFO - Started process (PID=119) to work on /home/airflow/.local/lib/python3.12/site-packages/airflow/example_dags/example_branch_operator_decorator.py
[2026-08-06T06:02:00.991+0000] {processor.py:914} INFO - Processing file /home/airflow/.local/lib/python3.12/site-packages/airflow/example_dags/example_branch_operator_decorator.py for tasks to queue
[2026-08-06T06:02:00.995+0000] {logging_mixin.py:190} INFO - [2026-08-06T06:02:00.995+0000] {dagbag.py:588} INFO - Filling up the DagBag from /home/airflow/.local/lib/python3.12/site-packages/airflow/example_dags/example_branch_operator_decorator.py
[2026-08-06T06:02:01.040+0000] {processor.py:925} INFO - DAG(s) 'example_branch_python_operator_decorator' retrieved from /home/airflow/.local/lib/python3.12/site-packages/airflow/example_dags/example_branch_operator_decorator.py
[2026-08-06T06:02:01.248+0000] {logging_mixin.py:190} INFO - [2026-08-06T06:02:01.248+0000] {dag.py:3239} INFO - Sync 1 DAGs
[2026-08-06T06:02:01.283+0000] {logging_mixin.py:190} INFO - [2026-08-06T06:02:01.282+0000] {dag.py:4180} INFO - Setting next_dagrun for example_branch_python_operator_decorator to 2026-08-05 00:00:00+00:00, run_after=2026-08-06 00:00:00+00:00
[2026-08-06T06:02:01.321+0000] {processor.py:208} INFO - Processing /home/airflow/.local/lib/python3.12/site-packages/airflow/example_dags/example_branch_operator_decorator.py took 0.341 seconds
[2026-08-06T06:02:35.105+0000] {processor.py:186} INFO - Started process (PID=183) to work on /home/airflow/.local/lib/python3.12/site-packages/airflow/example_dags/example_branch_operator_decorator.py
[2026-08-06T06:02:35.109+0000] {processor.py:914} INFO - Processing file /home/airflow/.local/lib/python3.12/site-packages/airflow/example_dags/example_branch_operator_decorator.py for tasks to queue
[2026-08-06T06:02:35.117+0000] {logging_mixin.py:190} INFO - [2026-08-06T06:02:35.115+0000] {dagbag.py:588} INFO - Filling up the DagBag from /home/airflow/.local/lib/python3.12/site-packages/airflow/example_dags/example_branch_operator_decorator.py
[2026-08-06T06:02:35.165+0000] {processor.py:925} INFO - DAG(s) 'example_branch_python_operator_decorator' retrieved from /home/airflow/.local/lib/python3.12/site-packages/airflow/example_dags/example_branch_operator_decorator.py
[2026-08-06T06:02:35.209+0000] {logging_mixin.py:190} INFO - [2026-08-06T06:02:35.209+0000] {dag.py:3239} INFO - Sync 1 DAGs
[2026-08-06T06:02:35.256+0000] {logging_mixin.py:190} INFO - [2026-08-06T06:02:35.256+0000] {dag.py:4180} INFO - Setting next_dagrun for example_branch_python_operator_decorator to 2026-08-05 00:00:00+00:00, run_after=2026-08-06 00:00:00+00:00
[2026-08-06T06:02:35.311+0000] {processor.py:208} INFO - Processing /home/airflow/.local/lib/python3.12/site-packages/airflow/example_dags/example_branch_operator_decorator.py took 0.219 seconds
[2026-08-06T06:03:05.621+0000] {processor.py:186} INFO - Started process (PID=246) to work on /home/airflow/.local/lib/python3.12/site-packages/airflow/example_dags/example_branch_operator_decorator.py
[2026-08-06T06:03:05.623+0000] {processor.py:914} INFO - Processing file /home/airflow/.local/lib/python3.12/site-packages/airflow/example_dags/example_branch_operator_decorator.py for tasks to queue
[2026-08-06T06:03:05.627+0000] {logging_mixin.py:190} INFO - [2026-08-06T06:03:05.626+0000] {dagbag.py:588} INFO - Filling up the DagBag from /home/airflow/.local/lib/python3.12/site-packages/airflow/example_dags/example_branch_operator_decorator.py
[2026-08-06T06:03:05.662+0000] {processor.py:925} INFO - DAG(s) 'example_branch_python_operator_decorator' retrieved from /home/airflow/.local/lib/python3.12/site-packages/airflow/example_dags/example_branch_operator_decorator.py
[2026-08-06T06:03:05.741+0000] {logging_mixin.py:190} INFO - [2026-08-06T06:03:05.741+0000] {dag.py:3239} INFO - Sync 1 DAGs
[2026-08-06T06:03:05.883+0000] {logging_mixin.py:190} INFO - [2026-08-06T06:03:05.882+0000] {dag.py:4180} INFO - Setting next_dagrun for example_branch_python_operator_decorator to 2026-08-05 00:00:00+00:00, run_after=2026-08-06 00:00:00+00:00
[2026-08-06T06:03:06.045+0000] {processor.py:208} INFO - Processing /home/airflow/.local/lib/python3.12/site-packages/airflow/example_dags/example_branch_operator_decorator.py took 0.433 seconds
[2026-08-06T06:03:38.731+0000] {processor.py:186} INFO - Started process (PID=310) to work on /home/airflow/.local/lib/python3.12/site-packages/airflow/example_dags/example_branch_operator_decorator.py
[2026-08-06T06:03:38.737+0000] {processor.py:914} INFO - Processing file /home/airflow/.local/lib/python3.12/site-packages/airflow/example_dags/example_branch_operator_decorator.py for tasks to queue
[2026-08-06T06:03:38.745+0000] {logging_mixin.py:190} INFO - [2026-08-06T06:03:38.744+0000] {dagbag.py:588} INFO - Filling up the DagBag from /home/airflow/.local/lib/python3.12/site-packages/airflow/example_dags/example_branch_operator_decorator.py
[2026-08-06T06:03:38.794+0000] {processor.py:925} INFO - DAG(s) 'example_branch_python_operator_decorator' retrieved from /home/airflow/.local/lib/python3.12/site-packages/airflow/example_dags/example_branch_operator_decorator.py
[2026-08-06T06:03:38.866+0000] {logging_mixin.py:190} INFO - [2026-08-06T06:03:38.865+0000] {dag.py:3239} INFO - Sync 1 DAGs
[2026-08-06T06:03:38.916+0000] {logging_mixin.py:190} INFO - [2026-08-06T06:03:38.915+0000] {dag.py:4180} INFO - Setting next_dagrun for example_branch_python_operator_decorator to 2026-08-05 00:00:00+00:00, run_after=2026-08-06 00:00:00+00:00
[2026-08-06T06:03:38.957+0000] {processor.py:208} INFO - Processing /home/airflow/.local/lib/python3.12/site-packages/airflow/example_dags/example_branch_operator_decorator.py took 0.247 seconds
[2026-08-06T06:04:09.268+0000] {processor.py:186} INFO - Started process (PID=374) to work on /home/airflow/.local/lib/python3.12/site-packages/airflow/example_dags/example_branch_operator_decorator.py
[2026-08-06T06:04:09.271+0000] {processor.py:914} INFO - Processing file /home/airflow/.local/lib/python3.12/site-packages/airflow/example_dags/example_branch_operator_decorator.py for tasks to queue
[2026-08-06T06:04:09.275+0000] {logging_mixin.py:190} INFO - [2026-08-06T06:04:09.274+0000] {dagbag.py:588} INFO - Filling up the DagBag from /home/airflow/.local/lib/python3.12/site-packages/airflow/example_dags/example_branch_operator_decorator.py
[2026-08-06T06:04:09.313+0000] {processor.py:925} INFO - DAG(s) 'example_branch_python_operator_decorator' retrieved from /home/airflow/.local/lib/python3.12/site-packages/airflow/example_dags/example_branch_operator_decorator.py
[2026-08-06T06:04:09.369+0000] {logging_mixin.py:190} INFO - [2026-08-06T06:04:09.369+0000] {dag.py:3239} INFO - Sync 1 DAGs
[2026-08-06T06:04:09.430+0000] {logging_mixin.py:190} INFO - [2026-08-06T06:04:09.429+0000] {dag.py:4180} INFO - Setting next_dagrun for example_branch_python_operator_decorator to 2026-08-05 00:00:00+00:00, run_after=2026-08-06 00:00:00+00:00
[2026-08-06T06:04:09.471+0000] {processor.py:208} INFO - Processing /home/airflow/.local/lib/python3.12/site-packages/airflow/example_dags/example_branch_operator_decorator.py took 0.215 seconds
[2026-08-06T06:04:41.416+0000] {processor.py:186} INFO - Started process (PID=438) to work on /home/airflow/.local/lib/python3.12/site-packages/airflow/example_dags/example_branch_operator_decorator.py
[2026-08-06T06:04:41.418+0000] {processor.py:914} INFO - Processing file /home/airflow/.local/lib/python3.12/site-packages/airflow/example_dags/example_branch_operator_decorator.py for tasks to queue
[2026-08-06T06:04:41.423+0000] {logging_mixin.py:190} INFO - [2026-08-06T06:04:41.422+0000] {dagbag.py:588} INFO - Filling up the DagBag from /home/airflow/.local/lib/python3.12/site-packages/airflow/example_dags/example_branch_operator_decorator.py
[2026-08-06T06:04:41.466+0000] {processor.py:925} INFO - DAG(s) 'example_branch_python_operator_decorator' retrieved from /home/airflow/.local/lib/python3.12/site-packages/airflow/example_dags/example_branch_operator_decorator.py
[2026-08-06T06:04:41.507+0000] {logging_mixin.py:190} INFO - [2026-08-06T06:04:41.507+0000] {dag.py:3239} INFO - Sync 1 DAGs
[2026-08-06T06:04:41.540+0000] {logging_mixin.py:190} INFO - [2026-08-06T06:04:41.540+0000] {dag.py:4180} INFO - Setting next_dagrun for example_branch_python_operator_decorator to 2026-08-05 00:00:00+00:00, run_after=2026-08-06 00:00:00+00:00
[2026-08-06T06:04:41.573+0000] {processor.py:208} INFO - Processing /home/airflow/.local/lib/python3.12/site-packages/airflow/example_dags/example_branch_operator_decorator.py took 0.170 seconds
[2026-08-06T06:05:12.847+0000] {processor.py:186} INFO - Started process (PID=502) to work on /home/airflow/.local/lib/python3.12/site-packages/airflow/example_dags/example_branch_operator_decorator.py
[2026-08-06T06:05:12.850+0000] {processor.py:914} INFO - Processing file /home/airflow/.local/lib/python3.12/site-packages/airflow/example_dags/example_branch_operator_decorator.py for tasks to queue
[2026-08-06T06:05:12.855+0000] {logging_mixin.py:190} INFO - [2026-08-06T06:05:12.855+0000] {dagbag.py:588} INFO - Filling up the DagBag from /home/airflow/.local/lib/python3.12/site-packages/airflow/example_dags/example_branch_operator_decorator.py
[2026-08-06T06:05:12.900+0000] {processor.py:925} INFO - DAG(s) 'example_branch_python_operator_decorator' retrieved from /home/airflow/.local/lib/python3.12/site-packages/airflow/example_dags/example_branch_operator_decorator.py
[2026-08-06T06:05:12.955+0000] {logging_mixin.py:190} INFO - [2026-08-06T06:05:12.954+0000] {dag.py:3239} INFO - Sync 1 DAGs
[2026-08-06T06:05:12.991+0000] {logging_mixin.py:190} INFO - [2026-08-06T06:05:12.990+0000] {dag.py:4180} INFO - Setting next_dagrun for example_branch_python_operator_decorator to 2026-08-05 00:00:00+00:00, run_after=2026-08-06 00:00:00+00:00
[2026-08-06T06:05:13.029+0000] {processor.py:208} INFO - Processing /home/airflow/.local/lib/python3.12/site-packages/airflow/example_dags/example_branch_operator_decorator.py took 0.196 seconds
[2026-08-06T06:05:45.665+0000] {processor.py:186} INFO - Started process (PID=566) to work on /home/airflow/.local/lib/python3.12/site-packages/airflow/example_dags/example_branch_operator_decorator.py
[2026-08-06T06:05:45.667+0000] {processor.py:914} INFO - Processing file /home/airflow/.local/lib/python3.12/site-packages/airflow/example_dags/example_branch_operator_decorator.py for tasks to queue
[2026-08-06T06:05:45.674+0000] {logging_mixin.py:190} INFO - [2026-08-06T06:05:45.673+0000] {dagbag.py:588} INFO - Filling up the DagBag from /home/airflow/.local/lib/python3.12/site-packages/airflow/example_dags/example_branch_operator_decorator.py
[2026-08-06T06:05:45.716+0000] {processor.py:925} INFO - DAG(s) 'example_branch_python_operator_decorator' retrieved from /home/airflow/.local/lib/python3.12/site-packages/airflow/example_dags/example_branch_operator_decorator.py
[2026-08-06T06:05:45.773+0000] {logging_mixin.py:190} INFO - [2026-08-06T06:05:45.773+0000] {dag.py:3239} INFO - Sync 1 DAGs
[2026-08-06T06:05:45.833+0000] {logging_mixin.py:190} INFO - [2026-08-06T06:05:45.832+0000] {dag.py:4180} INFO - Setting next_dagrun for example_branch_python_operator_decorator to 2026-08-05 00:00:00+00:00, run_after=2026-08-06 00:00:00+00:00
[2026-08-06T06:05:45.889+0000] {processor.py:208} INFO - Processing /home/airflow/.local/lib/python3.12/site-packages/airflow/example_dags/example_branch_operator_decorator.py took 0.234 seconds
[2026-08-06T06:06:17.534+0000] {processor.py:186} INFO - Started process (PID=636) to work on /home/airflow/.local/lib/python3.12/site-packages/airflow/example_dags/example_branch_operator_decorator.py
[2026-08-06T06:06:17.536+0000] {processor.py:914} INFO - Processing file /home/airflow/.local/lib/python3.12/site-packages/airflow/example_dags/example_branch_operator_decorator.py for tasks to queue
[2026-08-06T06:06:17.540+0000] {logging_mixin.py:190} INFO - [2026-08-06T06:06:17.540+0000] {dagbag.py:588} INFO - Filling up the DagBag from /home/airflow/.local/lib/python3.12/site-packages/airflow/example_dags/example_branch_operator_decorator.py
[2026-08-06T06:06:17.579+0000] {processor.py:925} INFO - DAG(s) 'example_branch_python_operator_decorator' retrieved from /home/airflow/.local/lib/python3.12/site-packages/airflow/example_dags/example_branch_operator_decorator.py
[2026-08-06T06:06:17.651+0000] {logging_mixin.py:190} INFO - [2026-08-06T06:06:17.651+0000] {dag.py:3239} INFO - Sync 1 DAGs
[2026-08-06T06:06:17.784+0000] {logging_mixin.py:190} INFO - [2026-08-06T06:06:17.784+0000] {dag.py:4180} INFO - Setting next_dagrun for example_branch_python_operator_decorator to 2026-08-05 00:00:00+00:00, run_after=2026-08-06 00:00:00+00:00
[2026-08-06T06:06:18.298+0000] {processor.py:208} INFO - Processing /home/airflow/.local/lib/python3.12/site-packages/airflow/example_dags/example_branch_operator_decorator.py took 0.778 seconds
[2026-08-06T06:06:49.408+0000] {processor.py:186} INFO - Started process (PID=700) to work on /home/airflow/.local/lib/python3.12/site-packages/airflow/example_dags/example_branch_operator_decorator.py
[2026-08-06T06:06:49.410+0000] {processor.py:914} INFO - Processing file /home/airflow/.local/lib/python3.12/site-packages/airflow/example_dags/example_branch_operator_decorator.py for tasks to queue
[2026-08-06T06:06:49.413+0000] {logging_mixin.py:190} INFO - [2026-08-06T06:06:49.413+0000] {dagbag.py:588} INFO - Filling up the DagBag from /home/airflow/.local/lib/python3.12/site-packages/airflow/example_dags/example_branch_operator_decorator.py
[2026-08-06T06:06:49.445+0000] {processor.py:925} INFO - DAG(s) 'example_branch_python_operator_decorator' retrieved from /home/airflow/.local/lib/python3.12/site-packages/airflow/example_dags/example_branch_operator_decorator.py
[2026-08-06T06:06:49.491+0000] {logging_mixin.py:190} INFO - [2026-08-06T06:06:49.491+0000] {dag.py:3239} INFO - Sync 1 DAGs
[2026-08-06T06:06:49.524+0000] {logging_mixin.py:190} INFO - [2026-08-06T06:06:49.524+0000] {dag.py:4180} INFO - Setting next_dagrun for example_branch_python_operator_decorator to 2026-08-05 00:00:00+00:00, run_after=2026-08-06 00:00:00+00:00
[2026-08-06T06:06:49.558+0000] {processor.py:208} INFO - Processing /home/airflow/.local/lib/python3.12/site-packages/airflow/example_dags/example_branch_operator_decorator.py took 0.160 seconds
[2026-08-06T06:07:20.551+0000] {processor.py:186} INFO - Started process (PID=764) to work on /home/airflow/.local/lib/python3.12/site-packages/airflow/example_dags/example_branch_operator_decorator.py
[2026-08-06T06:07:20.553+0000] {processor.py:914} INFO - Processing file /home/airflow/.local/lib/python3.12/site-packages/airflow/example_dags/example_branch_operator_decorator.py for tasks to queue
[2026-08-06T06:07:20.557+0000] {logging_mixin.py:190} INFO - [2026-08-06T06:07:20.557+0000] {dagbag.py:588} INFO - Filling up the DagBag from /home/airflow/.local/lib/python3.12/site-packages/airflow/example_dags/example_branch_operator_decorator.py
[2026-08-06T06:07:20.586+0000] {processor.py:925} INFO - DAG(s) 'example_branch_python_operator_decorator' retrieved from /home/airflow/.local/lib/python3.12/site-packages/airflow/example_dags/example_branch_operator_decorator.py
[2026-08-06T06:07:20.618+0000] {logging_mixin.py:190} INFO - [2026-08-06T06:07:20.617+0000] {dag.py:3239} INFO - Sync 1 DAGs
[2026-08-06T06:07:20.646+0000] {logging_mixin.py:190} INFO - [2026-08-06T06:07:20.646+0000] {dag.py:4180} INFO - Setting next_dagrun for example_branch_python_operator_decorator to 2026-08-05 00:00:00+00:00, run_after=2026-08-06 00:00:00+00:00
[2026-08-06T06:07:20.698+0000] {processor.py:208} INFO - Processing /home/airflow/.local/lib/python3.12/site-packages/airflow/example_dags/example_branch_operator_decorator.py took 0.156 seconds
[2026-08-06T06:07:51.511+0000] {processor.py:186} INFO - Started process (PID=828) to work on /home/airflow/.local/lib/python3.12/site-packages/airflow/example_dags/example_branch_operator_decorator.py
[2026-08-06T06:07:51.518+0000] {processor.py:914} INFO - Processing file /home/airflow/.local/lib/python3.12/site-packages/airflow/example_dags/example_branch_operator_decorator.py for tasks to queue
[2026-08-06T06:07:51.524+0000] {logging_mixin.py:190} INFO - [2026-08-06T06:07:51.523+0000] {dagbag.py:588} INFO - Filling up the DagBag from /home/airflow/.local/lib/python3.12/site-packages/airflow/example_dags/example_branch_operator_decorator.py
[2026-08-06T06:07:51.567+0000] {processor.py:925} INFO - DAG(s) 'example_branch_python_operator_decorator' retrieved from /home/airflow/.local/lib/python3.12/site-packages/airflow/example_dags/example_branch_operator_decorator.py
[2026-08-06T06:07:51.626+0000] {logging_mixin.py:190} INFO - [2026-08-06T06:07:51.626+0000] {dag.py:3239} INFO - Sync 1 DAGs
[2026-08-06T06:07:51.688+0000] {logging_mixin.py:190} INFO - [2026-08-06T06:07:51.687+0000] {dag.py:4180} INFO - Setting next_dagrun for example_branch_python_operator_decorator to 2026-08-05 00:00:00+00:00, run_after=2026-08-06 00:00:00+00:00
[2026-08-06T06:07:51.764+0000] {processor.py:208} INFO - Processing /home/airflow/.local/lib/python3.12/site-packages/airflow/example_dags/example_branch_operator_decorator.py took 0.264 seconds
[2026-08-06T06:08:22.850+0000] {processor.py:186} INFO - Started process (PID=897) to work on /home/airflow/.local/lib/python3.12/site-packages/airflow/example_dags/example_branch_operator_decorator.py
[2026-08-06T06:08:22.852+0000] {processor.py:914} INFO - Processing file /home/airflow/.local/lib/python3.12/site-packages/airflow/example_dags/example_branch_operator_decorator.py for tasks to queue
[2026-08-06T06:08:22.857+0000] {logging_mixin.py:190} INFO - [2026-08-06T06:08:22.856+0000] {dagbag.py:588} INFO - Filling up the DagBag from /home/airflow/.local/lib/python3.12/site-packages/airflow/example_dags/example_branch_operator_decorator.py
[2026-08-06T06:08:22.884+0000] {processor.py:925} INFO - DAG(s) 'example_branch_python_operator_decorator' retrieved from /home/airflow/.local/lib/python3.12/site-packages/airflow/example_dags/example_branch_operator_decorator.py
[2026-08-06T06:08:22.918+0000] {logging_mixin.py:190} INFO - [2026-08-06T06:08:22.917+0000] {dag.py:3239} INFO - Sync 1 DAGs
[2026-08-06T06:08:22.945+0000] {logging_mixin.py:190} INFO - [2026-08-06T06:08:22.945+0000] {dag.py:4180} INFO - Setting next_dagrun for example_branch_python_operator_decorator to 2026-08-05 00:00:00+00:00, run_after=2026-08-06 00:00:00+00:00
[2026-08-06T06:08:23.005+0000] {processor.py:208} INFO - Processing /home/airflow/.local/lib/python3.12/site-packages/airflow/example_dags/example_branch_operator_decorator.py took 0.162 seconds
[2026-08-06T06:08:54.296+0000] {processor.py:186} INFO - Started process (PID=961) to work on /home/airflow/.local/lib/python3.12/site-packages/airflow/example_dags/example_branch_operator_decorator.py
[2026-08-06T06:08:54.298+0000] {processor.py:914} INFO - Processing file /home/airflow/.local/lib/python3.12/site-packages/airflow/example_dags/example_branch_operator_decorator.py for tasks to queue
[2026-08-06T06:08:54.303+0000] {logging_mixin.py:190} INFO - [2026-08-06T06:08:54.302+0000] {dagbag.py:588} INFO - Filling up the DagBag from /home/airflow/.local/lib/python3.12/site-packages/airflow/example_dags/example_branch_operator_decorator.py
[2026-08-06T06:08:54.342+0000] {processor.py:925} INFO - DAG(s) 'example_branch_python_operator_decorator' retrieved from /home/airflow/.local/lib/python3.12/site-packages/airflow/example_dags/example_branch_operator_decorator.py
[2026-08-06T06:08:54.400+0000] {logging_mixin.py:190} INFO - [2026-08-06T06:08:54.400+0000] {dag.py:3239} INFO - Sync 1 DAGs
[2026-08-06T06:08:54.447+0000] {logging_mixin.py:190} INFO - [2026-08-06T06:08:54.446+0000] {dag.py:4180} INFO - Setting next_dagrun for example_branch_python_operator_decorator to 2026-08-05 00:00:00+00:00, run_after=2026-08-06 00:00:00+00:00
[2026-08-06T06:08:54.492+0000] {processor.py:208} INFO - Processing /home/airflow/.local/lib/python3.12/site-packages/airflow/example_dags/example_branch_operator_decorator.py took 0.207 seconds
[2026-08-06T06:09:25.130+0000] {processor.py:186} INFO - Started process (PID=1024) to work on /home/airflow/.local/lib/python3.12/site-packages/airflow/example_dags/example_branch_operator_decorator.py
[2026-08-06T06:09:25.135+0000] {processor.py:914} INFO - Processing file /home/airflow/.local/lib/python3.12/site-packages/airflow/example_dags/example_branch_operator_decorator.py for tasks to queue
[2026-08-06T06:09:25.144+0000] {logging_mixin.py:190} INFO - [2026-08-06T06:09:25.143+0000] {dagbag.py:588} INFO - Filling up the DagBag from /home/airflow/.local/lib/python3.12/site-packages/airflow/example_dags/example_branch_operator_decorator.py
[2026-08-06T06:09:25.211+0000] {processor.py:925} INFO - DAG(s) 'example_branch_python_operator_decorator' retrieved from /home/airflow/.local/lib/python3.12/site-packages/airflow/example_dags/example_branch_operator_decorator.py
[2026-08-06T06:09:25.267+0000] {logging_mixin.py:190} INFO - [2026-08-06T06:09:25.266+0000] {dag.py:3239} INFO - Sync 1 DAGs
[2026-08-06T06:09:25.306+0000] {logging_mixin.py:190} INFO - [2026-08-06T06:09:25.306+0000] {dag.py:4180} INFO - Setting next_dagrun for example_branch_python_operator_decorator to 2026-08-05 00:00:00+00:00, run_after=2026-08-06 00:00:00+00:00
[2026-08-06T06:09:25.382+0000] {processor.py:208} INFO - Processing /home/airflow/.local/lib/python3.12/site-packages/airflow/example_dags/example_branch_operator_decorator.py took 0.266 seconds
[2026-08-06T06:09:56.338+0000] {processor.py:186} INFO - Started process (PID=1088) to work on /home/airflow/.local/lib/python3.12/site-packages/airflow/example_dags/example_branch_operator_decorator.py
[2026-08-06T06:09:56.341+0000] {processor.py:914} INFO - Processing file /home/airflow/.local/lib/python3.12/site-packages/airflow/example_dags/example_branch_operator_decorator.py for tasks to queue
[2026-08-06T06:09:56.345+0000] {logging_mixin.py:190} INFO - [2026-08-06T06:09:56.344+0000] {dagbag.py:588} INFO - Filling up the DagBag from /home/airflow/.local/lib/python3.12/site-packages/airflow/example_dags/example_branch_operator_decorator.py
[2026-08-06T06:09:56.394+0000] {processor.py:925} INFO - DAG(s) 'example_branch_python_operator_decorator' retrieved from /home/airflow/.local/lib/python3.12/site-packages/airflow/example_dags/example_branch_operator_decorator.py
[2026-08-06T06:09:56.456+0000] {logging_mixin.py:190} INFO - [2026-08-06T06:09:56.456+0000] {dag.py:3239} INFO - Sync 1 DAGs
[2026-08-06T06:09:56.520+0000] {logging_mixin.py:190} INFO - [2026-08-06T06:09:56.519+0000] {dag.py:4180} INFO - Setting next_dagrun for example_branch_python_operator_decorator to 2026-08-05 00:00:00+00:00, run_after=2026-08-06 00:00:00+00:00
[2026-08-06T06:09:56.674+0000] {processor.py:208} INFO - Processing /home/airflow/.local/lib/python3.12/site-packages/airflow/example_dags/example_branch_operator_decorator.py took 0.349 seconds
[2026-08-06T06:10:26.871+0000] {processor.py:186} INFO - Started process (PID=1151) to work on /home/airflow/.local/lib/python3.12/site-packages/airflow/example_dags/example_branch_operator_decorator.py
[2026-08-06T06:10:26.872+0000] {processor.py:914} INFO - Processing file /home/airflow/.local/lib/python3.12/site-packages/airflow/example_dags/example_branch_operator_decorator.py for tasks to queue
[2026-08-06T06:10:26.876+0000] {logging_mixin.py:190} INFO - [2026-08-06T06:10:26.875+0000] {dagbag.py:588} INFO - Filling up the DagBag from /home/airflow/.local/lib/python3.12/site-packages/airflow/example_dags/example_branch_operator_decorator.py
[2026-08-06T06:10:26.898+0000] {processor.py:925} INFO - DAG(s) 'example_branch_python_operator_decorator' retrieved from /home/airflow/.local/lib/python3.12/site-packages/airflow/example_dags/example_branch_operator_decorator.py
[2026-08-06T06:10:26.933+0000] {logging_mixin.py:190} INFO - [2026-08-06T06:10:26.933+0000] {dag.py:3239} INFO - Sync 1 DAGs
[2026-08-06T06:10:26.967+0000] {logging_mixin.py:190} INFO - [2026-08-06T06:10:26.966+0000] {dag.py:4180} INFO - Setting next_dagrun for example_branch_python_operator_decorator to 2026-08-05 00:00:00+00:00, run_after=2026-08-06 00:00:00+00:00
[2026-08-06T06:10:27.024+0000] {processor.py:208} INFO - Processing /home/airflow/.local/lib/python3.12/site-packages/airflow/example_dags/example_branch_operator_decorator.py took 0.159 seconds
