[2026-08-06T04:46:39.318+0000] {processor.py:186} INFO - Started process (PID=105) to work on /home/airflow/.local/lib/python3.12/site-packages/airflow/example_dags/example_params_trigger_ui.py
[2026-08-06T04:46:39.321+0000] {processor.py:914} INFO - Processing file /home/airflow/.local/lib/python3.12/site-packages/airflow/example_dags/example_params_trigger_ui.py for tasks to queue
[2026-08-06T04:46:39.327+0000] {logging_mixin.py:190} INFO - [2026-08-06T04:46:39.326+0000] {dagbag.py:588} INFO - Filling up the DagBag from /home/airflow/.local/lib/python3.12/site-packages/airflow/example_dags/example_params_trigger_ui.py
[2026-08-06T04:46:39.355+0000] {processor.py:925} INFO - DAG(s) 'example_params_trigger_ui' retrieved from /home/airflow/.local/lib/python3.12/site-packages/airflow/example_dags/example_params_trigger_ui.py
[2026-08-06T04:46:39.579+0000] {logging_mixin.py:190} INFO - [2026-08-06T04:46:39.577+0000] {override.py:1912} INFO - Created Permission View: can delete on DAG:example_params_trigger_ui
[2026-08-06T04:46:39.601+0000] {logging_mixin.py:190} INFO - [2026-08-06T04:46:39.600+0000] {override.py:1912} INFO - Created Permission View: can read on DAG:example_params_trigger_ui
[2026-08-06T04:46:39.614+0000] {logging_mixin.py:190} INFO - [2026-08-06T04:46:39.613+0000] {override.py:1912} INFO - Created Permission View: can edit on DAG:example_params_trigger_ui
[2026-08-06T04:46:39.629+0000] {logging_mixin.py:190} INFO - [2026-08-06T04:46:39.629+0000] {override.py:1912} INFO - Created Permission View: can delete on DAG Run:example_params_trigger_ui
[2026-08-06T04:46:39.642+0000] {logging_mixin.py:190} INFO - [2026-08-06T04:46:39.642+0000] {override.py:1912} INFO - Created Permission View: menu access on DAG Run:example_params_trigger_ui
[2026-08-06T04:46:39.655+0000] {logging_mixin.py:190} INFO - [2026-08-06T04:46:39.654+0000] {override.py:1912} INFO - Created Permission View: can read on DAG Run:example_params_trigger_ui
[2026-08-06T04:46:39.666+0000] {logging_mixin.py:190} INFO - [2026-08-06T04:46:39.666+0000] {override.py:1912} INFO - Created Permission View: can create on DAG Run:example_params_trigger_ui
[2026-08-06T04:46:39.668+0000] {logging_mixin.py:190} INFO - [2026-08-06T04:46:39.668+0000] {dag.py:3239} INFO - Sync 1 DAGs
[2026-08-06T04:46:39.691+0000] {logging_mixin.py:190} INFO - [2026-08-06T04:46:39.690+0000] {dag.py:3262} INFO - Creating ORM DAG for example_params_trigger_ui
[2026-08-06T04:46:39.693+0000] {logging_mixin.py:190} INFO - [2026-08-06T04:46:39.693+0000] {dag.py:4180} INFO - Setting next_dagrun for example_params_trigger_ui to None, run_after=None
[2026-08-06T04:46:39.729+0000] {processor.py:208} INFO - Processing /home/airflow/.local/lib/python3.12/site-packages/airflow/example_dags/example_params_trigger_ui.py took 0.419 seconds
[2026-08-06T04:47:10.220+0000] {processor.py:186} INFO - Started process (PID=168) to work on /home/airflow/.local/lib/python3.12/site-packages/airflow/example_dags/example_params_trigger_ui.py
[2026-08-06T04:47:10.223+0000] {processor.py:914} INFO - Processing file /home/airflow/.local/lib/python3.12/site-packages/airflow/example_dags/example_params_trigger_ui.py for tasks to queue
[2026-08-06T04:47:10.227+0000] {logging_mixin.py:190} INFO - [2026-08-06T04:47:10.227+0000] {dagbag.py:588} INFO - Filling up the DagBag from /home/airflow/.local/lib/python3.12/site-packages/airflow/example_dags/example_params_trigger_ui.py
[2026-08-06T04:47:10.247+0000] {processor.py:925} INFO - DAG(s) 'example_params_trigger_ui' retrieved from /home/airflow/.local/lib/python3.12/site-packages/airflow/example_dags/example_params_trigger_ui.py
[2026-08-06T04:47:10.313+0000] {logging_mixin.py:190} INFO - [2026-08-06T04:47:10.312+0000] {dag.py:3239} INFO - Sync 1 DAGs
[2026-08-06T04:47:10.333+0000] {logging_mixin.py:190} INFO - [2026-08-06T04:47:10.333+0000] {dag.py:4180} INFO - Setting next_dagrun for example_params_trigger_ui to None, run_after=None
[2026-08-06T04:47:10.371+0000] {processor.py:208} INFO - Processing /home/airflow/.local/lib/python3.12/site-packages/airflow/example_dags/example_params_trigger_ui.py took 0.159 seconds
[2026-08-06T04:47:40.807+0000] {processor.py:186} INFO - Started process (PID=230) to work on /home/airflow/.local/lib/python3.12/site-packages/airflow/example_dags/example_params_trigger_ui.py
[2026-08-06T04:47:40.810+0000] {processor.py:914} INFO - Processing file /home/airflow/.local/lib/python3.12/site-packages/airflow/example_dags/example_params_trigger_ui.py for tasks to queue
[2026-08-06T04:47:40.815+0000] {logging_mixin.py:190} INFO - [2026-08-06T04:47:40.814+0000] {dagbag.py:588} INFO - Filling up the DagBag from /home/airflow/.local/lib/python3.12/site-packages/airflow/example_dags/example_params_trigger_ui.py
[2026-08-06T04:47:40.842+0000] {processor.py:925} INFO - DAG(s) 'example_params_trigger_ui' retrieved from /home/airflow/.local/lib/python3.12/site-packages/airflow/example_dags/example_params_trigger_ui.py
[2026-08-06T04:47:40.913+0000] {logging_mixin.py:190} INFO - [2026-08-06T04:47:40.913+0000] {dag.py:3239} INFO - Sync 1 DAGs
[2026-08-06T04:47:40.938+0000] {logging_mixin.py:190} INFO - [2026-08-06T04:47:40.937+0000] {dag.py:4180} INFO - Setting next_dagrun for example_params_trigger_ui to None, run_after=None
[2026-08-06T04:47:41.029+0000] {processor.py:208} INFO - Processing /home/airflow/.local/lib/python3.12/site-packages/airflow/example_dags/example_params_trigger_ui.py took 0.230 seconds
[2026-08-06T04:48:11.837+0000] {processor.py:186} INFO - Started process (PID=293) to work on /home/airflow/.local/lib/python3.12/site-packages/airflow/example_dags/example_params_trigger_ui.py
[2026-08-06T04:48:11.840+0000] {processor.py:914} INFO - Processing file /home/airflow/.local/lib/python3.12/site-packages/airflow/example_dags/example_params_trigger_ui.py for tasks to queue
[2026-08-06T04:48:11.843+0000] {logging_mixin.py:190} INFO - [2026-08-06T04:48:11.843+0000] {dagbag.py:588} INFO - Filling up the DagBag from /home/airflow/.local/lib/python3.12/site-packages/airflow/example_dags/example_params_trigger_ui.py
[2026-08-06T04:48:11.861+0000] {processor.py:925} INFO - DAG(s) 'example_params_trigger_ui' retrieved from /home/airflow/.local/lib/python3.12/site-packages/airflow/example_dags/example_params_trigger_ui.py
[2026-08-06T04:48:11.934+0000] {logging_mixin.py:190} INFO - [2026-08-06T04:48:11.932+0000] {dag.py:3239} INFO - Sync 1 DAGs
[2026-08-06T04:48:11.960+0000] {logging_mixin.py:190} INFO - [2026-08-06T04:48:11.960+0000] {dag.py:4180} INFO - Setting next_dagrun for example_params_trigger_ui to None, run_after=None
[2026-08-06T04:48:12.004+0000] {processor.py:208} INFO - Processing /home/airflow/.local/lib/python3.12/site-packages/airflow/example_dags/example_params_trigger_ui.py took 0.174 seconds
[2026-08-06T04:48:42.432+0000] {processor.py:186} INFO - Started process (PID=356) to work on /home/airflow/.local/lib/python3.12/site-packages/airflow/example_dags/example_params_trigger_ui.py
[2026-08-06T04:48:42.435+0000] {processor.py:914} INFO - Processing file /home/airflow/.local/lib/python3.12/site-packages/airflow/example_dags/example_params_trigger_ui.py for tasks to queue
[2026-08-06T04:48:42.439+0000] {logging_mixin.py:190} INFO - [2026-08-06T04:48:42.438+0000] {dagbag.py:588} INFO - Filling up the DagBag from /home/airflow/.local/lib/python3.12/site-packages/airflow/example_dags/example_params_trigger_ui.py
[2026-08-06T04:48:42.462+0000] {processor.py:925} INFO - DAG(s) 'example_params_trigger_ui' retrieved from /home/airflow/.local/lib/python3.12/site-packages/airflow/example_dags/example_params_trigger_ui.py
[2026-08-06T04:48:42.554+0000] {logging_mixin.py:190} INFO - [2026-08-06T04:48:42.551+0000] {dag.py:3239} INFO - Sync 1 DAGs
[2026-08-06T04:48:42.602+0000] {logging_mixin.py:190} INFO - [2026-08-06T04:48:42.601+0000] {dag.py:4180} INFO - Setting next_dagrun for example_params_trigger_ui to None, run_after=None
[2026-08-06T04:48:42.640+0000] {processor.py:208} INFO - Processing /home/airflow/.local/lib/python3.12/site-packages/airflow/example_dags/example_params_trigger_ui.py took 0.218 seconds
[2026-08-06T04:49:13.411+0000] {processor.py:186} INFO - Started process (PID=419) to work on /home/airflow/.local/lib/python3.12/site-packages/airflow/example_dags/example_params_trigger_ui.py
[2026-08-06T04:49:13.413+0000] {processor.py:914} INFO - Processing file /home/airflow/.local/lib/python3.12/site-packages/airflow/example_dags/example_params_trigger_ui.py for tasks to queue
[2026-08-06T04:49:13.420+0000] {logging_mixin.py:190} INFO - [2026-08-06T04:49:13.419+0000] {dagbag.py:588} INFO - Filling up the DagBag from /home/airflow/.local/lib/python3.12/site-packages/airflow/example_dags/example_params_trigger_ui.py
[2026-08-06T04:49:13.439+0000] {processor.py:925} INFO - DAG(s) 'example_params_trigger_ui' retrieved from /home/airflow/.local/lib/python3.12/site-packages/airflow/example_dags/example_params_trigger_ui.py
[2026-08-06T04:49:13.497+0000] {logging_mixin.py:190} INFO - [2026-08-06T04:49:13.497+0000] {dag.py:3239} INFO - Sync 1 DAGs
[2026-08-06T04:49:13.534+0000] {logging_mixin.py:190} INFO - [2026-08-06T04:49:13.534+0000] {dag.py:4180} INFO - Setting next_dagrun for example_params_trigger_ui to None, run_after=None
[2026-08-06T04:49:13.596+0000] {processor.py:208} INFO - Processing /home/airflow/.local/lib/python3.12/site-packages/airflow/example_dags/example_params_trigger_ui.py took 0.193 seconds
[2026-08-06T04:49:44.150+0000] {processor.py:186} INFO - Started process (PID=481) to work on /home/airflow/.local/lib/python3.12/site-packages/airflow/example_dags/example_params_trigger_ui.py
[2026-08-06T04:49:44.153+0000] {processor.py:914} INFO - Processing file /home/airflow/.local/lib/python3.12/site-packages/airflow/example_dags/example_params_trigger_ui.py for tasks to queue
[2026-08-06T04:49:44.157+0000] {logging_mixin.py:190} INFO - [2026-08-06T04:49:44.157+0000] {dagbag.py:588} INFO - Filling up the DagBag from /home/airflow/.local/lib/python3.12/site-packages/airflow/example_dags/example_params_trigger_ui.py
[2026-08-06T04:49:44.179+0000] {processor.py:925} INFO - DAG(s) 'example_params_trigger_ui' retrieved from /home/airflow/.local/lib/python3.12/site-packages/airflow/example_dags/example_params_trigger_ui.py
[2026-08-06T04:49:44.243+0000] {logging_mixin.py:190} INFO - [2026-08-06T04:49:44.243+0000] {dag.py:3239} INFO - Sync 1 DAGs
[2026-08-06T04:49:44.281+0000] {logging_mixin.py:190} INFO - [2026-08-06T04:49:44.280+0000] {dag.py:4180} INFO - Setting next_dagrun for example_params_trigger_ui to None, run_after=None
[2026-08-06T04:49:44.369+0000] {processor.py:208} INFO - Processing /home/airflow/.local/lib/python3.12/site-packages/airflow/example_dags/example_params_trigger_ui.py took 0.229 seconds
[2026-08-06T04:50:15.176+0000] {processor.py:186} INFO - Started process (PID=544) to work on /home/airflow/.local/lib/python3.12/site-packages/airflow/example_dags/example_params_trigger_ui.py
[2026-08-06T04:50:15.178+0000] {processor.py:914} INFO - Processing file /home/airflow/.local/lib/python3.12/site-packages/airflow/example_dags/example_params_trigger_ui.py for tasks to queue
[2026-08-06T04:50:15.183+0000] {logging_mixin.py:190} INFO - [2026-08-06T04:50:15.182+0000] {dagbag.py:588} INFO - Filling up the DagBag from /home/airflow/.local/lib/python3.12/site-packages/airflow/example_dags/example_params_trigger_ui.py
[2026-08-06T04:50:15.200+0000] {processor.py:925} INFO - DAG(s) 'example_params_trigger_ui' retrieved from /home/airflow/.local/lib/python3.12/site-packages/airflow/example_dags/example_params_trigger_ui.py
[2026-08-06T04:50:15.260+0000] {logging_mixin.py:190} INFO - [2026-08-06T04:50:15.259+0000] {dag.py:3239} INFO - Sync 1 DAGs
[2026-08-06T04:50:15.282+0000] {logging_mixin.py:190} INFO - [2026-08-06T04:50:15.281+0000] {dag.py:4180} INFO - Setting next_dagrun for example_params_trigger_ui to None, run_after=None
[2026-08-06T04:50:15.314+0000] {processor.py:208} INFO - Processing /home/airflow/.local/lib/python3.12/site-packages/airflow/example_dags/example_params_trigger_ui.py took 0.147 seconds
[2026-08-06T04:50:45.607+0000] {processor.py:186} INFO - Started process (PID=608) to work on /home/airflow/.local/lib/python3.12/site-packages/airflow/example_dags/example_params_trigger_ui.py
[2026-08-06T04:50:45.609+0000] {processor.py:914} INFO - Processing file /home/airflow/.local/lib/python3.12/site-packages/airflow/example_dags/example_params_trigger_ui.py for tasks to queue
[2026-08-06T04:50:45.615+0000] {logging_mixin.py:190} INFO - [2026-08-06T04:50:45.615+0000] {dagbag.py:588} INFO - Filling up the DagBag from /home/airflow/.local/lib/python3.12/site-packages/airflow/example_dags/example_params_trigger_ui.py
[2026-08-06T04:50:45.632+0000] {processor.py:925} INFO - DAG(s) 'example_params_trigger_ui' retrieved from /home/airflow/.local/lib/python3.12/site-packages/airflow/example_dags/example_params_trigger_ui.py
[2026-08-06T04:50:45.705+0000] {logging_mixin.py:190} INFO - [2026-08-06T04:50:45.704+0000] {dag.py:3239} INFO - Sync 1 DAGs
[2026-08-06T04:50:45.736+0000] {logging_mixin.py:190} INFO - [2026-08-06T04:50:45.735+0000] {dag.py:4180} INFO - Setting next_dagrun for example_params_trigger_ui to None, run_after=None
[2026-08-06T04:50:45.768+0000] {processor.py:208} INFO - Processing /home/airflow/.local/lib/python3.12/site-packages/airflow/example_dags/example_params_trigger_ui.py took 0.170 seconds
[2026-08-06T04:51:15.868+0000] {processor.py:186} INFO - Started process (PID=671) to work on /home/airflow/.local/lib/python3.12/site-packages/airflow/example_dags/example_params_trigger_ui.py
[2026-08-06T04:51:15.870+0000] {processor.py:914} INFO - Processing file /home/airflow/.local/lib/python3.12/site-packages/airflow/example_dags/example_params_trigger_ui.py for tasks to queue
[2026-08-06T04:51:15.874+0000] {logging_mixin.py:190} INFO - [2026-08-06T04:51:15.873+0000] {dagbag.py:588} INFO - Filling up the DagBag from /home/airflow/.local/lib/python3.12/site-packages/airflow/example_dags/example_params_trigger_ui.py
[2026-08-06T04:51:15.890+0000] {processor.py:925} INFO - DAG(s) 'example_params_trigger_ui' retrieved from /home/airflow/.local/lib/python3.12/site-packages/airflow/example_dags/example_params_trigger_ui.py
[2026-08-06T04:51:15.955+0000] {logging_mixin.py:190} INFO - [2026-08-06T04:51:15.954+0000] {dag.py:3239} INFO - Sync 1 DAGs
[2026-08-06T04:51:15.982+0000] {logging_mixin.py:190} INFO - [2026-08-06T04:51:15.982+0000] {dag.py:4180} INFO - Setting next_dagrun for example_params_trigger_ui to None, run_after=None
[2026-08-06T04:51:16.025+0000] {processor.py:208} INFO - Processing /home/airflow/.local/lib/python3.12/site-packages/airflow/example_dags/example_params_trigger_ui.py took 0.165 seconds
[2026-08-06T04:51:46.413+0000] {processor.py:186} INFO - Started process (PID=732) to work on /home/airflow/.local/lib/python3.12/site-packages/airflow/example_dags/example_params_trigger_ui.py
[2026-08-06T04:51:46.415+0000] {processor.py:914} INFO - Processing file /home/airflow/.local/lib/python3.12/site-packages/airflow/example_dags/example_params_trigger_ui.py for tasks to queue
[2026-08-06T04:51:46.419+0000] {logging_mixin.py:190} INFO - [2026-08-06T04:51:46.419+0000] {dagbag.py:588} INFO - Filling up the DagBag from /home/airflow/.local/lib/python3.12/site-packages/airflow/example_dags/example_params_trigger_ui.py
[2026-08-06T04:51:46.444+0000] {processor.py:925} INFO - DAG(s) 'example_params_trigger_ui' retrieved from /home/airflow/.local/lib/python3.12/site-packages/airflow/example_dags/example_params_trigger_ui.py
[2026-08-06T04:51:46.524+0000] {logging_mixin.py:190} INFO - [2026-08-06T04:51:46.523+0000] {dag.py:3239} INFO - Sync 1 DAGs
[2026-08-06T04:51:46.544+0000] {logging_mixin.py:190} INFO - [2026-08-06T04:51:46.544+0000] {dag.py:4180} INFO - Setting next_dagrun for example_params_trigger_ui to None, run_after=None
[2026-08-06T04:51:46.573+0000] {processor.py:208} INFO - Processing /home/airflow/.local/lib/python3.12/site-packages/airflow/example_dags/example_params_trigger_ui.py took 0.170 seconds
[2026-08-06T04:52:17.207+0000] {processor.py:186} INFO - Started process (PID=795) to work on /home/airflow/.local/lib/python3.12/site-packages/airflow/example_dags/example_params_trigger_ui.py
[2026-08-06T04:52:17.208+0000] {processor.py:914} INFO - Processing file /home/airflow/.local/lib/python3.12/site-packages/airflow/example_dags/example_params_trigger_ui.py for tasks to queue
[2026-08-06T04:52:17.212+0000] {logging_mixin.py:190} INFO - [2026-08-06T04:52:17.211+0000] {dagbag.py:588} INFO - Filling up the DagBag from /home/airflow/.local/lib/python3.12/site-packages/airflow/example_dags/example_params_trigger_ui.py
[2026-08-06T04:52:17.226+0000] {processor.py:925} INFO - DAG(s) 'example_params_trigger_ui' retrieved from /home/airflow/.local/lib/python3.12/site-packages/airflow/example_dags/example_params_trigger_ui.py
[2026-08-06T04:52:17.281+0000] {logging_mixin.py:190} INFO - [2026-08-06T04:52:17.281+0000] {dag.py:3239} INFO - Sync 1 DAGs
[2026-08-06T04:52:17.300+0000] {logging_mixin.py:190} INFO - [2026-08-06T04:52:17.299+0000] {dag.py:4180} INFO - Setting next_dagrun for example_params_trigger_ui to None, run_after=None
[2026-08-06T04:52:17.349+0000] {processor.py:208} INFO - Processing /home/airflow/.local/lib/python3.12/site-packages/airflow/example_dags/example_params_trigger_ui.py took 0.150 seconds
[2026-08-06T05:30:20.966+0000] {processor.py:186} INFO - Started process (PID=106) to work on /home/airflow/.local/lib/python3.12/site-packages/airflow/example_dags/example_params_trigger_ui.py
[2026-08-06T05:30:20.968+0000] {processor.py:914} INFO - Processing file /home/airflow/.local/lib/python3.12/site-packages/airflow/example_dags/example_params_trigger_ui.py for tasks to queue
[2026-08-06T05:30:20.972+0000] {logging_mixin.py:190} INFO - [2026-08-06T05:30:20.971+0000] {dagbag.py:588} INFO - Filling up the DagBag from /home/airflow/.local/lib/python3.12/site-packages/airflow/example_dags/example_params_trigger_ui.py
[2026-08-06T05:30:20.993+0000] {processor.py:925} INFO - DAG(s) 'example_params_trigger_ui' retrieved from /home/airflow/.local/lib/python3.12/site-packages/airflow/example_dags/example_params_trigger_ui.py
[2026-08-06T05:30:21.051+0000] {logging_mixin.py:190} INFO - [2026-08-06T05:30:21.051+0000] {dag.py:3239} INFO - Sync 1 DAGs
[2026-08-06T05:30:21.072+0000] {logging_mixin.py:190} INFO - [2026-08-06T05:30:21.072+0000] {dag.py:4180} INFO - Setting next_dagrun for example_params_trigger_ui to None, run_after=None
[2026-08-06T05:30:21.105+0000] {processor.py:208} INFO - Processing /home/airflow/.local/lib/python3.12/site-packages/airflow/example_dags/example_params_trigger_ui.py took 0.145 seconds
[2026-08-06T05:30:51.819+0000] {processor.py:186} INFO - Started process (PID=169) to work on /home/airflow/.local/lib/python3.12/site-packages/airflow/example_dags/example_params_trigger_ui.py
[2026-08-06T05:30:51.821+0000] {processor.py:914} INFO - Processing file /home/airflow/.local/lib/python3.12/site-packages/airflow/example_dags/example_params_trigger_ui.py for tasks to queue
[2026-08-06T05:30:51.823+0000] {logging_mixin.py:190} INFO - [2026-08-06T05:30:51.823+0000] {dagbag.py:588} INFO - Filling up the DagBag from /home/airflow/.local/lib/python3.12/site-packages/airflow/example_dags/example_params_trigger_ui.py
[2026-08-06T05:30:51.837+0000] {processor.py:925} INFO - DAG(s) 'example_params_trigger_ui' retrieved from /home/airflow/.local/lib/python3.12/site-packages/airflow/example_dags/example_params_trigger_ui.py
[2026-08-06T05:30:51.896+0000] {logging_mixin.py:190} INFO - [2026-08-06T05:30:51.896+0000] {dag.py:3239} INFO - Sync 1 DAGs
[2026-08-06T05:30:51.928+0000] {logging_mixin.py:190} INFO - [2026-08-06T05:30:51.927+0000] {dag.py:4180} INFO - Setting next_dagrun for example_params_trigger_ui to None, run_after=None
[2026-08-06T05:30:51.996+0000] {processor.py:208} INFO - Processing /home/airflow/.local/lib/python3.12/site-packages/airflow/example_dags/example_params_trigger_ui.py took 0.184 seconds
[2026-08-06T05:33:15.164+0000] {processor.py:186} INFO - Started process (PID=100) to work on /home/airflow/.local/lib/python3.12/site-packages/airflow/example_dags/example_params_trigger_ui.py
[2026-08-06T05:33:15.167+0000] {processor.py:914} INFO - Processing file /home/airflow/.local/lib/python3.12/site-packages/airflow/example_dags/example_params_trigger_ui.py for tasks to queue
[2026-08-06T05:33:15.172+0000] {logging_mixin.py:190} INFO - [2026-08-06T05:33:15.171+0000] {dagbag.py:588} INFO - Filling up the DagBag from /home/airflow/.local/lib/python3.12/site-packages/airflow/example_dags/example_params_trigger_ui.py
[2026-08-06T05:33:15.207+0000] {processor.py:925} INFO - DAG(s) 'example_params_trigger_ui' retrieved from /home/airflow/.local/lib/python3.12/site-packages/airflow/example_dags/example_params_trigger_ui.py
[2026-08-06T05:33:15.270+0000] {logging_mixin.py:190} INFO - [2026-08-06T05:33:15.270+0000] {dag.py:3239} INFO - Sync 1 DAGs
[2026-08-06T05:33:15.292+0000] {logging_mixin.py:190} INFO - [2026-08-06T05:33:15.292+0000] {dag.py:4180} INFO - Setting next_dagrun for example_params_trigger_ui to None, run_after=None
[2026-08-06T05:33:15.330+0000] {processor.py:208} INFO - Processing /home/airflow/.local/lib/python3.12/site-packages/airflow/example_dags/example_params_trigger_ui.py took 0.176 seconds
[2026-08-06T05:33:45.523+0000] {processor.py:186} INFO - Started process (PID=163) to work on /home/airflow/.local/lib/python3.12/site-packages/airflow/example_dags/example_params_trigger_ui.py
[2026-08-06T05:33:45.527+0000] {processor.py:914} INFO - Processing file /home/airflow/.local/lib/python3.12/site-packages/airflow/example_dags/example_params_trigger_ui.py for tasks to queue
[2026-08-06T05:33:45.532+0000] {logging_mixin.py:190} INFO - [2026-08-06T05:33:45.532+0000] {dagbag.py:588} INFO - Filling up the DagBag from /home/airflow/.local/lib/python3.12/site-packages/airflow/example_dags/example_params_trigger_ui.py
[2026-08-06T05:33:45.554+0000] {processor.py:925} INFO - DAG(s) 'example_params_trigger_ui' retrieved from /home/airflow/.local/lib/python3.12/site-packages/airflow/example_dags/example_params_trigger_ui.py
[2026-08-06T05:33:45.634+0000] {logging_mixin.py:190} INFO - [2026-08-06T05:33:45.633+0000] {dag.py:3239} INFO - Sync 1 DAGs
[2026-08-06T05:33:45.664+0000] {logging_mixin.py:190} INFO - [2026-08-06T05:33:45.664+0000] {dag.py:4180} INFO - Setting next_dagrun for example_params_trigger_ui to None, run_after=None
[2026-08-06T05:33:45.702+0000] {processor.py:208} INFO - Processing /home/airflow/.local/lib/python3.12/site-packages/airflow/example_dags/example_params_trigger_ui.py took 0.191 seconds
[2026-08-06T05:34:15.786+0000] {processor.py:186} INFO - Started process (PID=225) to work on /home/airflow/.local/lib/python3.12/site-packages/airflow/example_dags/example_params_trigger_ui.py
[2026-08-06T05:34:15.788+0000] {processor.py:914} INFO - Processing file /home/airflow/.local/lib/python3.12/site-packages/airflow/example_dags/example_params_trigger_ui.py for tasks to queue
[2026-08-06T05:34:15.790+0000] {logging_mixin.py:190} INFO - [2026-08-06T05:34:15.790+0000] {dagbag.py:588} INFO - Filling up the DagBag from /home/airflow/.local/lib/python3.12/site-packages/airflow/example_dags/example_params_trigger_ui.py
[2026-08-06T05:34:15.809+0000] {processor.py:925} INFO - DAG(s) 'example_params_trigger_ui' retrieved from /home/airflow/.local/lib/python3.12/site-packages/airflow/example_dags/example_params_trigger_ui.py
[2026-08-06T05:34:15.878+0000] {logging_mixin.py:190} INFO - [2026-08-06T05:34:15.877+0000] {dag.py:3239} INFO - Sync 1 DAGs
[2026-08-06T05:34:15.894+0000] {logging_mixin.py:190} INFO - [2026-08-06T05:34:15.894+0000] {dag.py:4180} INFO - Setting next_dagrun for example_params_trigger_ui to None, run_after=None
[2026-08-06T05:34:15.958+0000] {processor.py:208} INFO - Processing /home/airflow/.local/lib/python3.12/site-packages/airflow/example_dags/example_params_trigger_ui.py took 0.180 seconds
[2026-08-06T05:34:47.471+0000] {processor.py:186} INFO - Started process (PID=288) to work on /home/airflow/.local/lib/python3.12/site-packages/airflow/example_dags/example_params_trigger_ui.py
[2026-08-06T05:34:47.474+0000] {processor.py:914} INFO - Processing file /home/airflow/.local/lib/python3.12/site-packages/airflow/example_dags/example_params_trigger_ui.py for tasks to queue
[2026-08-06T05:34:47.479+0000] {logging_mixin.py:190} INFO - [2026-08-06T05:34:47.478+0000] {dagbag.py:588} INFO - Filling up the DagBag from /home/airflow/.local/lib/python3.12/site-packages/airflow/example_dags/example_params_trigger_ui.py
[2026-08-06T05:34:47.497+0000] {processor.py:925} INFO - DAG(s) 'example_params_trigger_ui' retrieved from /home/airflow/.local/lib/python3.12/site-packages/airflow/example_dags/example_params_trigger_ui.py
[2026-08-06T05:34:47.563+0000] {logging_mixin.py:190} INFO - [2026-08-06T05:34:47.563+0000] {dag.py:3239} INFO - Sync 1 DAGs
[2026-08-06T05:34:47.591+0000] {logging_mixin.py:190} INFO - [2026-08-06T05:34:47.591+0000] {dag.py:4180} INFO - Setting next_dagrun for example_params_trigger_ui to None, run_after=None
[2026-08-06T05:34:47.624+0000] {processor.py:208} INFO - Processing /home/airflow/.local/lib/python3.12/site-packages/airflow/example_dags/example_params_trigger_ui.py took 0.164 seconds
[2026-08-06T05:35:18.590+0000] {processor.py:186} INFO - Started process (PID=351) to work on /home/airflow/.local/lib/python3.12/site-packages/airflow/example_dags/example_params_trigger_ui.py
[2026-08-06T05:35:18.592+0000] {processor.py:914} INFO - Processing file /home/airflow/.local/lib/python3.12/site-packages/airflow/example_dags/example_params_trigger_ui.py for tasks to queue
[2026-08-06T05:35:18.596+0000] {logging_mixin.py:190} INFO - [2026-08-06T05:35:18.596+0000] {dagbag.py:588} INFO - Filling up the DagBag from /home/airflow/.local/lib/python3.12/site-packages/airflow/example_dags/example_params_trigger_ui.py
[2026-08-06T05:35:18.615+0000] {processor.py:925} INFO - DAG(s) 'example_params_trigger_ui' retrieved from /home/airflow/.local/lib/python3.12/site-packages/airflow/example_dags/example_params_trigger_ui.py
[2026-08-06T05:35:18.666+0000] {logging_mixin.py:190} INFO - [2026-08-06T05:35:18.666+0000] {dag.py:3239} INFO - Sync 1 DAGs
[2026-08-06T05:35:18.684+0000] {logging_mixin.py:190} INFO - [2026-08-06T05:35:18.684+0000] {dag.py:4180} INFO - Setting next_dagrun for example_params_trigger_ui to None, run_after=None
[2026-08-06T05:35:18.706+0000] {processor.py:208} INFO - Processing /home/airflow/.local/lib/python3.12/site-packages/airflow/example_dags/example_params_trigger_ui.py took 0.124 seconds
[2026-08-06T05:37:03.859+0000] {processor.py:186} INFO - Started process (PID=106) to work on /home/airflow/.local/lib/python3.12/site-packages/airflow/example_dags/example_params_trigger_ui.py
[2026-08-06T05:37:03.861+0000] {processor.py:914} INFO - Processing file /home/airflow/.local/lib/python3.12/site-packages/airflow/example_dags/example_params_trigger_ui.py for tasks to queue
[2026-08-06T05:37:03.865+0000] {logging_mixin.py:190} INFO - [2026-08-06T05:37:03.864+0000] {dagbag.py:588} INFO - Filling up the DagBag from /home/airflow/.local/lib/python3.12/site-packages/airflow/example_dags/example_params_trigger_ui.py
[2026-08-06T05:37:03.886+0000] {processor.py:925} INFO - DAG(s) 'example_params_trigger_ui' retrieved from /home/airflow/.local/lib/python3.12/site-packages/airflow/example_dags/example_params_trigger_ui.py
[2026-08-06T05:37:03.957+0000] {logging_mixin.py:190} INFO - [2026-08-06T05:37:03.956+0000] {dag.py:3239} INFO - Sync 1 DAGs
[2026-08-06T05:37:03.983+0000] {logging_mixin.py:190} INFO - [2026-08-06T05:37:03.983+0000] {dag.py:4180} INFO - Setting next_dagrun for example_params_trigger_ui to None, run_after=None
[2026-08-06T05:37:04.030+0000] {processor.py:208} INFO - Processing /home/airflow/.local/lib/python3.12/site-packages/airflow/example_dags/example_params_trigger_ui.py took 0.181 seconds
[2026-08-06T05:37:35.014+0000] {processor.py:186} INFO - Started process (PID=170) to work on /home/airflow/.local/lib/python3.12/site-packages/airflow/example_dags/example_params_trigger_ui.py
[2026-08-06T05:37:35.018+0000] {processor.py:914} INFO - Processing file /home/airflow/.local/lib/python3.12/site-packages/airflow/example_dags/example_params_trigger_ui.py for tasks to queue
[2026-08-06T05:37:35.025+0000] {logging_mixin.py:190} INFO - [2026-08-06T05:37:35.024+0000] {dagbag.py:588} INFO - Filling up the DagBag from /home/airflow/.local/lib/python3.12/site-packages/airflow/example_dags/example_params_trigger_ui.py
[2026-08-06T05:37:35.045+0000] {processor.py:925} INFO - DAG(s) 'example_params_trigger_ui' retrieved from /home/airflow/.local/lib/python3.12/site-packages/airflow/example_dags/example_params_trigger_ui.py
[2026-08-06T05:37:35.110+0000] {logging_mixin.py:190} INFO - [2026-08-06T05:37:35.110+0000] {dag.py:3239} INFO - Sync 1 DAGs
[2026-08-06T05:37:35.136+0000] {logging_mixin.py:190} INFO - [2026-08-06T05:37:35.136+0000] {dag.py:4180} INFO - Setting next_dagrun for example_params_trigger_ui to None, run_after=None
[2026-08-06T05:37:35.174+0000] {processor.py:208} INFO - Processing /home/airflow/.local/lib/python3.12/site-packages/airflow/example_dags/example_params_trigger_ui.py took 0.174 seconds
[2026-08-06T05:38:05.265+0000] {processor.py:186} INFO - Started process (PID=233) to work on /home/airflow/.local/lib/python3.12/site-packages/airflow/example_dags/example_params_trigger_ui.py
[2026-08-06T05:38:05.267+0000] {processor.py:914} INFO - Processing file /home/airflow/.local/lib/python3.12/site-packages/airflow/example_dags/example_params_trigger_ui.py for tasks to queue
[2026-08-06T05:38:05.272+0000] {logging_mixin.py:190} INFO - [2026-08-06T05:38:05.271+0000] {dagbag.py:588} INFO - Filling up the DagBag from /home/airflow/.local/lib/python3.12/site-packages/airflow/example_dags/example_params_trigger_ui.py
[2026-08-06T05:38:05.289+0000] {processor.py:925} INFO - DAG(s) 'example_params_trigger_ui' retrieved from /home/airflow/.local/lib/python3.12/site-packages/airflow/example_dags/example_params_trigger_ui.py
[2026-08-06T05:38:05.347+0000] {logging_mixin.py:190} INFO - [2026-08-06T05:38:05.347+0000] {dag.py:3239} INFO - Sync 1 DAGs
[2026-08-06T05:38:05.363+0000] {logging_mixin.py:190} INFO - [2026-08-06T05:38:05.363+0000] {dag.py:4180} INFO - Setting next_dagrun for example_params_trigger_ui to None, run_after=None
[2026-08-06T05:38:05.390+0000] {processor.py:208} INFO - Processing /home/airflow/.local/lib/python3.12/site-packages/airflow/example_dags/example_params_trigger_ui.py took 0.136 seconds
[2026-08-06T05:38:40.969+0000] {processor.py:186} INFO - Started process (PID=305) to work on /home/airflow/.local/lib/python3.12/site-packages/airflow/example_dags/example_params_trigger_ui.py
[2026-08-06T05:38:40.973+0000] {processor.py:914} INFO - Processing file /home/airflow/.local/lib/python3.12/site-packages/airflow/example_dags/example_params_trigger_ui.py for tasks to queue
[2026-08-06T05:38:40.980+0000] {logging_mixin.py:190} INFO - [2026-08-06T05:38:40.980+0000] {dagbag.py:588} INFO - Filling up the DagBag from /home/airflow/.local/lib/python3.12/site-packages/airflow/example_dags/example_params_trigger_ui.py
[2026-08-06T05:38:41.003+0000] {processor.py:925} INFO - DAG(s) 'example_params_trigger_ui' retrieved from /home/airflow/.local/lib/python3.12/site-packages/airflow/example_dags/example_params_trigger_ui.py
[2026-08-06T05:38:41.081+0000] {logging_mixin.py:190} INFO - [2026-08-06T05:38:41.081+0000] {dag.py:3239} INFO - Sync 1 DAGs
[2026-08-06T05:38:41.117+0000] {logging_mixin.py:190} INFO - [2026-08-06T05:38:41.117+0000] {dag.py:4180} INFO - Setting next_dagrun for example_params_trigger_ui to None, run_after=None
[2026-08-06T05:38:41.158+0000] {processor.py:208} INFO - Processing /home/airflow/.local/lib/python3.12/site-packages/airflow/example_dags/example_params_trigger_ui.py took 0.202 seconds
[2026-08-06T05:39:11.902+0000] {processor.py:186} INFO - Started process (PID=377) to work on /home/airflow/.local/lib/python3.12/site-packages/airflow/example_dags/example_params_trigger_ui.py
[2026-08-06T05:39:11.904+0000] {processor.py:914} INFO - Processing file /home/airflow/.local/lib/python3.12/site-packages/airflow/example_dags/example_params_trigger_ui.py for tasks to queue
[2026-08-06T05:39:11.908+0000] {logging_mixin.py:190} INFO - [2026-08-06T05:39:11.908+0000] {dagbag.py:588} INFO - Filling up the DagBag from /home/airflow/.local/lib/python3.12/site-packages/airflow/example_dags/example_params_trigger_ui.py
[2026-08-06T05:39:11.923+0000] {processor.py:925} INFO - DAG(s) 'example_params_trigger_ui' retrieved from /home/airflow/.local/lib/python3.12/site-packages/airflow/example_dags/example_params_trigger_ui.py
[2026-08-06T05:39:11.987+0000] {logging_mixin.py:190} INFO - [2026-08-06T05:39:11.987+0000] {dag.py:3239} INFO - Sync 1 DAGs
[2026-08-06T05:39:12.014+0000] {logging_mixin.py:190} INFO - [2026-08-06T05:39:12.014+0000] {dag.py:4180} INFO - Setting next_dagrun for example_params_trigger_ui to None, run_after=None
[2026-08-06T05:39:12.098+0000] {processor.py:208} INFO - Processing /home/airflow/.local/lib/python3.12/site-packages/airflow/example_dags/example_params_trigger_ui.py took 0.207 seconds
[2026-08-06T05:39:45.533+0000] {processor.py:186} INFO - Started process (PID=441) to work on /home/airflow/.local/lib/python3.12/site-packages/airflow/example_dags/example_params_trigger_ui.py
[2026-08-06T05:39:45.537+0000] {processor.py:914} INFO - Processing file /home/airflow/.local/lib/python3.12/site-packages/airflow/example_dags/example_params_trigger_ui.py for tasks to queue
[2026-08-06T05:39:45.551+0000] {logging_mixin.py:190} INFO - [2026-08-06T05:39:45.550+0000] {dagbag.py:588} INFO - Filling up the DagBag from /home/airflow/.local/lib/python3.12/site-packages/airflow/example_dags/example_params_trigger_ui.py
[2026-08-06T05:39:45.577+0000] {processor.py:925} INFO - DAG(s) 'example_params_trigger_ui' retrieved from /home/airflow/.local/lib/python3.12/site-packages/airflow/example_dags/example_params_trigger_ui.py
[2026-08-06T05:39:45.652+0000] {logging_mixin.py:190} INFO - [2026-08-06T05:39:45.652+0000] {dag.py:3239} INFO - Sync 1 DAGs
[2026-08-06T05:39:45.683+0000] {logging_mixin.py:190} INFO - [2026-08-06T05:39:45.682+0000] {dag.py:4180} INFO - Setting next_dagrun for example_params_trigger_ui to None, run_after=None
[2026-08-06T05:39:45.720+0000] {processor.py:208} INFO - Processing /home/airflow/.local/lib/python3.12/site-packages/airflow/example_dags/example_params_trigger_ui.py took 0.197 seconds
[2026-08-06T05:40:16.528+0000] {processor.py:186} INFO - Started process (PID=505) to work on /home/airflow/.local/lib/python3.12/site-packages/airflow/example_dags/example_params_trigger_ui.py
[2026-08-06T05:40:16.530+0000] {processor.py:914} INFO - Processing file /home/airflow/.local/lib/python3.12/site-packages/airflow/example_dags/example_params_trigger_ui.py for tasks to queue
[2026-08-06T05:40:16.534+0000] {logging_mixin.py:190} INFO - [2026-08-06T05:40:16.533+0000] {dagbag.py:588} INFO - Filling up the DagBag from /home/airflow/.local/lib/python3.12/site-packages/airflow/example_dags/example_params_trigger_ui.py
[2026-08-06T05:40:16.564+0000] {processor.py:925} INFO - DAG(s) 'example_params_trigger_ui' retrieved from /home/airflow/.local/lib/python3.12/site-packages/airflow/example_dags/example_params_trigger_ui.py
[2026-08-06T05:40:16.665+0000] {logging_mixin.py:190} INFO - [2026-08-06T05:40:16.664+0000] {dag.py:3239} INFO - Sync 1 DAGs
[2026-08-06T05:40:16.689+0000] {logging_mixin.py:190} INFO - [2026-08-06T05:40:16.689+0000] {dag.py:4180} INFO - Setting next_dagrun for example_params_trigger_ui to None, run_after=None
[2026-08-06T05:40:16.741+0000] {processor.py:208} INFO - Processing /home/airflow/.local/lib/python3.12/site-packages/airflow/example_dags/example_params_trigger_ui.py took 0.224 seconds
[2026-08-06T05:40:47.972+0000] {processor.py:186} INFO - Started process (PID=569) to work on /home/airflow/.local/lib/python3.12/site-packages/airflow/example_dags/example_params_trigger_ui.py
[2026-08-06T05:40:47.974+0000] {processor.py:914} INFO - Processing file /home/airflow/.local/lib/python3.12/site-packages/airflow/example_dags/example_params_trigger_ui.py for tasks to queue
[2026-08-06T05:40:47.980+0000] {logging_mixin.py:190} INFO - [2026-08-06T05:40:47.979+0000] {dagbag.py:588} INFO - Filling up the DagBag from /home/airflow/.local/lib/python3.12/site-packages/airflow/example_dags/example_params_trigger_ui.py
[2026-08-06T05:40:47.997+0000] {processor.py:925} INFO - DAG(s) 'example_params_trigger_ui' retrieved from /home/airflow/.local/lib/python3.12/site-packages/airflow/example_dags/example_params_trigger_ui.py
[2026-08-06T05:40:48.086+0000] {logging_mixin.py:190} INFO - [2026-08-06T05:40:48.085+0000] {dag.py:3239} INFO - Sync 1 DAGs
[2026-08-06T05:40:48.110+0000] {logging_mixin.py:190} INFO - [2026-08-06T05:40:48.109+0000] {dag.py:4180} INFO - Setting next_dagrun for example_params_trigger_ui to None, run_after=None
[2026-08-06T05:40:48.164+0000] {processor.py:208} INFO - Processing /home/airflow/.local/lib/python3.12/site-packages/airflow/example_dags/example_params_trigger_ui.py took 0.199 seconds
[2026-08-06T05:41:19.304+0000] {processor.py:186} INFO - Started process (PID=632) to work on /home/airflow/.local/lib/python3.12/site-packages/airflow/example_dags/example_params_trigger_ui.py
[2026-08-06T05:41:19.308+0000] {processor.py:914} INFO - Processing file /home/airflow/.local/lib/python3.12/site-packages/airflow/example_dags/example_params_trigger_ui.py for tasks to queue
[2026-08-06T05:41:19.315+0000] {logging_mixin.py:190} INFO - [2026-08-06T05:41:19.314+0000] {dagbag.py:588} INFO - Filling up the DagBag from /home/airflow/.local/lib/python3.12/site-packages/airflow/example_dags/example_params_trigger_ui.py
[2026-08-06T05:41:19.350+0000] {processor.py:925} INFO - DAG(s) 'example_params_trigger_ui' retrieved from /home/airflow/.local/lib/python3.12/site-packages/airflow/example_dags/example_params_trigger_ui.py
[2026-08-06T05:41:19.417+0000] {logging_mixin.py:190} INFO - [2026-08-06T05:41:19.417+0000] {dag.py:3239} INFO - Sync 1 DAGs
[2026-08-06T05:41:19.438+0000] {logging_mixin.py:190} INFO - [2026-08-06T05:41:19.438+0000] {dag.py:4180} INFO - Setting next_dagrun for example_params_trigger_ui to None, run_after=None
[2026-08-06T05:41:19.514+0000] {processor.py:208} INFO - Processing /home/airflow/.local/lib/python3.12/site-packages/airflow/example_dags/example_params_trigger_ui.py took 0.233 seconds
[2026-08-06T05:41:50.327+0000] {processor.py:186} INFO - Started process (PID=696) to work on /home/airflow/.local/lib/python3.12/site-packages/airflow/example_dags/example_params_trigger_ui.py
[2026-08-06T05:41:50.329+0000] {processor.py:914} INFO - Processing file /home/airflow/.local/lib/python3.12/site-packages/airflow/example_dags/example_params_trigger_ui.py for tasks to queue
[2026-08-06T05:41:50.333+0000] {logging_mixin.py:190} INFO - [2026-08-06T05:41:50.332+0000] {dagbag.py:588} INFO - Filling up the DagBag from /home/airflow/.local/lib/python3.12/site-packages/airflow/example_dags/example_params_trigger_ui.py
[2026-08-06T05:41:50.345+0000] {processor.py:925} INFO - DAG(s) 'example_params_trigger_ui' retrieved from /home/airflow/.local/lib/python3.12/site-packages/airflow/example_dags/example_params_trigger_ui.py
[2026-08-06T05:41:50.439+0000] {logging_mixin.py:190} INFO - [2026-08-06T05:41:50.438+0000] {dag.py:3239} INFO - Sync 1 DAGs
[2026-08-06T05:41:50.465+0000] {logging_mixin.py:190} INFO - [2026-08-06T05:41:50.465+0000] {dag.py:4180} INFO - Setting next_dagrun for example_params_trigger_ui to None, run_after=None
[2026-08-06T05:41:50.504+0000] {processor.py:208} INFO - Processing /home/airflow/.local/lib/python3.12/site-packages/airflow/example_dags/example_params_trigger_ui.py took 0.184 seconds
[2026-08-06T05:42:20.713+0000] {processor.py:186} INFO - Started process (PID=760) to work on /home/airflow/.local/lib/python3.12/site-packages/airflow/example_dags/example_params_trigger_ui.py
[2026-08-06T05:42:20.716+0000] {processor.py:914} INFO - Processing file /home/airflow/.local/lib/python3.12/site-packages/airflow/example_dags/example_params_trigger_ui.py for tasks to queue
[2026-08-06T05:42:20.720+0000] {logging_mixin.py:190} INFO - [2026-08-06T05:42:20.719+0000] {dagbag.py:588} INFO - Filling up the DagBag from /home/airflow/.local/lib/python3.12/site-packages/airflow/example_dags/example_params_trigger_ui.py
[2026-08-06T05:42:20.741+0000] {processor.py:925} INFO - DAG(s) 'example_params_trigger_ui' retrieved from /home/airflow/.local/lib/python3.12/site-packages/airflow/example_dags/example_params_trigger_ui.py
[2026-08-06T05:42:20.806+0000] {logging_mixin.py:190} INFO - [2026-08-06T05:42:20.806+0000] {dag.py:3239} INFO - Sync 1 DAGs
[2026-08-06T05:42:20.837+0000] {logging_mixin.py:190} INFO - [2026-08-06T05:42:20.836+0000] {dag.py:4180} INFO - Setting next_dagrun for example_params_trigger_ui to None, run_after=None
[2026-08-06T05:42:20.887+0000] {processor.py:208} INFO - Processing /home/airflow/.local/lib/python3.12/site-packages/airflow/example_dags/example_params_trigger_ui.py took 0.184 seconds
[2026-08-06T05:42:54.840+0000] {processor.py:186} INFO - Started process (PID=830) to work on /home/airflow/.local/lib/python3.12/site-packages/airflow/example_dags/example_params_trigger_ui.py
[2026-08-06T05:42:54.842+0000] {processor.py:914} INFO - Processing file /home/airflow/.local/lib/python3.12/site-packages/airflow/example_dags/example_params_trigger_ui.py for tasks to queue
[2026-08-06T05:42:54.846+0000] {logging_mixin.py:190} INFO - [2026-08-06T05:42:54.846+0000] {dagbag.py:588} INFO - Filling up the DagBag from /home/airflow/.local/lib/python3.12/site-packages/airflow/example_dags/example_params_trigger_ui.py
[2026-08-06T05:42:54.867+0000] {processor.py:925} INFO - DAG(s) 'example_params_trigger_ui' retrieved from /home/airflow/.local/lib/python3.12/site-packages/airflow/example_dags/example_params_trigger_ui.py
[2026-08-06T05:42:54.934+0000] {logging_mixin.py:190} INFO - [2026-08-06T05:42:54.934+0000] {dag.py:3239} INFO - Sync 1 DAGs
[2026-08-06T05:42:54.959+0000] {logging_mixin.py:190} INFO - [2026-08-06T05:42:54.958+0000] {dag.py:4180} INFO - Setting next_dagrun for example_params_trigger_ui to None, run_after=None
[2026-08-06T05:42:55.032+0000] {processor.py:208} INFO - Processing /home/airflow/.local/lib/python3.12/site-packages/airflow/example_dags/example_params_trigger_ui.py took 0.203 seconds
[2026-08-06T05:43:25.625+0000] {processor.py:186} INFO - Started process (PID=894) to work on /home/airflow/.local/lib/python3.12/site-packages/airflow/example_dags/example_params_trigger_ui.py
[2026-08-06T05:43:25.626+0000] {processor.py:914} INFO - Processing file /home/airflow/.local/lib/python3.12/site-packages/airflow/example_dags/example_params_trigger_ui.py for tasks to queue
[2026-08-06T05:43:25.631+0000] {logging_mixin.py:190} INFO - [2026-08-06T05:43:25.630+0000] {dagbag.py:588} INFO - Filling up the DagBag from /home/airflow/.local/lib/python3.12/site-packages/airflow/example_dags/example_params_trigger_ui.py
[2026-08-06T05:43:25.651+0000] {processor.py:925} INFO - DAG(s) 'example_params_trigger_ui' retrieved from /home/airflow/.local/lib/python3.12/site-packages/airflow/example_dags/example_params_trigger_ui.py
[2026-08-06T05:43:25.726+0000] {logging_mixin.py:190} INFO - [2026-08-06T05:43:25.725+0000] {dag.py:3239} INFO - Sync 1 DAGs
[2026-08-06T05:43:25.757+0000] {logging_mixin.py:190} INFO - [2026-08-06T05:43:25.757+0000] {dag.py:4180} INFO - Setting next_dagrun for example_params_trigger_ui to None, run_after=None
[2026-08-06T05:43:25.793+0000] {processor.py:208} INFO - Processing /home/airflow/.local/lib/python3.12/site-packages/airflow/example_dags/example_params_trigger_ui.py took 0.177 seconds
[2026-08-06T05:43:56.994+0000] {processor.py:186} INFO - Started process (PID=973) to work on /home/airflow/.local/lib/python3.12/site-packages/airflow/example_dags/example_params_trigger_ui.py
[2026-08-06T05:43:56.997+0000] {processor.py:914} INFO - Processing file /home/airflow/.local/lib/python3.12/site-packages/airflow/example_dags/example_params_trigger_ui.py for tasks to queue
[2026-08-06T05:43:57.003+0000] {logging_mixin.py:190} INFO - [2026-08-06T05:43:57.002+0000] {dagbag.py:588} INFO - Filling up the DagBag from /home/airflow/.local/lib/python3.12/site-packages/airflow/example_dags/example_params_trigger_ui.py
[2026-08-06T05:43:57.033+0000] {processor.py:925} INFO - DAG(s) 'example_params_trigger_ui' retrieved from /home/airflow/.local/lib/python3.12/site-packages/airflow/example_dags/example_params_trigger_ui.py
[2026-08-06T05:43:57.145+0000] {logging_mixin.py:190} INFO - [2026-08-06T05:43:57.144+0000] {dag.py:3239} INFO - Sync 1 DAGs
[2026-08-06T05:43:57.183+0000] {logging_mixin.py:190} INFO - [2026-08-06T05:43:57.182+0000] {dag.py:4180} INFO - Setting next_dagrun for example_params_trigger_ui to None, run_after=None
[2026-08-06T05:43:57.241+0000] {processor.py:208} INFO - Processing /home/airflow/.local/lib/python3.12/site-packages/airflow/example_dags/example_params_trigger_ui.py took 0.261 seconds
[2026-08-06T05:44:28.417+0000] {processor.py:186} INFO - Started process (PID=1037) to work on /home/airflow/.local/lib/python3.12/site-packages/airflow/example_dags/example_params_trigger_ui.py
[2026-08-06T05:44:28.420+0000] {processor.py:914} INFO - Processing file /home/airflow/.local/lib/python3.12/site-packages/airflow/example_dags/example_params_trigger_ui.py for tasks to queue
[2026-08-06T05:44:28.426+0000] {logging_mixin.py:190} INFO - [2026-08-06T05:44:28.426+0000] {dagbag.py:588} INFO - Filling up the DagBag from /home/airflow/.local/lib/python3.12/site-packages/airflow/example_dags/example_params_trigger_ui.py
[2026-08-06T05:44:28.452+0000] {processor.py:925} INFO - DAG(s) 'example_params_trigger_ui' retrieved from /home/airflow/.local/lib/python3.12/site-packages/airflow/example_dags/example_params_trigger_ui.py
[2026-08-06T05:44:28.540+0000] {logging_mixin.py:190} INFO - [2026-08-06T05:44:28.540+0000] {dag.py:3239} INFO - Sync 1 DAGs
[2026-08-06T05:44:28.573+0000] {logging_mixin.py:190} INFO - [2026-08-06T05:44:28.573+0000] {dag.py:4180} INFO - Setting next_dagrun for example_params_trigger_ui to None, run_after=None
[2026-08-06T05:44:28.623+0000] {processor.py:208} INFO - Processing /home/airflow/.local/lib/python3.12/site-packages/airflow/example_dags/example_params_trigger_ui.py took 0.220 seconds
[2026-08-06T05:45:00.180+0000] {processor.py:186} INFO - Started process (PID=1100) to work on /home/airflow/.local/lib/python3.12/site-packages/airflow/example_dags/example_params_trigger_ui.py
[2026-08-06T05:45:00.182+0000] {processor.py:914} INFO - Processing file /home/airflow/.local/lib/python3.12/site-packages/airflow/example_dags/example_params_trigger_ui.py for tasks to queue
[2026-08-06T05:45:00.187+0000] {logging_mixin.py:190} INFO - [2026-08-06T05:45:00.186+0000] {dagbag.py:588} INFO - Filling up the DagBag from /home/airflow/.local/lib/python3.12/site-packages/airflow/example_dags/example_params_trigger_ui.py
[2026-08-06T05:45:00.214+0000] {processor.py:925} INFO - DAG(s) 'example_params_trigger_ui' retrieved from /home/airflow/.local/lib/python3.12/site-packages/airflow/example_dags/example_params_trigger_ui.py
[2026-08-06T05:45:00.286+0000] {logging_mixin.py:190} INFO - [2026-08-06T05:45:00.286+0000] {dag.py:3239} INFO - Sync 1 DAGs
[2026-08-06T05:45:00.316+0000] {logging_mixin.py:190} INFO - [2026-08-06T05:45:00.315+0000] {dag.py:4180} INFO - Setting next_dagrun for example_params_trigger_ui to None, run_after=None
[2026-08-06T05:45:00.354+0000] {processor.py:208} INFO - Processing /home/airflow/.local/lib/python3.12/site-packages/airflow/example_dags/example_params_trigger_ui.py took 0.186 seconds
[2026-08-06T05:45:32.189+0000] {processor.py:186} INFO - Started process (PID=1164) to work on /home/airflow/.local/lib/python3.12/site-packages/airflow/example_dags/example_params_trigger_ui.py
[2026-08-06T05:45:32.249+0000] {processor.py:914} INFO - Processing file /home/airflow/.local/lib/python3.12/site-packages/airflow/example_dags/example_params_trigger_ui.py for tasks to queue
[2026-08-06T05:45:32.266+0000] {logging_mixin.py:190} INFO - [2026-08-06T05:45:32.264+0000] {dagbag.py:588} INFO - Filling up the DagBag from /home/airflow/.local/lib/python3.12/site-packages/airflow/example_dags/example_params_trigger_ui.py
[2026-08-06T05:45:32.308+0000] {processor.py:925} INFO - DAG(s) 'example_params_trigger_ui' retrieved from /home/airflow/.local/lib/python3.12/site-packages/airflow/example_dags/example_params_trigger_ui.py
[2026-08-06T05:45:32.405+0000] {logging_mixin.py:190} INFO - [2026-08-06T05:45:32.404+0000] {dag.py:3239} INFO - Sync 1 DAGs
[2026-08-06T05:45:32.426+0000] {logging_mixin.py:190} INFO - [2026-08-06T05:45:32.426+0000] {dag.py:4180} INFO - Setting next_dagrun for example_params_trigger_ui to None, run_after=None
[2026-08-06T05:45:32.461+0000] {processor.py:208} INFO - Processing /home/airflow/.local/lib/python3.12/site-packages/airflow/example_dags/example_params_trigger_ui.py took 0.294 seconds
[2026-08-06T05:46:03.497+0000] {processor.py:186} INFO - Started process (PID=1228) to work on /home/airflow/.local/lib/python3.12/site-packages/airflow/example_dags/example_params_trigger_ui.py
[2026-08-06T05:46:03.501+0000] {processor.py:914} INFO - Processing file /home/airflow/.local/lib/python3.12/site-packages/airflow/example_dags/example_params_trigger_ui.py for tasks to queue
[2026-08-06T05:46:03.510+0000] {logging_mixin.py:190} INFO - [2026-08-06T05:46:03.508+0000] {dagbag.py:588} INFO - Filling up the DagBag from /home/airflow/.local/lib/python3.12/site-packages/airflow/example_dags/example_params_trigger_ui.py
[2026-08-06T05:46:03.558+0000] {processor.py:925} INFO - DAG(s) 'example_params_trigger_ui' retrieved from /home/airflow/.local/lib/python3.12/site-packages/airflow/example_dags/example_params_trigger_ui.py
[2026-08-06T05:46:03.680+0000] {logging_mixin.py:190} INFO - [2026-08-06T05:46:03.679+0000] {dag.py:3239} INFO - Sync 1 DAGs
[2026-08-06T05:46:03.705+0000] {logging_mixin.py:190} INFO - [2026-08-06T05:46:03.705+0000] {dag.py:4180} INFO - Setting next_dagrun for example_params_trigger_ui to None, run_after=None
[2026-08-06T05:46:03.795+0000] {processor.py:208} INFO - Processing /home/airflow/.local/lib/python3.12/site-packages/airflow/example_dags/example_params_trigger_ui.py took 0.314 seconds
[2026-08-06T05:46:35.259+0000] {processor.py:186} INFO - Started process (PID=1292) to work on /home/airflow/.local/lib/python3.12/site-packages/airflow/example_dags/example_params_trigger_ui.py
[2026-08-06T05:46:35.261+0000] {processor.py:914} INFO - Processing file /home/airflow/.local/lib/python3.12/site-packages/airflow/example_dags/example_params_trigger_ui.py for tasks to queue
[2026-08-06T05:46:35.265+0000] {logging_mixin.py:190} INFO - [2026-08-06T05:46:35.264+0000] {dagbag.py:588} INFO - Filling up the DagBag from /home/airflow/.local/lib/python3.12/site-packages/airflow/example_dags/example_params_trigger_ui.py
[2026-08-06T05:46:35.283+0000] {processor.py:925} INFO - DAG(s) 'example_params_trigger_ui' retrieved from /home/airflow/.local/lib/python3.12/site-packages/airflow/example_dags/example_params_trigger_ui.py
[2026-08-06T05:46:35.353+0000] {logging_mixin.py:190} INFO - [2026-08-06T05:46:35.353+0000] {dag.py:3239} INFO - Sync 1 DAGs
[2026-08-06T05:46:35.373+0000] {logging_mixin.py:190} INFO - [2026-08-06T05:46:35.373+0000] {dag.py:4180} INFO - Setting next_dagrun for example_params_trigger_ui to None, run_after=None
[2026-08-06T05:46:35.419+0000] {processor.py:208} INFO - Processing /home/airflow/.local/lib/python3.12/site-packages/airflow/example_dags/example_params_trigger_ui.py took 0.169 seconds
[2026-08-06T05:47:07.095+0000] {processor.py:186} INFO - Started process (PID=1356) to work on /home/airflow/.local/lib/python3.12/site-packages/airflow/example_dags/example_params_trigger_ui.py
[2026-08-06T05:47:07.097+0000] {processor.py:914} INFO - Processing file /home/airflow/.local/lib/python3.12/site-packages/airflow/example_dags/example_params_trigger_ui.py for tasks to queue
[2026-08-06T05:47:07.105+0000] {logging_mixin.py:190} INFO - [2026-08-06T05:47:07.105+0000] {dagbag.py:588} INFO - Filling up the DagBag from /home/airflow/.local/lib/python3.12/site-packages/airflow/example_dags/example_params_trigger_ui.py
[2026-08-06T05:47:07.127+0000] {processor.py:925} INFO - DAG(s) 'example_params_trigger_ui' retrieved from /home/airflow/.local/lib/python3.12/site-packages/airflow/example_dags/example_params_trigger_ui.py
[2026-08-06T05:47:07.196+0000] {logging_mixin.py:190} INFO - [2026-08-06T05:47:07.196+0000] {dag.py:3239} INFO - Sync 1 DAGs
[2026-08-06T05:47:07.221+0000] {logging_mixin.py:190} INFO - [2026-08-06T05:47:07.221+0000] {dag.py:4180} INFO - Setting next_dagrun for example_params_trigger_ui to None, run_after=None
[2026-08-06T05:47:07.263+0000] {processor.py:208} INFO - Processing /home/airflow/.local/lib/python3.12/site-packages/airflow/example_dags/example_params_trigger_ui.py took 0.182 seconds
[2026-08-06T05:47:38.147+0000] {processor.py:186} INFO - Started process (PID=1420) to work on /home/airflow/.local/lib/python3.12/site-packages/airflow/example_dags/example_params_trigger_ui.py
[2026-08-06T05:47:38.152+0000] {processor.py:914} INFO - Processing file /home/airflow/.local/lib/python3.12/site-packages/airflow/example_dags/example_params_trigger_ui.py for tasks to queue
[2026-08-06T05:47:38.156+0000] {logging_mixin.py:190} INFO - [2026-08-06T05:47:38.156+0000] {dagbag.py:588} INFO - Filling up the DagBag from /home/airflow/.local/lib/python3.12/site-packages/airflow/example_dags/example_params_trigger_ui.py
[2026-08-06T05:47:38.177+0000] {processor.py:925} INFO - DAG(s) 'example_params_trigger_ui' retrieved from /home/airflow/.local/lib/python3.12/site-packages/airflow/example_dags/example_params_trigger_ui.py
[2026-08-06T05:47:38.250+0000] {logging_mixin.py:190} INFO - [2026-08-06T05:47:38.249+0000] {dag.py:3239} INFO - Sync 1 DAGs
[2026-08-06T05:47:38.271+0000] {logging_mixin.py:190} INFO - [2026-08-06T05:47:38.271+0000] {dag.py:4180} INFO - Setting next_dagrun for example_params_trigger_ui to None, run_after=None
[2026-08-06T05:47:38.312+0000] {processor.py:208} INFO - Processing /home/airflow/.local/lib/python3.12/site-packages/airflow/example_dags/example_params_trigger_ui.py took 0.174 seconds
[2026-08-06T05:48:08.782+0000] {processor.py:186} INFO - Started process (PID=1484) to work on /home/airflow/.local/lib/python3.12/site-packages/airflow/example_dags/example_params_trigger_ui.py
[2026-08-06T05:48:08.784+0000] {processor.py:914} INFO - Processing file /home/airflow/.local/lib/python3.12/site-packages/airflow/example_dags/example_params_trigger_ui.py for tasks to queue
[2026-08-06T05:48:08.788+0000] {logging_mixin.py:190} INFO - [2026-08-06T05:48:08.788+0000] {dagbag.py:588} INFO - Filling up the DagBag from /home/airflow/.local/lib/python3.12/site-packages/airflow/example_dags/example_params_trigger_ui.py
[2026-08-06T05:48:08.810+0000] {processor.py:925} INFO - DAG(s) 'example_params_trigger_ui' retrieved from /home/airflow/.local/lib/python3.12/site-packages/airflow/example_dags/example_params_trigger_ui.py
[2026-08-06T05:48:08.889+0000] {logging_mixin.py:190} INFO - [2026-08-06T05:48:08.889+0000] {dag.py:3239} INFO - Sync 1 DAGs
[2026-08-06T05:48:08.921+0000] {logging_mixin.py:190} INFO - [2026-08-06T05:48:08.920+0000] {dag.py:4180} INFO - Setting next_dagrun for example_params_trigger_ui to None, run_after=None
[2026-08-06T05:48:08.986+0000] {processor.py:208} INFO - Processing /home/airflow/.local/lib/python3.12/site-packages/airflow/example_dags/example_params_trigger_ui.py took 0.213 seconds
[2026-08-06T05:48:41.079+0000] {processor.py:186} INFO - Started process (PID=1548) to work on /home/airflow/.local/lib/python3.12/site-packages/airflow/example_dags/example_params_trigger_ui.py
[2026-08-06T05:48:41.081+0000] {processor.py:914} INFO - Processing file /home/airflow/.local/lib/python3.12/site-packages/airflow/example_dags/example_params_trigger_ui.py for tasks to queue
[2026-08-06T05:48:41.085+0000] {logging_mixin.py:190} INFO - [2026-08-06T05:48:41.085+0000] {dagbag.py:588} INFO - Filling up the DagBag from /home/airflow/.local/lib/python3.12/site-packages/airflow/example_dags/example_params_trigger_ui.py
[2026-08-06T05:48:41.106+0000] {processor.py:925} INFO - DAG(s) 'example_params_trigger_ui' retrieved from /home/airflow/.local/lib/python3.12/site-packages/airflow/example_dags/example_params_trigger_ui.py
[2026-08-06T05:48:41.175+0000] {logging_mixin.py:190} INFO - [2026-08-06T05:48:41.175+0000] {dag.py:3239} INFO - Sync 1 DAGs
[2026-08-06T05:48:41.198+0000] {logging_mixin.py:190} INFO - [2026-08-06T05:48:41.197+0000] {dag.py:4180} INFO - Setting next_dagrun for example_params_trigger_ui to None, run_after=None
[2026-08-06T05:48:41.266+0000] {processor.py:208} INFO - Processing /home/airflow/.local/lib/python3.12/site-packages/airflow/example_dags/example_params_trigger_ui.py took 0.197 seconds
[2026-08-06T05:49:11.942+0000] {processor.py:186} INFO - Started process (PID=1627) to work on /home/airflow/.local/lib/python3.12/site-packages/airflow/example_dags/example_params_trigger_ui.py
[2026-08-06T05:49:11.945+0000] {processor.py:914} INFO - Processing file /home/airflow/.local/lib/python3.12/site-packages/airflow/example_dags/example_params_trigger_ui.py for tasks to queue
[2026-08-06T05:49:11.949+0000] {logging_mixin.py:190} INFO - [2026-08-06T05:49:11.948+0000] {dagbag.py:588} INFO - Filling up the DagBag from /home/airflow/.local/lib/python3.12/site-packages/airflow/example_dags/example_params_trigger_ui.py
[2026-08-06T05:49:11.969+0000] {processor.py:925} INFO - DAG(s) 'example_params_trigger_ui' retrieved from /home/airflow/.local/lib/python3.12/site-packages/airflow/example_dags/example_params_trigger_ui.py
[2026-08-06T05:49:12.040+0000] {logging_mixin.py:190} INFO - [2026-08-06T05:49:12.039+0000] {dag.py:3239} INFO - Sync 1 DAGs
[2026-08-06T05:49:12.074+0000] {logging_mixin.py:190} INFO - [2026-08-06T05:49:12.073+0000] {dag.py:4180} INFO - Setting next_dagrun for example_params_trigger_ui to None, run_after=None
[2026-08-06T05:49:12.109+0000] {processor.py:208} INFO - Processing /home/airflow/.local/lib/python3.12/site-packages/airflow/example_dags/example_params_trigger_ui.py took 0.177 seconds
[2026-08-06T05:49:43.565+0000] {processor.py:186} INFO - Started process (PID=1691) to work on /home/airflow/.local/lib/python3.12/site-packages/airflow/example_dags/example_params_trigger_ui.py
[2026-08-06T05:49:43.568+0000] {processor.py:914} INFO - Processing file /home/airflow/.local/lib/python3.12/site-packages/airflow/example_dags/example_params_trigger_ui.py for tasks to queue
[2026-08-06T05:49:43.573+0000] {logging_mixin.py:190} INFO - [2026-08-06T05:49:43.572+0000] {dagbag.py:588} INFO - Filling up the DagBag from /home/airflow/.local/lib/python3.12/site-packages/airflow/example_dags/example_params_trigger_ui.py
[2026-08-06T05:49:43.601+0000] {processor.py:925} INFO - DAG(s) 'example_params_trigger_ui' retrieved from /home/airflow/.local/lib/python3.12/site-packages/airflow/example_dags/example_params_trigger_ui.py
[2026-08-06T05:49:43.675+0000] {logging_mixin.py:190} INFO - [2026-08-06T05:49:43.675+0000] {dag.py:3239} INFO - Sync 1 DAGs
[2026-08-06T05:49:43.716+0000] {logging_mixin.py:190} INFO - [2026-08-06T05:49:43.715+0000] {dag.py:4180} INFO - Setting next_dagrun for example_params_trigger_ui to None, run_after=None
[2026-08-06T05:49:43.803+0000] {processor.py:208} INFO - Processing /home/airflow/.local/lib/python3.12/site-packages/airflow/example_dags/example_params_trigger_ui.py took 0.256 seconds
[2026-08-06T05:50:13.923+0000] {processor.py:186} INFO - Started process (PID=1754) to work on /home/airflow/.local/lib/python3.12/site-packages/airflow/example_dags/example_params_trigger_ui.py
[2026-08-06T05:50:13.925+0000] {processor.py:914} INFO - Processing file /home/airflow/.local/lib/python3.12/site-packages/airflow/example_dags/example_params_trigger_ui.py for tasks to queue
[2026-08-06T05:50:13.929+0000] {logging_mixin.py:190} INFO - [2026-08-06T05:50:13.928+0000] {dagbag.py:588} INFO - Filling up the DagBag from /home/airflow/.local/lib/python3.12/site-packages/airflow/example_dags/example_params_trigger_ui.py
[2026-08-06T05:50:13.954+0000] {processor.py:925} INFO - DAG(s) 'example_params_trigger_ui' retrieved from /home/airflow/.local/lib/python3.12/site-packages/airflow/example_dags/example_params_trigger_ui.py
[2026-08-06T05:50:14.012+0000] {logging_mixin.py:190} INFO - [2026-08-06T05:50:14.012+0000] {dag.py:3239} INFO - Sync 1 DAGs
[2026-08-06T05:50:14.045+0000] {logging_mixin.py:190} INFO - [2026-08-06T05:50:14.044+0000] {dag.py:4180} INFO - Setting next_dagrun for example_params_trigger_ui to None, run_after=None
[2026-08-06T05:50:14.169+0000] {processor.py:208} INFO - Processing /home/airflow/.local/lib/python3.12/site-packages/airflow/example_dags/example_params_trigger_ui.py took 0.257 seconds
[2026-08-06T05:50:45.356+0000] {processor.py:186} INFO - Started process (PID=1818) to work on /home/airflow/.local/lib/python3.12/site-packages/airflow/example_dags/example_params_trigger_ui.py
[2026-08-06T05:50:45.358+0000] {processor.py:914} INFO - Processing file /home/airflow/.local/lib/python3.12/site-packages/airflow/example_dags/example_params_trigger_ui.py for tasks to queue
[2026-08-06T05:50:45.363+0000] {logging_mixin.py:190} INFO - [2026-08-06T05:50:45.362+0000] {dagbag.py:588} INFO - Filling up the DagBag from /home/airflow/.local/lib/python3.12/site-packages/airflow/example_dags/example_params_trigger_ui.py
[2026-08-06T05:50:45.383+0000] {processor.py:925} INFO - DAG(s) 'example_params_trigger_ui' retrieved from /home/airflow/.local/lib/python3.12/site-packages/airflow/example_dags/example_params_trigger_ui.py
[2026-08-06T05:50:45.445+0000] {logging_mixin.py:190} INFO - [2026-08-06T05:50:45.445+0000] {dag.py:3239} INFO - Sync 1 DAGs
[2026-08-06T05:50:45.469+0000] {logging_mixin.py:190} INFO - [2026-08-06T05:50:45.469+0000] {dag.py:4180} INFO - Setting next_dagrun for example_params_trigger_ui to None, run_after=None
[2026-08-06T05:50:45.536+0000] {processor.py:208} INFO - Processing /home/airflow/.local/lib/python3.12/site-packages/airflow/example_dags/example_params_trigger_ui.py took 0.193 seconds
[2026-08-06T05:51:15.896+0000] {processor.py:186} INFO - Started process (PID=1882) to work on /home/airflow/.local/lib/python3.12/site-packages/airflow/example_dags/example_params_trigger_ui.py
[2026-08-06T05:51:15.898+0000] {processor.py:914} INFO - Processing file /home/airflow/.local/lib/python3.12/site-packages/airflow/example_dags/example_params_trigger_ui.py for tasks to queue
[2026-08-06T05:51:15.902+0000] {logging_mixin.py:190} INFO - [2026-08-06T05:51:15.901+0000] {dagbag.py:588} INFO - Filling up the DagBag from /home/airflow/.local/lib/python3.12/site-packages/airflow/example_dags/example_params_trigger_ui.py
[2026-08-06T05:51:15.924+0000] {processor.py:925} INFO - DAG(s) 'example_params_trigger_ui' retrieved from /home/airflow/.local/lib/python3.12/site-packages/airflow/example_dags/example_params_trigger_ui.py
[2026-08-06T05:51:15.995+0000] {logging_mixin.py:190} INFO - [2026-08-06T05:51:15.993+0000] {dag.py:3239} INFO - Sync 1 DAGs
[2026-08-06T05:51:16.022+0000] {logging_mixin.py:190} INFO - [2026-08-06T05:51:16.021+0000] {dag.py:4180} INFO - Setting next_dagrun for example_params_trigger_ui to None, run_after=None
[2026-08-06T05:51:16.069+0000] {processor.py:208} INFO - Processing /home/airflow/.local/lib/python3.12/site-packages/airflow/example_dags/example_params_trigger_ui.py took 0.186 seconds
[2026-08-06T05:51:46.576+0000] {processor.py:186} INFO - Started process (PID=1945) to work on /home/airflow/.local/lib/python3.12/site-packages/airflow/example_dags/example_params_trigger_ui.py
[2026-08-06T05:51:46.578+0000] {processor.py:914} INFO - Processing file /home/airflow/.local/lib/python3.12/site-packages/airflow/example_dags/example_params_trigger_ui.py for tasks to queue
[2026-08-06T05:51:46.583+0000] {logging_mixin.py:190} INFO - [2026-08-06T05:51:46.583+0000] {dagbag.py:588} INFO - Filling up the DagBag from /home/airflow/.local/lib/python3.12/site-packages/airflow/example_dags/example_params_trigger_ui.py
[2026-08-06T05:51:46.605+0000] {processor.py:925} INFO - DAG(s) 'example_params_trigger_ui' retrieved from /home/airflow/.local/lib/python3.12/site-packages/airflow/example_dags/example_params_trigger_ui.py
[2026-08-06T05:51:46.663+0000] {logging_mixin.py:190} INFO - [2026-08-06T05:51:46.663+0000] {dag.py:3239} INFO - Sync 1 DAGs
[2026-08-06T05:51:46.683+0000] {logging_mixin.py:190} INFO - [2026-08-06T05:51:46.683+0000] {dag.py:4180} INFO - Setting next_dagrun for example_params_trigger_ui to None, run_after=None
[2026-08-06T05:51:46.718+0000] {processor.py:208} INFO - Processing /home/airflow/.local/lib/python3.12/site-packages/airflow/example_dags/example_params_trigger_ui.py took 0.149 seconds
[2026-08-06T05:52:16.850+0000] {processor.py:186} INFO - Started process (PID=2009) to work on /home/airflow/.local/lib/python3.12/site-packages/airflow/example_dags/example_params_trigger_ui.py
[2026-08-06T05:52:16.852+0000] {processor.py:914} INFO - Processing file /home/airflow/.local/lib/python3.12/site-packages/airflow/example_dags/example_params_trigger_ui.py for tasks to queue
[2026-08-06T05:52:16.854+0000] {logging_mixin.py:190} INFO - [2026-08-06T05:52:16.854+0000] {dagbag.py:588} INFO - Filling up the DagBag from /home/airflow/.local/lib/python3.12/site-packages/airflow/example_dags/example_params_trigger_ui.py
[2026-08-06T05:52:16.867+0000] {processor.py:925} INFO - DAG(s) 'example_params_trigger_ui' retrieved from /home/airflow/.local/lib/python3.12/site-packages/airflow/example_dags/example_params_trigger_ui.py
[2026-08-06T05:52:16.915+0000] {logging_mixin.py:190} INFO - [2026-08-06T05:52:16.915+0000] {dag.py:3239} INFO - Sync 1 DAGs
[2026-08-06T05:52:16.935+0000] {logging_mixin.py:190} INFO - [2026-08-06T05:52:16.934+0000] {dag.py:4180} INFO - Setting next_dagrun for example_params_trigger_ui to None, run_after=None
[2026-08-06T05:52:16.990+0000] {processor.py:208} INFO - Processing /home/airflow/.local/lib/python3.12/site-packages/airflow/example_dags/example_params_trigger_ui.py took 0.146 seconds
[2026-08-06T05:52:47.652+0000] {processor.py:186} INFO - Started process (PID=2073) to work on /home/airflow/.local/lib/python3.12/site-packages/airflow/example_dags/example_params_trigger_ui.py
[2026-08-06T05:52:47.654+0000] {processor.py:914} INFO - Processing file /home/airflow/.local/lib/python3.12/site-packages/airflow/example_dags/example_params_trigger_ui.py for tasks to queue
[2026-08-06T05:52:47.657+0000] {logging_mixin.py:190} INFO - [2026-08-06T05:52:47.657+0000] {dagbag.py:588} INFO - Filling up the DagBag from /home/airflow/.local/lib/python3.12/site-packages/airflow/example_dags/example_params_trigger_ui.py
[2026-08-06T05:52:47.671+0000] {processor.py:925} INFO - DAG(s) 'example_params_trigger_ui' retrieved from /home/airflow/.local/lib/python3.12/site-packages/airflow/example_dags/example_params_trigger_ui.py
[2026-08-06T05:52:47.732+0000] {logging_mixin.py:190} INFO - [2026-08-06T05:52:47.731+0000] {dag.py:3239} INFO - Sync 1 DAGs
[2026-08-06T05:52:47.749+0000] {logging_mixin.py:190} INFO - [2026-08-06T05:52:47.749+0000] {dag.py:4180} INFO - Setting next_dagrun for example_params_trigger_ui to None, run_after=None
[2026-08-06T05:52:47.812+0000] {processor.py:208} INFO - Processing /home/airflow/.local/lib/python3.12/site-packages/airflow/example_dags/example_params_trigger_ui.py took 0.168 seconds
[2026-08-06T05:53:18.187+0000] {processor.py:186} INFO - Started process (PID=2137) to work on /home/airflow/.local/lib/python3.12/site-packages/airflow/example_dags/example_params_trigger_ui.py
[2026-08-06T05:53:18.189+0000] {processor.py:914} INFO - Processing file /home/airflow/.local/lib/python3.12/site-packages/airflow/example_dags/example_params_trigger_ui.py for tasks to queue
[2026-08-06T05:53:18.192+0000] {logging_mixin.py:190} INFO - [2026-08-06T05:53:18.192+0000] {dagbag.py:588} INFO - Filling up the DagBag from /home/airflow/.local/lib/python3.12/site-packages/airflow/example_dags/example_params_trigger_ui.py
[2026-08-06T05:53:18.209+0000] {processor.py:925} INFO - DAG(s) 'example_params_trigger_ui' retrieved from /home/airflow/.local/lib/python3.12/site-packages/airflow/example_dags/example_params_trigger_ui.py
[2026-08-06T05:53:18.269+0000] {logging_mixin.py:190} INFO - [2026-08-06T05:53:18.269+0000] {dag.py:3239} INFO - Sync 1 DAGs
[2026-08-06T05:53:18.294+0000] {logging_mixin.py:190} INFO - [2026-08-06T05:53:18.294+0000] {dag.py:4180} INFO - Setting next_dagrun for example_params_trigger_ui to None, run_after=None
[2026-08-06T05:53:18.356+0000] {processor.py:208} INFO - Processing /home/airflow/.local/lib/python3.12/site-packages/airflow/example_dags/example_params_trigger_ui.py took 0.179 seconds
[2026-08-06T05:53:48.620+0000] {processor.py:186} INFO - Started process (PID=2209) to work on /home/airflow/.local/lib/python3.12/site-packages/airflow/example_dags/example_params_trigger_ui.py
[2026-08-06T05:53:48.639+0000] {processor.py:914} INFO - Processing file /home/airflow/.local/lib/python3.12/site-packages/airflow/example_dags/example_params_trigger_ui.py for tasks to queue
[2026-08-06T05:53:48.657+0000] {logging_mixin.py:190} INFO - [2026-08-06T05:53:48.656+0000] {dagbag.py:588} INFO - Filling up the DagBag from /home/airflow/.local/lib/python3.12/site-packages/airflow/example_dags/example_params_trigger_ui.py
[2026-08-06T05:53:48.708+0000] {processor.py:925} INFO - DAG(s) 'example_params_trigger_ui' retrieved from /home/airflow/.local/lib/python3.12/site-packages/airflow/example_dags/example_params_trigger_ui.py
[2026-08-06T05:53:48.811+0000] {logging_mixin.py:190} INFO - [2026-08-06T05:53:48.810+0000] {dag.py:3239} INFO - Sync 1 DAGs
[2026-08-06T05:53:48.856+0000] {logging_mixin.py:190} INFO - [2026-08-06T05:53:48.855+0000] {dag.py:4180} INFO - Setting next_dagrun for example_params_trigger_ui to None, run_after=None
[2026-08-06T05:53:48.930+0000] {processor.py:208} INFO - Processing /home/airflow/.local/lib/python3.12/site-packages/airflow/example_dags/example_params_trigger_ui.py took 0.334 seconds
[2026-08-06T05:54:19.886+0000] {processor.py:186} INFO - Started process (PID=2274) to work on /home/airflow/.local/lib/python3.12/site-packages/airflow/example_dags/example_params_trigger_ui.py
[2026-08-06T05:54:19.889+0000] {processor.py:914} INFO - Processing file /home/airflow/.local/lib/python3.12/site-packages/airflow/example_dags/example_params_trigger_ui.py for tasks to queue
[2026-08-06T05:54:19.894+0000] {logging_mixin.py:190} INFO - [2026-08-06T05:54:19.892+0000] {dagbag.py:588} INFO - Filling up the DagBag from /home/airflow/.local/lib/python3.12/site-packages/airflow/example_dags/example_params_trigger_ui.py
[2026-08-06T05:54:19.917+0000] {processor.py:925} INFO - DAG(s) 'example_params_trigger_ui' retrieved from /home/airflow/.local/lib/python3.12/site-packages/airflow/example_dags/example_params_trigger_ui.py
[2026-08-06T05:54:20.004+0000] {logging_mixin.py:190} INFO - [2026-08-06T05:54:20.003+0000] {dag.py:3239} INFO - Sync 1 DAGs
[2026-08-06T05:54:20.053+0000] {logging_mixin.py:190} INFO - [2026-08-06T05:54:20.053+0000] {dag.py:4180} INFO - Setting next_dagrun for example_params_trigger_ui to None, run_after=None
[2026-08-06T05:54:20.112+0000] {processor.py:208} INFO - Processing /home/airflow/.local/lib/python3.12/site-packages/airflow/example_dags/example_params_trigger_ui.py took 0.234 seconds
[2026-08-06T05:54:50.448+0000] {processor.py:186} INFO - Started process (PID=2338) to work on /home/airflow/.local/lib/python3.12/site-packages/airflow/example_dags/example_params_trigger_ui.py
[2026-08-06T05:54:50.449+0000] {processor.py:914} INFO - Processing file /home/airflow/.local/lib/python3.12/site-packages/airflow/example_dags/example_params_trigger_ui.py for tasks to queue
[2026-08-06T05:54:50.452+0000] {logging_mixin.py:190} INFO - [2026-08-06T05:54:50.452+0000] {dagbag.py:588} INFO - Filling up the DagBag from /home/airflow/.local/lib/python3.12/site-packages/airflow/example_dags/example_params_trigger_ui.py
[2026-08-06T05:54:50.465+0000] {processor.py:925} INFO - DAG(s) 'example_params_trigger_ui' retrieved from /home/airflow/.local/lib/python3.12/site-packages/airflow/example_dags/example_params_trigger_ui.py
[2026-08-06T05:54:50.515+0000] {logging_mixin.py:190} INFO - [2026-08-06T05:54:50.514+0000] {dag.py:3239} INFO - Sync 1 DAGs
[2026-08-06T05:54:50.530+0000] {logging_mixin.py:190} INFO - [2026-08-06T05:54:50.530+0000] {dag.py:4180} INFO - Setting next_dagrun for example_params_trigger_ui to None, run_after=None
[2026-08-06T05:54:50.588+0000] {processor.py:208} INFO - Processing /home/airflow/.local/lib/python3.12/site-packages/airflow/example_dags/example_params_trigger_ui.py took 0.147 seconds
[2026-08-06T05:55:20.840+0000] {processor.py:186} INFO - Started process (PID=2402) to work on /home/airflow/.local/lib/python3.12/site-packages/airflow/example_dags/example_params_trigger_ui.py
[2026-08-06T05:55:20.843+0000] {processor.py:914} INFO - Processing file /home/airflow/.local/lib/python3.12/site-packages/airflow/example_dags/example_params_trigger_ui.py for tasks to queue
[2026-08-06T05:55:20.847+0000] {logging_mixin.py:190} INFO - [2026-08-06T05:55:20.847+0000] {dagbag.py:588} INFO - Filling up the DagBag from /home/airflow/.local/lib/python3.12/site-packages/airflow/example_dags/example_params_trigger_ui.py
[2026-08-06T05:55:20.866+0000] {processor.py:925} INFO - DAG(s) 'example_params_trigger_ui' retrieved from /home/airflow/.local/lib/python3.12/site-packages/airflow/example_dags/example_params_trigger_ui.py
[2026-08-06T05:55:20.936+0000] {logging_mixin.py:190} INFO - [2026-08-06T05:55:20.935+0000] {dag.py:3239} INFO - Sync 1 DAGs
[2026-08-06T05:55:20.958+0000] {logging_mixin.py:190} INFO - [2026-08-06T05:55:20.957+0000] {dag.py:4180} INFO - Setting next_dagrun for example_params_trigger_ui to None, run_after=None
[2026-08-06T05:55:21.028+0000] {processor.py:208} INFO - Processing /home/airflow/.local/lib/python3.12/site-packages/airflow/example_dags/example_params_trigger_ui.py took 0.198 seconds
[2026-08-06T05:55:51.982+0000] {processor.py:186} INFO - Started process (PID=2466) to work on /home/airflow/.local/lib/python3.12/site-packages/airflow/example_dags/example_params_trigger_ui.py
[2026-08-06T05:55:51.984+0000] {processor.py:914} INFO - Processing file /home/airflow/.local/lib/python3.12/site-packages/airflow/example_dags/example_params_trigger_ui.py for tasks to queue
[2026-08-06T05:55:51.989+0000] {logging_mixin.py:190} INFO - [2026-08-06T05:55:51.988+0000] {dagbag.py:588} INFO - Filling up the DagBag from /home/airflow/.local/lib/python3.12/site-packages/airflow/example_dags/example_params_trigger_ui.py
[2026-08-06T05:55:52.011+0000] {processor.py:925} INFO - DAG(s) 'example_params_trigger_ui' retrieved from /home/airflow/.local/lib/python3.12/site-packages/airflow/example_dags/example_params_trigger_ui.py
[2026-08-06T05:55:52.082+0000] {logging_mixin.py:190} INFO - [2026-08-06T05:55:52.082+0000] {dag.py:3239} INFO - Sync 1 DAGs
[2026-08-06T05:55:52.110+0000] {logging_mixin.py:190} INFO - [2026-08-06T05:55:52.109+0000] {dag.py:4180} INFO - Setting next_dagrun for example_params_trigger_ui to None, run_after=None
[2026-08-06T05:55:52.183+0000] {processor.py:208} INFO - Processing /home/airflow/.local/lib/python3.12/site-packages/airflow/example_dags/example_params_trigger_ui.py took 0.212 seconds
[2026-08-06T05:56:23.563+0000] {processor.py:186} INFO - Started process (PID=2530) to work on /home/airflow/.local/lib/python3.12/site-packages/airflow/example_dags/example_params_trigger_ui.py
[2026-08-06T05:56:23.565+0000] {processor.py:914} INFO - Processing file /home/airflow/.local/lib/python3.12/site-packages/airflow/example_dags/example_params_trigger_ui.py for tasks to queue
[2026-08-06T05:56:23.569+0000] {logging_mixin.py:190} INFO - [2026-08-06T05:56:23.569+0000] {dagbag.py:588} INFO - Filling up the DagBag from /home/airflow/.local/lib/python3.12/site-packages/airflow/example_dags/example_params_trigger_ui.py
[2026-08-06T05:56:23.591+0000] {processor.py:925} INFO - DAG(s) 'example_params_trigger_ui' retrieved from /home/airflow/.local/lib/python3.12/site-packages/airflow/example_dags/example_params_trigger_ui.py
[2026-08-06T05:56:23.658+0000] {logging_mixin.py:190} INFO - [2026-08-06T05:56:23.657+0000] {dag.py:3239} INFO - Sync 1 DAGs
[2026-08-06T05:56:23.683+0000] {logging_mixin.py:190} INFO - [2026-08-06T05:56:23.682+0000] {dag.py:4180} INFO - Setting next_dagrun for example_params_trigger_ui to None, run_after=None
[2026-08-06T05:56:23.712+0000] {processor.py:208} INFO - Processing /home/airflow/.local/lib/python3.12/site-packages/airflow/example_dags/example_params_trigger_ui.py took 0.159 seconds
[2026-08-06T05:56:55.132+0000] {processor.py:186} INFO - Started process (PID=2595) to work on /home/airflow/.local/lib/python3.12/site-packages/airflow/example_dags/example_params_trigger_ui.py
[2026-08-06T05:56:55.137+0000] {processor.py:914} INFO - Processing file /home/airflow/.local/lib/python3.12/site-packages/airflow/example_dags/example_params_trigger_ui.py for tasks to queue
[2026-08-06T05:56:55.147+0000] {logging_mixin.py:190} INFO - [2026-08-06T05:56:55.146+0000] {dagbag.py:588} INFO - Filling up the DagBag from /home/airflow/.local/lib/python3.12/site-packages/airflow/example_dags/example_params_trigger_ui.py
[2026-08-06T05:56:55.176+0000] {processor.py:925} INFO - DAG(s) 'example_params_trigger_ui' retrieved from /home/airflow/.local/lib/python3.12/site-packages/airflow/example_dags/example_params_trigger_ui.py
[2026-08-06T05:56:55.293+0000] {logging_mixin.py:190} INFO - [2026-08-06T05:56:55.292+0000] {dag.py:3239} INFO - Sync 1 DAGs
[2026-08-06T05:56:55.335+0000] {logging_mixin.py:190} INFO - [2026-08-06T05:56:55.334+0000] {dag.py:4180} INFO - Setting next_dagrun for example_params_trigger_ui to None, run_after=None
[2026-08-06T05:56:55.397+0000] {processor.py:208} INFO - Processing /home/airflow/.local/lib/python3.12/site-packages/airflow/example_dags/example_params_trigger_ui.py took 0.283 seconds
[2026-08-06T05:57:25.977+0000] {processor.py:186} INFO - Started process (PID=2664) to work on /home/airflow/.local/lib/python3.12/site-packages/airflow/example_dags/example_params_trigger_ui.py
[2026-08-06T05:57:25.985+0000] {processor.py:914} INFO - Processing file /home/airflow/.local/lib/python3.12/site-packages/airflow/example_dags/example_params_trigger_ui.py for tasks to queue
[2026-08-06T05:57:25.994+0000] {logging_mixin.py:190} INFO - [2026-08-06T05:57:25.994+0000] {dagbag.py:588} INFO - Filling up the DagBag from /home/airflow/.local/lib/python3.12/site-packages/airflow/example_dags/example_params_trigger_ui.py
[2026-08-06T05:57:26.014+0000] {processor.py:925} INFO - DAG(s) 'example_params_trigger_ui' retrieved from /home/airflow/.local/lib/python3.12/site-packages/airflow/example_dags/example_params_trigger_ui.py
[2026-08-06T05:57:26.087+0000] {logging_mixin.py:190} INFO - [2026-08-06T05:57:26.087+0000] {dag.py:3239} INFO - Sync 1 DAGs
[2026-08-06T05:57:26.114+0000] {logging_mixin.py:190} INFO - [2026-08-06T05:57:26.114+0000] {dag.py:4180} INFO - Setting next_dagrun for example_params_trigger_ui to None, run_after=None
[2026-08-06T05:57:26.153+0000] {processor.py:208} INFO - Processing /home/airflow/.local/lib/python3.12/site-packages/airflow/example_dags/example_params_trigger_ui.py took 0.184 seconds
[2026-08-06T05:58:02.549+0000] {processor.py:186} INFO - Started process (PID=2745) to work on /home/airflow/.local/lib/python3.12/site-packages/airflow/example_dags/example_params_trigger_ui.py
[2026-08-06T05:58:02.554+0000] {processor.py:914} INFO - Processing file /home/airflow/.local/lib/python3.12/site-packages/airflow/example_dags/example_params_trigger_ui.py for tasks to queue
[2026-08-06T05:58:02.561+0000] {logging_mixin.py:190} INFO - [2026-08-06T05:58:02.560+0000] {dagbag.py:588} INFO - Filling up the DagBag from /home/airflow/.local/lib/python3.12/site-packages/airflow/example_dags/example_params_trigger_ui.py
[2026-08-06T05:58:02.595+0000] {processor.py:925} INFO - DAG(s) 'example_params_trigger_ui' retrieved from /home/airflow/.local/lib/python3.12/site-packages/airflow/example_dags/example_params_trigger_ui.py
[2026-08-06T05:58:02.701+0000] {logging_mixin.py:190} INFO - [2026-08-06T05:58:02.701+0000] {dag.py:3239} INFO - Sync 1 DAGs
[2026-08-06T05:58:02.743+0000] {logging_mixin.py:190} INFO - [2026-08-06T05:58:02.743+0000] {dag.py:4180} INFO - Setting next_dagrun for example_params_trigger_ui to None, run_after=None
[2026-08-06T05:58:02.799+0000] {processor.py:208} INFO - Processing /home/airflow/.local/lib/python3.12/site-packages/airflow/example_dags/example_params_trigger_ui.py took 0.263 seconds
[2026-08-06T05:58:33.530+0000] {processor.py:186} INFO - Started process (PID=2808) to work on /home/airflow/.local/lib/python3.12/site-packages/airflow/example_dags/example_params_trigger_ui.py
[2026-08-06T05:58:33.532+0000] {processor.py:914} INFO - Processing file /home/airflow/.local/lib/python3.12/site-packages/airflow/example_dags/example_params_trigger_ui.py for tasks to queue
[2026-08-06T05:58:33.538+0000] {logging_mixin.py:190} INFO - [2026-08-06T05:58:33.537+0000] {dagbag.py:588} INFO - Filling up the DagBag from /home/airflow/.local/lib/python3.12/site-packages/airflow/example_dags/example_params_trigger_ui.py
[2026-08-06T05:58:33.558+0000] {processor.py:925} INFO - DAG(s) 'example_params_trigger_ui' retrieved from /home/airflow/.local/lib/python3.12/site-packages/airflow/example_dags/example_params_trigger_ui.py
[2026-08-06T05:58:33.624+0000] {logging_mixin.py:190} INFO - [2026-08-06T05:58:33.624+0000] {dag.py:3239} INFO - Sync 1 DAGs
[2026-08-06T05:58:33.646+0000] {logging_mixin.py:190} INFO - [2026-08-06T05:58:33.646+0000] {dag.py:4180} INFO - Setting next_dagrun for example_params_trigger_ui to None, run_after=None
[2026-08-06T05:58:33.675+0000] {processor.py:208} INFO - Processing /home/airflow/.local/lib/python3.12/site-packages/airflow/example_dags/example_params_trigger_ui.py took 0.157 seconds
[2026-08-06T05:59:03.927+0000] {processor.py:186} INFO - Started process (PID=2871) to work on /home/airflow/.local/lib/python3.12/site-packages/airflow/example_dags/example_params_trigger_ui.py
[2026-08-06T05:59:03.931+0000] {processor.py:914} INFO - Processing file /home/airflow/.local/lib/python3.12/site-packages/airflow/example_dags/example_params_trigger_ui.py for tasks to queue
[2026-08-06T05:59:03.942+0000] {logging_mixin.py:190} INFO - [2026-08-06T05:59:03.941+0000] {dagbag.py:588} INFO - Filling up the DagBag from /home/airflow/.local/lib/python3.12/site-packages/airflow/example_dags/example_params_trigger_ui.py
[2026-08-06T05:59:03.968+0000] {processor.py:925} INFO - DAG(s) 'example_params_trigger_ui' retrieved from /home/airflow/.local/lib/python3.12/site-packages/airflow/example_dags/example_params_trigger_ui.py
[2026-08-06T05:59:04.039+0000] {logging_mixin.py:190} INFO - [2026-08-06T05:59:04.038+0000] {dag.py:3239} INFO - Sync 1 DAGs
[2026-08-06T05:59:04.070+0000] {logging_mixin.py:190} INFO - [2026-08-06T05:59:04.069+0000] {dag.py:4180} INFO - Setting next_dagrun for example_params_trigger_ui to None, run_after=None
[2026-08-06T05:59:04.119+0000] {processor.py:208} INFO - Processing /home/airflow/.local/lib/python3.12/site-packages/airflow/example_dags/example_params_trigger_ui.py took 0.210 seconds
[2026-08-06T05:59:34.835+0000] {processor.py:186} INFO - Started process (PID=2936) to work on /home/airflow/.local/lib/python3.12/site-packages/airflow/example_dags/example_params_trigger_ui.py
[2026-08-06T05:59:34.839+0000] {processor.py:914} INFO - Processing file /home/airflow/.local/lib/python3.12/site-packages/airflow/example_dags/example_params_trigger_ui.py for tasks to queue
[2026-08-06T05:59:34.850+0000] {logging_mixin.py:190} INFO - [2026-08-06T05:59:34.850+0000] {dagbag.py:588} INFO - Filling up the DagBag from /home/airflow/.local/lib/python3.12/site-packages/airflow/example_dags/example_params_trigger_ui.py
[2026-08-06T05:59:34.891+0000] {processor.py:925} INFO - DAG(s) 'example_params_trigger_ui' retrieved from /home/airflow/.local/lib/python3.12/site-packages/airflow/example_dags/example_params_trigger_ui.py
[2026-08-06T05:59:34.998+0000] {logging_mixin.py:190} INFO - [2026-08-06T05:59:34.998+0000] {dag.py:3239} INFO - Sync 1 DAGs
[2026-08-06T05:59:35.032+0000] {logging_mixin.py:190} INFO - [2026-08-06T05:59:35.032+0000] {dag.py:4180} INFO - Setting next_dagrun for example_params_trigger_ui to None, run_after=None
[2026-08-06T05:59:35.064+0000] {processor.py:208} INFO - Processing /home/airflow/.local/lib/python3.12/site-packages/airflow/example_dags/example_params_trigger_ui.py took 0.243 seconds
[2026-08-06T06:01:57.995+0000] {processor.py:186} INFO - Started process (PID=108) to work on /home/airflow/.local/lib/python3.12/site-packages/airflow/example_dags/example_params_trigger_ui.py
[2026-08-06T06:01:57.997+0000] {processor.py:914} INFO - Processing file /home/airflow/.local/lib/python3.12/site-packages/airflow/example_dags/example_params_trigger_ui.py for tasks to queue
[2026-08-06T06:01:58.004+0000] {logging_mixin.py:190} INFO - [2026-08-06T06:01:58.002+0000] {dagbag.py:588} INFO - Filling up the DagBag from /home/airflow/.local/lib/python3.12/site-packages/airflow/example_dags/example_params_trigger_ui.py
[2026-08-06T06:01:58.038+0000] {processor.py:925} INFO - DAG(s) 'example_params_trigger_ui' retrieved from /home/airflow/.local/lib/python3.12/site-packages/airflow/example_dags/example_params_trigger_ui.py
[2026-08-06T06:01:58.103+0000] {logging_mixin.py:190} INFO - [2026-08-06T06:01:58.103+0000] {dag.py:3239} INFO - Sync 1 DAGs
[2026-08-06T06:01:58.131+0000] {logging_mixin.py:190} INFO - [2026-08-06T06:01:58.130+0000] {dag.py:4180} INFO - Setting next_dagrun for example_params_trigger_ui to None, run_after=None
[2026-08-06T06:01:58.173+0000] {processor.py:208} INFO - Processing /home/airflow/.local/lib/python3.12/site-packages/airflow/example_dags/example_params_trigger_ui.py took 0.188 seconds
[2026-08-06T06:02:30.315+0000] {processor.py:186} INFO - Started process (PID=172) to work on /home/airflow/.local/lib/python3.12/site-packages/airflow/example_dags/example_params_trigger_ui.py
[2026-08-06T06:02:30.317+0000] {processor.py:914} INFO - Processing file /home/airflow/.local/lib/python3.12/site-packages/airflow/example_dags/example_params_trigger_ui.py for tasks to queue
[2026-08-06T06:02:30.322+0000] {logging_mixin.py:190} INFO - [2026-08-06T06:02:30.322+0000] {dagbag.py:588} INFO - Filling up the DagBag from /home/airflow/.local/lib/python3.12/site-packages/airflow/example_dags/example_params_trigger_ui.py
[2026-08-06T06:02:30.339+0000] {processor.py:925} INFO - DAG(s) 'example_params_trigger_ui' retrieved from /home/airflow/.local/lib/python3.12/site-packages/airflow/example_dags/example_params_trigger_ui.py
[2026-08-06T06:02:30.396+0000] {logging_mixin.py:190} INFO - [2026-08-06T06:02:30.396+0000] {dag.py:3239} INFO - Sync 1 DAGs
[2026-08-06T06:02:30.420+0000] {logging_mixin.py:190} INFO - [2026-08-06T06:02:30.420+0000] {dag.py:4180} INFO - Setting next_dagrun for example_params_trigger_ui to None, run_after=None
[2026-08-06T06:02:30.446+0000] {processor.py:208} INFO - Processing /home/airflow/.local/lib/python3.12/site-packages/airflow/example_dags/example_params_trigger_ui.py took 0.139 seconds
[2026-08-06T06:03:00.639+0000] {processor.py:186} INFO - Started process (PID=235) to work on /home/airflow/.local/lib/python3.12/site-packages/airflow/example_dags/example_params_trigger_ui.py
[2026-08-06T06:03:00.642+0000] {processor.py:914} INFO - Processing file /home/airflow/.local/lib/python3.12/site-packages/airflow/example_dags/example_params_trigger_ui.py for tasks to queue
[2026-08-06T06:03:00.648+0000] {logging_mixin.py:190} INFO - [2026-08-06T06:03:00.648+0000] {dagbag.py:588} INFO - Filling up the DagBag from /home/airflow/.local/lib/python3.12/site-packages/airflow/example_dags/example_params_trigger_ui.py
[2026-08-06T06:03:00.668+0000] {processor.py:925} INFO - DAG(s) 'example_params_trigger_ui' retrieved from /home/airflow/.local/lib/python3.12/site-packages/airflow/example_dags/example_params_trigger_ui.py
[2026-08-06T06:03:00.747+0000] {logging_mixin.py:190} INFO - [2026-08-06T06:03:00.746+0000] {dag.py:3239} INFO - Sync 1 DAGs
[2026-08-06T06:03:00.778+0000] {logging_mixin.py:190} INFO - [2026-08-06T06:03:00.778+0000] {dag.py:4180} INFO - Setting next_dagrun for example_params_trigger_ui to None, run_after=None
[2026-08-06T06:03:00.821+0000] {processor.py:208} INFO - Processing /home/airflow/.local/lib/python3.12/site-packages/airflow/example_dags/example_params_trigger_ui.py took 0.194 seconds
[2026-08-06T06:03:34.379+0000] {processor.py:186} INFO - Started process (PID=299) to work on /home/airflow/.local/lib/python3.12/site-packages/airflow/example_dags/example_params_trigger_ui.py
[2026-08-06T06:03:34.386+0000] {processor.py:914} INFO - Processing file /home/airflow/.local/lib/python3.12/site-packages/airflow/example_dags/example_params_trigger_ui.py for tasks to queue
[2026-08-06T06:03:34.397+0000] {logging_mixin.py:190} INFO - [2026-08-06T06:03:34.396+0000] {dagbag.py:588} INFO - Filling up the DagBag from /home/airflow/.local/lib/python3.12/site-packages/airflow/example_dags/example_params_trigger_ui.py
[2026-08-06T06:03:34.448+0000] {processor.py:925} INFO - DAG(s) 'example_params_trigger_ui' retrieved from /home/airflow/.local/lib/python3.12/site-packages/airflow/example_dags/example_params_trigger_ui.py
[2026-08-06T06:03:34.523+0000] {logging_mixin.py:190} INFO - [2026-08-06T06:03:34.522+0000] {dag.py:3239} INFO - Sync 1 DAGs
[2026-08-06T06:03:34.553+0000] {logging_mixin.py:190} INFO - [2026-08-06T06:03:34.552+0000] {dag.py:4180} INFO - Setting next_dagrun for example_params_trigger_ui to None, run_after=None
[2026-08-06T06:03:34.625+0000] {processor.py:208} INFO - Processing /home/airflow/.local/lib/python3.12/site-packages/airflow/example_dags/example_params_trigger_ui.py took 0.256 seconds
[2026-08-06T06:04:05.958+0000] {processor.py:186} INFO - Started process (PID=363) to work on /home/airflow/.local/lib/python3.12/site-packages/airflow/example_dags/example_params_trigger_ui.py
[2026-08-06T06:04:05.960+0000] {processor.py:914} INFO - Processing file /home/airflow/.local/lib/python3.12/site-packages/airflow/example_dags/example_params_trigger_ui.py for tasks to queue
[2026-08-06T06:04:05.966+0000] {logging_mixin.py:190} INFO - [2026-08-06T06:04:05.965+0000] {dagbag.py:588} INFO - Filling up the DagBag from /home/airflow/.local/lib/python3.12/site-packages/airflow/example_dags/example_params_trigger_ui.py
[2026-08-06T06:04:05.989+0000] {processor.py:925} INFO - DAG(s) 'example_params_trigger_ui' retrieved from /home/airflow/.local/lib/python3.12/site-packages/airflow/example_dags/example_params_trigger_ui.py
[2026-08-06T06:04:06.063+0000] {logging_mixin.py:190} INFO - [2026-08-06T06:04:06.062+0000] {dag.py:3239} INFO - Sync 1 DAGs
[2026-08-06T06:04:06.082+0000] {logging_mixin.py:190} INFO - [2026-08-06T06:04:06.082+0000] {dag.py:4180} INFO - Setting next_dagrun for example_params_trigger_ui to None, run_after=None
[2026-08-06T06:04:06.111+0000] {processor.py:208} INFO - Processing /home/airflow/.local/lib/python3.12/site-packages/airflow/example_dags/example_params_trigger_ui.py took 0.161 seconds
[2026-08-06T06:04:37.741+0000] {processor.py:186} INFO - Started process (PID=427) to work on /home/airflow/.local/lib/python3.12/site-packages/airflow/example_dags/example_params_trigger_ui.py
[2026-08-06T06:04:37.743+0000] {processor.py:914} INFO - Processing file /home/airflow/.local/lib/python3.12/site-packages/airflow/example_dags/example_params_trigger_ui.py for tasks to queue
[2026-08-06T06:04:37.748+0000] {logging_mixin.py:190} INFO - [2026-08-06T06:04:37.748+0000] {dagbag.py:588} INFO - Filling up the DagBag from /home/airflow/.local/lib/python3.12/site-packages/airflow/example_dags/example_params_trigger_ui.py
[2026-08-06T06:04:37.767+0000] {processor.py:925} INFO - DAG(s) 'example_params_trigger_ui' retrieved from /home/airflow/.local/lib/python3.12/site-packages/airflow/example_dags/example_params_trigger_ui.py
[2026-08-06T06:04:37.849+0000] {logging_mixin.py:190} INFO - [2026-08-06T06:04:37.849+0000] {dag.py:3239} INFO - Sync 1 DAGs
[2026-08-06T06:04:37.876+0000] {logging_mixin.py:190} INFO - [2026-08-06T06:04:37.875+0000] {dag.py:4180} INFO - Setting next_dagrun for example_params_trigger_ui to None, run_after=None
[2026-08-06T06:04:37.916+0000] {processor.py:208} INFO - Processing /home/airflow/.local/lib/python3.12/site-packages/airflow/example_dags/example_params_trigger_ui.py took 0.187 seconds
[2026-08-06T06:05:09.771+0000] {processor.py:186} INFO - Started process (PID=491) to work on /home/airflow/.local/lib/python3.12/site-packages/airflow/example_dags/example_params_trigger_ui.py
[2026-08-06T06:05:09.777+0000] {processor.py:914} INFO - Processing file /home/airflow/.local/lib/python3.12/site-packages/airflow/example_dags/example_params_trigger_ui.py for tasks to queue
[2026-08-06T06:05:09.780+0000] {logging_mixin.py:190} INFO - [2026-08-06T06:05:09.780+0000] {dagbag.py:588} INFO - Filling up the DagBag from /home/airflow/.local/lib/python3.12/site-packages/airflow/example_dags/example_params_trigger_ui.py
[2026-08-06T06:05:09.794+0000] {processor.py:925} INFO - DAG(s) 'example_params_trigger_ui' retrieved from /home/airflow/.local/lib/python3.12/site-packages/airflow/example_dags/example_params_trigger_ui.py
[2026-08-06T06:05:09.847+0000] {logging_mixin.py:190} INFO - [2026-08-06T06:05:09.846+0000] {dag.py:3239} INFO - Sync 1 DAGs
[2026-08-06T06:05:09.871+0000] {logging_mixin.py:190} INFO - [2026-08-06T06:05:09.870+0000] {dag.py:4180} INFO - Setting next_dagrun for example_params_trigger_ui to None, run_after=None
[2026-08-06T06:05:09.930+0000] {processor.py:208} INFO - Processing /home/airflow/.local/lib/python3.12/site-packages/airflow/example_dags/example_params_trigger_ui.py took 0.165 seconds
[2026-08-06T06:05:41.758+0000] {processor.py:186} INFO - Started process (PID=555) to work on /home/airflow/.local/lib/python3.12/site-packages/airflow/example_dags/example_params_trigger_ui.py
[2026-08-06T06:05:41.762+0000] {processor.py:914} INFO - Processing file /home/airflow/.local/lib/python3.12/site-packages/airflow/example_dags/example_params_trigger_ui.py for tasks to queue
[2026-08-06T06:05:41.770+0000] {logging_mixin.py:190} INFO - [2026-08-06T06:05:41.769+0000] {dagbag.py:588} INFO - Filling up the DagBag from /home/airflow/.local/lib/python3.12/site-packages/airflow/example_dags/example_params_trigger_ui.py
[2026-08-06T06:05:41.801+0000] {processor.py:925} INFO - DAG(s) 'example_params_trigger_ui' retrieved from /home/airflow/.local/lib/python3.12/site-packages/airflow/example_dags/example_params_trigger_ui.py
[2026-08-06T06:05:41.889+0000] {logging_mixin.py:190} INFO - [2026-08-06T06:05:41.888+0000] {dag.py:3239} INFO - Sync 1 DAGs
[2026-08-06T06:05:41.921+0000] {logging_mixin.py:190} INFO - [2026-08-06T06:05:41.921+0000] {dag.py:4180} INFO - Setting next_dagrun for example_params_trigger_ui to None, run_after=None
[2026-08-06T06:05:41.980+0000] {processor.py:208} INFO - Processing /home/airflow/.local/lib/python3.12/site-packages/airflow/example_dags/example_params_trigger_ui.py took 0.239 seconds
[2026-08-06T06:06:13.239+0000] {processor.py:186} INFO - Started process (PID=619) to work on /home/airflow/.local/lib/python3.12/site-packages/airflow/example_dags/example_params_trigger_ui.py
[2026-08-06T06:06:13.241+0000] {processor.py:914} INFO - Processing file /home/airflow/.local/lib/python3.12/site-packages/airflow/example_dags/example_params_trigger_ui.py for tasks to queue
[2026-08-06T06:06:13.244+0000] {logging_mixin.py:190} INFO - [2026-08-06T06:06:13.244+0000] {dagbag.py:588} INFO - Filling up the DagBag from /home/airflow/.local/lib/python3.12/site-packages/airflow/example_dags/example_params_trigger_ui.py
[2026-08-06T06:06:13.257+0000] {processor.py:925} INFO - DAG(s) 'example_params_trigger_ui' retrieved from /home/airflow/.local/lib/python3.12/site-packages/airflow/example_dags/example_params_trigger_ui.py
[2026-08-06T06:06:13.307+0000] {logging_mixin.py:190} INFO - [2026-08-06T06:06:13.307+0000] {dag.py:3239} INFO - Sync 1 DAGs
[2026-08-06T06:06:13.325+0000] {logging_mixin.py:190} INFO - [2026-08-06T06:06:13.324+0000] {dag.py:4180} INFO - Setting next_dagrun for example_params_trigger_ui to None, run_after=None
[2026-08-06T06:06:13.391+0000] {processor.py:208} INFO - Processing /home/airflow/.local/lib/python3.12/site-packages/airflow/example_dags/example_params_trigger_ui.py took 0.160 seconds
[2026-08-06T06:06:45.388+0000] {processor.py:186} INFO - Started process (PID=683) to work on /home/airflow/.local/lib/python3.12/site-packages/airflow/example_dags/example_params_trigger_ui.py
[2026-08-06T06:06:45.393+0000] {processor.py:914} INFO - Processing file /home/airflow/.local/lib/python3.12/site-packages/airflow/example_dags/example_params_trigger_ui.py for tasks to queue
[2026-08-06T06:06:45.398+0000] {logging_mixin.py:190} INFO - [2026-08-06T06:06:45.398+0000] {dagbag.py:588} INFO - Filling up the DagBag from /home/airflow/.local/lib/python3.12/site-packages/airflow/example_dags/example_params_trigger_ui.py
[2026-08-06T06:06:45.423+0000] {processor.py:925} INFO - DAG(s) 'example_params_trigger_ui' retrieved from /home/airflow/.local/lib/python3.12/site-packages/airflow/example_dags/example_params_trigger_ui.py
[2026-08-06T06:06:45.540+0000] {logging_mixin.py:190} INFO - [2026-08-06T06:06:45.539+0000] {dag.py:3239} INFO - Sync 1 DAGs
[2026-08-06T06:06:45.578+0000] {logging_mixin.py:190} INFO - [2026-08-06T06:06:45.578+0000] {dag.py:4180} INFO - Setting next_dagrun for example_params_trigger_ui to None, run_after=None
[2026-08-06T06:06:45.645+0000] {processor.py:208} INFO - Processing /home/airflow/.local/lib/python3.12/site-packages/airflow/example_dags/example_params_trigger_ui.py took 0.276 seconds
[2026-08-06T06:07:17.273+0000] {processor.py:186} INFO - Started process (PID=753) to work on /home/airflow/.local/lib/python3.12/site-packages/airflow/example_dags/example_params_trigger_ui.py
[2026-08-06T06:07:17.275+0000] {processor.py:914} INFO - Processing file /home/airflow/.local/lib/python3.12/site-packages/airflow/example_dags/example_params_trigger_ui.py for tasks to queue
[2026-08-06T06:07:17.280+0000] {logging_mixin.py:190} INFO - [2026-08-06T06:07:17.279+0000] {dagbag.py:588} INFO - Filling up the DagBag from /home/airflow/.local/lib/python3.12/site-packages/airflow/example_dags/example_params_trigger_ui.py
[2026-08-06T06:07:17.297+0000] {processor.py:925} INFO - DAG(s) 'example_params_trigger_ui' retrieved from /home/airflow/.local/lib/python3.12/site-packages/airflow/example_dags/example_params_trigger_ui.py
[2026-08-06T06:07:17.348+0000] {logging_mixin.py:190} INFO - [2026-08-06T06:07:17.347+0000] {dag.py:3239} INFO - Sync 1 DAGs
[2026-08-06T06:07:17.366+0000] {logging_mixin.py:190} INFO - [2026-08-06T06:07:17.366+0000] {dag.py:4180} INFO - Setting next_dagrun for example_params_trigger_ui to None, run_after=None
[2026-08-06T06:07:17.392+0000] {processor.py:208} INFO - Processing /home/airflow/.local/lib/python3.12/site-packages/airflow/example_dags/example_params_trigger_ui.py took 0.128 seconds
[2026-08-06T06:07:47.759+0000] {processor.py:186} INFO - Started process (PID=817) to work on /home/airflow/.local/lib/python3.12/site-packages/airflow/example_dags/example_params_trigger_ui.py
[2026-08-06T06:07:47.762+0000] {processor.py:914} INFO - Processing file /home/airflow/.local/lib/python3.12/site-packages/airflow/example_dags/example_params_trigger_ui.py for tasks to queue
[2026-08-06T06:07:47.767+0000] {logging_mixin.py:190} INFO - [2026-08-06T06:07:47.766+0000] {dagbag.py:588} INFO - Filling up the DagBag from /home/airflow/.local/lib/python3.12/site-packages/airflow/example_dags/example_params_trigger_ui.py
[2026-08-06T06:07:47.811+0000] {processor.py:925} INFO - DAG(s) 'example_params_trigger_ui' retrieved from /home/airflow/.local/lib/python3.12/site-packages/airflow/example_dags/example_params_trigger_ui.py
[2026-08-06T06:07:47.889+0000] {logging_mixin.py:190} INFO - [2026-08-06T06:07:47.888+0000] {dag.py:3239} INFO - Sync 1 DAGs
[2026-08-06T06:07:47.912+0000] {logging_mixin.py:190} INFO - [2026-08-06T06:07:47.912+0000] {dag.py:4180} INFO - Setting next_dagrun for example_params_trigger_ui to None, run_after=None
[2026-08-06T06:07:47.951+0000] {processor.py:208} INFO - Processing /home/airflow/.local/lib/python3.12/site-packages/airflow/example_dags/example_params_trigger_ui.py took 0.209 seconds
[2026-08-06T06:08:18.896+0000] {processor.py:186} INFO - Started process (PID=886) to work on /home/airflow/.local/lib/python3.12/site-packages/airflow/example_dags/example_params_trigger_ui.py
[2026-08-06T06:08:18.898+0000] {processor.py:914} INFO - Processing file /home/airflow/.local/lib/python3.12/site-packages/airflow/example_dags/example_params_trigger_ui.py for tasks to queue
[2026-08-06T06:08:18.902+0000] {logging_mixin.py:190} INFO - [2026-08-06T06:08:18.902+0000] {dagbag.py:588} INFO - Filling up the DagBag from /home/airflow/.local/lib/python3.12/site-packages/airflow/example_dags/example_params_trigger_ui.py
[2026-08-06T06:08:18.915+0000] {processor.py:925} INFO - DAG(s) 'example_params_trigger_ui' retrieved from /home/airflow/.local/lib/python3.12/site-packages/airflow/example_dags/example_params_trigger_ui.py
[2026-08-06T06:08:18.965+0000] {logging_mixin.py:190} INFO - [2026-08-06T06:08:18.964+0000] {dag.py:3239} INFO - Sync 1 DAGs
[2026-08-06T06:08:18.981+0000] {logging_mixin.py:190} INFO - [2026-08-06T06:08:18.980+0000] {dag.py:4180} INFO - Setting next_dagrun for example_params_trigger_ui to None, run_after=None
[2026-08-06T06:08:19.005+0000] {processor.py:208} INFO - Processing /home/airflow/.local/lib/python3.12/site-packages/airflow/example_dags/example_params_trigger_ui.py took 0.116 seconds
[2026-08-06T06:08:50.433+0000] {processor.py:186} INFO - Started process (PID=950) to work on /home/airflow/.local/lib/python3.12/site-packages/airflow/example_dags/example_params_trigger_ui.py
[2026-08-06T06:08:50.434+0000] {processor.py:914} INFO - Processing file /home/airflow/.local/lib/python3.12/site-packages/airflow/example_dags/example_params_trigger_ui.py for tasks to queue
[2026-08-06T06:08:50.438+0000] {logging_mixin.py:190} INFO - [2026-08-06T06:08:50.437+0000] {dagbag.py:588} INFO - Filling up the DagBag from /home/airflow/.local/lib/python3.12/site-packages/airflow/example_dags/example_params_trigger_ui.py
[2026-08-06T06:08:50.453+0000] {processor.py:925} INFO - DAG(s) 'example_params_trigger_ui' retrieved from /home/airflow/.local/lib/python3.12/site-packages/airflow/example_dags/example_params_trigger_ui.py
[2026-08-06T06:08:50.500+0000] {logging_mixin.py:190} INFO - [2026-08-06T06:08:50.499+0000] {dag.py:3239} INFO - Sync 1 DAGs
[2026-08-06T06:08:50.516+0000] {logging_mixin.py:190} INFO - [2026-08-06T06:08:50.516+0000] {dag.py:4180} INFO - Setting next_dagrun for example_params_trigger_ui to None, run_after=None
[2026-08-06T06:08:50.585+0000] {processor.py:208} INFO - Processing /home/airflow/.local/lib/python3.12/site-packages/airflow/example_dags/example_params_trigger_ui.py took 0.162 seconds
[2026-08-06T06:09:21.759+0000] {processor.py:186} INFO - Started process (PID=1014) to work on /home/airflow/.local/lib/python3.12/site-packages/airflow/example_dags/example_params_trigger_ui.py
[2026-08-06T06:09:21.761+0000] {processor.py:914} INFO - Processing file /home/airflow/.local/lib/python3.12/site-packages/airflow/example_dags/example_params_trigger_ui.py for tasks to queue
[2026-08-06T06:09:21.769+0000] {logging_mixin.py:190} INFO - [2026-08-06T06:09:21.768+0000] {dagbag.py:588} INFO - Filling up the DagBag from /home/airflow/.local/lib/python3.12/site-packages/airflow/example_dags/example_params_trigger_ui.py
[2026-08-06T06:09:21.789+0000] {processor.py:925} INFO - DAG(s) 'example_params_trigger_ui' retrieved from /home/airflow/.local/lib/python3.12/site-packages/airflow/example_dags/example_params_trigger_ui.py
[2026-08-06T06:09:21.860+0000] {logging_mixin.py:190} INFO - [2026-08-06T06:09:21.859+0000] {dag.py:3239} INFO - Sync 1 DAGs
[2026-08-06T06:09:21.879+0000] {logging_mixin.py:190} INFO - [2026-08-06T06:09:21.879+0000] {dag.py:4180} INFO - Setting next_dagrun for example_params_trigger_ui to None, run_after=None
[2026-08-06T06:09:21.910+0000] {processor.py:208} INFO - Processing /home/airflow/.local/lib/python3.12/site-packages/airflow/example_dags/example_params_trigger_ui.py took 0.159 seconds
[2026-08-06T06:09:53.523+0000] {processor.py:186} INFO - Started process (PID=1078) to work on /home/airflow/.local/lib/python3.12/site-packages/airflow/example_dags/example_params_trigger_ui.py
[2026-08-06T06:09:53.525+0000] {processor.py:914} INFO - Processing file /home/airflow/.local/lib/python3.12/site-packages/airflow/example_dags/example_params_trigger_ui.py for tasks to queue
[2026-08-06T06:09:53.530+0000] {logging_mixin.py:190} INFO - [2026-08-06T06:09:53.529+0000] {dagbag.py:588} INFO - Filling up the DagBag from /home/airflow/.local/lib/python3.12/site-packages/airflow/example_dags/example_params_trigger_ui.py
[2026-08-06T06:09:53.554+0000] {processor.py:925} INFO - DAG(s) 'example_params_trigger_ui' retrieved from /home/airflow/.local/lib/python3.12/site-packages/airflow/example_dags/example_params_trigger_ui.py
[2026-08-06T06:09:53.624+0000] {logging_mixin.py:190} INFO - [2026-08-06T06:09:53.624+0000] {dag.py:3239} INFO - Sync 1 DAGs
[2026-08-06T06:09:53.652+0000] {logging_mixin.py:190} INFO - [2026-08-06T06:09:53.651+0000] {dag.py:4180} INFO - Setting next_dagrun for example_params_trigger_ui to None, run_after=None
[2026-08-06T06:09:53.693+0000] {processor.py:208} INFO - Processing /home/airflow/.local/lib/python3.12/site-packages/airflow/example_dags/example_params_trigger_ui.py took 0.177 seconds
[2026-08-06T06:10:25.210+0000] {processor.py:186} INFO - Started process (PID=1142) to work on /home/airflow/.local/lib/python3.12/site-packages/airflow/example_dags/example_params_trigger_ui.py
[2026-08-06T06:10:25.212+0000] {processor.py:914} INFO - Processing file /home/airflow/.local/lib/python3.12/site-packages/airflow/example_dags/example_params_trigger_ui.py for tasks to queue
[2026-08-06T06:10:25.217+0000] {logging_mixin.py:190} INFO - [2026-08-06T06:10:25.216+0000] {dagbag.py:588} INFO - Filling up the DagBag from /home/airflow/.local/lib/python3.12/site-packages/airflow/example_dags/example_params_trigger_ui.py
[2026-08-06T06:10:25.238+0000] {processor.py:925} INFO - DAG(s) 'example_params_trigger_ui' retrieved from /home/airflow/.local/lib/python3.12/site-packages/airflow/example_dags/example_params_trigger_ui.py
[2026-08-06T06:10:25.310+0000] {logging_mixin.py:190} INFO - [2026-08-06T06:10:25.310+0000] {dag.py:3239} INFO - Sync 1 DAGs
[2026-08-06T06:10:25.342+0000] {logging_mixin.py:190} INFO - [2026-08-06T06:10:25.341+0000] {dag.py:4180} INFO - Setting next_dagrun for example_params_trigger_ui to None, run_after=None
[2026-08-06T06:10:25.388+0000] {processor.py:208} INFO - Processing /home/airflow/.local/lib/python3.12/site-packages/airflow/example_dags/example_params_trigger_ui.py took 0.191 seconds
[2026-08-06T06:16:33.146+0000] {processor.py:186} INFO - Started process (PID=107) to work on /home/airflow/.local/lib/python3.12/site-packages/airflow/example_dags/example_params_trigger_ui.py
[2026-08-06T06:16:33.148+0000] {processor.py:914} INFO - Processing file /home/airflow/.local/lib/python3.12/site-packages/airflow/example_dags/example_params_trigger_ui.py for tasks to queue
[2026-08-06T06:16:33.152+0000] {logging_mixin.py:190} INFO - [2026-08-06T06:16:33.151+0000] {dagbag.py:588} INFO - Filling up the DagBag from /home/airflow/.local/lib/python3.12/site-packages/airflow/example_dags/example_params_trigger_ui.py
[2026-08-06T06:16:33.168+0000] {processor.py:925} INFO - DAG(s) 'example_params_trigger_ui' retrieved from /home/airflow/.local/lib/python3.12/site-packages/airflow/example_dags/example_params_trigger_ui.py
[2026-08-06T06:16:33.231+0000] {logging_mixin.py:190} INFO - [2026-08-06T06:16:33.231+0000] {dag.py:3239} INFO - Sync 1 DAGs
[2026-08-06T06:16:33.254+0000] {logging_mixin.py:190} INFO - [2026-08-06T06:16:33.254+0000] {dag.py:4180} INFO - Setting next_dagrun for example_params_trigger_ui to None, run_after=None
[2026-08-06T06:16:33.289+0000] {processor.py:208} INFO - Processing /home/airflow/.local/lib/python3.12/site-packages/airflow/example_dags/example_params_trigger_ui.py took 0.156 seconds
[2026-08-06T06:17:04.245+0000] {processor.py:186} INFO - Started process (PID=171) to work on /home/airflow/.local/lib/python3.12/site-packages/airflow/example_dags/example_params_trigger_ui.py
[2026-08-06T06:17:04.246+0000] {processor.py:914} INFO - Processing file /home/airflow/.local/lib/python3.12/site-packages/airflow/example_dags/example_params_trigger_ui.py for tasks to queue
[2026-08-06T06:17:04.249+0000] {logging_mixin.py:190} INFO - [2026-08-06T06:17:04.249+0000] {dagbag.py:588} INFO - Filling up the DagBag from /home/airflow/.local/lib/python3.12/site-packages/airflow/example_dags/example_params_trigger_ui.py
[2026-08-06T06:17:04.261+0000] {processor.py:925} INFO - DAG(s) 'example_params_trigger_ui' retrieved from /home/airflow/.local/lib/python3.12/site-packages/airflow/example_dags/example_params_trigger_ui.py
[2026-08-06T06:17:04.302+0000] {logging_mixin.py:190} INFO - [2026-08-06T06:17:04.302+0000] {dag.py:3239} INFO - Sync 1 DAGs
[2026-08-06T06:17:04.320+0000] {logging_mixin.py:190} INFO - [2026-08-06T06:17:04.320+0000] {dag.py:4180} INFO - Setting next_dagrun for example_params_trigger_ui to None, run_after=None
[2026-08-06T06:17:04.338+0000] {processor.py:208} INFO - Processing /home/airflow/.local/lib/python3.12/site-packages/airflow/example_dags/example_params_trigger_ui.py took 0.099 seconds
[2026-08-06T06:17:35.207+0000] {processor.py:186} INFO - Started process (PID=235) to work on /home/airflow/.local/lib/python3.12/site-packages/airflow/example_dags/example_params_trigger_ui.py
[2026-08-06T06:17:35.209+0000] {processor.py:914} INFO - Processing file /home/airflow/.local/lib/python3.12/site-packages/airflow/example_dags/example_params_trigger_ui.py for tasks to queue
[2026-08-06T06:17:35.214+0000] {logging_mixin.py:190} INFO - [2026-08-06T06:17:35.213+0000] {dagbag.py:588} INFO - Filling up the DagBag from /home/airflow/.local/lib/python3.12/site-packages/airflow/example_dags/example_params_trigger_ui.py
[2026-08-06T06:17:35.231+0000] {processor.py:925} INFO - DAG(s) 'example_params_trigger_ui' retrieved from /home/airflow/.local/lib/python3.12/site-packages/airflow/example_dags/example_params_trigger_ui.py
[2026-08-06T06:17:35.304+0000] {logging_mixin.py:190} INFO - [2026-08-06T06:17:35.303+0000] {dag.py:3239} INFO - Sync 1 DAGs
[2026-08-06T06:17:35.327+0000] {logging_mixin.py:190} INFO - [2026-08-06T06:17:35.327+0000] {dag.py:4180} INFO - Setting next_dagrun for example_params_trigger_ui to None, run_after=None
[2026-08-06T06:17:35.372+0000] {processor.py:208} INFO - Processing /home/airflow/.local/lib/python3.12/site-packages/airflow/example_dags/example_params_trigger_ui.py took 0.173 seconds
[2026-08-06T06:18:06.989+0000] {processor.py:186} INFO - Started process (PID=298) to work on /home/airflow/.local/lib/python3.12/site-packages/airflow/example_dags/example_params_trigger_ui.py
[2026-08-06T06:18:06.991+0000] {processor.py:914} INFO - Processing file /home/airflow/.local/lib/python3.12/site-packages/airflow/example_dags/example_params_trigger_ui.py for tasks to queue
[2026-08-06T06:18:06.995+0000] {logging_mixin.py:190} INFO - [2026-08-06T06:18:06.995+0000] {dagbag.py:588} INFO - Filling up the DagBag from /home/airflow/.local/lib/python3.12/site-packages/airflow/example_dags/example_params_trigger_ui.py
[2026-08-06T06:18:07.020+0000] {processor.py:925} INFO - DAG(s) 'example_params_trigger_ui' retrieved from /home/airflow/.local/lib/python3.12/site-packages/airflow/example_dags/example_params_trigger_ui.py
[2026-08-06T06:18:07.088+0000] {logging_mixin.py:190} INFO - [2026-08-06T06:18:07.087+0000] {dag.py:3239} INFO - Sync 1 DAGs
[2026-08-06T06:18:07.111+0000] {logging_mixin.py:190} INFO - [2026-08-06T06:18:07.111+0000] {dag.py:4180} INFO - Setting next_dagrun for example_params_trigger_ui to None, run_after=None
[2026-08-06T06:18:07.156+0000] {processor.py:208} INFO - Processing /home/airflow/.local/lib/python3.12/site-packages/airflow/example_dags/example_params_trigger_ui.py took 0.178 seconds
[2026-08-06T06:18:37.684+0000] {processor.py:186} INFO - Started process (PID=362) to work on /home/airflow/.local/lib/python3.12/site-packages/airflow/example_dags/example_params_trigger_ui.py
[2026-08-06T06:18:37.686+0000] {processor.py:914} INFO - Processing file /home/airflow/.local/lib/python3.12/site-packages/airflow/example_dags/example_params_trigger_ui.py for tasks to queue
[2026-08-06T06:18:37.690+0000] {logging_mixin.py:190} INFO - [2026-08-06T06:18:37.690+0000] {dagbag.py:588} INFO - Filling up the DagBag from /home/airflow/.local/lib/python3.12/site-packages/airflow/example_dags/example_params_trigger_ui.py
[2026-08-06T06:18:37.708+0000] {processor.py:925} INFO - DAG(s) 'example_params_trigger_ui' retrieved from /home/airflow/.local/lib/python3.12/site-packages/airflow/example_dags/example_params_trigger_ui.py
[2026-08-06T06:18:37.767+0000] {logging_mixin.py:190} INFO - [2026-08-06T06:18:37.767+0000] {dag.py:3239} INFO - Sync 1 DAGs
[2026-08-06T06:18:37.785+0000] {logging_mixin.py:190} INFO - [2026-08-06T06:18:37.784+0000] {dag.py:4180} INFO - Setting next_dagrun for example_params_trigger_ui to None, run_after=None
[2026-08-06T06:18:37.823+0000] {processor.py:208} INFO - Processing /home/airflow/.local/lib/python3.12/site-packages/airflow/example_dags/example_params_trigger_ui.py took 0.146 seconds
[2026-08-06T06:19:08.721+0000] {processor.py:186} INFO - Started process (PID=425) to work on /home/airflow/.local/lib/python3.12/site-packages/airflow/example_dags/example_params_trigger_ui.py
[2026-08-06T06:19:08.723+0000] {processor.py:914} INFO - Processing file /home/airflow/.local/lib/python3.12/site-packages/airflow/example_dags/example_params_trigger_ui.py for tasks to queue
[2026-08-06T06:19:08.727+0000] {logging_mixin.py:190} INFO - [2026-08-06T06:19:08.727+0000] {dagbag.py:588} INFO - Filling up the DagBag from /home/airflow/.local/lib/python3.12/site-packages/airflow/example_dags/example_params_trigger_ui.py
[2026-08-06T06:19:08.745+0000] {processor.py:925} INFO - DAG(s) 'example_params_trigger_ui' retrieved from /home/airflow/.local/lib/python3.12/site-packages/airflow/example_dags/example_params_trigger_ui.py
[2026-08-06T06:19:08.804+0000] {logging_mixin.py:190} INFO - [2026-08-06T06:19:08.803+0000] {dag.py:3239} INFO - Sync 1 DAGs
[2026-08-06T06:19:08.836+0000] {logging_mixin.py:190} INFO - [2026-08-06T06:19:08.836+0000] {dag.py:4180} INFO - Setting next_dagrun for example_params_trigger_ui to None, run_after=None
[2026-08-06T06:19:08.870+0000] {processor.py:208} INFO - Processing /home/airflow/.local/lib/python3.12/site-packages/airflow/example_dags/example_params_trigger_ui.py took 0.158 seconds
[2026-08-06T06:19:40.346+0000] {processor.py:186} INFO - Started process (PID=494) to work on /home/airflow/.local/lib/python3.12/site-packages/airflow/example_dags/example_params_trigger_ui.py
[2026-08-06T06:19:40.353+0000] {processor.py:914} INFO - Processing file /home/airflow/.local/lib/python3.12/site-packages/airflow/example_dags/example_params_trigger_ui.py for tasks to queue
[2026-08-06T06:19:40.362+0000] {logging_mixin.py:190} INFO - [2026-08-06T06:19:40.361+0000] {dagbag.py:588} INFO - Filling up the DagBag from /home/airflow/.local/lib/python3.12/site-packages/airflow/example_dags/example_params_trigger_ui.py
[2026-08-06T06:19:40.409+0000] {processor.py:925} INFO - DAG(s) 'example_params_trigger_ui' retrieved from /home/airflow/.local/lib/python3.12/site-packages/airflow/example_dags/example_params_trigger_ui.py
[2026-08-06T06:19:40.474+0000] {logging_mixin.py:190} INFO - [2026-08-06T06:19:40.473+0000] {dag.py:3239} INFO - Sync 1 DAGs
[2026-08-06T06:19:40.496+0000] {logging_mixin.py:190} INFO - [2026-08-06T06:19:40.496+0000] {dag.py:4180} INFO - Setting next_dagrun for example_params_trigger_ui to None, run_after=None
[2026-08-06T06:19:40.534+0000] {processor.py:208} INFO - Processing /home/airflow/.local/lib/python3.12/site-packages/airflow/example_dags/example_params_trigger_ui.py took 0.213 seconds
[2026-08-06T06:20:10.813+0000] {processor.py:186} INFO - Started process (PID=558) to work on /home/airflow/.local/lib/python3.12/site-packages/airflow/example_dags/example_params_trigger_ui.py
[2026-08-06T06:20:10.816+0000] {processor.py:914} INFO - Processing file /home/airflow/.local/lib/python3.12/site-packages/airflow/example_dags/example_params_trigger_ui.py for tasks to queue
[2026-08-06T06:20:10.820+0000] {logging_mixin.py:190} INFO - [2026-08-06T06:20:10.819+0000] {dagbag.py:588} INFO - Filling up the DagBag from /home/airflow/.local/lib/python3.12/site-packages/airflow/example_dags/example_params_trigger_ui.py
[2026-08-06T06:20:10.838+0000] {processor.py:925} INFO - DAG(s) 'example_params_trigger_ui' retrieved from /home/airflow/.local/lib/python3.12/site-packages/airflow/example_dags/example_params_trigger_ui.py
[2026-08-06T06:20:10.898+0000] {logging_mixin.py:190} INFO - [2026-08-06T06:20:10.897+0000] {dag.py:3239} INFO - Sync 1 DAGs
[2026-08-06T06:20:10.925+0000] {logging_mixin.py:190} INFO - [2026-08-06T06:20:10.924+0000] {dag.py:4180} INFO - Setting next_dagrun for example_params_trigger_ui to None, run_after=None
[2026-08-06T06:20:11.008+0000] {processor.py:208} INFO - Processing /home/airflow/.local/lib/python3.12/site-packages/airflow/example_dags/example_params_trigger_ui.py took 0.203 seconds
[2026-08-06T06:20:41.504+0000] {processor.py:186} INFO - Started process (PID=621) to work on /home/airflow/.local/lib/python3.12/site-packages/airflow/example_dags/example_params_trigger_ui.py
[2026-08-06T06:20:41.506+0000] {processor.py:914} INFO - Processing file /home/airflow/.local/lib/python3.12/site-packages/airflow/example_dags/example_params_trigger_ui.py for tasks to queue
[2026-08-06T06:20:41.509+0000] {logging_mixin.py:190} INFO - [2026-08-06T06:20:41.509+0000] {dagbag.py:588} INFO - Filling up the DagBag from /home/airflow/.local/lib/python3.12/site-packages/airflow/example_dags/example_params_trigger_ui.py
[2026-08-06T06:20:41.524+0000] {processor.py:925} INFO - DAG(s) 'example_params_trigger_ui' retrieved from /home/airflow/.local/lib/python3.12/site-packages/airflow/example_dags/example_params_trigger_ui.py
[2026-08-06T06:20:41.577+0000] {logging_mixin.py:190} INFO - [2026-08-06T06:20:41.577+0000] {dag.py:3239} INFO - Sync 1 DAGs
[2026-08-06T06:20:41.598+0000] {logging_mixin.py:190} INFO - [2026-08-06T06:20:41.598+0000] {dag.py:4180} INFO - Setting next_dagrun for example_params_trigger_ui to None, run_after=None
[2026-08-06T06:20:41.624+0000] {processor.py:208} INFO - Processing /home/airflow/.local/lib/python3.12/site-packages/airflow/example_dags/example_params_trigger_ui.py took 0.130 seconds
[2026-08-06T06:21:12.089+0000] {processor.py:186} INFO - Started process (PID=685) to work on /home/airflow/.local/lib/python3.12/site-packages/airflow/example_dags/example_params_trigger_ui.py
[2026-08-06T06:21:12.090+0000] {processor.py:914} INFO - Processing file /home/airflow/.local/lib/python3.12/site-packages/airflow/example_dags/example_params_trigger_ui.py for tasks to queue
[2026-08-06T06:21:12.093+0000] {logging_mixin.py:190} INFO - [2026-08-06T06:21:12.093+0000] {dagbag.py:588} INFO - Filling up the DagBag from /home/airflow/.local/lib/python3.12/site-packages/airflow/example_dags/example_params_trigger_ui.py
[2026-08-06T06:21:12.109+0000] {processor.py:925} INFO - DAG(s) 'example_params_trigger_ui' retrieved from /home/airflow/.local/lib/python3.12/site-packages/airflow/example_dags/example_params_trigger_ui.py
[2026-08-06T06:21:12.176+0000] {logging_mixin.py:190} INFO - [2026-08-06T06:21:12.176+0000] {dag.py:3239} INFO - Sync 1 DAGs
[2026-08-06T06:21:12.197+0000] {logging_mixin.py:190} INFO - [2026-08-06T06:21:12.197+0000] {dag.py:4180} INFO - Setting next_dagrun for example_params_trigger_ui to None, run_after=None
[2026-08-06T06:21:12.258+0000] {processor.py:208} INFO - Processing /home/airflow/.local/lib/python3.12/site-packages/airflow/example_dags/example_params_trigger_ui.py took 0.177 seconds
[2026-08-06T06:21:43.133+0000] {processor.py:186} INFO - Started process (PID=748) to work on /home/airflow/.local/lib/python3.12/site-packages/airflow/example_dags/example_params_trigger_ui.py
[2026-08-06T06:21:43.135+0000] {processor.py:914} INFO - Processing file /home/airflow/.local/lib/python3.12/site-packages/airflow/example_dags/example_params_trigger_ui.py for tasks to queue
[2026-08-06T06:21:43.139+0000] {logging_mixin.py:190} INFO - [2026-08-06T06:21:43.139+0000] {dagbag.py:588} INFO - Filling up the DagBag from /home/airflow/.local/lib/python3.12/site-packages/airflow/example_dags/example_params_trigger_ui.py
[2026-08-06T06:21:43.158+0000] {processor.py:925} INFO - DAG(s) 'example_params_trigger_ui' retrieved from /home/airflow/.local/lib/python3.12/site-packages/airflow/example_dags/example_params_trigger_ui.py
[2026-08-06T06:21:43.219+0000] {logging_mixin.py:190} INFO - [2026-08-06T06:21:43.219+0000] {dag.py:3239} INFO - Sync 1 DAGs
[2026-08-06T06:21:43.246+0000] {logging_mixin.py:190} INFO - [2026-08-06T06:21:43.246+0000] {dag.py:4180} INFO - Setting next_dagrun for example_params_trigger_ui to None, run_after=None
[2026-08-06T06:21:43.284+0000] {processor.py:208} INFO - Processing /home/airflow/.local/lib/python3.12/site-packages/airflow/example_dags/example_params_trigger_ui.py took 0.162 seconds
[2026-08-06T06:22:13.795+0000] {processor.py:186} INFO - Started process (PID=812) to work on /home/airflow/.local/lib/python3.12/site-packages/airflow/example_dags/example_params_trigger_ui.py
[2026-08-06T06:22:13.797+0000] {processor.py:914} INFO - Processing file /home/airflow/.local/lib/python3.12/site-packages/airflow/example_dags/example_params_trigger_ui.py for tasks to queue
[2026-08-06T06:22:13.803+0000] {logging_mixin.py:190} INFO - [2026-08-06T06:22:13.802+0000] {dagbag.py:588} INFO - Filling up the DagBag from /home/airflow/.local/lib/python3.12/site-packages/airflow/example_dags/example_params_trigger_ui.py
[2026-08-06T06:22:13.825+0000] {processor.py:925} INFO - DAG(s) 'example_params_trigger_ui' retrieved from /home/airflow/.local/lib/python3.12/site-packages/airflow/example_dags/example_params_trigger_ui.py
[2026-08-06T06:22:13.905+0000] {logging_mixin.py:190} INFO - [2026-08-06T06:22:13.904+0000] {dag.py:3239} INFO - Sync 1 DAGs
[2026-08-06T06:22:13.931+0000] {logging_mixin.py:190} INFO - [2026-08-06T06:22:13.931+0000] {dag.py:4180} INFO - Setting next_dagrun for example_params_trigger_ui to None, run_after=None
[2026-08-06T06:22:13.966+0000] {processor.py:208} INFO - Processing /home/airflow/.local/lib/python3.12/site-packages/airflow/example_dags/example_params_trigger_ui.py took 0.181 seconds
[2026-08-06T06:22:44.609+0000] {processor.py:186} INFO - Started process (PID=876) to work on /home/airflow/.local/lib/python3.12/site-packages/airflow/example_dags/example_params_trigger_ui.py
[2026-08-06T06:22:44.613+0000] {processor.py:914} INFO - Processing file /home/airflow/.local/lib/python3.12/site-packages/airflow/example_dags/example_params_trigger_ui.py for tasks to queue
[2026-08-06T06:22:44.618+0000] {logging_mixin.py:190} INFO - [2026-08-06T06:22:44.617+0000] {dagbag.py:588} INFO - Filling up the DagBag from /home/airflow/.local/lib/python3.12/site-packages/airflow/example_dags/example_params_trigger_ui.py
[2026-08-06T06:22:44.639+0000] {processor.py:925} INFO - DAG(s) 'example_params_trigger_ui' retrieved from /home/airflow/.local/lib/python3.12/site-packages/airflow/example_dags/example_params_trigger_ui.py
[2026-08-06T06:22:44.703+0000] {logging_mixin.py:190} INFO - [2026-08-06T06:22:44.702+0000] {dag.py:3239} INFO - Sync 1 DAGs
[2026-08-06T06:22:44.733+0000] {logging_mixin.py:190} INFO - [2026-08-06T06:22:44.733+0000] {dag.py:4180} INFO - Setting next_dagrun for example_params_trigger_ui to None, run_after=None
[2026-08-06T06:22:44.791+0000] {processor.py:208} INFO - Processing /home/airflow/.local/lib/python3.12/site-packages/airflow/example_dags/example_params_trigger_ui.py took 0.191 seconds
[2026-08-06T06:23:15.691+0000] {processor.py:186} INFO - Started process (PID=940) to work on /home/airflow/.local/lib/python3.12/site-packages/airflow/example_dags/example_params_trigger_ui.py
[2026-08-06T06:23:15.694+0000] {processor.py:914} INFO - Processing file /home/airflow/.local/lib/python3.12/site-packages/airflow/example_dags/example_params_trigger_ui.py for tasks to queue
[2026-08-06T06:23:15.699+0000] {logging_mixin.py:190} INFO - [2026-08-06T06:23:15.698+0000] {dagbag.py:588} INFO - Filling up the DagBag from /home/airflow/.local/lib/python3.12/site-packages/airflow/example_dags/example_params_trigger_ui.py
[2026-08-06T06:23:15.720+0000] {processor.py:925} INFO - DAG(s) 'example_params_trigger_ui' retrieved from /home/airflow/.local/lib/python3.12/site-packages/airflow/example_dags/example_params_trigger_ui.py
[2026-08-06T06:23:15.782+0000] {logging_mixin.py:190} INFO - [2026-08-06T06:23:15.782+0000] {dag.py:3239} INFO - Sync 1 DAGs
[2026-08-06T06:23:15.805+0000] {logging_mixin.py:190} INFO - [2026-08-06T06:23:15.805+0000] {dag.py:4180} INFO - Setting next_dagrun for example_params_trigger_ui to None, run_after=None
[2026-08-06T06:23:15.843+0000] {processor.py:208} INFO - Processing /home/airflow/.local/lib/python3.12/site-packages/airflow/example_dags/example_params_trigger_ui.py took 0.162 seconds
[2026-08-06T06:23:45.958+0000] {processor.py:186} INFO - Started process (PID=1004) to work on /home/airflow/.local/lib/python3.12/site-packages/airflow/example_dags/example_params_trigger_ui.py
[2026-08-06T06:23:45.959+0000] {processor.py:914} INFO - Processing file /home/airflow/.local/lib/python3.12/site-packages/airflow/example_dags/example_params_trigger_ui.py for tasks to queue
[2026-08-06T06:23:45.962+0000] {logging_mixin.py:190} INFO - [2026-08-06T06:23:45.962+0000] {dagbag.py:588} INFO - Filling up the DagBag from /home/airflow/.local/lib/python3.12/site-packages/airflow/example_dags/example_params_trigger_ui.py
[2026-08-06T06:23:45.978+0000] {processor.py:925} INFO - DAG(s) 'example_params_trigger_ui' retrieved from /home/airflow/.local/lib/python3.12/site-packages/airflow/example_dags/example_params_trigger_ui.py
[2026-08-06T06:23:46.027+0000] {logging_mixin.py:190} INFO - [2026-08-06T06:23:46.026+0000] {dag.py:3239} INFO - Sync 1 DAGs
[2026-08-06T06:23:46.044+0000] {logging_mixin.py:190} INFO - [2026-08-06T06:23:46.044+0000] {dag.py:4180} INFO - Setting next_dagrun for example_params_trigger_ui to None, run_after=None
[2026-08-06T06:23:46.100+0000] {processor.py:208} INFO - Processing /home/airflow/.local/lib/python3.12/site-packages/airflow/example_dags/example_params_trigger_ui.py took 0.149 seconds
[2026-08-06T06:24:16.923+0000] {processor.py:186} INFO - Started process (PID=1068) to work on /home/airflow/.local/lib/python3.12/site-packages/airflow/example_dags/example_params_trigger_ui.py
[2026-08-06T06:24:16.924+0000] {processor.py:914} INFO - Processing file /home/airflow/.local/lib/python3.12/site-packages/airflow/example_dags/example_params_trigger_ui.py for tasks to queue
[2026-08-06T06:24:16.927+0000] {logging_mixin.py:190} INFO - [2026-08-06T06:24:16.927+0000] {dagbag.py:588} INFO - Filling up the DagBag from /home/airflow/.local/lib/python3.12/site-packages/airflow/example_dags/example_params_trigger_ui.py
[2026-08-06T06:24:16.947+0000] {processor.py:925} INFO - DAG(s) 'example_params_trigger_ui' retrieved from /home/airflow/.local/lib/python3.12/site-packages/airflow/example_dags/example_params_trigger_ui.py
[2026-08-06T06:24:16.994+0000] {logging_mixin.py:190} INFO - [2026-08-06T06:24:16.994+0000] {dag.py:3239} INFO - Sync 1 DAGs
[2026-08-06T06:24:17.013+0000] {logging_mixin.py:190} INFO - [2026-08-06T06:24:17.012+0000] {dag.py:4180} INFO - Setting next_dagrun for example_params_trigger_ui to None, run_after=None
[2026-08-06T06:24:17.036+0000] {processor.py:208} INFO - Processing /home/airflow/.local/lib/python3.12/site-packages/airflow/example_dags/example_params_trigger_ui.py took 0.120 seconds
[2026-08-06T06:24:47.372+0000] {processor.py:186} INFO - Started process (PID=1137) to work on /home/airflow/.local/lib/python3.12/site-packages/airflow/example_dags/example_params_trigger_ui.py
[2026-08-06T06:24:47.373+0000] {processor.py:914} INFO - Processing file /home/airflow/.local/lib/python3.12/site-packages/airflow/example_dags/example_params_trigger_ui.py for tasks to queue
[2026-08-06T06:24:47.376+0000] {logging_mixin.py:190} INFO - [2026-08-06T06:24:47.376+0000] {dagbag.py:588} INFO - Filling up the DagBag from /home/airflow/.local/lib/python3.12/site-packages/airflow/example_dags/example_params_trigger_ui.py
[2026-08-06T06:24:47.391+0000] {processor.py:925} INFO - DAG(s) 'example_params_trigger_ui' retrieved from /home/airflow/.local/lib/python3.12/site-packages/airflow/example_dags/example_params_trigger_ui.py
[2026-08-06T06:24:47.441+0000] {logging_mixin.py:190} INFO - [2026-08-06T06:24:47.441+0000] {dag.py:3239} INFO - Sync 1 DAGs
[2026-08-06T06:24:47.459+0000] {logging_mixin.py:190} INFO - [2026-08-06T06:24:47.459+0000] {dag.py:4180} INFO - Setting next_dagrun for example_params_trigger_ui to None, run_after=None
[2026-08-06T06:24:47.485+0000] {processor.py:208} INFO - Processing /home/airflow/.local/lib/python3.12/site-packages/airflow/example_dags/example_params_trigger_ui.py took 0.121 seconds
[2026-08-06T06:25:18.213+0000] {processor.py:186} INFO - Started process (PID=1210) to work on /home/airflow/.local/lib/python3.12/site-packages/airflow/example_dags/example_params_trigger_ui.py
[2026-08-06T06:25:18.221+0000] {processor.py:914} INFO - Processing file /home/airflow/.local/lib/python3.12/site-packages/airflow/example_dags/example_params_trigger_ui.py for tasks to queue
[2026-08-06T06:25:18.229+0000] {logging_mixin.py:190} INFO - [2026-08-06T06:25:18.229+0000] {dagbag.py:588} INFO - Filling up the DagBag from /home/airflow/.local/lib/python3.12/site-packages/airflow/example_dags/example_params_trigger_ui.py
[2026-08-06T06:25:18.262+0000] {processor.py:925} INFO - DAG(s) 'example_params_trigger_ui' retrieved from /home/airflow/.local/lib/python3.12/site-packages/airflow/example_dags/example_params_trigger_ui.py
[2026-08-06T06:25:18.367+0000] {logging_mixin.py:190} INFO - [2026-08-06T06:25:18.366+0000] {dag.py:3239} INFO - Sync 1 DAGs
[2026-08-06T06:25:18.412+0000] {logging_mixin.py:190} INFO - [2026-08-06T06:25:18.411+0000] {dag.py:4180} INFO - Setting next_dagrun for example_params_trigger_ui to None, run_after=None
[2026-08-06T06:25:18.479+0000] {processor.py:208} INFO - Processing /home/airflow/.local/lib/python3.12/site-packages/airflow/example_dags/example_params_trigger_ui.py took 0.285 seconds
[2026-08-06T06:25:48.581+0000] {processor.py:186} INFO - Started process (PID=1275) to work on /home/airflow/.local/lib/python3.12/site-packages/airflow/example_dags/example_params_trigger_ui.py
[2026-08-06T06:25:48.583+0000] {processor.py:914} INFO - Processing file /home/airflow/.local/lib/python3.12/site-packages/airflow/example_dags/example_params_trigger_ui.py for tasks to queue
[2026-08-06T06:25:48.587+0000] {logging_mixin.py:190} INFO - [2026-08-06T06:25:48.586+0000] {dagbag.py:588} INFO - Filling up the DagBag from /home/airflow/.local/lib/python3.12/site-packages/airflow/example_dags/example_params_trigger_ui.py
[2026-08-06T06:25:48.606+0000] {processor.py:925} INFO - DAG(s) 'example_params_trigger_ui' retrieved from /home/airflow/.local/lib/python3.12/site-packages/airflow/example_dags/example_params_trigger_ui.py
[2026-08-06T06:25:48.671+0000] {logging_mixin.py:190} INFO - [2026-08-06T06:25:48.671+0000] {dag.py:3239} INFO - Sync 1 DAGs
[2026-08-06T06:25:48.688+0000] {logging_mixin.py:190} INFO - [2026-08-06T06:25:48.688+0000] {dag.py:4180} INFO - Setting next_dagrun for example_params_trigger_ui to None, run_after=None
[2026-08-06T06:25:48.718+0000] {processor.py:208} INFO - Processing /home/airflow/.local/lib/python3.12/site-packages/airflow/example_dags/example_params_trigger_ui.py took 0.145 seconds
[2026-08-06T06:26:19.414+0000] {processor.py:186} INFO - Started process (PID=1339) to work on /home/airflow/.local/lib/python3.12/site-packages/airflow/example_dags/example_params_trigger_ui.py
[2026-08-06T06:26:19.416+0000] {processor.py:914} INFO - Processing file /home/airflow/.local/lib/python3.12/site-packages/airflow/example_dags/example_params_trigger_ui.py for tasks to queue
[2026-08-06T06:26:19.421+0000] {logging_mixin.py:190} INFO - [2026-08-06T06:26:19.420+0000] {dagbag.py:588} INFO - Filling up the DagBag from /home/airflow/.local/lib/python3.12/site-packages/airflow/example_dags/example_params_trigger_ui.py
[2026-08-06T06:26:19.447+0000] {processor.py:925} INFO - DAG(s) 'example_params_trigger_ui' retrieved from /home/airflow/.local/lib/python3.12/site-packages/airflow/example_dags/example_params_trigger_ui.py
[2026-08-06T06:26:19.522+0000] {logging_mixin.py:190} INFO - [2026-08-06T06:26:19.522+0000] {dag.py:3239} INFO - Sync 1 DAGs
[2026-08-06T06:26:19.542+0000] {logging_mixin.py:190} INFO - [2026-08-06T06:26:19.542+0000] {dag.py:4180} INFO - Setting next_dagrun for example_params_trigger_ui to None, run_after=None
[2026-08-06T06:26:19.603+0000] {processor.py:208} INFO - Processing /home/airflow/.local/lib/python3.12/site-packages/airflow/example_dags/example_params_trigger_ui.py took 0.197 seconds
[2026-08-06T06:26:50.514+0000] {processor.py:186} INFO - Started process (PID=1411) to work on /home/airflow/.local/lib/python3.12/site-packages/airflow/example_dags/example_params_trigger_ui.py
[2026-08-06T06:26:50.517+0000] {processor.py:914} INFO - Processing file /home/airflow/.local/lib/python3.12/site-packages/airflow/example_dags/example_params_trigger_ui.py for tasks to queue
[2026-08-06T06:26:50.521+0000] {logging_mixin.py:190} INFO - [2026-08-06T06:26:50.521+0000] {dagbag.py:588} INFO - Filling up the DagBag from /home/airflow/.local/lib/python3.12/site-packages/airflow/example_dags/example_params_trigger_ui.py
[2026-08-06T06:26:50.545+0000] {processor.py:925} INFO - DAG(s) 'example_params_trigger_ui' retrieved from /home/airflow/.local/lib/python3.12/site-packages/airflow/example_dags/example_params_trigger_ui.py
[2026-08-06T06:26:50.624+0000] {logging_mixin.py:190} INFO - [2026-08-06T06:26:50.624+0000] {dag.py:3239} INFO - Sync 1 DAGs
[2026-08-06T06:26:50.646+0000] {logging_mixin.py:190} INFO - [2026-08-06T06:26:50.646+0000] {dag.py:4180} INFO - Setting next_dagrun for example_params_trigger_ui to None, run_after=None
[2026-08-06T06:26:50.723+0000] {processor.py:208} INFO - Processing /home/airflow/.local/lib/python3.12/site-packages/airflow/example_dags/example_params_trigger_ui.py took 0.218 seconds
[2026-08-06T06:28:51.616+0000] {processor.py:186} INFO - Started process (PID=105) to work on /home/airflow/.local/lib/python3.12/site-packages/airflow/example_dags/example_params_trigger_ui.py
[2026-08-06T06:28:51.618+0000] {processor.py:914} INFO - Processing file /home/airflow/.local/lib/python3.12/site-packages/airflow/example_dags/example_params_trigger_ui.py for tasks to queue
[2026-08-06T06:28:51.623+0000] {logging_mixin.py:190} INFO - [2026-08-06T06:28:51.622+0000] {dagbag.py:588} INFO - Filling up the DagBag from /home/airflow/.local/lib/python3.12/site-packages/airflow/example_dags/example_params_trigger_ui.py
[2026-08-06T06:28:51.641+0000] {processor.py:925} INFO - DAG(s) 'example_params_trigger_ui' retrieved from /home/airflow/.local/lib/python3.12/site-packages/airflow/example_dags/example_params_trigger_ui.py
[2026-08-06T06:28:51.718+0000] {logging_mixin.py:190} INFO - [2026-08-06T06:28:51.718+0000] {dag.py:3239} INFO - Sync 1 DAGs
[2026-08-06T06:28:51.749+0000] {logging_mixin.py:190} INFO - [2026-08-06T06:28:51.749+0000] {dag.py:4180} INFO - Setting next_dagrun for example_params_trigger_ui to None, run_after=None
[2026-08-06T06:28:51.788+0000] {processor.py:208} INFO - Processing /home/airflow/.local/lib/python3.12/site-packages/airflow/example_dags/example_params_trigger_ui.py took 0.180 seconds
[2026-08-06T06:29:23.736+0000] {processor.py:186} INFO - Started process (PID=168) to work on /home/airflow/.local/lib/python3.12/site-packages/airflow/example_dags/example_params_trigger_ui.py
[2026-08-06T06:29:23.738+0000] {processor.py:914} INFO - Processing file /home/airflow/.local/lib/python3.12/site-packages/airflow/example_dags/example_params_trigger_ui.py for tasks to queue
[2026-08-06T06:29:23.743+0000] {logging_mixin.py:190} INFO - [2026-08-06T06:29:23.742+0000] {dagbag.py:588} INFO - Filling up the DagBag from /home/airflow/.local/lib/python3.12/site-packages/airflow/example_dags/example_params_trigger_ui.py
[2026-08-06T06:29:23.764+0000] {processor.py:925} INFO - DAG(s) 'example_params_trigger_ui' retrieved from /home/airflow/.local/lib/python3.12/site-packages/airflow/example_dags/example_params_trigger_ui.py
[2026-08-06T06:29:23.830+0000] {logging_mixin.py:190} INFO - [2026-08-06T06:29:23.830+0000] {dag.py:3239} INFO - Sync 1 DAGs
[2026-08-06T06:29:23.857+0000] {logging_mixin.py:190} INFO - [2026-08-06T06:29:23.856+0000] {dag.py:4180} INFO - Setting next_dagrun for example_params_trigger_ui to None, run_after=None
[2026-08-06T06:29:23.890+0000] {processor.py:208} INFO - Processing /home/airflow/.local/lib/python3.12/site-packages/airflow/example_dags/example_params_trigger_ui.py took 0.165 seconds
[2026-08-06T06:29:54.280+0000] {processor.py:186} INFO - Started process (PID=231) to work on /home/airflow/.local/lib/python3.12/site-packages/airflow/example_dags/example_params_trigger_ui.py
[2026-08-06T06:29:54.281+0000] {processor.py:914} INFO - Processing file /home/airflow/.local/lib/python3.12/site-packages/airflow/example_dags/example_params_trigger_ui.py for tasks to queue
[2026-08-06T06:29:54.284+0000] {logging_mixin.py:190} INFO - [2026-08-06T06:29:54.284+0000] {dagbag.py:588} INFO - Filling up the DagBag from /home/airflow/.local/lib/python3.12/site-packages/airflow/example_dags/example_params_trigger_ui.py
[2026-08-06T06:29:54.299+0000] {processor.py:925} INFO - DAG(s) 'example_params_trigger_ui' retrieved from /home/airflow/.local/lib/python3.12/site-packages/airflow/example_dags/example_params_trigger_ui.py
[2026-08-06T06:29:54.362+0000] {logging_mixin.py:190} INFO - [2026-08-06T06:29:54.361+0000] {dag.py:3239} INFO - Sync 1 DAGs
[2026-08-06T06:29:54.393+0000] {logging_mixin.py:190} INFO - [2026-08-06T06:29:54.392+0000] {dag.py:4180} INFO - Setting next_dagrun for example_params_trigger_ui to None, run_after=None
[2026-08-06T06:29:54.415+0000] {processor.py:208} INFO - Processing /home/airflow/.local/lib/python3.12/site-packages/airflow/example_dags/example_params_trigger_ui.py took 0.142 seconds
[2026-08-06T06:31:56.288+0000] {processor.py:186} INFO - Started process (PID=111) to work on /home/airflow/.local/lib/python3.12/site-packages/airflow/example_dags/example_params_trigger_ui.py
[2026-08-06T06:31:56.291+0000] {processor.py:914} INFO - Processing file /home/airflow/.local/lib/python3.12/site-packages/airflow/example_dags/example_params_trigger_ui.py for tasks to queue
[2026-08-06T06:31:56.296+0000] {logging_mixin.py:190} INFO - [2026-08-06T06:31:56.296+0000] {dagbag.py:588} INFO - Filling up the DagBag from /home/airflow/.local/lib/python3.12/site-packages/airflow/example_dags/example_params_trigger_ui.py
[2026-08-06T06:31:56.327+0000] {processor.py:925} INFO - DAG(s) 'example_params_trigger_ui' retrieved from /home/airflow/.local/lib/python3.12/site-packages/airflow/example_dags/example_params_trigger_ui.py
[2026-08-06T06:31:56.429+0000] {logging_mixin.py:190} INFO - [2026-08-06T06:31:56.428+0000] {dag.py:3239} INFO - Sync 1 DAGs
[2026-08-06T06:31:56.467+0000] {logging_mixin.py:190} INFO - [2026-08-06T06:31:56.466+0000] {dag.py:4180} INFO - Setting next_dagrun for example_params_trigger_ui to None, run_after=None
[2026-08-06T06:31:56.521+0000] {processor.py:208} INFO - Processing /home/airflow/.local/lib/python3.12/site-packages/airflow/example_dags/example_params_trigger_ui.py took 0.248 seconds
[2026-08-06T06:32:28.637+0000] {processor.py:186} INFO - Started process (PID=175) to work on /home/airflow/.local/lib/python3.12/site-packages/airflow/example_dags/example_params_trigger_ui.py
[2026-08-06T06:32:28.641+0000] {processor.py:914} INFO - Processing file /home/airflow/.local/lib/python3.12/site-packages/airflow/example_dags/example_params_trigger_ui.py for tasks to queue
[2026-08-06T06:32:28.649+0000] {logging_mixin.py:190} INFO - [2026-08-06T06:32:28.648+0000] {dagbag.py:588} INFO - Filling up the DagBag from /home/airflow/.local/lib/python3.12/site-packages/airflow/example_dags/example_params_trigger_ui.py
[2026-08-06T06:32:28.695+0000] {processor.py:925} INFO - DAG(s) 'example_params_trigger_ui' retrieved from /home/airflow/.local/lib/python3.12/site-packages/airflow/example_dags/example_params_trigger_ui.py
[2026-08-06T06:32:28.795+0000] {logging_mixin.py:190} INFO - [2026-08-06T06:32:28.794+0000] {dag.py:3239} INFO - Sync 1 DAGs
[2026-08-06T06:32:28.844+0000] {logging_mixin.py:190} INFO - [2026-08-06T06:32:28.843+0000] {dag.py:4180} INFO - Setting next_dagrun for example_params_trigger_ui to None, run_after=None
[2026-08-06T06:32:28.900+0000] {processor.py:208} INFO - Processing /home/airflow/.local/lib/python3.12/site-packages/airflow/example_dags/example_params_trigger_ui.py took 0.276 seconds
[2026-08-06T06:32:59.492+0000] {processor.py:186} INFO - Started process (PID=239) to work on /home/airflow/.local/lib/python3.12/site-packages/airflow/example_dags/example_params_trigger_ui.py
[2026-08-06T06:32:59.494+0000] {processor.py:914} INFO - Processing file /home/airflow/.local/lib/python3.12/site-packages/airflow/example_dags/example_params_trigger_ui.py for tasks to queue
[2026-08-06T06:32:59.499+0000] {logging_mixin.py:190} INFO - [2026-08-06T06:32:59.498+0000] {dagbag.py:588} INFO - Filling up the DagBag from /home/airflow/.local/lib/python3.12/site-packages/airflow/example_dags/example_params_trigger_ui.py
[2026-08-06T06:32:59.529+0000] {processor.py:925} INFO - DAG(s) 'example_params_trigger_ui' retrieved from /home/airflow/.local/lib/python3.12/site-packages/airflow/example_dags/example_params_trigger_ui.py
[2026-08-06T06:32:59.618+0000] {logging_mixin.py:190} INFO - [2026-08-06T06:32:59.618+0000] {dag.py:3239} INFO - Sync 1 DAGs
[2026-08-06T06:32:59.654+0000] {logging_mixin.py:190} INFO - [2026-08-06T06:32:59.653+0000] {dag.py:4180} INFO - Setting next_dagrun for example_params_trigger_ui to None, run_after=None
[2026-08-06T06:32:59.698+0000] {processor.py:208} INFO - Processing /home/airflow/.local/lib/python3.12/site-packages/airflow/example_dags/example_params_trigger_ui.py took 0.216 seconds
[2026-08-06T06:33:32.741+0000] {processor.py:186} INFO - Started process (PID=302) to work on /home/airflow/.local/lib/python3.12/site-packages/airflow/example_dags/example_params_trigger_ui.py
[2026-08-06T06:33:32.744+0000] {processor.py:914} INFO - Processing file /home/airflow/.local/lib/python3.12/site-packages/airflow/example_dags/example_params_trigger_ui.py for tasks to queue
[2026-08-06T06:33:32.748+0000] {logging_mixin.py:190} INFO - [2026-08-06T06:33:32.747+0000] {dagbag.py:588} INFO - Filling up the DagBag from /home/airflow/.local/lib/python3.12/site-packages/airflow/example_dags/example_params_trigger_ui.py
[2026-08-06T06:33:32.779+0000] {processor.py:925} INFO - DAG(s) 'example_params_trigger_ui' retrieved from /home/airflow/.local/lib/python3.12/site-packages/airflow/example_dags/example_params_trigger_ui.py
[2026-08-06T06:33:32.900+0000] {logging_mixin.py:190} INFO - [2026-08-06T06:33:32.899+0000] {dag.py:3239} INFO - Sync 1 DAGs
[2026-08-06T06:33:32.932+0000] {logging_mixin.py:190} INFO - [2026-08-06T06:33:32.931+0000] {dag.py:4180} INFO - Setting next_dagrun for example_params_trigger_ui to None, run_after=None
[2026-08-06T06:33:32.994+0000] {processor.py:208} INFO - Processing /home/airflow/.local/lib/python3.12/site-packages/airflow/example_dags/example_params_trigger_ui.py took 0.267 seconds
[2026-08-06T06:34:04.146+0000] {processor.py:186} INFO - Started process (PID=367) to work on /home/airflow/.local/lib/python3.12/site-packages/airflow/example_dags/example_params_trigger_ui.py
[2026-08-06T06:34:04.148+0000] {processor.py:914} INFO - Processing file /home/airflow/.local/lib/python3.12/site-packages/airflow/example_dags/example_params_trigger_ui.py for tasks to queue
[2026-08-06T06:34:04.155+0000] {logging_mixin.py:190} INFO - [2026-08-06T06:34:04.154+0000] {dagbag.py:588} INFO - Filling up the DagBag from /home/airflow/.local/lib/python3.12/site-packages/airflow/example_dags/example_params_trigger_ui.py
[2026-08-06T06:34:04.185+0000] {processor.py:925} INFO - DAG(s) 'example_params_trigger_ui' retrieved from /home/airflow/.local/lib/python3.12/site-packages/airflow/example_dags/example_params_trigger_ui.py
[2026-08-06T06:34:04.326+0000] {logging_mixin.py:190} INFO - [2026-08-06T06:34:04.325+0000] {dag.py:3239} INFO - Sync 1 DAGs
[2026-08-06T06:34:04.367+0000] {logging_mixin.py:190} INFO - [2026-08-06T06:34:04.367+0000] {dag.py:4180} INFO - Setting next_dagrun for example_params_trigger_ui to None, run_after=None
[2026-08-06T06:34:04.422+0000] {processor.py:208} INFO - Processing /home/airflow/.local/lib/python3.12/site-packages/airflow/example_dags/example_params_trigger_ui.py took 0.292 seconds
[2026-08-06T06:34:35.547+0000] {processor.py:186} INFO - Started process (PID=431) to work on /home/airflow/.local/lib/python3.12/site-packages/airflow/example_dags/example_params_trigger_ui.py
[2026-08-06T06:34:35.548+0000] {processor.py:914} INFO - Processing file /home/airflow/.local/lib/python3.12/site-packages/airflow/example_dags/example_params_trigger_ui.py for tasks to queue
[2026-08-06T06:34:35.554+0000] {logging_mixin.py:190} INFO - [2026-08-06T06:34:35.553+0000] {dagbag.py:588} INFO - Filling up the DagBag from /home/airflow/.local/lib/python3.12/site-packages/airflow/example_dags/example_params_trigger_ui.py
[2026-08-06T06:34:35.576+0000] {processor.py:925} INFO - DAG(s) 'example_params_trigger_ui' retrieved from /home/airflow/.local/lib/python3.12/site-packages/airflow/example_dags/example_params_trigger_ui.py
[2026-08-06T06:34:35.664+0000] {logging_mixin.py:190} INFO - [2026-08-06T06:34:35.663+0000] {dag.py:3239} INFO - Sync 1 DAGs
[2026-08-06T06:34:35.688+0000] {logging_mixin.py:190} INFO - [2026-08-06T06:34:35.687+0000] {dag.py:4180} INFO - Setting next_dagrun for example_params_trigger_ui to None, run_after=None
[2026-08-06T06:34:35.732+0000] {processor.py:208} INFO - Processing /home/airflow/.local/lib/python3.12/site-packages/airflow/example_dags/example_params_trigger_ui.py took 0.195 seconds
[2026-08-06T06:35:07.671+0000] {processor.py:186} INFO - Started process (PID=495) to work on /home/airflow/.local/lib/python3.12/site-packages/airflow/example_dags/example_params_trigger_ui.py
[2026-08-06T06:35:07.673+0000] {processor.py:914} INFO - Processing file /home/airflow/.local/lib/python3.12/site-packages/airflow/example_dags/example_params_trigger_ui.py for tasks to queue
[2026-08-06T06:35:07.678+0000] {logging_mixin.py:190} INFO - [2026-08-06T06:35:07.677+0000] {dagbag.py:588} INFO - Filling up the DagBag from /home/airflow/.local/lib/python3.12/site-packages/airflow/example_dags/example_params_trigger_ui.py
[2026-08-06T06:35:07.695+0000] {processor.py:925} INFO - DAG(s) 'example_params_trigger_ui' retrieved from /home/airflow/.local/lib/python3.12/site-packages/airflow/example_dags/example_params_trigger_ui.py
[2026-08-06T06:35:07.762+0000] {logging_mixin.py:190} INFO - [2026-08-06T06:35:07.762+0000] {dag.py:3239} INFO - Sync 1 DAGs
[2026-08-06T06:35:07.790+0000] {logging_mixin.py:190} INFO - [2026-08-06T06:35:07.790+0000] {dag.py:4180} INFO - Setting next_dagrun for example_params_trigger_ui to None, run_after=None
[2026-08-06T06:35:07.833+0000] {processor.py:208} INFO - Processing /home/airflow/.local/lib/python3.12/site-packages/airflow/example_dags/example_params_trigger_ui.py took 0.172 seconds
[2026-08-06T06:35:39.868+0000] {processor.py:186} INFO - Started process (PID=559) to work on /home/airflow/.local/lib/python3.12/site-packages/airflow/example_dags/example_params_trigger_ui.py
[2026-08-06T06:35:39.870+0000] {processor.py:914} INFO - Processing file /home/airflow/.local/lib/python3.12/site-packages/airflow/example_dags/example_params_trigger_ui.py for tasks to queue
[2026-08-06T06:35:39.875+0000] {logging_mixin.py:190} INFO - [2026-08-06T06:35:39.874+0000] {dagbag.py:588} INFO - Filling up the DagBag from /home/airflow/.local/lib/python3.12/site-packages/airflow/example_dags/example_params_trigger_ui.py
[2026-08-06T06:35:39.898+0000] {processor.py:925} INFO - DAG(s) 'example_params_trigger_ui' retrieved from /home/airflow/.local/lib/python3.12/site-packages/airflow/example_dags/example_params_trigger_ui.py
[2026-08-06T06:35:39.989+0000] {logging_mixin.py:190} INFO - [2026-08-06T06:35:39.988+0000] {dag.py:3239} INFO - Sync 1 DAGs
[2026-08-06T06:35:40.023+0000] {logging_mixin.py:190} INFO - [2026-08-06T06:35:40.023+0000] {dag.py:4180} INFO - Setting next_dagrun for example_params_trigger_ui to None, run_after=None
[2026-08-06T06:35:40.114+0000] {processor.py:208} INFO - Processing /home/airflow/.local/lib/python3.12/site-packages/airflow/example_dags/example_params_trigger_ui.py took 0.258 seconds
[2026-08-06T06:36:11.725+0000] {processor.py:186} INFO - Started process (PID=630) to work on /home/airflow/.local/lib/python3.12/site-packages/airflow/example_dags/example_params_trigger_ui.py
[2026-08-06T06:36:11.727+0000] {processor.py:914} INFO - Processing file /home/airflow/.local/lib/python3.12/site-packages/airflow/example_dags/example_params_trigger_ui.py for tasks to queue
[2026-08-06T06:36:11.732+0000] {logging_mixin.py:190} INFO - [2026-08-06T06:36:11.732+0000] {dagbag.py:588} INFO - Filling up the DagBag from /home/airflow/.local/lib/python3.12/site-packages/airflow/example_dags/example_params_trigger_ui.py
[2026-08-06T06:36:11.758+0000] {processor.py:925} INFO - DAG(s) 'example_params_trigger_ui' retrieved from /home/airflow/.local/lib/python3.12/site-packages/airflow/example_dags/example_params_trigger_ui.py
[2026-08-06T06:36:11.853+0000] {logging_mixin.py:190} INFO - [2026-08-06T06:36:11.853+0000] {dag.py:3239} INFO - Sync 1 DAGs
[2026-08-06T06:36:11.892+0000] {logging_mixin.py:190} INFO - [2026-08-06T06:36:11.891+0000] {dag.py:4180} INFO - Setting next_dagrun for example_params_trigger_ui to None, run_after=None
[2026-08-06T06:36:11.949+0000] {processor.py:208} INFO - Processing /home/airflow/.local/lib/python3.12/site-packages/airflow/example_dags/example_params_trigger_ui.py took 0.235 seconds
[2026-08-06T06:36:43.584+0000] {processor.py:186} INFO - Started process (PID=694) to work on /home/airflow/.local/lib/python3.12/site-packages/airflow/example_dags/example_params_trigger_ui.py
[2026-08-06T06:36:43.586+0000] {processor.py:914} INFO - Processing file /home/airflow/.local/lib/python3.12/site-packages/airflow/example_dags/example_params_trigger_ui.py for tasks to queue
[2026-08-06T06:36:43.592+0000] {logging_mixin.py:190} INFO - [2026-08-06T06:36:43.592+0000] {dagbag.py:588} INFO - Filling up the DagBag from /home/airflow/.local/lib/python3.12/site-packages/airflow/example_dags/example_params_trigger_ui.py
[2026-08-06T06:36:43.621+0000] {processor.py:925} INFO - DAG(s) 'example_params_trigger_ui' retrieved from /home/airflow/.local/lib/python3.12/site-packages/airflow/example_dags/example_params_trigger_ui.py
[2026-08-06T06:36:43.693+0000] {logging_mixin.py:190} INFO - [2026-08-06T06:36:43.692+0000] {dag.py:3239} INFO - Sync 1 DAGs
[2026-08-06T06:36:43.738+0000] {logging_mixin.py:190} INFO - [2026-08-06T06:36:43.737+0000] {dag.py:4180} INFO - Setting next_dagrun for example_params_trigger_ui to None, run_after=None
[2026-08-06T06:36:43.804+0000] {processor.py:208} INFO - Processing /home/airflow/.local/lib/python3.12/site-packages/airflow/example_dags/example_params_trigger_ui.py took 0.228 seconds
[2026-08-06T06:37:15.040+0000] {processor.py:186} INFO - Started process (PID=758) to work on /home/airflow/.local/lib/python3.12/site-packages/airflow/example_dags/example_params_trigger_ui.py
[2026-08-06T06:37:15.043+0000] {processor.py:914} INFO - Processing file /home/airflow/.local/lib/python3.12/site-packages/airflow/example_dags/example_params_trigger_ui.py for tasks to queue
[2026-08-06T06:37:15.050+0000] {logging_mixin.py:190} INFO - [2026-08-06T06:37:15.049+0000] {dagbag.py:588} INFO - Filling up the DagBag from /home/airflow/.local/lib/python3.12/site-packages/airflow/example_dags/example_params_trigger_ui.py
[2026-08-06T06:37:15.066+0000] {processor.py:925} INFO - DAG(s) 'example_params_trigger_ui' retrieved from /home/airflow/.local/lib/python3.12/site-packages/airflow/example_dags/example_params_trigger_ui.py
[2026-08-06T06:37:15.119+0000] {logging_mixin.py:190} INFO - [2026-08-06T06:37:15.119+0000] {dag.py:3239} INFO - Sync 1 DAGs
[2026-08-06T06:37:15.137+0000] {logging_mixin.py:190} INFO - [2026-08-06T06:37:15.137+0000] {dag.py:4180} INFO - Setting next_dagrun for example_params_trigger_ui to None, run_after=None
[2026-08-06T06:37:15.202+0000] {processor.py:208} INFO - Processing /home/airflow/.local/lib/python3.12/site-packages/airflow/example_dags/example_params_trigger_ui.py took 0.169 seconds
[2026-08-06T06:37:46.914+0000] {processor.py:186} INFO - Started process (PID=822) to work on /home/airflow/.local/lib/python3.12/site-packages/airflow/example_dags/example_params_trigger_ui.py
[2026-08-06T06:37:46.916+0000] {processor.py:914} INFO - Processing file /home/airflow/.local/lib/python3.12/site-packages/airflow/example_dags/example_params_trigger_ui.py for tasks to queue
[2026-08-06T06:37:46.922+0000] {logging_mixin.py:190} INFO - [2026-08-06T06:37:46.921+0000] {dagbag.py:588} INFO - Filling up the DagBag from /home/airflow/.local/lib/python3.12/site-packages/airflow/example_dags/example_params_trigger_ui.py
[2026-08-06T06:37:46.939+0000] {processor.py:925} INFO - DAG(s) 'example_params_trigger_ui' retrieved from /home/airflow/.local/lib/python3.12/site-packages/airflow/example_dags/example_params_trigger_ui.py
[2026-08-06T06:37:47.013+0000] {logging_mixin.py:190} INFO - [2026-08-06T06:37:47.013+0000] {dag.py:3239} INFO - Sync 1 DAGs
[2026-08-06T06:37:47.048+0000] {logging_mixin.py:190} INFO - [2026-08-06T06:37:47.047+0000] {dag.py:4180} INFO - Setting next_dagrun for example_params_trigger_ui to None, run_after=None
[2026-08-06T06:37:47.098+0000] {processor.py:208} INFO - Processing /home/airflow/.local/lib/python3.12/site-packages/airflow/example_dags/example_params_trigger_ui.py took 0.192 seconds
[2026-08-06T06:38:18.071+0000] {processor.py:186} INFO - Started process (PID=885) to work on /home/airflow/.local/lib/python3.12/site-packages/airflow/example_dags/example_params_trigger_ui.py
[2026-08-06T06:38:18.073+0000] {processor.py:914} INFO - Processing file /home/airflow/.local/lib/python3.12/site-packages/airflow/example_dags/example_params_trigger_ui.py for tasks to queue
[2026-08-06T06:38:18.077+0000] {logging_mixin.py:190} INFO - [2026-08-06T06:38:18.076+0000] {dagbag.py:588} INFO - Filling up the DagBag from /home/airflow/.local/lib/python3.12/site-packages/airflow/example_dags/example_params_trigger_ui.py
[2026-08-06T06:38:18.094+0000] {processor.py:925} INFO - DAG(s) 'example_params_trigger_ui' retrieved from /home/airflow/.local/lib/python3.12/site-packages/airflow/example_dags/example_params_trigger_ui.py
[2026-08-06T06:38:18.176+0000] {logging_mixin.py:190} INFO - [2026-08-06T06:38:18.175+0000] {dag.py:3239} INFO - Sync 1 DAGs
[2026-08-06T06:38:18.201+0000] {logging_mixin.py:190} INFO - [2026-08-06T06:38:18.201+0000] {dag.py:4180} INFO - Setting next_dagrun for example_params_trigger_ui to None, run_after=None
[2026-08-06T06:38:18.241+0000] {processor.py:208} INFO - Processing /home/airflow/.local/lib/python3.12/site-packages/airflow/example_dags/example_params_trigger_ui.py took 0.184 seconds
[2026-08-06T15:28:43.960+0000] {processor.py:186} INFO - Started process (PID=114) to work on /home/airflow/.local/lib/python3.12/site-packages/airflow/example_dags/example_params_trigger_ui.py
[2026-08-06T15:28:43.962+0000] {processor.py:914} INFO - Processing file /home/airflow/.local/lib/python3.12/site-packages/airflow/example_dags/example_params_trigger_ui.py for tasks to queue
[2026-08-06T15:28:43.966+0000] {logging_mixin.py:190} INFO - [2026-08-06T15:28:43.966+0000] {dagbag.py:588} INFO - Filling up the DagBag from /home/airflow/.local/lib/python3.12/site-packages/airflow/example_dags/example_params_trigger_ui.py
[2026-08-06T15:28:43.986+0000] {processor.py:925} INFO - DAG(s) 'example_params_trigger_ui' retrieved from /home/airflow/.local/lib/python3.12/site-packages/airflow/example_dags/example_params_trigger_ui.py
[2026-08-06T15:28:44.080+0000] {logging_mixin.py:190} INFO - [2026-08-06T15:28:44.080+0000] {dag.py:3239} INFO - Sync 1 DAGs
[2026-08-06T15:28:44.118+0000] {logging_mixin.py:190} INFO - [2026-08-06T15:28:44.118+0000] {dag.py:4180} INFO - Setting next_dagrun for example_params_trigger_ui to None, run_after=None
[2026-08-06T15:28:44.183+0000] {processor.py:208} INFO - Processing /home/airflow/.local/lib/python3.12/site-packages/airflow/example_dags/example_params_trigger_ui.py took 0.231 seconds
[2026-08-06T15:29:16.087+0000] {processor.py:186} INFO - Started process (PID=178) to work on /home/airflow/.local/lib/python3.12/site-packages/airflow/example_dags/example_params_trigger_ui.py
[2026-08-06T15:29:16.090+0000] {processor.py:914} INFO - Processing file /home/airflow/.local/lib/python3.12/site-packages/airflow/example_dags/example_params_trigger_ui.py for tasks to queue
[2026-08-06T15:29:16.095+0000] {logging_mixin.py:190} INFO - [2026-08-06T15:29:16.094+0000] {dagbag.py:588} INFO - Filling up the DagBag from /home/airflow/.local/lib/python3.12/site-packages/airflow/example_dags/example_params_trigger_ui.py
[2026-08-06T15:29:16.126+0000] {processor.py:925} INFO - DAG(s) 'example_params_trigger_ui' retrieved from /home/airflow/.local/lib/python3.12/site-packages/airflow/example_dags/example_params_trigger_ui.py
[2026-08-06T15:29:16.221+0000] {logging_mixin.py:190} INFO - [2026-08-06T15:29:16.221+0000] {dag.py:3239} INFO - Sync 1 DAGs
[2026-08-06T15:29:16.253+0000] {logging_mixin.py:190} INFO - [2026-08-06T15:29:16.252+0000] {dag.py:4180} INFO - Setting next_dagrun for example_params_trigger_ui to None, run_after=None
[2026-08-06T15:29:16.325+0000] {processor.py:208} INFO - Processing /home/airflow/.local/lib/python3.12/site-packages/airflow/example_dags/example_params_trigger_ui.py took 0.251 seconds
[2026-08-06T15:29:46.933+0000] {processor.py:186} INFO - Started process (PID=242) to work on /home/airflow/.local/lib/python3.12/site-packages/airflow/example_dags/example_params_trigger_ui.py
[2026-08-06T15:29:46.935+0000] {processor.py:914} INFO - Processing file /home/airflow/.local/lib/python3.12/site-packages/airflow/example_dags/example_params_trigger_ui.py for tasks to queue
[2026-08-06T15:29:46.940+0000] {logging_mixin.py:190} INFO - [2026-08-06T15:29:46.939+0000] {dagbag.py:588} INFO - Filling up the DagBag from /home/airflow/.local/lib/python3.12/site-packages/airflow/example_dags/example_params_trigger_ui.py
[2026-08-06T15:29:46.957+0000] {processor.py:925} INFO - DAG(s) 'example_params_trigger_ui' retrieved from /home/airflow/.local/lib/python3.12/site-packages/airflow/example_dags/example_params_trigger_ui.py
[2026-08-06T15:29:47.023+0000] {logging_mixin.py:190} INFO - [2026-08-06T15:29:47.023+0000] {dag.py:3239} INFO - Sync 1 DAGs
[2026-08-06T15:29:47.048+0000] {logging_mixin.py:190} INFO - [2026-08-06T15:29:47.048+0000] {dag.py:4180} INFO - Setting next_dagrun for example_params_trigger_ui to None, run_after=None
[2026-08-06T15:29:47.115+0000] {processor.py:208} INFO - Processing /home/airflow/.local/lib/python3.12/site-packages/airflow/example_dags/example_params_trigger_ui.py took 0.193 seconds
[2026-08-06T15:30:20.024+0000] {processor.py:186} INFO - Started process (PID=306) to work on /home/airflow/.local/lib/python3.12/site-packages/airflow/example_dags/example_params_trigger_ui.py
[2026-08-06T15:30:20.027+0000] {processor.py:914} INFO - Processing file /home/airflow/.local/lib/python3.12/site-packages/airflow/example_dags/example_params_trigger_ui.py for tasks to queue
[2026-08-06T15:30:20.033+0000] {logging_mixin.py:190} INFO - [2026-08-06T15:30:20.032+0000] {dagbag.py:588} INFO - Filling up the DagBag from /home/airflow/.local/lib/python3.12/site-packages/airflow/example_dags/example_params_trigger_ui.py
[2026-08-06T15:30:20.058+0000] {processor.py:925} INFO - DAG(s) 'example_params_trigger_ui' retrieved from /home/airflow/.local/lib/python3.12/site-packages/airflow/example_dags/example_params_trigger_ui.py
[2026-08-06T15:30:20.182+0000] {logging_mixin.py:190} INFO - [2026-08-06T15:30:20.181+0000] {dag.py:3239} INFO - Sync 1 DAGs
[2026-08-06T15:30:20.231+0000] {logging_mixin.py:190} INFO - [2026-08-06T15:30:20.231+0000] {dag.py:4180} INFO - Setting next_dagrun for example_params_trigger_ui to None, run_after=None
[2026-08-06T15:30:20.295+0000] {processor.py:208} INFO - Processing /home/airflow/.local/lib/python3.12/site-packages/airflow/example_dags/example_params_trigger_ui.py took 0.289 seconds
[2026-08-06T15:30:51.326+0000] {processor.py:186} INFO - Started process (PID=369) to work on /home/airflow/.local/lib/python3.12/site-packages/airflow/example_dags/example_params_trigger_ui.py
[2026-08-06T15:30:51.329+0000] {processor.py:914} INFO - Processing file /home/airflow/.local/lib/python3.12/site-packages/airflow/example_dags/example_params_trigger_ui.py for tasks to queue
[2026-08-06T15:30:51.335+0000] {logging_mixin.py:190} INFO - [2026-08-06T15:30:51.334+0000] {dagbag.py:588} INFO - Filling up the DagBag from /home/airflow/.local/lib/python3.12/site-packages/airflow/example_dags/example_params_trigger_ui.py
[2026-08-06T15:30:51.370+0000] {processor.py:925} INFO - DAG(s) 'example_params_trigger_ui' retrieved from /home/airflow/.local/lib/python3.12/site-packages/airflow/example_dags/example_params_trigger_ui.py
[2026-08-06T15:30:51.488+0000] {logging_mixin.py:190} INFO - [2026-08-06T15:30:51.487+0000] {dag.py:3239} INFO - Sync 1 DAGs
[2026-08-06T15:30:51.519+0000] {logging_mixin.py:190} INFO - [2026-08-06T15:30:51.518+0000] {dag.py:4180} INFO - Setting next_dagrun for example_params_trigger_ui to None, run_after=None
[2026-08-06T15:30:51.602+0000] {processor.py:208} INFO - Processing /home/airflow/.local/lib/python3.12/site-packages/airflow/example_dags/example_params_trigger_ui.py took 0.294 seconds
[2026-08-06T15:31:22.909+0000] {processor.py:186} INFO - Started process (PID=434) to work on /home/airflow/.local/lib/python3.12/site-packages/airflow/example_dags/example_params_trigger_ui.py
[2026-08-06T15:31:22.911+0000] {processor.py:914} INFO - Processing file /home/airflow/.local/lib/python3.12/site-packages/airflow/example_dags/example_params_trigger_ui.py for tasks to queue
[2026-08-06T15:31:22.916+0000] {logging_mixin.py:190} INFO - [2026-08-06T15:31:22.916+0000] {dagbag.py:588} INFO - Filling up the DagBag from /home/airflow/.local/lib/python3.12/site-packages/airflow/example_dags/example_params_trigger_ui.py
[2026-08-06T15:31:22.943+0000] {processor.py:925} INFO - DAG(s) 'example_params_trigger_ui' retrieved from /home/airflow/.local/lib/python3.12/site-packages/airflow/example_dags/example_params_trigger_ui.py
[2026-08-06T15:31:23.037+0000] {logging_mixin.py:190} INFO - [2026-08-06T15:31:23.037+0000] {dag.py:3239} INFO - Sync 1 DAGs
[2026-08-06T15:31:23.058+0000] {logging_mixin.py:190} INFO - [2026-08-06T15:31:23.058+0000] {dag.py:4180} INFO - Setting next_dagrun for example_params_trigger_ui to None, run_after=None
[2026-08-06T15:31:23.128+0000] {processor.py:208} INFO - Processing /home/airflow/.local/lib/python3.12/site-packages/airflow/example_dags/example_params_trigger_ui.py took 0.229 seconds
[2026-08-06T15:31:55.953+0000] {processor.py:186} INFO - Started process (PID=498) to work on /home/airflow/.local/lib/python3.12/site-packages/airflow/example_dags/example_params_trigger_ui.py
[2026-08-06T15:31:55.956+0000] {processor.py:914} INFO - Processing file /home/airflow/.local/lib/python3.12/site-packages/airflow/example_dags/example_params_trigger_ui.py for tasks to queue
[2026-08-06T15:31:55.962+0000] {logging_mixin.py:190} INFO - [2026-08-06T15:31:55.961+0000] {dagbag.py:588} INFO - Filling up the DagBag from /home/airflow/.local/lib/python3.12/site-packages/airflow/example_dags/example_params_trigger_ui.py
[2026-08-06T15:31:55.990+0000] {processor.py:925} INFO - DAG(s) 'example_params_trigger_ui' retrieved from /home/airflow/.local/lib/python3.12/site-packages/airflow/example_dags/example_params_trigger_ui.py
[2026-08-06T15:31:56.082+0000] {logging_mixin.py:190} INFO - [2026-08-06T15:31:56.082+0000] {dag.py:3239} INFO - Sync 1 DAGs
[2026-08-06T15:31:56.109+0000] {logging_mixin.py:190} INFO - [2026-08-06T15:31:56.108+0000] {dag.py:4180} INFO - Setting next_dagrun for example_params_trigger_ui to None, run_after=None
[2026-08-06T15:31:56.162+0000] {processor.py:208} INFO - Processing /home/airflow/.local/lib/python3.12/site-packages/airflow/example_dags/example_params_trigger_ui.py took 0.220 seconds
[2026-08-06T15:32:27.869+0000] {processor.py:186} INFO - Started process (PID=562) to work on /home/airflow/.local/lib/python3.12/site-packages/airflow/example_dags/example_params_trigger_ui.py
[2026-08-06T15:32:27.874+0000] {processor.py:914} INFO - Processing file /home/airflow/.local/lib/python3.12/site-packages/airflow/example_dags/example_params_trigger_ui.py for tasks to queue
[2026-08-06T15:32:27.883+0000] {logging_mixin.py:190} INFO - [2026-08-06T15:32:27.882+0000] {dagbag.py:588} INFO - Filling up the DagBag from /home/airflow/.local/lib/python3.12/site-packages/airflow/example_dags/example_params_trigger_ui.py
[2026-08-06T15:32:27.917+0000] {processor.py:925} INFO - DAG(s) 'example_params_trigger_ui' retrieved from /home/airflow/.local/lib/python3.12/site-packages/airflow/example_dags/example_params_trigger_ui.py
[2026-08-06T15:32:28.029+0000] {logging_mixin.py:190} INFO - [2026-08-06T15:32:28.028+0000] {dag.py:3239} INFO - Sync 1 DAGs
[2026-08-06T15:32:28.068+0000] {logging_mixin.py:190} INFO - [2026-08-06T15:32:28.067+0000] {dag.py:4180} INFO - Setting next_dagrun for example_params_trigger_ui to None, run_after=None
[2026-08-06T15:32:28.141+0000] {processor.py:208} INFO - Processing /home/airflow/.local/lib/python3.12/site-packages/airflow/example_dags/example_params_trigger_ui.py took 0.294 seconds
[2026-08-06T15:33:01.858+0000] {processor.py:186} INFO - Started process (PID=634) to work on /home/airflow/.local/lib/python3.12/site-packages/airflow/example_dags/example_params_trigger_ui.py
[2026-08-06T15:33:01.861+0000] {processor.py:914} INFO - Processing file /home/airflow/.local/lib/python3.12/site-packages/airflow/example_dags/example_params_trigger_ui.py for tasks to queue
[2026-08-06T15:33:01.867+0000] {logging_mixin.py:190} INFO - [2026-08-06T15:33:01.866+0000] {dagbag.py:588} INFO - Filling up the DagBag from /home/airflow/.local/lib/python3.12/site-packages/airflow/example_dags/example_params_trigger_ui.py
[2026-08-06T15:33:01.898+0000] {processor.py:925} INFO - DAG(s) 'example_params_trigger_ui' retrieved from /home/airflow/.local/lib/python3.12/site-packages/airflow/example_dags/example_params_trigger_ui.py
[2026-08-06T15:33:02.027+0000] {logging_mixin.py:190} INFO - [2026-08-06T15:33:02.026+0000] {dag.py:3239} INFO - Sync 1 DAGs
[2026-08-06T15:33:02.089+0000] {logging_mixin.py:190} INFO - [2026-08-06T15:33:02.088+0000] {dag.py:4180} INFO - Setting next_dagrun for example_params_trigger_ui to None, run_after=None
[2026-08-06T15:33:02.184+0000] {processor.py:208} INFO - Processing /home/airflow/.local/lib/python3.12/site-packages/airflow/example_dags/example_params_trigger_ui.py took 0.348 seconds
[2026-08-06T15:33:32.405+0000] {processor.py:186} INFO - Started process (PID=697) to work on /home/airflow/.local/lib/python3.12/site-packages/airflow/example_dags/example_params_trigger_ui.py
[2026-08-06T15:33:32.408+0000] {processor.py:914} INFO - Processing file /home/airflow/.local/lib/python3.12/site-packages/airflow/example_dags/example_params_trigger_ui.py for tasks to queue
[2026-08-06T15:33:32.414+0000] {logging_mixin.py:190} INFO - [2026-08-06T15:33:32.413+0000] {dagbag.py:588} INFO - Filling up the DagBag from /home/airflow/.local/lib/python3.12/site-packages/airflow/example_dags/example_params_trigger_ui.py
[2026-08-06T15:33:32.452+0000] {processor.py:925} INFO - DAG(s) 'example_params_trigger_ui' retrieved from /home/airflow/.local/lib/python3.12/site-packages/airflow/example_dags/example_params_trigger_ui.py
[2026-08-06T15:33:32.559+0000] {logging_mixin.py:190} INFO - [2026-08-06T15:33:32.559+0000] {dag.py:3239} INFO - Sync 1 DAGs
[2026-08-06T15:33:32.610+0000] {logging_mixin.py:190} INFO - [2026-08-06T15:33:32.609+0000] {dag.py:4180} INFO - Setting next_dagrun for example_params_trigger_ui to None, run_after=None
[2026-08-06T15:33:32.710+0000] {processor.py:208} INFO - Processing /home/airflow/.local/lib/python3.12/site-packages/airflow/example_dags/example_params_trigger_ui.py took 0.331 seconds
[2026-08-06T15:34:06.838+0000] {processor.py:186} INFO - Started process (PID=767) to work on /home/airflow/.local/lib/python3.12/site-packages/airflow/example_dags/example_params_trigger_ui.py
[2026-08-06T15:34:06.841+0000] {processor.py:914} INFO - Processing file /home/airflow/.local/lib/python3.12/site-packages/airflow/example_dags/example_params_trigger_ui.py for tasks to queue
[2026-08-06T15:34:06.847+0000] {logging_mixin.py:190} INFO - [2026-08-06T15:34:06.846+0000] {dagbag.py:588} INFO - Filling up the DagBag from /home/airflow/.local/lib/python3.12/site-packages/airflow/example_dags/example_params_trigger_ui.py
[2026-08-06T15:34:06.876+0000] {processor.py:925} INFO - DAG(s) 'example_params_trigger_ui' retrieved from /home/airflow/.local/lib/python3.12/site-packages/airflow/example_dags/example_params_trigger_ui.py
[2026-08-06T15:34:07.026+0000] {logging_mixin.py:190} INFO - [2026-08-06T15:34:07.025+0000] {dag.py:3239} INFO - Sync 1 DAGs
[2026-08-06T15:34:07.066+0000] {logging_mixin.py:190} INFO - [2026-08-06T15:34:07.066+0000] {dag.py:4180} INFO - Setting next_dagrun for example_params_trigger_ui to None, run_after=None
[2026-08-06T15:34:07.123+0000] {processor.py:208} INFO - Processing /home/airflow/.local/lib/python3.12/site-packages/airflow/example_dags/example_params_trigger_ui.py took 0.304 seconds
[2026-08-06T15:34:39.799+0000] {processor.py:186} INFO - Started process (PID=831) to work on /home/airflow/.local/lib/python3.12/site-packages/airflow/example_dags/example_params_trigger_ui.py
[2026-08-06T15:34:39.802+0000] {processor.py:914} INFO - Processing file /home/airflow/.local/lib/python3.12/site-packages/airflow/example_dags/example_params_trigger_ui.py for tasks to queue
[2026-08-06T15:34:39.809+0000] {logging_mixin.py:190} INFO - [2026-08-06T15:34:39.808+0000] {dagbag.py:588} INFO - Filling up the DagBag from /home/airflow/.local/lib/python3.12/site-packages/airflow/example_dags/example_params_trigger_ui.py
[2026-08-06T15:34:39.844+0000] {processor.py:925} INFO - DAG(s) 'example_params_trigger_ui' retrieved from /home/airflow/.local/lib/python3.12/site-packages/airflow/example_dags/example_params_trigger_ui.py
[2026-08-06T15:34:39.986+0000] {logging_mixin.py:190} INFO - [2026-08-06T15:34:39.985+0000] {dag.py:3239} INFO - Sync 1 DAGs
[2026-08-06T15:34:40.040+0000] {logging_mixin.py:190} INFO - [2026-08-06T15:34:40.040+0000] {dag.py:4180} INFO - Setting next_dagrun for example_params_trigger_ui to None, run_after=None
[2026-08-06T15:34:40.129+0000] {processor.py:208} INFO - Processing /home/airflow/.local/lib/python3.12/site-packages/airflow/example_dags/example_params_trigger_ui.py took 0.351 seconds
[2026-08-06T15:35:12.899+0000] {processor.py:186} INFO - Started process (PID=895) to work on /home/airflow/.local/lib/python3.12/site-packages/airflow/example_dags/example_params_trigger_ui.py
[2026-08-06T15:35:12.907+0000] {processor.py:914} INFO - Processing file /home/airflow/.local/lib/python3.12/site-packages/airflow/example_dags/example_params_trigger_ui.py for tasks to queue
[2026-08-06T15:35:12.924+0000] {logging_mixin.py:190} INFO - [2026-08-06T15:35:12.921+0000] {dagbag.py:588} INFO - Filling up the DagBag from /home/airflow/.local/lib/python3.12/site-packages/airflow/example_dags/example_params_trigger_ui.py
[2026-08-06T15:35:13.014+0000] {processor.py:925} INFO - DAG(s) 'example_params_trigger_ui' retrieved from /home/airflow/.local/lib/python3.12/site-packages/airflow/example_dags/example_params_trigger_ui.py
[2026-08-06T15:35:13.221+0000] {logging_mixin.py:190} INFO - [2026-08-06T15:35:13.218+0000] {dag.py:3239} INFO - Sync 1 DAGs
[2026-08-06T15:35:13.266+0000] {logging_mixin.py:190} INFO - [2026-08-06T15:35:13.265+0000] {dag.py:4180} INFO - Setting next_dagrun for example_params_trigger_ui to None, run_after=None
[2026-08-06T15:35:13.418+0000] {processor.py:208} INFO - Processing /home/airflow/.local/lib/python3.12/site-packages/airflow/example_dags/example_params_trigger_ui.py took 0.571 seconds
[2026-08-06T15:35:46.347+0000] {processor.py:186} INFO - Started process (PID=959) to work on /home/airflow/.local/lib/python3.12/site-packages/airflow/example_dags/example_params_trigger_ui.py
[2026-08-06T15:35:46.352+0000] {processor.py:914} INFO - Processing file /home/airflow/.local/lib/python3.12/site-packages/airflow/example_dags/example_params_trigger_ui.py for tasks to queue
[2026-08-06T15:35:46.360+0000] {logging_mixin.py:190} INFO - [2026-08-06T15:35:46.358+0000] {dagbag.py:588} INFO - Filling up the DagBag from /home/airflow/.local/lib/python3.12/site-packages/airflow/example_dags/example_params_trigger_ui.py
[2026-08-06T15:35:46.395+0000] {processor.py:925} INFO - DAG(s) 'example_params_trigger_ui' retrieved from /home/airflow/.local/lib/python3.12/site-packages/airflow/example_dags/example_params_trigger_ui.py
[2026-08-06T15:35:46.569+0000] {logging_mixin.py:190} INFO - [2026-08-06T15:35:46.568+0000] {dag.py:3239} INFO - Sync 1 DAGs
[2026-08-06T15:35:46.600+0000] {logging_mixin.py:190} INFO - [2026-08-06T15:35:46.599+0000] {dag.py:4180} INFO - Setting next_dagrun for example_params_trigger_ui to None, run_after=None
[2026-08-06T15:35:46.680+0000] {processor.py:208} INFO - Processing /home/airflow/.local/lib/python3.12/site-packages/airflow/example_dags/example_params_trigger_ui.py took 0.343 seconds
[2026-08-06T15:36:19.266+0000] {processor.py:186} INFO - Started process (PID=1023) to work on /home/airflow/.local/lib/python3.12/site-packages/airflow/example_dags/example_params_trigger_ui.py
[2026-08-06T15:36:19.275+0000] {processor.py:914} INFO - Processing file /home/airflow/.local/lib/python3.12/site-packages/airflow/example_dags/example_params_trigger_ui.py for tasks to queue
[2026-08-06T15:36:19.300+0000] {logging_mixin.py:190} INFO - [2026-08-06T15:36:19.298+0000] {dagbag.py:588} INFO - Filling up the DagBag from /home/airflow/.local/lib/python3.12/site-packages/airflow/example_dags/example_params_trigger_ui.py
[2026-08-06T15:36:19.344+0000] {processor.py:925} INFO - DAG(s) 'example_params_trigger_ui' retrieved from /home/airflow/.local/lib/python3.12/site-packages/airflow/example_dags/example_params_trigger_ui.py
[2026-08-06T15:36:19.526+0000] {logging_mixin.py:190} INFO - [2026-08-06T15:36:19.525+0000] {dag.py:3239} INFO - Sync 1 DAGs
[2026-08-06T15:36:19.557+0000] {logging_mixin.py:190} INFO - [2026-08-06T15:36:19.557+0000] {dag.py:4180} INFO - Setting next_dagrun for example_params_trigger_ui to None, run_after=None
[2026-08-06T15:36:19.667+0000] {processor.py:208} INFO - Processing /home/airflow/.local/lib/python3.12/site-packages/airflow/example_dags/example_params_trigger_ui.py took 0.441 seconds
[2026-08-06T15:36:50.505+0000] {processor.py:186} INFO - Started process (PID=1087) to work on /home/airflow/.local/lib/python3.12/site-packages/airflow/example_dags/example_params_trigger_ui.py
[2026-08-06T15:36:50.508+0000] {processor.py:914} INFO - Processing file /home/airflow/.local/lib/python3.12/site-packages/airflow/example_dags/example_params_trigger_ui.py for tasks to queue
[2026-08-06T15:36:50.522+0000] {logging_mixin.py:190} INFO - [2026-08-06T15:36:50.520+0000] {dagbag.py:588} INFO - Filling up the DagBag from /home/airflow/.local/lib/python3.12/site-packages/airflow/example_dags/example_params_trigger_ui.py
[2026-08-06T15:36:50.568+0000] {processor.py:925} INFO - DAG(s) 'example_params_trigger_ui' retrieved from /home/airflow/.local/lib/python3.12/site-packages/airflow/example_dags/example_params_trigger_ui.py
[2026-08-06T15:36:50.688+0000] {logging_mixin.py:190} INFO - [2026-08-06T15:36:50.687+0000] {dag.py:3239} INFO - Sync 1 DAGs
[2026-08-06T15:36:50.722+0000] {logging_mixin.py:190} INFO - [2026-08-06T15:36:50.720+0000] {dag.py:4180} INFO - Setting next_dagrun for example_params_trigger_ui to None, run_after=None
[2026-08-06T15:36:50.817+0000] {processor.py:208} INFO - Processing /home/airflow/.local/lib/python3.12/site-packages/airflow/example_dags/example_params_trigger_ui.py took 0.336 seconds
[2026-08-06T15:37:23.345+0000] {processor.py:186} INFO - Started process (PID=1155) to work on /home/airflow/.local/lib/python3.12/site-packages/airflow/example_dags/example_params_trigger_ui.py
[2026-08-06T15:37:23.360+0000] {processor.py:914} INFO - Processing file /home/airflow/.local/lib/python3.12/site-packages/airflow/example_dags/example_params_trigger_ui.py for tasks to queue
[2026-08-06T15:37:23.379+0000] {logging_mixin.py:190} INFO - [2026-08-06T15:37:23.378+0000] {dagbag.py:588} INFO - Filling up the DagBag from /home/airflow/.local/lib/python3.12/site-packages/airflow/example_dags/example_params_trigger_ui.py
[2026-08-06T15:37:23.426+0000] {processor.py:925} INFO - DAG(s) 'example_params_trigger_ui' retrieved from /home/airflow/.local/lib/python3.12/site-packages/airflow/example_dags/example_params_trigger_ui.py
[2026-08-06T15:37:23.602+0000] {logging_mixin.py:190} INFO - [2026-08-06T15:37:23.601+0000] {dag.py:3239} INFO - Sync 1 DAGs
[2026-08-06T15:37:23.662+0000] {logging_mixin.py:190} INFO - [2026-08-06T15:37:23.661+0000] {dag.py:4180} INFO - Setting next_dagrun for example_params_trigger_ui to None, run_after=None
[2026-08-06T15:37:23.750+0000] {processor.py:208} INFO - Processing /home/airflow/.local/lib/python3.12/site-packages/airflow/example_dags/example_params_trigger_ui.py took 0.450 seconds
[2026-08-06T15:37:54.136+0000] {processor.py:186} INFO - Started process (PID=1219) to work on /home/airflow/.local/lib/python3.12/site-packages/airflow/example_dags/example_params_trigger_ui.py
[2026-08-06T15:37:54.140+0000] {processor.py:914} INFO - Processing file /home/airflow/.local/lib/python3.12/site-packages/airflow/example_dags/example_params_trigger_ui.py for tasks to queue
[2026-08-06T15:37:54.148+0000] {logging_mixin.py:190} INFO - [2026-08-06T15:37:54.147+0000] {dagbag.py:588} INFO - Filling up the DagBag from /home/airflow/.local/lib/python3.12/site-packages/airflow/example_dags/example_params_trigger_ui.py
[2026-08-06T15:37:54.181+0000] {processor.py:925} INFO - DAG(s) 'example_params_trigger_ui' retrieved from /home/airflow/.local/lib/python3.12/site-packages/airflow/example_dags/example_params_trigger_ui.py
[2026-08-06T15:37:54.315+0000] {logging_mixin.py:190} INFO - [2026-08-06T15:37:54.313+0000] {dag.py:3239} INFO - Sync 1 DAGs
[2026-08-06T15:37:54.360+0000] {logging_mixin.py:190} INFO - [2026-08-06T15:37:54.359+0000] {dag.py:4180} INFO - Setting next_dagrun for example_params_trigger_ui to None, run_after=None
[2026-08-06T15:37:54.456+0000] {processor.py:208} INFO - Processing /home/airflow/.local/lib/python3.12/site-packages/airflow/example_dags/example_params_trigger_ui.py took 0.339 seconds
[2026-08-06T15:38:26.918+0000] {processor.py:186} INFO - Started process (PID=1284) to work on /home/airflow/.local/lib/python3.12/site-packages/airflow/example_dags/example_params_trigger_ui.py
[2026-08-06T15:38:26.921+0000] {processor.py:914} INFO - Processing file /home/airflow/.local/lib/python3.12/site-packages/airflow/example_dags/example_params_trigger_ui.py for tasks to queue
[2026-08-06T15:38:26.927+0000] {logging_mixin.py:190} INFO - [2026-08-06T15:38:26.926+0000] {dagbag.py:588} INFO - Filling up the DagBag from /home/airflow/.local/lib/python3.12/site-packages/airflow/example_dags/example_params_trigger_ui.py
[2026-08-06T15:38:26.953+0000] {processor.py:925} INFO - DAG(s) 'example_params_trigger_ui' retrieved from /home/airflow/.local/lib/python3.12/site-packages/airflow/example_dags/example_params_trigger_ui.py
[2026-08-06T15:38:27.049+0000] {logging_mixin.py:190} INFO - [2026-08-06T15:38:27.048+0000] {dag.py:3239} INFO - Sync 1 DAGs
[2026-08-06T15:38:27.086+0000] {logging_mixin.py:190} INFO - [2026-08-06T15:38:27.086+0000] {dag.py:4180} INFO - Setting next_dagrun for example_params_trigger_ui to None, run_after=None
[2026-08-06T15:38:27.138+0000] {processor.py:208} INFO - Processing /home/airflow/.local/lib/python3.12/site-packages/airflow/example_dags/example_params_trigger_ui.py took 0.234 seconds
[2026-08-06T15:38:58.935+0000] {processor.py:186} INFO - Started process (PID=1348) to work on /home/airflow/.local/lib/python3.12/site-packages/airflow/example_dags/example_params_trigger_ui.py
[2026-08-06T15:38:58.940+0000] {processor.py:914} INFO - Processing file /home/airflow/.local/lib/python3.12/site-packages/airflow/example_dags/example_params_trigger_ui.py for tasks to queue
[2026-08-06T15:38:58.949+0000] {logging_mixin.py:190} INFO - [2026-08-06T15:38:58.947+0000] {dagbag.py:588} INFO - Filling up the DagBag from /home/airflow/.local/lib/python3.12/site-packages/airflow/example_dags/example_params_trigger_ui.py
[2026-08-06T15:38:58.996+0000] {processor.py:925} INFO - DAG(s) 'example_params_trigger_ui' retrieved from /home/airflow/.local/lib/python3.12/site-packages/airflow/example_dags/example_params_trigger_ui.py
[2026-08-06T15:38:59.109+0000] {logging_mixin.py:190} INFO - [2026-08-06T15:38:59.109+0000] {dag.py:3239} INFO - Sync 1 DAGs
[2026-08-06T15:38:59.155+0000] {logging_mixin.py:190} INFO - [2026-08-06T15:38:59.153+0000] {dag.py:4180} INFO - Setting next_dagrun for example_params_trigger_ui to None, run_after=None
[2026-08-06T15:38:59.219+0000] {processor.py:208} INFO - Processing /home/airflow/.local/lib/python3.12/site-packages/airflow/example_dags/example_params_trigger_ui.py took 0.302 seconds
[2026-08-06T15:39:31.229+0000] {processor.py:186} INFO - Started process (PID=1412) to work on /home/airflow/.local/lib/python3.12/site-packages/airflow/example_dags/example_params_trigger_ui.py
[2026-08-06T15:39:31.232+0000] {processor.py:914} INFO - Processing file /home/airflow/.local/lib/python3.12/site-packages/airflow/example_dags/example_params_trigger_ui.py for tasks to queue
[2026-08-06T15:39:31.238+0000] {logging_mixin.py:190} INFO - [2026-08-06T15:39:31.237+0000] {dagbag.py:588} INFO - Filling up the DagBag from /home/airflow/.local/lib/python3.12/site-packages/airflow/example_dags/example_params_trigger_ui.py
[2026-08-06T15:39:31.259+0000] {processor.py:925} INFO - DAG(s) 'example_params_trigger_ui' retrieved from /home/airflow/.local/lib/python3.12/site-packages/airflow/example_dags/example_params_trigger_ui.py
[2026-08-06T15:39:31.336+0000] {logging_mixin.py:190} INFO - [2026-08-06T15:39:31.335+0000] {dag.py:3239} INFO - Sync 1 DAGs
[2026-08-06T15:39:31.369+0000] {logging_mixin.py:190} INFO - [2026-08-06T15:39:31.368+0000] {dag.py:4180} INFO - Setting next_dagrun for example_params_trigger_ui to None, run_after=None
[2026-08-06T15:39:31.443+0000] {processor.py:208} INFO - Processing /home/airflow/.local/lib/python3.12/site-packages/airflow/example_dags/example_params_trigger_ui.py took 0.225 seconds
[2026-08-06T15:40:01.957+0000] {processor.py:186} INFO - Started process (PID=1476) to work on /home/airflow/.local/lib/python3.12/site-packages/airflow/example_dags/example_params_trigger_ui.py
[2026-08-06T15:40:01.959+0000] {processor.py:914} INFO - Processing file /home/airflow/.local/lib/python3.12/site-packages/airflow/example_dags/example_params_trigger_ui.py for tasks to queue
[2026-08-06T15:40:01.962+0000] {logging_mixin.py:190} INFO - [2026-08-06T15:40:01.962+0000] {dagbag.py:588} INFO - Filling up the DagBag from /home/airflow/.local/lib/python3.12/site-packages/airflow/example_dags/example_params_trigger_ui.py
[2026-08-06T15:40:01.985+0000] {processor.py:925} INFO - DAG(s) 'example_params_trigger_ui' retrieved from /home/airflow/.local/lib/python3.12/site-packages/airflow/example_dags/example_params_trigger_ui.py
[2026-08-06T15:40:02.060+0000] {logging_mixin.py:190} INFO - [2026-08-06T15:40:02.059+0000] {dag.py:3239} INFO - Sync 1 DAGs
[2026-08-06T15:40:02.083+0000] {logging_mixin.py:190} INFO - [2026-08-06T15:40:02.082+0000] {dag.py:4180} INFO - Setting next_dagrun for example_params_trigger_ui to None, run_after=None
[2026-08-06T15:40:02.152+0000] {processor.py:208} INFO - Processing /home/airflow/.local/lib/python3.12/site-packages/airflow/example_dags/example_params_trigger_ui.py took 0.204 seconds
[2026-08-06T15:40:33.034+0000] {processor.py:186} INFO - Started process (PID=1540) to work on /home/airflow/.local/lib/python3.12/site-packages/airflow/example_dags/example_params_trigger_ui.py
[2026-08-06T15:40:33.037+0000] {processor.py:914} INFO - Processing file /home/airflow/.local/lib/python3.12/site-packages/airflow/example_dags/example_params_trigger_ui.py for tasks to queue
[2026-08-06T15:40:33.041+0000] {logging_mixin.py:190} INFO - [2026-08-06T15:40:33.040+0000] {dagbag.py:588} INFO - Filling up the DagBag from /home/airflow/.local/lib/python3.12/site-packages/airflow/example_dags/example_params_trigger_ui.py
[2026-08-06T15:40:33.065+0000] {processor.py:925} INFO - DAG(s) 'example_params_trigger_ui' retrieved from /home/airflow/.local/lib/python3.12/site-packages/airflow/example_dags/example_params_trigger_ui.py
[2026-08-06T15:40:33.134+0000] {logging_mixin.py:190} INFO - [2026-08-06T15:40:33.134+0000] {dag.py:3239} INFO - Sync 1 DAGs
[2026-08-06T15:40:33.155+0000] {logging_mixin.py:190} INFO - [2026-08-06T15:40:33.155+0000] {dag.py:4180} INFO - Setting next_dagrun for example_params_trigger_ui to None, run_after=None
[2026-08-06T15:40:33.184+0000] {processor.py:208} INFO - Processing /home/airflow/.local/lib/python3.12/site-packages/airflow/example_dags/example_params_trigger_ui.py took 0.160 seconds
[2026-08-06T15:43:30.447+0000] {processor.py:186} INFO - Started process (PID=132) to work on /home/airflow/.local/lib/python3.12/site-packages/airflow/example_dags/example_params_trigger_ui.py
[2026-08-06T15:43:30.450+0000] {processor.py:914} INFO - Processing file /home/airflow/.local/lib/python3.12/site-packages/airflow/example_dags/example_params_trigger_ui.py for tasks to queue
[2026-08-06T15:43:30.455+0000] {logging_mixin.py:190} INFO - [2026-08-06T15:43:30.454+0000] {dagbag.py:588} INFO - Filling up the DagBag from /home/airflow/.local/lib/python3.12/site-packages/airflow/example_dags/example_params_trigger_ui.py
[2026-08-06T15:43:30.481+0000] {processor.py:925} INFO - DAG(s) 'example_params_trigger_ui' retrieved from /home/airflow/.local/lib/python3.12/site-packages/airflow/example_dags/example_params_trigger_ui.py
[2026-08-06T15:43:30.589+0000] {logging_mixin.py:190} INFO - [2026-08-06T15:43:30.589+0000] {dag.py:3239} INFO - Sync 1 DAGs
[2026-08-06T15:43:30.626+0000] {logging_mixin.py:190} INFO - [2026-08-06T15:43:30.626+0000] {dag.py:4180} INFO - Setting next_dagrun for example_params_trigger_ui to None, run_after=None
[2026-08-06T15:43:30.728+0000] {processor.py:208} INFO - Processing /home/airflow/.local/lib/python3.12/site-packages/airflow/example_dags/example_params_trigger_ui.py took 0.294 seconds
[2026-08-06T15:44:01.513+0000] {processor.py:186} INFO - Started process (PID=196) to work on /home/airflow/.local/lib/python3.12/site-packages/airflow/example_dags/example_params_trigger_ui.py
[2026-08-06T15:44:01.516+0000] {processor.py:914} INFO - Processing file /home/airflow/.local/lib/python3.12/site-packages/airflow/example_dags/example_params_trigger_ui.py for tasks to queue
[2026-08-06T15:44:01.521+0000] {logging_mixin.py:190} INFO - [2026-08-06T15:44:01.520+0000] {dagbag.py:588} INFO - Filling up the DagBag from /home/airflow/.local/lib/python3.12/site-packages/airflow/example_dags/example_params_trigger_ui.py
[2026-08-06T15:44:01.543+0000] {processor.py:925} INFO - DAG(s) 'example_params_trigger_ui' retrieved from /home/airflow/.local/lib/python3.12/site-packages/airflow/example_dags/example_params_trigger_ui.py
[2026-08-06T15:44:01.617+0000] {logging_mixin.py:190} INFO - [2026-08-06T15:44:01.616+0000] {dag.py:3239} INFO - Sync 1 DAGs
[2026-08-06T15:44:01.642+0000] {logging_mixin.py:190} INFO - [2026-08-06T15:44:01.641+0000] {dag.py:4180} INFO - Setting next_dagrun for example_params_trigger_ui to None, run_after=None
[2026-08-06T15:44:01.705+0000] {processor.py:208} INFO - Processing /home/airflow/.local/lib/python3.12/site-packages/airflow/example_dags/example_params_trigger_ui.py took 0.207 seconds
[2026-08-06T15:44:34.170+0000] {processor.py:186} INFO - Started process (PID=260) to work on /home/airflow/.local/lib/python3.12/site-packages/airflow/example_dags/example_params_trigger_ui.py
[2026-08-06T15:44:34.173+0000] {processor.py:914} INFO - Processing file /home/airflow/.local/lib/python3.12/site-packages/airflow/example_dags/example_params_trigger_ui.py for tasks to queue
[2026-08-06T15:44:34.177+0000] {logging_mixin.py:190} INFO - [2026-08-06T15:44:34.177+0000] {dagbag.py:588} INFO - Filling up the DagBag from /home/airflow/.local/lib/python3.12/site-packages/airflow/example_dags/example_params_trigger_ui.py
[2026-08-06T15:44:34.202+0000] {processor.py:925} INFO - DAG(s) 'example_params_trigger_ui' retrieved from /home/airflow/.local/lib/python3.12/site-packages/airflow/example_dags/example_params_trigger_ui.py
[2026-08-06T15:44:34.274+0000] {logging_mixin.py:190} INFO - [2026-08-06T15:44:34.274+0000] {dag.py:3239} INFO - Sync 1 DAGs
[2026-08-06T15:44:34.293+0000] {logging_mixin.py:190} INFO - [2026-08-06T15:44:34.292+0000] {dag.py:4180} INFO - Setting next_dagrun for example_params_trigger_ui to None, run_after=None
[2026-08-06T15:44:34.332+0000] {processor.py:208} INFO - Processing /home/airflow/.local/lib/python3.12/site-packages/airflow/example_dags/example_params_trigger_ui.py took 0.172 seconds
[2026-08-06T15:45:04.817+0000] {processor.py:186} INFO - Started process (PID=324) to work on /home/airflow/.local/lib/python3.12/site-packages/airflow/example_dags/example_params_trigger_ui.py
[2026-08-06T15:45:04.819+0000] {processor.py:914} INFO - Processing file /home/airflow/.local/lib/python3.12/site-packages/airflow/example_dags/example_params_trigger_ui.py for tasks to queue
[2026-08-06T15:45:04.827+0000] {logging_mixin.py:190} INFO - [2026-08-06T15:45:04.826+0000] {dagbag.py:588} INFO - Filling up the DagBag from /home/airflow/.local/lib/python3.12/site-packages/airflow/example_dags/example_params_trigger_ui.py
[2026-08-06T15:45:04.851+0000] {processor.py:925} INFO - DAG(s) 'example_params_trigger_ui' retrieved from /home/airflow/.local/lib/python3.12/site-packages/airflow/example_dags/example_params_trigger_ui.py
[2026-08-06T15:45:04.949+0000] {logging_mixin.py:190} INFO - [2026-08-06T15:45:04.948+0000] {dag.py:3239} INFO - Sync 1 DAGs
[2026-08-06T15:45:05.027+0000] {logging_mixin.py:190} INFO - [2026-08-06T15:45:05.026+0000] {dag.py:4180} INFO - Setting next_dagrun for example_params_trigger_ui to None, run_after=None
[2026-08-06T15:45:05.075+0000] {processor.py:208} INFO - Processing /home/airflow/.local/lib/python3.12/site-packages/airflow/example_dags/example_params_trigger_ui.py took 0.272 seconds
[2026-08-06T15:45:35.639+0000] {processor.py:186} INFO - Started process (PID=387) to work on /home/airflow/.local/lib/python3.12/site-packages/airflow/example_dags/example_params_trigger_ui.py
[2026-08-06T15:45:35.640+0000] {processor.py:914} INFO - Processing file /home/airflow/.local/lib/python3.12/site-packages/airflow/example_dags/example_params_trigger_ui.py for tasks to queue
[2026-08-06T15:45:35.645+0000] {logging_mixin.py:190} INFO - [2026-08-06T15:45:35.644+0000] {dagbag.py:588} INFO - Filling up the DagBag from /home/airflow/.local/lib/python3.12/site-packages/airflow/example_dags/example_params_trigger_ui.py
[2026-08-06T15:45:35.669+0000] {processor.py:925} INFO - DAG(s) 'example_params_trigger_ui' retrieved from /home/airflow/.local/lib/python3.12/site-packages/airflow/example_dags/example_params_trigger_ui.py
[2026-08-06T15:45:35.801+0000] {logging_mixin.py:190} INFO - [2026-08-06T15:45:35.801+0000] {dag.py:3239} INFO - Sync 1 DAGs
[2026-08-06T15:45:35.822+0000] {logging_mixin.py:190} INFO - [2026-08-06T15:45:35.822+0000] {dag.py:4180} INFO - Setting next_dagrun for example_params_trigger_ui to None, run_after=None
[2026-08-06T15:45:35.856+0000] {processor.py:208} INFO - Processing /home/airflow/.local/lib/python3.12/site-packages/airflow/example_dags/example_params_trigger_ui.py took 0.228 seconds
[2026-08-06T15:48:01.042+0000] {processor.py:186} INFO - Started process (PID=106) to work on /home/airflow/.local/lib/python3.12/site-packages/airflow/example_dags/example_params_trigger_ui.py
[2026-08-06T15:48:01.044+0000] {processor.py:914} INFO - Processing file /home/airflow/.local/lib/python3.12/site-packages/airflow/example_dags/example_params_trigger_ui.py for tasks to queue
[2026-08-06T15:48:01.049+0000] {logging_mixin.py:190} INFO - [2026-08-06T15:48:01.048+0000] {dagbag.py:588} INFO - Filling up the DagBag from /home/airflow/.local/lib/python3.12/site-packages/airflow/example_dags/example_params_trigger_ui.py
[2026-08-06T15:48:01.079+0000] {processor.py:925} INFO - DAG(s) 'example_params_trigger_ui' retrieved from /home/airflow/.local/lib/python3.12/site-packages/airflow/example_dags/example_params_trigger_ui.py
[2026-08-06T15:48:01.204+0000] {logging_mixin.py:190} INFO - [2026-08-06T15:48:01.204+0000] {dag.py:3239} INFO - Sync 1 DAGs
[2026-08-06T15:48:01.252+0000] {logging_mixin.py:190} INFO - [2026-08-06T15:48:01.251+0000] {dag.py:4180} INFO - Setting next_dagrun for example_params_trigger_ui to None, run_after=None
[2026-08-06T15:48:01.290+0000] {processor.py:208} INFO - Processing /home/airflow/.local/lib/python3.12/site-packages/airflow/example_dags/example_params_trigger_ui.py took 0.258 seconds
[2026-08-06T15:48:32.683+0000] {processor.py:186} INFO - Started process (PID=188) to work on /home/airflow/.local/lib/python3.12/site-packages/airflow/example_dags/example_params_trigger_ui.py
[2026-08-06T15:48:32.713+0000] {processor.py:914} INFO - Processing file /home/airflow/.local/lib/python3.12/site-packages/airflow/example_dags/example_params_trigger_ui.py for tasks to queue
[2026-08-06T15:48:32.719+0000] {logging_mixin.py:190} INFO - [2026-08-06T15:48:32.719+0000] {dagbag.py:588} INFO - Filling up the DagBag from /home/airflow/.local/lib/python3.12/site-packages/airflow/example_dags/example_params_trigger_ui.py
[2026-08-06T15:48:32.751+0000] {processor.py:925} INFO - DAG(s) 'example_params_trigger_ui' retrieved from /home/airflow/.local/lib/python3.12/site-packages/airflow/example_dags/example_params_trigger_ui.py
[2026-08-06T15:48:32.884+0000] {logging_mixin.py:190} INFO - [2026-08-06T15:48:32.883+0000] {dag.py:3239} INFO - Sync 1 DAGs
[2026-08-06T15:48:32.913+0000] {logging_mixin.py:190} INFO - [2026-08-06T15:48:32.912+0000] {dag.py:4180} INFO - Setting next_dagrun for example_params_trigger_ui to None, run_after=None
[2026-08-06T15:48:32.966+0000] {processor.py:208} INFO - Processing /home/airflow/.local/lib/python3.12/site-packages/airflow/example_dags/example_params_trigger_ui.py took 0.297 seconds
[2026-08-06T15:49:06.459+0000] {processor.py:186} INFO - Started process (PID=267) to work on /home/airflow/.local/lib/python3.12/site-packages/airflow/example_dags/example_params_trigger_ui.py
[2026-08-06T15:49:06.466+0000] {processor.py:914} INFO - Processing file /home/airflow/.local/lib/python3.12/site-packages/airflow/example_dags/example_params_trigger_ui.py for tasks to queue
[2026-08-06T15:49:06.478+0000] {logging_mixin.py:190} INFO - [2026-08-06T15:49:06.477+0000] {dagbag.py:588} INFO - Filling up the DagBag from /home/airflow/.local/lib/python3.12/site-packages/airflow/example_dags/example_params_trigger_ui.py
[2026-08-06T15:49:06.517+0000] {processor.py:925} INFO - DAG(s) 'example_params_trigger_ui' retrieved from /home/airflow/.local/lib/python3.12/site-packages/airflow/example_dags/example_params_trigger_ui.py
[2026-08-06T15:49:06.673+0000] {logging_mixin.py:190} INFO - [2026-08-06T15:49:06.673+0000] {dag.py:3239} INFO - Sync 1 DAGs
[2026-08-06T15:49:06.710+0000] {logging_mixin.py:190} INFO - [2026-08-06T15:49:06.709+0000] {dag.py:4180} INFO - Setting next_dagrun for example_params_trigger_ui to None, run_after=None
[2026-08-06T15:49:06.760+0000] {processor.py:208} INFO - Processing /home/airflow/.local/lib/python3.12/site-packages/airflow/example_dags/example_params_trigger_ui.py took 0.317 seconds
[2026-08-06T15:49:36.893+0000] {processor.py:186} INFO - Started process (PID=331) to work on /home/airflow/.local/lib/python3.12/site-packages/airflow/example_dags/example_params_trigger_ui.py
[2026-08-06T15:49:36.895+0000] {processor.py:914} INFO - Processing file /home/airflow/.local/lib/python3.12/site-packages/airflow/example_dags/example_params_trigger_ui.py for tasks to queue
[2026-08-06T15:49:36.900+0000] {logging_mixin.py:190} INFO - [2026-08-06T15:49:36.899+0000] {dagbag.py:588} INFO - Filling up the DagBag from /home/airflow/.local/lib/python3.12/site-packages/airflow/example_dags/example_params_trigger_ui.py
[2026-08-06T15:49:36.929+0000] {processor.py:925} INFO - DAG(s) 'example_params_trigger_ui' retrieved from /home/airflow/.local/lib/python3.12/site-packages/airflow/example_dags/example_params_trigger_ui.py
[2026-08-06T15:49:37.039+0000] {logging_mixin.py:190} INFO - [2026-08-06T15:49:37.039+0000] {dag.py:3239} INFO - Sync 1 DAGs
[2026-08-06T15:49:37.061+0000] {logging_mixin.py:190} INFO - [2026-08-06T15:49:37.060+0000] {dag.py:4180} INFO - Setting next_dagrun for example_params_trigger_ui to None, run_after=None
[2026-08-06T15:49:37.107+0000] {processor.py:208} INFO - Processing /home/airflow/.local/lib/python3.12/site-packages/airflow/example_dags/example_params_trigger_ui.py took 0.229 seconds
[2026-08-06T15:50:09.603+0000] {processor.py:186} INFO - Started process (PID=394) to work on /home/airflow/.local/lib/python3.12/site-packages/airflow/example_dags/example_params_trigger_ui.py
[2026-08-06T15:50:09.605+0000] {processor.py:914} INFO - Processing file /home/airflow/.local/lib/python3.12/site-packages/airflow/example_dags/example_params_trigger_ui.py for tasks to queue
[2026-08-06T15:50:09.610+0000] {logging_mixin.py:190} INFO - [2026-08-06T15:50:09.609+0000] {dagbag.py:588} INFO - Filling up the DagBag from /home/airflow/.local/lib/python3.12/site-packages/airflow/example_dags/example_params_trigger_ui.py
[2026-08-06T15:50:09.630+0000] {processor.py:925} INFO - DAG(s) 'example_params_trigger_ui' retrieved from /home/airflow/.local/lib/python3.12/site-packages/airflow/example_dags/example_params_trigger_ui.py
[2026-08-06T15:50:09.718+0000] {logging_mixin.py:190} INFO - [2026-08-06T15:50:09.718+0000] {dag.py:3239} INFO - Sync 1 DAGs
[2026-08-06T15:50:09.744+0000] {logging_mixin.py:190} INFO - [2026-08-06T15:50:09.744+0000] {dag.py:4180} INFO - Setting next_dagrun for example_params_trigger_ui to None, run_after=None
[2026-08-06T15:50:09.814+0000] {processor.py:208} INFO - Processing /home/airflow/.local/lib/python3.12/site-packages/airflow/example_dags/example_params_trigger_ui.py took 0.222 seconds
[2026-08-06T15:50:41.340+0000] {processor.py:186} INFO - Started process (PID=458) to work on /home/airflow/.local/lib/python3.12/site-packages/airflow/example_dags/example_params_trigger_ui.py
[2026-08-06T15:50:41.342+0000] {processor.py:914} INFO - Processing file /home/airflow/.local/lib/python3.12/site-packages/airflow/example_dags/example_params_trigger_ui.py for tasks to queue
[2026-08-06T15:50:41.345+0000] {logging_mixin.py:190} INFO - [2026-08-06T15:50:41.345+0000] {dagbag.py:588} INFO - Filling up the DagBag from /home/airflow/.local/lib/python3.12/site-packages/airflow/example_dags/example_params_trigger_ui.py
[2026-08-06T15:50:41.360+0000] {processor.py:925} INFO - DAG(s) 'example_params_trigger_ui' retrieved from /home/airflow/.local/lib/python3.12/site-packages/airflow/example_dags/example_params_trigger_ui.py
[2026-08-06T15:50:41.423+0000] {logging_mixin.py:190} INFO - [2026-08-06T15:50:41.423+0000] {dag.py:3239} INFO - Sync 1 DAGs
[2026-08-06T15:50:41.448+0000] {logging_mixin.py:190} INFO - [2026-08-06T15:50:41.447+0000] {dag.py:4180} INFO - Setting next_dagrun for example_params_trigger_ui to None, run_after=None
[2026-08-06T15:50:41.481+0000] {processor.py:208} INFO - Processing /home/airflow/.local/lib/python3.12/site-packages/airflow/example_dags/example_params_trigger_ui.py took 0.150 seconds
[2026-08-06T15:51:13.250+0000] {processor.py:186} INFO - Started process (PID=532) to work on /home/airflow/.local/lib/python3.12/site-packages/airflow/example_dags/example_params_trigger_ui.py
[2026-08-06T15:51:13.252+0000] {processor.py:914} INFO - Processing file /home/airflow/.local/lib/python3.12/site-packages/airflow/example_dags/example_params_trigger_ui.py for tasks to queue
[2026-08-06T15:51:13.256+0000] {logging_mixin.py:190} INFO - [2026-08-06T15:51:13.256+0000] {dagbag.py:588} INFO - Filling up the DagBag from /home/airflow/.local/lib/python3.12/site-packages/airflow/example_dags/example_params_trigger_ui.py
[2026-08-06T15:51:13.277+0000] {processor.py:925} INFO - DAG(s) 'example_params_trigger_ui' retrieved from /home/airflow/.local/lib/python3.12/site-packages/airflow/example_dags/example_params_trigger_ui.py
[2026-08-06T15:51:13.383+0000] {logging_mixin.py:190} INFO - [2026-08-06T15:51:13.382+0000] {dag.py:3239} INFO - Sync 1 DAGs
[2026-08-06T15:51:13.413+0000] {logging_mixin.py:190} INFO - [2026-08-06T15:51:13.413+0000] {dag.py:4180} INFO - Setting next_dagrun for example_params_trigger_ui to None, run_after=None
[2026-08-06T15:51:13.493+0000] {processor.py:208} INFO - Processing /home/airflow/.local/lib/python3.12/site-packages/airflow/example_dags/example_params_trigger_ui.py took 0.251 seconds
[2026-08-06T15:51:44.640+0000] {processor.py:186} INFO - Started process (PID=596) to work on /home/airflow/.local/lib/python3.12/site-packages/airflow/example_dags/example_params_trigger_ui.py
[2026-08-06T15:51:44.642+0000] {processor.py:914} INFO - Processing file /home/airflow/.local/lib/python3.12/site-packages/airflow/example_dags/example_params_trigger_ui.py for tasks to queue
[2026-08-06T15:51:44.645+0000] {logging_mixin.py:190} INFO - [2026-08-06T15:51:44.645+0000] {dagbag.py:588} INFO - Filling up the DagBag from /home/airflow/.local/lib/python3.12/site-packages/airflow/example_dags/example_params_trigger_ui.py
[2026-08-06T15:51:44.662+0000] {processor.py:925} INFO - DAG(s) 'example_params_trigger_ui' retrieved from /home/airflow/.local/lib/python3.12/site-packages/airflow/example_dags/example_params_trigger_ui.py
[2026-08-06T15:51:44.732+0000] {logging_mixin.py:190} INFO - [2026-08-06T15:51:44.732+0000] {dag.py:3239} INFO - Sync 1 DAGs
[2026-08-06T15:51:44.759+0000] {logging_mixin.py:190} INFO - [2026-08-06T15:51:44.758+0000] {dag.py:4180} INFO - Setting next_dagrun for example_params_trigger_ui to None, run_after=None
[2026-08-06T15:51:44.797+0000] {processor.py:208} INFO - Processing /home/airflow/.local/lib/python3.12/site-packages/airflow/example_dags/example_params_trigger_ui.py took 0.165 seconds
[2026-08-06T15:52:16.228+0000] {processor.py:186} INFO - Started process (PID=687) to work on /home/airflow/.local/lib/python3.12/site-packages/airflow/example_dags/example_params_trigger_ui.py
[2026-08-06T15:52:16.231+0000] {processor.py:914} INFO - Processing file /home/airflow/.local/lib/python3.12/site-packages/airflow/example_dags/example_params_trigger_ui.py for tasks to queue
[2026-08-06T15:52:16.236+0000] {logging_mixin.py:190} INFO - [2026-08-06T15:52:16.236+0000] {dagbag.py:588} INFO - Filling up the DagBag from /home/airflow/.local/lib/python3.12/site-packages/airflow/example_dags/example_params_trigger_ui.py
[2026-08-06T15:52:16.268+0000] {processor.py:925} INFO - DAG(s) 'example_params_trigger_ui' retrieved from /home/airflow/.local/lib/python3.12/site-packages/airflow/example_dags/example_params_trigger_ui.py
[2026-08-06T15:52:16.343+0000] {logging_mixin.py:190} INFO - [2026-08-06T15:52:16.342+0000] {dag.py:3239} INFO - Sync 1 DAGs
[2026-08-06T15:52:16.377+0000] {logging_mixin.py:190} INFO - [2026-08-06T15:52:16.377+0000] {dag.py:4180} INFO - Setting next_dagrun for example_params_trigger_ui to None, run_after=None
[2026-08-06T15:52:16.451+0000] {processor.py:208} INFO - Processing /home/airflow/.local/lib/python3.12/site-packages/airflow/example_dags/example_params_trigger_ui.py took 0.246 seconds
[2026-08-06T15:54:38.902+0000] {processor.py:186} INFO - Started process (PID=107) to work on /home/airflow/.local/lib/python3.12/site-packages/airflow/example_dags/example_params_trigger_ui.py
[2026-08-06T15:54:38.904+0000] {processor.py:914} INFO - Processing file /home/airflow/.local/lib/python3.12/site-packages/airflow/example_dags/example_params_trigger_ui.py for tasks to queue
[2026-08-06T15:54:38.913+0000] {logging_mixin.py:190} INFO - [2026-08-06T15:54:38.912+0000] {dagbag.py:588} INFO - Filling up the DagBag from /home/airflow/.local/lib/python3.12/site-packages/airflow/example_dags/example_params_trigger_ui.py
[2026-08-06T15:54:38.940+0000] {processor.py:925} INFO - DAG(s) 'example_params_trigger_ui' retrieved from /home/airflow/.local/lib/python3.12/site-packages/airflow/example_dags/example_params_trigger_ui.py
[2026-08-06T15:54:39.045+0000] {logging_mixin.py:190} INFO - [2026-08-06T15:54:39.044+0000] {dag.py:3239} INFO - Sync 1 DAGs
[2026-08-06T15:54:39.084+0000] {logging_mixin.py:190} INFO - [2026-08-06T15:54:39.083+0000] {dag.py:4180} INFO - Setting next_dagrun for example_params_trigger_ui to None, run_after=None
[2026-08-06T15:54:39.137+0000] {processor.py:208} INFO - Processing /home/airflow/.local/lib/python3.12/site-packages/airflow/example_dags/example_params_trigger_ui.py took 0.248 seconds
[2026-08-06T15:55:10.779+0000] {processor.py:186} INFO - Started process (PID=171) to work on /home/airflow/.local/lib/python3.12/site-packages/airflow/example_dags/example_params_trigger_ui.py
[2026-08-06T15:55:10.781+0000] {processor.py:914} INFO - Processing file /home/airflow/.local/lib/python3.12/site-packages/airflow/example_dags/example_params_trigger_ui.py for tasks to queue
[2026-08-06T15:55:10.786+0000] {logging_mixin.py:190} INFO - [2026-08-06T15:55:10.785+0000] {dagbag.py:588} INFO - Filling up the DagBag from /home/airflow/.local/lib/python3.12/site-packages/airflow/example_dags/example_params_trigger_ui.py
[2026-08-06T15:55:10.811+0000] {processor.py:925} INFO - DAG(s) 'example_params_trigger_ui' retrieved from /home/airflow/.local/lib/python3.12/site-packages/airflow/example_dags/example_params_trigger_ui.py
[2026-08-06T15:55:10.895+0000] {logging_mixin.py:190} INFO - [2026-08-06T15:55:10.894+0000] {dag.py:3239} INFO - Sync 1 DAGs
[2026-08-06T15:55:10.920+0000] {logging_mixin.py:190} INFO - [2026-08-06T15:55:10.920+0000] {dag.py:4180} INFO - Setting next_dagrun for example_params_trigger_ui to None, run_after=None
[2026-08-06T15:55:10.995+0000] {processor.py:208} INFO - Processing /home/airflow/.local/lib/python3.12/site-packages/airflow/example_dags/example_params_trigger_ui.py took 0.226 seconds
[2026-08-06T15:55:43.602+0000] {processor.py:186} INFO - Started process (PID=235) to work on /home/airflow/.local/lib/python3.12/site-packages/airflow/example_dags/example_params_trigger_ui.py
[2026-08-06T15:55:43.605+0000] {processor.py:914} INFO - Processing file /home/airflow/.local/lib/python3.12/site-packages/airflow/example_dags/example_params_trigger_ui.py for tasks to queue
[2026-08-06T15:55:43.611+0000] {logging_mixin.py:190} INFO - [2026-08-06T15:55:43.610+0000] {dagbag.py:588} INFO - Filling up the DagBag from /home/airflow/.local/lib/python3.12/site-packages/airflow/example_dags/example_params_trigger_ui.py
[2026-08-06T15:55:43.641+0000] {processor.py:925} INFO - DAG(s) 'example_params_trigger_ui' retrieved from /home/airflow/.local/lib/python3.12/site-packages/airflow/example_dags/example_params_trigger_ui.py
[2026-08-06T15:55:43.776+0000] {logging_mixin.py:190} INFO - [2026-08-06T15:55:43.775+0000] {dag.py:3239} INFO - Sync 1 DAGs
[2026-08-06T15:55:43.800+0000] {logging_mixin.py:190} INFO - [2026-08-06T15:55:43.799+0000] {dag.py:4180} INFO - Setting next_dagrun for example_params_trigger_ui to None, run_after=None
[2026-08-06T15:55:43.836+0000] {processor.py:208} INFO - Processing /home/airflow/.local/lib/python3.12/site-packages/airflow/example_dags/example_params_trigger_ui.py took 0.250 seconds
[2026-08-06T15:56:14.810+0000] {processor.py:186} INFO - Started process (PID=298) to work on /home/airflow/.local/lib/python3.12/site-packages/airflow/example_dags/example_params_trigger_ui.py
[2026-08-06T15:56:14.825+0000] {processor.py:914} INFO - Processing file /home/airflow/.local/lib/python3.12/site-packages/airflow/example_dags/example_params_trigger_ui.py for tasks to queue
[2026-08-06T15:56:14.841+0000] {logging_mixin.py:190} INFO - [2026-08-06T15:56:14.840+0000] {dagbag.py:588} INFO - Filling up the DagBag from /home/airflow/.local/lib/python3.12/site-packages/airflow/example_dags/example_params_trigger_ui.py
[2026-08-06T15:56:14.874+0000] {processor.py:925} INFO - DAG(s) 'example_params_trigger_ui' retrieved from /home/airflow/.local/lib/python3.12/site-packages/airflow/example_dags/example_params_trigger_ui.py
[2026-08-06T15:56:14.987+0000] {logging_mixin.py:190} INFO - [2026-08-06T15:56:14.987+0000] {dag.py:3239} INFO - Sync 1 DAGs
[2026-08-06T15:56:15.025+0000] {logging_mixin.py:190} INFO - [2026-08-06T15:56:15.024+0000] {dag.py:4180} INFO - Setting next_dagrun for example_params_trigger_ui to None, run_after=None
[2026-08-06T15:56:15.084+0000] {processor.py:208} INFO - Processing /home/airflow/.local/lib/python3.12/site-packages/airflow/example_dags/example_params_trigger_ui.py took 0.300 seconds
[2026-08-06T15:56:46.341+0000] {processor.py:186} INFO - Started process (PID=368) to work on /home/airflow/.local/lib/python3.12/site-packages/airflow/example_dags/example_params_trigger_ui.py
[2026-08-06T15:56:46.343+0000] {processor.py:914} INFO - Processing file /home/airflow/.local/lib/python3.12/site-packages/airflow/example_dags/example_params_trigger_ui.py for tasks to queue
[2026-08-06T15:56:46.349+0000] {logging_mixin.py:190} INFO - [2026-08-06T15:56:46.348+0000] {dagbag.py:588} INFO - Filling up the DagBag from /home/airflow/.local/lib/python3.12/site-packages/airflow/example_dags/example_params_trigger_ui.py
[2026-08-06T15:56:46.391+0000] {processor.py:925} INFO - DAG(s) 'example_params_trigger_ui' retrieved from /home/airflow/.local/lib/python3.12/site-packages/airflow/example_dags/example_params_trigger_ui.py
[2026-08-06T15:56:46.508+0000] {logging_mixin.py:190} INFO - [2026-08-06T15:56:46.507+0000] {dag.py:3239} INFO - Sync 1 DAGs
[2026-08-06T15:56:46.537+0000] {logging_mixin.py:190} INFO - [2026-08-06T15:56:46.536+0000] {dag.py:4180} INFO - Setting next_dagrun for example_params_trigger_ui to None, run_after=None
[2026-08-06T15:56:46.583+0000] {processor.py:208} INFO - Processing /home/airflow/.local/lib/python3.12/site-packages/airflow/example_dags/example_params_trigger_ui.py took 0.268 seconds
[2026-08-06T15:57:17.938+0000] {processor.py:186} INFO - Started process (PID=432) to work on /home/airflow/.local/lib/python3.12/site-packages/airflow/example_dags/example_params_trigger_ui.py
[2026-08-06T15:57:17.944+0000] {processor.py:914} INFO - Processing file /home/airflow/.local/lib/python3.12/site-packages/airflow/example_dags/example_params_trigger_ui.py for tasks to queue
[2026-08-06T15:57:17.951+0000] {logging_mixin.py:190} INFO - [2026-08-06T15:57:17.950+0000] {dagbag.py:588} INFO - Filling up the DagBag from /home/airflow/.local/lib/python3.12/site-packages/airflow/example_dags/example_params_trigger_ui.py
[2026-08-06T15:57:17.976+0000] {processor.py:925} INFO - DAG(s) 'example_params_trigger_ui' retrieved from /home/airflow/.local/lib/python3.12/site-packages/airflow/example_dags/example_params_trigger_ui.py
[2026-08-06T15:57:18.079+0000] {logging_mixin.py:190} INFO - [2026-08-06T15:57:18.078+0000] {dag.py:3239} INFO - Sync 1 DAGs
[2026-08-06T15:57:18.112+0000] {logging_mixin.py:190} INFO - [2026-08-06T15:57:18.111+0000] {dag.py:4180} INFO - Setting next_dagrun for example_params_trigger_ui to None, run_after=None
[2026-08-06T15:57:18.173+0000] {processor.py:208} INFO - Processing /home/airflow/.local/lib/python3.12/site-packages/airflow/example_dags/example_params_trigger_ui.py took 0.250 seconds
[2026-08-06T15:57:48.733+0000] {processor.py:186} INFO - Started process (PID=496) to work on /home/airflow/.local/lib/python3.12/site-packages/airflow/example_dags/example_params_trigger_ui.py
[2026-08-06T15:57:48.736+0000] {processor.py:914} INFO - Processing file /home/airflow/.local/lib/python3.12/site-packages/airflow/example_dags/example_params_trigger_ui.py for tasks to queue
[2026-08-06T15:57:48.741+0000] {logging_mixin.py:190} INFO - [2026-08-06T15:57:48.740+0000] {dagbag.py:588} INFO - Filling up the DagBag from /home/airflow/.local/lib/python3.12/site-packages/airflow/example_dags/example_params_trigger_ui.py
[2026-08-06T15:57:48.766+0000] {processor.py:925} INFO - DAG(s) 'example_params_trigger_ui' retrieved from /home/airflow/.local/lib/python3.12/site-packages/airflow/example_dags/example_params_trigger_ui.py
[2026-08-06T15:57:48.856+0000] {logging_mixin.py:190} INFO - [2026-08-06T15:57:48.855+0000] {dag.py:3239} INFO - Sync 1 DAGs
[2026-08-06T15:57:48.884+0000] {logging_mixin.py:190} INFO - [2026-08-06T15:57:48.883+0000] {dag.py:4180} INFO - Setting next_dagrun for example_params_trigger_ui to None, run_after=None
[2026-08-06T15:57:48.967+0000] {processor.py:208} INFO - Processing /home/airflow/.local/lib/python3.12/site-packages/airflow/example_dags/example_params_trigger_ui.py took 0.247 seconds
[2026-08-06T15:58:20.686+0000] {processor.py:186} INFO - Started process (PID=560) to work on /home/airflow/.local/lib/python3.12/site-packages/airflow/example_dags/example_params_trigger_ui.py
[2026-08-06T15:58:20.689+0000] {processor.py:914} INFO - Processing file /home/airflow/.local/lib/python3.12/site-packages/airflow/example_dags/example_params_trigger_ui.py for tasks to queue
[2026-08-06T15:58:20.694+0000] {logging_mixin.py:190} INFO - [2026-08-06T15:58:20.693+0000] {dagbag.py:588} INFO - Filling up the DagBag from /home/airflow/.local/lib/python3.12/site-packages/airflow/example_dags/example_params_trigger_ui.py
[2026-08-06T15:58:20.722+0000] {processor.py:925} INFO - DAG(s) 'example_params_trigger_ui' retrieved from /home/airflow/.local/lib/python3.12/site-packages/airflow/example_dags/example_params_trigger_ui.py
[2026-08-06T15:58:20.832+0000] {logging_mixin.py:190} INFO - [2026-08-06T15:58:20.831+0000] {dag.py:3239} INFO - Sync 1 DAGs
[2026-08-06T15:58:20.869+0000] {logging_mixin.py:190} INFO - [2026-08-06T15:58:20.869+0000] {dag.py:4180} INFO - Setting next_dagrun for example_params_trigger_ui to None, run_after=None
[2026-08-06T15:58:20.948+0000] {processor.py:208} INFO - Processing /home/airflow/.local/lib/python3.12/site-packages/airflow/example_dags/example_params_trigger_ui.py took 0.274 seconds
[2026-08-06T15:58:52.231+0000] {processor.py:186} INFO - Started process (PID=624) to work on /home/airflow/.local/lib/python3.12/site-packages/airflow/example_dags/example_params_trigger_ui.py
[2026-08-06T15:58:52.240+0000] {processor.py:914} INFO - Processing file /home/airflow/.local/lib/python3.12/site-packages/airflow/example_dags/example_params_trigger_ui.py for tasks to queue
[2026-08-06T15:58:52.248+0000] {logging_mixin.py:190} INFO - [2026-08-06T15:58:52.247+0000] {dagbag.py:588} INFO - Filling up the DagBag from /home/airflow/.local/lib/python3.12/site-packages/airflow/example_dags/example_params_trigger_ui.py
[2026-08-06T15:58:52.283+0000] {processor.py:925} INFO - DAG(s) 'example_params_trigger_ui' retrieved from /home/airflow/.local/lib/python3.12/site-packages/airflow/example_dags/example_params_trigger_ui.py
[2026-08-06T15:58:52.401+0000] {logging_mixin.py:190} INFO - [2026-08-06T15:58:52.400+0000] {dag.py:3239} INFO - Sync 1 DAGs
[2026-08-06T15:58:52.450+0000] {logging_mixin.py:190} INFO - [2026-08-06T15:58:52.449+0000] {dag.py:4180} INFO - Setting next_dagrun for example_params_trigger_ui to None, run_after=None
[2026-08-06T15:58:52.500+0000] {processor.py:208} INFO - Processing /home/airflow/.local/lib/python3.12/site-packages/airflow/example_dags/example_params_trigger_ui.py took 0.287 seconds
[2026-08-06T15:59:23.320+0000] {processor.py:186} INFO - Started process (PID=687) to work on /home/airflow/.local/lib/python3.12/site-packages/airflow/example_dags/example_params_trigger_ui.py
[2026-08-06T15:59:23.322+0000] {processor.py:914} INFO - Processing file /home/airflow/.local/lib/python3.12/site-packages/airflow/example_dags/example_params_trigger_ui.py for tasks to queue
[2026-08-06T15:59:23.326+0000] {logging_mixin.py:190} INFO - [2026-08-06T15:59:23.326+0000] {dagbag.py:588} INFO - Filling up the DagBag from /home/airflow/.local/lib/python3.12/site-packages/airflow/example_dags/example_params_trigger_ui.py
[2026-08-06T15:59:23.347+0000] {processor.py:925} INFO - DAG(s) 'example_params_trigger_ui' retrieved from /home/airflow/.local/lib/python3.12/site-packages/airflow/example_dags/example_params_trigger_ui.py
[2026-08-06T15:59:23.414+0000] {logging_mixin.py:190} INFO - [2026-08-06T15:59:23.414+0000] {dag.py:3239} INFO - Sync 1 DAGs
[2026-08-06T15:59:23.435+0000] {logging_mixin.py:190} INFO - [2026-08-06T15:59:23.435+0000] {dag.py:4180} INFO - Setting next_dagrun for example_params_trigger_ui to None, run_after=None
[2026-08-06T15:59:23.499+0000] {processor.py:208} INFO - Processing /home/airflow/.local/lib/python3.12/site-packages/airflow/example_dags/example_params_trigger_ui.py took 0.189 seconds
[2026-08-06T15:59:54.552+0000] {processor.py:186} INFO - Started process (PID=751) to work on /home/airflow/.local/lib/python3.12/site-packages/airflow/example_dags/example_params_trigger_ui.py
[2026-08-06T15:59:54.557+0000] {processor.py:914} INFO - Processing file /home/airflow/.local/lib/python3.12/site-packages/airflow/example_dags/example_params_trigger_ui.py for tasks to queue
[2026-08-06T15:59:54.568+0000] {logging_mixin.py:190} INFO - [2026-08-06T15:59:54.566+0000] {dagbag.py:588} INFO - Filling up the DagBag from /home/airflow/.local/lib/python3.12/site-packages/airflow/example_dags/example_params_trigger_ui.py
[2026-08-06T15:59:54.596+0000] {processor.py:925} INFO - DAG(s) 'example_params_trigger_ui' retrieved from /home/airflow/.local/lib/python3.12/site-packages/airflow/example_dags/example_params_trigger_ui.py
[2026-08-06T15:59:54.722+0000] {logging_mixin.py:190} INFO - [2026-08-06T15:59:54.721+0000] {dag.py:3239} INFO - Sync 1 DAGs
[2026-08-06T15:59:54.767+0000] {logging_mixin.py:190} INFO - [2026-08-06T15:59:54.766+0000] {dag.py:4180} INFO - Setting next_dagrun for example_params_trigger_ui to None, run_after=None
[2026-08-06T15:59:54.853+0000] {processor.py:208} INFO - Processing /home/airflow/.local/lib/python3.12/site-packages/airflow/example_dags/example_params_trigger_ui.py took 0.335 seconds
[2026-08-06T16:00:25.173+0000] {processor.py:186} INFO - Started process (PID=814) to work on /home/airflow/.local/lib/python3.12/site-packages/airflow/example_dags/example_params_trigger_ui.py
[2026-08-06T16:00:25.235+0000] {processor.py:914} INFO - Processing file /home/airflow/.local/lib/python3.12/site-packages/airflow/example_dags/example_params_trigger_ui.py for tasks to queue
[2026-08-06T16:00:25.248+0000] {logging_mixin.py:190} INFO - [2026-08-06T16:00:25.246+0000] {dagbag.py:588} INFO - Filling up the DagBag from /home/airflow/.local/lib/python3.12/site-packages/airflow/example_dags/example_params_trigger_ui.py
[2026-08-06T16:00:25.299+0000] {processor.py:925} INFO - DAG(s) 'example_params_trigger_ui' retrieved from /home/airflow/.local/lib/python3.12/site-packages/airflow/example_dags/example_params_trigger_ui.py
[2026-08-06T16:00:25.376+0000] {logging_mixin.py:190} INFO - [2026-08-06T16:00:25.376+0000] {dag.py:3239} INFO - Sync 1 DAGs
[2026-08-06T16:00:25.406+0000] {logging_mixin.py:190} INFO - [2026-08-06T16:00:25.406+0000] {dag.py:4180} INFO - Setting next_dagrun for example_params_trigger_ui to None, run_after=None
[2026-08-06T16:00:25.472+0000] {processor.py:208} INFO - Processing /home/airflow/.local/lib/python3.12/site-packages/airflow/example_dags/example_params_trigger_ui.py took 0.342 seconds
[2026-08-06T16:00:55.608+0000] {processor.py:186} INFO - Started process (PID=878) to work on /home/airflow/.local/lib/python3.12/site-packages/airflow/example_dags/example_params_trigger_ui.py
[2026-08-06T16:00:55.610+0000] {processor.py:914} INFO - Processing file /home/airflow/.local/lib/python3.12/site-packages/airflow/example_dags/example_params_trigger_ui.py for tasks to queue
[2026-08-06T16:00:55.615+0000] {logging_mixin.py:190} INFO - [2026-08-06T16:00:55.614+0000] {dagbag.py:588} INFO - Filling up the DagBag from /home/airflow/.local/lib/python3.12/site-packages/airflow/example_dags/example_params_trigger_ui.py
[2026-08-06T16:00:55.646+0000] {processor.py:925} INFO - DAG(s) 'example_params_trigger_ui' retrieved from /home/airflow/.local/lib/python3.12/site-packages/airflow/example_dags/example_params_trigger_ui.py
[2026-08-06T16:00:55.762+0000] {logging_mixin.py:190} INFO - [2026-08-06T16:00:55.761+0000] {dag.py:3239} INFO - Sync 1 DAGs
[2026-08-06T16:00:55.799+0000] {logging_mixin.py:190} INFO - [2026-08-06T16:00:55.799+0000] {dag.py:4180} INFO - Setting next_dagrun for example_params_trigger_ui to None, run_after=None
[2026-08-06T16:00:55.881+0000] {processor.py:208} INFO - Processing /home/airflow/.local/lib/python3.12/site-packages/airflow/example_dags/example_params_trigger_ui.py took 0.285 seconds
[2026-08-06T16:03:19.826+0000] {processor.py:186} INFO - Started process (PID=105) to work on /home/airflow/.local/lib/python3.12/site-packages/airflow/example_dags/example_params_trigger_ui.py
[2026-08-06T16:03:19.829+0000] {processor.py:914} INFO - Processing file /home/airflow/.local/lib/python3.12/site-packages/airflow/example_dags/example_params_trigger_ui.py for tasks to queue
[2026-08-06T16:03:19.836+0000] {logging_mixin.py:190} INFO - [2026-08-06T16:03:19.835+0000] {dagbag.py:588} INFO - Filling up the DagBag from /home/airflow/.local/lib/python3.12/site-packages/airflow/example_dags/example_params_trigger_ui.py
[2026-08-06T16:03:19.858+0000] {processor.py:925} INFO - DAG(s) 'example_params_trigger_ui' retrieved from /home/airflow/.local/lib/python3.12/site-packages/airflow/example_dags/example_params_trigger_ui.py
[2026-08-06T16:03:19.964+0000] {logging_mixin.py:190} INFO - [2026-08-06T16:03:19.963+0000] {dag.py:3239} INFO - Sync 1 DAGs
[2026-08-06T16:03:19.998+0000] {logging_mixin.py:190} INFO - [2026-08-06T16:03:19.997+0000] {dag.py:4180} INFO - Setting next_dagrun for example_params_trigger_ui to None, run_after=None
[2026-08-06T16:03:20.046+0000] {processor.py:208} INFO - Processing /home/airflow/.local/lib/python3.12/site-packages/airflow/example_dags/example_params_trigger_ui.py took 0.233 seconds
[2026-08-06T16:03:52.540+0000] {processor.py:186} INFO - Started process (PID=169) to work on /home/airflow/.local/lib/python3.12/site-packages/airflow/example_dags/example_params_trigger_ui.py
[2026-08-06T16:03:52.544+0000] {processor.py:914} INFO - Processing file /home/airflow/.local/lib/python3.12/site-packages/airflow/example_dags/example_params_trigger_ui.py for tasks to queue
[2026-08-06T16:03:52.555+0000] {logging_mixin.py:190} INFO - [2026-08-06T16:03:52.554+0000] {dagbag.py:588} INFO - Filling up the DagBag from /home/airflow/.local/lib/python3.12/site-packages/airflow/example_dags/example_params_trigger_ui.py
[2026-08-06T16:03:52.601+0000] {processor.py:925} INFO - DAG(s) 'example_params_trigger_ui' retrieved from /home/airflow/.local/lib/python3.12/site-packages/airflow/example_dags/example_params_trigger_ui.py
[2026-08-06T16:03:52.773+0000] {logging_mixin.py:190} INFO - [2026-08-06T16:03:52.772+0000] {dag.py:3239} INFO - Sync 1 DAGs
[2026-08-06T16:03:52.837+0000] {logging_mixin.py:190} INFO - [2026-08-06T16:03:52.836+0000] {dag.py:4180} INFO - Setting next_dagrun for example_params_trigger_ui to None, run_after=None
[2026-08-06T16:03:52.913+0000] {processor.py:208} INFO - Processing /home/airflow/.local/lib/python3.12/site-packages/airflow/example_dags/example_params_trigger_ui.py took 0.398 seconds
[2026-08-06T16:04:29.271+0000] {processor.py:186} INFO - Started process (PID=240) to work on /home/airflow/.local/lib/python3.12/site-packages/airflow/example_dags/example_params_trigger_ui.py
[2026-08-06T16:04:29.282+0000] {processor.py:914} INFO - Processing file /home/airflow/.local/lib/python3.12/site-packages/airflow/example_dags/example_params_trigger_ui.py for tasks to queue
[2026-08-06T16:04:29.291+0000] {logging_mixin.py:190} INFO - [2026-08-06T16:04:29.290+0000] {dagbag.py:588} INFO - Filling up the DagBag from /home/airflow/.local/lib/python3.12/site-packages/airflow/example_dags/example_params_trigger_ui.py
[2026-08-06T16:04:29.325+0000] {processor.py:925} INFO - DAG(s) 'example_params_trigger_ui' retrieved from /home/airflow/.local/lib/python3.12/site-packages/airflow/example_dags/example_params_trigger_ui.py
[2026-08-06T16:04:29.501+0000] {logging_mixin.py:190} INFO - [2026-08-06T16:04:29.500+0000] {dag.py:3239} INFO - Sync 1 DAGs
[2026-08-06T16:04:29.563+0000] {logging_mixin.py:190} INFO - [2026-08-06T16:04:29.563+0000] {dag.py:4180} INFO - Setting next_dagrun for example_params_trigger_ui to None, run_after=None
[2026-08-06T16:04:29.639+0000] {processor.py:208} INFO - Processing /home/airflow/.local/lib/python3.12/site-packages/airflow/example_dags/example_params_trigger_ui.py took 0.399 seconds
[2026-08-06T16:05:03.324+0000] {processor.py:186} INFO - Started process (PID=304) to work on /home/airflow/.local/lib/python3.12/site-packages/airflow/example_dags/example_params_trigger_ui.py
[2026-08-06T16:05:03.340+0000] {processor.py:914} INFO - Processing file /home/airflow/.local/lib/python3.12/site-packages/airflow/example_dags/example_params_trigger_ui.py for tasks to queue
[2026-08-06T16:05:03.352+0000] {logging_mixin.py:190} INFO - [2026-08-06T16:05:03.350+0000] {dagbag.py:588} INFO - Filling up the DagBag from /home/airflow/.local/lib/python3.12/site-packages/airflow/example_dags/example_params_trigger_ui.py
[2026-08-06T16:05:03.415+0000] {processor.py:925} INFO - DAG(s) 'example_params_trigger_ui' retrieved from /home/airflow/.local/lib/python3.12/site-packages/airflow/example_dags/example_params_trigger_ui.py
[2026-08-06T16:05:03.758+0000] {logging_mixin.py:190} INFO - [2026-08-06T16:05:03.757+0000] {dag.py:3239} INFO - Sync 1 DAGs
[2026-08-06T16:05:03.912+0000] {logging_mixin.py:190} INFO - [2026-08-06T16:05:03.911+0000] {dag.py:4180} INFO - Setting next_dagrun for example_params_trigger_ui to None, run_after=None
[2026-08-06T16:05:04.016+0000] {processor.py:208} INFO - Processing /home/airflow/.local/lib/python3.12/site-packages/airflow/example_dags/example_params_trigger_ui.py took 0.716 seconds
[2026-08-06T16:05:35.037+0000] {processor.py:186} INFO - Started process (PID=368) to work on /home/airflow/.local/lib/python3.12/site-packages/airflow/example_dags/example_params_trigger_ui.py
[2026-08-06T16:05:35.039+0000] {processor.py:914} INFO - Processing file /home/airflow/.local/lib/python3.12/site-packages/airflow/example_dags/example_params_trigger_ui.py for tasks to queue
[2026-08-06T16:05:35.058+0000] {logging_mixin.py:190} INFO - [2026-08-06T16:05:35.053+0000] {dagbag.py:588} INFO - Filling up the DagBag from /home/airflow/.local/lib/python3.12/site-packages/airflow/example_dags/example_params_trigger_ui.py
[2026-08-06T16:05:35.105+0000] {processor.py:925} INFO - DAG(s) 'example_params_trigger_ui' retrieved from /home/airflow/.local/lib/python3.12/site-packages/airflow/example_dags/example_params_trigger_ui.py
[2026-08-06T16:05:35.314+0000] {logging_mixin.py:190} INFO - [2026-08-06T16:05:35.314+0000] {dag.py:3239} INFO - Sync 1 DAGs
[2026-08-06T16:05:35.394+0000] {logging_mixin.py:190} INFO - [2026-08-06T16:05:35.393+0000] {dag.py:4180} INFO - Setting next_dagrun for example_params_trigger_ui to None, run_after=None
[2026-08-06T16:05:35.473+0000] {processor.py:208} INFO - Processing /home/airflow/.local/lib/python3.12/site-packages/airflow/example_dags/example_params_trigger_ui.py took 0.468 seconds
[2026-08-06T16:06:05.682+0000] {processor.py:186} INFO - Started process (PID=431) to work on /home/airflow/.local/lib/python3.12/site-packages/airflow/example_dags/example_params_trigger_ui.py
[2026-08-06T16:06:05.686+0000] {processor.py:914} INFO - Processing file /home/airflow/.local/lib/python3.12/site-packages/airflow/example_dags/example_params_trigger_ui.py for tasks to queue
[2026-08-06T16:06:05.695+0000] {logging_mixin.py:190} INFO - [2026-08-06T16:06:05.693+0000] {dagbag.py:588} INFO - Filling up the DagBag from /home/airflow/.local/lib/python3.12/site-packages/airflow/example_dags/example_params_trigger_ui.py
[2026-08-06T16:06:05.766+0000] {processor.py:925} INFO - DAG(s) 'example_params_trigger_ui' retrieved from /home/airflow/.local/lib/python3.12/site-packages/airflow/example_dags/example_params_trigger_ui.py
[2026-08-06T16:06:05.929+0000] {logging_mixin.py:190} INFO - [2026-08-06T16:06:05.928+0000] {dag.py:3239} INFO - Sync 1 DAGs
[2026-08-06T16:06:05.973+0000] {logging_mixin.py:190} INFO - [2026-08-06T16:06:05.972+0000] {dag.py:4180} INFO - Setting next_dagrun for example_params_trigger_ui to None, run_after=None
[2026-08-06T16:06:06.036+0000] {processor.py:208} INFO - Processing /home/airflow/.local/lib/python3.12/site-packages/airflow/example_dags/example_params_trigger_ui.py took 0.377 seconds
[2026-08-06T16:06:37.411+0000] {processor.py:186} INFO - Started process (PID=495) to work on /home/airflow/.local/lib/python3.12/site-packages/airflow/example_dags/example_params_trigger_ui.py
[2026-08-06T16:06:37.415+0000] {processor.py:914} INFO - Processing file /home/airflow/.local/lib/python3.12/site-packages/airflow/example_dags/example_params_trigger_ui.py for tasks to queue
[2026-08-06T16:06:37.422+0000] {logging_mixin.py:190} INFO - [2026-08-06T16:06:37.421+0000] {dagbag.py:588} INFO - Filling up the DagBag from /home/airflow/.local/lib/python3.12/site-packages/airflow/example_dags/example_params_trigger_ui.py
[2026-08-06T16:06:37.455+0000] {processor.py:925} INFO - DAG(s) 'example_params_trigger_ui' retrieved from /home/airflow/.local/lib/python3.12/site-packages/airflow/example_dags/example_params_trigger_ui.py
[2026-08-06T16:06:37.582+0000] {logging_mixin.py:190} INFO - [2026-08-06T16:06:37.582+0000] {dag.py:3239} INFO - Sync 1 DAGs
[2026-08-06T16:06:37.642+0000] {logging_mixin.py:190} INFO - [2026-08-06T16:06:37.641+0000] {dag.py:4180} INFO - Setting next_dagrun for example_params_trigger_ui to None, run_after=None
[2026-08-06T16:06:37.736+0000] {processor.py:208} INFO - Processing /home/airflow/.local/lib/python3.12/site-packages/airflow/example_dags/example_params_trigger_ui.py took 0.345 seconds
[2026-08-06T16:07:08.308+0000] {processor.py:186} INFO - Started process (PID=559) to work on /home/airflow/.local/lib/python3.12/site-packages/airflow/example_dags/example_params_trigger_ui.py
[2026-08-06T16:07:08.311+0000] {processor.py:914} INFO - Processing file /home/airflow/.local/lib/python3.12/site-packages/airflow/example_dags/example_params_trigger_ui.py for tasks to queue
[2026-08-06T16:07:08.319+0000] {logging_mixin.py:190} INFO - [2026-08-06T16:07:08.316+0000] {dagbag.py:588} INFO - Filling up the DagBag from /home/airflow/.local/lib/python3.12/site-packages/airflow/example_dags/example_params_trigger_ui.py
[2026-08-06T16:07:08.346+0000] {processor.py:925} INFO - DAG(s) 'example_params_trigger_ui' retrieved from /home/airflow/.local/lib/python3.12/site-packages/airflow/example_dags/example_params_trigger_ui.py
[2026-08-06T16:07:08.477+0000] {logging_mixin.py:190} INFO - [2026-08-06T16:07:08.475+0000] {dag.py:3239} INFO - Sync 1 DAGs
[2026-08-06T16:07:08.529+0000] {logging_mixin.py:190} INFO - [2026-08-06T16:07:08.528+0000] {dag.py:4180} INFO - Setting next_dagrun for example_params_trigger_ui to None, run_after=None
[2026-08-06T16:07:08.586+0000] {processor.py:208} INFO - Processing /home/airflow/.local/lib/python3.12/site-packages/airflow/example_dags/example_params_trigger_ui.py took 0.291 seconds
[2026-08-06T16:07:39.655+0000] {processor.py:186} INFO - Started process (PID=623) to work on /home/airflow/.local/lib/python3.12/site-packages/airflow/example_dags/example_params_trigger_ui.py
[2026-08-06T16:07:39.659+0000] {processor.py:914} INFO - Processing file /home/airflow/.local/lib/python3.12/site-packages/airflow/example_dags/example_params_trigger_ui.py for tasks to queue
[2026-08-06T16:07:39.668+0000] {logging_mixin.py:190} INFO - [2026-08-06T16:07:39.667+0000] {dagbag.py:588} INFO - Filling up the DagBag from /home/airflow/.local/lib/python3.12/site-packages/airflow/example_dags/example_params_trigger_ui.py
[2026-08-06T16:07:39.704+0000] {processor.py:925} INFO - DAG(s) 'example_params_trigger_ui' retrieved from /home/airflow/.local/lib/python3.12/site-packages/airflow/example_dags/example_params_trigger_ui.py
[2026-08-06T16:07:39.809+0000] {logging_mixin.py:190} INFO - [2026-08-06T16:07:39.808+0000] {dag.py:3239} INFO - Sync 1 DAGs
[2026-08-06T16:07:39.838+0000] {logging_mixin.py:190} INFO - [2026-08-06T16:07:39.837+0000] {dag.py:4180} INFO - Setting next_dagrun for example_params_trigger_ui to None, run_after=None
[2026-08-06T16:07:39.878+0000] {processor.py:208} INFO - Processing /home/airflow/.local/lib/python3.12/site-packages/airflow/example_dags/example_params_trigger_ui.py took 0.245 seconds
[2026-08-06T16:08:11.123+0000] {processor.py:186} INFO - Started process (PID=687) to work on /home/airflow/.local/lib/python3.12/site-packages/airflow/example_dags/example_params_trigger_ui.py
[2026-08-06T16:08:11.126+0000] {processor.py:914} INFO - Processing file /home/airflow/.local/lib/python3.12/site-packages/airflow/example_dags/example_params_trigger_ui.py for tasks to queue
[2026-08-06T16:08:11.133+0000] {logging_mixin.py:190} INFO - [2026-08-06T16:08:11.131+0000] {dagbag.py:588} INFO - Filling up the DagBag from /home/airflow/.local/lib/python3.12/site-packages/airflow/example_dags/example_params_trigger_ui.py
[2026-08-06T16:08:11.163+0000] {processor.py:925} INFO - DAG(s) 'example_params_trigger_ui' retrieved from /home/airflow/.local/lib/python3.12/site-packages/airflow/example_dags/example_params_trigger_ui.py
[2026-08-06T16:08:11.279+0000] {logging_mixin.py:190} INFO - [2026-08-06T16:08:11.278+0000] {dag.py:3239} INFO - Sync 1 DAGs
[2026-08-06T16:08:11.308+0000] {logging_mixin.py:190} INFO - [2026-08-06T16:08:11.308+0000] {dag.py:4180} INFO - Setting next_dagrun for example_params_trigger_ui to None, run_after=None
[2026-08-06T16:08:11.364+0000] {processor.py:208} INFO - Processing /home/airflow/.local/lib/python3.12/site-packages/airflow/example_dags/example_params_trigger_ui.py took 0.260 seconds
[2026-08-06T16:08:41.583+0000] {processor.py:186} INFO - Started process (PID=750) to work on /home/airflow/.local/lib/python3.12/site-packages/airflow/example_dags/example_params_trigger_ui.py
[2026-08-06T16:08:41.586+0000] {processor.py:914} INFO - Processing file /home/airflow/.local/lib/python3.12/site-packages/airflow/example_dags/example_params_trigger_ui.py for tasks to queue
[2026-08-06T16:08:41.592+0000] {logging_mixin.py:190} INFO - [2026-08-06T16:08:41.591+0000] {dagbag.py:588} INFO - Filling up the DagBag from /home/airflow/.local/lib/python3.12/site-packages/airflow/example_dags/example_params_trigger_ui.py
[2026-08-06T16:08:41.616+0000] {processor.py:925} INFO - DAG(s) 'example_params_trigger_ui' retrieved from /home/airflow/.local/lib/python3.12/site-packages/airflow/example_dags/example_params_trigger_ui.py
[2026-08-06T16:08:41.690+0000] {logging_mixin.py:190} INFO - [2026-08-06T16:08:41.689+0000] {dag.py:3239} INFO - Sync 1 DAGs
[2026-08-06T16:08:41.715+0000] {logging_mixin.py:190} INFO - [2026-08-06T16:08:41.715+0000] {dag.py:4180} INFO - Setting next_dagrun for example_params_trigger_ui to None, run_after=None
[2026-08-06T16:08:41.781+0000] {processor.py:208} INFO - Processing /home/airflow/.local/lib/python3.12/site-packages/airflow/example_dags/example_params_trigger_ui.py took 0.214 seconds
[2026-08-06T16:09:12.527+0000] {processor.py:186} INFO - Started process (PID=814) to work on /home/airflow/.local/lib/python3.12/site-packages/airflow/example_dags/example_params_trigger_ui.py
[2026-08-06T16:09:12.529+0000] {processor.py:914} INFO - Processing file /home/airflow/.local/lib/python3.12/site-packages/airflow/example_dags/example_params_trigger_ui.py for tasks to queue
[2026-08-06T16:09:12.532+0000] {logging_mixin.py:190} INFO - [2026-08-06T16:09:12.532+0000] {dagbag.py:588} INFO - Filling up the DagBag from /home/airflow/.local/lib/python3.12/site-packages/airflow/example_dags/example_params_trigger_ui.py
[2026-08-06T16:09:12.559+0000] {processor.py:925} INFO - DAG(s) 'example_params_trigger_ui' retrieved from /home/airflow/.local/lib/python3.12/site-packages/airflow/example_dags/example_params_trigger_ui.py
[2026-08-06T16:09:12.630+0000] {logging_mixin.py:190} INFO - [2026-08-06T16:09:12.630+0000] {dag.py:3239} INFO - Sync 1 DAGs
[2026-08-06T16:09:12.655+0000] {logging_mixin.py:190} INFO - [2026-08-06T16:09:12.654+0000] {dag.py:4180} INFO - Setting next_dagrun for example_params_trigger_ui to None, run_after=None
[2026-08-06T16:09:12.717+0000] {processor.py:208} INFO - Processing /home/airflow/.local/lib/python3.12/site-packages/airflow/example_dags/example_params_trigger_ui.py took 0.212 seconds
[2026-08-06T16:09:42.837+0000] {processor.py:186} INFO - Started process (PID=877) to work on /home/airflow/.local/lib/python3.12/site-packages/airflow/example_dags/example_params_trigger_ui.py
[2026-08-06T16:09:42.840+0000] {processor.py:914} INFO - Processing file /home/airflow/.local/lib/python3.12/site-packages/airflow/example_dags/example_params_trigger_ui.py for tasks to queue
[2026-08-06T16:09:42.846+0000] {logging_mixin.py:190} INFO - [2026-08-06T16:09:42.845+0000] {dagbag.py:588} INFO - Filling up the DagBag from /home/airflow/.local/lib/python3.12/site-packages/airflow/example_dags/example_params_trigger_ui.py
[2026-08-06T16:09:42.875+0000] {processor.py:925} INFO - DAG(s) 'example_params_trigger_ui' retrieved from /home/airflow/.local/lib/python3.12/site-packages/airflow/example_dags/example_params_trigger_ui.py
[2026-08-06T16:09:42.956+0000] {logging_mixin.py:190} INFO - [2026-08-06T16:09:42.956+0000] {dag.py:3239} INFO - Sync 1 DAGs
[2026-08-06T16:09:42.986+0000] {logging_mixin.py:190} INFO - [2026-08-06T16:09:42.986+0000] {dag.py:4180} INFO - Setting next_dagrun for example_params_trigger_ui to None, run_after=None
[2026-08-06T16:09:43.040+0000] {processor.py:208} INFO - Processing /home/airflow/.local/lib/python3.12/site-packages/airflow/example_dags/example_params_trigger_ui.py took 0.216 seconds
[2026-08-06T16:12:20.658+0000] {processor.py:186} INFO - Started process (PID=105) to work on /home/airflow/.local/lib/python3.12/site-packages/airflow/example_dags/example_params_trigger_ui.py
[2026-08-06T16:12:20.660+0000] {processor.py:914} INFO - Processing file /home/airflow/.local/lib/python3.12/site-packages/airflow/example_dags/example_params_trigger_ui.py for tasks to queue
[2026-08-06T16:12:20.667+0000] {logging_mixin.py:190} INFO - [2026-08-06T16:12:20.666+0000] {dagbag.py:588} INFO - Filling up the DagBag from /home/airflow/.local/lib/python3.12/site-packages/airflow/example_dags/example_params_trigger_ui.py
[2026-08-06T16:12:20.696+0000] {processor.py:925} INFO - DAG(s) 'example_params_trigger_ui' retrieved from /home/airflow/.local/lib/python3.12/site-packages/airflow/example_dags/example_params_trigger_ui.py
[2026-08-06T16:12:20.781+0000] {logging_mixin.py:190} INFO - [2026-08-06T16:12:20.780+0000] {dag.py:3239} INFO - Sync 1 DAGs
[2026-08-06T16:12:20.812+0000] {logging_mixin.py:190} INFO - [2026-08-06T16:12:20.812+0000] {dag.py:4180} INFO - Setting next_dagrun for example_params_trigger_ui to None, run_after=None
[2026-08-06T16:12:20.845+0000] {processor.py:208} INFO - Processing /home/airflow/.local/lib/python3.12/site-packages/airflow/example_dags/example_params_trigger_ui.py took 0.203 seconds
[2026-08-06T16:12:54.154+0000] {processor.py:186} INFO - Started process (PID=169) to work on /home/airflow/.local/lib/python3.12/site-packages/airflow/example_dags/example_params_trigger_ui.py
[2026-08-06T16:12:54.157+0000] {processor.py:914} INFO - Processing file /home/airflow/.local/lib/python3.12/site-packages/airflow/example_dags/example_params_trigger_ui.py for tasks to queue
[2026-08-06T16:12:54.163+0000] {logging_mixin.py:190} INFO - [2026-08-06T16:12:54.162+0000] {dagbag.py:588} INFO - Filling up the DagBag from /home/airflow/.local/lib/python3.12/site-packages/airflow/example_dags/example_params_trigger_ui.py
[2026-08-06T16:12:54.191+0000] {processor.py:925} INFO - DAG(s) 'example_params_trigger_ui' retrieved from /home/airflow/.local/lib/python3.12/site-packages/airflow/example_dags/example_params_trigger_ui.py
[2026-08-06T16:12:54.288+0000] {logging_mixin.py:190} INFO - [2026-08-06T16:12:54.288+0000] {dag.py:3239} INFO - Sync 1 DAGs
[2026-08-06T16:12:54.321+0000] {logging_mixin.py:190} INFO - [2026-08-06T16:12:54.320+0000] {dag.py:4180} INFO - Setting next_dagrun for example_params_trigger_ui to None, run_after=None
[2026-08-06T16:12:54.400+0000] {processor.py:208} INFO - Processing /home/airflow/.local/lib/python3.12/site-packages/airflow/example_dags/example_params_trigger_ui.py took 0.261 seconds
[2026-08-06T16:13:28.405+0000] {processor.py:186} INFO - Started process (PID=239) to work on /home/airflow/.local/lib/python3.12/site-packages/airflow/example_dags/example_params_trigger_ui.py
[2026-08-06T16:13:28.411+0000] {processor.py:914} INFO - Processing file /home/airflow/.local/lib/python3.12/site-packages/airflow/example_dags/example_params_trigger_ui.py for tasks to queue
[2026-08-06T16:13:28.418+0000] {logging_mixin.py:190} INFO - [2026-08-06T16:13:28.417+0000] {dagbag.py:588} INFO - Filling up the DagBag from /home/airflow/.local/lib/python3.12/site-packages/airflow/example_dags/example_params_trigger_ui.py
[2026-08-06T16:13:28.478+0000] {processor.py:925} INFO - DAG(s) 'example_params_trigger_ui' retrieved from /home/airflow/.local/lib/python3.12/site-packages/airflow/example_dags/example_params_trigger_ui.py
[2026-08-06T16:13:28.609+0000] {logging_mixin.py:190} INFO - [2026-08-06T16:13:28.609+0000] {dag.py:3239} INFO - Sync 1 DAGs
[2026-08-06T16:13:28.657+0000] {logging_mixin.py:190} INFO - [2026-08-06T16:13:28.657+0000] {dag.py:4180} INFO - Setting next_dagrun for example_params_trigger_ui to None, run_after=None
[2026-08-06T16:13:28.740+0000] {processor.py:208} INFO - Processing /home/airflow/.local/lib/python3.12/site-packages/airflow/example_dags/example_params_trigger_ui.py took 0.356 seconds
[2026-08-06T16:13:59.458+0000] {processor.py:186} INFO - Started process (PID=303) to work on /home/airflow/.local/lib/python3.12/site-packages/airflow/example_dags/example_params_trigger_ui.py
[2026-08-06T16:13:59.460+0000] {processor.py:914} INFO - Processing file /home/airflow/.local/lib/python3.12/site-packages/airflow/example_dags/example_params_trigger_ui.py for tasks to queue
[2026-08-06T16:13:59.467+0000] {logging_mixin.py:190} INFO - [2026-08-06T16:13:59.466+0000] {dagbag.py:588} INFO - Filling up the DagBag from /home/airflow/.local/lib/python3.12/site-packages/airflow/example_dags/example_params_trigger_ui.py
[2026-08-06T16:13:59.503+0000] {processor.py:925} INFO - DAG(s) 'example_params_trigger_ui' retrieved from /home/airflow/.local/lib/python3.12/site-packages/airflow/example_dags/example_params_trigger_ui.py
[2026-08-06T16:13:59.591+0000] {logging_mixin.py:190} INFO - [2026-08-06T16:13:59.591+0000] {dag.py:3239} INFO - Sync 1 DAGs
[2026-08-06T16:13:59.619+0000] {logging_mixin.py:190} INFO - [2026-08-06T16:13:59.618+0000] {dag.py:4180} INFO - Setting next_dagrun for example_params_trigger_ui to None, run_after=None
[2026-08-06T16:13:59.689+0000] {processor.py:208} INFO - Processing /home/airflow/.local/lib/python3.12/site-packages/airflow/example_dags/example_params_trigger_ui.py took 0.244 seconds
[2026-08-06T16:14:30.062+0000] {processor.py:186} INFO - Started process (PID=366) to work on /home/airflow/.local/lib/python3.12/site-packages/airflow/example_dags/example_params_trigger_ui.py
[2026-08-06T16:14:30.064+0000] {processor.py:914} INFO - Processing file /home/airflow/.local/lib/python3.12/site-packages/airflow/example_dags/example_params_trigger_ui.py for tasks to queue
[2026-08-06T16:14:30.073+0000] {logging_mixin.py:190} INFO - [2026-08-06T16:14:30.072+0000] {dagbag.py:588} INFO - Filling up the DagBag from /home/airflow/.local/lib/python3.12/site-packages/airflow/example_dags/example_params_trigger_ui.py
[2026-08-06T16:14:30.102+0000] {processor.py:925} INFO - DAG(s) 'example_params_trigger_ui' retrieved from /home/airflow/.local/lib/python3.12/site-packages/airflow/example_dags/example_params_trigger_ui.py
[2026-08-06T16:14:30.209+0000] {logging_mixin.py:190} INFO - [2026-08-06T16:14:30.208+0000] {dag.py:3239} INFO - Sync 1 DAGs
[2026-08-06T16:14:30.240+0000] {logging_mixin.py:190} INFO - [2026-08-06T16:14:30.240+0000] {dag.py:4180} INFO - Setting next_dagrun for example_params_trigger_ui to None, run_after=None
[2026-08-06T16:14:30.301+0000] {processor.py:208} INFO - Processing /home/airflow/.local/lib/python3.12/site-packages/airflow/example_dags/example_params_trigger_ui.py took 0.256 seconds
[2026-08-06T16:15:03.637+0000] {processor.py:186} INFO - Started process (PID=430) to work on /home/airflow/.local/lib/python3.12/site-packages/airflow/example_dags/example_params_trigger_ui.py
[2026-08-06T16:15:03.641+0000] {processor.py:914} INFO - Processing file /home/airflow/.local/lib/python3.12/site-packages/airflow/example_dags/example_params_trigger_ui.py for tasks to queue
[2026-08-06T16:15:03.656+0000] {logging_mixin.py:190} INFO - [2026-08-06T16:15:03.654+0000] {dagbag.py:588} INFO - Filling up the DagBag from /home/airflow/.local/lib/python3.12/site-packages/airflow/example_dags/example_params_trigger_ui.py
[2026-08-06T16:15:03.690+0000] {processor.py:925} INFO - DAG(s) 'example_params_trigger_ui' retrieved from /home/airflow/.local/lib/python3.12/site-packages/airflow/example_dags/example_params_trigger_ui.py
[2026-08-06T16:15:03.817+0000] {logging_mixin.py:190} INFO - [2026-08-06T16:15:03.816+0000] {dag.py:3239} INFO - Sync 1 DAGs
[2026-08-06T16:15:03.862+0000] {logging_mixin.py:190} INFO - [2026-08-06T16:15:03.862+0000] {dag.py:4180} INFO - Setting next_dagrun for example_params_trigger_ui to None, run_after=None
[2026-08-06T16:15:03.914+0000] {processor.py:208} INFO - Processing /home/airflow/.local/lib/python3.12/site-packages/airflow/example_dags/example_params_trigger_ui.py took 0.300 seconds
[2026-08-06T16:15:36.279+0000] {processor.py:186} INFO - Started process (PID=494) to work on /home/airflow/.local/lib/python3.12/site-packages/airflow/example_dags/example_params_trigger_ui.py
[2026-08-06T16:15:36.282+0000] {processor.py:914} INFO - Processing file /home/airflow/.local/lib/python3.12/site-packages/airflow/example_dags/example_params_trigger_ui.py for tasks to queue
[2026-08-06T16:15:36.292+0000] {logging_mixin.py:190} INFO - [2026-08-06T16:15:36.290+0000] {dagbag.py:588} INFO - Filling up the DagBag from /home/airflow/.local/lib/python3.12/site-packages/airflow/example_dags/example_params_trigger_ui.py
[2026-08-06T16:15:36.330+0000] {processor.py:925} INFO - DAG(s) 'example_params_trigger_ui' retrieved from /home/airflow/.local/lib/python3.12/site-packages/airflow/example_dags/example_params_trigger_ui.py
[2026-08-06T16:15:36.447+0000] {logging_mixin.py:190} INFO - [2026-08-06T16:15:36.447+0000] {dag.py:3239} INFO - Sync 1 DAGs
[2026-08-06T16:15:36.499+0000] {logging_mixin.py:190} INFO - [2026-08-06T16:15:36.499+0000] {dag.py:4180} INFO - Setting next_dagrun for example_params_trigger_ui to None, run_after=None
[2026-08-06T16:15:36.588+0000] {processor.py:208} INFO - Processing /home/airflow/.local/lib/python3.12/site-packages/airflow/example_dags/example_params_trigger_ui.py took 0.329 seconds
[2026-08-06T16:16:09.461+0000] {processor.py:186} INFO - Started process (PID=558) to work on /home/airflow/.local/lib/python3.12/site-packages/airflow/example_dags/example_params_trigger_ui.py
[2026-08-06T16:16:09.466+0000] {processor.py:914} INFO - Processing file /home/airflow/.local/lib/python3.12/site-packages/airflow/example_dags/example_params_trigger_ui.py for tasks to queue
[2026-08-06T16:16:09.474+0000] {logging_mixin.py:190} INFO - [2026-08-06T16:16:09.473+0000] {dagbag.py:588} INFO - Filling up the DagBag from /home/airflow/.local/lib/python3.12/site-packages/airflow/example_dags/example_params_trigger_ui.py
[2026-08-06T16:16:09.510+0000] {processor.py:925} INFO - DAG(s) 'example_params_trigger_ui' retrieved from /home/airflow/.local/lib/python3.12/site-packages/airflow/example_dags/example_params_trigger_ui.py
[2026-08-06T16:16:09.676+0000] {logging_mixin.py:190} INFO - [2026-08-06T16:16:09.676+0000] {dag.py:3239} INFO - Sync 1 DAGs
[2026-08-06T16:16:09.711+0000] {logging_mixin.py:190} INFO - [2026-08-06T16:16:09.711+0000] {dag.py:4180} INFO - Setting next_dagrun for example_params_trigger_ui to None, run_after=None
[2026-08-06T16:16:09.809+0000] {processor.py:208} INFO - Processing /home/airflow/.local/lib/python3.12/site-packages/airflow/example_dags/example_params_trigger_ui.py took 0.367 seconds
[2026-08-06T16:16:40.704+0000] {processor.py:186} INFO - Started process (PID=621) to work on /home/airflow/.local/lib/python3.12/site-packages/airflow/example_dags/example_params_trigger_ui.py
[2026-08-06T16:16:40.708+0000] {processor.py:914} INFO - Processing file /home/airflow/.local/lib/python3.12/site-packages/airflow/example_dags/example_params_trigger_ui.py for tasks to queue
[2026-08-06T16:16:40.716+0000] {logging_mixin.py:190} INFO - [2026-08-06T16:16:40.714+0000] {dagbag.py:588} INFO - Filling up the DagBag from /home/airflow/.local/lib/python3.12/site-packages/airflow/example_dags/example_params_trigger_ui.py
[2026-08-06T16:16:40.755+0000] {processor.py:925} INFO - DAG(s) 'example_params_trigger_ui' retrieved from /home/airflow/.local/lib/python3.12/site-packages/airflow/example_dags/example_params_trigger_ui.py
[2026-08-06T16:16:40.881+0000] {logging_mixin.py:190} INFO - [2026-08-06T16:16:40.879+0000] {dag.py:3239} INFO - Sync 1 DAGs
[2026-08-06T16:16:40.915+0000] {logging_mixin.py:190} INFO - [2026-08-06T16:16:40.914+0000] {dag.py:4180} INFO - Setting next_dagrun for example_params_trigger_ui to None, run_after=None
[2026-08-06T16:16:40.990+0000] {processor.py:208} INFO - Processing /home/airflow/.local/lib/python3.12/site-packages/airflow/example_dags/example_params_trigger_ui.py took 0.300 seconds
[2026-08-06T16:17:14.871+0000] {processor.py:186} INFO - Started process (PID=685) to work on /home/airflow/.local/lib/python3.12/site-packages/airflow/example_dags/example_params_trigger_ui.py
[2026-08-06T16:17:14.872+0000] {processor.py:914} INFO - Processing file /home/airflow/.local/lib/python3.12/site-packages/airflow/example_dags/example_params_trigger_ui.py for tasks to queue
[2026-08-06T16:17:14.875+0000] {logging_mixin.py:190} INFO - [2026-08-06T16:17:14.875+0000] {dagbag.py:588} INFO - Filling up the DagBag from /home/airflow/.local/lib/python3.12/site-packages/airflow/example_dags/example_params_trigger_ui.py
[2026-08-06T16:17:14.899+0000] {processor.py:925} INFO - DAG(s) 'example_params_trigger_ui' retrieved from /home/airflow/.local/lib/python3.12/site-packages/airflow/example_dags/example_params_trigger_ui.py
[2026-08-06T16:17:14.968+0000] {logging_mixin.py:190} INFO - [2026-08-06T16:17:14.967+0000] {dag.py:3239} INFO - Sync 1 DAGs
[2026-08-06T16:17:14.985+0000] {logging_mixin.py:190} INFO - [2026-08-06T16:17:14.985+0000] {dag.py:4180} INFO - Setting next_dagrun for example_params_trigger_ui to None, run_after=None
[2026-08-06T16:17:15.009+0000] {processor.py:208} INFO - Processing /home/airflow/.local/lib/python3.12/site-packages/airflow/example_dags/example_params_trigger_ui.py took 0.149 seconds
[2026-08-06T16:17:46.344+0000] {processor.py:186} INFO - Started process (PID=749) to work on /home/airflow/.local/lib/python3.12/site-packages/airflow/example_dags/example_params_trigger_ui.py
[2026-08-06T16:17:46.348+0000] {processor.py:914} INFO - Processing file /home/airflow/.local/lib/python3.12/site-packages/airflow/example_dags/example_params_trigger_ui.py for tasks to queue
[2026-08-06T16:17:46.355+0000] {logging_mixin.py:190} INFO - [2026-08-06T16:17:46.354+0000] {dagbag.py:588} INFO - Filling up the DagBag from /home/airflow/.local/lib/python3.12/site-packages/airflow/example_dags/example_params_trigger_ui.py
[2026-08-06T16:17:46.385+0000] {processor.py:925} INFO - DAG(s) 'example_params_trigger_ui' retrieved from /home/airflow/.local/lib/python3.12/site-packages/airflow/example_dags/example_params_trigger_ui.py
[2026-08-06T16:17:46.501+0000] {logging_mixin.py:190} INFO - [2026-08-06T16:17:46.501+0000] {dag.py:3239} INFO - Sync 1 DAGs
[2026-08-06T16:17:46.529+0000] {logging_mixin.py:190} INFO - [2026-08-06T16:17:46.528+0000] {dag.py:4180} INFO - Setting next_dagrun for example_params_trigger_ui to None, run_after=None
[2026-08-06T16:17:46.587+0000] {processor.py:208} INFO - Processing /home/airflow/.local/lib/python3.12/site-packages/airflow/example_dags/example_params_trigger_ui.py took 0.280 seconds
[2026-08-06T16:18:16.878+0000] {processor.py:186} INFO - Started process (PID=814) to work on /home/airflow/.local/lib/python3.12/site-packages/airflow/example_dags/example_params_trigger_ui.py
[2026-08-06T16:18:16.881+0000] {processor.py:914} INFO - Processing file /home/airflow/.local/lib/python3.12/site-packages/airflow/example_dags/example_params_trigger_ui.py for tasks to queue
[2026-08-06T16:18:16.888+0000] {logging_mixin.py:190} INFO - [2026-08-06T16:18:16.888+0000] {dagbag.py:588} INFO - Filling up the DagBag from /home/airflow/.local/lib/python3.12/site-packages/airflow/example_dags/example_params_trigger_ui.py
[2026-08-06T16:18:16.906+0000] {processor.py:925} INFO - DAG(s) 'example_params_trigger_ui' retrieved from /home/airflow/.local/lib/python3.12/site-packages/airflow/example_dags/example_params_trigger_ui.py
[2026-08-06T16:18:16.974+0000] {logging_mixin.py:190} INFO - [2026-08-06T16:18:16.973+0000] {dag.py:3239} INFO - Sync 1 DAGs
[2026-08-06T16:18:16.997+0000] {logging_mixin.py:190} INFO - [2026-08-06T16:18:16.997+0000] {dag.py:4180} INFO - Setting next_dagrun for example_params_trigger_ui to None, run_after=None
[2026-08-06T16:18:17.070+0000] {processor.py:208} INFO - Processing /home/airflow/.local/lib/python3.12/site-packages/airflow/example_dags/example_params_trigger_ui.py took 0.200 seconds
[2026-08-06T16:21:30.052+0000] {processor.py:186} INFO - Started process (PID=113) to work on /home/airflow/.local/lib/python3.12/site-packages/airflow/example_dags/example_params_trigger_ui.py
[2026-08-06T16:21:30.059+0000] {processor.py:914} INFO - Processing file /home/airflow/.local/lib/python3.12/site-packages/airflow/example_dags/example_params_trigger_ui.py for tasks to queue
[2026-08-06T16:21:30.066+0000] {logging_mixin.py:190} INFO - [2026-08-06T16:21:30.065+0000] {dagbag.py:588} INFO - Filling up the DagBag from /home/airflow/.local/lib/python3.12/site-packages/airflow/example_dags/example_params_trigger_ui.py
[2026-08-06T16:21:30.117+0000] {processor.py:925} INFO - DAG(s) 'example_params_trigger_ui' retrieved from /home/airflow/.local/lib/python3.12/site-packages/airflow/example_dags/example_params_trigger_ui.py
[2026-08-06T16:21:30.267+0000] {logging_mixin.py:190} INFO - [2026-08-06T16:21:30.266+0000] {dag.py:3239} INFO - Sync 1 DAGs
[2026-08-06T16:21:30.332+0000] {logging_mixin.py:190} INFO - [2026-08-06T16:21:30.331+0000] {dag.py:4180} INFO - Setting next_dagrun for example_params_trigger_ui to None, run_after=None
[2026-08-06T16:21:30.398+0000] {processor.py:208} INFO - Processing /home/airflow/.local/lib/python3.12/site-packages/airflow/example_dags/example_params_trigger_ui.py took 0.370 seconds
[2026-08-06T16:22:01.558+0000] {processor.py:186} INFO - Started process (PID=177) to work on /home/airflow/.local/lib/python3.12/site-packages/airflow/example_dags/example_params_trigger_ui.py
[2026-08-06T16:22:01.561+0000] {processor.py:914} INFO - Processing file /home/airflow/.local/lib/python3.12/site-packages/airflow/example_dags/example_params_trigger_ui.py for tasks to queue
[2026-08-06T16:22:01.570+0000] {logging_mixin.py:190} INFO - [2026-08-06T16:22:01.569+0000] {dagbag.py:588} INFO - Filling up the DagBag from /home/airflow/.local/lib/python3.12/site-packages/airflow/example_dags/example_params_trigger_ui.py
[2026-08-06T16:22:01.605+0000] {processor.py:925} INFO - DAG(s) 'example_params_trigger_ui' retrieved from /home/airflow/.local/lib/python3.12/site-packages/airflow/example_dags/example_params_trigger_ui.py
[2026-08-06T16:22:01.745+0000] {logging_mixin.py:190} INFO - [2026-08-06T16:22:01.745+0000] {dag.py:3239} INFO - Sync 1 DAGs
[2026-08-06T16:22:01.829+0000] {logging_mixin.py:190} INFO - [2026-08-06T16:22:01.829+0000] {dag.py:4180} INFO - Setting next_dagrun for example_params_trigger_ui to None, run_after=None
[2026-08-06T16:22:01.925+0000] {processor.py:208} INFO - Processing /home/airflow/.local/lib/python3.12/site-packages/airflow/example_dags/example_params_trigger_ui.py took 0.383 seconds
[2026-08-06T16:22:32.082+0000] {processor.py:186} INFO - Started process (PID=240) to work on /home/airflow/.local/lib/python3.12/site-packages/airflow/example_dags/example_params_trigger_ui.py
[2026-08-06T16:22:32.084+0000] {processor.py:914} INFO - Processing file /home/airflow/.local/lib/python3.12/site-packages/airflow/example_dags/example_params_trigger_ui.py for tasks to queue
[2026-08-06T16:22:32.086+0000] {logging_mixin.py:190} INFO - [2026-08-06T16:22:32.086+0000] {dagbag.py:588} INFO - Filling up the DagBag from /home/airflow/.local/lib/python3.12/site-packages/airflow/example_dags/example_params_trigger_ui.py
[2026-08-06T16:22:32.097+0000] {processor.py:925} INFO - DAG(s) 'example_params_trigger_ui' retrieved from /home/airflow/.local/lib/python3.12/site-packages/airflow/example_dags/example_params_trigger_ui.py
[2026-08-06T16:22:32.146+0000] {logging_mixin.py:190} INFO - [2026-08-06T16:22:32.146+0000] {dag.py:3239} INFO - Sync 1 DAGs
[2026-08-06T16:22:32.163+0000] {logging_mixin.py:190} INFO - [2026-08-06T16:22:32.163+0000] {dag.py:4180} INFO - Setting next_dagrun for example_params_trigger_ui to None, run_after=None
[2026-08-06T16:22:32.187+0000] {processor.py:208} INFO - Processing /home/airflow/.local/lib/python3.12/site-packages/airflow/example_dags/example_params_trigger_ui.py took 0.113 seconds
[2026-08-06T16:23:02.910+0000] {processor.py:186} INFO - Started process (PID=304) to work on /home/airflow/.local/lib/python3.12/site-packages/airflow/example_dags/example_params_trigger_ui.py
[2026-08-06T16:23:02.912+0000] {processor.py:914} INFO - Processing file /home/airflow/.local/lib/python3.12/site-packages/airflow/example_dags/example_params_trigger_ui.py for tasks to queue
[2026-08-06T16:23:02.920+0000] {logging_mixin.py:190} INFO - [2026-08-06T16:23:02.920+0000] {dagbag.py:588} INFO - Filling up the DagBag from /home/airflow/.local/lib/python3.12/site-packages/airflow/example_dags/example_params_trigger_ui.py
[2026-08-06T16:23:02.936+0000] {processor.py:925} INFO - DAG(s) 'example_params_trigger_ui' retrieved from /home/airflow/.local/lib/python3.12/site-packages/airflow/example_dags/example_params_trigger_ui.py
[2026-08-06T16:23:02.981+0000] {logging_mixin.py:190} INFO - [2026-08-06T16:23:02.981+0000] {dag.py:3239} INFO - Sync 1 DAGs
[2026-08-06T16:23:02.996+0000] {logging_mixin.py:190} INFO - [2026-08-06T16:23:02.996+0000] {dag.py:4180} INFO - Setting next_dagrun for example_params_trigger_ui to None, run_after=None
[2026-08-06T16:23:03.023+0000] {processor.py:208} INFO - Processing /home/airflow/.local/lib/python3.12/site-packages/airflow/example_dags/example_params_trigger_ui.py took 0.119 seconds
[2026-08-06T16:23:33.533+0000] {processor.py:186} INFO - Started process (PID=368) to work on /home/airflow/.local/lib/python3.12/site-packages/airflow/example_dags/example_params_trigger_ui.py
[2026-08-06T16:23:33.535+0000] {processor.py:914} INFO - Processing file /home/airflow/.local/lib/python3.12/site-packages/airflow/example_dags/example_params_trigger_ui.py for tasks to queue
[2026-08-06T16:23:33.537+0000] {logging_mixin.py:190} INFO - [2026-08-06T16:23:33.537+0000] {dagbag.py:588} INFO - Filling up the DagBag from /home/airflow/.local/lib/python3.12/site-packages/airflow/example_dags/example_params_trigger_ui.py
[2026-08-06T16:23:33.548+0000] {processor.py:925} INFO - DAG(s) 'example_params_trigger_ui' retrieved from /home/airflow/.local/lib/python3.12/site-packages/airflow/example_dags/example_params_trigger_ui.py
[2026-08-06T16:23:33.582+0000] {logging_mixin.py:190} INFO - [2026-08-06T16:23:33.582+0000] {dag.py:3239} INFO - Sync 1 DAGs
[2026-08-06T16:23:33.596+0000] {logging_mixin.py:190} INFO - [2026-08-06T16:23:33.596+0000] {dag.py:4180} INFO - Setting next_dagrun for example_params_trigger_ui to None, run_after=None
[2026-08-06T16:23:33.615+0000] {processor.py:208} INFO - Processing /home/airflow/.local/lib/python3.12/site-packages/airflow/example_dags/example_params_trigger_ui.py took 0.087 seconds
[2026-08-06T16:24:04.188+0000] {processor.py:186} INFO - Started process (PID=432) to work on /home/airflow/.local/lib/python3.12/site-packages/airflow/example_dags/example_params_trigger_ui.py
[2026-08-06T16:24:04.189+0000] {processor.py:914} INFO - Processing file /home/airflow/.local/lib/python3.12/site-packages/airflow/example_dags/example_params_trigger_ui.py for tasks to queue
[2026-08-06T16:24:04.191+0000] {logging_mixin.py:190} INFO - [2026-08-06T16:24:04.191+0000] {dagbag.py:588} INFO - Filling up the DagBag from /home/airflow/.local/lib/python3.12/site-packages/airflow/example_dags/example_params_trigger_ui.py
[2026-08-06T16:24:04.202+0000] {processor.py:925} INFO - DAG(s) 'example_params_trigger_ui' retrieved from /home/airflow/.local/lib/python3.12/site-packages/airflow/example_dags/example_params_trigger_ui.py
[2026-08-06T16:24:04.240+0000] {logging_mixin.py:190} INFO - [2026-08-06T16:24:04.239+0000] {dag.py:3239} INFO - Sync 1 DAGs
[2026-08-06T16:24:04.263+0000] {logging_mixin.py:190} INFO - [2026-08-06T16:24:04.262+0000] {dag.py:4180} INFO - Setting next_dagrun for example_params_trigger_ui to None, run_after=None
[2026-08-06T16:24:04.288+0000] {processor.py:208} INFO - Processing /home/airflow/.local/lib/python3.12/site-packages/airflow/example_dags/example_params_trigger_ui.py took 0.105 seconds
[2026-08-06T16:24:34.662+0000] {processor.py:186} INFO - Started process (PID=496) to work on /home/airflow/.local/lib/python3.12/site-packages/airflow/example_dags/example_params_trigger_ui.py
[2026-08-06T16:24:34.665+0000] {processor.py:914} INFO - Processing file /home/airflow/.local/lib/python3.12/site-packages/airflow/example_dags/example_params_trigger_ui.py for tasks to queue
[2026-08-06T16:24:34.670+0000] {logging_mixin.py:190} INFO - [2026-08-06T16:24:34.669+0000] {dagbag.py:588} INFO - Filling up the DagBag from /home/airflow/.local/lib/python3.12/site-packages/airflow/example_dags/example_params_trigger_ui.py
[2026-08-06T16:24:34.693+0000] {processor.py:925} INFO - DAG(s) 'example_params_trigger_ui' retrieved from /home/airflow/.local/lib/python3.12/site-packages/airflow/example_dags/example_params_trigger_ui.py
[2026-08-06T16:24:34.791+0000] {logging_mixin.py:190} INFO - [2026-08-06T16:24:34.790+0000] {dag.py:3239} INFO - Sync 1 DAGs
[2026-08-06T16:24:34.814+0000] {logging_mixin.py:190} INFO - [2026-08-06T16:24:34.814+0000] {dag.py:4180} INFO - Setting next_dagrun for example_params_trigger_ui to None, run_after=None
[2026-08-06T16:24:34.866+0000] {processor.py:208} INFO - Processing /home/airflow/.local/lib/python3.12/site-packages/airflow/example_dags/example_params_trigger_ui.py took 0.216 seconds
[2026-08-06T16:25:05.426+0000] {processor.py:186} INFO - Started process (PID=560) to work on /home/airflow/.local/lib/python3.12/site-packages/airflow/example_dags/example_params_trigger_ui.py
[2026-08-06T16:25:05.428+0000] {processor.py:914} INFO - Processing file /home/airflow/.local/lib/python3.12/site-packages/airflow/example_dags/example_params_trigger_ui.py for tasks to queue
[2026-08-06T16:25:05.431+0000] {logging_mixin.py:190} INFO - [2026-08-06T16:25:05.431+0000] {dagbag.py:588} INFO - Filling up the DagBag from /home/airflow/.local/lib/python3.12/site-packages/airflow/example_dags/example_params_trigger_ui.py
[2026-08-06T16:25:05.444+0000] {processor.py:925} INFO - DAG(s) 'example_params_trigger_ui' retrieved from /home/airflow/.local/lib/python3.12/site-packages/airflow/example_dags/example_params_trigger_ui.py
[2026-08-06T16:25:05.489+0000] {logging_mixin.py:190} INFO - [2026-08-06T16:25:05.489+0000] {dag.py:3239} INFO - Sync 1 DAGs
[2026-08-06T16:25:05.507+0000] {logging_mixin.py:190} INFO - [2026-08-06T16:25:05.507+0000] {dag.py:4180} INFO - Setting next_dagrun for example_params_trigger_ui to None, run_after=None
[2026-08-06T16:25:05.530+0000] {processor.py:208} INFO - Processing /home/airflow/.local/lib/python3.12/site-packages/airflow/example_dags/example_params_trigger_ui.py took 0.113 seconds
[2026-08-06T16:25:35.823+0000] {processor.py:186} INFO - Started process (PID=624) to work on /home/airflow/.local/lib/python3.12/site-packages/airflow/example_dags/example_params_trigger_ui.py
[2026-08-06T16:25:35.824+0000] {processor.py:914} INFO - Processing file /home/airflow/.local/lib/python3.12/site-packages/airflow/example_dags/example_params_trigger_ui.py for tasks to queue
[2026-08-06T16:25:35.826+0000] {logging_mixin.py:190} INFO - [2026-08-06T16:25:35.826+0000] {dagbag.py:588} INFO - Filling up the DagBag from /home/airflow/.local/lib/python3.12/site-packages/airflow/example_dags/example_params_trigger_ui.py
[2026-08-06T16:25:35.835+0000] {processor.py:925} INFO - DAG(s) 'example_params_trigger_ui' retrieved from /home/airflow/.local/lib/python3.12/site-packages/airflow/example_dags/example_params_trigger_ui.py
[2026-08-06T16:25:35.869+0000] {logging_mixin.py:190} INFO - [2026-08-06T16:25:35.869+0000] {dag.py:3239} INFO - Sync 1 DAGs
[2026-08-06T16:25:35.879+0000] {logging_mixin.py:190} INFO - [2026-08-06T16:25:35.879+0000] {dag.py:4180} INFO - Setting next_dagrun for example_params_trigger_ui to None, run_after=None
[2026-08-06T16:25:35.893+0000] {processor.py:208} INFO - Processing /home/airflow/.local/lib/python3.12/site-packages/airflow/example_dags/example_params_trigger_ui.py took 0.074 seconds
[2026-08-06T16:26:07.165+0000] {processor.py:186} INFO - Started process (PID=688) to work on /home/airflow/.local/lib/python3.12/site-packages/airflow/example_dags/example_params_trigger_ui.py
[2026-08-06T16:26:07.166+0000] {processor.py:914} INFO - Processing file /home/airflow/.local/lib/python3.12/site-packages/airflow/example_dags/example_params_trigger_ui.py for tasks to queue
[2026-08-06T16:26:07.168+0000] {logging_mixin.py:190} INFO - [2026-08-06T16:26:07.168+0000] {dagbag.py:588} INFO - Filling up the DagBag from /home/airflow/.local/lib/python3.12/site-packages/airflow/example_dags/example_params_trigger_ui.py
[2026-08-06T16:26:07.177+0000] {processor.py:925} INFO - DAG(s) 'example_params_trigger_ui' retrieved from /home/airflow/.local/lib/python3.12/site-packages/airflow/example_dags/example_params_trigger_ui.py
[2026-08-06T16:26:07.211+0000] {logging_mixin.py:190} INFO - [2026-08-06T16:26:07.210+0000] {dag.py:3239} INFO - Sync 1 DAGs
[2026-08-06T16:26:07.222+0000] {logging_mixin.py:190} INFO - [2026-08-06T16:26:07.221+0000] {dag.py:4180} INFO - Setting next_dagrun for example_params_trigger_ui to None, run_after=None
[2026-08-06T16:26:07.235+0000] {processor.py:208} INFO - Processing /home/airflow/.local/lib/python3.12/site-packages/airflow/example_dags/example_params_trigger_ui.py took 0.075 seconds
[2026-08-06T16:26:38.865+0000] {processor.py:186} INFO - Started process (PID=752) to work on /home/airflow/.local/lib/python3.12/site-packages/airflow/example_dags/example_params_trigger_ui.py
[2026-08-06T16:26:38.866+0000] {processor.py:914} INFO - Processing file /home/airflow/.local/lib/python3.12/site-packages/airflow/example_dags/example_params_trigger_ui.py for tasks to queue
[2026-08-06T16:26:38.869+0000] {logging_mixin.py:190} INFO - [2026-08-06T16:26:38.869+0000] {dagbag.py:588} INFO - Filling up the DagBag from /home/airflow/.local/lib/python3.12/site-packages/airflow/example_dags/example_params_trigger_ui.py
[2026-08-06T16:26:38.879+0000] {processor.py:925} INFO - DAG(s) 'example_params_trigger_ui' retrieved from /home/airflow/.local/lib/python3.12/site-packages/airflow/example_dags/example_params_trigger_ui.py
[2026-08-06T16:26:38.910+0000] {logging_mixin.py:190} INFO - [2026-08-06T16:26:38.910+0000] {dag.py:3239} INFO - Sync 1 DAGs
[2026-08-06T16:26:38.920+0000] {logging_mixin.py:190} INFO - [2026-08-06T16:26:38.920+0000] {dag.py:4180} INFO - Setting next_dagrun for example_params_trigger_ui to None, run_after=None
[2026-08-06T16:26:38.936+0000] {processor.py:208} INFO - Processing /home/airflow/.local/lib/python3.12/site-packages/airflow/example_dags/example_params_trigger_ui.py took 0.077 seconds
[2026-08-06T16:28:23.318+0000] {processor.py:186} INFO - Started process (PID=100) to work on /home/airflow/.local/lib/python3.12/site-packages/airflow/example_dags/example_params_trigger_ui.py
[2026-08-06T16:28:23.319+0000] {processor.py:914} INFO - Processing file /home/airflow/.local/lib/python3.12/site-packages/airflow/example_dags/example_params_trigger_ui.py for tasks to queue
[2026-08-06T16:28:23.322+0000] {logging_mixin.py:190} INFO - [2026-08-06T16:28:23.321+0000] {dagbag.py:588} INFO - Filling up the DagBag from /home/airflow/.local/lib/python3.12/site-packages/airflow/example_dags/example_params_trigger_ui.py
[2026-08-06T16:28:23.335+0000] {processor.py:925} INFO - DAG(s) 'example_params_trigger_ui' retrieved from /home/airflow/.local/lib/python3.12/site-packages/airflow/example_dags/example_params_trigger_ui.py
[2026-08-06T16:28:23.377+0000] {logging_mixin.py:190} INFO - [2026-08-06T16:28:23.377+0000] {dag.py:3239} INFO - Sync 1 DAGs
[2026-08-06T16:28:23.391+0000] {logging_mixin.py:190} INFO - [2026-08-06T16:28:23.391+0000] {dag.py:4180} INFO - Setting next_dagrun for example_params_trigger_ui to None, run_after=None
[2026-08-06T16:28:23.416+0000] {processor.py:208} INFO - Processing /home/airflow/.local/lib/python3.12/site-packages/airflow/example_dags/example_params_trigger_ui.py took 0.103 seconds
[2026-08-06T16:28:54.001+0000] {processor.py:186} INFO - Started process (PID=164) to work on /home/airflow/.local/lib/python3.12/site-packages/airflow/example_dags/example_params_trigger_ui.py
[2026-08-06T16:28:54.002+0000] {processor.py:914} INFO - Processing file /home/airflow/.local/lib/python3.12/site-packages/airflow/example_dags/example_params_trigger_ui.py for tasks to queue
[2026-08-06T16:28:54.006+0000] {logging_mixin.py:190} INFO - [2026-08-06T16:28:54.006+0000] {dagbag.py:588} INFO - Filling up the DagBag from /home/airflow/.local/lib/python3.12/site-packages/airflow/example_dags/example_params_trigger_ui.py
[2026-08-06T16:28:54.016+0000] {processor.py:925} INFO - DAG(s) 'example_params_trigger_ui' retrieved from /home/airflow/.local/lib/python3.12/site-packages/airflow/example_dags/example_params_trigger_ui.py
[2026-08-06T16:28:54.058+0000] {logging_mixin.py:190} INFO - [2026-08-06T16:28:54.058+0000] {dag.py:3239} INFO - Sync 1 DAGs
[2026-08-06T16:28:54.071+0000] {logging_mixin.py:190} INFO - [2026-08-06T16:28:54.071+0000] {dag.py:4180} INFO - Setting next_dagrun for example_params_trigger_ui to None, run_after=None
[2026-08-06T16:28:54.090+0000] {processor.py:208} INFO - Processing /home/airflow/.local/lib/python3.12/site-packages/airflow/example_dags/example_params_trigger_ui.py took 0.095 seconds
[2026-08-06T16:29:25.563+0000] {processor.py:186} INFO - Started process (PID=228) to work on /home/airflow/.local/lib/python3.12/site-packages/airflow/example_dags/example_params_trigger_ui.py
[2026-08-06T16:29:25.564+0000] {processor.py:914} INFO - Processing file /home/airflow/.local/lib/python3.12/site-packages/airflow/example_dags/example_params_trigger_ui.py for tasks to queue
[2026-08-06T16:29:25.567+0000] {logging_mixin.py:190} INFO - [2026-08-06T16:29:25.567+0000] {dagbag.py:588} INFO - Filling up the DagBag from /home/airflow/.local/lib/python3.12/site-packages/airflow/example_dags/example_params_trigger_ui.py
[2026-08-06T16:29:25.578+0000] {processor.py:925} INFO - DAG(s) 'example_params_trigger_ui' retrieved from /home/airflow/.local/lib/python3.12/site-packages/airflow/example_dags/example_params_trigger_ui.py
[2026-08-06T16:29:25.624+0000] {logging_mixin.py:190} INFO - [2026-08-06T16:29:25.624+0000] {dag.py:3239} INFO - Sync 1 DAGs
[2026-08-06T16:29:25.636+0000] {logging_mixin.py:190} INFO - [2026-08-06T16:29:25.635+0000] {dag.py:4180} INFO - Setting next_dagrun for example_params_trigger_ui to None, run_after=None
[2026-08-06T16:29:25.657+0000] {processor.py:208} INFO - Processing /home/airflow/.local/lib/python3.12/site-packages/airflow/example_dags/example_params_trigger_ui.py took 0.100 seconds
[2026-08-06T16:29:56.580+0000] {processor.py:186} INFO - Started process (PID=292) to work on /home/airflow/.local/lib/python3.12/site-packages/airflow/example_dags/example_params_trigger_ui.py
[2026-08-06T16:29:56.581+0000] {processor.py:914} INFO - Processing file /home/airflow/.local/lib/python3.12/site-packages/airflow/example_dags/example_params_trigger_ui.py for tasks to queue
[2026-08-06T16:29:56.583+0000] {logging_mixin.py:190} INFO - [2026-08-06T16:29:56.583+0000] {dagbag.py:588} INFO - Filling up the DagBag from /home/airflow/.local/lib/python3.12/site-packages/airflow/example_dags/example_params_trigger_ui.py
[2026-08-06T16:29:56.594+0000] {processor.py:925} INFO - DAG(s) 'example_params_trigger_ui' retrieved from /home/airflow/.local/lib/python3.12/site-packages/airflow/example_dags/example_params_trigger_ui.py
[2026-08-06T16:29:56.633+0000] {logging_mixin.py:190} INFO - [2026-08-06T16:29:56.632+0000] {dag.py:3239} INFO - Sync 1 DAGs
[2026-08-06T16:29:56.646+0000] {logging_mixin.py:190} INFO - [2026-08-06T16:29:56.645+0000] {dag.py:4180} INFO - Setting next_dagrun for example_params_trigger_ui to None, run_after=None
[2026-08-06T16:29:56.665+0000] {processor.py:208} INFO - Processing /home/airflow/.local/lib/python3.12/site-packages/airflow/example_dags/example_params_trigger_ui.py took 0.090 seconds
[2026-08-06T16:30:27.564+0000] {processor.py:186} INFO - Started process (PID=356) to work on /home/airflow/.local/lib/python3.12/site-packages/airflow/example_dags/example_params_trigger_ui.py
[2026-08-06T16:30:27.565+0000] {processor.py:914} INFO - Processing file /home/airflow/.local/lib/python3.12/site-packages/airflow/example_dags/example_params_trigger_ui.py for tasks to queue
[2026-08-06T16:30:27.567+0000] {logging_mixin.py:190} INFO - [2026-08-06T16:30:27.567+0000] {dagbag.py:588} INFO - Filling up the DagBag from /home/airflow/.local/lib/python3.12/site-packages/airflow/example_dags/example_params_trigger_ui.py
[2026-08-06T16:30:27.577+0000] {processor.py:925} INFO - DAG(s) 'example_params_trigger_ui' retrieved from /home/airflow/.local/lib/python3.12/site-packages/airflow/example_dags/example_params_trigger_ui.py
[2026-08-06T16:30:27.616+0000] {logging_mixin.py:190} INFO - [2026-08-06T16:30:27.616+0000] {dag.py:3239} INFO - Sync 1 DAGs
[2026-08-06T16:30:27.630+0000] {logging_mixin.py:190} INFO - [2026-08-06T16:30:27.630+0000] {dag.py:4180} INFO - Setting next_dagrun for example_params_trigger_ui to None, run_after=None
[2026-08-06T16:30:27.651+0000] {processor.py:208} INFO - Processing /home/airflow/.local/lib/python3.12/site-packages/airflow/example_dags/example_params_trigger_ui.py took 0.092 seconds
[2026-08-06T16:30:58.966+0000] {processor.py:186} INFO - Started process (PID=419) to work on /home/airflow/.local/lib/python3.12/site-packages/airflow/example_dags/example_params_trigger_ui.py
[2026-08-06T16:30:58.968+0000] {processor.py:914} INFO - Processing file /home/airflow/.local/lib/python3.12/site-packages/airflow/example_dags/example_params_trigger_ui.py for tasks to queue
[2026-08-06T16:30:58.972+0000] {logging_mixin.py:190} INFO - [2026-08-06T16:30:58.971+0000] {dagbag.py:588} INFO - Filling up the DagBag from /home/airflow/.local/lib/python3.12/site-packages/airflow/example_dags/example_params_trigger_ui.py
[2026-08-06T16:30:58.992+0000] {processor.py:925} INFO - DAG(s) 'example_params_trigger_ui' retrieved from /home/airflow/.local/lib/python3.12/site-packages/airflow/example_dags/example_params_trigger_ui.py
[2026-08-06T16:30:59.059+0000] {logging_mixin.py:190} INFO - [2026-08-06T16:30:59.058+0000] {dag.py:3239} INFO - Sync 1 DAGs
[2026-08-06T16:30:59.076+0000] {logging_mixin.py:190} INFO - [2026-08-06T16:30:59.076+0000] {dag.py:4180} INFO - Setting next_dagrun for example_params_trigger_ui to None, run_after=None
[2026-08-06T16:30:59.101+0000] {processor.py:208} INFO - Processing /home/airflow/.local/lib/python3.12/site-packages/airflow/example_dags/example_params_trigger_ui.py took 0.143 seconds
[2026-08-06T16:31:30.447+0000] {processor.py:186} INFO - Started process (PID=482) to work on /home/airflow/.local/lib/python3.12/site-packages/airflow/example_dags/example_params_trigger_ui.py
[2026-08-06T16:31:30.449+0000] {processor.py:914} INFO - Processing file /home/airflow/.local/lib/python3.12/site-packages/airflow/example_dags/example_params_trigger_ui.py for tasks to queue
[2026-08-06T16:31:30.454+0000] {logging_mixin.py:190} INFO - [2026-08-06T16:31:30.453+0000] {dagbag.py:588} INFO - Filling up the DagBag from /home/airflow/.local/lib/python3.12/site-packages/airflow/example_dags/example_params_trigger_ui.py
[2026-08-06T16:31:30.471+0000] {processor.py:925} INFO - DAG(s) 'example_params_trigger_ui' retrieved from /home/airflow/.local/lib/python3.12/site-packages/airflow/example_dags/example_params_trigger_ui.py
[2026-08-06T16:31:30.529+0000] {logging_mixin.py:190} INFO - [2026-08-06T16:31:30.529+0000] {dag.py:3239} INFO - Sync 1 DAGs
[2026-08-06T16:31:30.549+0000] {logging_mixin.py:190} INFO - [2026-08-06T16:31:30.548+0000] {dag.py:4180} INFO - Setting next_dagrun for example_params_trigger_ui to None, run_after=None
[2026-08-06T16:31:30.581+0000] {processor.py:208} INFO - Processing /home/airflow/.local/lib/python3.12/site-packages/airflow/example_dags/example_params_trigger_ui.py took 0.140 seconds
[2026-08-06T16:32:02.281+0000] {processor.py:186} INFO - Started process (PID=545) to work on /home/airflow/.local/lib/python3.12/site-packages/airflow/example_dags/example_params_trigger_ui.py
[2026-08-06T16:32:02.282+0000] {processor.py:914} INFO - Processing file /home/airflow/.local/lib/python3.12/site-packages/airflow/example_dags/example_params_trigger_ui.py for tasks to queue
[2026-08-06T16:32:02.287+0000] {logging_mixin.py:190} INFO - [2026-08-06T16:32:02.286+0000] {dagbag.py:588} INFO - Filling up the DagBag from /home/airflow/.local/lib/python3.12/site-packages/airflow/example_dags/example_params_trigger_ui.py
[2026-08-06T16:32:02.303+0000] {processor.py:925} INFO - DAG(s) 'example_params_trigger_ui' retrieved from /home/airflow/.local/lib/python3.12/site-packages/airflow/example_dags/example_params_trigger_ui.py
[2026-08-06T16:32:02.359+0000] {logging_mixin.py:190} INFO - [2026-08-06T16:32:02.358+0000] {dag.py:3239} INFO - Sync 1 DAGs
[2026-08-06T16:32:02.378+0000] {logging_mixin.py:190} INFO - [2026-08-06T16:32:02.377+0000] {dag.py:4180} INFO - Setting next_dagrun for example_params_trigger_ui to None, run_after=None
[2026-08-06T16:32:02.412+0000] {processor.py:208} INFO - Processing /home/airflow/.local/lib/python3.12/site-packages/airflow/example_dags/example_params_trigger_ui.py took 0.137 seconds
[2026-08-06T16:32:32.577+0000] {processor.py:186} INFO - Started process (PID=609) to work on /home/airflow/.local/lib/python3.12/site-packages/airflow/example_dags/example_params_trigger_ui.py
[2026-08-06T16:32:32.578+0000] {processor.py:914} INFO - Processing file /home/airflow/.local/lib/python3.12/site-packages/airflow/example_dags/example_params_trigger_ui.py for tasks to queue
[2026-08-06T16:32:32.581+0000] {logging_mixin.py:190} INFO - [2026-08-06T16:32:32.580+0000] {dagbag.py:588} INFO - Filling up the DagBag from /home/airflow/.local/lib/python3.12/site-packages/airflow/example_dags/example_params_trigger_ui.py
[2026-08-06T16:32:32.596+0000] {processor.py:925} INFO - DAG(s) 'example_params_trigger_ui' retrieved from /home/airflow/.local/lib/python3.12/site-packages/airflow/example_dags/example_params_trigger_ui.py
[2026-08-06T16:32:32.638+0000] {logging_mixin.py:190} INFO - [2026-08-06T16:32:32.638+0000] {dag.py:3239} INFO - Sync 1 DAGs
[2026-08-06T16:32:32.651+0000] {logging_mixin.py:190} INFO - [2026-08-06T16:32:32.651+0000] {dag.py:4180} INFO - Setting next_dagrun for example_params_trigger_ui to None, run_after=None
[2026-08-06T16:32:32.674+0000] {processor.py:208} INFO - Processing /home/airflow/.local/lib/python3.12/site-packages/airflow/example_dags/example_params_trigger_ui.py took 0.102 seconds
[2026-08-06T16:33:03.809+0000] {processor.py:186} INFO - Started process (PID=673) to work on /home/airflow/.local/lib/python3.12/site-packages/airflow/example_dags/example_params_trigger_ui.py
[2026-08-06T16:33:03.811+0000] {processor.py:914} INFO - Processing file /home/airflow/.local/lib/python3.12/site-packages/airflow/example_dags/example_params_trigger_ui.py for tasks to queue
[2026-08-06T16:33:03.813+0000] {logging_mixin.py:190} INFO - [2026-08-06T16:33:03.813+0000] {dagbag.py:588} INFO - Filling up the DagBag from /home/airflow/.local/lib/python3.12/site-packages/airflow/example_dags/example_params_trigger_ui.py
[2026-08-06T16:33:03.824+0000] {processor.py:925} INFO - DAG(s) 'example_params_trigger_ui' retrieved from /home/airflow/.local/lib/python3.12/site-packages/airflow/example_dags/example_params_trigger_ui.py
[2026-08-06T16:33:03.864+0000] {logging_mixin.py:190} INFO - [2026-08-06T16:33:03.864+0000] {dag.py:3239} INFO - Sync 1 DAGs
[2026-08-06T16:33:03.878+0000] {logging_mixin.py:190} INFO - [2026-08-06T16:33:03.877+0000] {dag.py:4180} INFO - Setting next_dagrun for example_params_trigger_ui to None, run_after=None
[2026-08-06T16:33:03.895+0000] {processor.py:208} INFO - Processing /home/airflow/.local/lib/python3.12/site-packages/airflow/example_dags/example_params_trigger_ui.py took 0.091 seconds
[2026-08-06T16:33:34.784+0000] {processor.py:186} INFO - Started process (PID=737) to work on /home/airflow/.local/lib/python3.12/site-packages/airflow/example_dags/example_params_trigger_ui.py
[2026-08-06T16:33:34.786+0000] {processor.py:914} INFO - Processing file /home/airflow/.local/lib/python3.12/site-packages/airflow/example_dags/example_params_trigger_ui.py for tasks to queue
[2026-08-06T16:33:34.788+0000] {logging_mixin.py:190} INFO - [2026-08-06T16:33:34.787+0000] {dagbag.py:588} INFO - Filling up the DagBag from /home/airflow/.local/lib/python3.12/site-packages/airflow/example_dags/example_params_trigger_ui.py
[2026-08-06T16:33:34.797+0000] {processor.py:925} INFO - DAG(s) 'example_params_trigger_ui' retrieved from /home/airflow/.local/lib/python3.12/site-packages/airflow/example_dags/example_params_trigger_ui.py
[2026-08-06T16:33:34.830+0000] {logging_mixin.py:190} INFO - [2026-08-06T16:33:34.830+0000] {dag.py:3239} INFO - Sync 1 DAGs
[2026-08-06T16:33:34.842+0000] {logging_mixin.py:190} INFO - [2026-08-06T16:33:34.842+0000] {dag.py:4180} INFO - Setting next_dagrun for example_params_trigger_ui to None, run_after=None
[2026-08-06T16:33:34.859+0000] {processor.py:208} INFO - Processing /home/airflow/.local/lib/python3.12/site-packages/airflow/example_dags/example_params_trigger_ui.py took 0.080 seconds
[2026-08-06T16:34:05.893+0000] {processor.py:186} INFO - Started process (PID=801) to work on /home/airflow/.local/lib/python3.12/site-packages/airflow/example_dags/example_params_trigger_ui.py
[2026-08-06T16:34:05.894+0000] {processor.py:914} INFO - Processing file /home/airflow/.local/lib/python3.12/site-packages/airflow/example_dags/example_params_trigger_ui.py for tasks to queue
[2026-08-06T16:34:05.896+0000] {logging_mixin.py:190} INFO - [2026-08-06T16:34:05.896+0000] {dagbag.py:588} INFO - Filling up the DagBag from /home/airflow/.local/lib/python3.12/site-packages/airflow/example_dags/example_params_trigger_ui.py
[2026-08-06T16:34:05.906+0000] {processor.py:925} INFO - DAG(s) 'example_params_trigger_ui' retrieved from /home/airflow/.local/lib/python3.12/site-packages/airflow/example_dags/example_params_trigger_ui.py
[2026-08-06T16:34:05.948+0000] {logging_mixin.py:190} INFO - [2026-08-06T16:34:05.948+0000] {dag.py:3239} INFO - Sync 1 DAGs
[2026-08-06T16:34:05.960+0000] {logging_mixin.py:190} INFO - [2026-08-06T16:34:05.960+0000] {dag.py:4180} INFO - Setting next_dagrun for example_params_trigger_ui to None, run_after=None
[2026-08-06T16:34:05.982+0000] {processor.py:208} INFO - Processing /home/airflow/.local/lib/python3.12/site-packages/airflow/example_dags/example_params_trigger_ui.py took 0.094 seconds
[2026-08-06T16:34:36.893+0000] {processor.py:186} INFO - Started process (PID=865) to work on /home/airflow/.local/lib/python3.12/site-packages/airflow/example_dags/example_params_trigger_ui.py
[2026-08-06T16:34:36.894+0000] {processor.py:914} INFO - Processing file /home/airflow/.local/lib/python3.12/site-packages/airflow/example_dags/example_params_trigger_ui.py for tasks to queue
[2026-08-06T16:34:36.896+0000] {logging_mixin.py:190} INFO - [2026-08-06T16:34:36.896+0000] {dagbag.py:588} INFO - Filling up the DagBag from /home/airflow/.local/lib/python3.12/site-packages/airflow/example_dags/example_params_trigger_ui.py
[2026-08-06T16:34:36.905+0000] {processor.py:925} INFO - DAG(s) 'example_params_trigger_ui' retrieved from /home/airflow/.local/lib/python3.12/site-packages/airflow/example_dags/example_params_trigger_ui.py
[2026-08-06T16:34:36.939+0000] {logging_mixin.py:190} INFO - [2026-08-06T16:34:36.939+0000] {dag.py:3239} INFO - Sync 1 DAGs
[2026-08-06T16:34:36.953+0000] {logging_mixin.py:190} INFO - [2026-08-06T16:34:36.952+0000] {dag.py:4180} INFO - Setting next_dagrun for example_params_trigger_ui to None, run_after=None
[2026-08-06T16:34:36.968+0000] {processor.py:208} INFO - Processing /home/airflow/.local/lib/python3.12/site-packages/airflow/example_dags/example_params_trigger_ui.py took 0.080 seconds
[2026-08-06T16:35:07.515+0000] {processor.py:186} INFO - Started process (PID=929) to work on /home/airflow/.local/lib/python3.12/site-packages/airflow/example_dags/example_params_trigger_ui.py
[2026-08-06T16:35:07.516+0000] {processor.py:914} INFO - Processing file /home/airflow/.local/lib/python3.12/site-packages/airflow/example_dags/example_params_trigger_ui.py for tasks to queue
[2026-08-06T16:35:07.518+0000] {logging_mixin.py:190} INFO - [2026-08-06T16:35:07.518+0000] {dagbag.py:588} INFO - Filling up the DagBag from /home/airflow/.local/lib/python3.12/site-packages/airflow/example_dags/example_params_trigger_ui.py
[2026-08-06T16:35:07.525+0000] {processor.py:925} INFO - DAG(s) 'example_params_trigger_ui' retrieved from /home/airflow/.local/lib/python3.12/site-packages/airflow/example_dags/example_params_trigger_ui.py
[2026-08-06T16:35:07.582+0000] {logging_mixin.py:190} INFO - [2026-08-06T16:35:07.581+0000] {dag.py:3239} INFO - Sync 1 DAGs
[2026-08-06T16:35:07.603+0000] {logging_mixin.py:190} INFO - [2026-08-06T16:35:07.603+0000] {dag.py:4180} INFO - Setting next_dagrun for example_params_trigger_ui to None, run_after=None
[2026-08-06T16:35:07.626+0000] {processor.py:208} INFO - Processing /home/airflow/.local/lib/python3.12/site-packages/airflow/example_dags/example_params_trigger_ui.py took 0.119 seconds
[2026-08-06T16:35:38.628+0000] {processor.py:186} INFO - Started process (PID=993) to work on /home/airflow/.local/lib/python3.12/site-packages/airflow/example_dags/example_params_trigger_ui.py
[2026-08-06T16:35:38.629+0000] {processor.py:914} INFO - Processing file /home/airflow/.local/lib/python3.12/site-packages/airflow/example_dags/example_params_trigger_ui.py for tasks to queue
[2026-08-06T16:35:38.631+0000] {logging_mixin.py:190} INFO - [2026-08-06T16:35:38.631+0000] {dagbag.py:588} INFO - Filling up the DagBag from /home/airflow/.local/lib/python3.12/site-packages/airflow/example_dags/example_params_trigger_ui.py
[2026-08-06T16:35:38.641+0000] {processor.py:925} INFO - DAG(s) 'example_params_trigger_ui' retrieved from /home/airflow/.local/lib/python3.12/site-packages/airflow/example_dags/example_params_trigger_ui.py
[2026-08-06T16:35:38.685+0000] {logging_mixin.py:190} INFO - [2026-08-06T16:35:38.685+0000] {dag.py:3239} INFO - Sync 1 DAGs
[2026-08-06T16:35:38.698+0000] {logging_mixin.py:190} INFO - [2026-08-06T16:35:38.698+0000] {dag.py:4180} INFO - Setting next_dagrun for example_params_trigger_ui to None, run_after=None
[2026-08-06T16:35:38.720+0000] {processor.py:208} INFO - Processing /home/airflow/.local/lib/python3.12/site-packages/airflow/example_dags/example_params_trigger_ui.py took 0.097 seconds
[2026-08-06T16:36:09.520+0000] {processor.py:186} INFO - Started process (PID=1057) to work on /home/airflow/.local/lib/python3.12/site-packages/airflow/example_dags/example_params_trigger_ui.py
[2026-08-06T16:36:09.521+0000] {processor.py:914} INFO - Processing file /home/airflow/.local/lib/python3.12/site-packages/airflow/example_dags/example_params_trigger_ui.py for tasks to queue
[2026-08-06T16:36:09.524+0000] {logging_mixin.py:190} INFO - [2026-08-06T16:36:09.524+0000] {dagbag.py:588} INFO - Filling up the DagBag from /home/airflow/.local/lib/python3.12/site-packages/airflow/example_dags/example_params_trigger_ui.py
[2026-08-06T16:36:09.535+0000] {processor.py:925} INFO - DAG(s) 'example_params_trigger_ui' retrieved from /home/airflow/.local/lib/python3.12/site-packages/airflow/example_dags/example_params_trigger_ui.py
[2026-08-06T16:36:09.567+0000] {logging_mixin.py:190} INFO - [2026-08-06T16:36:09.567+0000] {dag.py:3239} INFO - Sync 1 DAGs
[2026-08-06T16:36:09.579+0000] {logging_mixin.py:190} INFO - [2026-08-06T16:36:09.579+0000] {dag.py:4180} INFO - Setting next_dagrun for example_params_trigger_ui to None, run_after=None
[2026-08-06T16:36:09.594+0000] {processor.py:208} INFO - Processing /home/airflow/.local/lib/python3.12/site-packages/airflow/example_dags/example_params_trigger_ui.py took 0.078 seconds
[2026-08-06T16:36:40.354+0000] {processor.py:186} INFO - Started process (PID=1121) to work on /home/airflow/.local/lib/python3.12/site-packages/airflow/example_dags/example_params_trigger_ui.py
[2026-08-06T16:36:40.355+0000] {processor.py:914} INFO - Processing file /home/airflow/.local/lib/python3.12/site-packages/airflow/example_dags/example_params_trigger_ui.py for tasks to queue
[2026-08-06T16:36:40.357+0000] {logging_mixin.py:190} INFO - [2026-08-06T16:36:40.356+0000] {dagbag.py:588} INFO - Filling up the DagBag from /home/airflow/.local/lib/python3.12/site-packages/airflow/example_dags/example_params_trigger_ui.py
[2026-08-06T16:36:40.365+0000] {processor.py:925} INFO - DAG(s) 'example_params_trigger_ui' retrieved from /home/airflow/.local/lib/python3.12/site-packages/airflow/example_dags/example_params_trigger_ui.py
[2026-08-06T16:36:40.400+0000] {logging_mixin.py:190} INFO - [2026-08-06T16:36:40.400+0000] {dag.py:3239} INFO - Sync 1 DAGs
[2026-08-06T16:36:40.413+0000] {logging_mixin.py:190} INFO - [2026-08-06T16:36:40.413+0000] {dag.py:4180} INFO - Setting next_dagrun for example_params_trigger_ui to None, run_after=None
[2026-08-06T16:36:40.428+0000] {processor.py:208} INFO - Processing /home/airflow/.local/lib/python3.12/site-packages/airflow/example_dags/example_params_trigger_ui.py took 0.079 seconds
[2026-08-06T16:37:11.574+0000] {processor.py:186} INFO - Started process (PID=1185) to work on /home/airflow/.local/lib/python3.12/site-packages/airflow/example_dags/example_params_trigger_ui.py
[2026-08-06T16:37:11.575+0000] {processor.py:914} INFO - Processing file /home/airflow/.local/lib/python3.12/site-packages/airflow/example_dags/example_params_trigger_ui.py for tasks to queue
[2026-08-06T16:37:11.578+0000] {logging_mixin.py:190} INFO - [2026-08-06T16:37:11.577+0000] {dagbag.py:588} INFO - Filling up the DagBag from /home/airflow/.local/lib/python3.12/site-packages/airflow/example_dags/example_params_trigger_ui.py
[2026-08-06T16:37:11.588+0000] {processor.py:925} INFO - DAG(s) 'example_params_trigger_ui' retrieved from /home/airflow/.local/lib/python3.12/site-packages/airflow/example_dags/example_params_trigger_ui.py
[2026-08-06T16:37:11.629+0000] {logging_mixin.py:190} INFO - [2026-08-06T16:37:11.629+0000] {dag.py:3239} INFO - Sync 1 DAGs
[2026-08-06T16:37:11.642+0000] {logging_mixin.py:190} INFO - [2026-08-06T16:37:11.642+0000] {dag.py:4180} INFO - Setting next_dagrun for example_params_trigger_ui to None, run_after=None
[2026-08-06T16:37:11.680+0000] {processor.py:208} INFO - Processing /home/airflow/.local/lib/python3.12/site-packages/airflow/example_dags/example_params_trigger_ui.py took 0.112 seconds
[2026-08-06T16:37:43.012+0000] {processor.py:186} INFO - Started process (PID=1249) to work on /home/airflow/.local/lib/python3.12/site-packages/airflow/example_dags/example_params_trigger_ui.py
[2026-08-06T16:37:43.013+0000] {processor.py:914} INFO - Processing file /home/airflow/.local/lib/python3.12/site-packages/airflow/example_dags/example_params_trigger_ui.py for tasks to queue
[2026-08-06T16:37:43.016+0000] {logging_mixin.py:190} INFO - [2026-08-06T16:37:43.015+0000] {dagbag.py:588} INFO - Filling up the DagBag from /home/airflow/.local/lib/python3.12/site-packages/airflow/example_dags/example_params_trigger_ui.py
[2026-08-06T16:37:43.024+0000] {processor.py:925} INFO - DAG(s) 'example_params_trigger_ui' retrieved from /home/airflow/.local/lib/python3.12/site-packages/airflow/example_dags/example_params_trigger_ui.py
[2026-08-06T16:37:43.063+0000] {logging_mixin.py:190} INFO - [2026-08-06T16:37:43.063+0000] {dag.py:3239} INFO - Sync 1 DAGs
[2026-08-06T16:37:43.075+0000] {logging_mixin.py:190} INFO - [2026-08-06T16:37:43.075+0000] {dag.py:4180} INFO - Setting next_dagrun for example_params_trigger_ui to None, run_after=None
[2026-08-06T16:37:43.093+0000] {processor.py:208} INFO - Processing /home/airflow/.local/lib/python3.12/site-packages/airflow/example_dags/example_params_trigger_ui.py took 0.087 seconds
[2026-08-06T16:38:13.549+0000] {processor.py:186} INFO - Started process (PID=1312) to work on /home/airflow/.local/lib/python3.12/site-packages/airflow/example_dags/example_params_trigger_ui.py
[2026-08-06T16:38:13.550+0000] {processor.py:914} INFO - Processing file /home/airflow/.local/lib/python3.12/site-packages/airflow/example_dags/example_params_trigger_ui.py for tasks to queue
[2026-08-06T16:38:13.552+0000] {logging_mixin.py:190} INFO - [2026-08-06T16:38:13.552+0000] {dagbag.py:588} INFO - Filling up the DagBag from /home/airflow/.local/lib/python3.12/site-packages/airflow/example_dags/example_params_trigger_ui.py
[2026-08-06T16:38:13.561+0000] {processor.py:925} INFO - DAG(s) 'example_params_trigger_ui' retrieved from /home/airflow/.local/lib/python3.12/site-packages/airflow/example_dags/example_params_trigger_ui.py
[2026-08-06T16:38:13.594+0000] {logging_mixin.py:190} INFO - [2026-08-06T16:38:13.594+0000] {dag.py:3239} INFO - Sync 1 DAGs
[2026-08-06T16:38:13.606+0000] {logging_mixin.py:190} INFO - [2026-08-06T16:38:13.605+0000] {dag.py:4180} INFO - Setting next_dagrun for example_params_trigger_ui to None, run_after=None
[2026-08-06T16:38:13.623+0000] {processor.py:208} INFO - Processing /home/airflow/.local/lib/python3.12/site-packages/airflow/example_dags/example_params_trigger_ui.py took 0.079 seconds
[2026-08-06T16:38:44.920+0000] {processor.py:186} INFO - Started process (PID=1377) to work on /home/airflow/.local/lib/python3.12/site-packages/airflow/example_dags/example_params_trigger_ui.py
[2026-08-06T16:38:44.921+0000] {processor.py:914} INFO - Processing file /home/airflow/.local/lib/python3.12/site-packages/airflow/example_dags/example_params_trigger_ui.py for tasks to queue
[2026-08-06T16:38:44.924+0000] {logging_mixin.py:190} INFO - [2026-08-06T16:38:44.924+0000] {dagbag.py:588} INFO - Filling up the DagBag from /home/airflow/.local/lib/python3.12/site-packages/airflow/example_dags/example_params_trigger_ui.py
[2026-08-06T16:38:44.935+0000] {processor.py:925} INFO - DAG(s) 'example_params_trigger_ui' retrieved from /home/airflow/.local/lib/python3.12/site-packages/airflow/example_dags/example_params_trigger_ui.py
[2026-08-06T16:38:44.975+0000] {logging_mixin.py:190} INFO - [2026-08-06T16:38:44.975+0000] {dag.py:3239} INFO - Sync 1 DAGs
[2026-08-06T16:38:44.990+0000] {logging_mixin.py:190} INFO - [2026-08-06T16:38:44.990+0000] {dag.py:4180} INFO - Setting next_dagrun for example_params_trigger_ui to None, run_after=None
[2026-08-06T16:38:45.010+0000] {processor.py:208} INFO - Processing /home/airflow/.local/lib/python3.12/site-packages/airflow/example_dags/example_params_trigger_ui.py took 0.094 seconds
[2026-08-06T16:39:15.891+0000] {processor.py:186} INFO - Started process (PID=1441) to work on /home/airflow/.local/lib/python3.12/site-packages/airflow/example_dags/example_params_trigger_ui.py
[2026-08-06T16:39:15.892+0000] {processor.py:914} INFO - Processing file /home/airflow/.local/lib/python3.12/site-packages/airflow/example_dags/example_params_trigger_ui.py for tasks to queue
[2026-08-06T16:39:15.894+0000] {logging_mixin.py:190} INFO - [2026-08-06T16:39:15.894+0000] {dagbag.py:588} INFO - Filling up the DagBag from /home/airflow/.local/lib/python3.12/site-packages/airflow/example_dags/example_params_trigger_ui.py
[2026-08-06T16:39:15.903+0000] {processor.py:925} INFO - DAG(s) 'example_params_trigger_ui' retrieved from /home/airflow/.local/lib/python3.12/site-packages/airflow/example_dags/example_params_trigger_ui.py
[2026-08-06T16:39:15.937+0000] {logging_mixin.py:190} INFO - [2026-08-06T16:39:15.937+0000] {dag.py:3239} INFO - Sync 1 DAGs
[2026-08-06T16:39:15.950+0000] {logging_mixin.py:190} INFO - [2026-08-06T16:39:15.950+0000] {dag.py:4180} INFO - Setting next_dagrun for example_params_trigger_ui to None, run_after=None
[2026-08-06T16:39:15.967+0000] {processor.py:208} INFO - Processing /home/airflow/.local/lib/python3.12/site-packages/airflow/example_dags/example_params_trigger_ui.py took 0.080 seconds
[2026-08-06T16:39:48.043+0000] {processor.py:186} INFO - Started process (PID=1506) to work on /home/airflow/.local/lib/python3.12/site-packages/airflow/example_dags/example_params_trigger_ui.py
[2026-08-06T16:39:48.045+0000] {processor.py:914} INFO - Processing file /home/airflow/.local/lib/python3.12/site-packages/airflow/example_dags/example_params_trigger_ui.py for tasks to queue
[2026-08-06T16:39:48.048+0000] {logging_mixin.py:190} INFO - [2026-08-06T16:39:48.048+0000] {dagbag.py:588} INFO - Filling up the DagBag from /home/airflow/.local/lib/python3.12/site-packages/airflow/example_dags/example_params_trigger_ui.py
[2026-08-06T16:39:48.059+0000] {processor.py:925} INFO - DAG(s) 'example_params_trigger_ui' retrieved from /home/airflow/.local/lib/python3.12/site-packages/airflow/example_dags/example_params_trigger_ui.py
[2026-08-06T16:39:48.103+0000] {logging_mixin.py:190} INFO - [2026-08-06T16:39:48.103+0000] {dag.py:3239} INFO - Sync 1 DAGs
[2026-08-06T16:39:48.116+0000] {logging_mixin.py:190} INFO - [2026-08-06T16:39:48.116+0000] {dag.py:4180} INFO - Setting next_dagrun for example_params_trigger_ui to None, run_after=None
[2026-08-06T16:39:48.136+0000] {processor.py:208} INFO - Processing /home/airflow/.local/lib/python3.12/site-packages/airflow/example_dags/example_params_trigger_ui.py took 0.099 seconds
[2026-08-06T16:41:16.681+0000] {processor.py:186} INFO - Started process (PID=100) to work on /home/airflow/.local/lib/python3.12/site-packages/airflow/example_dags/example_params_trigger_ui.py
[2026-08-06T16:41:16.682+0000] {processor.py:914} INFO - Processing file /home/airflow/.local/lib/python3.12/site-packages/airflow/example_dags/example_params_trigger_ui.py for tasks to queue
[2026-08-06T16:41:16.686+0000] {logging_mixin.py:190} INFO - [2026-08-06T16:41:16.686+0000] {dagbag.py:588} INFO - Filling up the DagBag from /home/airflow/.local/lib/python3.12/site-packages/airflow/example_dags/example_params_trigger_ui.py
[2026-08-06T16:41:16.699+0000] {processor.py:925} INFO - DAG(s) 'example_params_trigger_ui' retrieved from /home/airflow/.local/lib/python3.12/site-packages/airflow/example_dags/example_params_trigger_ui.py
[2026-08-06T16:41:16.743+0000] {logging_mixin.py:190} INFO - [2026-08-06T16:41:16.742+0000] {dag.py:3239} INFO - Sync 1 DAGs
[2026-08-06T16:41:16.764+0000] {logging_mixin.py:190} INFO - [2026-08-06T16:41:16.763+0000] {dag.py:4180} INFO - Setting next_dagrun for example_params_trigger_ui to None, run_after=None
[2026-08-06T16:41:16.792+0000] {processor.py:208} INFO - Processing /home/airflow/.local/lib/python3.12/site-packages/airflow/example_dags/example_params_trigger_ui.py took 0.116 seconds
[2026-08-06T16:41:47.068+0000] {processor.py:186} INFO - Started process (PID=164) to work on /home/airflow/.local/lib/python3.12/site-packages/airflow/example_dags/example_params_trigger_ui.py
[2026-08-06T16:41:47.069+0000] {processor.py:914} INFO - Processing file /home/airflow/.local/lib/python3.12/site-packages/airflow/example_dags/example_params_trigger_ui.py for tasks to queue
[2026-08-06T16:41:47.071+0000] {logging_mixin.py:190} INFO - [2026-08-06T16:41:47.071+0000] {dagbag.py:588} INFO - Filling up the DagBag from /home/airflow/.local/lib/python3.12/site-packages/airflow/example_dags/example_params_trigger_ui.py
[2026-08-06T16:41:47.083+0000] {processor.py:925} INFO - DAG(s) 'example_params_trigger_ui' retrieved from /home/airflow/.local/lib/python3.12/site-packages/airflow/example_dags/example_params_trigger_ui.py
[2026-08-06T16:41:47.123+0000] {logging_mixin.py:190} INFO - [2026-08-06T16:41:47.123+0000] {dag.py:3239} INFO - Sync 1 DAGs
[2026-08-06T16:41:47.140+0000] {logging_mixin.py:190} INFO - [2026-08-06T16:41:47.139+0000] {dag.py:4180} INFO - Setting next_dagrun for example_params_trigger_ui to None, run_after=None
[2026-08-06T16:41:47.161+0000] {processor.py:208} INFO - Processing /home/airflow/.local/lib/python3.12/site-packages/airflow/example_dags/example_params_trigger_ui.py took 0.101 seconds
[2026-08-06T16:42:18.143+0000] {processor.py:186} INFO - Started process (PID=228) to work on /home/airflow/.local/lib/python3.12/site-packages/airflow/example_dags/example_params_trigger_ui.py
[2026-08-06T16:42:18.144+0000] {processor.py:914} INFO - Processing file /home/airflow/.local/lib/python3.12/site-packages/airflow/example_dags/example_params_trigger_ui.py for tasks to queue
[2026-08-06T16:42:18.147+0000] {logging_mixin.py:190} INFO - [2026-08-06T16:42:18.147+0000] {dagbag.py:588} INFO - Filling up the DagBag from /home/airflow/.local/lib/python3.12/site-packages/airflow/example_dags/example_params_trigger_ui.py
[2026-08-06T16:42:18.158+0000] {processor.py:925} INFO - DAG(s) 'example_params_trigger_ui' retrieved from /home/airflow/.local/lib/python3.12/site-packages/airflow/example_dags/example_params_trigger_ui.py
[2026-08-06T16:42:18.198+0000] {logging_mixin.py:190} INFO - [2026-08-06T16:42:18.198+0000] {dag.py:3239} INFO - Sync 1 DAGs
[2026-08-06T16:42:18.211+0000] {logging_mixin.py:190} INFO - [2026-08-06T16:42:18.211+0000] {dag.py:4180} INFO - Setting next_dagrun for example_params_trigger_ui to None, run_after=None
[2026-08-06T16:42:18.232+0000] {processor.py:208} INFO - Processing /home/airflow/.local/lib/python3.12/site-packages/airflow/example_dags/example_params_trigger_ui.py took 0.095 seconds
[2026-08-06T16:42:48.412+0000] {processor.py:186} INFO - Started process (PID=291) to work on /home/airflow/.local/lib/python3.12/site-packages/airflow/example_dags/example_params_trigger_ui.py
[2026-08-06T16:42:48.413+0000] {processor.py:914} INFO - Processing file /home/airflow/.local/lib/python3.12/site-packages/airflow/example_dags/example_params_trigger_ui.py for tasks to queue
[2026-08-06T16:42:48.416+0000] {logging_mixin.py:190} INFO - [2026-08-06T16:42:48.416+0000] {dagbag.py:588} INFO - Filling up the DagBag from /home/airflow/.local/lib/python3.12/site-packages/airflow/example_dags/example_params_trigger_ui.py
[2026-08-06T16:42:48.426+0000] {processor.py:925} INFO - DAG(s) 'example_params_trigger_ui' retrieved from /home/airflow/.local/lib/python3.12/site-packages/airflow/example_dags/example_params_trigger_ui.py
[2026-08-06T16:42:48.465+0000] {logging_mixin.py:190} INFO - [2026-08-06T16:42:48.465+0000] {dag.py:3239} INFO - Sync 1 DAGs
[2026-08-06T16:42:48.477+0000] {logging_mixin.py:190} INFO - [2026-08-06T16:42:48.477+0000] {dag.py:4180} INFO - Setting next_dagrun for example_params_trigger_ui to None, run_after=None
[2026-08-06T16:42:48.493+0000] {processor.py:208} INFO - Processing /home/airflow/.local/lib/python3.12/site-packages/airflow/example_dags/example_params_trigger_ui.py took 0.086 seconds
[2026-08-06T16:43:19.329+0000] {processor.py:186} INFO - Started process (PID=355) to work on /home/airflow/.local/lib/python3.12/site-packages/airflow/example_dags/example_params_trigger_ui.py
[2026-08-06T16:43:19.331+0000] {processor.py:914} INFO - Processing file /home/airflow/.local/lib/python3.12/site-packages/airflow/example_dags/example_params_trigger_ui.py for tasks to queue
[2026-08-06T16:43:19.336+0000] {logging_mixin.py:190} INFO - [2026-08-06T16:43:19.336+0000] {dagbag.py:588} INFO - Filling up the DagBag from /home/airflow/.local/lib/python3.12/site-packages/airflow/example_dags/example_params_trigger_ui.py
[2026-08-06T16:43:19.350+0000] {processor.py:925} INFO - DAG(s) 'example_params_trigger_ui' retrieved from /home/airflow/.local/lib/python3.12/site-packages/airflow/example_dags/example_params_trigger_ui.py
[2026-08-06T16:43:19.406+0000] {logging_mixin.py:190} INFO - [2026-08-06T16:43:19.405+0000] {dag.py:3239} INFO - Sync 1 DAGs
[2026-08-06T16:43:19.425+0000] {logging_mixin.py:190} INFO - [2026-08-06T16:43:19.424+0000] {dag.py:4180} INFO - Setting next_dagrun for example_params_trigger_ui to None, run_after=None
[2026-08-06T16:43:19.455+0000] {processor.py:208} INFO - Processing /home/airflow/.local/lib/python3.12/site-packages/airflow/example_dags/example_params_trigger_ui.py took 0.131 seconds
[2026-08-06T16:43:50.307+0000] {processor.py:186} INFO - Started process (PID=419) to work on /home/airflow/.local/lib/python3.12/site-packages/airflow/example_dags/example_params_trigger_ui.py
[2026-08-06T16:43:50.309+0000] {processor.py:914} INFO - Processing file /home/airflow/.local/lib/python3.12/site-packages/airflow/example_dags/example_params_trigger_ui.py for tasks to queue
[2026-08-06T16:43:50.313+0000] {logging_mixin.py:190} INFO - [2026-08-06T16:43:50.313+0000] {dagbag.py:588} INFO - Filling up the DagBag from /home/airflow/.local/lib/python3.12/site-packages/airflow/example_dags/example_params_trigger_ui.py
[2026-08-06T16:43:50.327+0000] {processor.py:925} INFO - DAG(s) 'example_params_trigger_ui' retrieved from /home/airflow/.local/lib/python3.12/site-packages/airflow/example_dags/example_params_trigger_ui.py
[2026-08-06T16:43:50.369+0000] {logging_mixin.py:190} INFO - [2026-08-06T16:43:50.369+0000] {dag.py:3239} INFO - Sync 1 DAGs
[2026-08-06T16:43:50.387+0000] {logging_mixin.py:190} INFO - [2026-08-06T16:43:50.386+0000] {dag.py:4180} INFO - Setting next_dagrun for example_params_trigger_ui to None, run_after=None
[2026-08-06T16:43:50.410+0000] {processor.py:208} INFO - Processing /home/airflow/.local/lib/python3.12/site-packages/airflow/example_dags/example_params_trigger_ui.py took 0.112 seconds
[2026-08-06T16:44:22.969+0000] {processor.py:186} INFO - Started process (PID=484) to work on /home/airflow/.local/lib/python3.12/site-packages/airflow/example_dags/example_params_trigger_ui.py
[2026-08-06T16:44:22.971+0000] {processor.py:914} INFO - Processing file /home/airflow/.local/lib/python3.12/site-packages/airflow/example_dags/example_params_trigger_ui.py for tasks to queue
[2026-08-06T16:44:22.976+0000] {logging_mixin.py:190} INFO - [2026-08-06T16:44:22.975+0000] {dagbag.py:588} INFO - Filling up the DagBag from /home/airflow/.local/lib/python3.12/site-packages/airflow/example_dags/example_params_trigger_ui.py
[2026-08-06T16:44:22.995+0000] {processor.py:925} INFO - DAG(s) 'example_params_trigger_ui' retrieved from /home/airflow/.local/lib/python3.12/site-packages/airflow/example_dags/example_params_trigger_ui.py
[2026-08-06T16:44:23.045+0000] {logging_mixin.py:190} INFO - [2026-08-06T16:44:23.045+0000] {dag.py:3239} INFO - Sync 1 DAGs
[2026-08-06T16:44:23.062+0000] {logging_mixin.py:190} INFO - [2026-08-06T16:44:23.062+0000] {dag.py:4180} INFO - Setting next_dagrun for example_params_trigger_ui to None, run_after=None
[2026-08-06T16:44:23.092+0000] {processor.py:208} INFO - Processing /home/airflow/.local/lib/python3.12/site-packages/airflow/example_dags/example_params_trigger_ui.py took 0.131 seconds
[2026-08-06T16:44:54.567+0000] {processor.py:186} INFO - Started process (PID=548) to work on /home/airflow/.local/lib/python3.12/site-packages/airflow/example_dags/example_params_trigger_ui.py
[2026-08-06T16:44:54.568+0000] {processor.py:914} INFO - Processing file /home/airflow/.local/lib/python3.12/site-packages/airflow/example_dags/example_params_trigger_ui.py for tasks to queue
[2026-08-06T16:44:54.572+0000] {logging_mixin.py:190} INFO - [2026-08-06T16:44:54.572+0000] {dagbag.py:588} INFO - Filling up the DagBag from /home/airflow/.local/lib/python3.12/site-packages/airflow/example_dags/example_params_trigger_ui.py
[2026-08-06T16:44:54.587+0000] {processor.py:925} INFO - DAG(s) 'example_params_trigger_ui' retrieved from /home/airflow/.local/lib/python3.12/site-packages/airflow/example_dags/example_params_trigger_ui.py
[2026-08-06T16:44:54.648+0000] {logging_mixin.py:190} INFO - [2026-08-06T16:44:54.648+0000] {dag.py:3239} INFO - Sync 1 DAGs
[2026-08-06T16:44:54.669+0000] {logging_mixin.py:190} INFO - [2026-08-06T16:44:54.668+0000] {dag.py:4180} INFO - Setting next_dagrun for example_params_trigger_ui to None, run_after=None
[2026-08-06T16:44:54.695+0000] {processor.py:208} INFO - Processing /home/airflow/.local/lib/python3.12/site-packages/airflow/example_dags/example_params_trigger_ui.py took 0.138 seconds
[2026-08-06T16:45:24.965+0000] {processor.py:186} INFO - Started process (PID=612) to work on /home/airflow/.local/lib/python3.12/site-packages/airflow/example_dags/example_params_trigger_ui.py
[2026-08-06T16:45:24.966+0000] {processor.py:914} INFO - Processing file /home/airflow/.local/lib/python3.12/site-packages/airflow/example_dags/example_params_trigger_ui.py for tasks to queue
[2026-08-06T16:45:24.968+0000] {logging_mixin.py:190} INFO - [2026-08-06T16:45:24.968+0000] {dagbag.py:588} INFO - Filling up the DagBag from /home/airflow/.local/lib/python3.12/site-packages/airflow/example_dags/example_params_trigger_ui.py
[2026-08-06T16:45:24.978+0000] {processor.py:925} INFO - DAG(s) 'example_params_trigger_ui' retrieved from /home/airflow/.local/lib/python3.12/site-packages/airflow/example_dags/example_params_trigger_ui.py
[2026-08-06T16:45:25.015+0000] {logging_mixin.py:190} INFO - [2026-08-06T16:45:25.015+0000] {dag.py:3239} INFO - Sync 1 DAGs
[2026-08-06T16:45:25.028+0000] {logging_mixin.py:190} INFO - [2026-08-06T16:45:25.028+0000] {dag.py:4180} INFO - Setting next_dagrun for example_params_trigger_ui to None, run_after=None
[2026-08-06T16:45:25.047+0000] {processor.py:208} INFO - Processing /home/airflow/.local/lib/python3.12/site-packages/airflow/example_dags/example_params_trigger_ui.py took 0.087 seconds
[2026-08-06T16:45:55.453+0000] {processor.py:186} INFO - Started process (PID=676) to work on /home/airflow/.local/lib/python3.12/site-packages/airflow/example_dags/example_params_trigger_ui.py
[2026-08-06T16:45:55.455+0000] {processor.py:914} INFO - Processing file /home/airflow/.local/lib/python3.12/site-packages/airflow/example_dags/example_params_trigger_ui.py for tasks to queue
[2026-08-06T16:45:55.460+0000] {logging_mixin.py:190} INFO - [2026-08-06T16:45:55.459+0000] {dagbag.py:588} INFO - Filling up the DagBag from /home/airflow/.local/lib/python3.12/site-packages/airflow/example_dags/example_params_trigger_ui.py
[2026-08-06T16:45:55.471+0000] {processor.py:925} INFO - DAG(s) 'example_params_trigger_ui' retrieved from /home/airflow/.local/lib/python3.12/site-packages/airflow/example_dags/example_params_trigger_ui.py
[2026-08-06T16:45:55.510+0000] {logging_mixin.py:190} INFO - [2026-08-06T16:45:55.510+0000] {dag.py:3239} INFO - Sync 1 DAGs
[2026-08-06T16:45:55.525+0000] {logging_mixin.py:190} INFO - [2026-08-06T16:45:55.525+0000] {dag.py:4180} INFO - Setting next_dagrun for example_params_trigger_ui to None, run_after=None
[2026-08-06T16:45:55.544+0000] {processor.py:208} INFO - Processing /home/airflow/.local/lib/python3.12/site-packages/airflow/example_dags/example_params_trigger_ui.py took 0.096 seconds
[2026-08-06T16:46:26.516+0000] {processor.py:186} INFO - Started process (PID=740) to work on /home/airflow/.local/lib/python3.12/site-packages/airflow/example_dags/example_params_trigger_ui.py
[2026-08-06T16:46:26.517+0000] {processor.py:914} INFO - Processing file /home/airflow/.local/lib/python3.12/site-packages/airflow/example_dags/example_params_trigger_ui.py for tasks to queue
[2026-08-06T16:46:26.520+0000] {logging_mixin.py:190} INFO - [2026-08-06T16:46:26.519+0000] {dagbag.py:588} INFO - Filling up the DagBag from /home/airflow/.local/lib/python3.12/site-packages/airflow/example_dags/example_params_trigger_ui.py
[2026-08-06T16:46:26.528+0000] {processor.py:925} INFO - DAG(s) 'example_params_trigger_ui' retrieved from /home/airflow/.local/lib/python3.12/site-packages/airflow/example_dags/example_params_trigger_ui.py
[2026-08-06T16:46:26.563+0000] {logging_mixin.py:190} INFO - [2026-08-06T16:46:26.563+0000] {dag.py:3239} INFO - Sync 1 DAGs
[2026-08-06T16:46:26.575+0000] {logging_mixin.py:190} INFO - [2026-08-06T16:46:26.575+0000] {dag.py:4180} INFO - Setting next_dagrun for example_params_trigger_ui to None, run_after=None
[2026-08-06T16:46:26.590+0000] {processor.py:208} INFO - Processing /home/airflow/.local/lib/python3.12/site-packages/airflow/example_dags/example_params_trigger_ui.py took 0.079 seconds
[2026-08-06T16:46:57.210+0000] {processor.py:186} INFO - Started process (PID=804) to work on /home/airflow/.local/lib/python3.12/site-packages/airflow/example_dags/example_params_trigger_ui.py
[2026-08-06T16:46:57.211+0000] {processor.py:914} INFO - Processing file /home/airflow/.local/lib/python3.12/site-packages/airflow/example_dags/example_params_trigger_ui.py for tasks to queue
[2026-08-06T16:46:57.212+0000] {logging_mixin.py:190} INFO - [2026-08-06T16:46:57.212+0000] {dagbag.py:588} INFO - Filling up the DagBag from /home/airflow/.local/lib/python3.12/site-packages/airflow/example_dags/example_params_trigger_ui.py
[2026-08-06T16:46:57.222+0000] {processor.py:925} INFO - DAG(s) 'example_params_trigger_ui' retrieved from /home/airflow/.local/lib/python3.12/site-packages/airflow/example_dags/example_params_trigger_ui.py
[2026-08-06T16:46:57.255+0000] {logging_mixin.py:190} INFO - [2026-08-06T16:46:57.255+0000] {dag.py:3239} INFO - Sync 1 DAGs
[2026-08-06T16:46:57.266+0000] {logging_mixin.py:190} INFO - [2026-08-06T16:46:57.266+0000] {dag.py:4180} INFO - Setting next_dagrun for example_params_trigger_ui to None, run_after=None
[2026-08-06T16:46:57.284+0000] {processor.py:208} INFO - Processing /home/airflow/.local/lib/python3.12/site-packages/airflow/example_dags/example_params_trigger_ui.py took 0.078 seconds
[2026-08-06T16:48:25.352+0000] {processor.py:186} INFO - Started process (PID=107) to work on /home/airflow/.local/lib/python3.12/site-packages/airflow/example_dags/example_params_trigger_ui.py
[2026-08-06T16:48:25.353+0000] {processor.py:914} INFO - Processing file /home/airflow/.local/lib/python3.12/site-packages/airflow/example_dags/example_params_trigger_ui.py for tasks to queue
[2026-08-06T16:48:25.356+0000] {logging_mixin.py:190} INFO - [2026-08-06T16:48:25.356+0000] {dagbag.py:588} INFO - Filling up the DagBag from /home/airflow/.local/lib/python3.12/site-packages/airflow/example_dags/example_params_trigger_ui.py
[2026-08-06T16:48:25.377+0000] {processor.py:925} INFO - DAG(s) 'example_params_trigger_ui' retrieved from /home/airflow/.local/lib/python3.12/site-packages/airflow/example_dags/example_params_trigger_ui.py
[2026-08-06T16:48:25.437+0000] {logging_mixin.py:190} INFO - [2026-08-06T16:48:25.436+0000] {dag.py:3239} INFO - Sync 1 DAGs
[2026-08-06T16:48:25.463+0000] {logging_mixin.py:190} INFO - [2026-08-06T16:48:25.462+0000] {dag.py:4180} INFO - Setting next_dagrun for example_params_trigger_ui to None, run_after=None
[2026-08-06T16:48:25.492+0000] {processor.py:208} INFO - Processing /home/airflow/.local/lib/python3.12/site-packages/airflow/example_dags/example_params_trigger_ui.py took 0.148 seconds
[2026-08-06T16:48:56.475+0000] {processor.py:186} INFO - Started process (PID=171) to work on /home/airflow/.local/lib/python3.12/site-packages/airflow/example_dags/example_params_trigger_ui.py
[2026-08-06T16:48:56.476+0000] {processor.py:914} INFO - Processing file /home/airflow/.local/lib/python3.12/site-packages/airflow/example_dags/example_params_trigger_ui.py for tasks to queue
[2026-08-06T16:48:56.480+0000] {logging_mixin.py:190} INFO - [2026-08-06T16:48:56.479+0000] {dagbag.py:588} INFO - Filling up the DagBag from /home/airflow/.local/lib/python3.12/site-packages/airflow/example_dags/example_params_trigger_ui.py
[2026-08-06T16:48:56.495+0000] {processor.py:925} INFO - DAG(s) 'example_params_trigger_ui' retrieved from /home/airflow/.local/lib/python3.12/site-packages/airflow/example_dags/example_params_trigger_ui.py
[2026-08-06T16:48:56.544+0000] {logging_mixin.py:190} INFO - [2026-08-06T16:48:56.544+0000] {dag.py:3239} INFO - Sync 1 DAGs
[2026-08-06T16:48:56.561+0000] {logging_mixin.py:190} INFO - [2026-08-06T16:48:56.561+0000] {dag.py:4180} INFO - Setting next_dagrun for example_params_trigger_ui to None, run_after=None
[2026-08-06T16:48:56.592+0000] {processor.py:208} INFO - Processing /home/airflow/.local/lib/python3.12/site-packages/airflow/example_dags/example_params_trigger_ui.py took 0.123 seconds
[2026-08-06T16:49:27.504+0000] {processor.py:186} INFO - Started process (PID=235) to work on /home/airflow/.local/lib/python3.12/site-packages/airflow/example_dags/example_params_trigger_ui.py
[2026-08-06T16:49:27.506+0000] {processor.py:914} INFO - Processing file /home/airflow/.local/lib/python3.12/site-packages/airflow/example_dags/example_params_trigger_ui.py for tasks to queue
[2026-08-06T16:49:27.508+0000] {logging_mixin.py:190} INFO - [2026-08-06T16:49:27.508+0000] {dagbag.py:588} INFO - Filling up the DagBag from /home/airflow/.local/lib/python3.12/site-packages/airflow/example_dags/example_params_trigger_ui.py
[2026-08-06T16:49:27.519+0000] {processor.py:925} INFO - DAG(s) 'example_params_trigger_ui' retrieved from /home/airflow/.local/lib/python3.12/site-packages/airflow/example_dags/example_params_trigger_ui.py
[2026-08-06T16:49:27.558+0000] {logging_mixin.py:190} INFO - [2026-08-06T16:49:27.558+0000] {dag.py:3239} INFO - Sync 1 DAGs
[2026-08-06T16:49:27.571+0000] {logging_mixin.py:190} INFO - [2026-08-06T16:49:27.571+0000] {dag.py:4180} INFO - Setting next_dagrun for example_params_trigger_ui to None, run_after=None
[2026-08-06T16:49:27.597+0000] {processor.py:208} INFO - Processing /home/airflow/.local/lib/python3.12/site-packages/airflow/example_dags/example_params_trigger_ui.py took 0.097 seconds
[2026-08-06T16:49:57.976+0000] {processor.py:186} INFO - Started process (PID=299) to work on /home/airflow/.local/lib/python3.12/site-packages/airflow/example_dags/example_params_trigger_ui.py
[2026-08-06T16:49:57.978+0000] {processor.py:914} INFO - Processing file /home/airflow/.local/lib/python3.12/site-packages/airflow/example_dags/example_params_trigger_ui.py for tasks to queue
[2026-08-06T16:49:57.981+0000] {logging_mixin.py:190} INFO - [2026-08-06T16:49:57.981+0000] {dagbag.py:588} INFO - Filling up the DagBag from /home/airflow/.local/lib/python3.12/site-packages/airflow/example_dags/example_params_trigger_ui.py
[2026-08-06T16:49:57.993+0000] {processor.py:925} INFO - DAG(s) 'example_params_trigger_ui' retrieved from /home/airflow/.local/lib/python3.12/site-packages/airflow/example_dags/example_params_trigger_ui.py
[2026-08-06T16:49:58.033+0000] {logging_mixin.py:190} INFO - [2026-08-06T16:49:58.033+0000] {dag.py:3239} INFO - Sync 1 DAGs
[2026-08-06T16:49:58.047+0000] {logging_mixin.py:190} INFO - [2026-08-06T16:49:58.047+0000] {dag.py:4180} INFO - Setting next_dagrun for example_params_trigger_ui to None, run_after=None
[2026-08-06T16:49:58.066+0000] {processor.py:208} INFO - Processing /home/airflow/.local/lib/python3.12/site-packages/airflow/example_dags/example_params_trigger_ui.py took 0.096 seconds
[2026-08-06T16:50:30.120+0000] {processor.py:186} INFO - Started process (PID=365) to work on /home/airflow/.local/lib/python3.12/site-packages/airflow/example_dags/example_params_trigger_ui.py
[2026-08-06T16:50:30.122+0000] {processor.py:914} INFO - Processing file /home/airflow/.local/lib/python3.12/site-packages/airflow/example_dags/example_params_trigger_ui.py for tasks to queue
[2026-08-06T16:50:30.125+0000] {logging_mixin.py:190} INFO - [2026-08-06T16:50:30.125+0000] {dagbag.py:588} INFO - Filling up the DagBag from /home/airflow/.local/lib/python3.12/site-packages/airflow/example_dags/example_params_trigger_ui.py
[2026-08-06T16:50:30.137+0000] {processor.py:925} INFO - DAG(s) 'example_params_trigger_ui' retrieved from /home/airflow/.local/lib/python3.12/site-packages/airflow/example_dags/example_params_trigger_ui.py
[2026-08-06T16:50:30.186+0000] {logging_mixin.py:190} INFO - [2026-08-06T16:50:30.186+0000] {dag.py:3239} INFO - Sync 1 DAGs
[2026-08-06T16:50:30.200+0000] {logging_mixin.py:190} INFO - [2026-08-06T16:50:30.199+0000] {dag.py:4180} INFO - Setting next_dagrun for example_params_trigger_ui to None, run_after=None
[2026-08-06T16:50:30.224+0000] {processor.py:208} INFO - Processing /home/airflow/.local/lib/python3.12/site-packages/airflow/example_dags/example_params_trigger_ui.py took 0.110 seconds
[2026-08-06T16:51:04.599+0000] {processor.py:186} INFO - Started process (PID=429) to work on /home/airflow/.local/lib/python3.12/site-packages/airflow/example_dags/example_params_trigger_ui.py
[2026-08-06T16:51:04.611+0000] {processor.py:914} INFO - Processing file /home/airflow/.local/lib/python3.12/site-packages/airflow/example_dags/example_params_trigger_ui.py for tasks to queue
[2026-08-06T16:51:04.616+0000] {logging_mixin.py:190} INFO - [2026-08-06T16:51:04.615+0000] {dagbag.py:588} INFO - Filling up the DagBag from /home/airflow/.local/lib/python3.12/site-packages/airflow/example_dags/example_params_trigger_ui.py
[2026-08-06T16:51:04.654+0000] {processor.py:925} INFO - DAG(s) 'example_params_trigger_ui' retrieved from /home/airflow/.local/lib/python3.12/site-packages/airflow/example_dags/example_params_trigger_ui.py
[2026-08-06T16:51:04.810+0000] {logging_mixin.py:190} INFO - [2026-08-06T16:51:04.810+0000] {dag.py:3239} INFO - Sync 1 DAGs
[2026-08-06T16:51:04.862+0000] {logging_mixin.py:190} INFO - [2026-08-06T16:51:04.861+0000] {dag.py:4180} INFO - Setting next_dagrun for example_params_trigger_ui to None, run_after=None
[2026-08-06T16:51:04.919+0000] {processor.py:208} INFO - Processing /home/airflow/.local/lib/python3.12/site-packages/airflow/example_dags/example_params_trigger_ui.py took 0.337 seconds
[2026-08-06T16:51:35.292+0000] {processor.py:186} INFO - Started process (PID=493) to work on /home/airflow/.local/lib/python3.12/site-packages/airflow/example_dags/example_params_trigger_ui.py
[2026-08-06T16:51:35.294+0000] {processor.py:914} INFO - Processing file /home/airflow/.local/lib/python3.12/site-packages/airflow/example_dags/example_params_trigger_ui.py for tasks to queue
[2026-08-06T16:51:35.299+0000] {logging_mixin.py:190} INFO - [2026-08-06T16:51:35.298+0000] {dagbag.py:588} INFO - Filling up the DagBag from /home/airflow/.local/lib/python3.12/site-packages/airflow/example_dags/example_params_trigger_ui.py
[2026-08-06T16:51:35.320+0000] {processor.py:925} INFO - DAG(s) 'example_params_trigger_ui' retrieved from /home/airflow/.local/lib/python3.12/site-packages/airflow/example_dags/example_params_trigger_ui.py
[2026-08-06T16:51:35.389+0000] {logging_mixin.py:190} INFO - [2026-08-06T16:51:35.389+0000] {dag.py:3239} INFO - Sync 1 DAGs
[2026-08-06T16:51:35.418+0000] {logging_mixin.py:190} INFO - [2026-08-06T16:51:35.418+0000] {dag.py:4180} INFO - Setting next_dagrun for example_params_trigger_ui to None, run_after=None
[2026-08-06T16:51:35.468+0000] {processor.py:208} INFO - Processing /home/airflow/.local/lib/python3.12/site-packages/airflow/example_dags/example_params_trigger_ui.py took 0.184 seconds
[2026-08-06T16:52:06.297+0000] {processor.py:186} INFO - Started process (PID=557) to work on /home/airflow/.local/lib/python3.12/site-packages/airflow/example_dags/example_params_trigger_ui.py
[2026-08-06T16:52:06.298+0000] {processor.py:914} INFO - Processing file /home/airflow/.local/lib/python3.12/site-packages/airflow/example_dags/example_params_trigger_ui.py for tasks to queue
[2026-08-06T16:52:06.301+0000] {logging_mixin.py:190} INFO - [2026-08-06T16:52:06.300+0000] {dagbag.py:588} INFO - Filling up the DagBag from /home/airflow/.local/lib/python3.12/site-packages/airflow/example_dags/example_params_trigger_ui.py
[2026-08-06T16:52:06.312+0000] {processor.py:925} INFO - DAG(s) 'example_params_trigger_ui' retrieved from /home/airflow/.local/lib/python3.12/site-packages/airflow/example_dags/example_params_trigger_ui.py
[2026-08-06T16:52:06.358+0000] {logging_mixin.py:190} INFO - [2026-08-06T16:52:06.358+0000] {dag.py:3239} INFO - Sync 1 DAGs
[2026-08-06T16:52:06.377+0000] {logging_mixin.py:190} INFO - [2026-08-06T16:52:06.377+0000] {dag.py:4180} INFO - Setting next_dagrun for example_params_trigger_ui to None, run_after=None
[2026-08-06T16:52:06.406+0000] {processor.py:208} INFO - Processing /home/airflow/.local/lib/python3.12/site-packages/airflow/example_dags/example_params_trigger_ui.py took 0.116 seconds
[2026-08-06T16:52:36.484+0000] {processor.py:186} INFO - Started process (PID=620) to work on /home/airflow/.local/lib/python3.12/site-packages/airflow/example_dags/example_params_trigger_ui.py
[2026-08-06T16:52:36.485+0000] {processor.py:914} INFO - Processing file /home/airflow/.local/lib/python3.12/site-packages/airflow/example_dags/example_params_trigger_ui.py for tasks to queue
[2026-08-06T16:52:36.487+0000] {logging_mixin.py:190} INFO - [2026-08-06T16:52:36.487+0000] {dagbag.py:588} INFO - Filling up the DagBag from /home/airflow/.local/lib/python3.12/site-packages/airflow/example_dags/example_params_trigger_ui.py
[2026-08-06T16:52:36.496+0000] {processor.py:925} INFO - DAG(s) 'example_params_trigger_ui' retrieved from /home/airflow/.local/lib/python3.12/site-packages/airflow/example_dags/example_params_trigger_ui.py
[2026-08-06T16:52:36.540+0000] {logging_mixin.py:190} INFO - [2026-08-06T16:52:36.539+0000] {dag.py:3239} INFO - Sync 1 DAGs
[2026-08-06T16:52:36.556+0000] {logging_mixin.py:190} INFO - [2026-08-06T16:52:36.555+0000] {dag.py:4180} INFO - Setting next_dagrun for example_params_trigger_ui to None, run_after=None
[2026-08-06T16:52:36.585+0000] {processor.py:208} INFO - Processing /home/airflow/.local/lib/python3.12/site-packages/airflow/example_dags/example_params_trigger_ui.py took 0.105 seconds
[2026-08-06T16:53:06.700+0000] {processor.py:186} INFO - Started process (PID=684) to work on /home/airflow/.local/lib/python3.12/site-packages/airflow/example_dags/example_params_trigger_ui.py
[2026-08-06T16:53:06.702+0000] {processor.py:914} INFO - Processing file /home/airflow/.local/lib/python3.12/site-packages/airflow/example_dags/example_params_trigger_ui.py for tasks to queue
[2026-08-06T16:53:06.705+0000] {logging_mixin.py:190} INFO - [2026-08-06T16:53:06.704+0000] {dagbag.py:588} INFO - Filling up the DagBag from /home/airflow/.local/lib/python3.12/site-packages/airflow/example_dags/example_params_trigger_ui.py
[2026-08-06T16:53:06.716+0000] {processor.py:925} INFO - DAG(s) 'example_params_trigger_ui' retrieved from /home/airflow/.local/lib/python3.12/site-packages/airflow/example_dags/example_params_trigger_ui.py
[2026-08-06T16:53:06.753+0000] {logging_mixin.py:190} INFO - [2026-08-06T16:53:06.752+0000] {dag.py:3239} INFO - Sync 1 DAGs
[2026-08-06T16:53:06.764+0000] {logging_mixin.py:190} INFO - [2026-08-06T16:53:06.764+0000] {dag.py:4180} INFO - Setting next_dagrun for example_params_trigger_ui to None, run_after=None
[2026-08-06T16:53:06.784+0000] {processor.py:208} INFO - Processing /home/airflow/.local/lib/python3.12/site-packages/airflow/example_dags/example_params_trigger_ui.py took 0.090 seconds
[2026-08-06T16:53:37.216+0000] {processor.py:186} INFO - Started process (PID=748) to work on /home/airflow/.local/lib/python3.12/site-packages/airflow/example_dags/example_params_trigger_ui.py
[2026-08-06T16:53:37.217+0000] {processor.py:914} INFO - Processing file /home/airflow/.local/lib/python3.12/site-packages/airflow/example_dags/example_params_trigger_ui.py for tasks to queue
[2026-08-06T16:53:37.219+0000] {logging_mixin.py:190} INFO - [2026-08-06T16:53:37.219+0000] {dagbag.py:588} INFO - Filling up the DagBag from /home/airflow/.local/lib/python3.12/site-packages/airflow/example_dags/example_params_trigger_ui.py
[2026-08-06T16:53:37.228+0000] {processor.py:925} INFO - DAG(s) 'example_params_trigger_ui' retrieved from /home/airflow/.local/lib/python3.12/site-packages/airflow/example_dags/example_params_trigger_ui.py
[2026-08-06T16:53:37.267+0000] {logging_mixin.py:190} INFO - [2026-08-06T16:53:37.266+0000] {dag.py:3239} INFO - Sync 1 DAGs
[2026-08-06T16:53:37.279+0000] {logging_mixin.py:190} INFO - [2026-08-06T16:53:37.279+0000] {dag.py:4180} INFO - Setting next_dagrun for example_params_trigger_ui to None, run_after=None
[2026-08-06T16:53:37.296+0000] {processor.py:208} INFO - Processing /home/airflow/.local/lib/python3.12/site-packages/airflow/example_dags/example_params_trigger_ui.py took 0.085 seconds
[2026-08-06T16:54:08.088+0000] {processor.py:186} INFO - Started process (PID=812) to work on /home/airflow/.local/lib/python3.12/site-packages/airflow/example_dags/example_params_trigger_ui.py
[2026-08-06T16:54:08.090+0000] {processor.py:914} INFO - Processing file /home/airflow/.local/lib/python3.12/site-packages/airflow/example_dags/example_params_trigger_ui.py for tasks to queue
[2026-08-06T16:54:08.093+0000] {logging_mixin.py:190} INFO - [2026-08-06T16:54:08.093+0000] {dagbag.py:588} INFO - Filling up the DagBag from /home/airflow/.local/lib/python3.12/site-packages/airflow/example_dags/example_params_trigger_ui.py
[2026-08-06T16:54:08.105+0000] {processor.py:925} INFO - DAG(s) 'example_params_trigger_ui' retrieved from /home/airflow/.local/lib/python3.12/site-packages/airflow/example_dags/example_params_trigger_ui.py
[2026-08-06T16:54:08.145+0000] {logging_mixin.py:190} INFO - [2026-08-06T16:54:08.144+0000] {dag.py:3239} INFO - Sync 1 DAGs
[2026-08-06T16:54:08.159+0000] {logging_mixin.py:190} INFO - [2026-08-06T16:54:08.159+0000] {dag.py:4180} INFO - Setting next_dagrun for example_params_trigger_ui to None, run_after=None
[2026-08-06T16:54:08.182+0000] {processor.py:208} INFO - Processing /home/airflow/.local/lib/python3.12/site-packages/airflow/example_dags/example_params_trigger_ui.py took 0.098 seconds
[2026-08-06T16:55:39.779+0000] {processor.py:186} INFO - Started process (PID=101) to work on /home/airflow/.local/lib/python3.12/site-packages/airflow/example_dags/example_params_trigger_ui.py
[2026-08-06T16:55:39.781+0000] {processor.py:914} INFO - Processing file /home/airflow/.local/lib/python3.12/site-packages/airflow/example_dags/example_params_trigger_ui.py for tasks to queue
[2026-08-06T16:55:39.785+0000] {logging_mixin.py:190} INFO - [2026-08-06T16:55:39.784+0000] {dagbag.py:588} INFO - Filling up the DagBag from /home/airflow/.local/lib/python3.12/site-packages/airflow/example_dags/example_params_trigger_ui.py
[2026-08-06T16:55:39.806+0000] {processor.py:925} INFO - DAG(s) 'example_params_trigger_ui' retrieved from /home/airflow/.local/lib/python3.12/site-packages/airflow/example_dags/example_params_trigger_ui.py
[2026-08-06T16:55:39.888+0000] {logging_mixin.py:190} INFO - [2026-08-06T16:55:39.888+0000] {dag.py:3239} INFO - Sync 1 DAGs
[2026-08-06T16:55:39.910+0000] {logging_mixin.py:190} INFO - [2026-08-06T16:55:39.909+0000] {dag.py:4180} INFO - Setting next_dagrun for example_params_trigger_ui to None, run_after=None
[2026-08-06T16:55:39.938+0000] {processor.py:208} INFO - Processing /home/airflow/.local/lib/python3.12/site-packages/airflow/example_dags/example_params_trigger_ui.py took 0.170 seconds
[2026-08-06T16:56:10.430+0000] {processor.py:186} INFO - Started process (PID=165) to work on /home/airflow/.local/lib/python3.12/site-packages/airflow/example_dags/example_params_trigger_ui.py
[2026-08-06T16:56:10.431+0000] {processor.py:914} INFO - Processing file /home/airflow/.local/lib/python3.12/site-packages/airflow/example_dags/example_params_trigger_ui.py for tasks to queue
[2026-08-06T16:56:10.435+0000] {logging_mixin.py:190} INFO - [2026-08-06T16:56:10.435+0000] {dagbag.py:588} INFO - Filling up the DagBag from /home/airflow/.local/lib/python3.12/site-packages/airflow/example_dags/example_params_trigger_ui.py
[2026-08-06T16:56:10.450+0000] {processor.py:925} INFO - DAG(s) 'example_params_trigger_ui' retrieved from /home/airflow/.local/lib/python3.12/site-packages/airflow/example_dags/example_params_trigger_ui.py
[2026-08-06T16:56:10.495+0000] {logging_mixin.py:190} INFO - [2026-08-06T16:56:10.495+0000] {dag.py:3239} INFO - Sync 1 DAGs
[2026-08-06T16:56:10.509+0000] {logging_mixin.py:190} INFO - [2026-08-06T16:56:10.509+0000] {dag.py:4180} INFO - Setting next_dagrun for example_params_trigger_ui to None, run_after=None
[2026-08-06T16:56:10.535+0000] {processor.py:208} INFO - Processing /home/airflow/.local/lib/python3.12/site-packages/airflow/example_dags/example_params_trigger_ui.py took 0.112 seconds
[2026-08-06T16:56:40.689+0000] {processor.py:186} INFO - Started process (PID=230) to work on /home/airflow/.local/lib/python3.12/site-packages/airflow/example_dags/example_params_trigger_ui.py
[2026-08-06T16:56:40.690+0000] {processor.py:914} INFO - Processing file /home/airflow/.local/lib/python3.12/site-packages/airflow/example_dags/example_params_trigger_ui.py for tasks to queue
[2026-08-06T16:56:40.692+0000] {logging_mixin.py:190} INFO - [2026-08-06T16:56:40.692+0000] {dagbag.py:588} INFO - Filling up the DagBag from /home/airflow/.local/lib/python3.12/site-packages/airflow/example_dags/example_params_trigger_ui.py
[2026-08-06T16:56:40.700+0000] {processor.py:925} INFO - DAG(s) 'example_params_trigger_ui' retrieved from /home/airflow/.local/lib/python3.12/site-packages/airflow/example_dags/example_params_trigger_ui.py
[2026-08-06T16:56:40.739+0000] {logging_mixin.py:190} INFO - [2026-08-06T16:56:40.739+0000] {dag.py:3239} INFO - Sync 1 DAGs
[2026-08-06T16:56:40.751+0000] {logging_mixin.py:190} INFO - [2026-08-06T16:56:40.751+0000] {dag.py:4180} INFO - Setting next_dagrun for example_params_trigger_ui to None, run_after=None
[2026-08-06T16:56:40.770+0000] {processor.py:208} INFO - Processing /home/airflow/.local/lib/python3.12/site-packages/airflow/example_dags/example_params_trigger_ui.py took 0.086 seconds
[2026-08-06T16:57:11.706+0000] {processor.py:186} INFO - Started process (PID=294) to work on /home/airflow/.local/lib/python3.12/site-packages/airflow/example_dags/example_params_trigger_ui.py
[2026-08-06T16:57:11.708+0000] {processor.py:914} INFO - Processing file /home/airflow/.local/lib/python3.12/site-packages/airflow/example_dags/example_params_trigger_ui.py for tasks to queue
[2026-08-06T16:57:11.710+0000] {logging_mixin.py:190} INFO - [2026-08-06T16:57:11.710+0000] {dagbag.py:588} INFO - Filling up the DagBag from /home/airflow/.local/lib/python3.12/site-packages/airflow/example_dags/example_params_trigger_ui.py
[2026-08-06T16:57:11.719+0000] {processor.py:925} INFO - DAG(s) 'example_params_trigger_ui' retrieved from /home/airflow/.local/lib/python3.12/site-packages/airflow/example_dags/example_params_trigger_ui.py
[2026-08-06T16:57:11.759+0000] {logging_mixin.py:190} INFO - [2026-08-06T16:57:11.758+0000] {dag.py:3239} INFO - Sync 1 DAGs
[2026-08-06T16:57:11.773+0000] {logging_mixin.py:190} INFO - [2026-08-06T16:57:11.772+0000] {dag.py:4180} INFO - Setting next_dagrun for example_params_trigger_ui to None, run_after=None
[2026-08-06T16:57:11.791+0000] {processor.py:208} INFO - Processing /home/airflow/.local/lib/python3.12/site-packages/airflow/example_dags/example_params_trigger_ui.py took 0.091 seconds
[2026-08-06T16:57:42.327+0000] {processor.py:186} INFO - Started process (PID=358) to work on /home/airflow/.local/lib/python3.12/site-packages/airflow/example_dags/example_params_trigger_ui.py
[2026-08-06T16:57:42.329+0000] {processor.py:914} INFO - Processing file /home/airflow/.local/lib/python3.12/site-packages/airflow/example_dags/example_params_trigger_ui.py for tasks to queue
[2026-08-06T16:57:42.331+0000] {logging_mixin.py:190} INFO - [2026-08-06T16:57:42.331+0000] {dagbag.py:588} INFO - Filling up the DagBag from /home/airflow/.local/lib/python3.12/site-packages/airflow/example_dags/example_params_trigger_ui.py
[2026-08-06T16:57:42.342+0000] {processor.py:925} INFO - DAG(s) 'example_params_trigger_ui' retrieved from /home/airflow/.local/lib/python3.12/site-packages/airflow/example_dags/example_params_trigger_ui.py
[2026-08-06T16:57:42.392+0000] {logging_mixin.py:190} INFO - [2026-08-06T16:57:42.391+0000] {dag.py:3239} INFO - Sync 1 DAGs
[2026-08-06T16:57:42.409+0000] {logging_mixin.py:190} INFO - [2026-08-06T16:57:42.409+0000] {dag.py:4180} INFO - Setting next_dagrun for example_params_trigger_ui to None, run_after=None
[2026-08-06T16:57:42.442+0000] {processor.py:208} INFO - Processing /home/airflow/.local/lib/python3.12/site-packages/airflow/example_dags/example_params_trigger_ui.py took 0.120 seconds
[2026-08-06T16:58:13.080+0000] {processor.py:186} INFO - Started process (PID=421) to work on /home/airflow/.local/lib/python3.12/site-packages/airflow/example_dags/example_params_trigger_ui.py
[2026-08-06T16:58:13.081+0000] {processor.py:914} INFO - Processing file /home/airflow/.local/lib/python3.12/site-packages/airflow/example_dags/example_params_trigger_ui.py for tasks to queue
[2026-08-06T16:58:13.085+0000] {logging_mixin.py:190} INFO - [2026-08-06T16:58:13.084+0000] {dagbag.py:588} INFO - Filling up the DagBag from /home/airflow/.local/lib/python3.12/site-packages/airflow/example_dags/example_params_trigger_ui.py
[2026-08-06T16:58:13.099+0000] {processor.py:925} INFO - DAG(s) 'example_params_trigger_ui' retrieved from /home/airflow/.local/lib/python3.12/site-packages/airflow/example_dags/example_params_trigger_ui.py
[2026-08-06T16:58:13.154+0000] {logging_mixin.py:190} INFO - [2026-08-06T16:58:13.153+0000] {dag.py:3239} INFO - Sync 1 DAGs
[2026-08-06T16:58:13.174+0000] {logging_mixin.py:190} INFO - [2026-08-06T16:58:13.173+0000] {dag.py:4180} INFO - Setting next_dagrun for example_params_trigger_ui to None, run_after=None
[2026-08-06T16:58:13.198+0000] {processor.py:208} INFO - Processing /home/airflow/.local/lib/python3.12/site-packages/airflow/example_dags/example_params_trigger_ui.py took 0.126 seconds
[2026-08-06T16:58:46.406+0000] {processor.py:186} INFO - Started process (PID=486) to work on /home/airflow/.local/lib/python3.12/site-packages/airflow/example_dags/example_params_trigger_ui.py
[2026-08-06T16:58:46.409+0000] {processor.py:914} INFO - Processing file /home/airflow/.local/lib/python3.12/site-packages/airflow/example_dags/example_params_trigger_ui.py for tasks to queue
[2026-08-06T16:58:46.422+0000] {logging_mixin.py:190} INFO - [2026-08-06T16:58:46.421+0000] {dagbag.py:588} INFO - Filling up the DagBag from /home/airflow/.local/lib/python3.12/site-packages/airflow/example_dags/example_params_trigger_ui.py
[2026-08-06T16:58:46.457+0000] {processor.py:925} INFO - DAG(s) 'example_params_trigger_ui' retrieved from /home/airflow/.local/lib/python3.12/site-packages/airflow/example_dags/example_params_trigger_ui.py
[2026-08-06T16:58:46.610+0000] {logging_mixin.py:190} INFO - [2026-08-06T16:58:46.610+0000] {dag.py:3239} INFO - Sync 1 DAGs
[2026-08-06T16:58:46.668+0000] {logging_mixin.py:190} INFO - [2026-08-06T16:58:46.668+0000] {dag.py:4180} INFO - Setting next_dagrun for example_params_trigger_ui to None, run_after=None
[2026-08-06T16:58:46.758+0000] {processor.py:208} INFO - Processing /home/airflow/.local/lib/python3.12/site-packages/airflow/example_dags/example_params_trigger_ui.py took 0.365 seconds
[2026-08-06T16:59:17.538+0000] {processor.py:186} INFO - Started process (PID=550) to work on /home/airflow/.local/lib/python3.12/site-packages/airflow/example_dags/example_params_trigger_ui.py
[2026-08-06T16:59:17.540+0000] {processor.py:914} INFO - Processing file /home/airflow/.local/lib/python3.12/site-packages/airflow/example_dags/example_params_trigger_ui.py for tasks to queue
[2026-08-06T16:59:17.551+0000] {logging_mixin.py:190} INFO - [2026-08-06T16:59:17.549+0000] {dagbag.py:588} INFO - Filling up the DagBag from /home/airflow/.local/lib/python3.12/site-packages/airflow/example_dags/example_params_trigger_ui.py
[2026-08-06T16:59:17.572+0000] {processor.py:925} INFO - DAG(s) 'example_params_trigger_ui' retrieved from /home/airflow/.local/lib/python3.12/site-packages/airflow/example_dags/example_params_trigger_ui.py
[2026-08-06T16:59:17.675+0000] {logging_mixin.py:190} INFO - [2026-08-06T16:59:17.675+0000] {dag.py:3239} INFO - Sync 1 DAGs
[2026-08-06T16:59:17.706+0000] {logging_mixin.py:190} INFO - [2026-08-06T16:59:17.705+0000] {dag.py:4180} INFO - Setting next_dagrun for example_params_trigger_ui to None, run_after=None
[2026-08-06T16:59:17.754+0000] {processor.py:208} INFO - Processing /home/airflow/.local/lib/python3.12/site-packages/airflow/example_dags/example_params_trigger_ui.py took 0.239 seconds
[2026-08-06T16:59:48.068+0000] {processor.py:186} INFO - Started process (PID=613) to work on /home/airflow/.local/lib/python3.12/site-packages/airflow/example_dags/example_params_trigger_ui.py
[2026-08-06T16:59:48.070+0000] {processor.py:914} INFO - Processing file /home/airflow/.local/lib/python3.12/site-packages/airflow/example_dags/example_params_trigger_ui.py for tasks to queue
[2026-08-06T16:59:48.073+0000] {logging_mixin.py:190} INFO - [2026-08-06T16:59:48.072+0000] {dagbag.py:588} INFO - Filling up the DagBag from /home/airflow/.local/lib/python3.12/site-packages/airflow/example_dags/example_params_trigger_ui.py
[2026-08-06T16:59:48.088+0000] {processor.py:925} INFO - DAG(s) 'example_params_trigger_ui' retrieved from /home/airflow/.local/lib/python3.12/site-packages/airflow/example_dags/example_params_trigger_ui.py
[2026-08-06T16:59:48.133+0000] {logging_mixin.py:190} INFO - [2026-08-06T16:59:48.132+0000] {dag.py:3239} INFO - Sync 1 DAGs
[2026-08-06T16:59:48.146+0000] {logging_mixin.py:190} INFO - [2026-08-06T16:59:48.145+0000] {dag.py:4180} INFO - Setting next_dagrun for example_params_trigger_ui to None, run_after=None
[2026-08-06T16:59:48.169+0000] {processor.py:208} INFO - Processing /home/airflow/.local/lib/python3.12/site-packages/airflow/example_dags/example_params_trigger_ui.py took 0.106 seconds
[2026-08-06T17:00:18.765+0000] {processor.py:186} INFO - Started process (PID=677) to work on /home/airflow/.local/lib/python3.12/site-packages/airflow/example_dags/example_params_trigger_ui.py
[2026-08-06T17:00:18.766+0000] {processor.py:914} INFO - Processing file /home/airflow/.local/lib/python3.12/site-packages/airflow/example_dags/example_params_trigger_ui.py for tasks to queue
[2026-08-06T17:00:18.768+0000] {logging_mixin.py:190} INFO - [2026-08-06T17:00:18.768+0000] {dagbag.py:588} INFO - Filling up the DagBag from /home/airflow/.local/lib/python3.12/site-packages/airflow/example_dags/example_params_trigger_ui.py
[2026-08-06T17:00:18.777+0000] {processor.py:925} INFO - DAG(s) 'example_params_trigger_ui' retrieved from /home/airflow/.local/lib/python3.12/site-packages/airflow/example_dags/example_params_trigger_ui.py
[2026-08-06T17:00:18.820+0000] {logging_mixin.py:190} INFO - [2026-08-06T17:00:18.819+0000] {dag.py:3239} INFO - Sync 1 DAGs
[2026-08-06T17:00:18.833+0000] {logging_mixin.py:190} INFO - [2026-08-06T17:00:18.833+0000] {dag.py:4180} INFO - Setting next_dagrun for example_params_trigger_ui to None, run_after=None
[2026-08-06T17:00:18.849+0000] {processor.py:208} INFO - Processing /home/airflow/.local/lib/python3.12/site-packages/airflow/example_dags/example_params_trigger_ui.py took 0.091 seconds
[2026-08-06T17:00:48.907+0000] {processor.py:186} INFO - Started process (PID=741) to work on /home/airflow/.local/lib/python3.12/site-packages/airflow/example_dags/example_params_trigger_ui.py
[2026-08-06T17:00:48.909+0000] {processor.py:914} INFO - Processing file /home/airflow/.local/lib/python3.12/site-packages/airflow/example_dags/example_params_trigger_ui.py for tasks to queue
[2026-08-06T17:00:48.911+0000] {logging_mixin.py:190} INFO - [2026-08-06T17:00:48.911+0000] {dagbag.py:588} INFO - Filling up the DagBag from /home/airflow/.local/lib/python3.12/site-packages/airflow/example_dags/example_params_trigger_ui.py
[2026-08-06T17:00:48.920+0000] {processor.py:925} INFO - DAG(s) 'example_params_trigger_ui' retrieved from /home/airflow/.local/lib/python3.12/site-packages/airflow/example_dags/example_params_trigger_ui.py
[2026-08-06T17:00:48.956+0000] {logging_mixin.py:190} INFO - [2026-08-06T17:00:48.956+0000] {dag.py:3239} INFO - Sync 1 DAGs
[2026-08-06T17:00:48.967+0000] {logging_mixin.py:190} INFO - [2026-08-06T17:00:48.967+0000] {dag.py:4180} INFO - Setting next_dagrun for example_params_trigger_ui to None, run_after=None
[2026-08-06T17:00:48.984+0000] {processor.py:208} INFO - Processing /home/airflow/.local/lib/python3.12/site-packages/airflow/example_dags/example_params_trigger_ui.py took 0.081 seconds
[2026-08-06T17:01:19.656+0000] {processor.py:186} INFO - Started process (PID=805) to work on /home/airflow/.local/lib/python3.12/site-packages/airflow/example_dags/example_params_trigger_ui.py
[2026-08-06T17:01:19.657+0000] {processor.py:914} INFO - Processing file /home/airflow/.local/lib/python3.12/site-packages/airflow/example_dags/example_params_trigger_ui.py for tasks to queue
[2026-08-06T17:01:19.660+0000] {logging_mixin.py:190} INFO - [2026-08-06T17:01:19.660+0000] {dagbag.py:588} INFO - Filling up the DagBag from /home/airflow/.local/lib/python3.12/site-packages/airflow/example_dags/example_params_trigger_ui.py
[2026-08-06T17:01:19.670+0000] {processor.py:925} INFO - DAG(s) 'example_params_trigger_ui' retrieved from /home/airflow/.local/lib/python3.12/site-packages/airflow/example_dags/example_params_trigger_ui.py
[2026-08-06T17:01:19.713+0000] {logging_mixin.py:190} INFO - [2026-08-06T17:01:19.713+0000] {dag.py:3239} INFO - Sync 1 DAGs
[2026-08-06T17:01:19.727+0000] {logging_mixin.py:190} INFO - [2026-08-06T17:01:19.727+0000] {dag.py:4180} INFO - Setting next_dagrun for example_params_trigger_ui to None, run_after=None
[2026-08-06T17:01:19.747+0000] {processor.py:208} INFO - Processing /home/airflow/.local/lib/python3.12/site-packages/airflow/example_dags/example_params_trigger_ui.py took 0.096 seconds
[2026-08-06T17:01:50.847+0000] {processor.py:186} INFO - Started process (PID=869) to work on /home/airflow/.local/lib/python3.12/site-packages/airflow/example_dags/example_params_trigger_ui.py
[2026-08-06T17:01:50.848+0000] {processor.py:914} INFO - Processing file /home/airflow/.local/lib/python3.12/site-packages/airflow/example_dags/example_params_trigger_ui.py for tasks to queue
[2026-08-06T17:01:50.850+0000] {logging_mixin.py:190} INFO - [2026-08-06T17:01:50.850+0000] {dagbag.py:588} INFO - Filling up the DagBag from /home/airflow/.local/lib/python3.12/site-packages/airflow/example_dags/example_params_trigger_ui.py
[2026-08-06T17:01:50.860+0000] {processor.py:925} INFO - DAG(s) 'example_params_trigger_ui' retrieved from /home/airflow/.local/lib/python3.12/site-packages/airflow/example_dags/example_params_trigger_ui.py
[2026-08-06T17:01:50.897+0000] {logging_mixin.py:190} INFO - [2026-08-06T17:01:50.897+0000] {dag.py:3239} INFO - Sync 1 DAGs
[2026-08-06T17:01:50.910+0000] {logging_mixin.py:190} INFO - [2026-08-06T17:01:50.910+0000] {dag.py:4180} INFO - Setting next_dagrun for example_params_trigger_ui to None, run_after=None
[2026-08-06T17:01:50.929+0000] {processor.py:208} INFO - Processing /home/airflow/.local/lib/python3.12/site-packages/airflow/example_dags/example_params_trigger_ui.py took 0.086 seconds
[2026-08-06T17:02:22.526+0000] {processor.py:186} INFO - Started process (PID=933) to work on /home/airflow/.local/lib/python3.12/site-packages/airflow/example_dags/example_params_trigger_ui.py
[2026-08-06T17:02:22.528+0000] {processor.py:914} INFO - Processing file /home/airflow/.local/lib/python3.12/site-packages/airflow/example_dags/example_params_trigger_ui.py for tasks to queue
[2026-08-06T17:02:22.530+0000] {logging_mixin.py:190} INFO - [2026-08-06T17:02:22.530+0000] {dagbag.py:588} INFO - Filling up the DagBag from /home/airflow/.local/lib/python3.12/site-packages/airflow/example_dags/example_params_trigger_ui.py
[2026-08-06T17:02:22.542+0000] {processor.py:925} INFO - DAG(s) 'example_params_trigger_ui' retrieved from /home/airflow/.local/lib/python3.12/site-packages/airflow/example_dags/example_params_trigger_ui.py
[2026-08-06T17:02:22.578+0000] {logging_mixin.py:190} INFO - [2026-08-06T17:02:22.578+0000] {dag.py:3239} INFO - Sync 1 DAGs
[2026-08-06T17:02:22.589+0000] {logging_mixin.py:190} INFO - [2026-08-06T17:02:22.589+0000] {dag.py:4180} INFO - Setting next_dagrun for example_params_trigger_ui to None, run_after=None
[2026-08-06T17:02:22.604+0000] {processor.py:208} INFO - Processing /home/airflow/.local/lib/python3.12/site-packages/airflow/example_dags/example_params_trigger_ui.py took 0.083 seconds
[2026-08-06T17:02:53.612+0000] {processor.py:186} INFO - Started process (PID=997) to work on /home/airflow/.local/lib/python3.12/site-packages/airflow/example_dags/example_params_trigger_ui.py
[2026-08-06T17:02:53.613+0000] {processor.py:914} INFO - Processing file /home/airflow/.local/lib/python3.12/site-packages/airflow/example_dags/example_params_trigger_ui.py for tasks to queue
[2026-08-06T17:02:53.616+0000] {logging_mixin.py:190} INFO - [2026-08-06T17:02:53.616+0000] {dagbag.py:588} INFO - Filling up the DagBag from /home/airflow/.local/lib/python3.12/site-packages/airflow/example_dags/example_params_trigger_ui.py
[2026-08-06T17:02:53.626+0000] {processor.py:925} INFO - DAG(s) 'example_params_trigger_ui' retrieved from /home/airflow/.local/lib/python3.12/site-packages/airflow/example_dags/example_params_trigger_ui.py
[2026-08-06T17:02:53.665+0000] {logging_mixin.py:190} INFO - [2026-08-06T17:02:53.665+0000] {dag.py:3239} INFO - Sync 1 DAGs
[2026-08-06T17:02:53.678+0000] {logging_mixin.py:190} INFO - [2026-08-06T17:02:53.678+0000] {dag.py:4180} INFO - Setting next_dagrun for example_params_trigger_ui to None, run_after=None
[2026-08-06T17:02:53.696+0000] {processor.py:208} INFO - Processing /home/airflow/.local/lib/python3.12/site-packages/airflow/example_dags/example_params_trigger_ui.py took 0.090 seconds
[2026-08-06T17:03:24.580+0000] {processor.py:186} INFO - Started process (PID=1061) to work on /home/airflow/.local/lib/python3.12/site-packages/airflow/example_dags/example_params_trigger_ui.py
[2026-08-06T17:03:24.582+0000] {processor.py:914} INFO - Processing file /home/airflow/.local/lib/python3.12/site-packages/airflow/example_dags/example_params_trigger_ui.py for tasks to queue
[2026-08-06T17:03:24.584+0000] {logging_mixin.py:190} INFO - [2026-08-06T17:03:24.584+0000] {dagbag.py:588} INFO - Filling up the DagBag from /home/airflow/.local/lib/python3.12/site-packages/airflow/example_dags/example_params_trigger_ui.py
[2026-08-06T17:03:24.592+0000] {processor.py:925} INFO - DAG(s) 'example_params_trigger_ui' retrieved from /home/airflow/.local/lib/python3.12/site-packages/airflow/example_dags/example_params_trigger_ui.py
[2026-08-06T17:03:24.626+0000] {logging_mixin.py:190} INFO - [2026-08-06T17:03:24.626+0000] {dag.py:3239} INFO - Sync 1 DAGs
[2026-08-06T17:03:24.637+0000] {logging_mixin.py:190} INFO - [2026-08-06T17:03:24.637+0000] {dag.py:4180} INFO - Setting next_dagrun for example_params_trigger_ui to None, run_after=None
[2026-08-06T17:03:24.654+0000] {processor.py:208} INFO - Processing /home/airflow/.local/lib/python3.12/site-packages/airflow/example_dags/example_params_trigger_ui.py took 0.078 seconds
[2026-08-06T17:03:56.042+0000] {processor.py:186} INFO - Started process (PID=1125) to work on /home/airflow/.local/lib/python3.12/site-packages/airflow/example_dags/example_params_trigger_ui.py
[2026-08-06T17:03:56.044+0000] {processor.py:914} INFO - Processing file /home/airflow/.local/lib/python3.12/site-packages/airflow/example_dags/example_params_trigger_ui.py for tasks to queue
[2026-08-06T17:03:56.047+0000] {logging_mixin.py:190} INFO - [2026-08-06T17:03:56.046+0000] {dagbag.py:588} INFO - Filling up the DagBag from /home/airflow/.local/lib/python3.12/site-packages/airflow/example_dags/example_params_trigger_ui.py
[2026-08-06T17:03:56.059+0000] {processor.py:925} INFO - DAG(s) 'example_params_trigger_ui' retrieved from /home/airflow/.local/lib/python3.12/site-packages/airflow/example_dags/example_params_trigger_ui.py
[2026-08-06T17:03:56.098+0000] {logging_mixin.py:190} INFO - [2026-08-06T17:03:56.098+0000] {dag.py:3239} INFO - Sync 1 DAGs
[2026-08-06T17:03:56.111+0000] {logging_mixin.py:190} INFO - [2026-08-06T17:03:56.110+0000] {dag.py:4180} INFO - Setting next_dagrun for example_params_trigger_ui to None, run_after=None
[2026-08-06T17:03:56.130+0000] {processor.py:208} INFO - Processing /home/airflow/.local/lib/python3.12/site-packages/airflow/example_dags/example_params_trigger_ui.py took 0.093 seconds
[2026-08-06T17:05:25.777+0000] {processor.py:186} INFO - Started process (PID=101) to work on /home/airflow/.local/lib/python3.12/site-packages/airflow/example_dags/example_params_trigger_ui.py
[2026-08-06T17:05:25.779+0000] {processor.py:914} INFO - Processing file /home/airflow/.local/lib/python3.12/site-packages/airflow/example_dags/example_params_trigger_ui.py for tasks to queue
[2026-08-06T17:05:25.783+0000] {logging_mixin.py:190} INFO - [2026-08-06T17:05:25.783+0000] {dagbag.py:588} INFO - Filling up the DagBag from /home/airflow/.local/lib/python3.12/site-packages/airflow/example_dags/example_params_trigger_ui.py
[2026-08-06T17:05:25.798+0000] {processor.py:925} INFO - DAG(s) 'example_params_trigger_ui' retrieved from /home/airflow/.local/lib/python3.12/site-packages/airflow/example_dags/example_params_trigger_ui.py
[2026-08-06T17:05:25.866+0000] {logging_mixin.py:190} INFO - [2026-08-06T17:05:25.865+0000] {dag.py:3239} INFO - Sync 1 DAGs
[2026-08-06T17:05:25.884+0000] {logging_mixin.py:190} INFO - [2026-08-06T17:05:25.883+0000] {dag.py:4180} INFO - Setting next_dagrun for example_params_trigger_ui to None, run_after=None
[2026-08-06T17:05:25.909+0000] {processor.py:208} INFO - Processing /home/airflow/.local/lib/python3.12/site-packages/airflow/example_dags/example_params_trigger_ui.py took 0.143 seconds
[2026-08-06T17:05:56.453+0000] {processor.py:186} INFO - Started process (PID=165) to work on /home/airflow/.local/lib/python3.12/site-packages/airflow/example_dags/example_params_trigger_ui.py
[2026-08-06T17:05:56.455+0000] {processor.py:914} INFO - Processing file /home/airflow/.local/lib/python3.12/site-packages/airflow/example_dags/example_params_trigger_ui.py for tasks to queue
[2026-08-06T17:05:56.459+0000] {logging_mixin.py:190} INFO - [2026-08-06T17:05:56.458+0000] {dagbag.py:588} INFO - Filling up the DagBag from /home/airflow/.local/lib/python3.12/site-packages/airflow/example_dags/example_params_trigger_ui.py
[2026-08-06T17:05:56.475+0000] {processor.py:925} INFO - DAG(s) 'example_params_trigger_ui' retrieved from /home/airflow/.local/lib/python3.12/site-packages/airflow/example_dags/example_params_trigger_ui.py
[2026-08-06T17:05:56.519+0000] {logging_mixin.py:190} INFO - [2026-08-06T17:05:56.519+0000] {dag.py:3239} INFO - Sync 1 DAGs
[2026-08-06T17:05:56.541+0000] {logging_mixin.py:190} INFO - [2026-08-06T17:05:56.540+0000] {dag.py:4180} INFO - Setting next_dagrun for example_params_trigger_ui to None, run_after=None
[2026-08-06T17:05:56.564+0000] {processor.py:208} INFO - Processing /home/airflow/.local/lib/python3.12/site-packages/airflow/example_dags/example_params_trigger_ui.py took 0.118 seconds
[2026-08-06T17:06:27.530+0000] {processor.py:186} INFO - Started process (PID=229) to work on /home/airflow/.local/lib/python3.12/site-packages/airflow/example_dags/example_params_trigger_ui.py
[2026-08-06T17:06:27.531+0000] {processor.py:914} INFO - Processing file /home/airflow/.local/lib/python3.12/site-packages/airflow/example_dags/example_params_trigger_ui.py for tasks to queue
[2026-08-06T17:06:27.534+0000] {logging_mixin.py:190} INFO - [2026-08-06T17:06:27.533+0000] {dagbag.py:588} INFO - Filling up the DagBag from /home/airflow/.local/lib/python3.12/site-packages/airflow/example_dags/example_params_trigger_ui.py
[2026-08-06T17:06:27.544+0000] {processor.py:925} INFO - DAG(s) 'example_params_trigger_ui' retrieved from /home/airflow/.local/lib/python3.12/site-packages/airflow/example_dags/example_params_trigger_ui.py
[2026-08-06T17:06:27.594+0000] {logging_mixin.py:190} INFO - [2026-08-06T17:06:27.593+0000] {dag.py:3239} INFO - Sync 1 DAGs
[2026-08-06T17:06:27.607+0000] {logging_mixin.py:190} INFO - [2026-08-06T17:06:27.606+0000] {dag.py:4180} INFO - Setting next_dagrun for example_params_trigger_ui to None, run_after=None
[2026-08-06T17:06:27.628+0000] {processor.py:208} INFO - Processing /home/airflow/.local/lib/python3.12/site-packages/airflow/example_dags/example_params_trigger_ui.py took 0.105 seconds
[2026-08-06T17:06:58.473+0000] {processor.py:186} INFO - Started process (PID=293) to work on /home/airflow/.local/lib/python3.12/site-packages/airflow/example_dags/example_params_trigger_ui.py
[2026-08-06T17:06:58.475+0000] {processor.py:914} INFO - Processing file /home/airflow/.local/lib/python3.12/site-packages/airflow/example_dags/example_params_trigger_ui.py for tasks to queue
[2026-08-06T17:06:58.478+0000] {logging_mixin.py:190} INFO - [2026-08-06T17:06:58.478+0000] {dagbag.py:588} INFO - Filling up the DagBag from /home/airflow/.local/lib/python3.12/site-packages/airflow/example_dags/example_params_trigger_ui.py
[2026-08-06T17:06:58.489+0000] {processor.py:925} INFO - DAG(s) 'example_params_trigger_ui' retrieved from /home/airflow/.local/lib/python3.12/site-packages/airflow/example_dags/example_params_trigger_ui.py
[2026-08-06T17:06:58.531+0000] {logging_mixin.py:190} INFO - [2026-08-06T17:06:58.531+0000] {dag.py:3239} INFO - Sync 1 DAGs
[2026-08-06T17:06:58.546+0000] {logging_mixin.py:190} INFO - [2026-08-06T17:06:58.546+0000] {dag.py:4180} INFO - Setting next_dagrun for example_params_trigger_ui to None, run_after=None
[2026-08-06T17:06:58.566+0000] {processor.py:208} INFO - Processing /home/airflow/.local/lib/python3.12/site-packages/airflow/example_dags/example_params_trigger_ui.py took 0.099 seconds
[2026-08-06T17:07:30.250+0000] {processor.py:186} INFO - Started process (PID=357) to work on /home/airflow/.local/lib/python3.12/site-packages/airflow/example_dags/example_params_trigger_ui.py
[2026-08-06T17:07:30.251+0000] {processor.py:914} INFO - Processing file /home/airflow/.local/lib/python3.12/site-packages/airflow/example_dags/example_params_trigger_ui.py for tasks to queue
[2026-08-06T17:07:30.254+0000] {logging_mixin.py:190} INFO - [2026-08-06T17:07:30.254+0000] {dagbag.py:588} INFO - Filling up the DagBag from /home/airflow/.local/lib/python3.12/site-packages/airflow/example_dags/example_params_trigger_ui.py
[2026-08-06T17:07:30.272+0000] {processor.py:925} INFO - DAG(s) 'example_params_trigger_ui' retrieved from /home/airflow/.local/lib/python3.12/site-packages/airflow/example_dags/example_params_trigger_ui.py
[2026-08-06T17:07:30.343+0000] {logging_mixin.py:190} INFO - [2026-08-06T17:07:30.342+0000] {dag.py:3239} INFO - Sync 1 DAGs
[2026-08-06T17:07:30.359+0000] {logging_mixin.py:190} INFO - [2026-08-06T17:07:30.359+0000] {dag.py:4180} INFO - Setting next_dagrun for example_params_trigger_ui to None, run_after=None
[2026-08-06T17:07:30.384+0000] {processor.py:208} INFO - Processing /home/airflow/.local/lib/python3.12/site-packages/airflow/example_dags/example_params_trigger_ui.py took 0.141 seconds
[2026-08-06T17:08:04.067+0000] {processor.py:186} INFO - Started process (PID=421) to work on /home/airflow/.local/lib/python3.12/site-packages/airflow/example_dags/example_params_trigger_ui.py
[2026-08-06T17:08:04.074+0000] {processor.py:914} INFO - Processing file /home/airflow/.local/lib/python3.12/site-packages/airflow/example_dags/example_params_trigger_ui.py for tasks to queue
[2026-08-06T17:08:04.079+0000] {logging_mixin.py:190} INFO - [2026-08-06T17:08:04.079+0000] {dagbag.py:588} INFO - Filling up the DagBag from /home/airflow/.local/lib/python3.12/site-packages/airflow/example_dags/example_params_trigger_ui.py
[2026-08-06T17:08:04.099+0000] {processor.py:925} INFO - DAG(s) 'example_params_trigger_ui' retrieved from /home/airflow/.local/lib/python3.12/site-packages/airflow/example_dags/example_params_trigger_ui.py
[2026-08-06T17:08:04.213+0000] {logging_mixin.py:190} INFO - [2026-08-06T17:08:04.213+0000] {dag.py:3239} INFO - Sync 1 DAGs
[2026-08-06T17:08:04.253+0000] {logging_mixin.py:190} INFO - [2026-08-06T17:08:04.252+0000] {dag.py:4180} INFO - Setting next_dagrun for example_params_trigger_ui to None, run_after=None
[2026-08-06T17:08:04.310+0000] {processor.py:208} INFO - Processing /home/airflow/.local/lib/python3.12/site-packages/airflow/example_dags/example_params_trigger_ui.py took 0.252 seconds
[2026-08-06T17:08:34.861+0000] {processor.py:186} INFO - Started process (PID=485) to work on /home/airflow/.local/lib/python3.12/site-packages/airflow/example_dags/example_params_trigger_ui.py
[2026-08-06T17:08:34.870+0000] {processor.py:914} INFO - Processing file /home/airflow/.local/lib/python3.12/site-packages/airflow/example_dags/example_params_trigger_ui.py for tasks to queue
[2026-08-06T17:08:34.877+0000] {logging_mixin.py:190} INFO - [2026-08-06T17:08:34.876+0000] {dagbag.py:588} INFO - Filling up the DagBag from /home/airflow/.local/lib/python3.12/site-packages/airflow/example_dags/example_params_trigger_ui.py
[2026-08-06T17:08:34.905+0000] {processor.py:925} INFO - DAG(s) 'example_params_trigger_ui' retrieved from /home/airflow/.local/lib/python3.12/site-packages/airflow/example_dags/example_params_trigger_ui.py
[2026-08-06T17:08:34.993+0000] {logging_mixin.py:190} INFO - [2026-08-06T17:08:34.993+0000] {dag.py:3239} INFO - Sync 1 DAGs
[2026-08-06T17:08:35.029+0000] {logging_mixin.py:190} INFO - [2026-08-06T17:08:35.028+0000] {dag.py:4180} INFO - Setting next_dagrun for example_params_trigger_ui to None, run_after=None
[2026-08-06T17:08:35.069+0000] {processor.py:208} INFO - Processing /home/airflow/.local/lib/python3.12/site-packages/airflow/example_dags/example_params_trigger_ui.py took 0.231 seconds
[2026-08-06T17:09:05.846+0000] {processor.py:186} INFO - Started process (PID=548) to work on /home/airflow/.local/lib/python3.12/site-packages/airflow/example_dags/example_params_trigger_ui.py
[2026-08-06T17:09:05.848+0000] {processor.py:914} INFO - Processing file /home/airflow/.local/lib/python3.12/site-packages/airflow/example_dags/example_params_trigger_ui.py for tasks to queue
[2026-08-06T17:09:05.851+0000] {logging_mixin.py:190} INFO - [2026-08-06T17:09:05.850+0000] {dagbag.py:588} INFO - Filling up the DagBag from /home/airflow/.local/lib/python3.12/site-packages/airflow/example_dags/example_params_trigger_ui.py
[2026-08-06T17:09:05.864+0000] {processor.py:925} INFO - DAG(s) 'example_params_trigger_ui' retrieved from /home/airflow/.local/lib/python3.12/site-packages/airflow/example_dags/example_params_trigger_ui.py
[2026-08-06T17:09:05.910+0000] {logging_mixin.py:190} INFO - [2026-08-06T17:09:05.910+0000] {dag.py:3239} INFO - Sync 1 DAGs
[2026-08-06T17:09:05.925+0000] {logging_mixin.py:190} INFO - [2026-08-06T17:09:05.925+0000] {dag.py:4180} INFO - Setting next_dagrun for example_params_trigger_ui to None, run_after=None
[2026-08-06T17:09:05.952+0000] {processor.py:208} INFO - Processing /home/airflow/.local/lib/python3.12/site-packages/airflow/example_dags/example_params_trigger_ui.py took 0.110 seconds
[2026-08-06T17:09:36.091+0000] {processor.py:186} INFO - Started process (PID=612) to work on /home/airflow/.local/lib/python3.12/site-packages/airflow/example_dags/example_params_trigger_ui.py
[2026-08-06T17:09:36.093+0000] {processor.py:914} INFO - Processing file /home/airflow/.local/lib/python3.12/site-packages/airflow/example_dags/example_params_trigger_ui.py for tasks to queue
[2026-08-06T17:09:36.096+0000] {logging_mixin.py:190} INFO - [2026-08-06T17:09:36.095+0000] {dagbag.py:588} INFO - Filling up the DagBag from /home/airflow/.local/lib/python3.12/site-packages/airflow/example_dags/example_params_trigger_ui.py
[2026-08-06T17:09:36.105+0000] {processor.py:925} INFO - DAG(s) 'example_params_trigger_ui' retrieved from /home/airflow/.local/lib/python3.12/site-packages/airflow/example_dags/example_params_trigger_ui.py
[2026-08-06T17:09:36.156+0000] {logging_mixin.py:190} INFO - [2026-08-06T17:09:36.155+0000] {dag.py:3239} INFO - Sync 1 DAGs
[2026-08-06T17:09:36.174+0000] {logging_mixin.py:190} INFO - [2026-08-06T17:09:36.173+0000] {dag.py:4180} INFO - Setting next_dagrun for example_params_trigger_ui to None, run_after=None
[2026-08-06T17:09:36.198+0000] {processor.py:208} INFO - Processing /home/airflow/.local/lib/python3.12/site-packages/airflow/example_dags/example_params_trigger_ui.py took 0.111 seconds
[2026-08-06T17:10:06.410+0000] {processor.py:186} INFO - Started process (PID=676) to work on /home/airflow/.local/lib/python3.12/site-packages/airflow/example_dags/example_params_trigger_ui.py
[2026-08-06T17:10:06.411+0000] {processor.py:914} INFO - Processing file /home/airflow/.local/lib/python3.12/site-packages/airflow/example_dags/example_params_trigger_ui.py for tasks to queue
[2026-08-06T17:10:06.414+0000] {logging_mixin.py:190} INFO - [2026-08-06T17:10:06.414+0000] {dagbag.py:588} INFO - Filling up the DagBag from /home/airflow/.local/lib/python3.12/site-packages/airflow/example_dags/example_params_trigger_ui.py
[2026-08-06T17:10:06.424+0000] {processor.py:925} INFO - DAG(s) 'example_params_trigger_ui' retrieved from /home/airflow/.local/lib/python3.12/site-packages/airflow/example_dags/example_params_trigger_ui.py
[2026-08-06T17:10:06.463+0000] {logging_mixin.py:190} INFO - [2026-08-06T17:10:06.463+0000] {dag.py:3239} INFO - Sync 1 DAGs
[2026-08-06T17:10:06.476+0000] {logging_mixin.py:190} INFO - [2026-08-06T17:10:06.476+0000] {dag.py:4180} INFO - Setting next_dagrun for example_params_trigger_ui to None, run_after=None
[2026-08-06T17:10:06.498+0000] {processor.py:208} INFO - Processing /home/airflow/.local/lib/python3.12/site-packages/airflow/example_dags/example_params_trigger_ui.py took 0.093 seconds
[2026-08-06T17:10:37.241+0000] {processor.py:186} INFO - Started process (PID=740) to work on /home/airflow/.local/lib/python3.12/site-packages/airflow/example_dags/example_params_trigger_ui.py
[2026-08-06T17:10:37.242+0000] {processor.py:914} INFO - Processing file /home/airflow/.local/lib/python3.12/site-packages/airflow/example_dags/example_params_trigger_ui.py for tasks to queue
[2026-08-06T17:10:37.244+0000] {logging_mixin.py:190} INFO - [2026-08-06T17:10:37.244+0000] {dagbag.py:588} INFO - Filling up the DagBag from /home/airflow/.local/lib/python3.12/site-packages/airflow/example_dags/example_params_trigger_ui.py
[2026-08-06T17:10:37.254+0000] {processor.py:925} INFO - DAG(s) 'example_params_trigger_ui' retrieved from /home/airflow/.local/lib/python3.12/site-packages/airflow/example_dags/example_params_trigger_ui.py
[2026-08-06T17:10:37.292+0000] {logging_mixin.py:190} INFO - [2026-08-06T17:10:37.292+0000] {dag.py:3239} INFO - Sync 1 DAGs
[2026-08-06T17:10:37.308+0000] {logging_mixin.py:190} INFO - [2026-08-06T17:10:37.308+0000] {dag.py:4180} INFO - Setting next_dagrun for example_params_trigger_ui to None, run_after=None
[2026-08-06T17:10:37.324+0000] {processor.py:208} INFO - Processing /home/airflow/.local/lib/python3.12/site-packages/airflow/example_dags/example_params_trigger_ui.py took 0.089 seconds
[2026-08-06T17:11:08.202+0000] {processor.py:186} INFO - Started process (PID=804) to work on /home/airflow/.local/lib/python3.12/site-packages/airflow/example_dags/example_params_trigger_ui.py
[2026-08-06T17:11:08.204+0000] {processor.py:914} INFO - Processing file /home/airflow/.local/lib/python3.12/site-packages/airflow/example_dags/example_params_trigger_ui.py for tasks to queue
[2026-08-06T17:11:08.206+0000] {logging_mixin.py:190} INFO - [2026-08-06T17:11:08.206+0000] {dagbag.py:588} INFO - Filling up the DagBag from /home/airflow/.local/lib/python3.12/site-packages/airflow/example_dags/example_params_trigger_ui.py
[2026-08-06T17:11:08.217+0000] {processor.py:925} INFO - DAG(s) 'example_params_trigger_ui' retrieved from /home/airflow/.local/lib/python3.12/site-packages/airflow/example_dags/example_params_trigger_ui.py
[2026-08-06T17:11:08.254+0000] {logging_mixin.py:190} INFO - [2026-08-06T17:11:08.253+0000] {dag.py:3239} INFO - Sync 1 DAGs
[2026-08-06T17:11:08.265+0000] {logging_mixin.py:190} INFO - [2026-08-06T17:11:08.265+0000] {dag.py:4180} INFO - Setting next_dagrun for example_params_trigger_ui to None, run_after=None
[2026-08-06T17:11:08.282+0000] {processor.py:208} INFO - Processing /home/airflow/.local/lib/python3.12/site-packages/airflow/example_dags/example_params_trigger_ui.py took 0.084 seconds
[2026-08-06T17:12:39.107+0000] {processor.py:186} INFO - Started process (PID=101) to work on /home/airflow/.local/lib/python3.12/site-packages/airflow/example_dags/example_params_trigger_ui.py
[2026-08-06T17:12:39.109+0000] {processor.py:914} INFO - Processing file /home/airflow/.local/lib/python3.12/site-packages/airflow/example_dags/example_params_trigger_ui.py for tasks to queue
[2026-08-06T17:12:39.111+0000] {logging_mixin.py:190} INFO - [2026-08-06T17:12:39.111+0000] {dagbag.py:588} INFO - Filling up the DagBag from /home/airflow/.local/lib/python3.12/site-packages/airflow/example_dags/example_params_trigger_ui.py
[2026-08-06T17:12:39.123+0000] {processor.py:925} INFO - DAG(s) 'example_params_trigger_ui' retrieved from /home/airflow/.local/lib/python3.12/site-packages/airflow/example_dags/example_params_trigger_ui.py
[2026-08-06T17:12:39.165+0000] {logging_mixin.py:190} INFO - [2026-08-06T17:12:39.165+0000] {dag.py:3239} INFO - Sync 1 DAGs
[2026-08-06T17:12:39.181+0000] {logging_mixin.py:190} INFO - [2026-08-06T17:12:39.181+0000] {dag.py:4180} INFO - Setting next_dagrun for example_params_trigger_ui to None, run_after=None
[2026-08-06T17:12:39.204+0000] {processor.py:208} INFO - Processing /home/airflow/.local/lib/python3.12/site-packages/airflow/example_dags/example_params_trigger_ui.py took 0.102 seconds
[2026-08-06T17:13:09.976+0000] {processor.py:186} INFO - Started process (PID=165) to work on /home/airflow/.local/lib/python3.12/site-packages/airflow/example_dags/example_params_trigger_ui.py
[2026-08-06T17:13:09.977+0000] {processor.py:914} INFO - Processing file /home/airflow/.local/lib/python3.12/site-packages/airflow/example_dags/example_params_trigger_ui.py for tasks to queue
[2026-08-06T17:13:09.980+0000] {logging_mixin.py:190} INFO - [2026-08-06T17:13:09.980+0000] {dagbag.py:588} INFO - Filling up the DagBag from /home/airflow/.local/lib/python3.12/site-packages/airflow/example_dags/example_params_trigger_ui.py
[2026-08-06T17:13:09.999+0000] {processor.py:925} INFO - DAG(s) 'example_params_trigger_ui' retrieved from /home/airflow/.local/lib/python3.12/site-packages/airflow/example_dags/example_params_trigger_ui.py
[2026-08-06T17:13:10.057+0000] {logging_mixin.py:190} INFO - [2026-08-06T17:13:10.056+0000] {dag.py:3239} INFO - Sync 1 DAGs
[2026-08-06T17:13:10.077+0000] {logging_mixin.py:190} INFO - [2026-08-06T17:13:10.077+0000] {dag.py:4180} INFO - Setting next_dagrun for example_params_trigger_ui to None, run_after=None
[2026-08-06T17:13:10.116+0000] {processor.py:208} INFO - Processing /home/airflow/.local/lib/python3.12/site-packages/airflow/example_dags/example_params_trigger_ui.py took 0.147 seconds
[2026-08-06T17:13:40.500+0000] {processor.py:186} INFO - Started process (PID=228) to work on /home/airflow/.local/lib/python3.12/site-packages/airflow/example_dags/example_params_trigger_ui.py
[2026-08-06T17:13:40.502+0000] {processor.py:914} INFO - Processing file /home/airflow/.local/lib/python3.12/site-packages/airflow/example_dags/example_params_trigger_ui.py for tasks to queue
[2026-08-06T17:13:40.505+0000] {logging_mixin.py:190} INFO - [2026-08-06T17:13:40.504+0000] {dagbag.py:588} INFO - Filling up the DagBag from /home/airflow/.local/lib/python3.12/site-packages/airflow/example_dags/example_params_trigger_ui.py
[2026-08-06T17:13:40.516+0000] {processor.py:925} INFO - DAG(s) 'example_params_trigger_ui' retrieved from /home/airflow/.local/lib/python3.12/site-packages/airflow/example_dags/example_params_trigger_ui.py
[2026-08-06T17:13:40.564+0000] {logging_mixin.py:190} INFO - [2026-08-06T17:13:40.564+0000] {dag.py:3239} INFO - Sync 1 DAGs
[2026-08-06T17:13:40.578+0000] {logging_mixin.py:190} INFO - [2026-08-06T17:13:40.577+0000] {dag.py:4180} INFO - Setting next_dagrun for example_params_trigger_ui to None, run_after=None
[2026-08-06T17:13:40.601+0000] {processor.py:208} INFO - Processing /home/airflow/.local/lib/python3.12/site-packages/airflow/example_dags/example_params_trigger_ui.py took 0.107 seconds
[2026-08-06T17:14:13.913+0000] {processor.py:186} INFO - Started process (PID=293) to work on /home/airflow/.local/lib/python3.12/site-packages/airflow/example_dags/example_params_trigger_ui.py
[2026-08-06T17:14:13.915+0000] {processor.py:914} INFO - Processing file /home/airflow/.local/lib/python3.12/site-packages/airflow/example_dags/example_params_trigger_ui.py for tasks to queue
[2026-08-06T17:14:13.920+0000] {logging_mixin.py:190} INFO - [2026-08-06T17:14:13.919+0000] {dagbag.py:588} INFO - Filling up the DagBag from /home/airflow/.local/lib/python3.12/site-packages/airflow/example_dags/example_params_trigger_ui.py
[2026-08-06T17:14:13.943+0000] {processor.py:925} INFO - DAG(s) 'example_params_trigger_ui' retrieved from /home/airflow/.local/lib/python3.12/site-packages/airflow/example_dags/example_params_trigger_ui.py
[2026-08-06T17:14:14.018+0000] {logging_mixin.py:190} INFO - [2026-08-06T17:14:14.018+0000] {dag.py:3239} INFO - Sync 1 DAGs
[2026-08-06T17:14:14.041+0000] {logging_mixin.py:190} INFO - [2026-08-06T17:14:14.041+0000] {dag.py:4180} INFO - Setting next_dagrun for example_params_trigger_ui to None, run_after=None
[2026-08-06T17:14:14.073+0000] {processor.py:208} INFO - Processing /home/airflow/.local/lib/python3.12/site-packages/airflow/example_dags/example_params_trigger_ui.py took 0.170 seconds
[2026-08-06T17:14:45.961+0000] {processor.py:186} INFO - Started process (PID=357) to work on /home/airflow/.local/lib/python3.12/site-packages/airflow/example_dags/example_params_trigger_ui.py
[2026-08-06T17:14:45.963+0000] {processor.py:914} INFO - Processing file /home/airflow/.local/lib/python3.12/site-packages/airflow/example_dags/example_params_trigger_ui.py for tasks to queue
[2026-08-06T17:14:45.968+0000] {logging_mixin.py:190} INFO - [2026-08-06T17:14:45.967+0000] {dagbag.py:588} INFO - Filling up the DagBag from /home/airflow/.local/lib/python3.12/site-packages/airflow/example_dags/example_params_trigger_ui.py
[2026-08-06T17:14:45.996+0000] {processor.py:925} INFO - DAG(s) 'example_params_trigger_ui' retrieved from /home/airflow/.local/lib/python3.12/site-packages/airflow/example_dags/example_params_trigger_ui.py
[2026-08-06T17:14:46.063+0000] {logging_mixin.py:190} INFO - [2026-08-06T17:14:46.062+0000] {dag.py:3239} INFO - Sync 1 DAGs
[2026-08-06T17:14:46.091+0000] {logging_mixin.py:190} INFO - [2026-08-06T17:14:46.091+0000] {dag.py:4180} INFO - Setting next_dagrun for example_params_trigger_ui to None, run_after=None
[2026-08-06T17:14:46.132+0000] {processor.py:208} INFO - Processing /home/airflow/.local/lib/python3.12/site-packages/airflow/example_dags/example_params_trigger_ui.py took 0.184 seconds
[2026-08-06T17:15:16.866+0000] {processor.py:186} INFO - Started process (PID=421) to work on /home/airflow/.local/lib/python3.12/site-packages/airflow/example_dags/example_params_trigger_ui.py
[2026-08-06T17:15:16.868+0000] {processor.py:914} INFO - Processing file /home/airflow/.local/lib/python3.12/site-packages/airflow/example_dags/example_params_trigger_ui.py for tasks to queue
[2026-08-06T17:15:16.873+0000] {logging_mixin.py:190} INFO - [2026-08-06T17:15:16.872+0000] {dagbag.py:588} INFO - Filling up the DagBag from /home/airflow/.local/lib/python3.12/site-packages/airflow/example_dags/example_params_trigger_ui.py
[2026-08-06T17:15:16.886+0000] {processor.py:925} INFO - DAG(s) 'example_params_trigger_ui' retrieved from /home/airflow/.local/lib/python3.12/site-packages/airflow/example_dags/example_params_trigger_ui.py
[2026-08-06T17:15:16.933+0000] {logging_mixin.py:190} INFO - [2026-08-06T17:15:16.933+0000] {dag.py:3239} INFO - Sync 1 DAGs
[2026-08-06T17:15:16.950+0000] {logging_mixin.py:190} INFO - [2026-08-06T17:15:16.950+0000] {dag.py:4180} INFO - Setting next_dagrun for example_params_trigger_ui to None, run_after=None
[2026-08-06T17:15:16.976+0000] {processor.py:208} INFO - Processing /home/airflow/.local/lib/python3.12/site-packages/airflow/example_dags/example_params_trigger_ui.py took 0.115 seconds
[2026-08-06T17:15:47.594+0000] {processor.py:186} INFO - Started process (PID=485) to work on /home/airflow/.local/lib/python3.12/site-packages/airflow/example_dags/example_params_trigger_ui.py
[2026-08-06T17:15:47.596+0000] {processor.py:914} INFO - Processing file /home/airflow/.local/lib/python3.12/site-packages/airflow/example_dags/example_params_trigger_ui.py for tasks to queue
[2026-08-06T17:15:47.599+0000] {logging_mixin.py:190} INFO - [2026-08-06T17:15:47.599+0000] {dagbag.py:588} INFO - Filling up the DagBag from /home/airflow/.local/lib/python3.12/site-packages/airflow/example_dags/example_params_trigger_ui.py
[2026-08-06T17:15:47.614+0000] {processor.py:925} INFO - DAG(s) 'example_params_trigger_ui' retrieved from /home/airflow/.local/lib/python3.12/site-packages/airflow/example_dags/example_params_trigger_ui.py
[2026-08-06T17:15:47.662+0000] {logging_mixin.py:190} INFO - [2026-08-06T17:15:47.662+0000] {dag.py:3239} INFO - Sync 1 DAGs
[2026-08-06T17:15:47.684+0000] {logging_mixin.py:190} INFO - [2026-08-06T17:15:47.684+0000] {dag.py:4180} INFO - Setting next_dagrun for example_params_trigger_ui to None, run_after=None
[2026-08-06T17:15:47.712+0000] {processor.py:208} INFO - Processing /home/airflow/.local/lib/python3.12/site-packages/airflow/example_dags/example_params_trigger_ui.py took 0.128 seconds
[2026-08-06T17:16:19.026+0000] {processor.py:186} INFO - Started process (PID=549) to work on /home/airflow/.local/lib/python3.12/site-packages/airflow/example_dags/example_params_trigger_ui.py
[2026-08-06T17:16:19.028+0000] {processor.py:914} INFO - Processing file /home/airflow/.local/lib/python3.12/site-packages/airflow/example_dags/example_params_trigger_ui.py for tasks to queue
[2026-08-06T17:16:19.030+0000] {logging_mixin.py:190} INFO - [2026-08-06T17:16:19.030+0000] {dagbag.py:588} INFO - Filling up the DagBag from /home/airflow/.local/lib/python3.12/site-packages/airflow/example_dags/example_params_trigger_ui.py
[2026-08-06T17:16:19.040+0000] {processor.py:925} INFO - DAG(s) 'example_params_trigger_ui' retrieved from /home/airflow/.local/lib/python3.12/site-packages/airflow/example_dags/example_params_trigger_ui.py
[2026-08-06T17:16:19.098+0000] {logging_mixin.py:190} INFO - [2026-08-06T17:16:19.097+0000] {dag.py:3239} INFO - Sync 1 DAGs
[2026-08-06T17:16:19.119+0000] {logging_mixin.py:190} INFO - [2026-08-06T17:16:19.119+0000] {dag.py:4180} INFO - Setting next_dagrun for example_params_trigger_ui to None, run_after=None
[2026-08-06T17:16:19.149+0000] {processor.py:208} INFO - Processing /home/airflow/.local/lib/python3.12/site-packages/airflow/example_dags/example_params_trigger_ui.py took 0.128 seconds
[2026-08-06T17:16:49.602+0000] {processor.py:186} INFO - Started process (PID=612) to work on /home/airflow/.local/lib/python3.12/site-packages/airflow/example_dags/example_params_trigger_ui.py
[2026-08-06T17:16:49.604+0000] {processor.py:914} INFO - Processing file /home/airflow/.local/lib/python3.12/site-packages/airflow/example_dags/example_params_trigger_ui.py for tasks to queue
[2026-08-06T17:16:49.606+0000] {logging_mixin.py:190} INFO - [2026-08-06T17:16:49.606+0000] {dagbag.py:588} INFO - Filling up the DagBag from /home/airflow/.local/lib/python3.12/site-packages/airflow/example_dags/example_params_trigger_ui.py
[2026-08-06T17:16:49.619+0000] {processor.py:925} INFO - DAG(s) 'example_params_trigger_ui' retrieved from /home/airflow/.local/lib/python3.12/site-packages/airflow/example_dags/example_params_trigger_ui.py
[2026-08-06T17:16:49.668+0000] {logging_mixin.py:190} INFO - [2026-08-06T17:16:49.668+0000] {dag.py:3239} INFO - Sync 1 DAGs
[2026-08-06T17:16:49.682+0000] {logging_mixin.py:190} INFO - [2026-08-06T17:16:49.682+0000] {dag.py:4180} INFO - Setting next_dagrun for example_params_trigger_ui to None, run_after=None
[2026-08-06T17:16:49.703+0000] {processor.py:208} INFO - Processing /home/airflow/.local/lib/python3.12/site-packages/airflow/example_dags/example_params_trigger_ui.py took 0.106 seconds
[2026-08-06T17:17:20.270+0000] {processor.py:186} INFO - Started process (PID=676) to work on /home/airflow/.local/lib/python3.12/site-packages/airflow/example_dags/example_params_trigger_ui.py
[2026-08-06T17:17:20.272+0000] {processor.py:914} INFO - Processing file /home/airflow/.local/lib/python3.12/site-packages/airflow/example_dags/example_params_trigger_ui.py for tasks to queue
[2026-08-06T17:17:20.274+0000] {logging_mixin.py:190} INFO - [2026-08-06T17:17:20.274+0000] {dagbag.py:588} INFO - Filling up the DagBag from /home/airflow/.local/lib/python3.12/site-packages/airflow/example_dags/example_params_trigger_ui.py
[2026-08-06T17:17:20.284+0000] {processor.py:925} INFO - DAG(s) 'example_params_trigger_ui' retrieved from /home/airflow/.local/lib/python3.12/site-packages/airflow/example_dags/example_params_trigger_ui.py
[2026-08-06T17:17:20.330+0000] {logging_mixin.py:190} INFO - [2026-08-06T17:17:20.330+0000] {dag.py:3239} INFO - Sync 1 DAGs
[2026-08-06T17:17:20.344+0000] {logging_mixin.py:190} INFO - [2026-08-06T17:17:20.344+0000] {dag.py:4180} INFO - Setting next_dagrun for example_params_trigger_ui to None, run_after=None
[2026-08-06T17:17:20.364+0000] {processor.py:208} INFO - Processing /home/airflow/.local/lib/python3.12/site-packages/airflow/example_dags/example_params_trigger_ui.py took 0.099 seconds
[2026-08-06T17:17:51.516+0000] {processor.py:186} INFO - Started process (PID=740) to work on /home/airflow/.local/lib/python3.12/site-packages/airflow/example_dags/example_params_trigger_ui.py
[2026-08-06T17:17:51.517+0000] {processor.py:914} INFO - Processing file /home/airflow/.local/lib/python3.12/site-packages/airflow/example_dags/example_params_trigger_ui.py for tasks to queue
[2026-08-06T17:17:51.520+0000] {logging_mixin.py:190} INFO - [2026-08-06T17:17:51.519+0000] {dagbag.py:588} INFO - Filling up the DagBag from /home/airflow/.local/lib/python3.12/site-packages/airflow/example_dags/example_params_trigger_ui.py
[2026-08-06T17:17:51.533+0000] {processor.py:925} INFO - DAG(s) 'example_params_trigger_ui' retrieved from /home/airflow/.local/lib/python3.12/site-packages/airflow/example_dags/example_params_trigger_ui.py
[2026-08-06T17:17:51.587+0000] {logging_mixin.py:190} INFO - [2026-08-06T17:17:51.587+0000] {dag.py:3239} INFO - Sync 1 DAGs
[2026-08-06T17:17:51.602+0000] {logging_mixin.py:190} INFO - [2026-08-06T17:17:51.602+0000] {dag.py:4180} INFO - Setting next_dagrun for example_params_trigger_ui to None, run_after=None
[2026-08-06T17:17:51.630+0000] {processor.py:208} INFO - Processing /home/airflow/.local/lib/python3.12/site-packages/airflow/example_dags/example_params_trigger_ui.py took 0.119 seconds
[2026-08-06T17:18:22.900+0000] {processor.py:186} INFO - Started process (PID=804) to work on /home/airflow/.local/lib/python3.12/site-packages/airflow/example_dags/example_params_trigger_ui.py
[2026-08-06T17:18:22.901+0000] {processor.py:914} INFO - Processing file /home/airflow/.local/lib/python3.12/site-packages/airflow/example_dags/example_params_trigger_ui.py for tasks to queue
[2026-08-06T17:18:22.904+0000] {logging_mixin.py:190} INFO - [2026-08-06T17:18:22.904+0000] {dagbag.py:588} INFO - Filling up the DagBag from /home/airflow/.local/lib/python3.12/site-packages/airflow/example_dags/example_params_trigger_ui.py
[2026-08-06T17:18:22.913+0000] {processor.py:925} INFO - DAG(s) 'example_params_trigger_ui' retrieved from /home/airflow/.local/lib/python3.12/site-packages/airflow/example_dags/example_params_trigger_ui.py
[2026-08-06T17:18:22.947+0000] {logging_mixin.py:190} INFO - [2026-08-06T17:18:22.947+0000] {dag.py:3239} INFO - Sync 1 DAGs
[2026-08-06T17:18:22.958+0000] {logging_mixin.py:190} INFO - [2026-08-06T17:18:22.958+0000] {dag.py:4180} INFO - Setting next_dagrun for example_params_trigger_ui to None, run_after=None
[2026-08-06T17:18:22.973+0000] {processor.py:208} INFO - Processing /home/airflow/.local/lib/python3.12/site-packages/airflow/example_dags/example_params_trigger_ui.py took 0.077 seconds
[2026-08-06T17:20:02.682+0000] {processor.py:186} INFO - Started process (PID=101) to work on /home/airflow/.local/lib/python3.12/site-packages/airflow/example_dags/example_params_trigger_ui.py
[2026-08-06T17:20:02.683+0000] {processor.py:914} INFO - Processing file /home/airflow/.local/lib/python3.12/site-packages/airflow/example_dags/example_params_trigger_ui.py for tasks to queue
[2026-08-06T17:20:02.688+0000] {logging_mixin.py:190} INFO - [2026-08-06T17:20:02.688+0000] {dagbag.py:588} INFO - Filling up the DagBag from /home/airflow/.local/lib/python3.12/site-packages/airflow/example_dags/example_params_trigger_ui.py
[2026-08-06T17:20:02.707+0000] {processor.py:925} INFO - DAG(s) 'example_params_trigger_ui' retrieved from /home/airflow/.local/lib/python3.12/site-packages/airflow/example_dags/example_params_trigger_ui.py
[2026-08-06T17:20:02.752+0000] {logging_mixin.py:190} INFO - [2026-08-06T17:20:02.752+0000] {dag.py:3239} INFO - Sync 1 DAGs
[2026-08-06T17:20:02.769+0000] {logging_mixin.py:190} INFO - [2026-08-06T17:20:02.768+0000] {dag.py:4180} INFO - Setting next_dagrun for example_params_trigger_ui to None, run_after=None
[2026-08-06T17:20:02.799+0000] {processor.py:208} INFO - Processing /home/airflow/.local/lib/python3.12/site-packages/airflow/example_dags/example_params_trigger_ui.py took 0.124 seconds
[2026-08-06T17:20:33.397+0000] {processor.py:186} INFO - Started process (PID=165) to work on /home/airflow/.local/lib/python3.12/site-packages/airflow/example_dags/example_params_trigger_ui.py
[2026-08-06T17:20:33.398+0000] {processor.py:914} INFO - Processing file /home/airflow/.local/lib/python3.12/site-packages/airflow/example_dags/example_params_trigger_ui.py for tasks to queue
[2026-08-06T17:20:33.402+0000] {logging_mixin.py:190} INFO - [2026-08-06T17:20:33.402+0000] {dagbag.py:588} INFO - Filling up the DagBag from /home/airflow/.local/lib/python3.12/site-packages/airflow/example_dags/example_params_trigger_ui.py
[2026-08-06T17:20:33.417+0000] {processor.py:925} INFO - DAG(s) 'example_params_trigger_ui' retrieved from /home/airflow/.local/lib/python3.12/site-packages/airflow/example_dags/example_params_trigger_ui.py
[2026-08-06T17:20:33.462+0000] {logging_mixin.py:190} INFO - [2026-08-06T17:20:33.462+0000] {dag.py:3239} INFO - Sync 1 DAGs
[2026-08-06T17:20:33.477+0000] {logging_mixin.py:190} INFO - [2026-08-06T17:20:33.476+0000] {dag.py:4180} INFO - Setting next_dagrun for example_params_trigger_ui to None, run_after=None
[2026-08-06T17:20:33.500+0000] {processor.py:208} INFO - Processing /home/airflow/.local/lib/python3.12/site-packages/airflow/example_dags/example_params_trigger_ui.py took 0.109 seconds
[2026-08-06T17:21:04.916+0000] {processor.py:186} INFO - Started process (PID=229) to work on /home/airflow/.local/lib/python3.12/site-packages/airflow/example_dags/example_params_trigger_ui.py
[2026-08-06T17:21:04.918+0000] {processor.py:914} INFO - Processing file /home/airflow/.local/lib/python3.12/site-packages/airflow/example_dags/example_params_trigger_ui.py for tasks to queue
[2026-08-06T17:21:04.922+0000] {logging_mixin.py:190} INFO - [2026-08-06T17:21:04.921+0000] {dagbag.py:588} INFO - Filling up the DagBag from /home/airflow/.local/lib/python3.12/site-packages/airflow/example_dags/example_params_trigger_ui.py
[2026-08-06T17:21:04.935+0000] {processor.py:925} INFO - DAG(s) 'example_params_trigger_ui' retrieved from /home/airflow/.local/lib/python3.12/site-packages/airflow/example_dags/example_params_trigger_ui.py
[2026-08-06T17:21:04.990+0000] {logging_mixin.py:190} INFO - [2026-08-06T17:21:04.990+0000] {dag.py:3239} INFO - Sync 1 DAGs
[2026-08-06T17:21:05.006+0000] {logging_mixin.py:190} INFO - [2026-08-06T17:21:05.006+0000] {dag.py:4180} INFO - Setting next_dagrun for example_params_trigger_ui to None, run_after=None
[2026-08-06T17:21:05.028+0000] {processor.py:208} INFO - Processing /home/airflow/.local/lib/python3.12/site-packages/airflow/example_dags/example_params_trigger_ui.py took 0.122 seconds
[2026-08-06T17:21:35.308+0000] {processor.py:186} INFO - Started process (PID=293) to work on /home/airflow/.local/lib/python3.12/site-packages/airflow/example_dags/example_params_trigger_ui.py
[2026-08-06T17:21:35.310+0000] {processor.py:914} INFO - Processing file /home/airflow/.local/lib/python3.12/site-packages/airflow/example_dags/example_params_trigger_ui.py for tasks to queue
[2026-08-06T17:21:35.314+0000] {logging_mixin.py:190} INFO - [2026-08-06T17:21:35.314+0000] {dagbag.py:588} INFO - Filling up the DagBag from /home/airflow/.local/lib/python3.12/site-packages/airflow/example_dags/example_params_trigger_ui.py
[2026-08-06T17:21:35.327+0000] {processor.py:925} INFO - DAG(s) 'example_params_trigger_ui' retrieved from /home/airflow/.local/lib/python3.12/site-packages/airflow/example_dags/example_params_trigger_ui.py
[2026-08-06T17:21:35.376+0000] {logging_mixin.py:190} INFO - [2026-08-06T17:21:35.376+0000] {dag.py:3239} INFO - Sync 1 DAGs
[2026-08-06T17:21:35.390+0000] {logging_mixin.py:190} INFO - [2026-08-06T17:21:35.390+0000] {dag.py:4180} INFO - Setting next_dagrun for example_params_trigger_ui to None, run_after=None
[2026-08-06T17:21:35.416+0000] {processor.py:208} INFO - Processing /home/airflow/.local/lib/python3.12/site-packages/airflow/example_dags/example_params_trigger_ui.py took 0.115 seconds
[2026-08-06T17:22:07.028+0000] {processor.py:186} INFO - Started process (PID=357) to work on /home/airflow/.local/lib/python3.12/site-packages/airflow/example_dags/example_params_trigger_ui.py
[2026-08-06T17:22:07.030+0000] {processor.py:914} INFO - Processing file /home/airflow/.local/lib/python3.12/site-packages/airflow/example_dags/example_params_trigger_ui.py for tasks to queue
[2026-08-06T17:22:07.034+0000] {logging_mixin.py:190} INFO - [2026-08-06T17:22:07.033+0000] {dagbag.py:588} INFO - Filling up the DagBag from /home/airflow/.local/lib/python3.12/site-packages/airflow/example_dags/example_params_trigger_ui.py
[2026-08-06T17:22:07.050+0000] {processor.py:925} INFO - DAG(s) 'example_params_trigger_ui' retrieved from /home/airflow/.local/lib/python3.12/site-packages/airflow/example_dags/example_params_trigger_ui.py
[2026-08-06T17:22:07.110+0000] {logging_mixin.py:190} INFO - [2026-08-06T17:22:07.110+0000] {dag.py:3239} INFO - Sync 1 DAGs
[2026-08-06T17:22:07.134+0000] {logging_mixin.py:190} INFO - [2026-08-06T17:22:07.134+0000] {dag.py:4180} INFO - Setting next_dagrun for example_params_trigger_ui to None, run_after=None
[2026-08-06T17:22:07.165+0000] {processor.py:208} INFO - Processing /home/airflow/.local/lib/python3.12/site-packages/airflow/example_dags/example_params_trigger_ui.py took 0.144 seconds
[2026-08-06T17:22:39.574+0000] {processor.py:186} INFO - Started process (PID=421) to work on /home/airflow/.local/lib/python3.12/site-packages/airflow/example_dags/example_params_trigger_ui.py
[2026-08-06T17:22:39.578+0000] {processor.py:914} INFO - Processing file /home/airflow/.local/lib/python3.12/site-packages/airflow/example_dags/example_params_trigger_ui.py for tasks to queue
[2026-08-06T17:22:39.583+0000] {logging_mixin.py:190} INFO - [2026-08-06T17:22:39.582+0000] {dagbag.py:588} INFO - Filling up the DagBag from /home/airflow/.local/lib/python3.12/site-packages/airflow/example_dags/example_params_trigger_ui.py
[2026-08-06T17:22:39.606+0000] {processor.py:925} INFO - DAG(s) 'example_params_trigger_ui' retrieved from /home/airflow/.local/lib/python3.12/site-packages/airflow/example_dags/example_params_trigger_ui.py
[2026-08-06T17:22:39.678+0000] {logging_mixin.py:190} INFO - [2026-08-06T17:22:39.677+0000] {dag.py:3239} INFO - Sync 1 DAGs
[2026-08-06T17:22:39.708+0000] {logging_mixin.py:190} INFO - [2026-08-06T17:22:39.707+0000] {dag.py:4180} INFO - Setting next_dagrun for example_params_trigger_ui to None, run_after=None
[2026-08-06T17:22:39.742+0000] {processor.py:208} INFO - Processing /home/airflow/.local/lib/python3.12/site-packages/airflow/example_dags/example_params_trigger_ui.py took 0.181 seconds
[2026-08-06T17:23:10.240+0000] {processor.py:186} INFO - Started process (PID=485) to work on /home/airflow/.local/lib/python3.12/site-packages/airflow/example_dags/example_params_trigger_ui.py
[2026-08-06T17:23:10.241+0000] {processor.py:914} INFO - Processing file /home/airflow/.local/lib/python3.12/site-packages/airflow/example_dags/example_params_trigger_ui.py for tasks to queue
[2026-08-06T17:23:10.246+0000] {logging_mixin.py:190} INFO - [2026-08-06T17:23:10.245+0000] {dagbag.py:588} INFO - Filling up the DagBag from /home/airflow/.local/lib/python3.12/site-packages/airflow/example_dags/example_params_trigger_ui.py
[2026-08-06T17:23:10.259+0000] {processor.py:925} INFO - DAG(s) 'example_params_trigger_ui' retrieved from /home/airflow/.local/lib/python3.12/site-packages/airflow/example_dags/example_params_trigger_ui.py
[2026-08-06T17:23:10.320+0000] {logging_mixin.py:190} INFO - [2026-08-06T17:23:10.320+0000] {dag.py:3239} INFO - Sync 1 DAGs
[2026-08-06T17:23:10.345+0000] {logging_mixin.py:190} INFO - [2026-08-06T17:23:10.344+0000] {dag.py:4180} INFO - Setting next_dagrun for example_params_trigger_ui to None, run_after=None
[2026-08-06T17:23:10.375+0000] {processor.py:208} INFO - Processing /home/airflow/.local/lib/python3.12/site-packages/airflow/example_dags/example_params_trigger_ui.py took 0.142 seconds
[2026-08-06T17:23:40.875+0000] {processor.py:186} INFO - Started process (PID=548) to work on /home/airflow/.local/lib/python3.12/site-packages/airflow/example_dags/example_params_trigger_ui.py
[2026-08-06T17:23:40.876+0000] {processor.py:914} INFO - Processing file /home/airflow/.local/lib/python3.12/site-packages/airflow/example_dags/example_params_trigger_ui.py for tasks to queue
[2026-08-06T17:23:40.878+0000] {logging_mixin.py:190} INFO - [2026-08-06T17:23:40.878+0000] {dagbag.py:588} INFO - Filling up the DagBag from /home/airflow/.local/lib/python3.12/site-packages/airflow/example_dags/example_params_trigger_ui.py
[2026-08-06T17:23:40.890+0000] {processor.py:925} INFO - DAG(s) 'example_params_trigger_ui' retrieved from /home/airflow/.local/lib/python3.12/site-packages/airflow/example_dags/example_params_trigger_ui.py
[2026-08-06T17:23:40.932+0000] {logging_mixin.py:190} INFO - [2026-08-06T17:23:40.931+0000] {dag.py:3239} INFO - Sync 1 DAGs
[2026-08-06T17:23:40.945+0000] {logging_mixin.py:190} INFO - [2026-08-06T17:23:40.945+0000] {dag.py:4180} INFO - Setting next_dagrun for example_params_trigger_ui to None, run_after=None
[2026-08-06T17:23:40.965+0000] {processor.py:208} INFO - Processing /home/airflow/.local/lib/python3.12/site-packages/airflow/example_dags/example_params_trigger_ui.py took 0.095 seconds
[2026-08-06T17:24:11.906+0000] {processor.py:186} INFO - Started process (PID=612) to work on /home/airflow/.local/lib/python3.12/site-packages/airflow/example_dags/example_params_trigger_ui.py
[2026-08-06T17:24:11.907+0000] {processor.py:914} INFO - Processing file /home/airflow/.local/lib/python3.12/site-packages/airflow/example_dags/example_params_trigger_ui.py for tasks to queue
[2026-08-06T17:24:11.909+0000] {logging_mixin.py:190} INFO - [2026-08-06T17:24:11.909+0000] {dagbag.py:588} INFO - Filling up the DagBag from /home/airflow/.local/lib/python3.12/site-packages/airflow/example_dags/example_params_trigger_ui.py
[2026-08-06T17:24:11.921+0000] {processor.py:925} INFO - DAG(s) 'example_params_trigger_ui' retrieved from /home/airflow/.local/lib/python3.12/site-packages/airflow/example_dags/example_params_trigger_ui.py
[2026-08-06T17:24:11.961+0000] {logging_mixin.py:190} INFO - [2026-08-06T17:24:11.961+0000] {dag.py:3239} INFO - Sync 1 DAGs
[2026-08-06T17:24:11.976+0000] {logging_mixin.py:190} INFO - [2026-08-06T17:24:11.975+0000] {dag.py:4180} INFO - Setting next_dagrun for example_params_trigger_ui to None, run_after=None
[2026-08-06T17:24:11.995+0000] {processor.py:208} INFO - Processing /home/airflow/.local/lib/python3.12/site-packages/airflow/example_dags/example_params_trigger_ui.py took 0.097 seconds
[2026-08-06T17:24:43.494+0000] {processor.py:186} INFO - Started process (PID=676) to work on /home/airflow/.local/lib/python3.12/site-packages/airflow/example_dags/example_params_trigger_ui.py
[2026-08-06T17:24:43.496+0000] {processor.py:914} INFO - Processing file /home/airflow/.local/lib/python3.12/site-packages/airflow/example_dags/example_params_trigger_ui.py for tasks to queue
[2026-08-06T17:24:43.498+0000] {logging_mixin.py:190} INFO - [2026-08-06T17:24:43.497+0000] {dagbag.py:588} INFO - Filling up the DagBag from /home/airflow/.local/lib/python3.12/site-packages/airflow/example_dags/example_params_trigger_ui.py
[2026-08-06T17:24:43.508+0000] {processor.py:925} INFO - DAG(s) 'example_params_trigger_ui' retrieved from /home/airflow/.local/lib/python3.12/site-packages/airflow/example_dags/example_params_trigger_ui.py
[2026-08-06T17:24:43.545+0000] {logging_mixin.py:190} INFO - [2026-08-06T17:24:43.544+0000] {dag.py:3239} INFO - Sync 1 DAGs
[2026-08-06T17:24:43.556+0000] {logging_mixin.py:190} INFO - [2026-08-06T17:24:43.556+0000] {dag.py:4180} INFO - Setting next_dagrun for example_params_trigger_ui to None, run_after=None
[2026-08-06T17:24:43.572+0000] {processor.py:208} INFO - Processing /home/airflow/.local/lib/python3.12/site-packages/airflow/example_dags/example_params_trigger_ui.py took 0.083 seconds
[2026-08-06T17:25:14.670+0000] {processor.py:186} INFO - Started process (PID=740) to work on /home/airflow/.local/lib/python3.12/site-packages/airflow/example_dags/example_params_trigger_ui.py
[2026-08-06T17:25:14.672+0000] {processor.py:914} INFO - Processing file /home/airflow/.local/lib/python3.12/site-packages/airflow/example_dags/example_params_trigger_ui.py for tasks to queue
[2026-08-06T17:25:14.674+0000] {logging_mixin.py:190} INFO - [2026-08-06T17:25:14.673+0000] {dagbag.py:588} INFO - Filling up the DagBag from /home/airflow/.local/lib/python3.12/site-packages/airflow/example_dags/example_params_trigger_ui.py
[2026-08-06T17:25:14.684+0000] {processor.py:925} INFO - DAG(s) 'example_params_trigger_ui' retrieved from /home/airflow/.local/lib/python3.12/site-packages/airflow/example_dags/example_params_trigger_ui.py
[2026-08-06T17:25:14.723+0000] {logging_mixin.py:190} INFO - [2026-08-06T17:25:14.723+0000] {dag.py:3239} INFO - Sync 1 DAGs
[2026-08-06T17:25:14.736+0000] {logging_mixin.py:190} INFO - [2026-08-06T17:25:14.736+0000] {dag.py:4180} INFO - Setting next_dagrun for example_params_trigger_ui to None, run_after=None
[2026-08-06T17:25:14.754+0000] {processor.py:208} INFO - Processing /home/airflow/.local/lib/python3.12/site-packages/airflow/example_dags/example_params_trigger_ui.py took 0.089 seconds
[2026-08-06T17:25:45.940+0000] {processor.py:186} INFO - Started process (PID=804) to work on /home/airflow/.local/lib/python3.12/site-packages/airflow/example_dags/example_params_trigger_ui.py
[2026-08-06T17:25:45.942+0000] {processor.py:914} INFO - Processing file /home/airflow/.local/lib/python3.12/site-packages/airflow/example_dags/example_params_trigger_ui.py for tasks to queue
[2026-08-06T17:25:45.944+0000] {logging_mixin.py:190} INFO - [2026-08-06T17:25:45.943+0000] {dagbag.py:588} INFO - Filling up the DagBag from /home/airflow/.local/lib/python3.12/site-packages/airflow/example_dags/example_params_trigger_ui.py
[2026-08-06T17:25:45.954+0000] {processor.py:925} INFO - DAG(s) 'example_params_trigger_ui' retrieved from /home/airflow/.local/lib/python3.12/site-packages/airflow/example_dags/example_params_trigger_ui.py
[2026-08-06T17:25:45.990+0000] {logging_mixin.py:190} INFO - [2026-08-06T17:25:45.990+0000] {dag.py:3239} INFO - Sync 1 DAGs
[2026-08-06T17:25:46.006+0000] {logging_mixin.py:190} INFO - [2026-08-06T17:25:46.006+0000] {dag.py:4180} INFO - Setting next_dagrun for example_params_trigger_ui to None, run_after=None
[2026-08-06T17:25:46.029+0000] {processor.py:208} INFO - Processing /home/airflow/.local/lib/python3.12/site-packages/airflow/example_dags/example_params_trigger_ui.py took 0.093 seconds
[2026-08-06T17:26:16.788+0000] {processor.py:186} INFO - Started process (PID=868) to work on /home/airflow/.local/lib/python3.12/site-packages/airflow/example_dags/example_params_trigger_ui.py
[2026-08-06T17:26:16.790+0000] {processor.py:914} INFO - Processing file /home/airflow/.local/lib/python3.12/site-packages/airflow/example_dags/example_params_trigger_ui.py for tasks to queue
[2026-08-06T17:26:16.792+0000] {logging_mixin.py:190} INFO - [2026-08-06T17:26:16.792+0000] {dagbag.py:588} INFO - Filling up the DagBag from /home/airflow/.local/lib/python3.12/site-packages/airflow/example_dags/example_params_trigger_ui.py
[2026-08-06T17:26:16.805+0000] {processor.py:925} INFO - DAG(s) 'example_params_trigger_ui' retrieved from /home/airflow/.local/lib/python3.12/site-packages/airflow/example_dags/example_params_trigger_ui.py
[2026-08-06T17:26:16.852+0000] {logging_mixin.py:190} INFO - [2026-08-06T17:26:16.852+0000] {dag.py:3239} INFO - Sync 1 DAGs
[2026-08-06T17:26:16.869+0000] {logging_mixin.py:190} INFO - [2026-08-06T17:26:16.869+0000] {dag.py:4180} INFO - Setting next_dagrun for example_params_trigger_ui to None, run_after=None
[2026-08-06T17:26:16.894+0000] {processor.py:208} INFO - Processing /home/airflow/.local/lib/python3.12/site-packages/airflow/example_dags/example_params_trigger_ui.py took 0.112 seconds
[2026-08-06T17:26:47.279+0000] {processor.py:186} INFO - Started process (PID=932) to work on /home/airflow/.local/lib/python3.12/site-packages/airflow/example_dags/example_params_trigger_ui.py
[2026-08-06T17:26:47.280+0000] {processor.py:914} INFO - Processing file /home/airflow/.local/lib/python3.12/site-packages/airflow/example_dags/example_params_trigger_ui.py for tasks to queue
[2026-08-06T17:26:47.284+0000] {logging_mixin.py:190} INFO - [2026-08-06T17:26:47.284+0000] {dagbag.py:588} INFO - Filling up the DagBag from /home/airflow/.local/lib/python3.12/site-packages/airflow/example_dags/example_params_trigger_ui.py
[2026-08-06T17:26:47.296+0000] {processor.py:925} INFO - DAG(s) 'example_params_trigger_ui' retrieved from /home/airflow/.local/lib/python3.12/site-packages/airflow/example_dags/example_params_trigger_ui.py
[2026-08-06T17:26:47.335+0000] {logging_mixin.py:190} INFO - [2026-08-06T17:26:47.334+0000] {dag.py:3239} INFO - Sync 1 DAGs
[2026-08-06T17:26:47.349+0000] {logging_mixin.py:190} INFO - [2026-08-06T17:26:47.349+0000] {dag.py:4180} INFO - Setting next_dagrun for example_params_trigger_ui to None, run_after=None
[2026-08-06T17:26:47.367+0000] {processor.py:208} INFO - Processing /home/airflow/.local/lib/python3.12/site-packages/airflow/example_dags/example_params_trigger_ui.py took 0.095 seconds
[2026-08-06T17:27:18.244+0000] {processor.py:186} INFO - Started process (PID=996) to work on /home/airflow/.local/lib/python3.12/site-packages/airflow/example_dags/example_params_trigger_ui.py
[2026-08-06T17:27:18.245+0000] {processor.py:914} INFO - Processing file /home/airflow/.local/lib/python3.12/site-packages/airflow/example_dags/example_params_trigger_ui.py for tasks to queue
[2026-08-06T17:27:18.247+0000] {logging_mixin.py:190} INFO - [2026-08-06T17:27:18.247+0000] {dagbag.py:588} INFO - Filling up the DagBag from /home/airflow/.local/lib/python3.12/site-packages/airflow/example_dags/example_params_trigger_ui.py
[2026-08-06T17:27:18.255+0000] {processor.py:925} INFO - DAG(s) 'example_params_trigger_ui' retrieved from /home/airflow/.local/lib/python3.12/site-packages/airflow/example_dags/example_params_trigger_ui.py
[2026-08-06T17:27:18.287+0000] {logging_mixin.py:190} INFO - [2026-08-06T17:27:18.287+0000] {dag.py:3239} INFO - Sync 1 DAGs
[2026-08-06T17:27:18.299+0000] {logging_mixin.py:190} INFO - [2026-08-06T17:27:18.299+0000] {dag.py:4180} INFO - Setting next_dagrun for example_params_trigger_ui to None, run_after=None
[2026-08-06T17:27:18.316+0000] {processor.py:208} INFO - Processing /home/airflow/.local/lib/python3.12/site-packages/airflow/example_dags/example_params_trigger_ui.py took 0.078 seconds
[2026-08-06T17:27:49.635+0000] {processor.py:186} INFO - Started process (PID=1060) to work on /home/airflow/.local/lib/python3.12/site-packages/airflow/example_dags/example_params_trigger_ui.py
[2026-08-06T17:27:49.641+0000] {processor.py:914} INFO - Processing file /home/airflow/.local/lib/python3.12/site-packages/airflow/example_dags/example_params_trigger_ui.py for tasks to queue
[2026-08-06T17:27:49.645+0000] {logging_mixin.py:190} INFO - [2026-08-06T17:27:49.644+0000] {dagbag.py:588} INFO - Filling up the DagBag from /home/airflow/.local/lib/python3.12/site-packages/airflow/example_dags/example_params_trigger_ui.py
[2026-08-06T17:27:49.657+0000] {processor.py:925} INFO - DAG(s) 'example_params_trigger_ui' retrieved from /home/airflow/.local/lib/python3.12/site-packages/airflow/example_dags/example_params_trigger_ui.py
[2026-08-06T17:27:49.703+0000] {logging_mixin.py:190} INFO - [2026-08-06T17:27:49.703+0000] {dag.py:3239} INFO - Sync 1 DAGs
[2026-08-06T17:27:49.717+0000] {logging_mixin.py:190} INFO - [2026-08-06T17:27:49.716+0000] {dag.py:4180} INFO - Setting next_dagrun for example_params_trigger_ui to None, run_after=None
[2026-08-06T17:27:49.735+0000] {processor.py:208} INFO - Processing /home/airflow/.local/lib/python3.12/site-packages/airflow/example_dags/example_params_trigger_ui.py took 0.105 seconds
[2026-08-06T17:29:52.639+0000] {processor.py:186} INFO - Started process (PID=99) to work on /home/airflow/.local/lib/python3.12/site-packages/airflow/example_dags/example_params_trigger_ui.py
[2026-08-06T17:29:52.641+0000] {processor.py:914} INFO - Processing file /home/airflow/.local/lib/python3.12/site-packages/airflow/example_dags/example_params_trigger_ui.py for tasks to queue
[2026-08-06T17:29:52.645+0000] {logging_mixin.py:190} INFO - [2026-08-06T17:29:52.645+0000] {dagbag.py:588} INFO - Filling up the DagBag from /home/airflow/.local/lib/python3.12/site-packages/airflow/example_dags/example_params_trigger_ui.py
[2026-08-06T17:29:52.659+0000] {processor.py:925} INFO - DAG(s) 'example_params_trigger_ui' retrieved from /home/airflow/.local/lib/python3.12/site-packages/airflow/example_dags/example_params_trigger_ui.py
[2026-08-06T17:29:52.711+0000] {logging_mixin.py:190} INFO - [2026-08-06T17:29:52.711+0000] {dag.py:3239} INFO - Sync 1 DAGs
[2026-08-06T17:29:52.729+0000] {logging_mixin.py:190} INFO - [2026-08-06T17:29:52.729+0000] {dag.py:4180} INFO - Setting next_dagrun for example_params_trigger_ui to None, run_after=None
[2026-08-06T17:29:52.758+0000] {processor.py:208} INFO - Processing /home/airflow/.local/lib/python3.12/site-packages/airflow/example_dags/example_params_trigger_ui.py took 0.125 seconds
[2026-08-06T17:30:23.163+0000] {processor.py:186} INFO - Started process (PID=163) to work on /home/airflow/.local/lib/python3.12/site-packages/airflow/example_dags/example_params_trigger_ui.py
[2026-08-06T17:30:23.164+0000] {processor.py:914} INFO - Processing file /home/airflow/.local/lib/python3.12/site-packages/airflow/example_dags/example_params_trigger_ui.py for tasks to queue
[2026-08-06T17:30:23.166+0000] {logging_mixin.py:190} INFO - [2026-08-06T17:30:23.166+0000] {dagbag.py:588} INFO - Filling up the DagBag from /home/airflow/.local/lib/python3.12/site-packages/airflow/example_dags/example_params_trigger_ui.py
[2026-08-06T17:30:23.175+0000] {processor.py:925} INFO - DAG(s) 'example_params_trigger_ui' retrieved from /home/airflow/.local/lib/python3.12/site-packages/airflow/example_dags/example_params_trigger_ui.py
[2026-08-06T17:30:23.210+0000] {logging_mixin.py:190} INFO - [2026-08-06T17:30:23.210+0000] {dag.py:3239} INFO - Sync 1 DAGs
[2026-08-06T17:30:23.224+0000] {logging_mixin.py:190} INFO - [2026-08-06T17:30:23.224+0000] {dag.py:4180} INFO - Setting next_dagrun for example_params_trigger_ui to None, run_after=None
[2026-08-06T17:30:23.243+0000] {processor.py:208} INFO - Processing /home/airflow/.local/lib/python3.12/site-packages/airflow/example_dags/example_params_trigger_ui.py took 0.085 seconds
[2026-08-06T17:30:54.172+0000] {processor.py:186} INFO - Started process (PID=227) to work on /home/airflow/.local/lib/python3.12/site-packages/airflow/example_dags/example_params_trigger_ui.py
[2026-08-06T17:30:54.174+0000] {processor.py:914} INFO - Processing file /home/airflow/.local/lib/python3.12/site-packages/airflow/example_dags/example_params_trigger_ui.py for tasks to queue
[2026-08-06T17:30:54.181+0000] {logging_mixin.py:190} INFO - [2026-08-06T17:30:54.179+0000] {dagbag.py:588} INFO - Filling up the DagBag from /home/airflow/.local/lib/python3.12/site-packages/airflow/example_dags/example_params_trigger_ui.py
[2026-08-06T17:30:54.198+0000] {processor.py:925} INFO - DAG(s) 'example_params_trigger_ui' retrieved from /home/airflow/.local/lib/python3.12/site-packages/airflow/example_dags/example_params_trigger_ui.py
[2026-08-06T17:30:54.265+0000] {logging_mixin.py:190} INFO - [2026-08-06T17:30:54.263+0000] {dag.py:3239} INFO - Sync 1 DAGs
[2026-08-06T17:30:54.297+0000] {logging_mixin.py:190} INFO - [2026-08-06T17:30:54.296+0000] {dag.py:4180} INFO - Setting next_dagrun for example_params_trigger_ui to None, run_after=None
[2026-08-06T17:30:54.337+0000] {processor.py:208} INFO - Processing /home/airflow/.local/lib/python3.12/site-packages/airflow/example_dags/example_params_trigger_ui.py took 0.173 seconds
[2026-08-06T17:31:24.902+0000] {processor.py:186} INFO - Started process (PID=290) to work on /home/airflow/.local/lib/python3.12/site-packages/airflow/example_dags/example_params_trigger_ui.py
[2026-08-06T17:31:24.903+0000] {processor.py:914} INFO - Processing file /home/airflow/.local/lib/python3.12/site-packages/airflow/example_dags/example_params_trigger_ui.py for tasks to queue
[2026-08-06T17:31:24.906+0000] {logging_mixin.py:190} INFO - [2026-08-06T17:31:24.906+0000] {dagbag.py:588} INFO - Filling up the DagBag from /home/airflow/.local/lib/python3.12/site-packages/airflow/example_dags/example_params_trigger_ui.py
[2026-08-06T17:31:24.921+0000] {processor.py:925} INFO - DAG(s) 'example_params_trigger_ui' retrieved from /home/airflow/.local/lib/python3.12/site-packages/airflow/example_dags/example_params_trigger_ui.py
[2026-08-06T17:31:24.966+0000] {logging_mixin.py:190} INFO - [2026-08-06T17:31:24.966+0000] {dag.py:3239} INFO - Sync 1 DAGs
[2026-08-06T17:31:24.984+0000] {logging_mixin.py:190} INFO - [2026-08-06T17:31:24.983+0000] {dag.py:4180} INFO - Setting next_dagrun for example_params_trigger_ui to None, run_after=None
[2026-08-06T17:31:25.007+0000] {processor.py:208} INFO - Processing /home/airflow/.local/lib/python3.12/site-packages/airflow/example_dags/example_params_trigger_ui.py took 0.112 seconds
[2026-08-06T17:31:57.015+0000] {processor.py:186} INFO - Started process (PID=354) to work on /home/airflow/.local/lib/python3.12/site-packages/airflow/example_dags/example_params_trigger_ui.py
[2026-08-06T17:31:57.017+0000] {processor.py:914} INFO - Processing file /home/airflow/.local/lib/python3.12/site-packages/airflow/example_dags/example_params_trigger_ui.py for tasks to queue
[2026-08-06T17:31:57.022+0000] {logging_mixin.py:190} INFO - [2026-08-06T17:31:57.021+0000] {dagbag.py:588} INFO - Filling up the DagBag from /home/airflow/.local/lib/python3.12/site-packages/airflow/example_dags/example_params_trigger_ui.py
[2026-08-06T17:31:57.035+0000] {processor.py:925} INFO - DAG(s) 'example_params_trigger_ui' retrieved from /home/airflow/.local/lib/python3.12/site-packages/airflow/example_dags/example_params_trigger_ui.py
[2026-08-06T17:31:57.081+0000] {logging_mixin.py:190} INFO - [2026-08-06T17:31:57.081+0000] {dag.py:3239} INFO - Sync 1 DAGs
[2026-08-06T17:31:57.096+0000] {logging_mixin.py:190} INFO - [2026-08-06T17:31:57.096+0000] {dag.py:4180} INFO - Setting next_dagrun for example_params_trigger_ui to None, run_after=None
[2026-08-06T17:31:57.121+0000] {processor.py:208} INFO - Processing /home/airflow/.local/lib/python3.12/site-packages/airflow/example_dags/example_params_trigger_ui.py took 0.113 seconds
[2026-08-06T17:32:27.785+0000] {processor.py:186} INFO - Started process (PID=418) to work on /home/airflow/.local/lib/python3.12/site-packages/airflow/example_dags/example_params_trigger_ui.py
[2026-08-06T17:32:27.787+0000] {processor.py:914} INFO - Processing file /home/airflow/.local/lib/python3.12/site-packages/airflow/example_dags/example_params_trigger_ui.py for tasks to queue
[2026-08-06T17:32:27.790+0000] {logging_mixin.py:190} INFO - [2026-08-06T17:32:27.790+0000] {dagbag.py:588} INFO - Filling up the DagBag from /home/airflow/.local/lib/python3.12/site-packages/airflow/example_dags/example_params_trigger_ui.py
[2026-08-06T17:32:27.810+0000] {processor.py:925} INFO - DAG(s) 'example_params_trigger_ui' retrieved from /home/airflow/.local/lib/python3.12/site-packages/airflow/example_dags/example_params_trigger_ui.py
[2026-08-06T17:32:27.879+0000] {logging_mixin.py:190} INFO - [2026-08-06T17:32:27.878+0000] {dag.py:3239} INFO - Sync 1 DAGs
[2026-08-06T17:32:27.901+0000] {logging_mixin.py:190} INFO - [2026-08-06T17:32:27.900+0000] {dag.py:4180} INFO - Setting next_dagrun for example_params_trigger_ui to None, run_after=None
[2026-08-06T17:32:27.934+0000] {processor.py:208} INFO - Processing /home/airflow/.local/lib/python3.12/site-packages/airflow/example_dags/example_params_trigger_ui.py took 0.157 seconds
[2026-08-06T17:32:58.177+0000] {processor.py:186} INFO - Started process (PID=481) to work on /home/airflow/.local/lib/python3.12/site-packages/airflow/example_dags/example_params_trigger_ui.py
[2026-08-06T17:32:58.179+0000] {processor.py:914} INFO - Processing file /home/airflow/.local/lib/python3.12/site-packages/airflow/example_dags/example_params_trigger_ui.py for tasks to queue
[2026-08-06T17:32:58.182+0000] {logging_mixin.py:190} INFO - [2026-08-06T17:32:58.181+0000] {dagbag.py:588} INFO - Filling up the DagBag from /home/airflow/.local/lib/python3.12/site-packages/airflow/example_dags/example_params_trigger_ui.py
[2026-08-06T17:32:58.193+0000] {processor.py:925} INFO - DAG(s) 'example_params_trigger_ui' retrieved from /home/airflow/.local/lib/python3.12/site-packages/airflow/example_dags/example_params_trigger_ui.py
[2026-08-06T17:32:58.237+0000] {logging_mixin.py:190} INFO - [2026-08-06T17:32:58.237+0000] {dag.py:3239} INFO - Sync 1 DAGs
[2026-08-06T17:32:58.251+0000] {logging_mixin.py:190} INFO - [2026-08-06T17:32:58.251+0000] {dag.py:4180} INFO - Setting next_dagrun for example_params_trigger_ui to None, run_after=None
[2026-08-06T17:32:58.270+0000] {processor.py:208} INFO - Processing /home/airflow/.local/lib/python3.12/site-packages/airflow/example_dags/example_params_trigger_ui.py took 0.100 seconds
[2026-08-06T17:33:29.648+0000] {processor.py:186} INFO - Started process (PID=545) to work on /home/airflow/.local/lib/python3.12/site-packages/airflow/example_dags/example_params_trigger_ui.py
[2026-08-06T17:33:29.650+0000] {processor.py:914} INFO - Processing file /home/airflow/.local/lib/python3.12/site-packages/airflow/example_dags/example_params_trigger_ui.py for tasks to queue
[2026-08-06T17:33:29.653+0000] {logging_mixin.py:190} INFO - [2026-08-06T17:33:29.652+0000] {dagbag.py:588} INFO - Filling up the DagBag from /home/airflow/.local/lib/python3.12/site-packages/airflow/example_dags/example_params_trigger_ui.py
[2026-08-06T17:33:29.662+0000] {processor.py:925} INFO - DAG(s) 'example_params_trigger_ui' retrieved from /home/airflow/.local/lib/python3.12/site-packages/airflow/example_dags/example_params_trigger_ui.py
[2026-08-06T17:33:29.700+0000] {logging_mixin.py:190} INFO - [2026-08-06T17:33:29.700+0000] {dag.py:3239} INFO - Sync 1 DAGs
[2026-08-06T17:33:29.716+0000] {logging_mixin.py:190} INFO - [2026-08-06T17:33:29.716+0000] {dag.py:4180} INFO - Setting next_dagrun for example_params_trigger_ui to None, run_after=None
[2026-08-06T17:33:29.734+0000] {processor.py:208} INFO - Processing /home/airflow/.local/lib/python3.12/site-packages/airflow/example_dags/example_params_trigger_ui.py took 0.092 seconds
[2026-08-06T17:34:00.275+0000] {processor.py:186} INFO - Started process (PID=609) to work on /home/airflow/.local/lib/python3.12/site-packages/airflow/example_dags/example_params_trigger_ui.py
[2026-08-06T17:34:00.277+0000] {processor.py:914} INFO - Processing file /home/airflow/.local/lib/python3.12/site-packages/airflow/example_dags/example_params_trigger_ui.py for tasks to queue
[2026-08-06T17:34:00.280+0000] {logging_mixin.py:190} INFO - [2026-08-06T17:34:00.279+0000] {dagbag.py:588} INFO - Filling up the DagBag from /home/airflow/.local/lib/python3.12/site-packages/airflow/example_dags/example_params_trigger_ui.py
[2026-08-06T17:34:00.293+0000] {processor.py:925} INFO - DAG(s) 'example_params_trigger_ui' retrieved from /home/airflow/.local/lib/python3.12/site-packages/airflow/example_dags/example_params_trigger_ui.py
[2026-08-06T17:34:00.344+0000] {logging_mixin.py:190} INFO - [2026-08-06T17:34:00.343+0000] {dag.py:3239} INFO - Sync 1 DAGs
[2026-08-06T17:34:00.358+0000] {logging_mixin.py:190} INFO - [2026-08-06T17:34:00.358+0000] {dag.py:4180} INFO - Setting next_dagrun for example_params_trigger_ui to None, run_after=None
[2026-08-06T17:34:00.376+0000] {processor.py:208} INFO - Processing /home/airflow/.local/lib/python3.12/site-packages/airflow/example_dags/example_params_trigger_ui.py took 0.107 seconds
[2026-08-06T17:34:31.976+0000] {processor.py:186} INFO - Started process (PID=673) to work on /home/airflow/.local/lib/python3.12/site-packages/airflow/example_dags/example_params_trigger_ui.py
[2026-08-06T17:34:31.978+0000] {processor.py:914} INFO - Processing file /home/airflow/.local/lib/python3.12/site-packages/airflow/example_dags/example_params_trigger_ui.py for tasks to queue
[2026-08-06T17:34:31.980+0000] {logging_mixin.py:190} INFO - [2026-08-06T17:34:31.980+0000] {dagbag.py:588} INFO - Filling up the DagBag from /home/airflow/.local/lib/python3.12/site-packages/airflow/example_dags/example_params_trigger_ui.py
[2026-08-06T17:34:31.990+0000] {processor.py:925} INFO - DAG(s) 'example_params_trigger_ui' retrieved from /home/airflow/.local/lib/python3.12/site-packages/airflow/example_dags/example_params_trigger_ui.py
[2026-08-06T17:34:32.027+0000] {logging_mixin.py:190} INFO - [2026-08-06T17:34:32.027+0000] {dag.py:3239} INFO - Sync 1 DAGs
[2026-08-06T17:34:32.044+0000] {logging_mixin.py:190} INFO - [2026-08-06T17:34:32.044+0000] {dag.py:4180} INFO - Setting next_dagrun for example_params_trigger_ui to None, run_after=None
[2026-08-06T17:34:32.063+0000] {processor.py:208} INFO - Processing /home/airflow/.local/lib/python3.12/site-packages/airflow/example_dags/example_params_trigger_ui.py took 0.091 seconds
[2026-08-06T17:35:03.172+0000] {processor.py:186} INFO - Started process (PID=737) to work on /home/airflow/.local/lib/python3.12/site-packages/airflow/example_dags/example_params_trigger_ui.py
[2026-08-06T17:35:03.173+0000] {processor.py:914} INFO - Processing file /home/airflow/.local/lib/python3.12/site-packages/airflow/example_dags/example_params_trigger_ui.py for tasks to queue
[2026-08-06T17:35:03.176+0000] {logging_mixin.py:190} INFO - [2026-08-06T17:35:03.175+0000] {dagbag.py:588} INFO - Filling up the DagBag from /home/airflow/.local/lib/python3.12/site-packages/airflow/example_dags/example_params_trigger_ui.py
[2026-08-06T17:35:03.186+0000] {processor.py:925} INFO - DAG(s) 'example_params_trigger_ui' retrieved from /home/airflow/.local/lib/python3.12/site-packages/airflow/example_dags/example_params_trigger_ui.py
[2026-08-06T17:35:03.221+0000] {logging_mixin.py:190} INFO - [2026-08-06T17:35:03.221+0000] {dag.py:3239} INFO - Sync 1 DAGs
[2026-08-06T17:35:03.233+0000] {logging_mixin.py:190} INFO - [2026-08-06T17:35:03.233+0000] {dag.py:4180} INFO - Setting next_dagrun for example_params_trigger_ui to None, run_after=None
[2026-08-06T17:35:03.249+0000] {processor.py:208} INFO - Processing /home/airflow/.local/lib/python3.12/site-packages/airflow/example_dags/example_params_trigger_ui.py took 0.082 seconds
[2026-08-06T17:35:33.799+0000] {processor.py:186} INFO - Started process (PID=801) to work on /home/airflow/.local/lib/python3.12/site-packages/airflow/example_dags/example_params_trigger_ui.py
[2026-08-06T17:35:33.801+0000] {processor.py:914} INFO - Processing file /home/airflow/.local/lib/python3.12/site-packages/airflow/example_dags/example_params_trigger_ui.py for tasks to queue
[2026-08-06T17:35:33.804+0000] {logging_mixin.py:190} INFO - [2026-08-06T17:35:33.803+0000] {dagbag.py:588} INFO - Filling up the DagBag from /home/airflow/.local/lib/python3.12/site-packages/airflow/example_dags/example_params_trigger_ui.py
[2026-08-06T17:35:33.815+0000] {processor.py:925} INFO - DAG(s) 'example_params_trigger_ui' retrieved from /home/airflow/.local/lib/python3.12/site-packages/airflow/example_dags/example_params_trigger_ui.py
[2026-08-06T17:35:33.855+0000] {logging_mixin.py:190} INFO - [2026-08-06T17:35:33.854+0000] {dag.py:3239} INFO - Sync 1 DAGs
[2026-08-06T17:35:33.868+0000] {logging_mixin.py:190} INFO - [2026-08-06T17:35:33.868+0000] {dag.py:4180} INFO - Setting next_dagrun for example_params_trigger_ui to None, run_after=None
[2026-08-06T17:35:33.886+0000] {processor.py:208} INFO - Processing /home/airflow/.local/lib/python3.12/site-packages/airflow/example_dags/example_params_trigger_ui.py took 0.092 seconds
[2026-08-06T17:37:05.537+0000] {processor.py:186} INFO - Started process (PID=100) to work on /home/airflow/.local/lib/python3.12/site-packages/airflow/example_dags/example_params_trigger_ui.py
[2026-08-06T17:37:05.539+0000] {processor.py:914} INFO - Processing file /home/airflow/.local/lib/python3.12/site-packages/airflow/example_dags/example_params_trigger_ui.py for tasks to queue
[2026-08-06T17:37:05.543+0000] {logging_mixin.py:190} INFO - [2026-08-06T17:37:05.542+0000] {dagbag.py:588} INFO - Filling up the DagBag from /home/airflow/.local/lib/python3.12/site-packages/airflow/example_dags/example_params_trigger_ui.py
[2026-08-06T17:37:05.558+0000] {processor.py:925} INFO - DAG(s) 'example_params_trigger_ui' retrieved from /home/airflow/.local/lib/python3.12/site-packages/airflow/example_dags/example_params_trigger_ui.py
[2026-08-06T17:37:05.602+0000] {logging_mixin.py:190} INFO - [2026-08-06T17:37:05.601+0000] {dag.py:3239} INFO - Sync 1 DAGs
[2026-08-06T17:37:05.619+0000] {logging_mixin.py:190} INFO - [2026-08-06T17:37:05.619+0000] {dag.py:4180} INFO - Setting next_dagrun for example_params_trigger_ui to None, run_after=None
[2026-08-06T17:37:05.643+0000] {processor.py:208} INFO - Processing /home/airflow/.local/lib/python3.12/site-packages/airflow/example_dags/example_params_trigger_ui.py took 0.112 seconds
[2026-08-06T17:37:36.737+0000] {processor.py:186} INFO - Started process (PID=164) to work on /home/airflow/.local/lib/python3.12/site-packages/airflow/example_dags/example_params_trigger_ui.py
[2026-08-06T17:37:36.739+0000] {processor.py:914} INFO - Processing file /home/airflow/.local/lib/python3.12/site-packages/airflow/example_dags/example_params_trigger_ui.py for tasks to queue
[2026-08-06T17:37:36.744+0000] {logging_mixin.py:190} INFO - [2026-08-06T17:37:36.743+0000] {dagbag.py:588} INFO - Filling up the DagBag from /home/airflow/.local/lib/python3.12/site-packages/airflow/example_dags/example_params_trigger_ui.py
[2026-08-06T17:37:36.759+0000] {processor.py:925} INFO - DAG(s) 'example_params_trigger_ui' retrieved from /home/airflow/.local/lib/python3.12/site-packages/airflow/example_dags/example_params_trigger_ui.py
[2026-08-06T17:37:36.825+0000] {logging_mixin.py:190} INFO - [2026-08-06T17:37:36.824+0000] {dag.py:3239} INFO - Sync 1 DAGs
[2026-08-06T17:37:36.848+0000] {logging_mixin.py:190} INFO - [2026-08-06T17:37:36.848+0000] {dag.py:4180} INFO - Setting next_dagrun for example_params_trigger_ui to None, run_after=None
[2026-08-06T17:37:36.877+0000] {processor.py:208} INFO - Processing /home/airflow/.local/lib/python3.12/site-packages/airflow/example_dags/example_params_trigger_ui.py took 0.147 seconds
[2026-08-06T17:38:07.101+0000] {processor.py:186} INFO - Started process (PID=227) to work on /home/airflow/.local/lib/python3.12/site-packages/airflow/example_dags/example_params_trigger_ui.py
[2026-08-06T17:38:07.103+0000] {processor.py:914} INFO - Processing file /home/airflow/.local/lib/python3.12/site-packages/airflow/example_dags/example_params_trigger_ui.py for tasks to queue
[2026-08-06T17:38:07.105+0000] {logging_mixin.py:190} INFO - [2026-08-06T17:38:07.105+0000] {dagbag.py:588} INFO - Filling up the DagBag from /home/airflow/.local/lib/python3.12/site-packages/airflow/example_dags/example_params_trigger_ui.py
[2026-08-06T17:38:07.116+0000] {processor.py:925} INFO - DAG(s) 'example_params_trigger_ui' retrieved from /home/airflow/.local/lib/python3.12/site-packages/airflow/example_dags/example_params_trigger_ui.py
[2026-08-06T17:38:07.158+0000] {logging_mixin.py:190} INFO - [2026-08-06T17:38:07.158+0000] {dag.py:3239} INFO - Sync 1 DAGs
[2026-08-06T17:38:07.170+0000] {logging_mixin.py:190} INFO - [2026-08-06T17:38:07.170+0000] {dag.py:4180} INFO - Setting next_dagrun for example_params_trigger_ui to None, run_after=None
[2026-08-06T17:38:07.187+0000] {processor.py:208} INFO - Processing /home/airflow/.local/lib/python3.12/site-packages/airflow/example_dags/example_params_trigger_ui.py took 0.091 seconds
[2026-08-06T17:38:37.563+0000] {processor.py:186} INFO - Started process (PID=291) to work on /home/airflow/.local/lib/python3.12/site-packages/airflow/example_dags/example_params_trigger_ui.py
[2026-08-06T17:38:37.564+0000] {processor.py:914} INFO - Processing file /home/airflow/.local/lib/python3.12/site-packages/airflow/example_dags/example_params_trigger_ui.py for tasks to queue
[2026-08-06T17:38:37.574+0000] {logging_mixin.py:190} INFO - [2026-08-06T17:38:37.572+0000] {dagbag.py:588} INFO - Filling up the DagBag from /home/airflow/.local/lib/python3.12/site-packages/airflow/example_dags/example_params_trigger_ui.py
[2026-08-06T17:38:37.592+0000] {processor.py:925} INFO - DAG(s) 'example_params_trigger_ui' retrieved from /home/airflow/.local/lib/python3.12/site-packages/airflow/example_dags/example_params_trigger_ui.py
[2026-08-06T17:38:37.661+0000] {logging_mixin.py:190} INFO - [2026-08-06T17:38:37.660+0000] {dag.py:3239} INFO - Sync 1 DAGs
[2026-08-06T17:38:37.689+0000] {logging_mixin.py:190} INFO - [2026-08-06T17:38:37.688+0000] {dag.py:4180} INFO - Setting next_dagrun for example_params_trigger_ui to None, run_after=None
[2026-08-06T17:38:37.728+0000] {processor.py:208} INFO - Processing /home/airflow/.local/lib/python3.12/site-packages/airflow/example_dags/example_params_trigger_ui.py took 0.175 seconds
[2026-08-06T17:39:09.171+0000] {processor.py:186} INFO - Started process (PID=355) to work on /home/airflow/.local/lib/python3.12/site-packages/airflow/example_dags/example_params_trigger_ui.py
[2026-08-06T17:39:09.173+0000] {processor.py:914} INFO - Processing file /home/airflow/.local/lib/python3.12/site-packages/airflow/example_dags/example_params_trigger_ui.py for tasks to queue
[2026-08-06T17:39:09.177+0000] {logging_mixin.py:190} INFO - [2026-08-06T17:39:09.176+0000] {dagbag.py:588} INFO - Filling up the DagBag from /home/airflow/.local/lib/python3.12/site-packages/airflow/example_dags/example_params_trigger_ui.py
[2026-08-06T17:39:09.187+0000] {processor.py:925} INFO - DAG(s) 'example_params_trigger_ui' retrieved from /home/airflow/.local/lib/python3.12/site-packages/airflow/example_dags/example_params_trigger_ui.py
[2026-08-06T17:39:09.251+0000] {logging_mixin.py:190} INFO - [2026-08-06T17:39:09.251+0000] {dag.py:3239} INFO - Sync 1 DAGs
[2026-08-06T17:39:09.276+0000] {logging_mixin.py:190} INFO - [2026-08-06T17:39:09.276+0000] {dag.py:4180} INFO - Setting next_dagrun for example_params_trigger_ui to None, run_after=None
[2026-08-06T17:39:09.306+0000] {processor.py:208} INFO - Processing /home/airflow/.local/lib/python3.12/site-packages/airflow/example_dags/example_params_trigger_ui.py took 0.141 seconds
[2026-08-06T17:39:41.641+0000] {processor.py:186} INFO - Started process (PID=420) to work on /home/airflow/.local/lib/python3.12/site-packages/airflow/example_dags/example_params_trigger_ui.py
[2026-08-06T17:39:41.642+0000] {processor.py:914} INFO - Processing file /home/airflow/.local/lib/python3.12/site-packages/airflow/example_dags/example_params_trigger_ui.py for tasks to queue
[2026-08-06T17:39:41.646+0000] {logging_mixin.py:190} INFO - [2026-08-06T17:39:41.645+0000] {dagbag.py:588} INFO - Filling up the DagBag from /home/airflow/.local/lib/python3.12/site-packages/airflow/example_dags/example_params_trigger_ui.py
[2026-08-06T17:39:41.658+0000] {processor.py:925} INFO - DAG(s) 'example_params_trigger_ui' retrieved from /home/airflow/.local/lib/python3.12/site-packages/airflow/example_dags/example_params_trigger_ui.py
[2026-08-06T17:39:41.716+0000] {logging_mixin.py:190} INFO - [2026-08-06T17:39:41.715+0000] {dag.py:3239} INFO - Sync 1 DAGs
[2026-08-06T17:39:41.733+0000] {logging_mixin.py:190} INFO - [2026-08-06T17:39:41.732+0000] {dag.py:4180} INFO - Setting next_dagrun for example_params_trigger_ui to None, run_after=None
[2026-08-06T17:39:41.763+0000] {processor.py:208} INFO - Processing /home/airflow/.local/lib/python3.12/site-packages/airflow/example_dags/example_params_trigger_ui.py took 0.129 seconds
[2026-08-06T17:40:12.440+0000] {processor.py:186} INFO - Started process (PID=484) to work on /home/airflow/.local/lib/python3.12/site-packages/airflow/example_dags/example_params_trigger_ui.py
[2026-08-06T17:40:12.442+0000] {processor.py:914} INFO - Processing file /home/airflow/.local/lib/python3.12/site-packages/airflow/example_dags/example_params_trigger_ui.py for tasks to queue
[2026-08-06T17:40:12.445+0000] {logging_mixin.py:190} INFO - [2026-08-06T17:40:12.445+0000] {dagbag.py:588} INFO - Filling up the DagBag from /home/airflow/.local/lib/python3.12/site-packages/airflow/example_dags/example_params_trigger_ui.py
[2026-08-06T17:40:12.457+0000] {processor.py:925} INFO - DAG(s) 'example_params_trigger_ui' retrieved from /home/airflow/.local/lib/python3.12/site-packages/airflow/example_dags/example_params_trigger_ui.py
[2026-08-06T17:40:12.495+0000] {logging_mixin.py:190} INFO - [2026-08-06T17:40:12.494+0000] {dag.py:3239} INFO - Sync 1 DAGs
[2026-08-06T17:40:12.507+0000] {logging_mixin.py:190} INFO - [2026-08-06T17:40:12.507+0000] {dag.py:4180} INFO - Setting next_dagrun for example_params_trigger_ui to None, run_after=None
[2026-08-06T17:40:12.528+0000] {processor.py:208} INFO - Processing /home/airflow/.local/lib/python3.12/site-packages/airflow/example_dags/example_params_trigger_ui.py took 0.093 seconds
[2026-08-06T17:40:43.692+0000] {processor.py:186} INFO - Started process (PID=548) to work on /home/airflow/.local/lib/python3.12/site-packages/airflow/example_dags/example_params_trigger_ui.py
[2026-08-06T17:40:43.693+0000] {processor.py:914} INFO - Processing file /home/airflow/.local/lib/python3.12/site-packages/airflow/example_dags/example_params_trigger_ui.py for tasks to queue
[2026-08-06T17:40:43.695+0000] {logging_mixin.py:190} INFO - [2026-08-06T17:40:43.695+0000] {dagbag.py:588} INFO - Filling up the DagBag from /home/airflow/.local/lib/python3.12/site-packages/airflow/example_dags/example_params_trigger_ui.py
[2026-08-06T17:40:43.706+0000] {processor.py:925} INFO - DAG(s) 'example_params_trigger_ui' retrieved from /home/airflow/.local/lib/python3.12/site-packages/airflow/example_dags/example_params_trigger_ui.py
[2026-08-06T17:40:43.747+0000] {logging_mixin.py:190} INFO - [2026-08-06T17:40:43.747+0000] {dag.py:3239} INFO - Sync 1 DAGs
[2026-08-06T17:40:43.761+0000] {logging_mixin.py:190} INFO - [2026-08-06T17:40:43.761+0000] {dag.py:4180} INFO - Setting next_dagrun for example_params_trigger_ui to None, run_after=None
[2026-08-06T17:40:43.783+0000] {processor.py:208} INFO - Processing /home/airflow/.local/lib/python3.12/site-packages/airflow/example_dags/example_params_trigger_ui.py took 0.097 seconds
[2026-08-06T17:41:14.545+0000] {processor.py:186} INFO - Started process (PID=612) to work on /home/airflow/.local/lib/python3.12/site-packages/airflow/example_dags/example_params_trigger_ui.py
[2026-08-06T17:41:14.547+0000] {processor.py:914} INFO - Processing file /home/airflow/.local/lib/python3.12/site-packages/airflow/example_dags/example_params_trigger_ui.py for tasks to queue
[2026-08-06T17:41:14.549+0000] {logging_mixin.py:190} INFO - [2026-08-06T17:41:14.549+0000] {dagbag.py:588} INFO - Filling up the DagBag from /home/airflow/.local/lib/python3.12/site-packages/airflow/example_dags/example_params_trigger_ui.py
[2026-08-06T17:41:14.559+0000] {processor.py:925} INFO - DAG(s) 'example_params_trigger_ui' retrieved from /home/airflow/.local/lib/python3.12/site-packages/airflow/example_dags/example_params_trigger_ui.py
[2026-08-06T17:41:14.594+0000] {logging_mixin.py:190} INFO - [2026-08-06T17:41:14.594+0000] {dag.py:3239} INFO - Sync 1 DAGs
[2026-08-06T17:41:14.605+0000] {logging_mixin.py:190} INFO - [2026-08-06T17:41:14.605+0000] {dag.py:4180} INFO - Setting next_dagrun for example_params_trigger_ui to None, run_after=None
[2026-08-06T17:41:14.623+0000] {processor.py:208} INFO - Processing /home/airflow/.local/lib/python3.12/site-packages/airflow/example_dags/example_params_trigger_ui.py took 0.082 seconds
[2026-08-06T17:41:45.793+0000] {processor.py:186} INFO - Started process (PID=676) to work on /home/airflow/.local/lib/python3.12/site-packages/airflow/example_dags/example_params_trigger_ui.py
[2026-08-06T17:41:45.794+0000] {processor.py:914} INFO - Processing file /home/airflow/.local/lib/python3.12/site-packages/airflow/example_dags/example_params_trigger_ui.py for tasks to queue
[2026-08-06T17:41:45.797+0000] {logging_mixin.py:190} INFO - [2026-08-06T17:41:45.796+0000] {dagbag.py:588} INFO - Filling up the DagBag from /home/airflow/.local/lib/python3.12/site-packages/airflow/example_dags/example_params_trigger_ui.py
[2026-08-06T17:41:45.806+0000] {processor.py:925} INFO - DAG(s) 'example_params_trigger_ui' retrieved from /home/airflow/.local/lib/python3.12/site-packages/airflow/example_dags/example_params_trigger_ui.py
[2026-08-06T17:41:45.839+0000] {logging_mixin.py:190} INFO - [2026-08-06T17:41:45.838+0000] {dag.py:3239} INFO - Sync 1 DAGs
[2026-08-06T17:41:45.850+0000] {logging_mixin.py:190} INFO - [2026-08-06T17:41:45.850+0000] {dag.py:4180} INFO - Setting next_dagrun for example_params_trigger_ui to None, run_after=None
[2026-08-06T17:41:45.866+0000] {processor.py:208} INFO - Processing /home/airflow/.local/lib/python3.12/site-packages/airflow/example_dags/example_params_trigger_ui.py took 0.080 seconds
[2026-08-06T17:42:16.941+0000] {processor.py:186} INFO - Started process (PID=740) to work on /home/airflow/.local/lib/python3.12/site-packages/airflow/example_dags/example_params_trigger_ui.py
[2026-08-06T17:42:16.942+0000] {processor.py:914} INFO - Processing file /home/airflow/.local/lib/python3.12/site-packages/airflow/example_dags/example_params_trigger_ui.py for tasks to queue
[2026-08-06T17:42:16.945+0000] {logging_mixin.py:190} INFO - [2026-08-06T17:42:16.945+0000] {dagbag.py:588} INFO - Filling up the DagBag from /home/airflow/.local/lib/python3.12/site-packages/airflow/example_dags/example_params_trigger_ui.py
[2026-08-06T17:42:16.955+0000] {processor.py:925} INFO - DAG(s) 'example_params_trigger_ui' retrieved from /home/airflow/.local/lib/python3.12/site-packages/airflow/example_dags/example_params_trigger_ui.py
[2026-08-06T17:42:16.991+0000] {logging_mixin.py:190} INFO - [2026-08-06T17:42:16.991+0000] {dag.py:3239} INFO - Sync 1 DAGs
[2026-08-06T17:42:17.004+0000] {logging_mixin.py:190} INFO - [2026-08-06T17:42:17.003+0000] {dag.py:4180} INFO - Setting next_dagrun for example_params_trigger_ui to None, run_after=None
[2026-08-06T17:42:17.022+0000] {processor.py:208} INFO - Processing /home/airflow/.local/lib/python3.12/site-packages/airflow/example_dags/example_params_trigger_ui.py took 0.086 seconds
[2026-08-06T17:42:47.554+0000] {processor.py:186} INFO - Started process (PID=804) to work on /home/airflow/.local/lib/python3.12/site-packages/airflow/example_dags/example_params_trigger_ui.py
[2026-08-06T17:42:47.555+0000] {processor.py:914} INFO - Processing file /home/airflow/.local/lib/python3.12/site-packages/airflow/example_dags/example_params_trigger_ui.py for tasks to queue
[2026-08-06T17:42:47.558+0000] {logging_mixin.py:190} INFO - [2026-08-06T17:42:47.558+0000] {dagbag.py:588} INFO - Filling up the DagBag from /home/airflow/.local/lib/python3.12/site-packages/airflow/example_dags/example_params_trigger_ui.py
[2026-08-06T17:42:47.567+0000] {processor.py:925} INFO - DAG(s) 'example_params_trigger_ui' retrieved from /home/airflow/.local/lib/python3.12/site-packages/airflow/example_dags/example_params_trigger_ui.py
[2026-08-06T17:42:47.598+0000] {logging_mixin.py:190} INFO - [2026-08-06T17:42:47.598+0000] {dag.py:3239} INFO - Sync 1 DAGs
[2026-08-06T17:42:47.609+0000] {logging_mixin.py:190} INFO - [2026-08-06T17:42:47.609+0000] {dag.py:4180} INFO - Setting next_dagrun for example_params_trigger_ui to None, run_after=None
[2026-08-06T17:42:47.627+0000] {processor.py:208} INFO - Processing /home/airflow/.local/lib/python3.12/site-packages/airflow/example_dags/example_params_trigger_ui.py took 0.078 seconds
[2026-08-06T17:43:18.678+0000] {processor.py:186} INFO - Started process (PID=867) to work on /home/airflow/.local/lib/python3.12/site-packages/airflow/example_dags/example_params_trigger_ui.py
[2026-08-06T17:43:18.679+0000] {processor.py:914} INFO - Processing file /home/airflow/.local/lib/python3.12/site-packages/airflow/example_dags/example_params_trigger_ui.py for tasks to queue
[2026-08-06T17:43:18.681+0000] {logging_mixin.py:190} INFO - [2026-08-06T17:43:18.681+0000] {dagbag.py:588} INFO - Filling up the DagBag from /home/airflow/.local/lib/python3.12/site-packages/airflow/example_dags/example_params_trigger_ui.py
[2026-08-06T17:43:18.690+0000] {processor.py:925} INFO - DAG(s) 'example_params_trigger_ui' retrieved from /home/airflow/.local/lib/python3.12/site-packages/airflow/example_dags/example_params_trigger_ui.py
[2026-08-06T17:43:18.731+0000] {logging_mixin.py:190} INFO - [2026-08-06T17:43:18.731+0000] {dag.py:3239} INFO - Sync 1 DAGs
[2026-08-06T17:43:18.746+0000] {logging_mixin.py:190} INFO - [2026-08-06T17:43:18.746+0000] {dag.py:4180} INFO - Setting next_dagrun for example_params_trigger_ui to None, run_after=None
[2026-08-06T17:43:18.765+0000] {processor.py:208} INFO - Processing /home/airflow/.local/lib/python3.12/site-packages/airflow/example_dags/example_params_trigger_ui.py took 0.091 seconds
[2026-08-06T17:43:49.750+0000] {processor.py:186} INFO - Started process (PID=931) to work on /home/airflow/.local/lib/python3.12/site-packages/airflow/example_dags/example_params_trigger_ui.py
[2026-08-06T17:43:49.752+0000] {processor.py:914} INFO - Processing file /home/airflow/.local/lib/python3.12/site-packages/airflow/example_dags/example_params_trigger_ui.py for tasks to queue
[2026-08-06T17:43:49.755+0000] {logging_mixin.py:190} INFO - [2026-08-06T17:43:49.754+0000] {dagbag.py:588} INFO - Filling up the DagBag from /home/airflow/.local/lib/python3.12/site-packages/airflow/example_dags/example_params_trigger_ui.py
[2026-08-06T17:43:49.763+0000] {processor.py:925} INFO - DAG(s) 'example_params_trigger_ui' retrieved from /home/airflow/.local/lib/python3.12/site-packages/airflow/example_dags/example_params_trigger_ui.py
[2026-08-06T17:43:49.794+0000] {logging_mixin.py:190} INFO - [2026-08-06T17:43:49.794+0000] {dag.py:3239} INFO - Sync 1 DAGs
[2026-08-06T17:43:49.806+0000] {logging_mixin.py:190} INFO - [2026-08-06T17:43:49.805+0000] {dag.py:4180} INFO - Setting next_dagrun for example_params_trigger_ui to None, run_after=None
[2026-08-06T17:43:49.820+0000] {processor.py:208} INFO - Processing /home/airflow/.local/lib/python3.12/site-packages/airflow/example_dags/example_params_trigger_ui.py took 0.074 seconds
[2026-08-06T17:44:20.243+0000] {processor.py:186} INFO - Started process (PID=995) to work on /home/airflow/.local/lib/python3.12/site-packages/airflow/example_dags/example_params_trigger_ui.py
[2026-08-06T17:44:20.244+0000] {processor.py:914} INFO - Processing file /home/airflow/.local/lib/python3.12/site-packages/airflow/example_dags/example_params_trigger_ui.py for tasks to queue
[2026-08-06T17:44:20.246+0000] {logging_mixin.py:190} INFO - [2026-08-06T17:44:20.246+0000] {dagbag.py:588} INFO - Filling up the DagBag from /home/airflow/.local/lib/python3.12/site-packages/airflow/example_dags/example_params_trigger_ui.py
[2026-08-06T17:44:20.255+0000] {processor.py:925} INFO - DAG(s) 'example_params_trigger_ui' retrieved from /home/airflow/.local/lib/python3.12/site-packages/airflow/example_dags/example_params_trigger_ui.py
[2026-08-06T17:44:20.288+0000] {logging_mixin.py:190} INFO - [2026-08-06T17:44:20.287+0000] {dag.py:3239} INFO - Sync 1 DAGs
[2026-08-06T17:44:20.298+0000] {logging_mixin.py:190} INFO - [2026-08-06T17:44:20.298+0000] {dag.py:4180} INFO - Setting next_dagrun for example_params_trigger_ui to None, run_after=None
[2026-08-06T17:44:20.313+0000] {processor.py:208} INFO - Processing /home/airflow/.local/lib/python3.12/site-packages/airflow/example_dags/example_params_trigger_ui.py took 0.074 seconds
[2026-08-06T17:44:51.367+0000] {processor.py:186} INFO - Started process (PID=1059) to work on /home/airflow/.local/lib/python3.12/site-packages/airflow/example_dags/example_params_trigger_ui.py
[2026-08-06T17:44:51.368+0000] {processor.py:914} INFO - Processing file /home/airflow/.local/lib/python3.12/site-packages/airflow/example_dags/example_params_trigger_ui.py for tasks to queue
[2026-08-06T17:44:51.371+0000] {logging_mixin.py:190} INFO - [2026-08-06T17:44:51.370+0000] {dagbag.py:588} INFO - Filling up the DagBag from /home/airflow/.local/lib/python3.12/site-packages/airflow/example_dags/example_params_trigger_ui.py
[2026-08-06T17:44:51.379+0000] {processor.py:925} INFO - DAG(s) 'example_params_trigger_ui' retrieved from /home/airflow/.local/lib/python3.12/site-packages/airflow/example_dags/example_params_trigger_ui.py
[2026-08-06T17:44:51.408+0000] {logging_mixin.py:190} INFO - [2026-08-06T17:44:51.408+0000] {dag.py:3239} INFO - Sync 1 DAGs
[2026-08-06T17:44:51.418+0000] {logging_mixin.py:190} INFO - [2026-08-06T17:44:51.418+0000] {dag.py:4180} INFO - Setting next_dagrun for example_params_trigger_ui to None, run_after=None
[2026-08-06T17:44:51.434+0000] {processor.py:208} INFO - Processing /home/airflow/.local/lib/python3.12/site-packages/airflow/example_dags/example_params_trigger_ui.py took 0.071 seconds
[2026-08-06T17:45:22.035+0000] {processor.py:186} INFO - Started process (PID=1123) to work on /home/airflow/.local/lib/python3.12/site-packages/airflow/example_dags/example_params_trigger_ui.py
[2026-08-06T17:45:22.036+0000] {processor.py:914} INFO - Processing file /home/airflow/.local/lib/python3.12/site-packages/airflow/example_dags/example_params_trigger_ui.py for tasks to queue
[2026-08-06T17:45:22.038+0000] {logging_mixin.py:190} INFO - [2026-08-06T17:45:22.038+0000] {dagbag.py:588} INFO - Filling up the DagBag from /home/airflow/.local/lib/python3.12/site-packages/airflow/example_dags/example_params_trigger_ui.py
[2026-08-06T17:45:22.048+0000] {processor.py:925} INFO - DAG(s) 'example_params_trigger_ui' retrieved from /home/airflow/.local/lib/python3.12/site-packages/airflow/example_dags/example_params_trigger_ui.py
[2026-08-06T17:45:22.081+0000] {logging_mixin.py:190} INFO - [2026-08-06T17:45:22.080+0000] {dag.py:3239} INFO - Sync 1 DAGs
[2026-08-06T17:45:22.092+0000] {logging_mixin.py:190} INFO - [2026-08-06T17:45:22.092+0000] {dag.py:4180} INFO - Setting next_dagrun for example_params_trigger_ui to None, run_after=None
[2026-08-06T17:45:22.108+0000] {processor.py:208} INFO - Processing /home/airflow/.local/lib/python3.12/site-packages/airflow/example_dags/example_params_trigger_ui.py took 0.078 seconds
[2026-08-06T17:45:53.696+0000] {processor.py:186} INFO - Started process (PID=1188) to work on /home/airflow/.local/lib/python3.12/site-packages/airflow/example_dags/example_params_trigger_ui.py
[2026-08-06T17:45:53.697+0000] {processor.py:914} INFO - Processing file /home/airflow/.local/lib/python3.12/site-packages/airflow/example_dags/example_params_trigger_ui.py for tasks to queue
[2026-08-06T17:45:53.701+0000] {logging_mixin.py:190} INFO - [2026-08-06T17:45:53.701+0000] {dagbag.py:588} INFO - Filling up the DagBag from /home/airflow/.local/lib/python3.12/site-packages/airflow/example_dags/example_params_trigger_ui.py
[2026-08-06T17:45:53.711+0000] {processor.py:925} INFO - DAG(s) 'example_params_trigger_ui' retrieved from /home/airflow/.local/lib/python3.12/site-packages/airflow/example_dags/example_params_trigger_ui.py
[2026-08-06T17:45:53.746+0000] {logging_mixin.py:190} INFO - [2026-08-06T17:45:53.745+0000] {dag.py:3239} INFO - Sync 1 DAGs
[2026-08-06T17:45:53.760+0000] {logging_mixin.py:190} INFO - [2026-08-06T17:45:53.759+0000] {dag.py:4180} INFO - Setting next_dagrun for example_params_trigger_ui to None, run_after=None
[2026-08-06T17:45:53.776+0000] {processor.py:208} INFO - Processing /home/airflow/.local/lib/python3.12/site-packages/airflow/example_dags/example_params_trigger_ui.py took 0.085 seconds
[2026-08-06T17:46:24.968+0000] {processor.py:186} INFO - Started process (PID=1252) to work on /home/airflow/.local/lib/python3.12/site-packages/airflow/example_dags/example_params_trigger_ui.py
[2026-08-06T17:46:24.969+0000] {processor.py:914} INFO - Processing file /home/airflow/.local/lib/python3.12/site-packages/airflow/example_dags/example_params_trigger_ui.py for tasks to queue
[2026-08-06T17:46:24.971+0000] {logging_mixin.py:190} INFO - [2026-08-06T17:46:24.970+0000] {dagbag.py:588} INFO - Filling up the DagBag from /home/airflow/.local/lib/python3.12/site-packages/airflow/example_dags/example_params_trigger_ui.py
[2026-08-06T17:46:24.979+0000] {processor.py:925} INFO - DAG(s) 'example_params_trigger_ui' retrieved from /home/airflow/.local/lib/python3.12/site-packages/airflow/example_dags/example_params_trigger_ui.py
[2026-08-06T17:46:25.009+0000] {logging_mixin.py:190} INFO - [2026-08-06T17:46:25.009+0000] {dag.py:3239} INFO - Sync 1 DAGs
[2026-08-06T17:46:25.021+0000] {logging_mixin.py:190} INFO - [2026-08-06T17:46:25.021+0000] {dag.py:4180} INFO - Setting next_dagrun for example_params_trigger_ui to None, run_after=None
[2026-08-06T17:46:25.037+0000] {processor.py:208} INFO - Processing /home/airflow/.local/lib/python3.12/site-packages/airflow/example_dags/example_params_trigger_ui.py took 0.074 seconds
[2026-08-06T17:46:56.322+0000] {processor.py:186} INFO - Started process (PID=1316) to work on /home/airflow/.local/lib/python3.12/site-packages/airflow/example_dags/example_params_trigger_ui.py
[2026-08-06T17:46:56.323+0000] {processor.py:914} INFO - Processing file /home/airflow/.local/lib/python3.12/site-packages/airflow/example_dags/example_params_trigger_ui.py for tasks to queue
[2026-08-06T17:46:56.326+0000] {logging_mixin.py:190} INFO - [2026-08-06T17:46:56.325+0000] {dagbag.py:588} INFO - Filling up the DagBag from /home/airflow/.local/lib/python3.12/site-packages/airflow/example_dags/example_params_trigger_ui.py
[2026-08-06T17:46:56.335+0000] {processor.py:925} INFO - DAG(s) 'example_params_trigger_ui' retrieved from /home/airflow/.local/lib/python3.12/site-packages/airflow/example_dags/example_params_trigger_ui.py
[2026-08-06T17:46:56.369+0000] {logging_mixin.py:190} INFO - [2026-08-06T17:46:56.369+0000] {dag.py:3239} INFO - Sync 1 DAGs
[2026-08-06T17:46:56.380+0000] {logging_mixin.py:190} INFO - [2026-08-06T17:46:56.380+0000] {dag.py:4180} INFO - Setting next_dagrun for example_params_trigger_ui to None, run_after=None
[2026-08-06T17:46:56.397+0000] {processor.py:208} INFO - Processing /home/airflow/.local/lib/python3.12/site-packages/airflow/example_dags/example_params_trigger_ui.py took 0.079 seconds
[2026-08-06T17:47:27.189+0000] {processor.py:186} INFO - Started process (PID=1380) to work on /home/airflow/.local/lib/python3.12/site-packages/airflow/example_dags/example_params_trigger_ui.py
[2026-08-06T17:47:27.190+0000] {processor.py:914} INFO - Processing file /home/airflow/.local/lib/python3.12/site-packages/airflow/example_dags/example_params_trigger_ui.py for tasks to queue
[2026-08-06T17:47:27.192+0000] {logging_mixin.py:190} INFO - [2026-08-06T17:47:27.192+0000] {dagbag.py:588} INFO - Filling up the DagBag from /home/airflow/.local/lib/python3.12/site-packages/airflow/example_dags/example_params_trigger_ui.py
[2026-08-06T17:47:27.202+0000] {processor.py:925} INFO - DAG(s) 'example_params_trigger_ui' retrieved from /home/airflow/.local/lib/python3.12/site-packages/airflow/example_dags/example_params_trigger_ui.py
[2026-08-06T17:47:27.235+0000] {logging_mixin.py:190} INFO - [2026-08-06T17:47:27.235+0000] {dag.py:3239} INFO - Sync 1 DAGs
[2026-08-06T17:47:27.248+0000] {logging_mixin.py:190} INFO - [2026-08-06T17:47:27.248+0000] {dag.py:4180} INFO - Setting next_dagrun for example_params_trigger_ui to None, run_after=None
[2026-08-06T17:47:27.267+0000] {processor.py:208} INFO - Processing /home/airflow/.local/lib/python3.12/site-packages/airflow/example_dags/example_params_trigger_ui.py took 0.083 seconds
[2026-08-06T17:47:58.081+0000] {processor.py:186} INFO - Started process (PID=1444) to work on /home/airflow/.local/lib/python3.12/site-packages/airflow/example_dags/example_params_trigger_ui.py
[2026-08-06T17:47:58.082+0000] {processor.py:914} INFO - Processing file /home/airflow/.local/lib/python3.12/site-packages/airflow/example_dags/example_params_trigger_ui.py for tasks to queue
[2026-08-06T17:47:58.084+0000] {logging_mixin.py:190} INFO - [2026-08-06T17:47:58.084+0000] {dagbag.py:588} INFO - Filling up the DagBag from /home/airflow/.local/lib/python3.12/site-packages/airflow/example_dags/example_params_trigger_ui.py
[2026-08-06T17:47:58.095+0000] {processor.py:925} INFO - DAG(s) 'example_params_trigger_ui' retrieved from /home/airflow/.local/lib/python3.12/site-packages/airflow/example_dags/example_params_trigger_ui.py
[2026-08-06T17:47:58.131+0000] {logging_mixin.py:190} INFO - [2026-08-06T17:47:58.130+0000] {dag.py:3239} INFO - Sync 1 DAGs
[2026-08-06T17:47:58.142+0000] {logging_mixin.py:190} INFO - [2026-08-06T17:47:58.142+0000] {dag.py:4180} INFO - Setting next_dagrun for example_params_trigger_ui to None, run_after=None
[2026-08-06T17:47:58.159+0000] {processor.py:208} INFO - Processing /home/airflow/.local/lib/python3.12/site-packages/airflow/example_dags/example_params_trigger_ui.py took 0.083 seconds
[2026-08-06T17:48:29.259+0000] {processor.py:186} INFO - Started process (PID=1507) to work on /home/airflow/.local/lib/python3.12/site-packages/airflow/example_dags/example_params_trigger_ui.py
[2026-08-06T17:48:29.260+0000] {processor.py:914} INFO - Processing file /home/airflow/.local/lib/python3.12/site-packages/airflow/example_dags/example_params_trigger_ui.py for tasks to queue
[2026-08-06T17:48:29.262+0000] {logging_mixin.py:190} INFO - [2026-08-06T17:48:29.262+0000] {dagbag.py:588} INFO - Filling up the DagBag from /home/airflow/.local/lib/python3.12/site-packages/airflow/example_dags/example_params_trigger_ui.py
[2026-08-06T17:48:29.273+0000] {processor.py:925} INFO - DAG(s) 'example_params_trigger_ui' retrieved from /home/airflow/.local/lib/python3.12/site-packages/airflow/example_dags/example_params_trigger_ui.py
[2026-08-06T17:48:29.309+0000] {logging_mixin.py:190} INFO - [2026-08-06T17:48:29.309+0000] {dag.py:3239} INFO - Sync 1 DAGs
[2026-08-06T17:48:29.325+0000] {logging_mixin.py:190} INFO - [2026-08-06T17:48:29.324+0000] {dag.py:4180} INFO - Setting next_dagrun for example_params_trigger_ui to None, run_after=None
[2026-08-06T17:48:29.351+0000] {processor.py:208} INFO - Processing /home/airflow/.local/lib/python3.12/site-packages/airflow/example_dags/example_params_trigger_ui.py took 0.098 seconds
[2026-08-06T17:49:00.402+0000] {processor.py:186} INFO - Started process (PID=1571) to work on /home/airflow/.local/lib/python3.12/site-packages/airflow/example_dags/example_params_trigger_ui.py
[2026-08-06T17:49:00.403+0000] {processor.py:914} INFO - Processing file /home/airflow/.local/lib/python3.12/site-packages/airflow/example_dags/example_params_trigger_ui.py for tasks to queue
[2026-08-06T17:49:00.405+0000] {logging_mixin.py:190} INFO - [2026-08-06T17:49:00.405+0000] {dagbag.py:588} INFO - Filling up the DagBag from /home/airflow/.local/lib/python3.12/site-packages/airflow/example_dags/example_params_trigger_ui.py
[2026-08-06T17:49:00.415+0000] {processor.py:925} INFO - DAG(s) 'example_params_trigger_ui' retrieved from /home/airflow/.local/lib/python3.12/site-packages/airflow/example_dags/example_params_trigger_ui.py
[2026-08-06T17:49:00.453+0000] {logging_mixin.py:190} INFO - [2026-08-06T17:49:00.453+0000] {dag.py:3239} INFO - Sync 1 DAGs
[2026-08-06T17:49:00.467+0000] {logging_mixin.py:190} INFO - [2026-08-06T17:49:00.467+0000] {dag.py:4180} INFO - Setting next_dagrun for example_params_trigger_ui to None, run_after=None
[2026-08-06T17:49:00.489+0000] {processor.py:208} INFO - Processing /home/airflow/.local/lib/python3.12/site-packages/airflow/example_dags/example_params_trigger_ui.py took 0.091 seconds
[2026-08-06T17:49:31.816+0000] {processor.py:186} INFO - Started process (PID=1635) to work on /home/airflow/.local/lib/python3.12/site-packages/airflow/example_dags/example_params_trigger_ui.py
[2026-08-06T17:49:31.817+0000] {processor.py:914} INFO - Processing file /home/airflow/.local/lib/python3.12/site-packages/airflow/example_dags/example_params_trigger_ui.py for tasks to queue
[2026-08-06T17:49:31.820+0000] {logging_mixin.py:190} INFO - [2026-08-06T17:49:31.819+0000] {dagbag.py:588} INFO - Filling up the DagBag from /home/airflow/.local/lib/python3.12/site-packages/airflow/example_dags/example_params_trigger_ui.py
[2026-08-06T17:49:31.830+0000] {processor.py:925} INFO - DAG(s) 'example_params_trigger_ui' retrieved from /home/airflow/.local/lib/python3.12/site-packages/airflow/example_dags/example_params_trigger_ui.py
[2026-08-06T17:49:31.868+0000] {logging_mixin.py:190} INFO - [2026-08-06T17:49:31.868+0000] {dag.py:3239} INFO - Sync 1 DAGs
[2026-08-06T17:49:31.882+0000] {logging_mixin.py:190} INFO - [2026-08-06T17:49:31.881+0000] {dag.py:4180} INFO - Setting next_dagrun for example_params_trigger_ui to None, run_after=None
[2026-08-06T17:49:31.901+0000] {processor.py:208} INFO - Processing /home/airflow/.local/lib/python3.12/site-packages/airflow/example_dags/example_params_trigger_ui.py took 0.090 seconds
[2026-08-06T17:50:03.251+0000] {processor.py:186} INFO - Started process (PID=1699) to work on /home/airflow/.local/lib/python3.12/site-packages/airflow/example_dags/example_params_trigger_ui.py
[2026-08-06T17:50:03.252+0000] {processor.py:914} INFO - Processing file /home/airflow/.local/lib/python3.12/site-packages/airflow/example_dags/example_params_trigger_ui.py for tasks to queue
[2026-08-06T17:50:03.255+0000] {logging_mixin.py:190} INFO - [2026-08-06T17:50:03.254+0000] {dagbag.py:588} INFO - Filling up the DagBag from /home/airflow/.local/lib/python3.12/site-packages/airflow/example_dags/example_params_trigger_ui.py
[2026-08-06T17:50:03.267+0000] {processor.py:925} INFO - DAG(s) 'example_params_trigger_ui' retrieved from /home/airflow/.local/lib/python3.12/site-packages/airflow/example_dags/example_params_trigger_ui.py
[2026-08-06T17:50:03.319+0000] {logging_mixin.py:190} INFO - [2026-08-06T17:50:03.319+0000] {dag.py:3239} INFO - Sync 1 DAGs
[2026-08-06T17:50:03.331+0000] {logging_mixin.py:190} INFO - [2026-08-06T17:50:03.331+0000] {dag.py:4180} INFO - Setting next_dagrun for example_params_trigger_ui to None, run_after=None
[2026-08-06T17:50:03.355+0000] {processor.py:208} INFO - Processing /home/airflow/.local/lib/python3.12/site-packages/airflow/example_dags/example_params_trigger_ui.py took 0.108 seconds
[2026-08-06T17:50:34.644+0000] {processor.py:186} INFO - Started process (PID=1770) to work on /home/airflow/.local/lib/python3.12/site-packages/airflow/example_dags/example_params_trigger_ui.py
[2026-08-06T17:50:34.645+0000] {processor.py:914} INFO - Processing file /home/airflow/.local/lib/python3.12/site-packages/airflow/example_dags/example_params_trigger_ui.py for tasks to queue
[2026-08-06T17:50:34.647+0000] {logging_mixin.py:190} INFO - [2026-08-06T17:50:34.647+0000] {dagbag.py:588} INFO - Filling up the DagBag from /home/airflow/.local/lib/python3.12/site-packages/airflow/example_dags/example_params_trigger_ui.py
[2026-08-06T17:50:34.659+0000] {processor.py:925} INFO - DAG(s) 'example_params_trigger_ui' retrieved from /home/airflow/.local/lib/python3.12/site-packages/airflow/example_dags/example_params_trigger_ui.py
[2026-08-06T17:50:34.700+0000] {logging_mixin.py:190} INFO - [2026-08-06T17:50:34.700+0000] {dag.py:3239} INFO - Sync 1 DAGs
[2026-08-06T17:50:34.713+0000] {logging_mixin.py:190} INFO - [2026-08-06T17:50:34.713+0000] {dag.py:4180} INFO - Setting next_dagrun for example_params_trigger_ui to None, run_after=None
[2026-08-06T17:50:34.735+0000] {processor.py:208} INFO - Processing /home/airflow/.local/lib/python3.12/site-packages/airflow/example_dags/example_params_trigger_ui.py took 0.097 seconds
[2026-08-06T17:51:05.626+0000] {processor.py:186} INFO - Started process (PID=1834) to work on /home/airflow/.local/lib/python3.12/site-packages/airflow/example_dags/example_params_trigger_ui.py
[2026-08-06T17:51:05.627+0000] {processor.py:914} INFO - Processing file /home/airflow/.local/lib/python3.12/site-packages/airflow/example_dags/example_params_trigger_ui.py for tasks to queue
[2026-08-06T17:51:05.630+0000] {logging_mixin.py:190} INFO - [2026-08-06T17:51:05.630+0000] {dagbag.py:588} INFO - Filling up the DagBag from /home/airflow/.local/lib/python3.12/site-packages/airflow/example_dags/example_params_trigger_ui.py
[2026-08-06T17:51:05.638+0000] {processor.py:925} INFO - DAG(s) 'example_params_trigger_ui' retrieved from /home/airflow/.local/lib/python3.12/site-packages/airflow/example_dags/example_params_trigger_ui.py
[2026-08-06T17:51:05.671+0000] {logging_mixin.py:190} INFO - [2026-08-06T17:51:05.671+0000] {dag.py:3239} INFO - Sync 1 DAGs
[2026-08-06T17:51:05.683+0000] {logging_mixin.py:190} INFO - [2026-08-06T17:51:05.683+0000] {dag.py:4180} INFO - Setting next_dagrun for example_params_trigger_ui to None, run_after=None
[2026-08-06T17:51:05.699+0000] {processor.py:208} INFO - Processing /home/airflow/.local/lib/python3.12/site-packages/airflow/example_dags/example_params_trigger_ui.py took 0.078 seconds
[2026-08-06T17:51:37.364+0000] {processor.py:186} INFO - Started process (PID=1899) to work on /home/airflow/.local/lib/python3.12/site-packages/airflow/example_dags/example_params_trigger_ui.py
[2026-08-06T17:51:37.365+0000] {processor.py:914} INFO - Processing file /home/airflow/.local/lib/python3.12/site-packages/airflow/example_dags/example_params_trigger_ui.py for tasks to queue
[2026-08-06T17:51:37.367+0000] {logging_mixin.py:190} INFO - [2026-08-06T17:51:37.367+0000] {dagbag.py:588} INFO - Filling up the DagBag from /home/airflow/.local/lib/python3.12/site-packages/airflow/example_dags/example_params_trigger_ui.py
[2026-08-06T17:51:37.376+0000] {processor.py:925} INFO - DAG(s) 'example_params_trigger_ui' retrieved from /home/airflow/.local/lib/python3.12/site-packages/airflow/example_dags/example_params_trigger_ui.py
[2026-08-06T17:51:37.408+0000] {logging_mixin.py:190} INFO - [2026-08-06T17:51:37.408+0000] {dag.py:3239} INFO - Sync 1 DAGs
[2026-08-06T17:51:37.419+0000] {logging_mixin.py:190} INFO - [2026-08-06T17:51:37.419+0000] {dag.py:4180} INFO - Setting next_dagrun for example_params_trigger_ui to None, run_after=None
[2026-08-06T17:51:37.434+0000] {processor.py:208} INFO - Processing /home/airflow/.local/lib/python3.12/site-packages/airflow/example_dags/example_params_trigger_ui.py took 0.074 seconds
[2026-08-06T17:52:08.139+0000] {processor.py:186} INFO - Started process (PID=1963) to work on /home/airflow/.local/lib/python3.12/site-packages/airflow/example_dags/example_params_trigger_ui.py
[2026-08-06T17:52:08.140+0000] {processor.py:914} INFO - Processing file /home/airflow/.local/lib/python3.12/site-packages/airflow/example_dags/example_params_trigger_ui.py for tasks to queue
[2026-08-06T17:52:08.143+0000] {logging_mixin.py:190} INFO - [2026-08-06T17:52:08.143+0000] {dagbag.py:588} INFO - Filling up the DagBag from /home/airflow/.local/lib/python3.12/site-packages/airflow/example_dags/example_params_trigger_ui.py
[2026-08-06T17:52:08.153+0000] {processor.py:925} INFO - DAG(s) 'example_params_trigger_ui' retrieved from /home/airflow/.local/lib/python3.12/site-packages/airflow/example_dags/example_params_trigger_ui.py
[2026-08-06T17:52:08.192+0000] {logging_mixin.py:190} INFO - [2026-08-06T17:52:08.192+0000] {dag.py:3239} INFO - Sync 1 DAGs
[2026-08-06T17:52:08.203+0000] {logging_mixin.py:190} INFO - [2026-08-06T17:52:08.203+0000] {dag.py:4180} INFO - Setting next_dagrun for example_params_trigger_ui to None, run_after=None
[2026-08-06T17:52:08.219+0000] {processor.py:208} INFO - Processing /home/airflow/.local/lib/python3.12/site-packages/airflow/example_dags/example_params_trigger_ui.py took 0.085 seconds
[2026-08-06T17:52:39.262+0000] {processor.py:186} INFO - Started process (PID=2026) to work on /home/airflow/.local/lib/python3.12/site-packages/airflow/example_dags/example_params_trigger_ui.py
[2026-08-06T17:52:39.264+0000] {processor.py:914} INFO - Processing file /home/airflow/.local/lib/python3.12/site-packages/airflow/example_dags/example_params_trigger_ui.py for tasks to queue
[2026-08-06T17:52:39.266+0000] {logging_mixin.py:190} INFO - [2026-08-06T17:52:39.266+0000] {dagbag.py:588} INFO - Filling up the DagBag from /home/airflow/.local/lib/python3.12/site-packages/airflow/example_dags/example_params_trigger_ui.py
[2026-08-06T17:52:39.276+0000] {processor.py:925} INFO - DAG(s) 'example_params_trigger_ui' retrieved from /home/airflow/.local/lib/python3.12/site-packages/airflow/example_dags/example_params_trigger_ui.py
[2026-08-06T17:52:39.308+0000] {logging_mixin.py:190} INFO - [2026-08-06T17:52:39.308+0000] {dag.py:3239} INFO - Sync 1 DAGs
[2026-08-06T17:52:39.320+0000] {logging_mixin.py:190} INFO - [2026-08-06T17:52:39.320+0000] {dag.py:4180} INFO - Setting next_dagrun for example_params_trigger_ui to None, run_after=None
[2026-08-06T17:52:39.339+0000] {processor.py:208} INFO - Processing /home/airflow/.local/lib/python3.12/site-packages/airflow/example_dags/example_params_trigger_ui.py took 0.081 seconds
[2026-08-06T17:53:10.475+0000] {processor.py:186} INFO - Started process (PID=2090) to work on /home/airflow/.local/lib/python3.12/site-packages/airflow/example_dags/example_params_trigger_ui.py
[2026-08-06T17:53:10.476+0000] {processor.py:914} INFO - Processing file /home/airflow/.local/lib/python3.12/site-packages/airflow/example_dags/example_params_trigger_ui.py for tasks to queue
[2026-08-06T17:53:10.478+0000] {logging_mixin.py:190} INFO - [2026-08-06T17:53:10.478+0000] {dagbag.py:588} INFO - Filling up the DagBag from /home/airflow/.local/lib/python3.12/site-packages/airflow/example_dags/example_params_trigger_ui.py
[2026-08-06T17:53:10.488+0000] {processor.py:925} INFO - DAG(s) 'example_params_trigger_ui' retrieved from /home/airflow/.local/lib/python3.12/site-packages/airflow/example_dags/example_params_trigger_ui.py
[2026-08-06T17:53:10.526+0000] {logging_mixin.py:190} INFO - [2026-08-06T17:53:10.526+0000] {dag.py:3239} INFO - Sync 1 DAGs
[2026-08-06T17:53:10.539+0000] {logging_mixin.py:190} INFO - [2026-08-06T17:53:10.539+0000] {dag.py:4180} INFO - Setting next_dagrun for example_params_trigger_ui to None, run_after=None
[2026-08-06T17:53:10.560+0000] {processor.py:208} INFO - Processing /home/airflow/.local/lib/python3.12/site-packages/airflow/example_dags/example_params_trigger_ui.py took 0.091 seconds
[2026-08-06T17:53:41.852+0000] {processor.py:186} INFO - Started process (PID=2154) to work on /home/airflow/.local/lib/python3.12/site-packages/airflow/example_dags/example_params_trigger_ui.py
[2026-08-06T17:53:41.853+0000] {processor.py:914} INFO - Processing file /home/airflow/.local/lib/python3.12/site-packages/airflow/example_dags/example_params_trigger_ui.py for tasks to queue
[2026-08-06T17:53:41.855+0000] {logging_mixin.py:190} INFO - [2026-08-06T17:53:41.855+0000] {dagbag.py:588} INFO - Filling up the DagBag from /home/airflow/.local/lib/python3.12/site-packages/airflow/example_dags/example_params_trigger_ui.py
[2026-08-06T17:53:41.869+0000] {processor.py:925} INFO - DAG(s) 'example_params_trigger_ui' retrieved from /home/airflow/.local/lib/python3.12/site-packages/airflow/example_dags/example_params_trigger_ui.py
[2026-08-06T17:53:41.913+0000] {logging_mixin.py:190} INFO - [2026-08-06T17:53:41.912+0000] {dag.py:3239} INFO - Sync 1 DAGs
[2026-08-06T17:53:41.927+0000] {logging_mixin.py:190} INFO - [2026-08-06T17:53:41.927+0000] {dag.py:4180} INFO - Setting next_dagrun for example_params_trigger_ui to None, run_after=None
[2026-08-06T17:53:41.953+0000] {processor.py:208} INFO - Processing /home/airflow/.local/lib/python3.12/site-packages/airflow/example_dags/example_params_trigger_ui.py took 0.107 seconds
[2026-08-06T17:54:13.006+0000] {processor.py:186} INFO - Started process (PID=2218) to work on /home/airflow/.local/lib/python3.12/site-packages/airflow/example_dags/example_params_trigger_ui.py
[2026-08-06T17:54:13.008+0000] {processor.py:914} INFO - Processing file /home/airflow/.local/lib/python3.12/site-packages/airflow/example_dags/example_params_trigger_ui.py for tasks to queue
[2026-08-06T17:54:13.012+0000] {logging_mixin.py:190} INFO - [2026-08-06T17:54:13.012+0000] {dagbag.py:588} INFO - Filling up the DagBag from /home/airflow/.local/lib/python3.12/site-packages/airflow/example_dags/example_params_trigger_ui.py
[2026-08-06T17:54:13.024+0000] {processor.py:925} INFO - DAG(s) 'example_params_trigger_ui' retrieved from /home/airflow/.local/lib/python3.12/site-packages/airflow/example_dags/example_params_trigger_ui.py
[2026-08-06T17:54:13.066+0000] {logging_mixin.py:190} INFO - [2026-08-06T17:54:13.066+0000] {dag.py:3239} INFO - Sync 1 DAGs
[2026-08-06T17:54:13.080+0000] {logging_mixin.py:190} INFO - [2026-08-06T17:54:13.079+0000] {dag.py:4180} INFO - Setting next_dagrun for example_params_trigger_ui to None, run_after=None
[2026-08-06T17:54:13.103+0000] {processor.py:208} INFO - Processing /home/airflow/.local/lib/python3.12/site-packages/airflow/example_dags/example_params_trigger_ui.py took 0.103 seconds
[2026-08-06T17:54:44.238+0000] {processor.py:186} INFO - Started process (PID=2282) to work on /home/airflow/.local/lib/python3.12/site-packages/airflow/example_dags/example_params_trigger_ui.py
[2026-08-06T17:54:44.239+0000] {processor.py:914} INFO - Processing file /home/airflow/.local/lib/python3.12/site-packages/airflow/example_dags/example_params_trigger_ui.py for tasks to queue
[2026-08-06T17:54:44.242+0000] {logging_mixin.py:190} INFO - [2026-08-06T17:54:44.241+0000] {dagbag.py:588} INFO - Filling up the DagBag from /home/airflow/.local/lib/python3.12/site-packages/airflow/example_dags/example_params_trigger_ui.py
[2026-08-06T17:54:44.251+0000] {processor.py:925} INFO - DAG(s) 'example_params_trigger_ui' retrieved from /home/airflow/.local/lib/python3.12/site-packages/airflow/example_dags/example_params_trigger_ui.py
[2026-08-06T17:54:44.291+0000] {logging_mixin.py:190} INFO - [2026-08-06T17:54:44.291+0000] {dag.py:3239} INFO - Sync 1 DAGs
[2026-08-06T17:54:44.303+0000] {logging_mixin.py:190} INFO - [2026-08-06T17:54:44.303+0000] {dag.py:4180} INFO - Setting next_dagrun for example_params_trigger_ui to None, run_after=None
[2026-08-06T17:54:44.321+0000] {processor.py:208} INFO - Processing /home/airflow/.local/lib/python3.12/site-packages/airflow/example_dags/example_params_trigger_ui.py took 0.089 seconds
[2026-08-06T17:55:15.062+0000] {processor.py:186} INFO - Started process (PID=2346) to work on /home/airflow/.local/lib/python3.12/site-packages/airflow/example_dags/example_params_trigger_ui.py
[2026-08-06T17:55:15.063+0000] {processor.py:914} INFO - Processing file /home/airflow/.local/lib/python3.12/site-packages/airflow/example_dags/example_params_trigger_ui.py for tasks to queue
[2026-08-06T17:55:15.065+0000] {logging_mixin.py:190} INFO - [2026-08-06T17:55:15.065+0000] {dagbag.py:588} INFO - Filling up the DagBag from /home/airflow/.local/lib/python3.12/site-packages/airflow/example_dags/example_params_trigger_ui.py
[2026-08-06T17:55:15.075+0000] {processor.py:925} INFO - DAG(s) 'example_params_trigger_ui' retrieved from /home/airflow/.local/lib/python3.12/site-packages/airflow/example_dags/example_params_trigger_ui.py
[2026-08-06T17:55:15.107+0000] {logging_mixin.py:190} INFO - [2026-08-06T17:55:15.106+0000] {dag.py:3239} INFO - Sync 1 DAGs
[2026-08-06T17:55:15.117+0000] {logging_mixin.py:190} INFO - [2026-08-06T17:55:15.117+0000] {dag.py:4180} INFO - Setting next_dagrun for example_params_trigger_ui to None, run_after=None
[2026-08-06T17:55:15.136+0000] {processor.py:208} INFO - Processing /home/airflow/.local/lib/python3.12/site-packages/airflow/example_dags/example_params_trigger_ui.py took 0.079 seconds
[2026-08-06T17:55:45.972+0000] {processor.py:186} INFO - Started process (PID=2410) to work on /home/airflow/.local/lib/python3.12/site-packages/airflow/example_dags/example_params_trigger_ui.py
[2026-08-06T17:55:45.973+0000] {processor.py:914} INFO - Processing file /home/airflow/.local/lib/python3.12/site-packages/airflow/example_dags/example_params_trigger_ui.py for tasks to queue
[2026-08-06T17:55:45.976+0000] {logging_mixin.py:190} INFO - [2026-08-06T17:55:45.975+0000] {dagbag.py:588} INFO - Filling up the DagBag from /home/airflow/.local/lib/python3.12/site-packages/airflow/example_dags/example_params_trigger_ui.py
[2026-08-06T17:55:45.985+0000] {processor.py:925} INFO - DAG(s) 'example_params_trigger_ui' retrieved from /home/airflow/.local/lib/python3.12/site-packages/airflow/example_dags/example_params_trigger_ui.py
[2026-08-06T17:55:46.022+0000] {logging_mixin.py:190} INFO - [2026-08-06T17:55:46.022+0000] {dag.py:3239} INFO - Sync 1 DAGs
[2026-08-06T17:55:46.034+0000] {logging_mixin.py:190} INFO - [2026-08-06T17:55:46.034+0000] {dag.py:4180} INFO - Setting next_dagrun for example_params_trigger_ui to None, run_after=None
[2026-08-06T17:55:46.054+0000] {processor.py:208} INFO - Processing /home/airflow/.local/lib/python3.12/site-packages/airflow/example_dags/example_params_trigger_ui.py took 0.086 seconds
[2026-08-06T17:56:17.180+0000] {processor.py:186} INFO - Started process (PID=2474) to work on /home/airflow/.local/lib/python3.12/site-packages/airflow/example_dags/example_params_trigger_ui.py
[2026-08-06T17:56:17.181+0000] {processor.py:914} INFO - Processing file /home/airflow/.local/lib/python3.12/site-packages/airflow/example_dags/example_params_trigger_ui.py for tasks to queue
[2026-08-06T17:56:17.184+0000] {logging_mixin.py:190} INFO - [2026-08-06T17:56:17.183+0000] {dagbag.py:588} INFO - Filling up the DagBag from /home/airflow/.local/lib/python3.12/site-packages/airflow/example_dags/example_params_trigger_ui.py
[2026-08-06T17:56:17.193+0000] {processor.py:925} INFO - DAG(s) 'example_params_trigger_ui' retrieved from /home/airflow/.local/lib/python3.12/site-packages/airflow/example_dags/example_params_trigger_ui.py
[2026-08-06T17:56:17.229+0000] {logging_mixin.py:190} INFO - [2026-08-06T17:56:17.229+0000] {dag.py:3239} INFO - Sync 1 DAGs
[2026-08-06T17:56:17.242+0000] {logging_mixin.py:190} INFO - [2026-08-06T17:56:17.242+0000] {dag.py:4180} INFO - Setting next_dagrun for example_params_trigger_ui to None, run_after=None
[2026-08-06T17:56:17.260+0000] {processor.py:208} INFO - Processing /home/airflow/.local/lib/python3.12/site-packages/airflow/example_dags/example_params_trigger_ui.py took 0.085 seconds
[2026-08-06T17:56:48.204+0000] {processor.py:186} INFO - Started process (PID=2538) to work on /home/airflow/.local/lib/python3.12/site-packages/airflow/example_dags/example_params_trigger_ui.py
[2026-08-06T17:56:48.205+0000] {processor.py:914} INFO - Processing file /home/airflow/.local/lib/python3.12/site-packages/airflow/example_dags/example_params_trigger_ui.py for tasks to queue
[2026-08-06T17:56:48.207+0000] {logging_mixin.py:190} INFO - [2026-08-06T17:56:48.207+0000] {dagbag.py:588} INFO - Filling up the DagBag from /home/airflow/.local/lib/python3.12/site-packages/airflow/example_dags/example_params_trigger_ui.py
[2026-08-06T17:56:48.216+0000] {processor.py:925} INFO - DAG(s) 'example_params_trigger_ui' retrieved from /home/airflow/.local/lib/python3.12/site-packages/airflow/example_dags/example_params_trigger_ui.py
[2026-08-06T17:56:48.249+0000] {logging_mixin.py:190} INFO - [2026-08-06T17:56:48.249+0000] {dag.py:3239} INFO - Sync 1 DAGs
[2026-08-06T17:56:48.259+0000] {logging_mixin.py:190} INFO - [2026-08-06T17:56:48.259+0000] {dag.py:4180} INFO - Setting next_dagrun for example_params_trigger_ui to None, run_after=None
[2026-08-06T17:56:48.276+0000] {processor.py:208} INFO - Processing /home/airflow/.local/lib/python3.12/site-packages/airflow/example_dags/example_params_trigger_ui.py took 0.077 seconds
[2026-08-06T17:57:18.540+0000] {processor.py:186} INFO - Started process (PID=2602) to work on /home/airflow/.local/lib/python3.12/site-packages/airflow/example_dags/example_params_trigger_ui.py
[2026-08-06T17:57:18.541+0000] {processor.py:914} INFO - Processing file /home/airflow/.local/lib/python3.12/site-packages/airflow/example_dags/example_params_trigger_ui.py for tasks to queue
[2026-08-06T17:57:18.543+0000] {logging_mixin.py:190} INFO - [2026-08-06T17:57:18.543+0000] {dagbag.py:588} INFO - Filling up the DagBag from /home/airflow/.local/lib/python3.12/site-packages/airflow/example_dags/example_params_trigger_ui.py
[2026-08-06T17:57:18.554+0000] {processor.py:925} INFO - DAG(s) 'example_params_trigger_ui' retrieved from /home/airflow/.local/lib/python3.12/site-packages/airflow/example_dags/example_params_trigger_ui.py
[2026-08-06T17:57:18.594+0000] {logging_mixin.py:190} INFO - [2026-08-06T17:57:18.593+0000] {dag.py:3239} INFO - Sync 1 DAGs
[2026-08-06T17:57:18.606+0000] {logging_mixin.py:190} INFO - [2026-08-06T17:57:18.606+0000] {dag.py:4180} INFO - Setting next_dagrun for example_params_trigger_ui to None, run_after=None
[2026-08-06T17:57:18.627+0000] {processor.py:208} INFO - Processing /home/airflow/.local/lib/python3.12/site-packages/airflow/example_dags/example_params_trigger_ui.py took 0.093 seconds
[2026-08-06T17:57:50.372+0000] {processor.py:186} INFO - Started process (PID=2666) to work on /home/airflow/.local/lib/python3.12/site-packages/airflow/example_dags/example_params_trigger_ui.py
[2026-08-06T17:57:50.374+0000] {processor.py:914} INFO - Processing file /home/airflow/.local/lib/python3.12/site-packages/airflow/example_dags/example_params_trigger_ui.py for tasks to queue
[2026-08-06T17:57:50.376+0000] {logging_mixin.py:190} INFO - [2026-08-06T17:57:50.375+0000] {dagbag.py:588} INFO - Filling up the DagBag from /home/airflow/.local/lib/python3.12/site-packages/airflow/example_dags/example_params_trigger_ui.py
[2026-08-06T17:57:50.386+0000] {processor.py:925} INFO - DAG(s) 'example_params_trigger_ui' retrieved from /home/airflow/.local/lib/python3.12/site-packages/airflow/example_dags/example_params_trigger_ui.py
[2026-08-06T17:57:50.428+0000] {logging_mixin.py:190} INFO - [2026-08-06T17:57:50.428+0000] {dag.py:3239} INFO - Sync 1 DAGs
[2026-08-06T17:57:50.442+0000] {logging_mixin.py:190} INFO - [2026-08-06T17:57:50.441+0000] {dag.py:4180} INFO - Setting next_dagrun for example_params_trigger_ui to None, run_after=None
[2026-08-06T17:57:50.463+0000] {processor.py:208} INFO - Processing /home/airflow/.local/lib/python3.12/site-packages/airflow/example_dags/example_params_trigger_ui.py took 0.096 seconds
[2026-08-06T17:58:21.333+0000] {processor.py:186} INFO - Started process (PID=2730) to work on /home/airflow/.local/lib/python3.12/site-packages/airflow/example_dags/example_params_trigger_ui.py
[2026-08-06T17:58:21.335+0000] {processor.py:914} INFO - Processing file /home/airflow/.local/lib/python3.12/site-packages/airflow/example_dags/example_params_trigger_ui.py for tasks to queue
[2026-08-06T17:58:21.338+0000] {logging_mixin.py:190} INFO - [2026-08-06T17:58:21.337+0000] {dagbag.py:588} INFO - Filling up the DagBag from /home/airflow/.local/lib/python3.12/site-packages/airflow/example_dags/example_params_trigger_ui.py
[2026-08-06T17:58:21.348+0000] {processor.py:925} INFO - DAG(s) 'example_params_trigger_ui' retrieved from /home/airflow/.local/lib/python3.12/site-packages/airflow/example_dags/example_params_trigger_ui.py
[2026-08-06T17:58:21.380+0000] {logging_mixin.py:190} INFO - [2026-08-06T17:58:21.380+0000] {dag.py:3239} INFO - Sync 1 DAGs
[2026-08-06T17:58:21.392+0000] {logging_mixin.py:190} INFO - [2026-08-06T17:58:21.392+0000] {dag.py:4180} INFO - Setting next_dagrun for example_params_trigger_ui to None, run_after=None
[2026-08-06T17:58:21.410+0000] {processor.py:208} INFO - Processing /home/airflow/.local/lib/python3.12/site-packages/airflow/example_dags/example_params_trigger_ui.py took 0.081 seconds
[2026-08-06T17:58:52.615+0000] {processor.py:186} INFO - Started process (PID=2794) to work on /home/airflow/.local/lib/python3.12/site-packages/airflow/example_dags/example_params_trigger_ui.py
[2026-08-06T17:58:52.617+0000] {processor.py:914} INFO - Processing file /home/airflow/.local/lib/python3.12/site-packages/airflow/example_dags/example_params_trigger_ui.py for tasks to queue
[2026-08-06T17:58:52.619+0000] {logging_mixin.py:190} INFO - [2026-08-06T17:58:52.619+0000] {dagbag.py:588} INFO - Filling up the DagBag from /home/airflow/.local/lib/python3.12/site-packages/airflow/example_dags/example_params_trigger_ui.py
[2026-08-06T17:58:52.629+0000] {processor.py:925} INFO - DAG(s) 'example_params_trigger_ui' retrieved from /home/airflow/.local/lib/python3.12/site-packages/airflow/example_dags/example_params_trigger_ui.py
[2026-08-06T17:58:52.665+0000] {logging_mixin.py:190} INFO - [2026-08-06T17:58:52.664+0000] {dag.py:3239} INFO - Sync 1 DAGs
[2026-08-06T17:58:52.679+0000] {logging_mixin.py:190} INFO - [2026-08-06T17:58:52.679+0000] {dag.py:4180} INFO - Setting next_dagrun for example_params_trigger_ui to None, run_after=None
[2026-08-06T17:58:52.701+0000] {processor.py:208} INFO - Processing /home/airflow/.local/lib/python3.12/site-packages/airflow/example_dags/example_params_trigger_ui.py took 0.091 seconds
[2026-08-06T17:59:23.660+0000] {processor.py:186} INFO - Started process (PID=2858) to work on /home/airflow/.local/lib/python3.12/site-packages/airflow/example_dags/example_params_trigger_ui.py
[2026-08-06T17:59:23.661+0000] {processor.py:914} INFO - Processing file /home/airflow/.local/lib/python3.12/site-packages/airflow/example_dags/example_params_trigger_ui.py for tasks to queue
[2026-08-06T17:59:23.663+0000] {logging_mixin.py:190} INFO - [2026-08-06T17:59:23.663+0000] {dagbag.py:588} INFO - Filling up the DagBag from /home/airflow/.local/lib/python3.12/site-packages/airflow/example_dags/example_params_trigger_ui.py
[2026-08-06T17:59:23.672+0000] {processor.py:925} INFO - DAG(s) 'example_params_trigger_ui' retrieved from /home/airflow/.local/lib/python3.12/site-packages/airflow/example_dags/example_params_trigger_ui.py
[2026-08-06T17:59:23.718+0000] {logging_mixin.py:190} INFO - [2026-08-06T17:59:23.718+0000] {dag.py:3239} INFO - Sync 1 DAGs
[2026-08-06T17:59:23.736+0000] {logging_mixin.py:190} INFO - [2026-08-06T17:59:23.736+0000] {dag.py:4180} INFO - Setting next_dagrun for example_params_trigger_ui to None, run_after=None
[2026-08-06T17:59:23.759+0000] {processor.py:208} INFO - Processing /home/airflow/.local/lib/python3.12/site-packages/airflow/example_dags/example_params_trigger_ui.py took 0.105 seconds
[2026-08-06T17:59:54.564+0000] {processor.py:186} INFO - Started process (PID=2922) to work on /home/airflow/.local/lib/python3.12/site-packages/airflow/example_dags/example_params_trigger_ui.py
[2026-08-06T17:59:54.565+0000] {processor.py:914} INFO - Processing file /home/airflow/.local/lib/python3.12/site-packages/airflow/example_dags/example_params_trigger_ui.py for tasks to queue
[2026-08-06T17:59:54.567+0000] {logging_mixin.py:190} INFO - [2026-08-06T17:59:54.567+0000] {dagbag.py:588} INFO - Filling up the DagBag from /home/airflow/.local/lib/python3.12/site-packages/airflow/example_dags/example_params_trigger_ui.py
[2026-08-06T17:59:54.576+0000] {processor.py:925} INFO - DAG(s) 'example_params_trigger_ui' retrieved from /home/airflow/.local/lib/python3.12/site-packages/airflow/example_dags/example_params_trigger_ui.py
[2026-08-06T17:59:54.614+0000] {logging_mixin.py:190} INFO - [2026-08-06T17:59:54.614+0000] {dag.py:3239} INFO - Sync 1 DAGs
[2026-08-06T17:59:54.632+0000] {logging_mixin.py:190} INFO - [2026-08-06T17:59:54.631+0000] {dag.py:4180} INFO - Setting next_dagrun for example_params_trigger_ui to None, run_after=None
[2026-08-06T17:59:54.651+0000] {processor.py:208} INFO - Processing /home/airflow/.local/lib/python3.12/site-packages/airflow/example_dags/example_params_trigger_ui.py took 0.092 seconds
[2026-08-06T18:00:25.710+0000] {processor.py:186} INFO - Started process (PID=2986) to work on /home/airflow/.local/lib/python3.12/site-packages/airflow/example_dags/example_params_trigger_ui.py
[2026-08-06T18:00:25.711+0000] {processor.py:914} INFO - Processing file /home/airflow/.local/lib/python3.12/site-packages/airflow/example_dags/example_params_trigger_ui.py for tasks to queue
[2026-08-06T18:00:25.713+0000] {logging_mixin.py:190} INFO - [2026-08-06T18:00:25.713+0000] {dagbag.py:588} INFO - Filling up the DagBag from /home/airflow/.local/lib/python3.12/site-packages/airflow/example_dags/example_params_trigger_ui.py
[2026-08-06T18:00:25.725+0000] {processor.py:925} INFO - DAG(s) 'example_params_trigger_ui' retrieved from /home/airflow/.local/lib/python3.12/site-packages/airflow/example_dags/example_params_trigger_ui.py
[2026-08-06T18:00:25.762+0000] {logging_mixin.py:190} INFO - [2026-08-06T18:00:25.762+0000] {dag.py:3239} INFO - Sync 1 DAGs
[2026-08-06T18:00:25.773+0000] {logging_mixin.py:190} INFO - [2026-08-06T18:00:25.773+0000] {dag.py:4180} INFO - Setting next_dagrun for example_params_trigger_ui to None, run_after=None
[2026-08-06T18:00:25.789+0000] {processor.py:208} INFO - Processing /home/airflow/.local/lib/python3.12/site-packages/airflow/example_dags/example_params_trigger_ui.py took 0.083 seconds
[2026-08-06T18:00:56.413+0000] {processor.py:186} INFO - Started process (PID=3050) to work on /home/airflow/.local/lib/python3.12/site-packages/airflow/example_dags/example_params_trigger_ui.py
[2026-08-06T18:00:56.414+0000] {processor.py:914} INFO - Processing file /home/airflow/.local/lib/python3.12/site-packages/airflow/example_dags/example_params_trigger_ui.py for tasks to queue
[2026-08-06T18:00:56.417+0000] {logging_mixin.py:190} INFO - [2026-08-06T18:00:56.416+0000] {dagbag.py:588} INFO - Filling up the DagBag from /home/airflow/.local/lib/python3.12/site-packages/airflow/example_dags/example_params_trigger_ui.py
[2026-08-06T18:00:56.427+0000] {processor.py:925} INFO - DAG(s) 'example_params_trigger_ui' retrieved from /home/airflow/.local/lib/python3.12/site-packages/airflow/example_dags/example_params_trigger_ui.py
[2026-08-06T18:00:56.466+0000] {logging_mixin.py:190} INFO - [2026-08-06T18:00:56.466+0000] {dag.py:3239} INFO - Sync 1 DAGs
[2026-08-06T18:00:56.479+0000] {logging_mixin.py:190} INFO - [2026-08-06T18:00:56.479+0000] {dag.py:4180} INFO - Setting next_dagrun for example_params_trigger_ui to None, run_after=None
[2026-08-06T18:00:56.498+0000] {processor.py:208} INFO - Processing /home/airflow/.local/lib/python3.12/site-packages/airflow/example_dags/example_params_trigger_ui.py took 0.090 seconds
[2026-08-06T18:01:27.989+0000] {processor.py:186} INFO - Started process (PID=3114) to work on /home/airflow/.local/lib/python3.12/site-packages/airflow/example_dags/example_params_trigger_ui.py
[2026-08-06T18:01:27.990+0000] {processor.py:914} INFO - Processing file /home/airflow/.local/lib/python3.12/site-packages/airflow/example_dags/example_params_trigger_ui.py for tasks to queue
[2026-08-06T18:01:27.993+0000] {logging_mixin.py:190} INFO - [2026-08-06T18:01:27.993+0000] {dagbag.py:588} INFO - Filling up the DagBag from /home/airflow/.local/lib/python3.12/site-packages/airflow/example_dags/example_params_trigger_ui.py
[2026-08-06T18:01:28.006+0000] {processor.py:925} INFO - DAG(s) 'example_params_trigger_ui' retrieved from /home/airflow/.local/lib/python3.12/site-packages/airflow/example_dags/example_params_trigger_ui.py
[2026-08-06T18:01:28.046+0000] {logging_mixin.py:190} INFO - [2026-08-06T18:01:28.045+0000] {dag.py:3239} INFO - Sync 1 DAGs
[2026-08-06T18:01:28.059+0000] {logging_mixin.py:190} INFO - [2026-08-06T18:01:28.059+0000] {dag.py:4180} INFO - Setting next_dagrun for example_params_trigger_ui to None, run_after=None
[2026-08-06T18:01:28.077+0000] {processor.py:208} INFO - Processing /home/airflow/.local/lib/python3.12/site-packages/airflow/example_dags/example_params_trigger_ui.py took 0.094 seconds
[2026-08-06T18:01:59.588+0000] {processor.py:186} INFO - Started process (PID=3178) to work on /home/airflow/.local/lib/python3.12/site-packages/airflow/example_dags/example_params_trigger_ui.py
[2026-08-06T18:01:59.589+0000] {processor.py:914} INFO - Processing file /home/airflow/.local/lib/python3.12/site-packages/airflow/example_dags/example_params_trigger_ui.py for tasks to queue
[2026-08-06T18:01:59.592+0000] {logging_mixin.py:190} INFO - [2026-08-06T18:01:59.592+0000] {dagbag.py:588} INFO - Filling up the DagBag from /home/airflow/.local/lib/python3.12/site-packages/airflow/example_dags/example_params_trigger_ui.py
[2026-08-06T18:01:59.601+0000] {processor.py:925} INFO - DAG(s) 'example_params_trigger_ui' retrieved from /home/airflow/.local/lib/python3.12/site-packages/airflow/example_dags/example_params_trigger_ui.py
[2026-08-06T18:01:59.637+0000] {logging_mixin.py:190} INFO - [2026-08-06T18:01:59.637+0000] {dag.py:3239} INFO - Sync 1 DAGs
[2026-08-06T18:01:59.653+0000] {logging_mixin.py:190} INFO - [2026-08-06T18:01:59.652+0000] {dag.py:4180} INFO - Setting next_dagrun for example_params_trigger_ui to None, run_after=None
[2026-08-06T18:01:59.673+0000] {processor.py:208} INFO - Processing /home/airflow/.local/lib/python3.12/site-packages/airflow/example_dags/example_params_trigger_ui.py took 0.090 seconds
[2026-08-06T18:02:30.797+0000] {processor.py:186} INFO - Started process (PID=3242) to work on /home/airflow/.local/lib/python3.12/site-packages/airflow/example_dags/example_params_trigger_ui.py
[2026-08-06T18:02:30.798+0000] {processor.py:914} INFO - Processing file /home/airflow/.local/lib/python3.12/site-packages/airflow/example_dags/example_params_trigger_ui.py for tasks to queue
[2026-08-06T18:02:30.800+0000] {logging_mixin.py:190} INFO - [2026-08-06T18:02:30.800+0000] {dagbag.py:588} INFO - Filling up the DagBag from /home/airflow/.local/lib/python3.12/site-packages/airflow/example_dags/example_params_trigger_ui.py
[2026-08-06T18:02:30.811+0000] {processor.py:925} INFO - DAG(s) 'example_params_trigger_ui' retrieved from /home/airflow/.local/lib/python3.12/site-packages/airflow/example_dags/example_params_trigger_ui.py
[2026-08-06T18:02:30.847+0000] {logging_mixin.py:190} INFO - [2026-08-06T18:02:30.847+0000] {dag.py:3239} INFO - Sync 1 DAGs
[2026-08-06T18:02:30.859+0000] {logging_mixin.py:190} INFO - [2026-08-06T18:02:30.859+0000] {dag.py:4180} INFO - Setting next_dagrun for example_params_trigger_ui to None, run_after=None
[2026-08-06T18:02:30.881+0000] {processor.py:208} INFO - Processing /home/airflow/.local/lib/python3.12/site-packages/airflow/example_dags/example_params_trigger_ui.py took 0.089 seconds
[2026-08-06T18:03:01.694+0000] {processor.py:186} INFO - Started process (PID=3306) to work on /home/airflow/.local/lib/python3.12/site-packages/airflow/example_dags/example_params_trigger_ui.py
[2026-08-06T18:03:01.695+0000] {processor.py:914} INFO - Processing file /home/airflow/.local/lib/python3.12/site-packages/airflow/example_dags/example_params_trigger_ui.py for tasks to queue
[2026-08-06T18:03:01.697+0000] {logging_mixin.py:190} INFO - [2026-08-06T18:03:01.697+0000] {dagbag.py:588} INFO - Filling up the DagBag from /home/airflow/.local/lib/python3.12/site-packages/airflow/example_dags/example_params_trigger_ui.py
[2026-08-06T18:03:01.706+0000] {processor.py:925} INFO - DAG(s) 'example_params_trigger_ui' retrieved from /home/airflow/.local/lib/python3.12/site-packages/airflow/example_dags/example_params_trigger_ui.py
[2026-08-06T18:03:01.741+0000] {logging_mixin.py:190} INFO - [2026-08-06T18:03:01.741+0000] {dag.py:3239} INFO - Sync 1 DAGs
[2026-08-06T18:03:01.753+0000] {logging_mixin.py:190} INFO - [2026-08-06T18:03:01.753+0000] {dag.py:4180} INFO - Setting next_dagrun for example_params_trigger_ui to None, run_after=None
[2026-08-06T18:03:01.770+0000] {processor.py:208} INFO - Processing /home/airflow/.local/lib/python3.12/site-packages/airflow/example_dags/example_params_trigger_ui.py took 0.081 seconds
[2026-08-06T18:03:32.220+0000] {processor.py:186} INFO - Started process (PID=3370) to work on /home/airflow/.local/lib/python3.12/site-packages/airflow/example_dags/example_params_trigger_ui.py
[2026-08-06T18:03:32.221+0000] {processor.py:914} INFO - Processing file /home/airflow/.local/lib/python3.12/site-packages/airflow/example_dags/example_params_trigger_ui.py for tasks to queue
[2026-08-06T18:03:32.224+0000] {logging_mixin.py:190} INFO - [2026-08-06T18:03:32.223+0000] {dagbag.py:588} INFO - Filling up the DagBag from /home/airflow/.local/lib/python3.12/site-packages/airflow/example_dags/example_params_trigger_ui.py
[2026-08-06T18:03:32.235+0000] {processor.py:925} INFO - DAG(s) 'example_params_trigger_ui' retrieved from /home/airflow/.local/lib/python3.12/site-packages/airflow/example_dags/example_params_trigger_ui.py
[2026-08-06T18:03:32.278+0000] {logging_mixin.py:190} INFO - [2026-08-06T18:03:32.277+0000] {dag.py:3239} INFO - Sync 1 DAGs
[2026-08-06T18:03:32.291+0000] {logging_mixin.py:190} INFO - [2026-08-06T18:03:32.291+0000] {dag.py:4180} INFO - Setting next_dagrun for example_params_trigger_ui to None, run_after=None
[2026-08-06T18:03:32.313+0000] {processor.py:208} INFO - Processing /home/airflow/.local/lib/python3.12/site-packages/airflow/example_dags/example_params_trigger_ui.py took 0.099 seconds
[2026-08-06T18:04:02.416+0000] {processor.py:186} INFO - Started process (PID=3433) to work on /home/airflow/.local/lib/python3.12/site-packages/airflow/example_dags/example_params_trigger_ui.py
[2026-08-06T18:04:02.417+0000] {processor.py:914} INFO - Processing file /home/airflow/.local/lib/python3.12/site-packages/airflow/example_dags/example_params_trigger_ui.py for tasks to queue
[2026-08-06T18:04:02.419+0000] {logging_mixin.py:190} INFO - [2026-08-06T18:04:02.419+0000] {dagbag.py:588} INFO - Filling up the DagBag from /home/airflow/.local/lib/python3.12/site-packages/airflow/example_dags/example_params_trigger_ui.py
[2026-08-06T18:04:02.429+0000] {processor.py:925} INFO - DAG(s) 'example_params_trigger_ui' retrieved from /home/airflow/.local/lib/python3.12/site-packages/airflow/example_dags/example_params_trigger_ui.py
[2026-08-06T18:04:02.466+0000] {logging_mixin.py:190} INFO - [2026-08-06T18:04:02.466+0000] {dag.py:3239} INFO - Sync 1 DAGs
[2026-08-06T18:04:02.482+0000] {logging_mixin.py:190} INFO - [2026-08-06T18:04:02.482+0000] {dag.py:4180} INFO - Setting next_dagrun for example_params_trigger_ui to None, run_after=None
[2026-08-06T18:04:02.503+0000] {processor.py:208} INFO - Processing /home/airflow/.local/lib/python3.12/site-packages/airflow/example_dags/example_params_trigger_ui.py took 0.093 seconds
[2026-08-06T18:04:33.617+0000] {processor.py:186} INFO - Started process (PID=3497) to work on /home/airflow/.local/lib/python3.12/site-packages/airflow/example_dags/example_params_trigger_ui.py
[2026-08-06T18:04:33.618+0000] {processor.py:914} INFO - Processing file /home/airflow/.local/lib/python3.12/site-packages/airflow/example_dags/example_params_trigger_ui.py for tasks to queue
[2026-08-06T18:04:33.620+0000] {logging_mixin.py:190} INFO - [2026-08-06T18:04:33.620+0000] {dagbag.py:588} INFO - Filling up the DagBag from /home/airflow/.local/lib/python3.12/site-packages/airflow/example_dags/example_params_trigger_ui.py
[2026-08-06T18:04:33.632+0000] {processor.py:925} INFO - DAG(s) 'example_params_trigger_ui' retrieved from /home/airflow/.local/lib/python3.12/site-packages/airflow/example_dags/example_params_trigger_ui.py
[2026-08-06T18:04:33.665+0000] {logging_mixin.py:190} INFO - [2026-08-06T18:04:33.665+0000] {dag.py:3239} INFO - Sync 1 DAGs
[2026-08-06T18:04:33.677+0000] {logging_mixin.py:190} INFO - [2026-08-06T18:04:33.676+0000] {dag.py:4180} INFO - Setting next_dagrun for example_params_trigger_ui to None, run_after=None
[2026-08-06T18:04:33.698+0000] {processor.py:208} INFO - Processing /home/airflow/.local/lib/python3.12/site-packages/airflow/example_dags/example_params_trigger_ui.py took 0.086 seconds
[2026-08-06T18:05:04.333+0000] {processor.py:186} INFO - Started process (PID=3561) to work on /home/airflow/.local/lib/python3.12/site-packages/airflow/example_dags/example_params_trigger_ui.py
[2026-08-06T18:05:04.334+0000] {processor.py:914} INFO - Processing file /home/airflow/.local/lib/python3.12/site-packages/airflow/example_dags/example_params_trigger_ui.py for tasks to queue
[2026-08-06T18:05:04.336+0000] {logging_mixin.py:190} INFO - [2026-08-06T18:05:04.336+0000] {dagbag.py:588} INFO - Filling up the DagBag from /home/airflow/.local/lib/python3.12/site-packages/airflow/example_dags/example_params_trigger_ui.py
[2026-08-06T18:05:04.346+0000] {processor.py:925} INFO - DAG(s) 'example_params_trigger_ui' retrieved from /home/airflow/.local/lib/python3.12/site-packages/airflow/example_dags/example_params_trigger_ui.py
[2026-08-06T18:05:04.378+0000] {logging_mixin.py:190} INFO - [2026-08-06T18:05:04.378+0000] {dag.py:3239} INFO - Sync 1 DAGs
[2026-08-06T18:05:04.390+0000] {logging_mixin.py:190} INFO - [2026-08-06T18:05:04.390+0000] {dag.py:4180} INFO - Setting next_dagrun for example_params_trigger_ui to None, run_after=None
[2026-08-06T18:05:04.409+0000] {processor.py:208} INFO - Processing /home/airflow/.local/lib/python3.12/site-packages/airflow/example_dags/example_params_trigger_ui.py took 0.080 seconds
[2026-08-06T18:05:36.291+0000] {processor.py:186} INFO - Started process (PID=3632) to work on /home/airflow/.local/lib/python3.12/site-packages/airflow/example_dags/example_params_trigger_ui.py
[2026-08-06T18:05:36.292+0000] {processor.py:914} INFO - Processing file /home/airflow/.local/lib/python3.12/site-packages/airflow/example_dags/example_params_trigger_ui.py for tasks to queue
[2026-08-06T18:05:36.295+0000] {logging_mixin.py:190} INFO - [2026-08-06T18:05:36.295+0000] {dagbag.py:588} INFO - Filling up the DagBag from /home/airflow/.local/lib/python3.12/site-packages/airflow/example_dags/example_params_trigger_ui.py
[2026-08-06T18:05:36.306+0000] {processor.py:925} INFO - DAG(s) 'example_params_trigger_ui' retrieved from /home/airflow/.local/lib/python3.12/site-packages/airflow/example_dags/example_params_trigger_ui.py
[2026-08-06T18:05:36.354+0000] {logging_mixin.py:190} INFO - [2026-08-06T18:05:36.353+0000] {dag.py:3239} INFO - Sync 1 DAGs
[2026-08-06T18:05:36.370+0000] {logging_mixin.py:190} INFO - [2026-08-06T18:05:36.370+0000] {dag.py:4180} INFO - Setting next_dagrun for example_params_trigger_ui to None, run_after=None
[2026-08-06T18:05:36.395+0000] {processor.py:208} INFO - Processing /home/airflow/.local/lib/python3.12/site-packages/airflow/example_dags/example_params_trigger_ui.py took 0.111 seconds
[2026-08-06T18:06:07.569+0000] {processor.py:186} INFO - Started process (PID=3696) to work on /home/airflow/.local/lib/python3.12/site-packages/airflow/example_dags/example_params_trigger_ui.py
[2026-08-06T18:06:07.570+0000] {processor.py:914} INFO - Processing file /home/airflow/.local/lib/python3.12/site-packages/airflow/example_dags/example_params_trigger_ui.py for tasks to queue
[2026-08-06T18:06:07.573+0000] {logging_mixin.py:190} INFO - [2026-08-06T18:06:07.573+0000] {dagbag.py:588} INFO - Filling up the DagBag from /home/airflow/.local/lib/python3.12/site-packages/airflow/example_dags/example_params_trigger_ui.py
[2026-08-06T18:06:07.583+0000] {processor.py:925} INFO - DAG(s) 'example_params_trigger_ui' retrieved from /home/airflow/.local/lib/python3.12/site-packages/airflow/example_dags/example_params_trigger_ui.py
[2026-08-06T18:06:07.624+0000] {logging_mixin.py:190} INFO - [2026-08-06T18:06:07.624+0000] {dag.py:3239} INFO - Sync 1 DAGs
[2026-08-06T18:06:07.641+0000] {logging_mixin.py:190} INFO - [2026-08-06T18:06:07.641+0000] {dag.py:4180} INFO - Setting next_dagrun for example_params_trigger_ui to None, run_after=None
[2026-08-06T18:06:07.668+0000] {processor.py:208} INFO - Processing /home/airflow/.local/lib/python3.12/site-packages/airflow/example_dags/example_params_trigger_ui.py took 0.105 seconds
[2026-08-06T18:06:38.046+0000] {processor.py:186} INFO - Started process (PID=3760) to work on /home/airflow/.local/lib/python3.12/site-packages/airflow/example_dags/example_params_trigger_ui.py
[2026-08-06T18:06:38.047+0000] {processor.py:914} INFO - Processing file /home/airflow/.local/lib/python3.12/site-packages/airflow/example_dags/example_params_trigger_ui.py for tasks to queue
[2026-08-06T18:06:38.051+0000] {logging_mixin.py:190} INFO - [2026-08-06T18:06:38.051+0000] {dagbag.py:588} INFO - Filling up the DagBag from /home/airflow/.local/lib/python3.12/site-packages/airflow/example_dags/example_params_trigger_ui.py
[2026-08-06T18:06:38.063+0000] {processor.py:925} INFO - DAG(s) 'example_params_trigger_ui' retrieved from /home/airflow/.local/lib/python3.12/site-packages/airflow/example_dags/example_params_trigger_ui.py
[2026-08-06T18:06:38.112+0000] {logging_mixin.py:190} INFO - [2026-08-06T18:06:38.111+0000] {dag.py:3239} INFO - Sync 1 DAGs
[2026-08-06T18:06:38.128+0000] {logging_mixin.py:190} INFO - [2026-08-06T18:06:38.128+0000] {dag.py:4180} INFO - Setting next_dagrun for example_params_trigger_ui to None, run_after=None
[2026-08-06T18:06:38.155+0000] {processor.py:208} INFO - Processing /home/airflow/.local/lib/python3.12/site-packages/airflow/example_dags/example_params_trigger_ui.py took 0.115 seconds
[2026-08-06T18:07:09.393+0000] {processor.py:186} INFO - Started process (PID=3823) to work on /home/airflow/.local/lib/python3.12/site-packages/airflow/example_dags/example_params_trigger_ui.py
[2026-08-06T18:07:09.394+0000] {processor.py:914} INFO - Processing file /home/airflow/.local/lib/python3.12/site-packages/airflow/example_dags/example_params_trigger_ui.py for tasks to queue
[2026-08-06T18:07:09.397+0000] {logging_mixin.py:190} INFO - [2026-08-06T18:07:09.397+0000] {dagbag.py:588} INFO - Filling up the DagBag from /home/airflow/.local/lib/python3.12/site-packages/airflow/example_dags/example_params_trigger_ui.py
[2026-08-06T18:07:09.407+0000] {processor.py:925} INFO - DAG(s) 'example_params_trigger_ui' retrieved from /home/airflow/.local/lib/python3.12/site-packages/airflow/example_dags/example_params_trigger_ui.py
[2026-08-06T18:07:09.445+0000] {logging_mixin.py:190} INFO - [2026-08-06T18:07:09.445+0000] {dag.py:3239} INFO - Sync 1 DAGs
[2026-08-06T18:07:09.458+0000] {logging_mixin.py:190} INFO - [2026-08-06T18:07:09.458+0000] {dag.py:4180} INFO - Setting next_dagrun for example_params_trigger_ui to None, run_after=None
[2026-08-06T18:07:09.478+0000] {processor.py:208} INFO - Processing /home/airflow/.local/lib/python3.12/site-packages/airflow/example_dags/example_params_trigger_ui.py took 0.091 seconds
[2026-08-06T18:07:40.735+0000] {processor.py:186} INFO - Started process (PID=3887) to work on /home/airflow/.local/lib/python3.12/site-packages/airflow/example_dags/example_params_trigger_ui.py
[2026-08-06T18:07:40.737+0000] {processor.py:914} INFO - Processing file /home/airflow/.local/lib/python3.12/site-packages/airflow/example_dags/example_params_trigger_ui.py for tasks to queue
[2026-08-06T18:07:40.739+0000] {logging_mixin.py:190} INFO - [2026-08-06T18:07:40.739+0000] {dagbag.py:588} INFO - Filling up the DagBag from /home/airflow/.local/lib/python3.12/site-packages/airflow/example_dags/example_params_trigger_ui.py
[2026-08-06T18:07:40.748+0000] {processor.py:925} INFO - DAG(s) 'example_params_trigger_ui' retrieved from /home/airflow/.local/lib/python3.12/site-packages/airflow/example_dags/example_params_trigger_ui.py
[2026-08-06T18:07:40.786+0000] {logging_mixin.py:190} INFO - [2026-08-06T18:07:40.785+0000] {dag.py:3239} INFO - Sync 1 DAGs
[2026-08-06T18:07:40.798+0000] {logging_mixin.py:190} INFO - [2026-08-06T18:07:40.798+0000] {dag.py:4180} INFO - Setting next_dagrun for example_params_trigger_ui to None, run_after=None
[2026-08-06T18:07:40.962+0000] {processor.py:208} INFO - Processing /home/airflow/.local/lib/python3.12/site-packages/airflow/example_dags/example_params_trigger_ui.py took 0.233 seconds
[2026-08-06T18:08:11.163+0000] {processor.py:186} INFO - Started process (PID=3951) to work on /home/airflow/.local/lib/python3.12/site-packages/airflow/example_dags/example_params_trigger_ui.py
[2026-08-06T18:08:11.165+0000] {processor.py:914} INFO - Processing file /home/airflow/.local/lib/python3.12/site-packages/airflow/example_dags/example_params_trigger_ui.py for tasks to queue
[2026-08-06T18:08:11.168+0000] {logging_mixin.py:190} INFO - [2026-08-06T18:08:11.167+0000] {dagbag.py:588} INFO - Filling up the DagBag from /home/airflow/.local/lib/python3.12/site-packages/airflow/example_dags/example_params_trigger_ui.py
[2026-08-06T18:08:11.178+0000] {processor.py:925} INFO - DAG(s) 'example_params_trigger_ui' retrieved from /home/airflow/.local/lib/python3.12/site-packages/airflow/example_dags/example_params_trigger_ui.py
[2026-08-06T18:08:11.216+0000] {logging_mixin.py:190} INFO - [2026-08-06T18:08:11.216+0000] {dag.py:3239} INFO - Sync 1 DAGs
[2026-08-06T18:08:11.230+0000] {logging_mixin.py:190} INFO - [2026-08-06T18:08:11.229+0000] {dag.py:4180} INFO - Setting next_dagrun for example_params_trigger_ui to None, run_after=None
[2026-08-06T18:08:11.254+0000] {processor.py:208} INFO - Processing /home/airflow/.local/lib/python3.12/site-packages/airflow/example_dags/example_params_trigger_ui.py took 0.097 seconds
[2026-08-06T18:08:42.079+0000] {processor.py:186} INFO - Started process (PID=4015) to work on /home/airflow/.local/lib/python3.12/site-packages/airflow/example_dags/example_params_trigger_ui.py
[2026-08-06T18:08:42.080+0000] {processor.py:914} INFO - Processing file /home/airflow/.local/lib/python3.12/site-packages/airflow/example_dags/example_params_trigger_ui.py for tasks to queue
[2026-08-06T18:08:42.083+0000] {logging_mixin.py:190} INFO - [2026-08-06T18:08:42.082+0000] {dagbag.py:588} INFO - Filling up the DagBag from /home/airflow/.local/lib/python3.12/site-packages/airflow/example_dags/example_params_trigger_ui.py
[2026-08-06T18:08:42.091+0000] {processor.py:925} INFO - DAG(s) 'example_params_trigger_ui' retrieved from /home/airflow/.local/lib/python3.12/site-packages/airflow/example_dags/example_params_trigger_ui.py
[2026-08-06T18:08:42.125+0000] {logging_mixin.py:190} INFO - [2026-08-06T18:08:42.125+0000] {dag.py:3239} INFO - Sync 1 DAGs
[2026-08-06T18:08:42.136+0000] {logging_mixin.py:190} INFO - [2026-08-06T18:08:42.136+0000] {dag.py:4180} INFO - Setting next_dagrun for example_params_trigger_ui to None, run_after=None
[2026-08-06T18:08:42.154+0000] {processor.py:208} INFO - Processing /home/airflow/.local/lib/python3.12/site-packages/airflow/example_dags/example_params_trigger_ui.py took 0.080 seconds
[2026-08-06T18:09:22.064+0000] {processor.py:186} INFO - Started process (PID=4090) to work on /home/airflow/.local/lib/python3.12/site-packages/airflow/example_dags/example_params_trigger_ui.py
[2026-08-06T18:09:22.065+0000] {processor.py:914} INFO - Processing file /home/airflow/.local/lib/python3.12/site-packages/airflow/example_dags/example_params_trigger_ui.py for tasks to queue
[2026-08-06T18:09:22.069+0000] {logging_mixin.py:190} INFO - [2026-08-06T18:09:22.068+0000] {dagbag.py:588} INFO - Filling up the DagBag from /home/airflow/.local/lib/python3.12/site-packages/airflow/example_dags/example_params_trigger_ui.py
[2026-08-06T18:09:22.086+0000] {processor.py:925} INFO - DAG(s) 'example_params_trigger_ui' retrieved from /home/airflow/.local/lib/python3.12/site-packages/airflow/example_dags/example_params_trigger_ui.py
[2026-08-06T18:09:22.133+0000] {logging_mixin.py:190} INFO - [2026-08-06T18:09:22.132+0000] {dag.py:3239} INFO - Sync 1 DAGs
[2026-08-06T18:09:22.380+0000] {logging_mixin.py:190} INFO - [2026-08-06T18:09:22.380+0000] {dag.py:4180} INFO - Setting next_dagrun for example_params_trigger_ui to None, run_after=None
[2026-08-06T18:09:22.406+0000] {processor.py:208} INFO - Processing /home/airflow/.local/lib/python3.12/site-packages/airflow/example_dags/example_params_trigger_ui.py took 0.353 seconds
[2026-08-06T18:09:52.662+0000] {processor.py:186} INFO - Started process (PID=4154) to work on /home/airflow/.local/lib/python3.12/site-packages/airflow/example_dags/example_params_trigger_ui.py
[2026-08-06T18:09:52.664+0000] {processor.py:914} INFO - Processing file /home/airflow/.local/lib/python3.12/site-packages/airflow/example_dags/example_params_trigger_ui.py for tasks to queue
[2026-08-06T18:09:52.666+0000] {logging_mixin.py:190} INFO - [2026-08-06T18:09:52.666+0000] {dagbag.py:588} INFO - Filling up the DagBag from /home/airflow/.local/lib/python3.12/site-packages/airflow/example_dags/example_params_trigger_ui.py
[2026-08-06T18:09:52.675+0000] {processor.py:925} INFO - DAG(s) 'example_params_trigger_ui' retrieved from /home/airflow/.local/lib/python3.12/site-packages/airflow/example_dags/example_params_trigger_ui.py
[2026-08-06T18:09:52.708+0000] {logging_mixin.py:190} INFO - [2026-08-06T18:09:52.707+0000] {dag.py:3239} INFO - Sync 1 DAGs
[2026-08-06T18:09:52.718+0000] {logging_mixin.py:190} INFO - [2026-08-06T18:09:52.718+0000] {dag.py:4180} INFO - Setting next_dagrun for example_params_trigger_ui to None, run_after=None
[2026-08-06T18:09:52.936+0000] {processor.py:208} INFO - Processing /home/airflow/.local/lib/python3.12/site-packages/airflow/example_dags/example_params_trigger_ui.py took 0.279 seconds
[2026-08-06T18:10:23.743+0000] {processor.py:186} INFO - Started process (PID=4218) to work on /home/airflow/.local/lib/python3.12/site-packages/airflow/example_dags/example_params_trigger_ui.py
[2026-08-06T18:10:23.745+0000] {processor.py:914} INFO - Processing file /home/airflow/.local/lib/python3.12/site-packages/airflow/example_dags/example_params_trigger_ui.py for tasks to queue
[2026-08-06T18:10:23.747+0000] {logging_mixin.py:190} INFO - [2026-08-06T18:10:23.747+0000] {dagbag.py:588} INFO - Filling up the DagBag from /home/airflow/.local/lib/python3.12/site-packages/airflow/example_dags/example_params_trigger_ui.py
[2026-08-06T18:10:23.755+0000] {processor.py:925} INFO - DAG(s) 'example_params_trigger_ui' retrieved from /home/airflow/.local/lib/python3.12/site-packages/airflow/example_dags/example_params_trigger_ui.py
[2026-08-06T18:10:23.786+0000] {logging_mixin.py:190} INFO - [2026-08-06T18:10:23.786+0000] {dag.py:3239} INFO - Sync 1 DAGs
[2026-08-06T18:10:23.796+0000] {logging_mixin.py:190} INFO - [2026-08-06T18:10:23.796+0000] {dag.py:4180} INFO - Setting next_dagrun for example_params_trigger_ui to None, run_after=None
[2026-08-06T18:10:23.813+0000] {processor.py:208} INFO - Processing /home/airflow/.local/lib/python3.12/site-packages/airflow/example_dags/example_params_trigger_ui.py took 0.073 seconds
[2026-08-06T18:10:54.244+0000] {processor.py:186} INFO - Started process (PID=4282) to work on /home/airflow/.local/lib/python3.12/site-packages/airflow/example_dags/example_params_trigger_ui.py
[2026-08-06T18:10:54.246+0000] {processor.py:914} INFO - Processing file /home/airflow/.local/lib/python3.12/site-packages/airflow/example_dags/example_params_trigger_ui.py for tasks to queue
[2026-08-06T18:10:54.248+0000] {logging_mixin.py:190} INFO - [2026-08-06T18:10:54.248+0000] {dagbag.py:588} INFO - Filling up the DagBag from /home/airflow/.local/lib/python3.12/site-packages/airflow/example_dags/example_params_trigger_ui.py
[2026-08-06T18:10:54.257+0000] {processor.py:925} INFO - DAG(s) 'example_params_trigger_ui' retrieved from /home/airflow/.local/lib/python3.12/site-packages/airflow/example_dags/example_params_trigger_ui.py
[2026-08-06T18:10:54.291+0000] {logging_mixin.py:190} INFO - [2026-08-06T18:10:54.291+0000] {dag.py:3239} INFO - Sync 1 DAGs
[2026-08-06T18:10:54.302+0000] {logging_mixin.py:190} INFO - [2026-08-06T18:10:54.302+0000] {dag.py:4180} INFO - Setting next_dagrun for example_params_trigger_ui to None, run_after=None
[2026-08-06T18:10:54.319+0000] {processor.py:208} INFO - Processing /home/airflow/.local/lib/python3.12/site-packages/airflow/example_dags/example_params_trigger_ui.py took 0.080 seconds
[2026-08-06T18:11:24.406+0000] {processor.py:186} INFO - Started process (PID=4346) to work on /home/airflow/.local/lib/python3.12/site-packages/airflow/example_dags/example_params_trigger_ui.py
[2026-08-06T18:11:24.407+0000] {processor.py:914} INFO - Processing file /home/airflow/.local/lib/python3.12/site-packages/airflow/example_dags/example_params_trigger_ui.py for tasks to queue
[2026-08-06T18:11:24.410+0000] {logging_mixin.py:190} INFO - [2026-08-06T18:11:24.409+0000] {dagbag.py:588} INFO - Filling up the DagBag from /home/airflow/.local/lib/python3.12/site-packages/airflow/example_dags/example_params_trigger_ui.py
[2026-08-06T18:11:24.418+0000] {processor.py:925} INFO - DAG(s) 'example_params_trigger_ui' retrieved from /home/airflow/.local/lib/python3.12/site-packages/airflow/example_dags/example_params_trigger_ui.py
[2026-08-06T18:11:24.451+0000] {logging_mixin.py:190} INFO - [2026-08-06T18:11:24.451+0000] {dag.py:3239} INFO - Sync 1 DAGs
[2026-08-06T18:11:24.463+0000] {logging_mixin.py:190} INFO - [2026-08-06T18:11:24.463+0000] {dag.py:4180} INFO - Setting next_dagrun for example_params_trigger_ui to None, run_after=None
[2026-08-06T18:11:24.482+0000] {processor.py:208} INFO - Processing /home/airflow/.local/lib/python3.12/site-packages/airflow/example_dags/example_params_trigger_ui.py took 0.082 seconds
[2026-08-06T18:11:55.048+0000] {processor.py:186} INFO - Started process (PID=4410) to work on /home/airflow/.local/lib/python3.12/site-packages/airflow/example_dags/example_params_trigger_ui.py
[2026-08-06T18:11:55.050+0000] {processor.py:914} INFO - Processing file /home/airflow/.local/lib/python3.12/site-packages/airflow/example_dags/example_params_trigger_ui.py for tasks to queue
[2026-08-06T18:11:55.052+0000] {logging_mixin.py:190} INFO - [2026-08-06T18:11:55.052+0000] {dagbag.py:588} INFO - Filling up the DagBag from /home/airflow/.local/lib/python3.12/site-packages/airflow/example_dags/example_params_trigger_ui.py
[2026-08-06T18:11:55.062+0000] {processor.py:925} INFO - DAG(s) 'example_params_trigger_ui' retrieved from /home/airflow/.local/lib/python3.12/site-packages/airflow/example_dags/example_params_trigger_ui.py
[2026-08-06T18:11:55.096+0000] {logging_mixin.py:190} INFO - [2026-08-06T18:11:55.095+0000] {dag.py:3239} INFO - Sync 1 DAGs
[2026-08-06T18:11:55.107+0000] {logging_mixin.py:190} INFO - [2026-08-06T18:11:55.107+0000] {dag.py:4180} INFO - Setting next_dagrun for example_params_trigger_ui to None, run_after=None
[2026-08-06T18:11:55.126+0000] {processor.py:208} INFO - Processing /home/airflow/.local/lib/python3.12/site-packages/airflow/example_dags/example_params_trigger_ui.py took 0.083 seconds
[2026-08-06T18:12:25.461+0000] {processor.py:186} INFO - Started process (PID=4474) to work on /home/airflow/.local/lib/python3.12/site-packages/airflow/example_dags/example_params_trigger_ui.py
[2026-08-06T18:12:25.462+0000] {processor.py:914} INFO - Processing file /home/airflow/.local/lib/python3.12/site-packages/airflow/example_dags/example_params_trigger_ui.py for tasks to queue
[2026-08-06T18:12:25.464+0000] {logging_mixin.py:190} INFO - [2026-08-06T18:12:25.464+0000] {dagbag.py:588} INFO - Filling up the DagBag from /home/airflow/.local/lib/python3.12/site-packages/airflow/example_dags/example_params_trigger_ui.py
[2026-08-06T18:12:25.474+0000] {processor.py:925} INFO - DAG(s) 'example_params_trigger_ui' retrieved from /home/airflow/.local/lib/python3.12/site-packages/airflow/example_dags/example_params_trigger_ui.py
[2026-08-06T18:12:25.519+0000] {logging_mixin.py:190} INFO - [2026-08-06T18:12:25.519+0000] {dag.py:3239} INFO - Sync 1 DAGs
[2026-08-06T18:12:25.535+0000] {logging_mixin.py:190} INFO - [2026-08-06T18:12:25.535+0000] {dag.py:4180} INFO - Setting next_dagrun for example_params_trigger_ui to None, run_after=None
[2026-08-06T18:12:25.556+0000] {processor.py:208} INFO - Processing /home/airflow/.local/lib/python3.12/site-packages/airflow/example_dags/example_params_trigger_ui.py took 0.101 seconds
[2026-08-06T18:12:56.340+0000] {processor.py:186} INFO - Started process (PID=4538) to work on /home/airflow/.local/lib/python3.12/site-packages/airflow/example_dags/example_params_trigger_ui.py
[2026-08-06T18:12:56.341+0000] {processor.py:914} INFO - Processing file /home/airflow/.local/lib/python3.12/site-packages/airflow/example_dags/example_params_trigger_ui.py for tasks to queue
[2026-08-06T18:12:56.344+0000] {logging_mixin.py:190} INFO - [2026-08-06T18:12:56.344+0000] {dagbag.py:588} INFO - Filling up the DagBag from /home/airflow/.local/lib/python3.12/site-packages/airflow/example_dags/example_params_trigger_ui.py
[2026-08-06T18:12:56.356+0000] {processor.py:925} INFO - DAG(s) 'example_params_trigger_ui' retrieved from /home/airflow/.local/lib/python3.12/site-packages/airflow/example_dags/example_params_trigger_ui.py
[2026-08-06T18:12:56.399+0000] {logging_mixin.py:190} INFO - [2026-08-06T18:12:56.399+0000] {dag.py:3239} INFO - Sync 1 DAGs
[2026-08-06T18:12:56.412+0000] {logging_mixin.py:190} INFO - [2026-08-06T18:12:56.412+0000] {dag.py:4180} INFO - Setting next_dagrun for example_params_trigger_ui to None, run_after=None
[2026-08-06T18:12:56.437+0000] {processor.py:208} INFO - Processing /home/airflow/.local/lib/python3.12/site-packages/airflow/example_dags/example_params_trigger_ui.py took 0.104 seconds
[2026-08-06T18:13:26.828+0000] {processor.py:186} INFO - Started process (PID=4602) to work on /home/airflow/.local/lib/python3.12/site-packages/airflow/example_dags/example_params_trigger_ui.py
[2026-08-06T18:13:26.829+0000] {processor.py:914} INFO - Processing file /home/airflow/.local/lib/python3.12/site-packages/airflow/example_dags/example_params_trigger_ui.py for tasks to queue
[2026-08-06T18:13:26.833+0000] {logging_mixin.py:190} INFO - [2026-08-06T18:13:26.833+0000] {dagbag.py:588} INFO - Filling up the DagBag from /home/airflow/.local/lib/python3.12/site-packages/airflow/example_dags/example_params_trigger_ui.py
[2026-08-06T18:13:26.846+0000] {processor.py:925} INFO - DAG(s) 'example_params_trigger_ui' retrieved from /home/airflow/.local/lib/python3.12/site-packages/airflow/example_dags/example_params_trigger_ui.py
[2026-08-06T18:13:26.887+0000] {logging_mixin.py:190} INFO - [2026-08-06T18:13:26.886+0000] {dag.py:3239} INFO - Sync 1 DAGs
[2026-08-06T18:13:26.901+0000] {logging_mixin.py:190} INFO - [2026-08-06T18:13:26.900+0000] {dag.py:4180} INFO - Setting next_dagrun for example_params_trigger_ui to None, run_after=None
[2026-08-06T18:13:26.924+0000] {processor.py:208} INFO - Processing /home/airflow/.local/lib/python3.12/site-packages/airflow/example_dags/example_params_trigger_ui.py took 0.103 seconds
[2026-08-06T18:13:57.383+0000] {processor.py:186} INFO - Started process (PID=4666) to work on /home/airflow/.local/lib/python3.12/site-packages/airflow/example_dags/example_params_trigger_ui.py
[2026-08-06T18:13:57.384+0000] {processor.py:914} INFO - Processing file /home/airflow/.local/lib/python3.12/site-packages/airflow/example_dags/example_params_trigger_ui.py for tasks to queue
[2026-08-06T18:13:57.386+0000] {logging_mixin.py:190} INFO - [2026-08-06T18:13:57.386+0000] {dagbag.py:588} INFO - Filling up the DagBag from /home/airflow/.local/lib/python3.12/site-packages/airflow/example_dags/example_params_trigger_ui.py
[2026-08-06T18:13:57.396+0000] {processor.py:925} INFO - DAG(s) 'example_params_trigger_ui' retrieved from /home/airflow/.local/lib/python3.12/site-packages/airflow/example_dags/example_params_trigger_ui.py
[2026-08-06T18:13:57.433+0000] {logging_mixin.py:190} INFO - [2026-08-06T18:13:57.433+0000] {dag.py:3239} INFO - Sync 1 DAGs
[2026-08-06T18:13:57.443+0000] {logging_mixin.py:190} INFO - [2026-08-06T18:13:57.443+0000] {dag.py:4180} INFO - Setting next_dagrun for example_params_trigger_ui to None, run_after=None
[2026-08-06T18:13:57.460+0000] {processor.py:208} INFO - Processing /home/airflow/.local/lib/python3.12/site-packages/airflow/example_dags/example_params_trigger_ui.py took 0.083 seconds
[2026-08-06T18:14:27.985+0000] {processor.py:186} INFO - Started process (PID=4730) to work on /home/airflow/.local/lib/python3.12/site-packages/airflow/example_dags/example_params_trigger_ui.py
[2026-08-06T18:14:27.986+0000] {processor.py:914} INFO - Processing file /home/airflow/.local/lib/python3.12/site-packages/airflow/example_dags/example_params_trigger_ui.py for tasks to queue
[2026-08-06T18:14:27.988+0000] {logging_mixin.py:190} INFO - [2026-08-06T18:14:27.988+0000] {dagbag.py:588} INFO - Filling up the DagBag from /home/airflow/.local/lib/python3.12/site-packages/airflow/example_dags/example_params_trigger_ui.py
[2026-08-06T18:14:27.999+0000] {processor.py:925} INFO - DAG(s) 'example_params_trigger_ui' retrieved from /home/airflow/.local/lib/python3.12/site-packages/airflow/example_dags/example_params_trigger_ui.py
[2026-08-06T18:14:28.033+0000] {logging_mixin.py:190} INFO - [2026-08-06T18:14:28.033+0000] {dag.py:3239} INFO - Sync 1 DAGs
[2026-08-06T18:14:28.046+0000] {logging_mixin.py:190} INFO - [2026-08-06T18:14:28.045+0000] {dag.py:4180} INFO - Setting next_dagrun for example_params_trigger_ui to None, run_after=None
[2026-08-06T18:14:28.064+0000] {processor.py:208} INFO - Processing /home/airflow/.local/lib/python3.12/site-packages/airflow/example_dags/example_params_trigger_ui.py took 0.084 seconds
[2026-08-06T18:14:58.916+0000] {processor.py:186} INFO - Started process (PID=4794) to work on /home/airflow/.local/lib/python3.12/site-packages/airflow/example_dags/example_params_trigger_ui.py
[2026-08-06T18:14:58.917+0000] {processor.py:914} INFO - Processing file /home/airflow/.local/lib/python3.12/site-packages/airflow/example_dags/example_params_trigger_ui.py for tasks to queue
[2026-08-06T18:14:58.919+0000] {logging_mixin.py:190} INFO - [2026-08-06T18:14:58.919+0000] {dagbag.py:588} INFO - Filling up the DagBag from /home/airflow/.local/lib/python3.12/site-packages/airflow/example_dags/example_params_trigger_ui.py
[2026-08-06T18:14:58.929+0000] {processor.py:925} INFO - DAG(s) 'example_params_trigger_ui' retrieved from /home/airflow/.local/lib/python3.12/site-packages/airflow/example_dags/example_params_trigger_ui.py
[2026-08-06T18:14:58.964+0000] {logging_mixin.py:190} INFO - [2026-08-06T18:14:58.964+0000] {dag.py:3239} INFO - Sync 1 DAGs
[2026-08-06T18:14:58.977+0000] {logging_mixin.py:190} INFO - [2026-08-06T18:14:58.977+0000] {dag.py:4180} INFO - Setting next_dagrun for example_params_trigger_ui to None, run_after=None
[2026-08-06T18:14:58.995+0000] {processor.py:208} INFO - Processing /home/airflow/.local/lib/python3.12/site-packages/airflow/example_dags/example_params_trigger_ui.py took 0.085 seconds
[2026-08-06T18:15:29.380+0000] {processor.py:186} INFO - Started process (PID=4858) to work on /home/airflow/.local/lib/python3.12/site-packages/airflow/example_dags/example_params_trigger_ui.py
[2026-08-06T18:15:29.381+0000] {processor.py:914} INFO - Processing file /home/airflow/.local/lib/python3.12/site-packages/airflow/example_dags/example_params_trigger_ui.py for tasks to queue
[2026-08-06T18:15:29.384+0000] {logging_mixin.py:190} INFO - [2026-08-06T18:15:29.384+0000] {dagbag.py:588} INFO - Filling up the DagBag from /home/airflow/.local/lib/python3.12/site-packages/airflow/example_dags/example_params_trigger_ui.py
[2026-08-06T18:15:29.396+0000] {processor.py:925} INFO - DAG(s) 'example_params_trigger_ui' retrieved from /home/airflow/.local/lib/python3.12/site-packages/airflow/example_dags/example_params_trigger_ui.py
[2026-08-06T18:15:29.435+0000] {logging_mixin.py:190} INFO - [2026-08-06T18:15:29.435+0000] {dag.py:3239} INFO - Sync 1 DAGs
[2026-08-06T18:15:29.447+0000] {logging_mixin.py:190} INFO - [2026-08-06T18:15:29.446+0000] {dag.py:4180} INFO - Setting next_dagrun for example_params_trigger_ui to None, run_after=None
[2026-08-06T18:15:29.464+0000] {processor.py:208} INFO - Processing /home/airflow/.local/lib/python3.12/site-packages/airflow/example_dags/example_params_trigger_ui.py took 0.091 seconds
[2026-08-06T18:16:00.243+0000] {processor.py:186} INFO - Started process (PID=4922) to work on /home/airflow/.local/lib/python3.12/site-packages/airflow/example_dags/example_params_trigger_ui.py
[2026-08-06T18:16:00.244+0000] {processor.py:914} INFO - Processing file /home/airflow/.local/lib/python3.12/site-packages/airflow/example_dags/example_params_trigger_ui.py for tasks to queue
[2026-08-06T18:16:00.247+0000] {logging_mixin.py:190} INFO - [2026-08-06T18:16:00.247+0000] {dagbag.py:588} INFO - Filling up the DagBag from /home/airflow/.local/lib/python3.12/site-packages/airflow/example_dags/example_params_trigger_ui.py
[2026-08-06T18:16:00.258+0000] {processor.py:925} INFO - DAG(s) 'example_params_trigger_ui' retrieved from /home/airflow/.local/lib/python3.12/site-packages/airflow/example_dags/example_params_trigger_ui.py
[2026-08-06T18:16:00.297+0000] {logging_mixin.py:190} INFO - [2026-08-06T18:16:00.297+0000] {dag.py:3239} INFO - Sync 1 DAGs
[2026-08-06T18:16:00.312+0000] {logging_mixin.py:190} INFO - [2026-08-06T18:16:00.312+0000] {dag.py:4180} INFO - Setting next_dagrun for example_params_trigger_ui to None, run_after=None
[2026-08-06T18:16:00.335+0000] {processor.py:208} INFO - Processing /home/airflow/.local/lib/python3.12/site-packages/airflow/example_dags/example_params_trigger_ui.py took 0.098 seconds
[2026-08-06T18:16:30.831+0000] {processor.py:186} INFO - Started process (PID=4986) to work on /home/airflow/.local/lib/python3.12/site-packages/airflow/example_dags/example_params_trigger_ui.py
[2026-08-06T18:16:30.833+0000] {processor.py:914} INFO - Processing file /home/airflow/.local/lib/python3.12/site-packages/airflow/example_dags/example_params_trigger_ui.py for tasks to queue
[2026-08-06T18:16:30.835+0000] {logging_mixin.py:190} INFO - [2026-08-06T18:16:30.835+0000] {dagbag.py:588} INFO - Filling up the DagBag from /home/airflow/.local/lib/python3.12/site-packages/airflow/example_dags/example_params_trigger_ui.py
[2026-08-06T18:16:30.845+0000] {processor.py:925} INFO - DAG(s) 'example_params_trigger_ui' retrieved from /home/airflow/.local/lib/python3.12/site-packages/airflow/example_dags/example_params_trigger_ui.py
[2026-08-06T18:16:30.878+0000] {logging_mixin.py:190} INFO - [2026-08-06T18:16:30.877+0000] {dag.py:3239} INFO - Sync 1 DAGs
[2026-08-06T18:16:30.890+0000] {logging_mixin.py:190} INFO - [2026-08-06T18:16:30.889+0000] {dag.py:4180} INFO - Setting next_dagrun for example_params_trigger_ui to None, run_after=None
[2026-08-06T18:16:30.909+0000] {processor.py:208} INFO - Processing /home/airflow/.local/lib/python3.12/site-packages/airflow/example_dags/example_params_trigger_ui.py took 0.083 seconds
[2026-08-06T18:17:01.170+0000] {processor.py:186} INFO - Started process (PID=5050) to work on /home/airflow/.local/lib/python3.12/site-packages/airflow/example_dags/example_params_trigger_ui.py
[2026-08-06T18:17:01.171+0000] {processor.py:914} INFO - Processing file /home/airflow/.local/lib/python3.12/site-packages/airflow/example_dags/example_params_trigger_ui.py for tasks to queue
[2026-08-06T18:17:01.174+0000] {logging_mixin.py:190} INFO - [2026-08-06T18:17:01.173+0000] {dagbag.py:588} INFO - Filling up the DagBag from /home/airflow/.local/lib/python3.12/site-packages/airflow/example_dags/example_params_trigger_ui.py
[2026-08-06T18:17:01.183+0000] {processor.py:925} INFO - DAG(s) 'example_params_trigger_ui' retrieved from /home/airflow/.local/lib/python3.12/site-packages/airflow/example_dags/example_params_trigger_ui.py
[2026-08-06T18:17:01.217+0000] {logging_mixin.py:190} INFO - [2026-08-06T18:17:01.217+0000] {dag.py:3239} INFO - Sync 1 DAGs
[2026-08-06T18:17:01.228+0000] {logging_mixin.py:190} INFO - [2026-08-06T18:17:01.228+0000] {dag.py:4180} INFO - Setting next_dagrun for example_params_trigger_ui to None, run_after=None
[2026-08-06T18:17:01.244+0000] {processor.py:208} INFO - Processing /home/airflow/.local/lib/python3.12/site-packages/airflow/example_dags/example_params_trigger_ui.py took 0.080 seconds
[2026-08-06T18:17:31.593+0000] {processor.py:186} INFO - Started process (PID=5114) to work on /home/airflow/.local/lib/python3.12/site-packages/airflow/example_dags/example_params_trigger_ui.py
[2026-08-06T18:17:31.594+0000] {processor.py:914} INFO - Processing file /home/airflow/.local/lib/python3.12/site-packages/airflow/example_dags/example_params_trigger_ui.py for tasks to queue
[2026-08-06T18:17:31.597+0000] {logging_mixin.py:190} INFO - [2026-08-06T18:17:31.596+0000] {dagbag.py:588} INFO - Filling up the DagBag from /home/airflow/.local/lib/python3.12/site-packages/airflow/example_dags/example_params_trigger_ui.py
[2026-08-06T18:17:31.606+0000] {processor.py:925} INFO - DAG(s) 'example_params_trigger_ui' retrieved from /home/airflow/.local/lib/python3.12/site-packages/airflow/example_dags/example_params_trigger_ui.py
[2026-08-06T18:17:31.637+0000] {logging_mixin.py:190} INFO - [2026-08-06T18:17:31.637+0000] {dag.py:3239} INFO - Sync 1 DAGs
[2026-08-06T18:17:31.648+0000] {logging_mixin.py:190} INFO - [2026-08-06T18:17:31.647+0000] {dag.py:4180} INFO - Setting next_dagrun for example_params_trigger_ui to None, run_after=None
[2026-08-06T18:17:31.663+0000] {processor.py:208} INFO - Processing /home/airflow/.local/lib/python3.12/site-packages/airflow/example_dags/example_params_trigger_ui.py took 0.074 seconds
[2026-08-06T18:18:02.103+0000] {processor.py:186} INFO - Started process (PID=5178) to work on /home/airflow/.local/lib/python3.12/site-packages/airflow/example_dags/example_params_trigger_ui.py
[2026-08-06T18:18:02.104+0000] {processor.py:914} INFO - Processing file /home/airflow/.local/lib/python3.12/site-packages/airflow/example_dags/example_params_trigger_ui.py for tasks to queue
[2026-08-06T18:18:02.106+0000] {logging_mixin.py:190} INFO - [2026-08-06T18:18:02.106+0000] {dagbag.py:588} INFO - Filling up the DagBag from /home/airflow/.local/lib/python3.12/site-packages/airflow/example_dags/example_params_trigger_ui.py
[2026-08-06T18:18:02.116+0000] {processor.py:925} INFO - DAG(s) 'example_params_trigger_ui' retrieved from /home/airflow/.local/lib/python3.12/site-packages/airflow/example_dags/example_params_trigger_ui.py
[2026-08-06T18:18:02.150+0000] {logging_mixin.py:190} INFO - [2026-08-06T18:18:02.150+0000] {dag.py:3239} INFO - Sync 1 DAGs
[2026-08-06T18:18:02.161+0000] {logging_mixin.py:190} INFO - [2026-08-06T18:18:02.161+0000] {dag.py:4180} INFO - Setting next_dagrun for example_params_trigger_ui to None, run_after=None
[2026-08-06T18:18:02.178+0000] {processor.py:208} INFO - Processing /home/airflow/.local/lib/python3.12/site-packages/airflow/example_dags/example_params_trigger_ui.py took 0.080 seconds
[2026-08-06T18:18:32.898+0000] {processor.py:186} INFO - Started process (PID=5242) to work on /home/airflow/.local/lib/python3.12/site-packages/airflow/example_dags/example_params_trigger_ui.py
[2026-08-06T18:18:32.899+0000] {processor.py:914} INFO - Processing file /home/airflow/.local/lib/python3.12/site-packages/airflow/example_dags/example_params_trigger_ui.py for tasks to queue
[2026-08-06T18:18:32.902+0000] {logging_mixin.py:190} INFO - [2026-08-06T18:18:32.902+0000] {dagbag.py:588} INFO - Filling up the DagBag from /home/airflow/.local/lib/python3.12/site-packages/airflow/example_dags/example_params_trigger_ui.py
[2026-08-06T18:18:32.914+0000] {processor.py:925} INFO - DAG(s) 'example_params_trigger_ui' retrieved from /home/airflow/.local/lib/python3.12/site-packages/airflow/example_dags/example_params_trigger_ui.py
[2026-08-06T18:18:32.956+0000] {logging_mixin.py:190} INFO - [2026-08-06T18:18:32.955+0000] {dag.py:3239} INFO - Sync 1 DAGs
[2026-08-06T18:18:32.971+0000] {logging_mixin.py:190} INFO - [2026-08-06T18:18:32.971+0000] {dag.py:4180} INFO - Setting next_dagrun for example_params_trigger_ui to None, run_after=None
[2026-08-06T18:18:32.994+0000] {processor.py:208} INFO - Processing /home/airflow/.local/lib/python3.12/site-packages/airflow/example_dags/example_params_trigger_ui.py took 0.101 seconds
[2026-08-06T18:19:03.872+0000] {processor.py:186} INFO - Started process (PID=5306) to work on /home/airflow/.local/lib/python3.12/site-packages/airflow/example_dags/example_params_trigger_ui.py
[2026-08-06T18:19:03.873+0000] {processor.py:914} INFO - Processing file /home/airflow/.local/lib/python3.12/site-packages/airflow/example_dags/example_params_trigger_ui.py for tasks to queue
[2026-08-06T18:19:03.875+0000] {logging_mixin.py:190} INFO - [2026-08-06T18:19:03.875+0000] {dagbag.py:588} INFO - Filling up the DagBag from /home/airflow/.local/lib/python3.12/site-packages/airflow/example_dags/example_params_trigger_ui.py
[2026-08-06T18:19:03.884+0000] {processor.py:925} INFO - DAG(s) 'example_params_trigger_ui' retrieved from /home/airflow/.local/lib/python3.12/site-packages/airflow/example_dags/example_params_trigger_ui.py
[2026-08-06T18:19:03.917+0000] {logging_mixin.py:190} INFO - [2026-08-06T18:19:03.917+0000] {dag.py:3239} INFO - Sync 1 DAGs
[2026-08-06T18:19:03.928+0000] {logging_mixin.py:190} INFO - [2026-08-06T18:19:03.928+0000] {dag.py:4180} INFO - Setting next_dagrun for example_params_trigger_ui to None, run_after=None
[2026-08-06T18:19:03.947+0000] {processor.py:208} INFO - Processing /home/airflow/.local/lib/python3.12/site-packages/airflow/example_dags/example_params_trigger_ui.py took 0.080 seconds
[2026-08-06T18:19:34.074+0000] {processor.py:186} INFO - Started process (PID=5370) to work on /home/airflow/.local/lib/python3.12/site-packages/airflow/example_dags/example_params_trigger_ui.py
[2026-08-06T18:19:34.076+0000] {processor.py:914} INFO - Processing file /home/airflow/.local/lib/python3.12/site-packages/airflow/example_dags/example_params_trigger_ui.py for tasks to queue
[2026-08-06T18:19:34.078+0000] {logging_mixin.py:190} INFO - [2026-08-06T18:19:34.078+0000] {dagbag.py:588} INFO - Filling up the DagBag from /home/airflow/.local/lib/python3.12/site-packages/airflow/example_dags/example_params_trigger_ui.py
[2026-08-06T18:19:34.089+0000] {processor.py:925} INFO - DAG(s) 'example_params_trigger_ui' retrieved from /home/airflow/.local/lib/python3.12/site-packages/airflow/example_dags/example_params_trigger_ui.py
[2026-08-06T18:19:34.120+0000] {logging_mixin.py:190} INFO - [2026-08-06T18:19:34.119+0000] {dag.py:3239} INFO - Sync 1 DAGs
[2026-08-06T18:19:34.130+0000] {logging_mixin.py:190} INFO - [2026-08-06T18:19:34.130+0000] {dag.py:4180} INFO - Setting next_dagrun for example_params_trigger_ui to None, run_after=None
[2026-08-06T18:19:34.145+0000] {processor.py:208} INFO - Processing /home/airflow/.local/lib/python3.12/site-packages/airflow/example_dags/example_params_trigger_ui.py took 0.076 seconds
[2026-08-06T18:20:04.936+0000] {processor.py:186} INFO - Started process (PID=5435) to work on /home/airflow/.local/lib/python3.12/site-packages/airflow/example_dags/example_params_trigger_ui.py
[2026-08-06T18:20:04.938+0000] {processor.py:914} INFO - Processing file /home/airflow/.local/lib/python3.12/site-packages/airflow/example_dags/example_params_trigger_ui.py for tasks to queue
[2026-08-06T18:20:04.940+0000] {logging_mixin.py:190} INFO - [2026-08-06T18:20:04.940+0000] {dagbag.py:588} INFO - Filling up the DagBag from /home/airflow/.local/lib/python3.12/site-packages/airflow/example_dags/example_params_trigger_ui.py
[2026-08-06T18:20:04.949+0000] {processor.py:925} INFO - DAG(s) 'example_params_trigger_ui' retrieved from /home/airflow/.local/lib/python3.12/site-packages/airflow/example_dags/example_params_trigger_ui.py
[2026-08-06T18:20:04.979+0000] {logging_mixin.py:190} INFO - [2026-08-06T18:20:04.979+0000] {dag.py:3239} INFO - Sync 1 DAGs
[2026-08-06T18:20:04.989+0000] {logging_mixin.py:190} INFO - [2026-08-06T18:20:04.989+0000] {dag.py:4180} INFO - Setting next_dagrun for example_params_trigger_ui to None, run_after=None
[2026-08-06T18:20:05.006+0000] {processor.py:208} INFO - Processing /home/airflow/.local/lib/python3.12/site-packages/airflow/example_dags/example_params_trigger_ui.py took 0.075 seconds
[2026-08-06T18:20:35.502+0000] {processor.py:186} INFO - Started process (PID=5499) to work on /home/airflow/.local/lib/python3.12/site-packages/airflow/example_dags/example_params_trigger_ui.py
[2026-08-06T18:20:35.504+0000] {processor.py:914} INFO - Processing file /home/airflow/.local/lib/python3.12/site-packages/airflow/example_dags/example_params_trigger_ui.py for tasks to queue
[2026-08-06T18:20:35.506+0000] {logging_mixin.py:190} INFO - [2026-08-06T18:20:35.506+0000] {dagbag.py:588} INFO - Filling up the DagBag from /home/airflow/.local/lib/python3.12/site-packages/airflow/example_dags/example_params_trigger_ui.py
[2026-08-06T18:20:35.514+0000] {processor.py:925} INFO - DAG(s) 'example_params_trigger_ui' retrieved from /home/airflow/.local/lib/python3.12/site-packages/airflow/example_dags/example_params_trigger_ui.py
[2026-08-06T18:20:35.542+0000] {logging_mixin.py:190} INFO - [2026-08-06T18:20:35.542+0000] {dag.py:3239} INFO - Sync 1 DAGs
[2026-08-06T18:20:35.552+0000] {logging_mixin.py:190} INFO - [2026-08-06T18:20:35.552+0000] {dag.py:4180} INFO - Setting next_dagrun for example_params_trigger_ui to None, run_after=None
[2026-08-06T18:20:35.568+0000] {processor.py:208} INFO - Processing /home/airflow/.local/lib/python3.12/site-packages/airflow/example_dags/example_params_trigger_ui.py took 0.072 seconds
[2026-08-06T18:21:06.244+0000] {processor.py:186} INFO - Started process (PID=5563) to work on /home/airflow/.local/lib/python3.12/site-packages/airflow/example_dags/example_params_trigger_ui.py
[2026-08-06T18:21:06.246+0000] {processor.py:914} INFO - Processing file /home/airflow/.local/lib/python3.12/site-packages/airflow/example_dags/example_params_trigger_ui.py for tasks to queue
[2026-08-06T18:21:06.248+0000] {logging_mixin.py:190} INFO - [2026-08-06T18:21:06.248+0000] {dagbag.py:588} INFO - Filling up the DagBag from /home/airflow/.local/lib/python3.12/site-packages/airflow/example_dags/example_params_trigger_ui.py
[2026-08-06T18:21:06.261+0000] {processor.py:925} INFO - DAG(s) 'example_params_trigger_ui' retrieved from /home/airflow/.local/lib/python3.12/site-packages/airflow/example_dags/example_params_trigger_ui.py
[2026-08-06T18:21:06.296+0000] {logging_mixin.py:190} INFO - [2026-08-06T18:21:06.296+0000] {dag.py:3239} INFO - Sync 1 DAGs
[2026-08-06T18:21:06.306+0000] {logging_mixin.py:190} INFO - [2026-08-06T18:21:06.306+0000] {dag.py:4180} INFO - Setting next_dagrun for example_params_trigger_ui to None, run_after=None
[2026-08-06T18:21:06.322+0000] {processor.py:208} INFO - Processing /home/airflow/.local/lib/python3.12/site-packages/airflow/example_dags/example_params_trigger_ui.py took 0.082 seconds
[2026-08-06T18:21:36.643+0000] {processor.py:186} INFO - Started process (PID=5633) to work on /home/airflow/.local/lib/python3.12/site-packages/airflow/example_dags/example_params_trigger_ui.py
[2026-08-06T18:21:36.645+0000] {processor.py:914} INFO - Processing file /home/airflow/.local/lib/python3.12/site-packages/airflow/example_dags/example_params_trigger_ui.py for tasks to queue
[2026-08-06T18:21:36.647+0000] {logging_mixin.py:190} INFO - [2026-08-06T18:21:36.647+0000] {dagbag.py:588} INFO - Filling up the DagBag from /home/airflow/.local/lib/python3.12/site-packages/airflow/example_dags/example_params_trigger_ui.py
[2026-08-06T18:21:36.657+0000] {processor.py:925} INFO - DAG(s) 'example_params_trigger_ui' retrieved from /home/airflow/.local/lib/python3.12/site-packages/airflow/example_dags/example_params_trigger_ui.py
[2026-08-06T18:21:36.694+0000] {logging_mixin.py:190} INFO - [2026-08-06T18:21:36.693+0000] {dag.py:3239} INFO - Sync 1 DAGs
[2026-08-06T18:21:36.706+0000] {logging_mixin.py:190} INFO - [2026-08-06T18:21:36.706+0000] {dag.py:4180} INFO - Setting next_dagrun for example_params_trigger_ui to None, run_after=None
[2026-08-06T18:21:36.726+0000] {processor.py:208} INFO - Processing /home/airflow/.local/lib/python3.12/site-packages/airflow/example_dags/example_params_trigger_ui.py took 0.089 seconds
[2026-08-06T18:22:07.088+0000] {processor.py:186} INFO - Started process (PID=5697) to work on /home/airflow/.local/lib/python3.12/site-packages/airflow/example_dags/example_params_trigger_ui.py
[2026-08-06T18:22:07.089+0000] {processor.py:914} INFO - Processing file /home/airflow/.local/lib/python3.12/site-packages/airflow/example_dags/example_params_trigger_ui.py for tasks to queue
[2026-08-06T18:22:07.092+0000] {logging_mixin.py:190} INFO - [2026-08-06T18:22:07.091+0000] {dagbag.py:588} INFO - Filling up the DagBag from /home/airflow/.local/lib/python3.12/site-packages/airflow/example_dags/example_params_trigger_ui.py
[2026-08-06T18:22:07.101+0000] {processor.py:925} INFO - DAG(s) 'example_params_trigger_ui' retrieved from /home/airflow/.local/lib/python3.12/site-packages/airflow/example_dags/example_params_trigger_ui.py
[2026-08-06T18:22:07.139+0000] {logging_mixin.py:190} INFO - [2026-08-06T18:22:07.139+0000] {dag.py:3239} INFO - Sync 1 DAGs
[2026-08-06T18:22:07.150+0000] {logging_mixin.py:190} INFO - [2026-08-06T18:22:07.150+0000] {dag.py:4180} INFO - Setting next_dagrun for example_params_trigger_ui to None, run_after=None
[2026-08-06T18:22:07.167+0000] {processor.py:208} INFO - Processing /home/airflow/.local/lib/python3.12/site-packages/airflow/example_dags/example_params_trigger_ui.py took 0.085 seconds
[2026-08-06T18:22:38.491+0000] {processor.py:186} INFO - Started process (PID=5760) to work on /home/airflow/.local/lib/python3.12/site-packages/airflow/example_dags/example_params_trigger_ui.py
[2026-08-06T18:22:38.492+0000] {processor.py:914} INFO - Processing file /home/airflow/.local/lib/python3.12/site-packages/airflow/example_dags/example_params_trigger_ui.py for tasks to queue
[2026-08-06T18:22:38.496+0000] {logging_mixin.py:190} INFO - [2026-08-06T18:22:38.496+0000] {dagbag.py:588} INFO - Filling up the DagBag from /home/airflow/.local/lib/python3.12/site-packages/airflow/example_dags/example_params_trigger_ui.py
[2026-08-06T18:22:38.535+0000] {processor.py:925} INFO - DAG(s) 'example_params_trigger_ui' retrieved from /home/airflow/.local/lib/python3.12/site-packages/airflow/example_dags/example_params_trigger_ui.py
[2026-08-06T18:22:38.643+0000] {logging_mixin.py:190} INFO - [2026-08-06T18:22:38.642+0000] {dag.py:3239} INFO - Sync 1 DAGs
[2026-08-06T18:22:38.661+0000] {logging_mixin.py:190} INFO - [2026-08-06T18:22:38.661+0000] {dag.py:4180} INFO - Setting next_dagrun for example_params_trigger_ui to None, run_after=None
[2026-08-06T18:22:38.688+0000] {processor.py:208} INFO - Processing /home/airflow/.local/lib/python3.12/site-packages/airflow/example_dags/example_params_trigger_ui.py took 0.214 seconds
[2026-08-06T18:23:09.152+0000] {processor.py:186} INFO - Started process (PID=5824) to work on /home/airflow/.local/lib/python3.12/site-packages/airflow/example_dags/example_params_trigger_ui.py
[2026-08-06T18:23:09.154+0000] {processor.py:914} INFO - Processing file /home/airflow/.local/lib/python3.12/site-packages/airflow/example_dags/example_params_trigger_ui.py for tasks to queue
[2026-08-06T18:23:09.157+0000] {logging_mixin.py:190} INFO - [2026-08-06T18:23:09.157+0000] {dagbag.py:588} INFO - Filling up the DagBag from /home/airflow/.local/lib/python3.12/site-packages/airflow/example_dags/example_params_trigger_ui.py
[2026-08-06T18:23:09.169+0000] {processor.py:925} INFO - DAG(s) 'example_params_trigger_ui' retrieved from /home/airflow/.local/lib/python3.12/site-packages/airflow/example_dags/example_params_trigger_ui.py
[2026-08-06T18:23:09.207+0000] {logging_mixin.py:190} INFO - [2026-08-06T18:23:09.207+0000] {dag.py:3239} INFO - Sync 1 DAGs
[2026-08-06T18:23:09.222+0000] {logging_mixin.py:190} INFO - [2026-08-06T18:23:09.222+0000] {dag.py:4180} INFO - Setting next_dagrun for example_params_trigger_ui to None, run_after=None
[2026-08-06T18:23:09.244+0000] {processor.py:208} INFO - Processing /home/airflow/.local/lib/python3.12/site-packages/airflow/example_dags/example_params_trigger_ui.py took 0.098 seconds
[2026-08-06T18:23:39.404+0000] {processor.py:186} INFO - Started process (PID=5888) to work on /home/airflow/.local/lib/python3.12/site-packages/airflow/example_dags/example_params_trigger_ui.py
[2026-08-06T18:23:39.405+0000] {processor.py:914} INFO - Processing file /home/airflow/.local/lib/python3.12/site-packages/airflow/example_dags/example_params_trigger_ui.py for tasks to queue
[2026-08-06T18:23:39.408+0000] {logging_mixin.py:190} INFO - [2026-08-06T18:23:39.408+0000] {dagbag.py:588} INFO - Filling up the DagBag from /home/airflow/.local/lib/python3.12/site-packages/airflow/example_dags/example_params_trigger_ui.py
[2026-08-06T18:23:39.418+0000] {processor.py:925} INFO - DAG(s) 'example_params_trigger_ui' retrieved from /home/airflow/.local/lib/python3.12/site-packages/airflow/example_dags/example_params_trigger_ui.py
[2026-08-06T18:23:39.459+0000] {logging_mixin.py:190} INFO - [2026-08-06T18:23:39.459+0000] {dag.py:3239} INFO - Sync 1 DAGs
[2026-08-06T18:23:39.473+0000] {logging_mixin.py:190} INFO - [2026-08-06T18:23:39.472+0000] {dag.py:4180} INFO - Setting next_dagrun for example_params_trigger_ui to None, run_after=None
[2026-08-06T18:23:39.495+0000] {processor.py:208} INFO - Processing /home/airflow/.local/lib/python3.12/site-packages/airflow/example_dags/example_params_trigger_ui.py took 0.096 seconds
[2026-08-06T18:24:10.491+0000] {processor.py:186} INFO - Started process (PID=5952) to work on /home/airflow/.local/lib/python3.12/site-packages/airflow/example_dags/example_params_trigger_ui.py
[2026-08-06T18:24:10.493+0000] {processor.py:914} INFO - Processing file /home/airflow/.local/lib/python3.12/site-packages/airflow/example_dags/example_params_trigger_ui.py for tasks to queue
[2026-08-06T18:24:10.497+0000] {logging_mixin.py:190} INFO - [2026-08-06T18:24:10.496+0000] {dagbag.py:588} INFO - Filling up the DagBag from /home/airflow/.local/lib/python3.12/site-packages/airflow/example_dags/example_params_trigger_ui.py
[2026-08-06T18:24:10.513+0000] {processor.py:925} INFO - DAG(s) 'example_params_trigger_ui' retrieved from /home/airflow/.local/lib/python3.12/site-packages/airflow/example_dags/example_params_trigger_ui.py
[2026-08-06T18:24:10.560+0000] {logging_mixin.py:190} INFO - [2026-08-06T18:24:10.560+0000] {dag.py:3239} INFO - Sync 1 DAGs
[2026-08-06T18:24:10.583+0000] {logging_mixin.py:190} INFO - [2026-08-06T18:24:10.583+0000] {dag.py:4180} INFO - Setting next_dagrun for example_params_trigger_ui to None, run_after=None
[2026-08-06T18:24:10.609+0000] {processor.py:208} INFO - Processing /home/airflow/.local/lib/python3.12/site-packages/airflow/example_dags/example_params_trigger_ui.py took 0.126 seconds
[2026-08-06T18:24:41.158+0000] {processor.py:186} INFO - Started process (PID=6016) to work on /home/airflow/.local/lib/python3.12/site-packages/airflow/example_dags/example_params_trigger_ui.py
[2026-08-06T18:24:41.160+0000] {processor.py:914} INFO - Processing file /home/airflow/.local/lib/python3.12/site-packages/airflow/example_dags/example_params_trigger_ui.py for tasks to queue
[2026-08-06T18:24:41.162+0000] {logging_mixin.py:190} INFO - [2026-08-06T18:24:41.162+0000] {dagbag.py:588} INFO - Filling up the DagBag from /home/airflow/.local/lib/python3.12/site-packages/airflow/example_dags/example_params_trigger_ui.py
[2026-08-06T18:24:41.175+0000] {processor.py:925} INFO - DAG(s) 'example_params_trigger_ui' retrieved from /home/airflow/.local/lib/python3.12/site-packages/airflow/example_dags/example_params_trigger_ui.py
[2026-08-06T18:24:41.214+0000] {logging_mixin.py:190} INFO - [2026-08-06T18:24:41.213+0000] {dag.py:3239} INFO - Sync 1 DAGs
[2026-08-06T18:24:41.224+0000] {logging_mixin.py:190} INFO - [2026-08-06T18:24:41.224+0000] {dag.py:4180} INFO - Setting next_dagrun for example_params_trigger_ui to None, run_after=None
[2026-08-06T18:24:41.240+0000] {processor.py:208} INFO - Processing /home/airflow/.local/lib/python3.12/site-packages/airflow/example_dags/example_params_trigger_ui.py took 0.089 seconds
[2026-08-06T18:25:11.774+0000] {processor.py:186} INFO - Started process (PID=6080) to work on /home/airflow/.local/lib/python3.12/site-packages/airflow/example_dags/example_params_trigger_ui.py
[2026-08-06T18:25:11.776+0000] {processor.py:914} INFO - Processing file /home/airflow/.local/lib/python3.12/site-packages/airflow/example_dags/example_params_trigger_ui.py for tasks to queue
[2026-08-06T18:25:11.779+0000] {logging_mixin.py:190} INFO - [2026-08-06T18:25:11.778+0000] {dagbag.py:588} INFO - Filling up the DagBag from /home/airflow/.local/lib/python3.12/site-packages/airflow/example_dags/example_params_trigger_ui.py
[2026-08-06T18:25:11.788+0000] {processor.py:925} INFO - DAG(s) 'example_params_trigger_ui' retrieved from /home/airflow/.local/lib/python3.12/site-packages/airflow/example_dags/example_params_trigger_ui.py
[2026-08-06T18:25:11.819+0000] {logging_mixin.py:190} INFO - [2026-08-06T18:25:11.819+0000] {dag.py:3239} INFO - Sync 1 DAGs
[2026-08-06T18:25:11.832+0000] {logging_mixin.py:190} INFO - [2026-08-06T18:25:11.832+0000] {dag.py:4180} INFO - Setting next_dagrun for example_params_trigger_ui to None, run_after=None
[2026-08-06T18:25:11.848+0000] {processor.py:208} INFO - Processing /home/airflow/.local/lib/python3.12/site-packages/airflow/example_dags/example_params_trigger_ui.py took 0.079 seconds
[2026-08-06T18:25:42.829+0000] {processor.py:186} INFO - Started process (PID=6144) to work on /home/airflow/.local/lib/python3.12/site-packages/airflow/example_dags/example_params_trigger_ui.py
[2026-08-06T18:25:42.830+0000] {processor.py:914} INFO - Processing file /home/airflow/.local/lib/python3.12/site-packages/airflow/example_dags/example_params_trigger_ui.py for tasks to queue
[2026-08-06T18:25:42.832+0000] {logging_mixin.py:190} INFO - [2026-08-06T18:25:42.832+0000] {dagbag.py:588} INFO - Filling up the DagBag from /home/airflow/.local/lib/python3.12/site-packages/airflow/example_dags/example_params_trigger_ui.py
[2026-08-06T18:25:42.842+0000] {processor.py:925} INFO - DAG(s) 'example_params_trigger_ui' retrieved from /home/airflow/.local/lib/python3.12/site-packages/airflow/example_dags/example_params_trigger_ui.py
[2026-08-06T18:25:42.877+0000] {logging_mixin.py:190} INFO - [2026-08-06T18:25:42.877+0000] {dag.py:3239} INFO - Sync 1 DAGs
[2026-08-06T18:25:42.891+0000] {logging_mixin.py:190} INFO - [2026-08-06T18:25:42.890+0000] {dag.py:4180} INFO - Setting next_dagrun for example_params_trigger_ui to None, run_after=None
[2026-08-06T18:25:42.910+0000] {processor.py:208} INFO - Processing /home/airflow/.local/lib/python3.12/site-packages/airflow/example_dags/example_params_trigger_ui.py took 0.088 seconds
[2026-08-06T18:26:13.732+0000] {processor.py:186} INFO - Started process (PID=6208) to work on /home/airflow/.local/lib/python3.12/site-packages/airflow/example_dags/example_params_trigger_ui.py
[2026-08-06T18:26:13.733+0000] {processor.py:914} INFO - Processing file /home/airflow/.local/lib/python3.12/site-packages/airflow/example_dags/example_params_trigger_ui.py for tasks to queue
[2026-08-06T18:26:13.735+0000] {logging_mixin.py:190} INFO - [2026-08-06T18:26:13.735+0000] {dagbag.py:588} INFO - Filling up the DagBag from /home/airflow/.local/lib/python3.12/site-packages/airflow/example_dags/example_params_trigger_ui.py
[2026-08-06T18:26:13.746+0000] {processor.py:925} INFO - DAG(s) 'example_params_trigger_ui' retrieved from /home/airflow/.local/lib/python3.12/site-packages/airflow/example_dags/example_params_trigger_ui.py
[2026-08-06T18:26:13.784+0000] {logging_mixin.py:190} INFO - [2026-08-06T18:26:13.784+0000] {dag.py:3239} INFO - Sync 1 DAGs
[2026-08-06T18:26:13.798+0000] {logging_mixin.py:190} INFO - [2026-08-06T18:26:13.798+0000] {dag.py:4180} INFO - Setting next_dagrun for example_params_trigger_ui to None, run_after=None
[2026-08-06T18:26:13.818+0000] {processor.py:208} INFO - Processing /home/airflow/.local/lib/python3.12/site-packages/airflow/example_dags/example_params_trigger_ui.py took 0.091 seconds
[2026-08-06T18:26:45.279+0000] {processor.py:186} INFO - Started process (PID=6272) to work on /home/airflow/.local/lib/python3.12/site-packages/airflow/example_dags/example_params_trigger_ui.py
[2026-08-06T18:26:45.280+0000] {processor.py:914} INFO - Processing file /home/airflow/.local/lib/python3.12/site-packages/airflow/example_dags/example_params_trigger_ui.py for tasks to queue
[2026-08-06T18:26:45.283+0000] {logging_mixin.py:190} INFO - [2026-08-06T18:26:45.283+0000] {dagbag.py:588} INFO - Filling up the DagBag from /home/airflow/.local/lib/python3.12/site-packages/airflow/example_dags/example_params_trigger_ui.py
[2026-08-06T18:26:45.295+0000] {processor.py:925} INFO - DAG(s) 'example_params_trigger_ui' retrieved from /home/airflow/.local/lib/python3.12/site-packages/airflow/example_dags/example_params_trigger_ui.py
[2026-08-06T18:26:45.338+0000] {logging_mixin.py:190} INFO - [2026-08-06T18:26:45.337+0000] {dag.py:3239} INFO - Sync 1 DAGs
[2026-08-06T18:26:45.351+0000] {logging_mixin.py:190} INFO - [2026-08-06T18:26:45.351+0000] {dag.py:4180} INFO - Setting next_dagrun for example_params_trigger_ui to None, run_after=None
[2026-08-06T18:26:45.373+0000] {processor.py:208} INFO - Processing /home/airflow/.local/lib/python3.12/site-packages/airflow/example_dags/example_params_trigger_ui.py took 0.099 seconds
[2026-08-06T18:27:16.288+0000] {processor.py:186} INFO - Started process (PID=6336) to work on /home/airflow/.local/lib/python3.12/site-packages/airflow/example_dags/example_params_trigger_ui.py
[2026-08-06T18:27:16.289+0000] {processor.py:914} INFO - Processing file /home/airflow/.local/lib/python3.12/site-packages/airflow/example_dags/example_params_trigger_ui.py for tasks to queue
[2026-08-06T18:27:16.291+0000] {logging_mixin.py:190} INFO - [2026-08-06T18:27:16.291+0000] {dagbag.py:588} INFO - Filling up the DagBag from /home/airflow/.local/lib/python3.12/site-packages/airflow/example_dags/example_params_trigger_ui.py
[2026-08-06T18:27:16.300+0000] {processor.py:925} INFO - DAG(s) 'example_params_trigger_ui' retrieved from /home/airflow/.local/lib/python3.12/site-packages/airflow/example_dags/example_params_trigger_ui.py
[2026-08-06T18:27:16.337+0000] {logging_mixin.py:190} INFO - [2026-08-06T18:27:16.337+0000] {dag.py:3239} INFO - Sync 1 DAGs
[2026-08-06T18:27:16.348+0000] {logging_mixin.py:190} INFO - [2026-08-06T18:27:16.348+0000] {dag.py:4180} INFO - Setting next_dagrun for example_params_trigger_ui to None, run_after=None
[2026-08-06T18:27:16.365+0000] {processor.py:208} INFO - Processing /home/airflow/.local/lib/python3.12/site-packages/airflow/example_dags/example_params_trigger_ui.py took 0.081 seconds
[2026-08-06T18:27:47.250+0000] {processor.py:186} INFO - Started process (PID=6400) to work on /home/airflow/.local/lib/python3.12/site-packages/airflow/example_dags/example_params_trigger_ui.py
[2026-08-06T18:27:47.252+0000] {processor.py:914} INFO - Processing file /home/airflow/.local/lib/python3.12/site-packages/airflow/example_dags/example_params_trigger_ui.py for tasks to queue
[2026-08-06T18:27:47.254+0000] {logging_mixin.py:190} INFO - [2026-08-06T18:27:47.254+0000] {dagbag.py:588} INFO - Filling up the DagBag from /home/airflow/.local/lib/python3.12/site-packages/airflow/example_dags/example_params_trigger_ui.py
[2026-08-06T18:27:47.264+0000] {processor.py:925} INFO - DAG(s) 'example_params_trigger_ui' retrieved from /home/airflow/.local/lib/python3.12/site-packages/airflow/example_dags/example_params_trigger_ui.py
[2026-08-06T18:27:47.302+0000] {logging_mixin.py:190} INFO - [2026-08-06T18:27:47.301+0000] {dag.py:3239} INFO - Sync 1 DAGs
[2026-08-06T18:27:47.317+0000] {logging_mixin.py:190} INFO - [2026-08-06T18:27:47.316+0000] {dag.py:4180} INFO - Setting next_dagrun for example_params_trigger_ui to None, run_after=None
[2026-08-06T18:27:47.335+0000] {processor.py:208} INFO - Processing /home/airflow/.local/lib/python3.12/site-packages/airflow/example_dags/example_params_trigger_ui.py took 0.090 seconds
[2026-08-06T18:28:18.687+0000] {processor.py:186} INFO - Started process (PID=6464) to work on /home/airflow/.local/lib/python3.12/site-packages/airflow/example_dags/example_params_trigger_ui.py
[2026-08-06T18:28:18.688+0000] {processor.py:914} INFO - Processing file /home/airflow/.local/lib/python3.12/site-packages/airflow/example_dags/example_params_trigger_ui.py for tasks to queue
[2026-08-06T18:28:18.690+0000] {logging_mixin.py:190} INFO - [2026-08-06T18:28:18.690+0000] {dagbag.py:588} INFO - Filling up the DagBag from /home/airflow/.local/lib/python3.12/site-packages/airflow/example_dags/example_params_trigger_ui.py
[2026-08-06T18:28:18.699+0000] {processor.py:925} INFO - DAG(s) 'example_params_trigger_ui' retrieved from /home/airflow/.local/lib/python3.12/site-packages/airflow/example_dags/example_params_trigger_ui.py
[2026-08-06T18:28:18.736+0000] {logging_mixin.py:190} INFO - [2026-08-06T18:28:18.736+0000] {dag.py:3239} INFO - Sync 1 DAGs
[2026-08-06T18:28:18.747+0000] {logging_mixin.py:190} INFO - [2026-08-06T18:28:18.747+0000] {dag.py:4180} INFO - Setting next_dagrun for example_params_trigger_ui to None, run_after=None
[2026-08-06T18:28:18.763+0000] {processor.py:208} INFO - Processing /home/airflow/.local/lib/python3.12/site-packages/airflow/example_dags/example_params_trigger_ui.py took 0.081 seconds
[2026-08-06T18:28:49.621+0000] {processor.py:186} INFO - Started process (PID=6528) to work on /home/airflow/.local/lib/python3.12/site-packages/airflow/example_dags/example_params_trigger_ui.py
[2026-08-06T18:28:49.622+0000] {processor.py:914} INFO - Processing file /home/airflow/.local/lib/python3.12/site-packages/airflow/example_dags/example_params_trigger_ui.py for tasks to queue
[2026-08-06T18:28:49.625+0000] {logging_mixin.py:190} INFO - [2026-08-06T18:28:49.624+0000] {dagbag.py:588} INFO - Filling up the DagBag from /home/airflow/.local/lib/python3.12/site-packages/airflow/example_dags/example_params_trigger_ui.py
[2026-08-06T18:28:49.635+0000] {processor.py:925} INFO - DAG(s) 'example_params_trigger_ui' retrieved from /home/airflow/.local/lib/python3.12/site-packages/airflow/example_dags/example_params_trigger_ui.py
[2026-08-06T18:28:49.666+0000] {logging_mixin.py:190} INFO - [2026-08-06T18:28:49.666+0000] {dag.py:3239} INFO - Sync 1 DAGs
[2026-08-06T18:28:49.678+0000] {logging_mixin.py:190} INFO - [2026-08-06T18:28:49.677+0000] {dag.py:4180} INFO - Setting next_dagrun for example_params_trigger_ui to None, run_after=None
[2026-08-06T18:28:49.693+0000] {processor.py:208} INFO - Processing /home/airflow/.local/lib/python3.12/site-packages/airflow/example_dags/example_params_trigger_ui.py took 0.078 seconds
[2026-08-06T18:29:20.598+0000] {processor.py:186} INFO - Started process (PID=6592) to work on /home/airflow/.local/lib/python3.12/site-packages/airflow/example_dags/example_params_trigger_ui.py
[2026-08-06T18:29:20.599+0000] {processor.py:914} INFO - Processing file /home/airflow/.local/lib/python3.12/site-packages/airflow/example_dags/example_params_trigger_ui.py for tasks to queue
[2026-08-06T18:29:20.601+0000] {logging_mixin.py:190} INFO - [2026-08-06T18:29:20.601+0000] {dagbag.py:588} INFO - Filling up the DagBag from /home/airflow/.local/lib/python3.12/site-packages/airflow/example_dags/example_params_trigger_ui.py
[2026-08-06T18:29:20.610+0000] {processor.py:925} INFO - DAG(s) 'example_params_trigger_ui' retrieved from /home/airflow/.local/lib/python3.12/site-packages/airflow/example_dags/example_params_trigger_ui.py
[2026-08-06T18:29:20.642+0000] {logging_mixin.py:190} INFO - [2026-08-06T18:29:20.642+0000] {dag.py:3239} INFO - Sync 1 DAGs
[2026-08-06T18:29:20.654+0000] {logging_mixin.py:190} INFO - [2026-08-06T18:29:20.654+0000] {dag.py:4180} INFO - Setting next_dagrun for example_params_trigger_ui to None, run_after=None
[2026-08-06T18:29:20.669+0000] {processor.py:208} INFO - Processing /home/airflow/.local/lib/python3.12/site-packages/airflow/example_dags/example_params_trigger_ui.py took 0.076 seconds
[2026-08-06T18:29:51.327+0000] {processor.py:186} INFO - Started process (PID=6656) to work on /home/airflow/.local/lib/python3.12/site-packages/airflow/example_dags/example_params_trigger_ui.py
[2026-08-06T18:29:51.328+0000] {processor.py:914} INFO - Processing file /home/airflow/.local/lib/python3.12/site-packages/airflow/example_dags/example_params_trigger_ui.py for tasks to queue
[2026-08-06T18:29:51.332+0000] {logging_mixin.py:190} INFO - [2026-08-06T18:29:51.331+0000] {dagbag.py:588} INFO - Filling up the DagBag from /home/airflow/.local/lib/python3.12/site-packages/airflow/example_dags/example_params_trigger_ui.py
[2026-08-06T18:29:51.341+0000] {processor.py:925} INFO - DAG(s) 'example_params_trigger_ui' retrieved from /home/airflow/.local/lib/python3.12/site-packages/airflow/example_dags/example_params_trigger_ui.py
[2026-08-06T18:29:51.377+0000] {logging_mixin.py:190} INFO - [2026-08-06T18:29:51.377+0000] {dag.py:3239} INFO - Sync 1 DAGs
[2026-08-06T18:29:51.388+0000] {logging_mixin.py:190} INFO - [2026-08-06T18:29:51.388+0000] {dag.py:4180} INFO - Setting next_dagrun for example_params_trigger_ui to None, run_after=None
[2026-08-06T18:29:51.407+0000] {processor.py:208} INFO - Processing /home/airflow/.local/lib/python3.12/site-packages/airflow/example_dags/example_params_trigger_ui.py took 0.084 seconds
[2026-08-06T18:30:22.265+0000] {processor.py:186} INFO - Started process (PID=6720) to work on /home/airflow/.local/lib/python3.12/site-packages/airflow/example_dags/example_params_trigger_ui.py
[2026-08-06T18:30:22.266+0000] {processor.py:914} INFO - Processing file /home/airflow/.local/lib/python3.12/site-packages/airflow/example_dags/example_params_trigger_ui.py for tasks to queue
[2026-08-06T18:30:22.268+0000] {logging_mixin.py:190} INFO - [2026-08-06T18:30:22.268+0000] {dagbag.py:588} INFO - Filling up the DagBag from /home/airflow/.local/lib/python3.12/site-packages/airflow/example_dags/example_params_trigger_ui.py
[2026-08-06T18:30:22.278+0000] {processor.py:925} INFO - DAG(s) 'example_params_trigger_ui' retrieved from /home/airflow/.local/lib/python3.12/site-packages/airflow/example_dags/example_params_trigger_ui.py
[2026-08-06T18:30:22.314+0000] {logging_mixin.py:190} INFO - [2026-08-06T18:30:22.314+0000] {dag.py:3239} INFO - Sync 1 DAGs
[2026-08-06T18:30:22.325+0000] {logging_mixin.py:190} INFO - [2026-08-06T18:30:22.325+0000] {dag.py:4180} INFO - Setting next_dagrun for example_params_trigger_ui to None, run_after=None
[2026-08-06T18:30:22.343+0000] {processor.py:208} INFO - Processing /home/airflow/.local/lib/python3.12/site-packages/airflow/example_dags/example_params_trigger_ui.py took 0.084 seconds
[2026-08-06T18:30:53.144+0000] {processor.py:186} INFO - Started process (PID=6784) to work on /home/airflow/.local/lib/python3.12/site-packages/airflow/example_dags/example_params_trigger_ui.py
[2026-08-06T18:30:53.145+0000] {processor.py:914} INFO - Processing file /home/airflow/.local/lib/python3.12/site-packages/airflow/example_dags/example_params_trigger_ui.py for tasks to queue
[2026-08-06T18:30:53.147+0000] {logging_mixin.py:190} INFO - [2026-08-06T18:30:53.147+0000] {dagbag.py:588} INFO - Filling up the DagBag from /home/airflow/.local/lib/python3.12/site-packages/airflow/example_dags/example_params_trigger_ui.py
[2026-08-06T18:30:53.155+0000] {processor.py:925} INFO - DAG(s) 'example_params_trigger_ui' retrieved from /home/airflow/.local/lib/python3.12/site-packages/airflow/example_dags/example_params_trigger_ui.py
[2026-08-06T18:30:53.188+0000] {logging_mixin.py:190} INFO - [2026-08-06T18:30:53.188+0000] {dag.py:3239} INFO - Sync 1 DAGs
[2026-08-06T18:30:53.199+0000] {logging_mixin.py:190} INFO - [2026-08-06T18:30:53.199+0000] {dag.py:4180} INFO - Setting next_dagrun for example_params_trigger_ui to None, run_after=None
[2026-08-06T18:30:53.213+0000] {processor.py:208} INFO - Processing /home/airflow/.local/lib/python3.12/site-packages/airflow/example_dags/example_params_trigger_ui.py took 0.074 seconds
[2026-08-06T18:31:24.039+0000] {processor.py:186} INFO - Started process (PID=6847) to work on /home/airflow/.local/lib/python3.12/site-packages/airflow/example_dags/example_params_trigger_ui.py
[2026-08-06T18:31:24.041+0000] {processor.py:914} INFO - Processing file /home/airflow/.local/lib/python3.12/site-packages/airflow/example_dags/example_params_trigger_ui.py for tasks to queue
[2026-08-06T18:31:24.044+0000] {logging_mixin.py:190} INFO - [2026-08-06T18:31:24.043+0000] {dagbag.py:588} INFO - Filling up the DagBag from /home/airflow/.local/lib/python3.12/site-packages/airflow/example_dags/example_params_trigger_ui.py
[2026-08-06T18:31:24.054+0000] {processor.py:925} INFO - DAG(s) 'example_params_trigger_ui' retrieved from /home/airflow/.local/lib/python3.12/site-packages/airflow/example_dags/example_params_trigger_ui.py
[2026-08-06T18:31:24.091+0000] {logging_mixin.py:190} INFO - [2026-08-06T18:31:24.090+0000] {dag.py:3239} INFO - Sync 1 DAGs
[2026-08-06T18:31:24.102+0000] {logging_mixin.py:190} INFO - [2026-08-06T18:31:24.102+0000] {dag.py:4180} INFO - Setting next_dagrun for example_params_trigger_ui to None, run_after=None
[2026-08-06T18:31:24.122+0000] {processor.py:208} INFO - Processing /home/airflow/.local/lib/python3.12/site-packages/airflow/example_dags/example_params_trigger_ui.py took 0.090 seconds
[2026-08-06T18:31:55.133+0000] {processor.py:186} INFO - Started process (PID=6911) to work on /home/airflow/.local/lib/python3.12/site-packages/airflow/example_dags/example_params_trigger_ui.py
[2026-08-06T18:31:55.134+0000] {processor.py:914} INFO - Processing file /home/airflow/.local/lib/python3.12/site-packages/airflow/example_dags/example_params_trigger_ui.py for tasks to queue
[2026-08-06T18:31:55.136+0000] {logging_mixin.py:190} INFO - [2026-08-06T18:31:55.136+0000] {dagbag.py:588} INFO - Filling up the DagBag from /home/airflow/.local/lib/python3.12/site-packages/airflow/example_dags/example_params_trigger_ui.py
[2026-08-06T18:31:55.147+0000] {processor.py:925} INFO - DAG(s) 'example_params_trigger_ui' retrieved from /home/airflow/.local/lib/python3.12/site-packages/airflow/example_dags/example_params_trigger_ui.py
[2026-08-06T18:31:55.179+0000] {logging_mixin.py:190} INFO - [2026-08-06T18:31:55.179+0000] {dag.py:3239} INFO - Sync 1 DAGs
[2026-08-06T18:31:55.191+0000] {logging_mixin.py:190} INFO - [2026-08-06T18:31:55.191+0000] {dag.py:4180} INFO - Setting next_dagrun for example_params_trigger_ui to None, run_after=None
[2026-08-06T18:31:55.210+0000] {processor.py:208} INFO - Processing /home/airflow/.local/lib/python3.12/site-packages/airflow/example_dags/example_params_trigger_ui.py took 0.081 seconds
[2026-08-06T18:32:25.928+0000] {processor.py:186} INFO - Started process (PID=6975) to work on /home/airflow/.local/lib/python3.12/site-packages/airflow/example_dags/example_params_trigger_ui.py
[2026-08-06T18:32:25.930+0000] {processor.py:914} INFO - Processing file /home/airflow/.local/lib/python3.12/site-packages/airflow/example_dags/example_params_trigger_ui.py for tasks to queue
[2026-08-06T18:32:25.932+0000] {logging_mixin.py:190} INFO - [2026-08-06T18:32:25.932+0000] {dagbag.py:588} INFO - Filling up the DagBag from /home/airflow/.local/lib/python3.12/site-packages/airflow/example_dags/example_params_trigger_ui.py
[2026-08-06T18:32:25.943+0000] {processor.py:925} INFO - DAG(s) 'example_params_trigger_ui' retrieved from /home/airflow/.local/lib/python3.12/site-packages/airflow/example_dags/example_params_trigger_ui.py
[2026-08-06T18:32:25.981+0000] {logging_mixin.py:190} INFO - [2026-08-06T18:32:25.980+0000] {dag.py:3239} INFO - Sync 1 DAGs
[2026-08-06T18:32:25.994+0000] {logging_mixin.py:190} INFO - [2026-08-06T18:32:25.993+0000] {dag.py:4180} INFO - Setting next_dagrun for example_params_trigger_ui to None, run_after=None
[2026-08-06T18:32:26.011+0000] {processor.py:208} INFO - Processing /home/airflow/.local/lib/python3.12/site-packages/airflow/example_dags/example_params_trigger_ui.py took 0.087 seconds
[2026-08-06T18:32:56.892+0000] {processor.py:186} INFO - Started process (PID=7039) to work on /home/airflow/.local/lib/python3.12/site-packages/airflow/example_dags/example_params_trigger_ui.py
[2026-08-06T18:32:56.894+0000] {processor.py:914} INFO - Processing file /home/airflow/.local/lib/python3.12/site-packages/airflow/example_dags/example_params_trigger_ui.py for tasks to queue
[2026-08-06T18:32:56.896+0000] {logging_mixin.py:190} INFO - [2026-08-06T18:32:56.896+0000] {dagbag.py:588} INFO - Filling up the DagBag from /home/airflow/.local/lib/python3.12/site-packages/airflow/example_dags/example_params_trigger_ui.py
[2026-08-06T18:32:56.905+0000] {processor.py:925} INFO - DAG(s) 'example_params_trigger_ui' retrieved from /home/airflow/.local/lib/python3.12/site-packages/airflow/example_dags/example_params_trigger_ui.py
[2026-08-06T18:32:56.937+0000] {logging_mixin.py:190} INFO - [2026-08-06T18:32:56.937+0000] {dag.py:3239} INFO - Sync 1 DAGs
[2026-08-06T18:32:56.947+0000] {logging_mixin.py:190} INFO - [2026-08-06T18:32:56.947+0000] {dag.py:4180} INFO - Setting next_dagrun for example_params_trigger_ui to None, run_after=None
[2026-08-06T18:32:56.962+0000] {processor.py:208} INFO - Processing /home/airflow/.local/lib/python3.12/site-packages/airflow/example_dags/example_params_trigger_ui.py took 0.074 seconds
[2026-08-06T18:33:27.498+0000] {processor.py:186} INFO - Started process (PID=7103) to work on /home/airflow/.local/lib/python3.12/site-packages/airflow/example_dags/example_params_trigger_ui.py
[2026-08-06T18:33:27.499+0000] {processor.py:914} INFO - Processing file /home/airflow/.local/lib/python3.12/site-packages/airflow/example_dags/example_params_trigger_ui.py for tasks to queue
[2026-08-06T18:33:27.503+0000] {logging_mixin.py:190} INFO - [2026-08-06T18:33:27.502+0000] {dagbag.py:588} INFO - Filling up the DagBag from /home/airflow/.local/lib/python3.12/site-packages/airflow/example_dags/example_params_trigger_ui.py
[2026-08-06T18:33:27.513+0000] {processor.py:925} INFO - DAG(s) 'example_params_trigger_ui' retrieved from /home/airflow/.local/lib/python3.12/site-packages/airflow/example_dags/example_params_trigger_ui.py
[2026-08-06T18:33:27.555+0000] {logging_mixin.py:190} INFO - [2026-08-06T18:33:27.555+0000] {dag.py:3239} INFO - Sync 1 DAGs
[2026-08-06T18:33:27.574+0000] {logging_mixin.py:190} INFO - [2026-08-06T18:33:27.573+0000] {dag.py:4180} INFO - Setting next_dagrun for example_params_trigger_ui to None, run_after=None
[2026-08-06T18:33:27.598+0000] {processor.py:208} INFO - Processing /home/airflow/.local/lib/python3.12/site-packages/airflow/example_dags/example_params_trigger_ui.py took 0.105 seconds
[2026-08-06T18:33:58.689+0000] {processor.py:186} INFO - Started process (PID=7167) to work on /home/airflow/.local/lib/python3.12/site-packages/airflow/example_dags/example_params_trigger_ui.py
[2026-08-06T18:33:58.691+0000] {processor.py:914} INFO - Processing file /home/airflow/.local/lib/python3.12/site-packages/airflow/example_dags/example_params_trigger_ui.py for tasks to queue
[2026-08-06T18:33:58.693+0000] {logging_mixin.py:190} INFO - [2026-08-06T18:33:58.693+0000] {dagbag.py:588} INFO - Filling up the DagBag from /home/airflow/.local/lib/python3.12/site-packages/airflow/example_dags/example_params_trigger_ui.py
[2026-08-06T18:33:58.704+0000] {processor.py:925} INFO - DAG(s) 'example_params_trigger_ui' retrieved from /home/airflow/.local/lib/python3.12/site-packages/airflow/example_dags/example_params_trigger_ui.py
[2026-08-06T18:33:58.742+0000] {logging_mixin.py:190} INFO - [2026-08-06T18:33:58.742+0000] {dag.py:3239} INFO - Sync 1 DAGs
[2026-08-06T18:33:58.756+0000] {logging_mixin.py:190} INFO - [2026-08-06T18:33:58.756+0000] {dag.py:4180} INFO - Setting next_dagrun for example_params_trigger_ui to None, run_after=None
[2026-08-06T18:33:58.772+0000] {processor.py:208} INFO - Processing /home/airflow/.local/lib/python3.12/site-packages/airflow/example_dags/example_params_trigger_ui.py took 0.088 seconds
[2026-08-06T18:34:30.375+0000] {processor.py:186} INFO - Started process (PID=7230) to work on /home/airflow/.local/lib/python3.12/site-packages/airflow/example_dags/example_params_trigger_ui.py
[2026-08-06T18:34:30.376+0000] {processor.py:914} INFO - Processing file /home/airflow/.local/lib/python3.12/site-packages/airflow/example_dags/example_params_trigger_ui.py for tasks to queue
[2026-08-06T18:34:30.380+0000] {logging_mixin.py:190} INFO - [2026-08-06T18:34:30.380+0000] {dagbag.py:588} INFO - Filling up the DagBag from /home/airflow/.local/lib/python3.12/site-packages/airflow/example_dags/example_params_trigger_ui.py
[2026-08-06T18:34:30.392+0000] {processor.py:925} INFO - DAG(s) 'example_params_trigger_ui' retrieved from /home/airflow/.local/lib/python3.12/site-packages/airflow/example_dags/example_params_trigger_ui.py
[2026-08-06T18:34:30.433+0000] {logging_mixin.py:190} INFO - [2026-08-06T18:34:30.433+0000] {dag.py:3239} INFO - Sync 1 DAGs
[2026-08-06T18:34:30.447+0000] {logging_mixin.py:190} INFO - [2026-08-06T18:34:30.447+0000] {dag.py:4180} INFO - Setting next_dagrun for example_params_trigger_ui to None, run_after=None
[2026-08-06T18:34:30.469+0000] {processor.py:208} INFO - Processing /home/airflow/.local/lib/python3.12/site-packages/airflow/example_dags/example_params_trigger_ui.py took 0.102 seconds
[2026-08-06T18:35:01.283+0000] {processor.py:186} INFO - Started process (PID=7294) to work on /home/airflow/.local/lib/python3.12/site-packages/airflow/example_dags/example_params_trigger_ui.py
[2026-08-06T18:35:01.285+0000] {processor.py:914} INFO - Processing file /home/airflow/.local/lib/python3.12/site-packages/airflow/example_dags/example_params_trigger_ui.py for tasks to queue
[2026-08-06T18:35:01.287+0000] {logging_mixin.py:190} INFO - [2026-08-06T18:35:01.287+0000] {dagbag.py:588} INFO - Filling up the DagBag from /home/airflow/.local/lib/python3.12/site-packages/airflow/example_dags/example_params_trigger_ui.py
[2026-08-06T18:35:01.297+0000] {processor.py:925} INFO - DAG(s) 'example_params_trigger_ui' retrieved from /home/airflow/.local/lib/python3.12/site-packages/airflow/example_dags/example_params_trigger_ui.py
[2026-08-06T18:35:01.334+0000] {logging_mixin.py:190} INFO - [2026-08-06T18:35:01.333+0000] {dag.py:3239} INFO - Sync 1 DAGs
[2026-08-06T18:35:01.347+0000] {logging_mixin.py:190} INFO - [2026-08-06T18:35:01.346+0000] {dag.py:4180} INFO - Setting next_dagrun for example_params_trigger_ui to None, run_after=None
[2026-08-06T18:35:01.362+0000] {processor.py:208} INFO - Processing /home/airflow/.local/lib/python3.12/site-packages/airflow/example_dags/example_params_trigger_ui.py took 0.084 seconds
[2026-08-06T18:35:32.636+0000] {processor.py:186} INFO - Started process (PID=7358) to work on /home/airflow/.local/lib/python3.12/site-packages/airflow/example_dags/example_params_trigger_ui.py
[2026-08-06T18:35:32.637+0000] {processor.py:914} INFO - Processing file /home/airflow/.local/lib/python3.12/site-packages/airflow/example_dags/example_params_trigger_ui.py for tasks to queue
[2026-08-06T18:35:32.641+0000] {logging_mixin.py:190} INFO - [2026-08-06T18:35:32.640+0000] {dagbag.py:588} INFO - Filling up the DagBag from /home/airflow/.local/lib/python3.12/site-packages/airflow/example_dags/example_params_trigger_ui.py
[2026-08-06T18:35:32.653+0000] {processor.py:925} INFO - DAG(s) 'example_params_trigger_ui' retrieved from /home/airflow/.local/lib/python3.12/site-packages/airflow/example_dags/example_params_trigger_ui.py
[2026-08-06T18:35:32.705+0000] {logging_mixin.py:190} INFO - [2026-08-06T18:35:32.704+0000] {dag.py:3239} INFO - Sync 1 DAGs
[2026-08-06T18:35:32.724+0000] {logging_mixin.py:190} INFO - [2026-08-06T18:35:32.724+0000] {dag.py:4180} INFO - Setting next_dagrun for example_params_trigger_ui to None, run_after=None
[2026-08-06T18:35:32.746+0000] {processor.py:208} INFO - Processing /home/airflow/.local/lib/python3.12/site-packages/airflow/example_dags/example_params_trigger_ui.py took 0.116 seconds
[2026-08-06T18:36:03.497+0000] {processor.py:186} INFO - Started process (PID=7422) to work on /home/airflow/.local/lib/python3.12/site-packages/airflow/example_dags/example_params_trigger_ui.py
[2026-08-06T18:36:03.498+0000] {processor.py:914} INFO - Processing file /home/airflow/.local/lib/python3.12/site-packages/airflow/example_dags/example_params_trigger_ui.py for tasks to queue
[2026-08-06T18:36:03.500+0000] {logging_mixin.py:190} INFO - [2026-08-06T18:36:03.500+0000] {dagbag.py:588} INFO - Filling up the DagBag from /home/airflow/.local/lib/python3.12/site-packages/airflow/example_dags/example_params_trigger_ui.py
[2026-08-06T18:36:03.510+0000] {processor.py:925} INFO - DAG(s) 'example_params_trigger_ui' retrieved from /home/airflow/.local/lib/python3.12/site-packages/airflow/example_dags/example_params_trigger_ui.py
[2026-08-06T18:36:03.543+0000] {logging_mixin.py:190} INFO - [2026-08-06T18:36:03.542+0000] {dag.py:3239} INFO - Sync 1 DAGs
[2026-08-06T18:36:03.556+0000] {logging_mixin.py:190} INFO - [2026-08-06T18:36:03.556+0000] {dag.py:4180} INFO - Setting next_dagrun for example_params_trigger_ui to None, run_after=None
[2026-08-06T18:36:03.577+0000] {processor.py:208} INFO - Processing /home/airflow/.local/lib/python3.12/site-packages/airflow/example_dags/example_params_trigger_ui.py took 0.085 seconds
[2026-08-06T18:36:34.525+0000] {processor.py:186} INFO - Started process (PID=7486) to work on /home/airflow/.local/lib/python3.12/site-packages/airflow/example_dags/example_params_trigger_ui.py
[2026-08-06T18:36:34.526+0000] {processor.py:914} INFO - Processing file /home/airflow/.local/lib/python3.12/site-packages/airflow/example_dags/example_params_trigger_ui.py for tasks to queue
[2026-08-06T18:36:34.529+0000] {logging_mixin.py:190} INFO - [2026-08-06T18:36:34.529+0000] {dagbag.py:588} INFO - Filling up the DagBag from /home/airflow/.local/lib/python3.12/site-packages/airflow/example_dags/example_params_trigger_ui.py
[2026-08-06T18:36:34.537+0000] {processor.py:925} INFO - DAG(s) 'example_params_trigger_ui' retrieved from /home/airflow/.local/lib/python3.12/site-packages/airflow/example_dags/example_params_trigger_ui.py
[2026-08-06T18:36:34.570+0000] {logging_mixin.py:190} INFO - [2026-08-06T18:36:34.569+0000] {dag.py:3239} INFO - Sync 1 DAGs
[2026-08-06T18:36:34.580+0000] {logging_mixin.py:190} INFO - [2026-08-06T18:36:34.579+0000] {dag.py:4180} INFO - Setting next_dagrun for example_params_trigger_ui to None, run_after=None
[2026-08-06T18:36:34.596+0000] {processor.py:208} INFO - Processing /home/airflow/.local/lib/python3.12/site-packages/airflow/example_dags/example_params_trigger_ui.py took 0.076 seconds
[2026-08-06T18:37:05.155+0000] {processor.py:186} INFO - Started process (PID=7550) to work on /home/airflow/.local/lib/python3.12/site-packages/airflow/example_dags/example_params_trigger_ui.py
[2026-08-06T18:37:05.156+0000] {processor.py:914} INFO - Processing file /home/airflow/.local/lib/python3.12/site-packages/airflow/example_dags/example_params_trigger_ui.py for tasks to queue
[2026-08-06T18:37:05.159+0000] {logging_mixin.py:190} INFO - [2026-08-06T18:37:05.158+0000] {dagbag.py:588} INFO - Filling up the DagBag from /home/airflow/.local/lib/python3.12/site-packages/airflow/example_dags/example_params_trigger_ui.py
[2026-08-06T18:37:05.169+0000] {processor.py:925} INFO - DAG(s) 'example_params_trigger_ui' retrieved from /home/airflow/.local/lib/python3.12/site-packages/airflow/example_dags/example_params_trigger_ui.py
[2026-08-06T18:37:05.202+0000] {logging_mixin.py:190} INFO - [2026-08-06T18:37:05.202+0000] {dag.py:3239} INFO - Sync 1 DAGs
[2026-08-06T18:37:05.215+0000] {logging_mixin.py:190} INFO - [2026-08-06T18:37:05.214+0000] {dag.py:4180} INFO - Setting next_dagrun for example_params_trigger_ui to None, run_after=None
[2026-08-06T18:37:05.232+0000] {processor.py:208} INFO - Processing /home/airflow/.local/lib/python3.12/site-packages/airflow/example_dags/example_params_trigger_ui.py took 0.082 seconds
[2026-08-06T18:37:35.787+0000] {processor.py:186} INFO - Started process (PID=7614) to work on /home/airflow/.local/lib/python3.12/site-packages/airflow/example_dags/example_params_trigger_ui.py
[2026-08-06T18:37:35.788+0000] {processor.py:914} INFO - Processing file /home/airflow/.local/lib/python3.12/site-packages/airflow/example_dags/example_params_trigger_ui.py for tasks to queue
[2026-08-06T18:37:35.791+0000] {logging_mixin.py:190} INFO - [2026-08-06T18:37:35.790+0000] {dagbag.py:588} INFO - Filling up the DagBag from /home/airflow/.local/lib/python3.12/site-packages/airflow/example_dags/example_params_trigger_ui.py
[2026-08-06T18:37:35.800+0000] {processor.py:925} INFO - DAG(s) 'example_params_trigger_ui' retrieved from /home/airflow/.local/lib/python3.12/site-packages/airflow/example_dags/example_params_trigger_ui.py
[2026-08-06T18:37:35.835+0000] {logging_mixin.py:190} INFO - [2026-08-06T18:37:35.835+0000] {dag.py:3239} INFO - Sync 1 DAGs
[2026-08-06T18:37:35.848+0000] {logging_mixin.py:190} INFO - [2026-08-06T18:37:35.848+0000] {dag.py:4180} INFO - Setting next_dagrun for example_params_trigger_ui to None, run_after=None
[2026-08-06T18:37:35.867+0000] {processor.py:208} INFO - Processing /home/airflow/.local/lib/python3.12/site-packages/airflow/example_dags/example_params_trigger_ui.py took 0.086 seconds
[2026-08-06T18:38:07.031+0000] {processor.py:186} INFO - Started process (PID=7678) to work on /home/airflow/.local/lib/python3.12/site-packages/airflow/example_dags/example_params_trigger_ui.py
[2026-08-06T18:38:07.032+0000] {processor.py:914} INFO - Processing file /home/airflow/.local/lib/python3.12/site-packages/airflow/example_dags/example_params_trigger_ui.py for tasks to queue
[2026-08-06T18:38:07.035+0000] {logging_mixin.py:190} INFO - [2026-08-06T18:38:07.035+0000] {dagbag.py:588} INFO - Filling up the DagBag from /home/airflow/.local/lib/python3.12/site-packages/airflow/example_dags/example_params_trigger_ui.py
[2026-08-06T18:38:07.044+0000] {processor.py:925} INFO - DAG(s) 'example_params_trigger_ui' retrieved from /home/airflow/.local/lib/python3.12/site-packages/airflow/example_dags/example_params_trigger_ui.py
[2026-08-06T18:38:07.078+0000] {logging_mixin.py:190} INFO - [2026-08-06T18:38:07.078+0000] {dag.py:3239} INFO - Sync 1 DAGs
[2026-08-06T18:38:07.090+0000] {logging_mixin.py:190} INFO - [2026-08-06T18:38:07.090+0000] {dag.py:4180} INFO - Setting next_dagrun for example_params_trigger_ui to None, run_after=None
[2026-08-06T18:38:07.106+0000] {processor.py:208} INFO - Processing /home/airflow/.local/lib/python3.12/site-packages/airflow/example_dags/example_params_trigger_ui.py took 0.080 seconds
[2026-08-06T18:38:38.294+0000] {processor.py:186} INFO - Started process (PID=7749) to work on /home/airflow/.local/lib/python3.12/site-packages/airflow/example_dags/example_params_trigger_ui.py
[2026-08-06T18:38:38.295+0000] {processor.py:914} INFO - Processing file /home/airflow/.local/lib/python3.12/site-packages/airflow/example_dags/example_params_trigger_ui.py for tasks to queue
[2026-08-06T18:38:38.297+0000] {logging_mixin.py:190} INFO - [2026-08-06T18:38:38.297+0000] {dagbag.py:588} INFO - Filling up the DagBag from /home/airflow/.local/lib/python3.12/site-packages/airflow/example_dags/example_params_trigger_ui.py
[2026-08-06T18:38:38.308+0000] {processor.py:925} INFO - DAG(s) 'example_params_trigger_ui' retrieved from /home/airflow/.local/lib/python3.12/site-packages/airflow/example_dags/example_params_trigger_ui.py
[2026-08-06T18:38:38.340+0000] {logging_mixin.py:190} INFO - [2026-08-06T18:38:38.340+0000] {dag.py:3239} INFO - Sync 1 DAGs
[2026-08-06T18:38:38.353+0000] {logging_mixin.py:190} INFO - [2026-08-06T18:38:38.352+0000] {dag.py:4180} INFO - Setting next_dagrun for example_params_trigger_ui to None, run_after=None
[2026-08-06T18:38:38.372+0000] {processor.py:208} INFO - Processing /home/airflow/.local/lib/python3.12/site-packages/airflow/example_dags/example_params_trigger_ui.py took 0.083 seconds
[2026-08-06T18:39:09.506+0000] {processor.py:186} INFO - Started process (PID=7813) to work on /home/airflow/.local/lib/python3.12/site-packages/airflow/example_dags/example_params_trigger_ui.py
[2026-08-06T18:39:09.508+0000] {processor.py:914} INFO - Processing file /home/airflow/.local/lib/python3.12/site-packages/airflow/example_dags/example_params_trigger_ui.py for tasks to queue
[2026-08-06T18:39:09.510+0000] {logging_mixin.py:190} INFO - [2026-08-06T18:39:09.509+0000] {dagbag.py:588} INFO - Filling up the DagBag from /home/airflow/.local/lib/python3.12/site-packages/airflow/example_dags/example_params_trigger_ui.py
[2026-08-06T18:39:09.518+0000] {processor.py:925} INFO - DAG(s) 'example_params_trigger_ui' retrieved from /home/airflow/.local/lib/python3.12/site-packages/airflow/example_dags/example_params_trigger_ui.py
[2026-08-06T18:39:09.550+0000] {logging_mixin.py:190} INFO - [2026-08-06T18:39:09.550+0000] {dag.py:3239} INFO - Sync 1 DAGs
[2026-08-06T18:39:09.561+0000] {logging_mixin.py:190} INFO - [2026-08-06T18:39:09.561+0000] {dag.py:4180} INFO - Setting next_dagrun for example_params_trigger_ui to None, run_after=None
[2026-08-06T18:39:09.578+0000] {processor.py:208} INFO - Processing /home/airflow/.local/lib/python3.12/site-packages/airflow/example_dags/example_params_trigger_ui.py took 0.076 seconds
[2026-08-06T18:39:40.275+0000] {processor.py:186} INFO - Started process (PID=7877) to work on /home/airflow/.local/lib/python3.12/site-packages/airflow/example_dags/example_params_trigger_ui.py
[2026-08-06T18:39:40.277+0000] {processor.py:914} INFO - Processing file /home/airflow/.local/lib/python3.12/site-packages/airflow/example_dags/example_params_trigger_ui.py for tasks to queue
[2026-08-06T18:39:40.280+0000] {logging_mixin.py:190} INFO - [2026-08-06T18:39:40.279+0000] {dagbag.py:588} INFO - Filling up the DagBag from /home/airflow/.local/lib/python3.12/site-packages/airflow/example_dags/example_params_trigger_ui.py
[2026-08-06T18:39:40.290+0000] {processor.py:925} INFO - DAG(s) 'example_params_trigger_ui' retrieved from /home/airflow/.local/lib/python3.12/site-packages/airflow/example_dags/example_params_trigger_ui.py
[2026-08-06T18:39:40.325+0000] {logging_mixin.py:190} INFO - [2026-08-06T18:39:40.324+0000] {dag.py:3239} INFO - Sync 1 DAGs
[2026-08-06T18:39:40.337+0000] {logging_mixin.py:190} INFO - [2026-08-06T18:39:40.336+0000] {dag.py:4180} INFO - Setting next_dagrun for example_params_trigger_ui to None, run_after=None
[2026-08-06T18:39:40.352+0000] {processor.py:208} INFO - Processing /home/airflow/.local/lib/python3.12/site-packages/airflow/example_dags/example_params_trigger_ui.py took 0.082 seconds
[2026-08-06T18:40:11.799+0000] {processor.py:186} INFO - Started process (PID=7941) to work on /home/airflow/.local/lib/python3.12/site-packages/airflow/example_dags/example_params_trigger_ui.py
[2026-08-06T18:40:11.801+0000] {processor.py:914} INFO - Processing file /home/airflow/.local/lib/python3.12/site-packages/airflow/example_dags/example_params_trigger_ui.py for tasks to queue
[2026-08-06T18:40:11.803+0000] {logging_mixin.py:190} INFO - [2026-08-06T18:40:11.803+0000] {dagbag.py:588} INFO - Filling up the DagBag from /home/airflow/.local/lib/python3.12/site-packages/airflow/example_dags/example_params_trigger_ui.py
[2026-08-06T18:40:11.814+0000] {processor.py:925} INFO - DAG(s) 'example_params_trigger_ui' retrieved from /home/airflow/.local/lib/python3.12/site-packages/airflow/example_dags/example_params_trigger_ui.py
[2026-08-06T18:40:11.850+0000] {logging_mixin.py:190} INFO - [2026-08-06T18:40:11.850+0000] {dag.py:3239} INFO - Sync 1 DAGs
[2026-08-06T18:40:11.864+0000] {logging_mixin.py:190} INFO - [2026-08-06T18:40:11.864+0000] {dag.py:4180} INFO - Setting next_dagrun for example_params_trigger_ui to None, run_after=None
[2026-08-06T18:40:11.883+0000] {processor.py:208} INFO - Processing /home/airflow/.local/lib/python3.12/site-packages/airflow/example_dags/example_params_trigger_ui.py took 0.089 seconds
[2026-08-06T18:40:43.148+0000] {processor.py:186} INFO - Started process (PID=8005) to work on /home/airflow/.local/lib/python3.12/site-packages/airflow/example_dags/example_params_trigger_ui.py
[2026-08-06T18:40:43.149+0000] {processor.py:914} INFO - Processing file /home/airflow/.local/lib/python3.12/site-packages/airflow/example_dags/example_params_trigger_ui.py for tasks to queue
[2026-08-06T18:40:43.153+0000] {logging_mixin.py:190} INFO - [2026-08-06T18:40:43.152+0000] {dagbag.py:588} INFO - Filling up the DagBag from /home/airflow/.local/lib/python3.12/site-packages/airflow/example_dags/example_params_trigger_ui.py
[2026-08-06T18:40:43.163+0000] {processor.py:925} INFO - DAG(s) 'example_params_trigger_ui' retrieved from /home/airflow/.local/lib/python3.12/site-packages/airflow/example_dags/example_params_trigger_ui.py
[2026-08-06T18:40:43.202+0000] {logging_mixin.py:190} INFO - [2026-08-06T18:40:43.202+0000] {dag.py:3239} INFO - Sync 1 DAGs
[2026-08-06T18:40:43.216+0000] {logging_mixin.py:190} INFO - [2026-08-06T18:40:43.215+0000] {dag.py:4180} INFO - Setting next_dagrun for example_params_trigger_ui to None, run_after=None
[2026-08-06T18:40:43.234+0000] {processor.py:208} INFO - Processing /home/airflow/.local/lib/python3.12/site-packages/airflow/example_dags/example_params_trigger_ui.py took 0.092 seconds
[2026-08-06T18:41:14.414+0000] {processor.py:186} INFO - Started process (PID=8069) to work on /home/airflow/.local/lib/python3.12/site-packages/airflow/example_dags/example_params_trigger_ui.py
[2026-08-06T18:41:14.416+0000] {processor.py:914} INFO - Processing file /home/airflow/.local/lib/python3.12/site-packages/airflow/example_dags/example_params_trigger_ui.py for tasks to queue
[2026-08-06T18:41:14.419+0000] {logging_mixin.py:190} INFO - [2026-08-06T18:41:14.419+0000] {dagbag.py:588} INFO - Filling up the DagBag from /home/airflow/.local/lib/python3.12/site-packages/airflow/example_dags/example_params_trigger_ui.py
[2026-08-06T18:41:14.431+0000] {processor.py:925} INFO - DAG(s) 'example_params_trigger_ui' retrieved from /home/airflow/.local/lib/python3.12/site-packages/airflow/example_dags/example_params_trigger_ui.py
[2026-08-06T18:41:14.466+0000] {logging_mixin.py:190} INFO - [2026-08-06T18:41:14.466+0000] {dag.py:3239} INFO - Sync 1 DAGs
[2026-08-06T18:41:14.479+0000] {logging_mixin.py:190} INFO - [2026-08-06T18:41:14.478+0000] {dag.py:4180} INFO - Setting next_dagrun for example_params_trigger_ui to None, run_after=None
[2026-08-06T18:41:14.498+0000] {processor.py:208} INFO - Processing /home/airflow/.local/lib/python3.12/site-packages/airflow/example_dags/example_params_trigger_ui.py took 0.091 seconds
[2026-08-06T18:41:45.464+0000] {processor.py:186} INFO - Started process (PID=8133) to work on /home/airflow/.local/lib/python3.12/site-packages/airflow/example_dags/example_params_trigger_ui.py
[2026-08-06T18:41:45.466+0000] {processor.py:914} INFO - Processing file /home/airflow/.local/lib/python3.12/site-packages/airflow/example_dags/example_params_trigger_ui.py for tasks to queue
[2026-08-06T18:41:45.469+0000] {logging_mixin.py:190} INFO - [2026-08-06T18:41:45.469+0000] {dagbag.py:588} INFO - Filling up the DagBag from /home/airflow/.local/lib/python3.12/site-packages/airflow/example_dags/example_params_trigger_ui.py
[2026-08-06T18:41:45.484+0000] {processor.py:925} INFO - DAG(s) 'example_params_trigger_ui' retrieved from /home/airflow/.local/lib/python3.12/site-packages/airflow/example_dags/example_params_trigger_ui.py
[2026-08-06T18:41:45.525+0000] {logging_mixin.py:190} INFO - [2026-08-06T18:41:45.525+0000] {dag.py:3239} INFO - Sync 1 DAGs
[2026-08-06T18:41:45.540+0000] {logging_mixin.py:190} INFO - [2026-08-06T18:41:45.540+0000] {dag.py:4180} INFO - Setting next_dagrun for example_params_trigger_ui to None, run_after=None
[2026-08-06T18:41:45.561+0000] {processor.py:208} INFO - Processing /home/airflow/.local/lib/python3.12/site-packages/airflow/example_dags/example_params_trigger_ui.py took 0.104 seconds
[2026-08-06T18:42:16.624+0000] {processor.py:186} INFO - Started process (PID=8197) to work on /home/airflow/.local/lib/python3.12/site-packages/airflow/example_dags/example_params_trigger_ui.py
[2026-08-06T18:42:16.626+0000] {processor.py:914} INFO - Processing file /home/airflow/.local/lib/python3.12/site-packages/airflow/example_dags/example_params_trigger_ui.py for tasks to queue
[2026-08-06T18:42:16.629+0000] {logging_mixin.py:190} INFO - [2026-08-06T18:42:16.629+0000] {dagbag.py:588} INFO - Filling up the DagBag from /home/airflow/.local/lib/python3.12/site-packages/airflow/example_dags/example_params_trigger_ui.py
[2026-08-06T18:42:16.641+0000] {processor.py:925} INFO - DAG(s) 'example_params_trigger_ui' retrieved from /home/airflow/.local/lib/python3.12/site-packages/airflow/example_dags/example_params_trigger_ui.py
[2026-08-06T18:42:16.677+0000] {logging_mixin.py:190} INFO - [2026-08-06T18:42:16.677+0000] {dag.py:3239} INFO - Sync 1 DAGs
[2026-08-06T18:42:16.691+0000] {logging_mixin.py:190} INFO - [2026-08-06T18:42:16.691+0000] {dag.py:4180} INFO - Setting next_dagrun for example_params_trigger_ui to None, run_after=None
[2026-08-06T18:42:16.712+0000] {processor.py:208} INFO - Processing /home/airflow/.local/lib/python3.12/site-packages/airflow/example_dags/example_params_trigger_ui.py took 0.093 seconds
[2026-08-06T18:42:47.899+0000] {processor.py:186} INFO - Started process (PID=8261) to work on /home/airflow/.local/lib/python3.12/site-packages/airflow/example_dags/example_params_trigger_ui.py
[2026-08-06T18:42:47.901+0000] {processor.py:914} INFO - Processing file /home/airflow/.local/lib/python3.12/site-packages/airflow/example_dags/example_params_trigger_ui.py for tasks to queue
[2026-08-06T18:42:47.907+0000] {logging_mixin.py:190} INFO - [2026-08-06T18:42:47.907+0000] {dagbag.py:588} INFO - Filling up the DagBag from /home/airflow/.local/lib/python3.12/site-packages/airflow/example_dags/example_params_trigger_ui.py
[2026-08-06T18:42:47.920+0000] {processor.py:925} INFO - DAG(s) 'example_params_trigger_ui' retrieved from /home/airflow/.local/lib/python3.12/site-packages/airflow/example_dags/example_params_trigger_ui.py
[2026-08-06T18:42:47.955+0000] {logging_mixin.py:190} INFO - [2026-08-06T18:42:47.955+0000] {dag.py:3239} INFO - Sync 1 DAGs
[2026-08-06T18:42:47.970+0000] {logging_mixin.py:190} INFO - [2026-08-06T18:42:47.969+0000] {dag.py:4180} INFO - Setting next_dagrun for example_params_trigger_ui to None, run_after=None
[2026-08-06T18:42:47.985+0000] {processor.py:208} INFO - Processing /home/airflow/.local/lib/python3.12/site-packages/airflow/example_dags/example_params_trigger_ui.py took 0.091 seconds
[2026-08-06T18:43:18.616+0000] {processor.py:186} INFO - Started process (PID=8326) to work on /home/airflow/.local/lib/python3.12/site-packages/airflow/example_dags/example_params_trigger_ui.py
[2026-08-06T18:43:18.618+0000] {processor.py:914} INFO - Processing file /home/airflow/.local/lib/python3.12/site-packages/airflow/example_dags/example_params_trigger_ui.py for tasks to queue
[2026-08-06T18:43:18.620+0000] {logging_mixin.py:190} INFO - [2026-08-06T18:43:18.620+0000] {dagbag.py:588} INFO - Filling up the DagBag from /home/airflow/.local/lib/python3.12/site-packages/airflow/example_dags/example_params_trigger_ui.py
[2026-08-06T18:43:18.631+0000] {processor.py:925} INFO - DAG(s) 'example_params_trigger_ui' retrieved from /home/airflow/.local/lib/python3.12/site-packages/airflow/example_dags/example_params_trigger_ui.py
[2026-08-06T18:43:18.676+0000] {logging_mixin.py:190} INFO - [2026-08-06T18:43:18.676+0000] {dag.py:3239} INFO - Sync 1 DAGs
[2026-08-06T18:43:18.688+0000] {logging_mixin.py:190} INFO - [2026-08-06T18:43:18.688+0000] {dag.py:4180} INFO - Setting next_dagrun for example_params_trigger_ui to None, run_after=None
[2026-08-06T18:43:18.705+0000] {processor.py:208} INFO - Processing /home/airflow/.local/lib/python3.12/site-packages/airflow/example_dags/example_params_trigger_ui.py took 0.094 seconds
[2026-08-06T18:43:50.100+0000] {processor.py:186} INFO - Started process (PID=8390) to work on /home/airflow/.local/lib/python3.12/site-packages/airflow/example_dags/example_params_trigger_ui.py
[2026-08-06T18:43:50.102+0000] {processor.py:914} INFO - Processing file /home/airflow/.local/lib/python3.12/site-packages/airflow/example_dags/example_params_trigger_ui.py for tasks to queue
[2026-08-06T18:43:50.105+0000] {logging_mixin.py:190} INFO - [2026-08-06T18:43:50.105+0000] {dagbag.py:588} INFO - Filling up the DagBag from /home/airflow/.local/lib/python3.12/site-packages/airflow/example_dags/example_params_trigger_ui.py
[2026-08-06T18:43:50.116+0000] {processor.py:925} INFO - DAG(s) 'example_params_trigger_ui' retrieved from /home/airflow/.local/lib/python3.12/site-packages/airflow/example_dags/example_params_trigger_ui.py
[2026-08-06T18:43:50.155+0000] {logging_mixin.py:190} INFO - [2026-08-06T18:43:50.154+0000] {dag.py:3239} INFO - Sync 1 DAGs
[2026-08-06T18:43:50.166+0000] {logging_mixin.py:190} INFO - [2026-08-06T18:43:50.166+0000] {dag.py:4180} INFO - Setting next_dagrun for example_params_trigger_ui to None, run_after=None
[2026-08-06T18:43:50.183+0000] {processor.py:208} INFO - Processing /home/airflow/.local/lib/python3.12/site-packages/airflow/example_dags/example_params_trigger_ui.py took 0.088 seconds
[2026-08-06T18:44:21.503+0000] {processor.py:186} INFO - Started process (PID=8454) to work on /home/airflow/.local/lib/python3.12/site-packages/airflow/example_dags/example_params_trigger_ui.py
[2026-08-06T18:44:21.504+0000] {processor.py:914} INFO - Processing file /home/airflow/.local/lib/python3.12/site-packages/airflow/example_dags/example_params_trigger_ui.py for tasks to queue
[2026-08-06T18:44:21.507+0000] {logging_mixin.py:190} INFO - [2026-08-06T18:44:21.506+0000] {dagbag.py:588} INFO - Filling up the DagBag from /home/airflow/.local/lib/python3.12/site-packages/airflow/example_dags/example_params_trigger_ui.py
[2026-08-06T18:44:21.518+0000] {processor.py:925} INFO - DAG(s) 'example_params_trigger_ui' retrieved from /home/airflow/.local/lib/python3.12/site-packages/airflow/example_dags/example_params_trigger_ui.py
[2026-08-06T18:44:21.556+0000] {logging_mixin.py:190} INFO - [2026-08-06T18:44:21.555+0000] {dag.py:3239} INFO - Sync 1 DAGs
[2026-08-06T18:44:21.572+0000] {logging_mixin.py:190} INFO - [2026-08-06T18:44:21.571+0000] {dag.py:4180} INFO - Setting next_dagrun for example_params_trigger_ui to None, run_after=None
[2026-08-06T18:44:21.596+0000] {processor.py:208} INFO - Processing /home/airflow/.local/lib/python3.12/site-packages/airflow/example_dags/example_params_trigger_ui.py took 0.100 seconds
[2026-08-06T18:44:52.165+0000] {processor.py:186} INFO - Started process (PID=8518) to work on /home/airflow/.local/lib/python3.12/site-packages/airflow/example_dags/example_params_trigger_ui.py
[2026-08-06T18:44:52.166+0000] {processor.py:914} INFO - Processing file /home/airflow/.local/lib/python3.12/site-packages/airflow/example_dags/example_params_trigger_ui.py for tasks to queue
[2026-08-06T18:44:52.169+0000] {logging_mixin.py:190} INFO - [2026-08-06T18:44:52.169+0000] {dagbag.py:588} INFO - Filling up the DagBag from /home/airflow/.local/lib/python3.12/site-packages/airflow/example_dags/example_params_trigger_ui.py
[2026-08-06T18:44:52.178+0000] {processor.py:925} INFO - DAG(s) 'example_params_trigger_ui' retrieved from /home/airflow/.local/lib/python3.12/site-packages/airflow/example_dags/example_params_trigger_ui.py
[2026-08-06T18:44:52.212+0000] {logging_mixin.py:190} INFO - [2026-08-06T18:44:52.211+0000] {dag.py:3239} INFO - Sync 1 DAGs
[2026-08-06T18:44:52.223+0000] {logging_mixin.py:190} INFO - [2026-08-06T18:44:52.223+0000] {dag.py:4180} INFO - Setting next_dagrun for example_params_trigger_ui to None, run_after=None
[2026-08-06T18:44:52.239+0000] {processor.py:208} INFO - Processing /home/airflow/.local/lib/python3.12/site-packages/airflow/example_dags/example_params_trigger_ui.py took 0.083 seconds
[2026-08-06T18:45:23.393+0000] {processor.py:186} INFO - Started process (PID=8582) to work on /home/airflow/.local/lib/python3.12/site-packages/airflow/example_dags/example_params_trigger_ui.py
[2026-08-06T18:45:23.395+0000] {processor.py:914} INFO - Processing file /home/airflow/.local/lib/python3.12/site-packages/airflow/example_dags/example_params_trigger_ui.py for tasks to queue
[2026-08-06T18:45:23.400+0000] {logging_mixin.py:190} INFO - [2026-08-06T18:45:23.399+0000] {dagbag.py:588} INFO - Filling up the DagBag from /home/airflow/.local/lib/python3.12/site-packages/airflow/example_dags/example_params_trigger_ui.py
[2026-08-06T18:45:23.419+0000] {processor.py:925} INFO - DAG(s) 'example_params_trigger_ui' retrieved from /home/airflow/.local/lib/python3.12/site-packages/airflow/example_dags/example_params_trigger_ui.py
[2026-08-06T18:45:23.461+0000] {logging_mixin.py:190} INFO - [2026-08-06T18:45:23.460+0000] {dag.py:3239} INFO - Sync 1 DAGs
[2026-08-06T18:45:23.475+0000] {logging_mixin.py:190} INFO - [2026-08-06T18:45:23.475+0000] {dag.py:4180} INFO - Setting next_dagrun for example_params_trigger_ui to None, run_after=None
[2026-08-06T18:45:23.497+0000] {processor.py:208} INFO - Processing /home/airflow/.local/lib/python3.12/site-packages/airflow/example_dags/example_params_trigger_ui.py took 0.112 seconds
[2026-08-06T18:45:54.768+0000] {processor.py:186} INFO - Started process (PID=8646) to work on /home/airflow/.local/lib/python3.12/site-packages/airflow/example_dags/example_params_trigger_ui.py
[2026-08-06T18:45:54.770+0000] {processor.py:914} INFO - Processing file /home/airflow/.local/lib/python3.12/site-packages/airflow/example_dags/example_params_trigger_ui.py for tasks to queue
[2026-08-06T18:45:54.773+0000] {logging_mixin.py:190} INFO - [2026-08-06T18:45:54.772+0000] {dagbag.py:588} INFO - Filling up the DagBag from /home/airflow/.local/lib/python3.12/site-packages/airflow/example_dags/example_params_trigger_ui.py
[2026-08-06T18:45:54.784+0000] {processor.py:925} INFO - DAG(s) 'example_params_trigger_ui' retrieved from /home/airflow/.local/lib/python3.12/site-packages/airflow/example_dags/example_params_trigger_ui.py
[2026-08-06T18:45:54.820+0000] {logging_mixin.py:190} INFO - [2026-08-06T18:45:54.820+0000] {dag.py:3239} INFO - Sync 1 DAGs
[2026-08-06T18:45:54.832+0000] {logging_mixin.py:190} INFO - [2026-08-06T18:45:54.832+0000] {dag.py:4180} INFO - Setting next_dagrun for example_params_trigger_ui to None, run_after=None
[2026-08-06T18:45:54.848+0000] {processor.py:208} INFO - Processing /home/airflow/.local/lib/python3.12/site-packages/airflow/example_dags/example_params_trigger_ui.py took 0.085 seconds
[2026-08-06T18:46:25.778+0000] {processor.py:186} INFO - Started process (PID=8710) to work on /home/airflow/.local/lib/python3.12/site-packages/airflow/example_dags/example_params_trigger_ui.py
[2026-08-06T18:46:25.779+0000] {processor.py:914} INFO - Processing file /home/airflow/.local/lib/python3.12/site-packages/airflow/example_dags/example_params_trigger_ui.py for tasks to queue
[2026-08-06T18:46:25.781+0000] {logging_mixin.py:190} INFO - [2026-08-06T18:46:25.781+0000] {dagbag.py:588} INFO - Filling up the DagBag from /home/airflow/.local/lib/python3.12/site-packages/airflow/example_dags/example_params_trigger_ui.py
[2026-08-06T18:46:25.789+0000] {processor.py:925} INFO - DAG(s) 'example_params_trigger_ui' retrieved from /home/airflow/.local/lib/python3.12/site-packages/airflow/example_dags/example_params_trigger_ui.py
[2026-08-06T18:46:25.834+0000] {logging_mixin.py:190} INFO - [2026-08-06T18:46:25.833+0000] {dag.py:3239} INFO - Sync 1 DAGs
[2026-08-06T18:46:25.850+0000] {logging_mixin.py:190} INFO - [2026-08-06T18:46:25.849+0000] {dag.py:4180} INFO - Setting next_dagrun for example_params_trigger_ui to None, run_after=None
[2026-08-06T18:46:25.866+0000] {processor.py:208} INFO - Processing /home/airflow/.local/lib/python3.12/site-packages/airflow/example_dags/example_params_trigger_ui.py took 0.093 seconds
[2026-08-06T18:46:56.531+0000] {processor.py:186} INFO - Started process (PID=8774) to work on /home/airflow/.local/lib/python3.12/site-packages/airflow/example_dags/example_params_trigger_ui.py
[2026-08-06T18:46:56.532+0000] {processor.py:914} INFO - Processing file /home/airflow/.local/lib/python3.12/site-packages/airflow/example_dags/example_params_trigger_ui.py for tasks to queue
[2026-08-06T18:46:56.534+0000] {logging_mixin.py:190} INFO - [2026-08-06T18:46:56.534+0000] {dagbag.py:588} INFO - Filling up the DagBag from /home/airflow/.local/lib/python3.12/site-packages/airflow/example_dags/example_params_trigger_ui.py
[2026-08-06T18:46:56.543+0000] {processor.py:925} INFO - DAG(s) 'example_params_trigger_ui' retrieved from /home/airflow/.local/lib/python3.12/site-packages/airflow/example_dags/example_params_trigger_ui.py
[2026-08-06T18:46:56.575+0000] {logging_mixin.py:190} INFO - [2026-08-06T18:46:56.575+0000] {dag.py:3239} INFO - Sync 1 DAGs
[2026-08-06T18:46:56.586+0000] {logging_mixin.py:190} INFO - [2026-08-06T18:46:56.586+0000] {dag.py:4180} INFO - Setting next_dagrun for example_params_trigger_ui to None, run_after=None
[2026-08-06T18:46:56.601+0000] {processor.py:208} INFO - Processing /home/airflow/.local/lib/python3.12/site-packages/airflow/example_dags/example_params_trigger_ui.py took 0.075 seconds
[2026-08-06T18:47:27.305+0000] {processor.py:186} INFO - Started process (PID=8838) to work on /home/airflow/.local/lib/python3.12/site-packages/airflow/example_dags/example_params_trigger_ui.py
[2026-08-06T18:47:27.306+0000] {processor.py:914} INFO - Processing file /home/airflow/.local/lib/python3.12/site-packages/airflow/example_dags/example_params_trigger_ui.py for tasks to queue
[2026-08-06T18:47:27.309+0000] {logging_mixin.py:190} INFO - [2026-08-06T18:47:27.308+0000] {dagbag.py:588} INFO - Filling up the DagBag from /home/airflow/.local/lib/python3.12/site-packages/airflow/example_dags/example_params_trigger_ui.py
[2026-08-06T18:47:27.318+0000] {processor.py:925} INFO - DAG(s) 'example_params_trigger_ui' retrieved from /home/airflow/.local/lib/python3.12/site-packages/airflow/example_dags/example_params_trigger_ui.py
[2026-08-06T18:47:27.355+0000] {logging_mixin.py:190} INFO - [2026-08-06T18:47:27.355+0000] {dag.py:3239} INFO - Sync 1 DAGs
[2026-08-06T18:47:27.366+0000] {logging_mixin.py:190} INFO - [2026-08-06T18:47:27.366+0000] {dag.py:4180} INFO - Setting next_dagrun for example_params_trigger_ui to None, run_after=None
[2026-08-06T18:47:27.383+0000] {processor.py:208} INFO - Processing /home/airflow/.local/lib/python3.12/site-packages/airflow/example_dags/example_params_trigger_ui.py took 0.083 seconds
[2026-08-06T18:47:58.148+0000] {processor.py:186} INFO - Started process (PID=8901) to work on /home/airflow/.local/lib/python3.12/site-packages/airflow/example_dags/example_params_trigger_ui.py
[2026-08-06T18:47:58.149+0000] {processor.py:914} INFO - Processing file /home/airflow/.local/lib/python3.12/site-packages/airflow/example_dags/example_params_trigger_ui.py for tasks to queue
[2026-08-06T18:47:58.151+0000] {logging_mixin.py:190} INFO - [2026-08-06T18:47:58.151+0000] {dagbag.py:588} INFO - Filling up the DagBag from /home/airflow/.local/lib/python3.12/site-packages/airflow/example_dags/example_params_trigger_ui.py
[2026-08-06T18:47:58.160+0000] {processor.py:925} INFO - DAG(s) 'example_params_trigger_ui' retrieved from /home/airflow/.local/lib/python3.12/site-packages/airflow/example_dags/example_params_trigger_ui.py
[2026-08-06T18:47:58.192+0000] {logging_mixin.py:190} INFO - [2026-08-06T18:47:58.192+0000] {dag.py:3239} INFO - Sync 1 DAGs
[2026-08-06T18:47:58.204+0000] {logging_mixin.py:190} INFO - [2026-08-06T18:47:58.204+0000] {dag.py:4180} INFO - Setting next_dagrun for example_params_trigger_ui to None, run_after=None
[2026-08-06T18:47:58.221+0000] {processor.py:208} INFO - Processing /home/airflow/.local/lib/python3.12/site-packages/airflow/example_dags/example_params_trigger_ui.py took 0.078 seconds
[2026-08-06T18:48:28.816+0000] {processor.py:186} INFO - Started process (PID=8965) to work on /home/airflow/.local/lib/python3.12/site-packages/airflow/example_dags/example_params_trigger_ui.py
[2026-08-06T18:48:28.817+0000] {processor.py:914} INFO - Processing file /home/airflow/.local/lib/python3.12/site-packages/airflow/example_dags/example_params_trigger_ui.py for tasks to queue
[2026-08-06T18:48:28.820+0000] {logging_mixin.py:190} INFO - [2026-08-06T18:48:28.820+0000] {dagbag.py:588} INFO - Filling up the DagBag from /home/airflow/.local/lib/python3.12/site-packages/airflow/example_dags/example_params_trigger_ui.py
[2026-08-06T18:48:28.829+0000] {processor.py:925} INFO - DAG(s) 'example_params_trigger_ui' retrieved from /home/airflow/.local/lib/python3.12/site-packages/airflow/example_dags/example_params_trigger_ui.py
[2026-08-06T18:48:28.862+0000] {logging_mixin.py:190} INFO - [2026-08-06T18:48:28.862+0000] {dag.py:3239} INFO - Sync 1 DAGs
[2026-08-06T18:48:28.879+0000] {logging_mixin.py:190} INFO - [2026-08-06T18:48:28.878+0000] {dag.py:4180} INFO - Setting next_dagrun for example_params_trigger_ui to None, run_after=None
[2026-08-06T18:48:28.896+0000] {processor.py:208} INFO - Processing /home/airflow/.local/lib/python3.12/site-packages/airflow/example_dags/example_params_trigger_ui.py took 0.085 seconds
[2026-08-06T18:48:59.817+0000] {processor.py:186} INFO - Started process (PID=9029) to work on /home/airflow/.local/lib/python3.12/site-packages/airflow/example_dags/example_params_trigger_ui.py
[2026-08-06T18:48:59.818+0000] {processor.py:914} INFO - Processing file /home/airflow/.local/lib/python3.12/site-packages/airflow/example_dags/example_params_trigger_ui.py for tasks to queue
[2026-08-06T18:48:59.820+0000] {logging_mixin.py:190} INFO - [2026-08-06T18:48:59.820+0000] {dagbag.py:588} INFO - Filling up the DagBag from /home/airflow/.local/lib/python3.12/site-packages/airflow/example_dags/example_params_trigger_ui.py
[2026-08-06T18:48:59.829+0000] {processor.py:925} INFO - DAG(s) 'example_params_trigger_ui' retrieved from /home/airflow/.local/lib/python3.12/site-packages/airflow/example_dags/example_params_trigger_ui.py
[2026-08-06T18:48:59.863+0000] {logging_mixin.py:190} INFO - [2026-08-06T18:48:59.863+0000] {dag.py:3239} INFO - Sync 1 DAGs
[2026-08-06T18:48:59.876+0000] {logging_mixin.py:190} INFO - [2026-08-06T18:48:59.876+0000] {dag.py:4180} INFO - Setting next_dagrun for example_params_trigger_ui to None, run_after=None
[2026-08-06T18:48:59.891+0000] {processor.py:208} INFO - Processing /home/airflow/.local/lib/python3.12/site-packages/airflow/example_dags/example_params_trigger_ui.py took 0.078 seconds
[2026-08-06T18:49:31.086+0000] {processor.py:186} INFO - Started process (PID=9093) to work on /home/airflow/.local/lib/python3.12/site-packages/airflow/example_dags/example_params_trigger_ui.py
[2026-08-06T18:49:31.087+0000] {processor.py:914} INFO - Processing file /home/airflow/.local/lib/python3.12/site-packages/airflow/example_dags/example_params_trigger_ui.py for tasks to queue
[2026-08-06T18:49:31.088+0000] {logging_mixin.py:190} INFO - [2026-08-06T18:49:31.088+0000] {dagbag.py:588} INFO - Filling up the DagBag from /home/airflow/.local/lib/python3.12/site-packages/airflow/example_dags/example_params_trigger_ui.py
[2026-08-06T18:49:31.097+0000] {processor.py:925} INFO - DAG(s) 'example_params_trigger_ui' retrieved from /home/airflow/.local/lib/python3.12/site-packages/airflow/example_dags/example_params_trigger_ui.py
[2026-08-06T18:49:31.130+0000] {logging_mixin.py:190} INFO - [2026-08-06T18:49:31.130+0000] {dag.py:3239} INFO - Sync 1 DAGs
[2026-08-06T18:49:31.141+0000] {logging_mixin.py:190} INFO - [2026-08-06T18:49:31.141+0000] {dag.py:4180} INFO - Setting next_dagrun for example_params_trigger_ui to None, run_after=None
[2026-08-06T18:49:31.156+0000] {processor.py:208} INFO - Processing /home/airflow/.local/lib/python3.12/site-packages/airflow/example_dags/example_params_trigger_ui.py took 0.074 seconds
[2026-08-06T18:50:02.317+0000] {processor.py:186} INFO - Started process (PID=9157) to work on /home/airflow/.local/lib/python3.12/site-packages/airflow/example_dags/example_params_trigger_ui.py
[2026-08-06T18:50:02.318+0000] {processor.py:914} INFO - Processing file /home/airflow/.local/lib/python3.12/site-packages/airflow/example_dags/example_params_trigger_ui.py for tasks to queue
[2026-08-06T18:50:02.321+0000] {logging_mixin.py:190} INFO - [2026-08-06T18:50:02.321+0000] {dagbag.py:588} INFO - Filling up the DagBag from /home/airflow/.local/lib/python3.12/site-packages/airflow/example_dags/example_params_trigger_ui.py
[2026-08-06T18:50:02.333+0000] {processor.py:925} INFO - DAG(s) 'example_params_trigger_ui' retrieved from /home/airflow/.local/lib/python3.12/site-packages/airflow/example_dags/example_params_trigger_ui.py
[2026-08-06T18:50:02.372+0000] {logging_mixin.py:190} INFO - [2026-08-06T18:50:02.372+0000] {dag.py:3239} INFO - Sync 1 DAGs
[2026-08-06T18:50:02.384+0000] {logging_mixin.py:190} INFO - [2026-08-06T18:50:02.384+0000] {dag.py:4180} INFO - Setting next_dagrun for example_params_trigger_ui to None, run_after=None
[2026-08-06T18:50:02.406+0000] {processor.py:208} INFO - Processing /home/airflow/.local/lib/python3.12/site-packages/airflow/example_dags/example_params_trigger_ui.py took 0.094 seconds
