[2026-08-06T04:46:39.806+0000] {processor.py:186} INFO - Started process (PID=107) to work on /home/airflow/.local/lib/python3.12/site-packages/airflow/example_dags/example_branch_labels.py
[2026-08-06T04:46:39.808+0000] {processor.py:914} INFO - Processing file /home/airflow/.local/lib/python3.12/site-packages/airflow/example_dags/example_branch_labels.py for tasks to queue
[2026-08-06T04:46:39.812+0000] {logging_mixin.py:190} INFO - [2026-08-06T04:46:39.812+0000] {dagbag.py:588} INFO - Filling up the DagBag from /home/airflow/.local/lib/python3.12/site-packages/airflow/example_dags/example_branch_labels.py
[2026-08-06T04:46:39.833+0000] {processor.py:925} INFO - DAG(s) 'example_branch_labels' retrieved from /home/airflow/.local/lib/python3.12/site-packages/airflow/example_dags/example_branch_labels.py
[2026-08-06T04:46:40.016+0000] {logging_mixin.py:190} INFO - [2026-08-06T04:46:40.015+0000] {override.py:1912} INFO - Created Permission View: can delete on DAG:example_branch_labels
[2026-08-06T04:46:40.045+0000] {logging_mixin.py:190} INFO - [2026-08-06T04:46:40.044+0000] {override.py:1912} INFO - Created Permission View: can read on DAG:example_branch_labels
[2026-08-06T04:46:40.060+0000] {logging_mixin.py:190} INFO - [2026-08-06T04:46:40.060+0000] {override.py:1912} INFO - Created Permission View: can edit on DAG:example_branch_labels
[2026-08-06T04:46:40.077+0000] {logging_mixin.py:190} INFO - [2026-08-06T04:46:40.076+0000] {override.py:1912} INFO - Created Permission View: can delete on DAG Run:example_branch_labels
[2026-08-06T04:46:40.094+0000] {logging_mixin.py:190} INFO - [2026-08-06T04:46:40.093+0000] {override.py:1912} INFO - Created Permission View: menu access on DAG Run:example_branch_labels
[2026-08-06T04:46:40.110+0000] {logging_mixin.py:190} INFO - [2026-08-06T04:46:40.109+0000] {override.py:1912} INFO - Created Permission View: can read on DAG Run:example_branch_labels
[2026-08-06T04:46:40.148+0000] {logging_mixin.py:190} INFO - [2026-08-06T04:46:40.147+0000] {override.py:1912} INFO - Created Permission View: can create on DAG Run:example_branch_labels
[2026-08-06T04:46:40.150+0000] {logging_mixin.py:190} INFO - [2026-08-06T04:46:40.149+0000] {dag.py:3239} INFO - Sync 1 DAGs
[2026-08-06T04:46:40.186+0000] {logging_mixin.py:190} INFO - [2026-08-06T04:46:40.185+0000] {dag.py:3262} INFO - Creating ORM DAG for example_branch_labels
[2026-08-06T04:46:40.210+0000] {logging_mixin.py:190} INFO - [2026-08-06T04:46:40.210+0000] {dag.py:4180} INFO - Setting next_dagrun for example_branch_labels to 2026-08-05 00:00:00+00:00, run_after=2026-08-06 00:00:00+00:00
[2026-08-06T04:46:40.244+0000] {processor.py:208} INFO - Processing /home/airflow/.local/lib/python3.12/site-packages/airflow/example_dags/example_branch_labels.py took 0.448 seconds
[2026-08-06T04:47:10.699+0000] {processor.py:186} INFO - Started process (PID=170) to work on /home/airflow/.local/lib/python3.12/site-packages/airflow/example_dags/example_branch_labels.py
[2026-08-06T04:47:10.701+0000] {processor.py:914} INFO - Processing file /home/airflow/.local/lib/python3.12/site-packages/airflow/example_dags/example_branch_labels.py for tasks to queue
[2026-08-06T04:47:10.707+0000] {logging_mixin.py:190} INFO - [2026-08-06T04:47:10.706+0000] {dagbag.py:588} INFO - Filling up the DagBag from /home/airflow/.local/lib/python3.12/site-packages/airflow/example_dags/example_branch_labels.py
[2026-08-06T04:47:10.724+0000] {processor.py:925} INFO - DAG(s) 'example_branch_labels' retrieved from /home/airflow/.local/lib/python3.12/site-packages/airflow/example_dags/example_branch_labels.py
[2026-08-06T04:47:10.766+0000] {logging_mixin.py:190} INFO - [2026-08-06T04:47:10.766+0000] {dag.py:3239} INFO - Sync 1 DAGs
[2026-08-06T04:47:10.808+0000] {logging_mixin.py:190} INFO - [2026-08-06T04:47:10.807+0000] {dag.py:4180} INFO - Setting next_dagrun for example_branch_labels to 2026-08-05 00:00:00+00:00, run_after=2026-08-06 00:00:00+00:00
[2026-08-06T04:47:10.852+0000] {processor.py:208} INFO - Processing /home/airflow/.local/lib/python3.12/site-packages/airflow/example_dags/example_branch_labels.py took 0.163 seconds
[2026-08-06T04:47:41.112+0000] {processor.py:186} INFO - Started process (PID=232) to work on /home/airflow/.local/lib/python3.12/site-packages/airflow/example_dags/example_branch_labels.py
[2026-08-06T04:47:41.116+0000] {processor.py:914} INFO - Processing file /home/airflow/.local/lib/python3.12/site-packages/airflow/example_dags/example_branch_labels.py for tasks to queue
[2026-08-06T04:47:41.121+0000] {logging_mixin.py:190} INFO - [2026-08-06T04:47:41.120+0000] {dagbag.py:588} INFO - Filling up the DagBag from /home/airflow/.local/lib/python3.12/site-packages/airflow/example_dags/example_branch_labels.py
[2026-08-06T04:47:41.132+0000] {processor.py:925} INFO - DAG(s) 'example_branch_labels' retrieved from /home/airflow/.local/lib/python3.12/site-packages/airflow/example_dags/example_branch_labels.py
[2026-08-06T04:47:41.159+0000] {logging_mixin.py:190} INFO - [2026-08-06T04:47:41.159+0000] {dag.py:3239} INFO - Sync 1 DAGs
[2026-08-06T04:47:41.191+0000] {logging_mixin.py:190} INFO - [2026-08-06T04:47:41.190+0000] {dag.py:4180} INFO - Setting next_dagrun for example_branch_labels to 2026-08-05 00:00:00+00:00, run_after=2026-08-06 00:00:00+00:00
[2026-08-06T04:47:41.233+0000] {processor.py:208} INFO - Processing /home/airflow/.local/lib/python3.12/site-packages/airflow/example_dags/example_branch_labels.py took 0.129 seconds
[2026-08-06T04:48:12.012+0000] {processor.py:186} INFO - Started process (PID=295) to work on /home/airflow/.local/lib/python3.12/site-packages/airflow/example_dags/example_branch_labels.py
[2026-08-06T04:48:12.014+0000] {processor.py:914} INFO - Processing file /home/airflow/.local/lib/python3.12/site-packages/airflow/example_dags/example_branch_labels.py for tasks to queue
[2026-08-06T04:48:12.022+0000] {logging_mixin.py:190} INFO - [2026-08-06T04:48:12.022+0000] {dagbag.py:588} INFO - Filling up the DagBag from /home/airflow/.local/lib/python3.12/site-packages/airflow/example_dags/example_branch_labels.py
[2026-08-06T04:48:12.043+0000] {processor.py:925} INFO - DAG(s) 'example_branch_labels' retrieved from /home/airflow/.local/lib/python3.12/site-packages/airflow/example_dags/example_branch_labels.py
[2026-08-06T04:48:12.082+0000] {logging_mixin.py:190} INFO - [2026-08-06T04:48:12.081+0000] {dag.py:3239} INFO - Sync 1 DAGs
[2026-08-06T04:48:12.281+0000] {logging_mixin.py:190} INFO - [2026-08-06T04:48:12.281+0000] {dag.py:4180} INFO - Setting next_dagrun for example_branch_labels to 2026-08-05 00:00:00+00:00, run_after=2026-08-06 00:00:00+00:00
[2026-08-06T04:48:12.457+0000] {processor.py:208} INFO - Processing /home/airflow/.local/lib/python3.12/site-packages/airflow/example_dags/example_branch_labels.py took 0.453 seconds
[2026-08-06T04:48:42.760+0000] {processor.py:186} INFO - Started process (PID=358) to work on /home/airflow/.local/lib/python3.12/site-packages/airflow/example_dags/example_branch_labels.py
[2026-08-06T04:48:42.766+0000] {processor.py:914} INFO - Processing file /home/airflow/.local/lib/python3.12/site-packages/airflow/example_dags/example_branch_labels.py for tasks to queue
[2026-08-06T04:48:42.777+0000] {logging_mixin.py:190} INFO - [2026-08-06T04:48:42.776+0000] {dagbag.py:588} INFO - Filling up the DagBag from /home/airflow/.local/lib/python3.12/site-packages/airflow/example_dags/example_branch_labels.py
[2026-08-06T04:48:42.814+0000] {processor.py:925} INFO - DAG(s) 'example_branch_labels' retrieved from /home/airflow/.local/lib/python3.12/site-packages/airflow/example_dags/example_branch_labels.py
[2026-08-06T04:48:42.848+0000] {logging_mixin.py:190} INFO - [2026-08-06T04:48:42.848+0000] {dag.py:3239} INFO - Sync 1 DAGs
[2026-08-06T04:48:42.905+0000] {logging_mixin.py:190} INFO - [2026-08-06T04:48:42.904+0000] {dag.py:4180} INFO - Setting next_dagrun for example_branch_labels to 2026-08-05 00:00:00+00:00, run_after=2026-08-06 00:00:00+00:00
[2026-08-06T04:48:42.949+0000] {processor.py:208} INFO - Processing /home/airflow/.local/lib/python3.12/site-packages/airflow/example_dags/example_branch_labels.py took 0.214 seconds
[2026-08-06T04:49:13.975+0000] {processor.py:186} INFO - Started process (PID=421) to work on /home/airflow/.local/lib/python3.12/site-packages/airflow/example_dags/example_branch_labels.py
[2026-08-06T04:49:13.977+0000] {processor.py:914} INFO - Processing file /home/airflow/.local/lib/python3.12/site-packages/airflow/example_dags/example_branch_labels.py for tasks to queue
[2026-08-06T04:49:13.981+0000] {logging_mixin.py:190} INFO - [2026-08-06T04:49:13.981+0000] {dagbag.py:588} INFO - Filling up the DagBag from /home/airflow/.local/lib/python3.12/site-packages/airflow/example_dags/example_branch_labels.py
[2026-08-06T04:49:13.996+0000] {processor.py:925} INFO - DAG(s) 'example_branch_labels' retrieved from /home/airflow/.local/lib/python3.12/site-packages/airflow/example_dags/example_branch_labels.py
[2026-08-06T04:49:14.033+0000] {logging_mixin.py:190} INFO - [2026-08-06T04:49:14.033+0000] {dag.py:3239} INFO - Sync 1 DAGs
[2026-08-06T04:49:14.082+0000] {logging_mixin.py:190} INFO - [2026-08-06T04:49:14.081+0000] {dag.py:4180} INFO - Setting next_dagrun for example_branch_labels to 2026-08-05 00:00:00+00:00, run_after=2026-08-06 00:00:00+00:00
[2026-08-06T04:49:14.187+0000] {processor.py:208} INFO - Processing /home/airflow/.local/lib/python3.12/site-packages/airflow/example_dags/example_branch_labels.py took 0.221 seconds
[2026-08-06T04:49:44.507+0000] {processor.py:186} INFO - Started process (PID=483) to work on /home/airflow/.local/lib/python3.12/site-packages/airflow/example_dags/example_branch_labels.py
[2026-08-06T04:49:44.509+0000] {processor.py:914} INFO - Processing file /home/airflow/.local/lib/python3.12/site-packages/airflow/example_dags/example_branch_labels.py for tasks to queue
[2026-08-06T04:49:44.513+0000] {logging_mixin.py:190} INFO - [2026-08-06T04:49:44.512+0000] {dagbag.py:588} INFO - Filling up the DagBag from /home/airflow/.local/lib/python3.12/site-packages/airflow/example_dags/example_branch_labels.py
[2026-08-06T04:49:44.529+0000] {processor.py:925} INFO - DAG(s) 'example_branch_labels' retrieved from /home/airflow/.local/lib/python3.12/site-packages/airflow/example_dags/example_branch_labels.py
[2026-08-06T04:49:44.562+0000] {logging_mixin.py:190} INFO - [2026-08-06T04:49:44.561+0000] {dag.py:3239} INFO - Sync 1 DAGs
[2026-08-06T04:49:44.600+0000] {logging_mixin.py:190} INFO - [2026-08-06T04:49:44.599+0000] {dag.py:4180} INFO - Setting next_dagrun for example_branch_labels to 2026-08-05 00:00:00+00:00, run_after=2026-08-06 00:00:00+00:00
[2026-08-06T04:49:44.637+0000] {processor.py:208} INFO - Processing /home/airflow/.local/lib/python3.12/site-packages/airflow/example_dags/example_branch_labels.py took 0.138 seconds
[2026-08-06T04:50:15.352+0000] {processor.py:186} INFO - Started process (PID=546) to work on /home/airflow/.local/lib/python3.12/site-packages/airflow/example_dags/example_branch_labels.py
[2026-08-06T04:50:15.353+0000] {processor.py:914} INFO - Processing file /home/airflow/.local/lib/python3.12/site-packages/airflow/example_dags/example_branch_labels.py for tasks to queue
[2026-08-06T04:50:15.357+0000] {logging_mixin.py:190} INFO - [2026-08-06T04:50:15.356+0000] {dagbag.py:588} INFO - Filling up the DagBag from /home/airflow/.local/lib/python3.12/site-packages/airflow/example_dags/example_branch_labels.py
[2026-08-06T04:50:15.371+0000] {processor.py:925} INFO - DAG(s) 'example_branch_labels' retrieved from /home/airflow/.local/lib/python3.12/site-packages/airflow/example_dags/example_branch_labels.py
[2026-08-06T04:50:15.406+0000] {logging_mixin.py:190} INFO - [2026-08-06T04:50:15.405+0000] {dag.py:3239} INFO - Sync 1 DAGs
[2026-08-06T04:50:15.440+0000] {logging_mixin.py:190} INFO - [2026-08-06T04:50:15.440+0000] {dag.py:4180} INFO - Setting next_dagrun for example_branch_labels to 2026-08-05 00:00:00+00:00, run_after=2026-08-06 00:00:00+00:00
[2026-08-06T04:50:15.515+0000] {processor.py:208} INFO - Processing /home/airflow/.local/lib/python3.12/site-packages/airflow/example_dags/example_branch_labels.py took 0.170 seconds
[2026-08-06T04:50:45.609+0000] {processor.py:186} INFO - Started process (PID=609) to work on /home/airflow/.local/lib/python3.12/site-packages/airflow/example_dags/example_branch_labels.py
[2026-08-06T04:50:45.610+0000] {processor.py:914} INFO - Processing file /home/airflow/.local/lib/python3.12/site-packages/airflow/example_dags/example_branch_labels.py for tasks to queue
[2026-08-06T04:50:45.614+0000] {logging_mixin.py:190} INFO - [2026-08-06T04:50:45.614+0000] {dagbag.py:588} INFO - Filling up the DagBag from /home/airflow/.local/lib/python3.12/site-packages/airflow/example_dags/example_branch_labels.py
[2026-08-06T04:50:45.631+0000] {processor.py:925} INFO - DAG(s) 'example_branch_labels' retrieved from /home/airflow/.local/lib/python3.12/site-packages/airflow/example_dags/example_branch_labels.py
[2026-08-06T04:50:45.660+0000] {logging_mixin.py:190} INFO - [2026-08-06T04:50:45.660+0000] {dag.py:3239} INFO - Sync 1 DAGs
[2026-08-06T04:50:45.713+0000] {logging_mixin.py:190} INFO - [2026-08-06T04:50:45.713+0000] {dag.py:4180} INFO - Setting next_dagrun for example_branch_labels to 2026-08-05 00:00:00+00:00, run_after=2026-08-06 00:00:00+00:00
[2026-08-06T04:50:45.749+0000] {processor.py:208} INFO - Processing /home/airflow/.local/lib/python3.12/site-packages/airflow/example_dags/example_branch_labels.py took 0.149 seconds
[2026-08-06T04:51:16.106+0000] {processor.py:186} INFO - Started process (PID=672) to work on /home/airflow/.local/lib/python3.12/site-packages/airflow/example_dags/example_branch_labels.py
[2026-08-06T04:51:16.110+0000] {processor.py:914} INFO - Processing file /home/airflow/.local/lib/python3.12/site-packages/airflow/example_dags/example_branch_labels.py for tasks to queue
[2026-08-06T04:51:16.117+0000] {logging_mixin.py:190} INFO - [2026-08-06T04:51:16.115+0000] {dagbag.py:588} INFO - Filling up the DagBag from /home/airflow/.local/lib/python3.12/site-packages/airflow/example_dags/example_branch_labels.py
[2026-08-06T04:51:16.146+0000] {processor.py:925} INFO - DAG(s) 'example_branch_labels' retrieved from /home/airflow/.local/lib/python3.12/site-packages/airflow/example_dags/example_branch_labels.py
[2026-08-06T04:51:16.188+0000] {logging_mixin.py:190} INFO - [2026-08-06T04:51:16.188+0000] {dag.py:3239} INFO - Sync 1 DAGs
[2026-08-06T04:51:16.238+0000] {logging_mixin.py:190} INFO - [2026-08-06T04:51:16.238+0000] {dag.py:4180} INFO - Setting next_dagrun for example_branch_labels to 2026-08-05 00:00:00+00:00, run_after=2026-08-06 00:00:00+00:00
[2026-08-06T04:51:16.275+0000] {processor.py:208} INFO - Processing /home/airflow/.local/lib/python3.12/site-packages/airflow/example_dags/example_branch_labels.py took 0.184 seconds
[2026-08-06T04:51:46.637+0000] {processor.py:186} INFO - Started process (PID=735) to work on /home/airflow/.local/lib/python3.12/site-packages/airflow/example_dags/example_branch_labels.py
[2026-08-06T04:51:46.639+0000] {processor.py:914} INFO - Processing file /home/airflow/.local/lib/python3.12/site-packages/airflow/example_dags/example_branch_labels.py for tasks to queue
[2026-08-06T04:51:46.644+0000] {logging_mixin.py:190} INFO - [2026-08-06T04:51:46.643+0000] {dagbag.py:588} INFO - Filling up the DagBag from /home/airflow/.local/lib/python3.12/site-packages/airflow/example_dags/example_branch_labels.py
[2026-08-06T04:51:46.660+0000] {processor.py:925} INFO - DAG(s) 'example_branch_labels' retrieved from /home/airflow/.local/lib/python3.12/site-packages/airflow/example_dags/example_branch_labels.py
[2026-08-06T04:51:46.688+0000] {logging_mixin.py:190} INFO - [2026-08-06T04:51:46.688+0000] {dag.py:3239} INFO - Sync 1 DAGs
[2026-08-06T04:51:46.730+0000] {logging_mixin.py:190} INFO - [2026-08-06T04:51:46.729+0000] {dag.py:4180} INFO - Setting next_dagrun for example_branch_labels to 2026-08-05 00:00:00+00:00, run_after=2026-08-06 00:00:00+00:00
[2026-08-06T04:51:46.788+0000] {processor.py:208} INFO - Processing /home/airflow/.local/lib/python3.12/site-packages/airflow/example_dags/example_branch_labels.py took 0.159 seconds
[2026-08-06T04:52:17.410+0000] {processor.py:186} INFO - Started process (PID=797) to work on /home/airflow/.local/lib/python3.12/site-packages/airflow/example_dags/example_branch_labels.py
[2026-08-06T04:52:17.412+0000] {processor.py:914} INFO - Processing file /home/airflow/.local/lib/python3.12/site-packages/airflow/example_dags/example_branch_labels.py for tasks to queue
[2026-08-06T04:52:17.414+0000] {logging_mixin.py:190} INFO - [2026-08-06T04:52:17.414+0000] {dagbag.py:588} INFO - Filling up the DagBag from /home/airflow/.local/lib/python3.12/site-packages/airflow/example_dags/example_branch_labels.py
[2026-08-06T04:52:17.427+0000] {processor.py:925} INFO - DAG(s) 'example_branch_labels' retrieved from /home/airflow/.local/lib/python3.12/site-packages/airflow/example_dags/example_branch_labels.py
[2026-08-06T04:52:17.453+0000] {logging_mixin.py:190} INFO - [2026-08-06T04:52:17.452+0000] {dag.py:3239} INFO - Sync 1 DAGs
[2026-08-06T04:52:17.480+0000] {logging_mixin.py:190} INFO - [2026-08-06T04:52:17.480+0000] {dag.py:4180} INFO - Setting next_dagrun for example_branch_labels to 2026-08-05 00:00:00+00:00, run_after=2026-08-06 00:00:00+00:00
[2026-08-06T04:52:17.511+0000] {processor.py:208} INFO - Processing /home/airflow/.local/lib/python3.12/site-packages/airflow/example_dags/example_branch_labels.py took 0.107 seconds
[2026-08-06T05:30:21.183+0000] {processor.py:186} INFO - Started process (PID=108) to work on /home/airflow/.local/lib/python3.12/site-packages/airflow/example_dags/example_branch_labels.py
[2026-08-06T05:30:21.185+0000] {processor.py:914} INFO - Processing file /home/airflow/.local/lib/python3.12/site-packages/airflow/example_dags/example_branch_labels.py for tasks to queue
[2026-08-06T05:30:21.190+0000] {logging_mixin.py:190} INFO - [2026-08-06T05:30:21.189+0000] {dagbag.py:588} INFO - Filling up the DagBag from /home/airflow/.local/lib/python3.12/site-packages/airflow/example_dags/example_branch_labels.py
[2026-08-06T05:30:21.214+0000] {processor.py:925} INFO - DAG(s) 'example_branch_labels' retrieved from /home/airflow/.local/lib/python3.12/site-packages/airflow/example_dags/example_branch_labels.py
[2026-08-06T05:30:21.275+0000] {logging_mixin.py:190} INFO - [2026-08-06T05:30:21.275+0000] {dag.py:3239} INFO - Sync 1 DAGs
[2026-08-06T05:30:21.311+0000] {logging_mixin.py:190} INFO - [2026-08-06T05:30:21.311+0000] {dag.py:4180} INFO - Setting next_dagrun for example_branch_labels to 2026-08-05 00:00:00+00:00, run_after=2026-08-06 00:00:00+00:00
[2026-08-06T05:30:21.339+0000] {processor.py:208} INFO - Processing /home/airflow/.local/lib/python3.12/site-packages/airflow/example_dags/example_branch_labels.py took 0.165 seconds
[2026-08-06T05:30:52.334+0000] {processor.py:186} INFO - Started process (PID=171) to work on /home/airflow/.local/lib/python3.12/site-packages/airflow/example_dags/example_branch_labels.py
[2026-08-06T05:30:52.337+0000] {processor.py:914} INFO - Processing file /home/airflow/.local/lib/python3.12/site-packages/airflow/example_dags/example_branch_labels.py for tasks to queue
[2026-08-06T05:30:52.340+0000] {logging_mixin.py:190} INFO - [2026-08-06T05:30:52.340+0000] {dagbag.py:588} INFO - Filling up the DagBag from /home/airflow/.local/lib/python3.12/site-packages/airflow/example_dags/example_branch_labels.py
[2026-08-06T05:30:52.352+0000] {processor.py:925} INFO - DAG(s) 'example_branch_labels' retrieved from /home/airflow/.local/lib/python3.12/site-packages/airflow/example_dags/example_branch_labels.py
[2026-08-06T05:30:52.380+0000] {logging_mixin.py:190} INFO - [2026-08-06T05:30:52.379+0000] {dag.py:3239} INFO - Sync 1 DAGs
[2026-08-06T05:30:52.436+0000] {logging_mixin.py:190} INFO - [2026-08-06T05:30:52.436+0000] {dag.py:4180} INFO - Setting next_dagrun for example_branch_labels to 2026-08-05 00:00:00+00:00, run_after=2026-08-06 00:00:00+00:00
[2026-08-06T05:30:52.459+0000] {processor.py:208} INFO - Processing /home/airflow/.local/lib/python3.12/site-packages/airflow/example_dags/example_branch_labels.py took 0.132 seconds
[2026-08-06T05:33:15.391+0000] {processor.py:186} INFO - Started process (PID=102) to work on /home/airflow/.local/lib/python3.12/site-packages/airflow/example_dags/example_branch_labels.py
[2026-08-06T05:33:15.393+0000] {processor.py:914} INFO - Processing file /home/airflow/.local/lib/python3.12/site-packages/airflow/example_dags/example_branch_labels.py for tasks to queue
[2026-08-06T05:33:15.397+0000] {logging_mixin.py:190} INFO - [2026-08-06T05:33:15.396+0000] {dagbag.py:588} INFO - Filling up the DagBag from /home/airflow/.local/lib/python3.12/site-packages/airflow/example_dags/example_branch_labels.py
[2026-08-06T05:33:15.412+0000] {processor.py:925} INFO - DAG(s) 'example_branch_labels' retrieved from /home/airflow/.local/lib/python3.12/site-packages/airflow/example_dags/example_branch_labels.py
[2026-08-06T05:33:15.454+0000] {logging_mixin.py:190} INFO - [2026-08-06T05:33:15.454+0000] {dag.py:3239} INFO - Sync 1 DAGs
[2026-08-06T05:33:15.494+0000] {logging_mixin.py:190} INFO - [2026-08-06T05:33:15.494+0000] {dag.py:4180} INFO - Setting next_dagrun for example_branch_labels to 2026-08-05 00:00:00+00:00, run_after=2026-08-06 00:00:00+00:00
[2026-08-06T05:33:15.554+0000] {processor.py:208} INFO - Processing /home/airflow/.local/lib/python3.12/site-packages/airflow/example_dags/example_branch_labels.py took 0.172 seconds
[2026-08-06T05:33:46.128+0000] {processor.py:186} INFO - Started process (PID=165) to work on /home/airflow/.local/lib/python3.12/site-packages/airflow/example_dags/example_branch_labels.py
[2026-08-06T05:33:46.130+0000] {processor.py:914} INFO - Processing file /home/airflow/.local/lib/python3.12/site-packages/airflow/example_dags/example_branch_labels.py for tasks to queue
[2026-08-06T05:33:46.134+0000] {logging_mixin.py:190} INFO - [2026-08-06T05:33:46.133+0000] {dagbag.py:588} INFO - Filling up the DagBag from /home/airflow/.local/lib/python3.12/site-packages/airflow/example_dags/example_branch_labels.py
[2026-08-06T05:33:46.152+0000] {processor.py:925} INFO - DAG(s) 'example_branch_labels' retrieved from /home/airflow/.local/lib/python3.12/site-packages/airflow/example_dags/example_branch_labels.py
[2026-08-06T05:33:46.193+0000] {logging_mixin.py:190} INFO - [2026-08-06T05:33:46.193+0000] {dag.py:3239} INFO - Sync 1 DAGs
[2026-08-06T05:33:46.244+0000] {logging_mixin.py:190} INFO - [2026-08-06T05:33:46.244+0000] {dag.py:4180} INFO - Setting next_dagrun for example_branch_labels to 2026-08-05 00:00:00+00:00, run_after=2026-08-06 00:00:00+00:00
[2026-08-06T05:33:46.284+0000] {processor.py:208} INFO - Processing /home/airflow/.local/lib/python3.12/site-packages/airflow/example_dags/example_branch_labels.py took 0.168 seconds
[2026-08-06T05:34:17.060+0000] {processor.py:186} INFO - Started process (PID=228) to work on /home/airflow/.local/lib/python3.12/site-packages/airflow/example_dags/example_branch_labels.py
[2026-08-06T05:34:17.062+0000] {processor.py:914} INFO - Processing file /home/airflow/.local/lib/python3.12/site-packages/airflow/example_dags/example_branch_labels.py for tasks to queue
[2026-08-06T05:34:17.066+0000] {logging_mixin.py:190} INFO - [2026-08-06T05:34:17.066+0000] {dagbag.py:588} INFO - Filling up the DagBag from /home/airflow/.local/lib/python3.12/site-packages/airflow/example_dags/example_branch_labels.py
[2026-08-06T05:34:17.080+0000] {processor.py:925} INFO - DAG(s) 'example_branch_labels' retrieved from /home/airflow/.local/lib/python3.12/site-packages/airflow/example_dags/example_branch_labels.py
[2026-08-06T05:34:17.111+0000] {logging_mixin.py:190} INFO - [2026-08-06T05:34:17.111+0000] {dag.py:3239} INFO - Sync 1 DAGs
[2026-08-06T05:34:17.148+0000] {logging_mixin.py:190} INFO - [2026-08-06T05:34:17.148+0000] {dag.py:4180} INFO - Setting next_dagrun for example_branch_labels to 2026-08-05 00:00:00+00:00, run_after=2026-08-06 00:00:00+00:00
[2026-08-06T05:34:17.204+0000] {processor.py:208} INFO - Processing /home/airflow/.local/lib/python3.12/site-packages/airflow/example_dags/example_branch_labels.py took 0.151 seconds
[2026-08-06T05:34:47.720+0000] {processor.py:186} INFO - Started process (PID=290) to work on /home/airflow/.local/lib/python3.12/site-packages/airflow/example_dags/example_branch_labels.py
[2026-08-06T05:34:47.722+0000] {processor.py:914} INFO - Processing file /home/airflow/.local/lib/python3.12/site-packages/airflow/example_dags/example_branch_labels.py for tasks to queue
[2026-08-06T05:34:47.727+0000] {logging_mixin.py:190} INFO - [2026-08-06T05:34:47.726+0000] {dagbag.py:588} INFO - Filling up the DagBag from /home/airflow/.local/lib/python3.12/site-packages/airflow/example_dags/example_branch_labels.py
[2026-08-06T05:34:47.742+0000] {processor.py:925} INFO - DAG(s) 'example_branch_labels' retrieved from /home/airflow/.local/lib/python3.12/site-packages/airflow/example_dags/example_branch_labels.py
[2026-08-06T05:34:47.771+0000] {logging_mixin.py:190} INFO - [2026-08-06T05:34:47.771+0000] {dag.py:3239} INFO - Sync 1 DAGs
[2026-08-06T05:34:47.803+0000] {logging_mixin.py:190} INFO - [2026-08-06T05:34:47.803+0000] {dag.py:4180} INFO - Setting next_dagrun for example_branch_labels to 2026-08-05 00:00:00+00:00, run_after=2026-08-06 00:00:00+00:00
[2026-08-06T05:34:47.863+0000] {processor.py:208} INFO - Processing /home/airflow/.local/lib/python3.12/site-packages/airflow/example_dags/example_branch_labels.py took 0.152 seconds
[2026-08-06T05:35:18.789+0000] {processor.py:186} INFO - Started process (PID=353) to work on /home/airflow/.local/lib/python3.12/site-packages/airflow/example_dags/example_branch_labels.py
[2026-08-06T05:35:18.791+0000] {processor.py:914} INFO - Processing file /home/airflow/.local/lib/python3.12/site-packages/airflow/example_dags/example_branch_labels.py for tasks to queue
[2026-08-06T05:35:18.795+0000] {logging_mixin.py:190} INFO - [2026-08-06T05:35:18.794+0000] {dagbag.py:588} INFO - Filling up the DagBag from /home/airflow/.local/lib/python3.12/site-packages/airflow/example_dags/example_branch_labels.py
[2026-08-06T05:35:18.812+0000] {processor.py:925} INFO - DAG(s) 'example_branch_labels' retrieved from /home/airflow/.local/lib/python3.12/site-packages/airflow/example_dags/example_branch_labels.py
[2026-08-06T05:35:18.838+0000] {logging_mixin.py:190} INFO - [2026-08-06T05:35:18.838+0000] {dag.py:3239} INFO - Sync 1 DAGs
[2026-08-06T05:35:18.866+0000] {logging_mixin.py:190} INFO - [2026-08-06T05:35:18.866+0000] {dag.py:4180} INFO - Setting next_dagrun for example_branch_labels to 2026-08-05 00:00:00+00:00, run_after=2026-08-06 00:00:00+00:00
[2026-08-06T05:35:18.947+0000] {processor.py:208} INFO - Processing /home/airflow/.local/lib/python3.12/site-packages/airflow/example_dags/example_branch_labels.py took 0.167 seconds
[2026-08-06T05:37:04.113+0000] {processor.py:186} INFO - Started process (PID=108) to work on /home/airflow/.local/lib/python3.12/site-packages/airflow/example_dags/example_branch_labels.py
[2026-08-06T05:37:04.117+0000] {processor.py:914} INFO - Processing file /home/airflow/.local/lib/python3.12/site-packages/airflow/example_dags/example_branch_labels.py for tasks to queue
[2026-08-06T05:37:04.122+0000] {logging_mixin.py:190} INFO - [2026-08-06T05:37:04.121+0000] {dagbag.py:588} INFO - Filling up the DagBag from /home/airflow/.local/lib/python3.12/site-packages/airflow/example_dags/example_branch_labels.py
[2026-08-06T05:37:04.140+0000] {processor.py:925} INFO - DAG(s) 'example_branch_labels' retrieved from /home/airflow/.local/lib/python3.12/site-packages/airflow/example_dags/example_branch_labels.py
[2026-08-06T05:37:04.172+0000] {logging_mixin.py:190} INFO - [2026-08-06T05:37:04.172+0000] {dag.py:3239} INFO - Sync 1 DAGs
[2026-08-06T05:37:04.216+0000] {logging_mixin.py:190} INFO - [2026-08-06T05:37:04.216+0000] {dag.py:4180} INFO - Setting next_dagrun for example_branch_labels to 2026-08-05 00:00:00+00:00, run_after=2026-08-06 00:00:00+00:00
[2026-08-06T05:37:04.265+0000] {processor.py:208} INFO - Processing /home/airflow/.local/lib/python3.12/site-packages/airflow/example_dags/example_branch_labels.py took 0.161 seconds
[2026-08-06T05:37:35.485+0000] {processor.py:186} INFO - Started process (PID=172) to work on /home/airflow/.local/lib/python3.12/site-packages/airflow/example_dags/example_branch_labels.py
[2026-08-06T05:37:35.487+0000] {processor.py:914} INFO - Processing file /home/airflow/.local/lib/python3.12/site-packages/airflow/example_dags/example_branch_labels.py for tasks to queue
[2026-08-06T05:37:35.491+0000] {logging_mixin.py:190} INFO - [2026-08-06T05:37:35.491+0000] {dagbag.py:588} INFO - Filling up the DagBag from /home/airflow/.local/lib/python3.12/site-packages/airflow/example_dags/example_branch_labels.py
[2026-08-06T05:37:35.508+0000] {processor.py:925} INFO - DAG(s) 'example_branch_labels' retrieved from /home/airflow/.local/lib/python3.12/site-packages/airflow/example_dags/example_branch_labels.py
[2026-08-06T05:37:35.542+0000] {logging_mixin.py:190} INFO - [2026-08-06T05:37:35.541+0000] {dag.py:3239} INFO - Sync 1 DAGs
[2026-08-06T05:37:35.583+0000] {logging_mixin.py:190} INFO - [2026-08-06T05:37:35.582+0000] {dag.py:4180} INFO - Setting next_dagrun for example_branch_labels to 2026-08-05 00:00:00+00:00, run_after=2026-08-06 00:00:00+00:00
[2026-08-06T05:37:35.614+0000] {processor.py:208} INFO - Processing /home/airflow/.local/lib/python3.12/site-packages/airflow/example_dags/example_branch_labels.py took 0.140 seconds
[2026-08-06T05:38:05.791+0000] {processor.py:186} INFO - Started process (PID=236) to work on /home/airflow/.local/lib/python3.12/site-packages/airflow/example_dags/example_branch_labels.py
[2026-08-06T05:38:05.793+0000] {processor.py:914} INFO - Processing file /home/airflow/.local/lib/python3.12/site-packages/airflow/example_dags/example_branch_labels.py for tasks to queue
[2026-08-06T05:38:05.796+0000] {logging_mixin.py:190} INFO - [2026-08-06T05:38:05.796+0000] {dagbag.py:588} INFO - Filling up the DagBag from /home/airflow/.local/lib/python3.12/site-packages/airflow/example_dags/example_branch_labels.py
[2026-08-06T05:38:05.812+0000] {processor.py:925} INFO - DAG(s) 'example_branch_labels' retrieved from /home/airflow/.local/lib/python3.12/site-packages/airflow/example_dags/example_branch_labels.py
[2026-08-06T05:38:05.847+0000] {logging_mixin.py:190} INFO - [2026-08-06T05:38:05.846+0000] {dag.py:3239} INFO - Sync 1 DAGs
[2026-08-06T05:38:05.874+0000] {logging_mixin.py:190} INFO - [2026-08-06T05:38:05.874+0000] {dag.py:4180} INFO - Setting next_dagrun for example_branch_labels to 2026-08-05 00:00:00+00:00, run_after=2026-08-06 00:00:00+00:00
[2026-08-06T05:38:05.897+0000] {processor.py:208} INFO - Processing /home/airflow/.local/lib/python3.12/site-packages/airflow/example_dags/example_branch_labels.py took 0.115 seconds
[2026-08-06T05:38:41.282+0000] {processor.py:186} INFO - Started process (PID=307) to work on /home/airflow/.local/lib/python3.12/site-packages/airflow/example_dags/example_branch_labels.py
[2026-08-06T05:38:41.285+0000] {processor.py:914} INFO - Processing file /home/airflow/.local/lib/python3.12/site-packages/airflow/example_dags/example_branch_labels.py for tasks to queue
[2026-08-06T05:38:41.294+0000] {logging_mixin.py:190} INFO - [2026-08-06T05:38:41.291+0000] {dagbag.py:588} INFO - Filling up the DagBag from /home/airflow/.local/lib/python3.12/site-packages/airflow/example_dags/example_branch_labels.py
[2026-08-06T05:38:41.319+0000] {processor.py:925} INFO - DAG(s) 'example_branch_labels' retrieved from /home/airflow/.local/lib/python3.12/site-packages/airflow/example_dags/example_branch_labels.py
[2026-08-06T05:38:41.358+0000] {logging_mixin.py:190} INFO - [2026-08-06T05:38:41.357+0000] {dag.py:3239} INFO - Sync 1 DAGs
[2026-08-06T05:38:41.399+0000] {logging_mixin.py:190} INFO - [2026-08-06T05:38:41.398+0000] {dag.py:4180} INFO - Setting next_dagrun for example_branch_labels to 2026-08-05 00:00:00+00:00, run_after=2026-08-06 00:00:00+00:00
[2026-08-06T05:38:41.474+0000] {processor.py:208} INFO - Processing /home/airflow/.local/lib/python3.12/site-packages/airflow/example_dags/example_branch_labels.py took 0.209 seconds
[2026-08-06T05:39:12.412+0000] {processor.py:186} INFO - Started process (PID=379) to work on /home/airflow/.local/lib/python3.12/site-packages/airflow/example_dags/example_branch_labels.py
[2026-08-06T05:39:12.414+0000] {processor.py:914} INFO - Processing file /home/airflow/.local/lib/python3.12/site-packages/airflow/example_dags/example_branch_labels.py for tasks to queue
[2026-08-06T05:39:12.417+0000] {logging_mixin.py:190} INFO - [2026-08-06T05:39:12.416+0000] {dagbag.py:588} INFO - Filling up the DagBag from /home/airflow/.local/lib/python3.12/site-packages/airflow/example_dags/example_branch_labels.py
[2026-08-06T05:39:12.431+0000] {processor.py:925} INFO - DAG(s) 'example_branch_labels' retrieved from /home/airflow/.local/lib/python3.12/site-packages/airflow/example_dags/example_branch_labels.py
[2026-08-06T05:39:12.463+0000] {logging_mixin.py:190} INFO - [2026-08-06T05:39:12.463+0000] {dag.py:3239} INFO - Sync 1 DAGs
[2026-08-06T05:39:12.517+0000] {logging_mixin.py:190} INFO - [2026-08-06T05:39:12.517+0000] {dag.py:4180} INFO - Setting next_dagrun for example_branch_labels to 2026-08-05 00:00:00+00:00, run_after=2026-08-06 00:00:00+00:00
[2026-08-06T05:39:12.586+0000] {processor.py:208} INFO - Processing /home/airflow/.local/lib/python3.12/site-packages/airflow/example_dags/example_branch_labels.py took 0.186 seconds
[2026-08-06T05:39:45.784+0000] {processor.py:186} INFO - Started process (PID=443) to work on /home/airflow/.local/lib/python3.12/site-packages/airflow/example_dags/example_branch_labels.py
[2026-08-06T05:39:45.786+0000] {processor.py:914} INFO - Processing file /home/airflow/.local/lib/python3.12/site-packages/airflow/example_dags/example_branch_labels.py for tasks to queue
[2026-08-06T05:39:45.790+0000] {logging_mixin.py:190} INFO - [2026-08-06T05:39:45.789+0000] {dagbag.py:588} INFO - Filling up the DagBag from /home/airflow/.local/lib/python3.12/site-packages/airflow/example_dags/example_branch_labels.py
[2026-08-06T05:39:45.804+0000] {processor.py:925} INFO - DAG(s) 'example_branch_labels' retrieved from /home/airflow/.local/lib/python3.12/site-packages/airflow/example_dags/example_branch_labels.py
[2026-08-06T05:39:45.842+0000] {logging_mixin.py:190} INFO - [2026-08-06T05:39:45.841+0000] {dag.py:3239} INFO - Sync 1 DAGs
[2026-08-06T05:39:45.889+0000] {logging_mixin.py:190} INFO - [2026-08-06T05:39:45.889+0000] {dag.py:4180} INFO - Setting next_dagrun for example_branch_labels to 2026-08-05 00:00:00+00:00, run_after=2026-08-06 00:00:00+00:00
[2026-08-06T05:39:45.969+0000] {processor.py:208} INFO - Processing /home/airflow/.local/lib/python3.12/site-packages/airflow/example_dags/example_branch_labels.py took 0.193 seconds
[2026-08-06T05:40:17.779+0000] {processor.py:186} INFO - Started process (PID=507) to work on /home/airflow/.local/lib/python3.12/site-packages/airflow/example_dags/example_branch_labels.py
[2026-08-06T05:40:17.781+0000] {processor.py:914} INFO - Processing file /home/airflow/.local/lib/python3.12/site-packages/airflow/example_dags/example_branch_labels.py for tasks to queue
[2026-08-06T05:40:17.785+0000] {logging_mixin.py:190} INFO - [2026-08-06T05:40:17.784+0000] {dagbag.py:588} INFO - Filling up the DagBag from /home/airflow/.local/lib/python3.12/site-packages/airflow/example_dags/example_branch_labels.py
[2026-08-06T05:40:17.807+0000] {processor.py:925} INFO - DAG(s) 'example_branch_labels' retrieved from /home/airflow/.local/lib/python3.12/site-packages/airflow/example_dags/example_branch_labels.py
[2026-08-06T05:40:17.844+0000] {logging_mixin.py:190} INFO - [2026-08-06T05:40:17.843+0000] {dag.py:3239} INFO - Sync 1 DAGs
[2026-08-06T05:40:17.891+0000] {logging_mixin.py:190} INFO - [2026-08-06T05:40:17.890+0000] {dag.py:4180} INFO - Setting next_dagrun for example_branch_labels to 2026-08-05 00:00:00+00:00, run_after=2026-08-06 00:00:00+00:00
[2026-08-06T05:40:17.958+0000] {processor.py:208} INFO - Processing /home/airflow/.local/lib/python3.12/site-packages/airflow/example_dags/example_branch_labels.py took 0.191 seconds
[2026-08-06T05:40:48.474+0000] {processor.py:186} INFO - Started process (PID=571) to work on /home/airflow/.local/lib/python3.12/site-packages/airflow/example_dags/example_branch_labels.py
[2026-08-06T05:40:48.476+0000] {processor.py:914} INFO - Processing file /home/airflow/.local/lib/python3.12/site-packages/airflow/example_dags/example_branch_labels.py for tasks to queue
[2026-08-06T05:40:48.481+0000] {logging_mixin.py:190} INFO - [2026-08-06T05:40:48.481+0000] {dagbag.py:588} INFO - Filling up the DagBag from /home/airflow/.local/lib/python3.12/site-packages/airflow/example_dags/example_branch_labels.py
[2026-08-06T05:40:48.497+0000] {processor.py:925} INFO - DAG(s) 'example_branch_labels' retrieved from /home/airflow/.local/lib/python3.12/site-packages/airflow/example_dags/example_branch_labels.py
[2026-08-06T05:40:48.528+0000] {logging_mixin.py:190} INFO - [2026-08-06T05:40:48.528+0000] {dag.py:3239} INFO - Sync 1 DAGs
[2026-08-06T05:40:48.564+0000] {logging_mixin.py:190} INFO - [2026-08-06T05:40:48.564+0000] {dag.py:4180} INFO - Setting next_dagrun for example_branch_labels to 2026-08-05 00:00:00+00:00, run_after=2026-08-06 00:00:00+00:00
[2026-08-06T05:40:48.629+0000] {processor.py:208} INFO - Processing /home/airflow/.local/lib/python3.12/site-packages/airflow/example_dags/example_branch_labels.py took 0.166 seconds
[2026-08-06T05:41:19.949+0000] {processor.py:186} INFO - Started process (PID=635) to work on /home/airflow/.local/lib/python3.12/site-packages/airflow/example_dags/example_branch_labels.py
[2026-08-06T05:41:19.951+0000] {processor.py:914} INFO - Processing file /home/airflow/.local/lib/python3.12/site-packages/airflow/example_dags/example_branch_labels.py for tasks to queue
[2026-08-06T05:41:19.955+0000] {logging_mixin.py:190} INFO - [2026-08-06T05:41:19.955+0000] {dagbag.py:588} INFO - Filling up the DagBag from /home/airflow/.local/lib/python3.12/site-packages/airflow/example_dags/example_branch_labels.py
[2026-08-06T05:41:19.969+0000] {processor.py:925} INFO - DAG(s) 'example_branch_labels' retrieved from /home/airflow/.local/lib/python3.12/site-packages/airflow/example_dags/example_branch_labels.py
[2026-08-06T05:41:20.012+0000] {logging_mixin.py:190} INFO - [2026-08-06T05:41:20.011+0000] {dag.py:3239} INFO - Sync 1 DAGs
[2026-08-06T05:41:20.054+0000] {logging_mixin.py:190} INFO - [2026-08-06T05:41:20.053+0000] {dag.py:4180} INFO - Setting next_dagrun for example_branch_labels to 2026-08-05 00:00:00+00:00, run_after=2026-08-06 00:00:00+00:00
[2026-08-06T05:41:20.098+0000] {processor.py:208} INFO - Processing /home/airflow/.local/lib/python3.12/site-packages/airflow/example_dags/example_branch_labels.py took 0.164 seconds
[2026-08-06T05:41:50.584+0000] {processor.py:186} INFO - Started process (PID=698) to work on /home/airflow/.local/lib/python3.12/site-packages/airflow/example_dags/example_branch_labels.py
[2026-08-06T05:41:50.587+0000] {processor.py:914} INFO - Processing file /home/airflow/.local/lib/python3.12/site-packages/airflow/example_dags/example_branch_labels.py for tasks to queue
[2026-08-06T05:41:50.593+0000] {logging_mixin.py:190} INFO - [2026-08-06T05:41:50.593+0000] {dagbag.py:588} INFO - Filling up the DagBag from /home/airflow/.local/lib/python3.12/site-packages/airflow/example_dags/example_branch_labels.py
[2026-08-06T05:41:50.608+0000] {processor.py:925} INFO - DAG(s) 'example_branch_labels' retrieved from /home/airflow/.local/lib/python3.12/site-packages/airflow/example_dags/example_branch_labels.py
[2026-08-06T05:41:50.646+0000] {logging_mixin.py:190} INFO - [2026-08-06T05:41:50.646+0000] {dag.py:3239} INFO - Sync 1 DAGs
[2026-08-06T05:41:50.683+0000] {logging_mixin.py:190} INFO - [2026-08-06T05:41:50.683+0000] {dag.py:4180} INFO - Setting next_dagrun for example_branch_labels to 2026-08-05 00:00:00+00:00, run_after=2026-08-06 00:00:00+00:00
[2026-08-06T05:41:50.720+0000] {processor.py:208} INFO - Processing /home/airflow/.local/lib/python3.12/site-packages/airflow/example_dags/example_branch_labels.py took 0.146 seconds
[2026-08-06T05:42:20.953+0000] {processor.py:186} INFO - Started process (PID=762) to work on /home/airflow/.local/lib/python3.12/site-packages/airflow/example_dags/example_branch_labels.py
[2026-08-06T05:42:20.955+0000] {processor.py:914} INFO - Processing file /home/airflow/.local/lib/python3.12/site-packages/airflow/example_dags/example_branch_labels.py for tasks to queue
[2026-08-06T05:42:20.959+0000] {logging_mixin.py:190} INFO - [2026-08-06T05:42:20.959+0000] {dagbag.py:588} INFO - Filling up the DagBag from /home/airflow/.local/lib/python3.12/site-packages/airflow/example_dags/example_branch_labels.py
[2026-08-06T05:42:20.975+0000] {processor.py:925} INFO - DAG(s) 'example_branch_labels' retrieved from /home/airflow/.local/lib/python3.12/site-packages/airflow/example_dags/example_branch_labels.py
[2026-08-06T05:42:21.012+0000] {logging_mixin.py:190} INFO - [2026-08-06T05:42:21.011+0000] {dag.py:3239} INFO - Sync 1 DAGs
[2026-08-06T05:42:21.061+0000] {logging_mixin.py:190} INFO - [2026-08-06T05:42:21.060+0000] {dag.py:4180} INFO - Setting next_dagrun for example_branch_labels to 2026-08-05 00:00:00+00:00, run_after=2026-08-06 00:00:00+00:00
[2026-08-06T05:42:21.103+0000] {processor.py:208} INFO - Processing /home/airflow/.local/lib/python3.12/site-packages/airflow/example_dags/example_branch_labels.py took 0.159 seconds
[2026-08-06T05:42:55.110+0000] {processor.py:186} INFO - Started process (PID=832) to work on /home/airflow/.local/lib/python3.12/site-packages/airflow/example_dags/example_branch_labels.py
[2026-08-06T05:42:55.112+0000] {processor.py:914} INFO - Processing file /home/airflow/.local/lib/python3.12/site-packages/airflow/example_dags/example_branch_labels.py for tasks to queue
[2026-08-06T05:42:55.116+0000] {logging_mixin.py:190} INFO - [2026-08-06T05:42:55.116+0000] {dagbag.py:588} INFO - Filling up the DagBag from /home/airflow/.local/lib/python3.12/site-packages/airflow/example_dags/example_branch_labels.py
[2026-08-06T05:42:55.133+0000] {processor.py:925} INFO - DAG(s) 'example_branch_labels' retrieved from /home/airflow/.local/lib/python3.12/site-packages/airflow/example_dags/example_branch_labels.py
[2026-08-06T05:42:55.163+0000] {logging_mixin.py:190} INFO - [2026-08-06T05:42:55.163+0000] {dag.py:3239} INFO - Sync 1 DAGs
[2026-08-06T05:42:55.205+0000] {logging_mixin.py:190} INFO - [2026-08-06T05:42:55.204+0000] {dag.py:4180} INFO - Setting next_dagrun for example_branch_labels to 2026-08-05 00:00:00+00:00, run_after=2026-08-06 00:00:00+00:00
[2026-08-06T05:42:55.253+0000] {processor.py:208} INFO - Processing /home/airflow/.local/lib/python3.12/site-packages/airflow/example_dags/example_branch_labels.py took 0.150 seconds
[2026-08-06T05:43:25.893+0000] {processor.py:186} INFO - Started process (PID=896) to work on /home/airflow/.local/lib/python3.12/site-packages/airflow/example_dags/example_branch_labels.py
[2026-08-06T05:43:25.895+0000] {processor.py:914} INFO - Processing file /home/airflow/.local/lib/python3.12/site-packages/airflow/example_dags/example_branch_labels.py for tasks to queue
[2026-08-06T05:43:25.900+0000] {logging_mixin.py:190} INFO - [2026-08-06T05:43:25.899+0000] {dagbag.py:588} INFO - Filling up the DagBag from /home/airflow/.local/lib/python3.12/site-packages/airflow/example_dags/example_branch_labels.py
[2026-08-06T05:43:25.913+0000] {processor.py:925} INFO - DAG(s) 'example_branch_labels' retrieved from /home/airflow/.local/lib/python3.12/site-packages/airflow/example_dags/example_branch_labels.py
[2026-08-06T05:43:25.945+0000] {logging_mixin.py:190} INFO - [2026-08-06T05:43:25.945+0000] {dag.py:3239} INFO - Sync 1 DAGs
[2026-08-06T05:43:25.979+0000] {logging_mixin.py:190} INFO - [2026-08-06T05:43:25.978+0000] {dag.py:4180} INFO - Setting next_dagrun for example_branch_labels to 2026-08-05 00:00:00+00:00, run_after=2026-08-06 00:00:00+00:00
[2026-08-06T05:43:26.039+0000] {processor.py:208} INFO - Processing /home/airflow/.local/lib/python3.12/site-packages/airflow/example_dags/example_branch_labels.py took 0.157 seconds
[2026-08-06T05:43:57.327+0000] {processor.py:186} INFO - Started process (PID=975) to work on /home/airflow/.local/lib/python3.12/site-packages/airflow/example_dags/example_branch_labels.py
[2026-08-06T05:43:57.330+0000] {processor.py:914} INFO - Processing file /home/airflow/.local/lib/python3.12/site-packages/airflow/example_dags/example_branch_labels.py for tasks to queue
[2026-08-06T05:43:57.337+0000] {logging_mixin.py:190} INFO - [2026-08-06T05:43:57.336+0000] {dagbag.py:588} INFO - Filling up the DagBag from /home/airflow/.local/lib/python3.12/site-packages/airflow/example_dags/example_branch_labels.py
[2026-08-06T05:43:57.376+0000] {processor.py:925} INFO - DAG(s) 'example_branch_labels' retrieved from /home/airflow/.local/lib/python3.12/site-packages/airflow/example_dags/example_branch_labels.py
[2026-08-06T05:43:57.439+0000] {logging_mixin.py:190} INFO - [2026-08-06T05:43:57.438+0000] {dag.py:3239} INFO - Sync 1 DAGs
[2026-08-06T05:43:57.514+0000] {logging_mixin.py:190} INFO - [2026-08-06T05:43:57.513+0000] {dag.py:4180} INFO - Setting next_dagrun for example_branch_labels to 2026-08-05 00:00:00+00:00, run_after=2026-08-06 00:00:00+00:00
[2026-08-06T05:43:57.564+0000] {processor.py:208} INFO - Processing /home/airflow/.local/lib/python3.12/site-packages/airflow/example_dags/example_branch_labels.py took 0.251 seconds
[2026-08-06T05:44:28.706+0000] {processor.py:186} INFO - Started process (PID=1039) to work on /home/airflow/.local/lib/python3.12/site-packages/airflow/example_dags/example_branch_labels.py
[2026-08-06T05:44:28.709+0000] {processor.py:914} INFO - Processing file /home/airflow/.local/lib/python3.12/site-packages/airflow/example_dags/example_branch_labels.py for tasks to queue
[2026-08-06T05:44:28.716+0000] {logging_mixin.py:190} INFO - [2026-08-06T05:44:28.715+0000] {dagbag.py:588} INFO - Filling up the DagBag from /home/airflow/.local/lib/python3.12/site-packages/airflow/example_dags/example_branch_labels.py
[2026-08-06T05:44:28.735+0000] {processor.py:925} INFO - DAG(s) 'example_branch_labels' retrieved from /home/airflow/.local/lib/python3.12/site-packages/airflow/example_dags/example_branch_labels.py
[2026-08-06T05:44:28.778+0000] {logging_mixin.py:190} INFO - [2026-08-06T05:44:28.778+0000] {dag.py:3239} INFO - Sync 1 DAGs
[2026-08-06T05:44:28.833+0000] {logging_mixin.py:190} INFO - [2026-08-06T05:44:28.833+0000] {dag.py:4180} INFO - Setting next_dagrun for example_branch_labels to 2026-08-05 00:00:00+00:00, run_after=2026-08-06 00:00:00+00:00
[2026-08-06T05:44:28.875+0000] {processor.py:208} INFO - Processing /home/airflow/.local/lib/python3.12/site-packages/airflow/example_dags/example_branch_labels.py took 0.180 seconds
[2026-08-06T05:45:00.444+0000] {processor.py:186} INFO - Started process (PID=1102) to work on /home/airflow/.local/lib/python3.12/site-packages/airflow/example_dags/example_branch_labels.py
[2026-08-06T05:45:00.447+0000] {processor.py:914} INFO - Processing file /home/airflow/.local/lib/python3.12/site-packages/airflow/example_dags/example_branch_labels.py for tasks to queue
[2026-08-06T05:45:00.452+0000] {logging_mixin.py:190} INFO - [2026-08-06T05:45:00.451+0000] {dagbag.py:588} INFO - Filling up the DagBag from /home/airflow/.local/lib/python3.12/site-packages/airflow/example_dags/example_branch_labels.py
[2026-08-06T05:45:00.467+0000] {processor.py:925} INFO - DAG(s) 'example_branch_labels' retrieved from /home/airflow/.local/lib/python3.12/site-packages/airflow/example_dags/example_branch_labels.py
[2026-08-06T05:45:00.505+0000] {logging_mixin.py:190} INFO - [2026-08-06T05:45:00.505+0000] {dag.py:3239} INFO - Sync 1 DAGs
[2026-08-06T05:45:00.550+0000] {logging_mixin.py:190} INFO - [2026-08-06T05:45:00.549+0000] {dag.py:4180} INFO - Setting next_dagrun for example_branch_labels to 2026-08-05 00:00:00+00:00, run_after=2026-08-06 00:00:00+00:00
[2026-08-06T05:45:00.587+0000] {processor.py:208} INFO - Processing /home/airflow/.local/lib/python3.12/site-packages/airflow/example_dags/example_branch_labels.py took 0.153 seconds
[2026-08-06T05:45:32.490+0000] {processor.py:186} INFO - Started process (PID=1166) to work on /home/airflow/.local/lib/python3.12/site-packages/airflow/example_dags/example_branch_labels.py
[2026-08-06T05:45:32.493+0000] {processor.py:914} INFO - Processing file /home/airflow/.local/lib/python3.12/site-packages/airflow/example_dags/example_branch_labels.py for tasks to queue
[2026-08-06T05:45:32.499+0000] {logging_mixin.py:190} INFO - [2026-08-06T05:45:32.498+0000] {dagbag.py:588} INFO - Filling up the DagBag from /home/airflow/.local/lib/python3.12/site-packages/airflow/example_dags/example_branch_labels.py
[2026-08-06T05:45:32.518+0000] {processor.py:925} INFO - DAG(s) 'example_branch_labels' retrieved from /home/airflow/.local/lib/python3.12/site-packages/airflow/example_dags/example_branch_labels.py
[2026-08-06T05:45:32.551+0000] {logging_mixin.py:190} INFO - [2026-08-06T05:45:32.551+0000] {dag.py:3239} INFO - Sync 1 DAGs
[2026-08-06T05:45:32.586+0000] {logging_mixin.py:190} INFO - [2026-08-06T05:45:32.586+0000] {dag.py:4180} INFO - Setting next_dagrun for example_branch_labels to 2026-08-05 00:00:00+00:00, run_after=2026-08-06 00:00:00+00:00
[2026-08-06T05:45:32.616+0000] {processor.py:208} INFO - Processing /home/airflow/.local/lib/python3.12/site-packages/airflow/example_dags/example_branch_labels.py took 0.134 seconds
[2026-08-06T05:46:03.910+0000] {processor.py:186} INFO - Started process (PID=1230) to work on /home/airflow/.local/lib/python3.12/site-packages/airflow/example_dags/example_branch_labels.py
[2026-08-06T05:46:03.912+0000] {processor.py:914} INFO - Processing file /home/airflow/.local/lib/python3.12/site-packages/airflow/example_dags/example_branch_labels.py for tasks to queue
[2026-08-06T05:46:03.921+0000] {logging_mixin.py:190} INFO - [2026-08-06T05:46:03.920+0000] {dagbag.py:588} INFO - Filling up the DagBag from /home/airflow/.local/lib/python3.12/site-packages/airflow/example_dags/example_branch_labels.py
[2026-08-06T05:46:03.947+0000] {processor.py:925} INFO - DAG(s) 'example_branch_labels' retrieved from /home/airflow/.local/lib/python3.12/site-packages/airflow/example_dags/example_branch_labels.py
[2026-08-06T05:46:04.008+0000] {logging_mixin.py:190} INFO - [2026-08-06T05:46:04.007+0000] {dag.py:3239} INFO - Sync 1 DAGs
[2026-08-06T05:46:04.072+0000] {logging_mixin.py:190} INFO - [2026-08-06T05:46:04.072+0000] {dag.py:4180} INFO - Setting next_dagrun for example_branch_labels to 2026-08-05 00:00:00+00:00, run_after=2026-08-06 00:00:00+00:00
[2026-08-06T05:46:04.118+0000] {processor.py:208} INFO - Processing /home/airflow/.local/lib/python3.12/site-packages/airflow/example_dags/example_branch_labels.py took 0.224 seconds
[2026-08-06T05:46:35.745+0000] {processor.py:186} INFO - Started process (PID=1294) to work on /home/airflow/.local/lib/python3.12/site-packages/airflow/example_dags/example_branch_labels.py
[2026-08-06T05:46:35.747+0000] {processor.py:914} INFO - Processing file /home/airflow/.local/lib/python3.12/site-packages/airflow/example_dags/example_branch_labels.py for tasks to queue
[2026-08-06T05:46:35.751+0000] {logging_mixin.py:190} INFO - [2026-08-06T05:46:35.751+0000] {dagbag.py:588} INFO - Filling up the DagBag from /home/airflow/.local/lib/python3.12/site-packages/airflow/example_dags/example_branch_labels.py
[2026-08-06T05:46:35.769+0000] {processor.py:925} INFO - DAG(s) 'example_branch_labels' retrieved from /home/airflow/.local/lib/python3.12/site-packages/airflow/example_dags/example_branch_labels.py
[2026-08-06T05:46:35.813+0000] {logging_mixin.py:190} INFO - [2026-08-06T05:46:35.813+0000] {dag.py:3239} INFO - Sync 1 DAGs
[2026-08-06T05:46:35.851+0000] {logging_mixin.py:190} INFO - [2026-08-06T05:46:35.851+0000] {dag.py:4180} INFO - Setting next_dagrun for example_branch_labels to 2026-08-05 00:00:00+00:00, run_after=2026-08-06 00:00:00+00:00
[2026-08-06T05:46:35.900+0000] {processor.py:208} INFO - Processing /home/airflow/.local/lib/python3.12/site-packages/airflow/example_dags/example_branch_labels.py took 0.166 seconds
[2026-08-06T05:47:08.130+0000] {processor.py:186} INFO - Started process (PID=1358) to work on /home/airflow/.local/lib/python3.12/site-packages/airflow/example_dags/example_branch_labels.py
[2026-08-06T05:47:08.216+0000] {processor.py:914} INFO - Processing file /home/airflow/.local/lib/python3.12/site-packages/airflow/example_dags/example_branch_labels.py for tasks to queue
[2026-08-06T05:47:08.232+0000] {logging_mixin.py:190} INFO - [2026-08-06T05:47:08.224+0000] {dagbag.py:588} INFO - Filling up the DagBag from /home/airflow/.local/lib/python3.12/site-packages/airflow/example_dags/example_branch_labels.py
[2026-08-06T05:47:08.266+0000] {processor.py:925} INFO - DAG(s) 'example_branch_labels' retrieved from /home/airflow/.local/lib/python3.12/site-packages/airflow/example_dags/example_branch_labels.py
[2026-08-06T05:47:08.364+0000] {logging_mixin.py:190} INFO - [2026-08-06T05:47:08.364+0000] {dag.py:3239} INFO - Sync 1 DAGs
[2026-08-06T05:47:08.437+0000] {logging_mixin.py:190} INFO - [2026-08-06T05:47:08.437+0000] {dag.py:4180} INFO - Setting next_dagrun for example_branch_labels to 2026-08-05 00:00:00+00:00, run_after=2026-08-06 00:00:00+00:00
[2026-08-06T05:47:08.482+0000] {processor.py:208} INFO - Processing /home/airflow/.local/lib/python3.12/site-packages/airflow/example_dags/example_branch_labels.py took 0.376 seconds
[2026-08-06T05:47:39.556+0000] {processor.py:186} INFO - Started process (PID=1422) to work on /home/airflow/.local/lib/python3.12/site-packages/airflow/example_dags/example_branch_labels.py
[2026-08-06T05:47:39.559+0000] {processor.py:914} INFO - Processing file /home/airflow/.local/lib/python3.12/site-packages/airflow/example_dags/example_branch_labels.py for tasks to queue
[2026-08-06T05:47:39.563+0000] {logging_mixin.py:190} INFO - [2026-08-06T05:47:39.563+0000] {dagbag.py:588} INFO - Filling up the DagBag from /home/airflow/.local/lib/python3.12/site-packages/airflow/example_dags/example_branch_labels.py
[2026-08-06T05:47:39.579+0000] {processor.py:925} INFO - DAG(s) 'example_branch_labels' retrieved from /home/airflow/.local/lib/python3.12/site-packages/airflow/example_dags/example_branch_labels.py
[2026-08-06T05:47:39.612+0000] {logging_mixin.py:190} INFO - [2026-08-06T05:47:39.611+0000] {dag.py:3239} INFO - Sync 1 DAGs
[2026-08-06T05:47:39.649+0000] {logging_mixin.py:190} INFO - [2026-08-06T05:47:39.648+0000] {dag.py:4180} INFO - Setting next_dagrun for example_branch_labels to 2026-08-05 00:00:00+00:00, run_after=2026-08-06 00:00:00+00:00
[2026-08-06T05:47:39.704+0000] {processor.py:208} INFO - Processing /home/airflow/.local/lib/python3.12/site-packages/airflow/example_dags/example_branch_labels.py took 0.160 seconds
[2026-08-06T05:48:09.925+0000] {processor.py:186} INFO - Started process (PID=1486) to work on /home/airflow/.local/lib/python3.12/site-packages/airflow/example_dags/example_branch_labels.py
[2026-08-06T05:48:09.928+0000] {processor.py:914} INFO - Processing file /home/airflow/.local/lib/python3.12/site-packages/airflow/example_dags/example_branch_labels.py for tasks to queue
[2026-08-06T05:48:09.953+0000] {logging_mixin.py:190} INFO - [2026-08-06T05:48:09.952+0000] {dagbag.py:588} INFO - Filling up the DagBag from /home/airflow/.local/lib/python3.12/site-packages/airflow/example_dags/example_branch_labels.py
[2026-08-06T05:48:09.977+0000] {processor.py:925} INFO - DAG(s) 'example_branch_labels' retrieved from /home/airflow/.local/lib/python3.12/site-packages/airflow/example_dags/example_branch_labels.py
[2026-08-06T05:48:10.020+0000] {logging_mixin.py:190} INFO - [2026-08-06T05:48:10.019+0000] {dag.py:3239} INFO - Sync 1 DAGs
[2026-08-06T05:48:10.080+0000] {logging_mixin.py:190} INFO - [2026-08-06T05:48:10.080+0000] {dag.py:4180} INFO - Setting next_dagrun for example_branch_labels to 2026-08-05 00:00:00+00:00, run_after=2026-08-06 00:00:00+00:00
[2026-08-06T05:48:10.229+0000] {processor.py:208} INFO - Processing /home/airflow/.local/lib/python3.12/site-packages/airflow/example_dags/example_branch_labels.py took 0.319 seconds
[2026-08-06T05:48:41.747+0000] {processor.py:186} INFO - Started process (PID=1550) to work on /home/airflow/.local/lib/python3.12/site-packages/airflow/example_dags/example_branch_labels.py
[2026-08-06T05:48:41.750+0000] {processor.py:914} INFO - Processing file /home/airflow/.local/lib/python3.12/site-packages/airflow/example_dags/example_branch_labels.py for tasks to queue
[2026-08-06T05:48:41.757+0000] {logging_mixin.py:190} INFO - [2026-08-06T05:48:41.756+0000] {dagbag.py:588} INFO - Filling up the DagBag from /home/airflow/.local/lib/python3.12/site-packages/airflow/example_dags/example_branch_labels.py
[2026-08-06T05:48:41.779+0000] {processor.py:925} INFO - DAG(s) 'example_branch_labels' retrieved from /home/airflow/.local/lib/python3.12/site-packages/airflow/example_dags/example_branch_labels.py
[2026-08-06T05:48:41.816+0000] {logging_mixin.py:190} INFO - [2026-08-06T05:48:41.815+0000] {dag.py:3239} INFO - Sync 1 DAGs
[2026-08-06T05:48:41.849+0000] {logging_mixin.py:190} INFO - [2026-08-06T05:48:41.849+0000] {dag.py:4180} INFO - Setting next_dagrun for example_branch_labels to 2026-08-05 00:00:00+00:00, run_after=2026-08-06 00:00:00+00:00
[2026-08-06T05:48:41.900+0000] {processor.py:208} INFO - Processing /home/airflow/.local/lib/python3.12/site-packages/airflow/example_dags/example_branch_labels.py took 0.176 seconds
[2026-08-06T05:49:12.196+0000] {processor.py:186} INFO - Started process (PID=1629) to work on /home/airflow/.local/lib/python3.12/site-packages/airflow/example_dags/example_branch_labels.py
[2026-08-06T05:49:12.198+0000] {processor.py:914} INFO - Processing file /home/airflow/.local/lib/python3.12/site-packages/airflow/example_dags/example_branch_labels.py for tasks to queue
[2026-08-06T05:49:12.206+0000] {logging_mixin.py:190} INFO - [2026-08-06T05:49:12.205+0000] {dagbag.py:588} INFO - Filling up the DagBag from /home/airflow/.local/lib/python3.12/site-packages/airflow/example_dags/example_branch_labels.py
[2026-08-06T05:49:12.225+0000] {processor.py:925} INFO - DAG(s) 'example_branch_labels' retrieved from /home/airflow/.local/lib/python3.12/site-packages/airflow/example_dags/example_branch_labels.py
[2026-08-06T05:49:12.269+0000] {logging_mixin.py:190} INFO - [2026-08-06T05:49:12.268+0000] {dag.py:3239} INFO - Sync 1 DAGs
[2026-08-06T05:49:12.329+0000] {logging_mixin.py:190} INFO - [2026-08-06T05:49:12.329+0000] {dag.py:4180} INFO - Setting next_dagrun for example_branch_labels to 2026-08-05 00:00:00+00:00, run_after=2026-08-06 00:00:00+00:00
[2026-08-06T05:49:12.378+0000] {processor.py:208} INFO - Processing /home/airflow/.local/lib/python3.12/site-packages/airflow/example_dags/example_branch_labels.py took 0.194 seconds
[2026-08-06T05:49:44.171+0000] {processor.py:186} INFO - Started process (PID=1693) to work on /home/airflow/.local/lib/python3.12/site-packages/airflow/example_dags/example_branch_labels.py
[2026-08-06T05:49:44.173+0000] {processor.py:914} INFO - Processing file /home/airflow/.local/lib/python3.12/site-packages/airflow/example_dags/example_branch_labels.py for tasks to queue
[2026-08-06T05:49:44.179+0000] {logging_mixin.py:190} INFO - [2026-08-06T05:49:44.179+0000] {dagbag.py:588} INFO - Filling up the DagBag from /home/airflow/.local/lib/python3.12/site-packages/airflow/example_dags/example_branch_labels.py
[2026-08-06T05:49:44.195+0000] {processor.py:925} INFO - DAG(s) 'example_branch_labels' retrieved from /home/airflow/.local/lib/python3.12/site-packages/airflow/example_dags/example_branch_labels.py
[2026-08-06T05:49:44.231+0000] {logging_mixin.py:190} INFO - [2026-08-06T05:49:44.230+0000] {dag.py:3239} INFO - Sync 1 DAGs
[2026-08-06T05:49:44.268+0000] {logging_mixin.py:190} INFO - [2026-08-06T05:49:44.267+0000] {dag.py:4180} INFO - Setting next_dagrun for example_branch_labels to 2026-08-05 00:00:00+00:00, run_after=2026-08-06 00:00:00+00:00
[2026-08-06T05:49:44.333+0000] {processor.py:208} INFO - Processing /home/airflow/.local/lib/python3.12/site-packages/airflow/example_dags/example_branch_labels.py took 0.171 seconds
[2026-08-06T05:50:14.546+0000] {processor.py:186} INFO - Started process (PID=1757) to work on /home/airflow/.local/lib/python3.12/site-packages/airflow/example_dags/example_branch_labels.py
[2026-08-06T05:50:14.549+0000] {processor.py:914} INFO - Processing file /home/airflow/.local/lib/python3.12/site-packages/airflow/example_dags/example_branch_labels.py for tasks to queue
[2026-08-06T05:50:14.558+0000] {logging_mixin.py:190} INFO - [2026-08-06T05:50:14.557+0000] {dagbag.py:588} INFO - Filling up the DagBag from /home/airflow/.local/lib/python3.12/site-packages/airflow/example_dags/example_branch_labels.py
[2026-08-06T05:50:14.571+0000] {processor.py:925} INFO - DAG(s) 'example_branch_labels' retrieved from /home/airflow/.local/lib/python3.12/site-packages/airflow/example_dags/example_branch_labels.py
[2026-08-06T05:50:14.605+0000] {logging_mixin.py:190} INFO - [2026-08-06T05:50:14.604+0000] {dag.py:3239} INFO - Sync 1 DAGs
[2026-08-06T05:50:14.655+0000] {logging_mixin.py:190} INFO - [2026-08-06T05:50:14.655+0000] {dag.py:4180} INFO - Setting next_dagrun for example_branch_labels to 2026-08-05 00:00:00+00:00, run_after=2026-08-06 00:00:00+00:00
[2026-08-06T05:50:14.695+0000] {processor.py:208} INFO - Processing /home/airflow/.local/lib/python3.12/site-packages/airflow/example_dags/example_branch_labels.py took 0.157 seconds
[2026-08-06T05:50:45.784+0000] {processor.py:186} INFO - Started process (PID=1821) to work on /home/airflow/.local/lib/python3.12/site-packages/airflow/example_dags/example_branch_labels.py
[2026-08-06T05:50:45.786+0000] {processor.py:914} INFO - Processing file /home/airflow/.local/lib/python3.12/site-packages/airflow/example_dags/example_branch_labels.py for tasks to queue
[2026-08-06T05:50:45.791+0000] {logging_mixin.py:190} INFO - [2026-08-06T05:50:45.791+0000] {dagbag.py:588} INFO - Filling up the DagBag from /home/airflow/.local/lib/python3.12/site-packages/airflow/example_dags/example_branch_labels.py
[2026-08-06T05:50:45.806+0000] {processor.py:925} INFO - DAG(s) 'example_branch_labels' retrieved from /home/airflow/.local/lib/python3.12/site-packages/airflow/example_dags/example_branch_labels.py
[2026-08-06T05:50:45.840+0000] {logging_mixin.py:190} INFO - [2026-08-06T05:50:45.840+0000] {dag.py:3239} INFO - Sync 1 DAGs
[2026-08-06T05:50:45.883+0000] {logging_mixin.py:190} INFO - [2026-08-06T05:50:45.882+0000] {dag.py:4180} INFO - Setting next_dagrun for example_branch_labels to 2026-08-05 00:00:00+00:00, run_after=2026-08-06 00:00:00+00:00
[2026-08-06T05:50:45.919+0000] {processor.py:208} INFO - Processing /home/airflow/.local/lib/python3.12/site-packages/airflow/example_dags/example_branch_labels.py took 0.142 seconds
[2026-08-06T05:51:16.354+0000] {processor.py:186} INFO - Started process (PID=1884) to work on /home/airflow/.local/lib/python3.12/site-packages/airflow/example_dags/example_branch_labels.py
[2026-08-06T05:51:16.356+0000] {processor.py:914} INFO - Processing file /home/airflow/.local/lib/python3.12/site-packages/airflow/example_dags/example_branch_labels.py for tasks to queue
[2026-08-06T05:51:16.361+0000] {logging_mixin.py:190} INFO - [2026-08-06T05:51:16.360+0000] {dagbag.py:588} INFO - Filling up the DagBag from /home/airflow/.local/lib/python3.12/site-packages/airflow/example_dags/example_branch_labels.py
[2026-08-06T05:51:16.378+0000] {processor.py:925} INFO - DAG(s) 'example_branch_labels' retrieved from /home/airflow/.local/lib/python3.12/site-packages/airflow/example_dags/example_branch_labels.py
[2026-08-06T05:51:16.419+0000] {logging_mixin.py:190} INFO - [2026-08-06T05:51:16.419+0000] {dag.py:3239} INFO - Sync 1 DAGs
[2026-08-06T05:51:16.474+0000] {logging_mixin.py:190} INFO - [2026-08-06T05:51:16.474+0000] {dag.py:4180} INFO - Setting next_dagrun for example_branch_labels to 2026-08-05 00:00:00+00:00, run_after=2026-08-06 00:00:00+00:00
[2026-08-06T05:51:16.541+0000] {processor.py:208} INFO - Processing /home/airflow/.local/lib/python3.12/site-packages/airflow/example_dags/example_branch_labels.py took 0.196 seconds
[2026-08-06T05:51:46.843+0000] {processor.py:186} INFO - Started process (PID=1947) to work on /home/airflow/.local/lib/python3.12/site-packages/airflow/example_dags/example_branch_labels.py
[2026-08-06T05:51:46.846+0000] {processor.py:914} INFO - Processing file /home/airflow/.local/lib/python3.12/site-packages/airflow/example_dags/example_branch_labels.py for tasks to queue
[2026-08-06T05:51:46.851+0000] {logging_mixin.py:190} INFO - [2026-08-06T05:51:46.850+0000] {dagbag.py:588} INFO - Filling up the DagBag from /home/airflow/.local/lib/python3.12/site-packages/airflow/example_dags/example_branch_labels.py
[2026-08-06T05:51:46.865+0000] {processor.py:925} INFO - DAG(s) 'example_branch_labels' retrieved from /home/airflow/.local/lib/python3.12/site-packages/airflow/example_dags/example_branch_labels.py
[2026-08-06T05:51:46.894+0000] {logging_mixin.py:190} INFO - [2026-08-06T05:51:46.893+0000] {dag.py:3239} INFO - Sync 1 DAGs
[2026-08-06T05:51:46.928+0000] {logging_mixin.py:190} INFO - [2026-08-06T05:51:46.927+0000] {dag.py:4180} INFO - Setting next_dagrun for example_branch_labels to 2026-08-05 00:00:00+00:00, run_after=2026-08-06 00:00:00+00:00
[2026-08-06T05:51:46.975+0000] {processor.py:208} INFO - Processing /home/airflow/.local/lib/python3.12/site-packages/airflow/example_dags/example_branch_labels.py took 0.139 seconds
[2026-08-06T05:52:17.209+0000] {processor.py:186} INFO - Started process (PID=2011) to work on /home/airflow/.local/lib/python3.12/site-packages/airflow/example_dags/example_branch_labels.py
[2026-08-06T05:52:17.210+0000] {processor.py:914} INFO - Processing file /home/airflow/.local/lib/python3.12/site-packages/airflow/example_dags/example_branch_labels.py for tasks to queue
[2026-08-06T05:52:17.214+0000] {logging_mixin.py:190} INFO - [2026-08-06T05:52:17.213+0000] {dagbag.py:588} INFO - Filling up the DagBag from /home/airflow/.local/lib/python3.12/site-packages/airflow/example_dags/example_branch_labels.py
[2026-08-06T05:52:17.228+0000] {processor.py:925} INFO - DAG(s) 'example_branch_labels' retrieved from /home/airflow/.local/lib/python3.12/site-packages/airflow/example_dags/example_branch_labels.py
[2026-08-06T05:52:17.259+0000] {logging_mixin.py:190} INFO - [2026-08-06T05:52:17.259+0000] {dag.py:3239} INFO - Sync 1 DAGs
[2026-08-06T05:52:17.303+0000] {logging_mixin.py:190} INFO - [2026-08-06T05:52:17.300+0000] {dag.py:4180} INFO - Setting next_dagrun for example_branch_labels to 2026-08-05 00:00:00+00:00, run_after=2026-08-06 00:00:00+00:00
[2026-08-06T05:52:17.347+0000] {processor.py:208} INFO - Processing /home/airflow/.local/lib/python3.12/site-packages/airflow/example_dags/example_branch_labels.py took 0.147 seconds
[2026-08-06T05:52:48.062+0000] {processor.py:186} INFO - Started process (PID=2076) to work on /home/airflow/.local/lib/python3.12/site-packages/airflow/example_dags/example_branch_labels.py
[2026-08-06T05:52:48.063+0000] {processor.py:914} INFO - Processing file /home/airflow/.local/lib/python3.12/site-packages/airflow/example_dags/example_branch_labels.py for tasks to queue
[2026-08-06T05:52:48.068+0000] {logging_mixin.py:190} INFO - [2026-08-06T05:52:48.067+0000] {dagbag.py:588} INFO - Filling up the DagBag from /home/airflow/.local/lib/python3.12/site-packages/airflow/example_dags/example_branch_labels.py
[2026-08-06T05:52:48.087+0000] {processor.py:925} INFO - DAG(s) 'example_branch_labels' retrieved from /home/airflow/.local/lib/python3.12/site-packages/airflow/example_dags/example_branch_labels.py
[2026-08-06T05:52:48.112+0000] {logging_mixin.py:190} INFO - [2026-08-06T05:52:48.112+0000] {dag.py:3239} INFO - Sync 1 DAGs
[2026-08-06T05:52:48.163+0000] {logging_mixin.py:190} INFO - [2026-08-06T05:52:48.163+0000] {dag.py:4180} INFO - Setting next_dagrun for example_branch_labels to 2026-08-05 00:00:00+00:00, run_after=2026-08-06 00:00:00+00:00
[2026-08-06T05:52:48.218+0000] {processor.py:208} INFO - Processing /home/airflow/.local/lib/python3.12/site-packages/airflow/example_dags/example_branch_labels.py took 0.163 seconds
[2026-08-06T05:53:18.544+0000] {processor.py:186} INFO - Started process (PID=2139) to work on /home/airflow/.local/lib/python3.12/site-packages/airflow/example_dags/example_branch_labels.py
[2026-08-06T05:53:18.546+0000] {processor.py:914} INFO - Processing file /home/airflow/.local/lib/python3.12/site-packages/airflow/example_dags/example_branch_labels.py for tasks to queue
[2026-08-06T05:53:18.552+0000] {logging_mixin.py:190} INFO - [2026-08-06T05:53:18.551+0000] {dagbag.py:588} INFO - Filling up the DagBag from /home/airflow/.local/lib/python3.12/site-packages/airflow/example_dags/example_branch_labels.py
[2026-08-06T05:53:18.570+0000] {processor.py:925} INFO - DAG(s) 'example_branch_labels' retrieved from /home/airflow/.local/lib/python3.12/site-packages/airflow/example_dags/example_branch_labels.py
[2026-08-06T05:53:18.598+0000] {logging_mixin.py:190} INFO - [2026-08-06T05:53:18.598+0000] {dag.py:3239} INFO - Sync 1 DAGs
[2026-08-06T05:53:18.640+0000] {logging_mixin.py:190} INFO - [2026-08-06T05:53:18.640+0000] {dag.py:4180} INFO - Setting next_dagrun for example_branch_labels to 2026-08-05 00:00:00+00:00, run_after=2026-08-06 00:00:00+00:00
[2026-08-06T05:53:18.688+0000] {processor.py:208} INFO - Processing /home/airflow/.local/lib/python3.12/site-packages/airflow/example_dags/example_branch_labels.py took 0.153 seconds
[2026-08-06T05:53:49.069+0000] {processor.py:186} INFO - Started process (PID=2211) to work on /home/airflow/.local/lib/python3.12/site-packages/airflow/example_dags/example_branch_labels.py
[2026-08-06T05:53:49.075+0000] {processor.py:914} INFO - Processing file /home/airflow/.local/lib/python3.12/site-packages/airflow/example_dags/example_branch_labels.py for tasks to queue
[2026-08-06T05:53:49.083+0000] {logging_mixin.py:190} INFO - [2026-08-06T05:53:49.081+0000] {dagbag.py:588} INFO - Filling up the DagBag from /home/airflow/.local/lib/python3.12/site-packages/airflow/example_dags/example_branch_labels.py
[2026-08-06T05:53:49.126+0000] {processor.py:925} INFO - DAG(s) 'example_branch_labels' retrieved from /home/airflow/.local/lib/python3.12/site-packages/airflow/example_dags/example_branch_labels.py
[2026-08-06T05:53:49.211+0000] {logging_mixin.py:190} INFO - [2026-08-06T05:53:49.211+0000] {dag.py:3239} INFO - Sync 1 DAGs
[2026-08-06T05:53:49.260+0000] {logging_mixin.py:190} INFO - [2026-08-06T05:53:49.259+0000] {dag.py:4180} INFO - Setting next_dagrun for example_branch_labels to 2026-08-05 00:00:00+00:00, run_after=2026-08-06 00:00:00+00:00
[2026-08-06T05:53:49.343+0000] {processor.py:208} INFO - Processing /home/airflow/.local/lib/python3.12/site-packages/airflow/example_dags/example_branch_labels.py took 0.288 seconds
[2026-08-06T05:54:20.200+0000] {processor.py:186} INFO - Started process (PID=2276) to work on /home/airflow/.local/lib/python3.12/site-packages/airflow/example_dags/example_branch_labels.py
[2026-08-06T05:54:20.202+0000] {processor.py:914} INFO - Processing file /home/airflow/.local/lib/python3.12/site-packages/airflow/example_dags/example_branch_labels.py for tasks to queue
[2026-08-06T05:54:20.205+0000] {logging_mixin.py:190} INFO - [2026-08-06T05:54:20.205+0000] {dagbag.py:588} INFO - Filling up the DagBag from /home/airflow/.local/lib/python3.12/site-packages/airflow/example_dags/example_branch_labels.py
[2026-08-06T05:54:20.226+0000] {processor.py:925} INFO - DAG(s) 'example_branch_labels' retrieved from /home/airflow/.local/lib/python3.12/site-packages/airflow/example_dags/example_branch_labels.py
[2026-08-06T05:54:20.262+0000] {logging_mixin.py:190} INFO - [2026-08-06T05:54:20.261+0000] {dag.py:3239} INFO - Sync 1 DAGs
[2026-08-06T05:54:20.300+0000] {logging_mixin.py:190} INFO - [2026-08-06T05:54:20.300+0000] {dag.py:4180} INFO - Setting next_dagrun for example_branch_labels to 2026-08-05 00:00:00+00:00, run_after=2026-08-06 00:00:00+00:00
[2026-08-06T05:54:20.337+0000] {processor.py:208} INFO - Processing /home/airflow/.local/lib/python3.12/site-packages/airflow/example_dags/example_branch_labels.py took 0.149 seconds
[2026-08-06T05:54:50.690+0000] {processor.py:186} INFO - Started process (PID=2340) to work on /home/airflow/.local/lib/python3.12/site-packages/airflow/example_dags/example_branch_labels.py
[2026-08-06T05:54:50.692+0000] {processor.py:914} INFO - Processing file /home/airflow/.local/lib/python3.12/site-packages/airflow/example_dags/example_branch_labels.py for tasks to queue
[2026-08-06T05:54:50.698+0000] {logging_mixin.py:190} INFO - [2026-08-06T05:54:50.697+0000] {dagbag.py:588} INFO - Filling up the DagBag from /home/airflow/.local/lib/python3.12/site-packages/airflow/example_dags/example_branch_labels.py
[2026-08-06T05:54:50.709+0000] {processor.py:925} INFO - DAG(s) 'example_branch_labels' retrieved from /home/airflow/.local/lib/python3.12/site-packages/airflow/example_dags/example_branch_labels.py
[2026-08-06T05:54:50.738+0000] {logging_mixin.py:190} INFO - [2026-08-06T05:54:50.738+0000] {dag.py:3239} INFO - Sync 1 DAGs
[2026-08-06T05:54:50.769+0000] {logging_mixin.py:190} INFO - [2026-08-06T05:54:50.769+0000] {dag.py:4180} INFO - Setting next_dagrun for example_branch_labels to 2026-08-05 00:00:00+00:00, run_after=2026-08-06 00:00:00+00:00
[2026-08-06T05:54:50.816+0000] {processor.py:208} INFO - Processing /home/airflow/.local/lib/python3.12/site-packages/airflow/example_dags/example_branch_labels.py took 0.134 seconds
[2026-08-06T05:55:21.113+0000] {processor.py:186} INFO - Started process (PID=2404) to work on /home/airflow/.local/lib/python3.12/site-packages/airflow/example_dags/example_branch_labels.py
[2026-08-06T05:55:21.115+0000] {processor.py:914} INFO - Processing file /home/airflow/.local/lib/python3.12/site-packages/airflow/example_dags/example_branch_labels.py for tasks to queue
[2026-08-06T05:55:21.119+0000] {logging_mixin.py:190} INFO - [2026-08-06T05:55:21.119+0000] {dagbag.py:588} INFO - Filling up the DagBag from /home/airflow/.local/lib/python3.12/site-packages/airflow/example_dags/example_branch_labels.py
[2026-08-06T05:55:21.134+0000] {processor.py:925} INFO - DAG(s) 'example_branch_labels' retrieved from /home/airflow/.local/lib/python3.12/site-packages/airflow/example_dags/example_branch_labels.py
[2026-08-06T05:55:21.164+0000] {logging_mixin.py:190} INFO - [2026-08-06T05:55:21.164+0000] {dag.py:3239} INFO - Sync 1 DAGs
[2026-08-06T05:55:21.206+0000] {logging_mixin.py:190} INFO - [2026-08-06T05:55:21.206+0000] {dag.py:4180} INFO - Setting next_dagrun for example_branch_labels to 2026-08-05 00:00:00+00:00, run_after=2026-08-06 00:00:00+00:00
[2026-08-06T05:55:21.263+0000] {processor.py:208} INFO - Processing /home/airflow/.local/lib/python3.12/site-packages/airflow/example_dags/example_branch_labels.py took 0.159 seconds
[2026-08-06T05:55:52.772+0000] {processor.py:186} INFO - Started process (PID=2468) to work on /home/airflow/.local/lib/python3.12/site-packages/airflow/example_dags/example_branch_labels.py
[2026-08-06T05:55:52.776+0000] {processor.py:914} INFO - Processing file /home/airflow/.local/lib/python3.12/site-packages/airflow/example_dags/example_branch_labels.py for tasks to queue
[2026-08-06T05:55:52.782+0000] {logging_mixin.py:190} INFO - [2026-08-06T05:55:52.781+0000] {dagbag.py:588} INFO - Filling up the DagBag from /home/airflow/.local/lib/python3.12/site-packages/airflow/example_dags/example_branch_labels.py
[2026-08-06T05:55:52.798+0000] {processor.py:925} INFO - DAG(s) 'example_branch_labels' retrieved from /home/airflow/.local/lib/python3.12/site-packages/airflow/example_dags/example_branch_labels.py
[2026-08-06T05:55:52.838+0000] {logging_mixin.py:190} INFO - [2026-08-06T05:55:52.838+0000] {dag.py:3239} INFO - Sync 1 DAGs
[2026-08-06T05:55:52.879+0000] {logging_mixin.py:190} INFO - [2026-08-06T05:55:52.878+0000] {dag.py:4180} INFO - Setting next_dagrun for example_branch_labels to 2026-08-05 00:00:00+00:00, run_after=2026-08-06 00:00:00+00:00
[2026-08-06T05:55:52.950+0000] {processor.py:208} INFO - Processing /home/airflow/.local/lib/python3.12/site-packages/airflow/example_dags/example_branch_labels.py took 0.187 seconds
[2026-08-06T05:56:23.832+0000] {processor.py:186} INFO - Started process (PID=2532) to work on /home/airflow/.local/lib/python3.12/site-packages/airflow/example_dags/example_branch_labels.py
[2026-08-06T05:56:23.834+0000] {processor.py:914} INFO - Processing file /home/airflow/.local/lib/python3.12/site-packages/airflow/example_dags/example_branch_labels.py for tasks to queue
[2026-08-06T05:56:23.837+0000] {logging_mixin.py:190} INFO - [2026-08-06T05:56:23.836+0000] {dagbag.py:588} INFO - Filling up the DagBag from /home/airflow/.local/lib/python3.12/site-packages/airflow/example_dags/example_branch_labels.py
[2026-08-06T05:56:23.850+0000] {processor.py:925} INFO - DAG(s) 'example_branch_labels' retrieved from /home/airflow/.local/lib/python3.12/site-packages/airflow/example_dags/example_branch_labels.py
[2026-08-06T05:56:23.880+0000] {logging_mixin.py:190} INFO - [2026-08-06T05:56:23.880+0000] {dag.py:3239} INFO - Sync 1 DAGs
[2026-08-06T05:56:23.912+0000] {logging_mixin.py:190} INFO - [2026-08-06T05:56:23.912+0000] {dag.py:4180} INFO - Setting next_dagrun for example_branch_labels to 2026-08-05 00:00:00+00:00, run_after=2026-08-06 00:00:00+00:00
[2026-08-06T05:56:23.936+0000] {processor.py:208} INFO - Processing /home/airflow/.local/lib/python3.12/site-packages/airflow/example_dags/example_branch_labels.py took 0.111 seconds
[2026-08-06T05:56:55.507+0000] {processor.py:186} INFO - Started process (PID=2602) to work on /home/airflow/.local/lib/python3.12/site-packages/airflow/example_dags/example_branch_labels.py
[2026-08-06T05:56:55.511+0000] {processor.py:914} INFO - Processing file /home/airflow/.local/lib/python3.12/site-packages/airflow/example_dags/example_branch_labels.py for tasks to queue
[2026-08-06T05:56:55.532+0000] {logging_mixin.py:190} INFO - [2026-08-06T05:56:55.531+0000] {dagbag.py:588} INFO - Filling up the DagBag from /home/airflow/.local/lib/python3.12/site-packages/airflow/example_dags/example_branch_labels.py
[2026-08-06T05:56:55.574+0000] {processor.py:925} INFO - DAG(s) 'example_branch_labels' retrieved from /home/airflow/.local/lib/python3.12/site-packages/airflow/example_dags/example_branch_labels.py
[2026-08-06T05:56:55.628+0000] {logging_mixin.py:190} INFO - [2026-08-06T05:56:55.627+0000] {dag.py:3239} INFO - Sync 1 DAGs
[2026-08-06T05:56:55.685+0000] {logging_mixin.py:190} INFO - [2026-08-06T05:56:55.684+0000] {dag.py:4180} INFO - Setting next_dagrun for example_branch_labels to 2026-08-05 00:00:00+00:00, run_after=2026-08-06 00:00:00+00:00
[2026-08-06T05:56:55.761+0000] {processor.py:208} INFO - Processing /home/airflow/.local/lib/python3.12/site-packages/airflow/example_dags/example_branch_labels.py took 0.274 seconds
[2026-08-06T05:57:25.981+0000] {processor.py:186} INFO - Started process (PID=2665) to work on /home/airflow/.local/lib/python3.12/site-packages/airflow/example_dags/example_branch_labels.py
[2026-08-06T05:57:25.985+0000] {processor.py:914} INFO - Processing file /home/airflow/.local/lib/python3.12/site-packages/airflow/example_dags/example_branch_labels.py for tasks to queue
[2026-08-06T05:57:25.994+0000] {logging_mixin.py:190} INFO - [2026-08-06T05:57:25.994+0000] {dagbag.py:588} INFO - Filling up the DagBag from /home/airflow/.local/lib/python3.12/site-packages/airflow/example_dags/example_branch_labels.py
[2026-08-06T05:57:26.012+0000] {processor.py:925} INFO - DAG(s) 'example_branch_labels' retrieved from /home/airflow/.local/lib/python3.12/site-packages/airflow/example_dags/example_branch_labels.py
[2026-08-06T05:57:26.055+0000] {logging_mixin.py:190} INFO - [2026-08-06T05:57:26.054+0000] {dag.py:3239} INFO - Sync 1 DAGs
[2026-08-06T05:57:26.088+0000] {logging_mixin.py:190} INFO - [2026-08-06T05:57:26.088+0000] {dag.py:4180} INFO - Setting next_dagrun for example_branch_labels to 2026-08-05 00:00:00+00:00, run_after=2026-08-06 00:00:00+00:00
[2026-08-06T05:57:26.153+0000] {processor.py:208} INFO - Processing /home/airflow/.local/lib/python3.12/site-packages/airflow/example_dags/example_branch_labels.py took 0.183 seconds
[2026-08-06T05:58:03.147+0000] {processor.py:186} INFO - Started process (PID=2747) to work on /home/airflow/.local/lib/python3.12/site-packages/airflow/example_dags/example_branch_labels.py
[2026-08-06T05:58:03.150+0000] {processor.py:914} INFO - Processing file /home/airflow/.local/lib/python3.12/site-packages/airflow/example_dags/example_branch_labels.py for tasks to queue
[2026-08-06T05:58:03.156+0000] {logging_mixin.py:190} INFO - [2026-08-06T05:58:03.155+0000] {dagbag.py:588} INFO - Filling up the DagBag from /home/airflow/.local/lib/python3.12/site-packages/airflow/example_dags/example_branch_labels.py
[2026-08-06T05:58:03.183+0000] {processor.py:925} INFO - DAG(s) 'example_branch_labels' retrieved from /home/airflow/.local/lib/python3.12/site-packages/airflow/example_dags/example_branch_labels.py
[2026-08-06T05:58:03.240+0000] {logging_mixin.py:190} INFO - [2026-08-06T05:58:03.239+0000] {dag.py:3239} INFO - Sync 1 DAGs
[2026-08-06T05:58:03.308+0000] {logging_mixin.py:190} INFO - [2026-08-06T05:58:03.307+0000] {dag.py:4180} INFO - Setting next_dagrun for example_branch_labels to 2026-08-05 00:00:00+00:00, run_after=2026-08-06 00:00:00+00:00
[2026-08-06T05:58:03.360+0000] {processor.py:208} INFO - Processing /home/airflow/.local/lib/python3.12/site-packages/airflow/example_dags/example_branch_labels.py took 0.227 seconds
[2026-08-06T05:58:34.319+0000] {processor.py:186} INFO - Started process (PID=2811) to work on /home/airflow/.local/lib/python3.12/site-packages/airflow/example_dags/example_branch_labels.py
[2026-08-06T05:58:34.322+0000] {processor.py:914} INFO - Processing file /home/airflow/.local/lib/python3.12/site-packages/airflow/example_dags/example_branch_labels.py for tasks to queue
[2026-08-06T05:58:34.325+0000] {logging_mixin.py:190} INFO - [2026-08-06T05:58:34.325+0000] {dagbag.py:588} INFO - Filling up the DagBag from /home/airflow/.local/lib/python3.12/site-packages/airflow/example_dags/example_branch_labels.py
[2026-08-06T05:58:34.337+0000] {processor.py:925} INFO - DAG(s) 'example_branch_labels' retrieved from /home/airflow/.local/lib/python3.12/site-packages/airflow/example_dags/example_branch_labels.py
[2026-08-06T05:58:34.370+0000] {logging_mixin.py:190} INFO - [2026-08-06T05:58:34.370+0000] {dag.py:3239} INFO - Sync 1 DAGs
[2026-08-06T05:58:34.407+0000] {logging_mixin.py:190} INFO - [2026-08-06T05:58:34.407+0000] {dag.py:4180} INFO - Setting next_dagrun for example_branch_labels to 2026-08-05 00:00:00+00:00, run_after=2026-08-06 00:00:00+00:00
[2026-08-06T05:58:34.461+0000] {processor.py:208} INFO - Processing /home/airflow/.local/lib/python3.12/site-packages/airflow/example_dags/example_branch_labels.py took 0.150 seconds
[2026-08-06T05:59:04.662+0000] {processor.py:186} INFO - Started process (PID=2874) to work on /home/airflow/.local/lib/python3.12/site-packages/airflow/example_dags/example_branch_labels.py
[2026-08-06T05:59:04.667+0000] {processor.py:914} INFO - Processing file /home/airflow/.local/lib/python3.12/site-packages/airflow/example_dags/example_branch_labels.py for tasks to queue
[2026-08-06T05:59:04.675+0000] {logging_mixin.py:190} INFO - [2026-08-06T05:59:04.674+0000] {dagbag.py:588} INFO - Filling up the DagBag from /home/airflow/.local/lib/python3.12/site-packages/airflow/example_dags/example_branch_labels.py
[2026-08-06T05:59:04.695+0000] {processor.py:925} INFO - DAG(s) 'example_branch_labels' retrieved from /home/airflow/.local/lib/python3.12/site-packages/airflow/example_dags/example_branch_labels.py
[2026-08-06T05:59:04.748+0000] {logging_mixin.py:190} INFO - [2026-08-06T05:59:04.747+0000] {dag.py:3239} INFO - Sync 1 DAGs
[2026-08-06T05:59:04.800+0000] {logging_mixin.py:190} INFO - [2026-08-06T05:59:04.799+0000] {dag.py:4180} INFO - Setting next_dagrun for example_branch_labels to 2026-08-05 00:00:00+00:00, run_after=2026-08-06 00:00:00+00:00
[2026-08-06T05:59:04.893+0000] {processor.py:208} INFO - Processing /home/airflow/.local/lib/python3.12/site-packages/airflow/example_dags/example_branch_labels.py took 0.245 seconds
[2026-08-06T05:59:35.389+0000] {processor.py:186} INFO - Started process (PID=2938) to work on /home/airflow/.local/lib/python3.12/site-packages/airflow/example_dags/example_branch_labels.py
[2026-08-06T05:59:35.391+0000] {processor.py:914} INFO - Processing file /home/airflow/.local/lib/python3.12/site-packages/airflow/example_dags/example_branch_labels.py for tasks to queue
[2026-08-06T05:59:35.394+0000] {logging_mixin.py:190} INFO - [2026-08-06T05:59:35.394+0000] {dagbag.py:588} INFO - Filling up the DagBag from /home/airflow/.local/lib/python3.12/site-packages/airflow/example_dags/example_branch_labels.py
[2026-08-06T05:59:35.405+0000] {processor.py:925} INFO - DAG(s) 'example_branch_labels' retrieved from /home/airflow/.local/lib/python3.12/site-packages/airflow/example_dags/example_branch_labels.py
[2026-08-06T05:59:35.436+0000] {logging_mixin.py:190} INFO - [2026-08-06T05:59:35.435+0000] {dag.py:3239} INFO - Sync 1 DAGs
[2026-08-06T05:59:35.482+0000] {logging_mixin.py:190} INFO - [2026-08-06T05:59:35.481+0000] {dag.py:4180} INFO - Setting next_dagrun for example_branch_labels to 2026-08-05 00:00:00+00:00, run_after=2026-08-06 00:00:00+00:00
[2026-08-06T05:59:35.516+0000] {processor.py:208} INFO - Processing /home/airflow/.local/lib/python3.12/site-packages/airflow/example_dags/example_branch_labels.py took 0.134 seconds
[2026-08-06T06:01:58.266+0000] {processor.py:186} INFO - Started process (PID=110) to work on /home/airflow/.local/lib/python3.12/site-packages/airflow/example_dags/example_branch_labels.py
[2026-08-06T06:01:58.268+0000] {processor.py:914} INFO - Processing file /home/airflow/.local/lib/python3.12/site-packages/airflow/example_dags/example_branch_labels.py for tasks to queue
[2026-08-06T06:01:58.272+0000] {logging_mixin.py:190} INFO - [2026-08-06T06:01:58.272+0000] {dagbag.py:588} INFO - Filling up the DagBag from /home/airflow/.local/lib/python3.12/site-packages/airflow/example_dags/example_branch_labels.py
[2026-08-06T06:01:58.287+0000] {processor.py:925} INFO - DAG(s) 'example_branch_labels' retrieved from /home/airflow/.local/lib/python3.12/site-packages/airflow/example_dags/example_branch_labels.py
[2026-08-06T06:01:58.319+0000] {logging_mixin.py:190} INFO - [2026-08-06T06:01:58.319+0000] {dag.py:3239} INFO - Sync 1 DAGs
[2026-08-06T06:01:58.360+0000] {logging_mixin.py:190} INFO - [2026-08-06T06:01:58.360+0000] {dag.py:4180} INFO - Setting next_dagrun for example_branch_labels to 2026-08-05 00:00:00+00:00, run_after=2026-08-06 00:00:00+00:00
[2026-08-06T06:01:58.392+0000] {processor.py:208} INFO - Processing /home/airflow/.local/lib/python3.12/site-packages/airflow/example_dags/example_branch_labels.py took 0.133 seconds
[2026-08-06T06:02:31.014+0000] {processor.py:186} INFO - Started process (PID=174) to work on /home/airflow/.local/lib/python3.12/site-packages/airflow/example_dags/example_branch_labels.py
[2026-08-06T06:02:31.021+0000] {processor.py:914} INFO - Processing file /home/airflow/.local/lib/python3.12/site-packages/airflow/example_dags/example_branch_labels.py for tasks to queue
[2026-08-06T06:02:31.025+0000] {logging_mixin.py:190} INFO - [2026-08-06T06:02:31.025+0000] {dagbag.py:588} INFO - Filling up the DagBag from /home/airflow/.local/lib/python3.12/site-packages/airflow/example_dags/example_branch_labels.py
[2026-08-06T06:02:31.038+0000] {processor.py:925} INFO - DAG(s) 'example_branch_labels' retrieved from /home/airflow/.local/lib/python3.12/site-packages/airflow/example_dags/example_branch_labels.py
[2026-08-06T06:02:31.067+0000] {logging_mixin.py:190} INFO - [2026-08-06T06:02:31.067+0000] {dag.py:3239} INFO - Sync 1 DAGs
[2026-08-06T06:02:31.156+0000] {logging_mixin.py:190} INFO - [2026-08-06T06:02:31.155+0000] {dag.py:4180} INFO - Setting next_dagrun for example_branch_labels to 2026-08-05 00:00:00+00:00, run_after=2026-08-06 00:00:00+00:00
[2026-08-06T06:02:31.216+0000] {processor.py:208} INFO - Processing /home/airflow/.local/lib/python3.12/site-packages/airflow/example_dags/example_branch_labels.py took 0.215 seconds
[2026-08-06T06:03:01.979+0000] {processor.py:186} INFO - Started process (PID=238) to work on /home/airflow/.local/lib/python3.12/site-packages/airflow/example_dags/example_branch_labels.py
[2026-08-06T06:03:01.988+0000] {processor.py:914} INFO - Processing file /home/airflow/.local/lib/python3.12/site-packages/airflow/example_dags/example_branch_labels.py for tasks to queue
[2026-08-06T06:03:01.998+0000] {logging_mixin.py:190} INFO - [2026-08-06T06:03:01.997+0000] {dagbag.py:588} INFO - Filling up the DagBag from /home/airflow/.local/lib/python3.12/site-packages/airflow/example_dags/example_branch_labels.py
[2026-08-06T06:03:02.045+0000] {processor.py:925} INFO - DAG(s) 'example_branch_labels' retrieved from /home/airflow/.local/lib/python3.12/site-packages/airflow/example_dags/example_branch_labels.py
[2026-08-06T06:03:02.124+0000] {logging_mixin.py:190} INFO - [2026-08-06T06:03:02.124+0000] {dag.py:3239} INFO - Sync 1 DAGs
[2026-08-06T06:03:02.177+0000] {logging_mixin.py:190} INFO - [2026-08-06T06:03:02.176+0000] {dag.py:4180} INFO - Setting next_dagrun for example_branch_labels to 2026-08-05 00:00:00+00:00, run_after=2026-08-06 00:00:00+00:00
[2026-08-06T06:03:02.254+0000] {processor.py:208} INFO - Processing /home/airflow/.local/lib/python3.12/site-packages/airflow/example_dags/example_branch_labels.py took 0.313 seconds
[2026-08-06T06:03:35.155+0000] {processor.py:186} INFO - Started process (PID=302) to work on /home/airflow/.local/lib/python3.12/site-packages/airflow/example_dags/example_branch_labels.py
[2026-08-06T06:03:35.161+0000] {processor.py:914} INFO - Processing file /home/airflow/.local/lib/python3.12/site-packages/airflow/example_dags/example_branch_labels.py for tasks to queue
[2026-08-06T06:03:35.171+0000] {logging_mixin.py:190} INFO - [2026-08-06T06:03:35.169+0000] {dagbag.py:588} INFO - Filling up the DagBag from /home/airflow/.local/lib/python3.12/site-packages/airflow/example_dags/example_branch_labels.py
[2026-08-06T06:03:35.196+0000] {processor.py:925} INFO - DAG(s) 'example_branch_labels' retrieved from /home/airflow/.local/lib/python3.12/site-packages/airflow/example_dags/example_branch_labels.py
[2026-08-06T06:03:35.242+0000] {logging_mixin.py:190} INFO - [2026-08-06T06:03:35.242+0000] {dag.py:3239} INFO - Sync 1 DAGs
[2026-08-06T06:03:35.275+0000] {logging_mixin.py:190} INFO - [2026-08-06T06:03:35.275+0000] {dag.py:4180} INFO - Setting next_dagrun for example_branch_labels to 2026-08-05 00:00:00+00:00, run_after=2026-08-06 00:00:00+00:00
[2026-08-06T06:03:35.348+0000] {processor.py:208} INFO - Processing /home/airflow/.local/lib/python3.12/site-packages/airflow/example_dags/example_branch_labels.py took 0.213 seconds
[2026-08-06T06:04:06.215+0000] {processor.py:186} INFO - Started process (PID=365) to work on /home/airflow/.local/lib/python3.12/site-packages/airflow/example_dags/example_branch_labels.py
[2026-08-06T06:04:06.217+0000] {processor.py:914} INFO - Processing file /home/airflow/.local/lib/python3.12/site-packages/airflow/example_dags/example_branch_labels.py for tasks to queue
[2026-08-06T06:04:06.223+0000] {logging_mixin.py:190} INFO - [2026-08-06T06:04:06.222+0000] {dagbag.py:588} INFO - Filling up the DagBag from /home/airflow/.local/lib/python3.12/site-packages/airflow/example_dags/example_branch_labels.py
[2026-08-06T06:04:06.237+0000] {processor.py:925} INFO - DAG(s) 'example_branch_labels' retrieved from /home/airflow/.local/lib/python3.12/site-packages/airflow/example_dags/example_branch_labels.py
[2026-08-06T06:04:06.274+0000] {logging_mixin.py:190} INFO - [2026-08-06T06:04:06.274+0000] {dag.py:3239} INFO - Sync 1 DAGs
[2026-08-06T06:04:06.319+0000] {logging_mixin.py:190} INFO - [2026-08-06T06:04:06.319+0000] {dag.py:4180} INFO - Setting next_dagrun for example_branch_labels to 2026-08-05 00:00:00+00:00, run_after=2026-08-06 00:00:00+00:00
[2026-08-06T06:04:06.354+0000] {processor.py:208} INFO - Processing /home/airflow/.local/lib/python3.12/site-packages/airflow/example_dags/example_branch_labels.py took 0.146 seconds
[2026-08-06T06:04:38.763+0000] {processor.py:186} INFO - Started process (PID=429) to work on /home/airflow/.local/lib/python3.12/site-packages/airflow/example_dags/example_branch_labels.py
[2026-08-06T06:04:38.766+0000] {processor.py:914} INFO - Processing file /home/airflow/.local/lib/python3.12/site-packages/airflow/example_dags/example_branch_labels.py for tasks to queue
[2026-08-06T06:04:38.771+0000] {logging_mixin.py:190} INFO - [2026-08-06T06:04:38.770+0000] {dagbag.py:588} INFO - Filling up the DagBag from /home/airflow/.local/lib/python3.12/site-packages/airflow/example_dags/example_branch_labels.py
[2026-08-06T06:04:38.792+0000] {processor.py:925} INFO - DAG(s) 'example_branch_labels' retrieved from /home/airflow/.local/lib/python3.12/site-packages/airflow/example_dags/example_branch_labels.py
[2026-08-06T06:04:38.838+0000] {logging_mixin.py:190} INFO - [2026-08-06T06:04:38.837+0000] {dag.py:3239} INFO - Sync 1 DAGs
[2026-08-06T06:04:38.893+0000] {logging_mixin.py:190} INFO - [2026-08-06T06:04:38.892+0000] {dag.py:4180} INFO - Setting next_dagrun for example_branch_labels to 2026-08-05 00:00:00+00:00, run_after=2026-08-06 00:00:00+00:00
[2026-08-06T06:04:38.974+0000] {processor.py:208} INFO - Processing /home/airflow/.local/lib/python3.12/site-packages/airflow/example_dags/example_branch_labels.py took 0.223 seconds
[2026-08-06T06:05:10.267+0000] {processor.py:186} INFO - Started process (PID=493) to work on /home/airflow/.local/lib/python3.12/site-packages/airflow/example_dags/example_branch_labels.py
[2026-08-06T06:05:10.268+0000] {processor.py:914} INFO - Processing file /home/airflow/.local/lib/python3.12/site-packages/airflow/example_dags/example_branch_labels.py for tasks to queue
[2026-08-06T06:05:10.272+0000] {logging_mixin.py:190} INFO - [2026-08-06T06:05:10.272+0000] {dagbag.py:588} INFO - Filling up the DagBag from /home/airflow/.local/lib/python3.12/site-packages/airflow/example_dags/example_branch_labels.py
[2026-08-06T06:05:10.288+0000] {processor.py:925} INFO - DAG(s) 'example_branch_labels' retrieved from /home/airflow/.local/lib/python3.12/site-packages/airflow/example_dags/example_branch_labels.py
[2026-08-06T06:05:10.316+0000] {logging_mixin.py:190} INFO - [2026-08-06T06:05:10.315+0000] {dag.py:3239} INFO - Sync 1 DAGs
[2026-08-06T06:05:10.353+0000] {logging_mixin.py:190} INFO - [2026-08-06T06:05:10.353+0000] {dag.py:4180} INFO - Setting next_dagrun for example_branch_labels to 2026-08-05 00:00:00+00:00, run_after=2026-08-06 00:00:00+00:00
[2026-08-06T06:05:10.388+0000] {processor.py:208} INFO - Processing /home/airflow/.local/lib/python3.12/site-packages/airflow/example_dags/example_branch_labels.py took 0.130 seconds
[2026-08-06T06:05:42.158+0000] {processor.py:186} INFO - Started process (PID=557) to work on /home/airflow/.local/lib/python3.12/site-packages/airflow/example_dags/example_branch_labels.py
[2026-08-06T06:05:42.164+0000] {processor.py:914} INFO - Processing file /home/airflow/.local/lib/python3.12/site-packages/airflow/example_dags/example_branch_labels.py for tasks to queue
[2026-08-06T06:05:42.171+0000] {logging_mixin.py:190} INFO - [2026-08-06T06:05:42.171+0000] {dagbag.py:588} INFO - Filling up the DagBag from /home/airflow/.local/lib/python3.12/site-packages/airflow/example_dags/example_branch_labels.py
[2026-08-06T06:05:42.190+0000] {processor.py:925} INFO - DAG(s) 'example_branch_labels' retrieved from /home/airflow/.local/lib/python3.12/site-packages/airflow/example_dags/example_branch_labels.py
[2026-08-06T06:05:42.233+0000] {logging_mixin.py:190} INFO - [2026-08-06T06:05:42.233+0000] {dag.py:3239} INFO - Sync 1 DAGs
[2026-08-06T06:05:42.272+0000] {logging_mixin.py:190} INFO - [2026-08-06T06:05:42.272+0000] {dag.py:4180} INFO - Setting next_dagrun for example_branch_labels to 2026-08-05 00:00:00+00:00, run_after=2026-08-06 00:00:00+00:00
[2026-08-06T06:05:42.312+0000] {processor.py:208} INFO - Processing /home/airflow/.local/lib/python3.12/site-packages/airflow/example_dags/example_branch_labels.py took 0.179 seconds
[2026-08-06T06:06:13.474+0000] {processor.py:186} INFO - Started process (PID=621) to work on /home/airflow/.local/lib/python3.12/site-packages/airflow/example_dags/example_branch_labels.py
[2026-08-06T06:06:13.475+0000] {processor.py:914} INFO - Processing file /home/airflow/.local/lib/python3.12/site-packages/airflow/example_dags/example_branch_labels.py for tasks to queue
[2026-08-06T06:06:13.478+0000] {logging_mixin.py:190} INFO - [2026-08-06T06:06:13.478+0000] {dagbag.py:588} INFO - Filling up the DagBag from /home/airflow/.local/lib/python3.12/site-packages/airflow/example_dags/example_branch_labels.py
[2026-08-06T06:06:13.490+0000] {processor.py:925} INFO - DAG(s) 'example_branch_labels' retrieved from /home/airflow/.local/lib/python3.12/site-packages/airflow/example_dags/example_branch_labels.py
[2026-08-06T06:06:13.517+0000] {logging_mixin.py:190} INFO - [2026-08-06T06:06:13.517+0000] {dag.py:3239} INFO - Sync 1 DAGs
[2026-08-06T06:06:13.562+0000] {logging_mixin.py:190} INFO - [2026-08-06T06:06:13.562+0000] {dag.py:4180} INFO - Setting next_dagrun for example_branch_labels to 2026-08-05 00:00:00+00:00, run_after=2026-08-06 00:00:00+00:00
[2026-08-06T06:06:13.592+0000] {processor.py:208} INFO - Processing /home/airflow/.local/lib/python3.12/site-packages/airflow/example_dags/example_branch_labels.py took 0.126 seconds
[2026-08-06T06:06:46.023+0000] {processor.py:186} INFO - Started process (PID=685) to work on /home/airflow/.local/lib/python3.12/site-packages/airflow/example_dags/example_branch_labels.py
[2026-08-06T06:06:46.026+0000] {processor.py:914} INFO - Processing file /home/airflow/.local/lib/python3.12/site-packages/airflow/example_dags/example_branch_labels.py for tasks to queue
[2026-08-06T06:06:46.032+0000] {logging_mixin.py:190} INFO - [2026-08-06T06:06:46.031+0000] {dagbag.py:588} INFO - Filling up the DagBag from /home/airflow/.local/lib/python3.12/site-packages/airflow/example_dags/example_branch_labels.py
[2026-08-06T06:06:46.057+0000] {processor.py:925} INFO - DAG(s) 'example_branch_labels' retrieved from /home/airflow/.local/lib/python3.12/site-packages/airflow/example_dags/example_branch_labels.py
[2026-08-06T06:06:46.105+0000] {logging_mixin.py:190} INFO - [2026-08-06T06:06:46.104+0000] {dag.py:3239} INFO - Sync 1 DAGs
[2026-08-06T06:06:46.171+0000] {logging_mixin.py:190} INFO - [2026-08-06T06:06:46.170+0000] {dag.py:4180} INFO - Setting next_dagrun for example_branch_labels to 2026-08-05 00:00:00+00:00, run_after=2026-08-06 00:00:00+00:00
[2026-08-06T06:06:46.217+0000] {processor.py:208} INFO - Processing /home/airflow/.local/lib/python3.12/site-packages/airflow/example_dags/example_branch_labels.py took 0.207 seconds
[2026-08-06T06:07:17.449+0000] {processor.py:186} INFO - Started process (PID=755) to work on /home/airflow/.local/lib/python3.12/site-packages/airflow/example_dags/example_branch_labels.py
[2026-08-06T06:07:17.456+0000] {processor.py:914} INFO - Processing file /home/airflow/.local/lib/python3.12/site-packages/airflow/example_dags/example_branch_labels.py for tasks to queue
[2026-08-06T06:07:17.460+0000] {logging_mixin.py:190} INFO - [2026-08-06T06:07:17.459+0000] {dagbag.py:588} INFO - Filling up the DagBag from /home/airflow/.local/lib/python3.12/site-packages/airflow/example_dags/example_branch_labels.py
[2026-08-06T06:07:17.476+0000] {processor.py:925} INFO - DAG(s) 'example_branch_labels' retrieved from /home/airflow/.local/lib/python3.12/site-packages/airflow/example_dags/example_branch_labels.py
[2026-08-06T06:07:17.503+0000] {logging_mixin.py:190} INFO - [2026-08-06T06:07:17.502+0000] {dag.py:3239} INFO - Sync 1 DAGs
[2026-08-06T06:07:17.535+0000] {logging_mixin.py:190} INFO - [2026-08-06T06:07:17.534+0000] {dag.py:4180} INFO - Setting next_dagrun for example_branch_labels to 2026-08-05 00:00:00+00:00, run_after=2026-08-06 00:00:00+00:00
[2026-08-06T06:07:17.559+0000] {processor.py:208} INFO - Processing /home/airflow/.local/lib/python3.12/site-packages/airflow/example_dags/example_branch_labels.py took 0.119 seconds
[2026-08-06T06:07:48.206+0000] {processor.py:186} INFO - Started process (PID=819) to work on /home/airflow/.local/lib/python3.12/site-packages/airflow/example_dags/example_branch_labels.py
[2026-08-06T06:07:48.208+0000] {processor.py:914} INFO - Processing file /home/airflow/.local/lib/python3.12/site-packages/airflow/example_dags/example_branch_labels.py for tasks to queue
[2026-08-06T06:07:48.212+0000] {logging_mixin.py:190} INFO - [2026-08-06T06:07:48.211+0000] {dagbag.py:588} INFO - Filling up the DagBag from /home/airflow/.local/lib/python3.12/site-packages/airflow/example_dags/example_branch_labels.py
[2026-08-06T06:07:48.234+0000] {processor.py:925} INFO - DAG(s) 'example_branch_labels' retrieved from /home/airflow/.local/lib/python3.12/site-packages/airflow/example_dags/example_branch_labels.py
[2026-08-06T06:07:48.269+0000] {logging_mixin.py:190} INFO - [2026-08-06T06:07:48.269+0000] {dag.py:3239} INFO - Sync 1 DAGs
[2026-08-06T06:07:48.308+0000] {logging_mixin.py:190} INFO - [2026-08-06T06:07:48.308+0000] {dag.py:4180} INFO - Setting next_dagrun for example_branch_labels to 2026-08-05 00:00:00+00:00, run_after=2026-08-06 00:00:00+00:00
[2026-08-06T06:07:48.377+0000] {processor.py:208} INFO - Processing /home/airflow/.local/lib/python3.12/site-packages/airflow/example_dags/example_branch_labels.py took 0.180 seconds
[2026-08-06T06:08:19.191+0000] {processor.py:186} INFO - Started process (PID=888) to work on /home/airflow/.local/lib/python3.12/site-packages/airflow/example_dags/example_branch_labels.py
[2026-08-06T06:08:19.194+0000] {processor.py:914} INFO - Processing file /home/airflow/.local/lib/python3.12/site-packages/airflow/example_dags/example_branch_labels.py for tasks to queue
[2026-08-06T06:08:19.198+0000] {logging_mixin.py:190} INFO - [2026-08-06T06:08:19.197+0000] {dagbag.py:588} INFO - Filling up the DagBag from /home/airflow/.local/lib/python3.12/site-packages/airflow/example_dags/example_branch_labels.py
[2026-08-06T06:08:19.213+0000] {processor.py:925} INFO - DAG(s) 'example_branch_labels' retrieved from /home/airflow/.local/lib/python3.12/site-packages/airflow/example_dags/example_branch_labels.py
[2026-08-06T06:08:19.239+0000] {logging_mixin.py:190} INFO - [2026-08-06T06:08:19.238+0000] {dag.py:3239} INFO - Sync 1 DAGs
[2026-08-06T06:08:19.265+0000] {logging_mixin.py:190} INFO - [2026-08-06T06:08:19.265+0000] {dag.py:4180} INFO - Setting next_dagrun for example_branch_labels to 2026-08-05 00:00:00+00:00, run_after=2026-08-06 00:00:00+00:00
[2026-08-06T06:08:19.292+0000] {processor.py:208} INFO - Processing /home/airflow/.local/lib/python3.12/site-packages/airflow/example_dags/example_branch_labels.py took 0.109 seconds
[2026-08-06T06:08:50.643+0000] {processor.py:186} INFO - Started process (PID=952) to work on /home/airflow/.local/lib/python3.12/site-packages/airflow/example_dags/example_branch_labels.py
[2026-08-06T06:08:50.645+0000] {processor.py:914} INFO - Processing file /home/airflow/.local/lib/python3.12/site-packages/airflow/example_dags/example_branch_labels.py for tasks to queue
[2026-08-06T06:08:50.649+0000] {logging_mixin.py:190} INFO - [2026-08-06T06:08:50.649+0000] {dagbag.py:588} INFO - Filling up the DagBag from /home/airflow/.local/lib/python3.12/site-packages/airflow/example_dags/example_branch_labels.py
[2026-08-06T06:08:50.662+0000] {processor.py:925} INFO - DAG(s) 'example_branch_labels' retrieved from /home/airflow/.local/lib/python3.12/site-packages/airflow/example_dags/example_branch_labels.py
[2026-08-06T06:08:50.685+0000] {logging_mixin.py:190} INFO - [2026-08-06T06:08:50.684+0000] {dag.py:3239} INFO - Sync 1 DAGs
[2026-08-06T06:08:50.711+0000] {logging_mixin.py:190} INFO - [2026-08-06T06:08:50.711+0000] {dag.py:4180} INFO - Setting next_dagrun for example_branch_labels to 2026-08-05 00:00:00+00:00, run_after=2026-08-06 00:00:00+00:00
[2026-08-06T06:08:50.763+0000] {processor.py:208} INFO - Processing /home/airflow/.local/lib/python3.12/site-packages/airflow/example_dags/example_branch_labels.py took 0.127 seconds
[2026-08-06T06:09:22.207+0000] {processor.py:186} INFO - Started process (PID=1016) to work on /home/airflow/.local/lib/python3.12/site-packages/airflow/example_dags/example_branch_labels.py
[2026-08-06T06:09:22.209+0000] {processor.py:914} INFO - Processing file /home/airflow/.local/lib/python3.12/site-packages/airflow/example_dags/example_branch_labels.py for tasks to queue
[2026-08-06T06:09:22.212+0000] {logging_mixin.py:190} INFO - [2026-08-06T06:09:22.211+0000] {dagbag.py:588} INFO - Filling up the DagBag from /home/airflow/.local/lib/python3.12/site-packages/airflow/example_dags/example_branch_labels.py
[2026-08-06T06:09:22.226+0000] {processor.py:925} INFO - DAG(s) 'example_branch_labels' retrieved from /home/airflow/.local/lib/python3.12/site-packages/airflow/example_dags/example_branch_labels.py
[2026-08-06T06:09:22.257+0000] {logging_mixin.py:190} INFO - [2026-08-06T06:09:22.257+0000] {dag.py:3239} INFO - Sync 1 DAGs
[2026-08-06T06:09:22.290+0000] {logging_mixin.py:190} INFO - [2026-08-06T06:09:22.289+0000] {dag.py:4180} INFO - Setting next_dagrun for example_branch_labels to 2026-08-05 00:00:00+00:00, run_after=2026-08-06 00:00:00+00:00
[2026-08-06T06:09:22.333+0000] {processor.py:208} INFO - Processing /home/airflow/.local/lib/python3.12/site-packages/airflow/example_dags/example_branch_labels.py took 0.133 seconds
[2026-08-06T06:09:54.013+0000] {processor.py:186} INFO - Started process (PID=1080) to work on /home/airflow/.local/lib/python3.12/site-packages/airflow/example_dags/example_branch_labels.py
[2026-08-06T06:09:54.015+0000] {processor.py:914} INFO - Processing file /home/airflow/.local/lib/python3.12/site-packages/airflow/example_dags/example_branch_labels.py for tasks to queue
[2026-08-06T06:09:54.020+0000] {logging_mixin.py:190} INFO - [2026-08-06T06:09:54.019+0000] {dagbag.py:588} INFO - Filling up the DagBag from /home/airflow/.local/lib/python3.12/site-packages/airflow/example_dags/example_branch_labels.py
[2026-08-06T06:09:54.036+0000] {processor.py:925} INFO - DAG(s) 'example_branch_labels' retrieved from /home/airflow/.local/lib/python3.12/site-packages/airflow/example_dags/example_branch_labels.py
[2026-08-06T06:09:54.071+0000] {logging_mixin.py:190} INFO - [2026-08-06T06:09:54.071+0000] {dag.py:3239} INFO - Sync 1 DAGs
[2026-08-06T06:09:54.107+0000] {logging_mixin.py:190} INFO - [2026-08-06T06:09:54.107+0000] {dag.py:4180} INFO - Setting next_dagrun for example_branch_labels to 2026-08-05 00:00:00+00:00, run_after=2026-08-06 00:00:00+00:00
[2026-08-06T06:09:54.146+0000] {processor.py:208} INFO - Processing /home/airflow/.local/lib/python3.12/site-packages/airflow/example_dags/example_branch_labels.py took 0.142 seconds
[2026-08-06T06:10:25.746+0000] {processor.py:186} INFO - Started process (PID=1144) to work on /home/airflow/.local/lib/python3.12/site-packages/airflow/example_dags/example_branch_labels.py
[2026-08-06T06:10:25.747+0000] {processor.py:914} INFO - Processing file /home/airflow/.local/lib/python3.12/site-packages/airflow/example_dags/example_branch_labels.py for tasks to queue
[2026-08-06T06:10:25.751+0000] {logging_mixin.py:190} INFO - [2026-08-06T06:10:25.751+0000] {dagbag.py:588} INFO - Filling up the DagBag from /home/airflow/.local/lib/python3.12/site-packages/airflow/example_dags/example_branch_labels.py
[2026-08-06T06:10:25.766+0000] {processor.py:925} INFO - DAG(s) 'example_branch_labels' retrieved from /home/airflow/.local/lib/python3.12/site-packages/airflow/example_dags/example_branch_labels.py
[2026-08-06T06:10:25.801+0000] {logging_mixin.py:190} INFO - [2026-08-06T06:10:25.801+0000] {dag.py:3239} INFO - Sync 1 DAGs
[2026-08-06T06:10:25.845+0000] {logging_mixin.py:190} INFO - [2026-08-06T06:10:25.845+0000] {dag.py:4180} INFO - Setting next_dagrun for example_branch_labels to 2026-08-05 00:00:00+00:00, run_after=2026-08-06 00:00:00+00:00
[2026-08-06T06:10:25.887+0000] {processor.py:208} INFO - Processing /home/airflow/.local/lib/python3.12/site-packages/airflow/example_dags/example_branch_labels.py took 0.148 seconds
