[2026-08-06T04:46:46.488+0000] {processor.py:186} INFO - Started process (PID=124) to work on /home/airflow/.local/lib/python3.12/site-packages/airflow/example_dags/example_trigger_target_dag.py
[2026-08-06T04:46:46.493+0000] {processor.py:914} INFO - Processing file /home/airflow/.local/lib/python3.12/site-packages/airflow/example_dags/example_trigger_target_dag.py for tasks to queue
[2026-08-06T04:46:46.498+0000] {logging_mixin.py:190} INFO - [2026-08-06T04:46:46.498+0000] {dagbag.py:588} INFO - Filling up the DagBag from /home/airflow/.local/lib/python3.12/site-packages/airflow/example_dags/example_trigger_target_dag.py
[2026-08-06T04:46:46.519+0000] {processor.py:925} INFO - DAG(s) 'example_trigger_target_dag' retrieved from /home/airflow/.local/lib/python3.12/site-packages/airflow/example_dags/example_trigger_target_dag.py
[2026-08-06T04:46:46.798+0000] {logging_mixin.py:190} INFO - [2026-08-06T04:46:46.796+0000] {override.py:1912} INFO - Created Permission View: can delete on DAG:example_trigger_target_dag
[2026-08-06T04:46:46.846+0000] {logging_mixin.py:190} INFO - [2026-08-06T04:46:46.845+0000] {override.py:1912} INFO - Created Permission View: can read on DAG:example_trigger_target_dag
[2026-08-06T04:46:46.896+0000] {logging_mixin.py:190} INFO - [2026-08-06T04:46:46.895+0000] {override.py:1912} INFO - Created Permission View: can edit on DAG:example_trigger_target_dag
[2026-08-06T04:46:46.936+0000] {logging_mixin.py:190} INFO - [2026-08-06T04:46:46.936+0000] {override.py:1912} INFO - Created Permission View: can delete on DAG Run:example_trigger_target_dag
[2026-08-06T04:46:46.974+0000] {logging_mixin.py:190} INFO - [2026-08-06T04:46:46.972+0000] {override.py:1912} INFO - Created Permission View: menu access on DAG Run:example_trigger_target_dag
[2026-08-06T04:46:47.007+0000] {logging_mixin.py:190} INFO - [2026-08-06T04:46:47.006+0000] {override.py:1912} INFO - Created Permission View: can read on DAG Run:example_trigger_target_dag
[2026-08-06T04:46:47.033+0000] {logging_mixin.py:190} INFO - [2026-08-06T04:46:47.032+0000] {override.py:1912} INFO - Created Permission View: can create on DAG Run:example_trigger_target_dag
[2026-08-06T04:46:47.034+0000] {logging_mixin.py:190} INFO - [2026-08-06T04:46:47.033+0000] {dag.py:3239} INFO - Sync 1 DAGs
[2026-08-06T04:46:47.080+0000] {logging_mixin.py:190} INFO - [2026-08-06T04:46:47.079+0000] {dag.py:3262} INFO - Creating ORM DAG for example_trigger_target_dag
[2026-08-06T04:46:47.082+0000] {logging_mixin.py:190} INFO - [2026-08-06T04:46:47.082+0000] {dag.py:4180} INFO - Setting next_dagrun for example_trigger_target_dag to None, run_after=None
[2026-08-06T04:46:47.134+0000] {processor.py:208} INFO - Processing /home/airflow/.local/lib/python3.12/site-packages/airflow/example_dags/example_trigger_target_dag.py took 0.659 seconds
[2026-08-06T04:47:17.547+0000] {processor.py:186} INFO - Started process (PID=187) to work on /home/airflow/.local/lib/python3.12/site-packages/airflow/example_dags/example_trigger_target_dag.py
[2026-08-06T04:47:17.549+0000] {processor.py:914} INFO - Processing file /home/airflow/.local/lib/python3.12/site-packages/airflow/example_dags/example_trigger_target_dag.py for tasks to queue
[2026-08-06T04:47:17.551+0000] {logging_mixin.py:190} INFO - [2026-08-06T04:47:17.551+0000] {dagbag.py:588} INFO - Filling up the DagBag from /home/airflow/.local/lib/python3.12/site-packages/airflow/example_dags/example_trigger_target_dag.py
[2026-08-06T04:47:17.563+0000] {processor.py:925} INFO - DAG(s) 'example_trigger_target_dag' retrieved from /home/airflow/.local/lib/python3.12/site-packages/airflow/example_dags/example_trigger_target_dag.py
[2026-08-06T04:47:17.593+0000] {logging_mixin.py:190} INFO - [2026-08-06T04:47:17.593+0000] {dag.py:3239} INFO - Sync 1 DAGs
[2026-08-06T04:47:17.613+0000] {logging_mixin.py:190} INFO - [2026-08-06T04:47:17.612+0000] {dag.py:4180} INFO - Setting next_dagrun for example_trigger_target_dag to None, run_after=None
[2026-08-06T04:47:17.638+0000] {processor.py:208} INFO - Processing /home/airflow/.local/lib/python3.12/site-packages/airflow/example_dags/example_trigger_target_dag.py took 0.098 seconds
[2026-08-06T04:47:48.685+0000] {processor.py:186} INFO - Started process (PID=256) to work on /home/airflow/.local/lib/python3.12/site-packages/airflow/example_dags/example_trigger_target_dag.py
[2026-08-06T04:47:48.689+0000] {processor.py:914} INFO - Processing file /home/airflow/.local/lib/python3.12/site-packages/airflow/example_dags/example_trigger_target_dag.py for tasks to queue
[2026-08-06T04:47:48.695+0000] {logging_mixin.py:190} INFO - [2026-08-06T04:47:48.694+0000] {dagbag.py:588} INFO - Filling up the DagBag from /home/airflow/.local/lib/python3.12/site-packages/airflow/example_dags/example_trigger_target_dag.py
[2026-08-06T04:47:48.707+0000] {processor.py:925} INFO - DAG(s) 'example_trigger_target_dag' retrieved from /home/airflow/.local/lib/python3.12/site-packages/airflow/example_dags/example_trigger_target_dag.py
[2026-08-06T04:47:48.741+0000] {logging_mixin.py:190} INFO - [2026-08-06T04:47:48.740+0000] {dag.py:3239} INFO - Sync 1 DAGs
[2026-08-06T04:47:48.761+0000] {logging_mixin.py:190} INFO - [2026-08-06T04:47:48.760+0000] {dag.py:4180} INFO - Setting next_dagrun for example_trigger_target_dag to None, run_after=None
[2026-08-06T04:47:48.796+0000] {processor.py:208} INFO - Processing /home/airflow/.local/lib/python3.12/site-packages/airflow/example_dags/example_trigger_target_dag.py took 0.122 seconds
[2026-08-06T04:48:19.508+0000] {processor.py:186} INFO - Started process (PID=319) to work on /home/airflow/.local/lib/python3.12/site-packages/airflow/example_dags/example_trigger_target_dag.py
[2026-08-06T04:48:19.512+0000] {processor.py:914} INFO - Processing file /home/airflow/.local/lib/python3.12/site-packages/airflow/example_dags/example_trigger_target_dag.py for tasks to queue
[2026-08-06T04:48:19.517+0000] {logging_mixin.py:190} INFO - [2026-08-06T04:48:19.516+0000] {dagbag.py:588} INFO - Filling up the DagBag from /home/airflow/.local/lib/python3.12/site-packages/airflow/example_dags/example_trigger_target_dag.py
[2026-08-06T04:48:19.535+0000] {processor.py:925} INFO - DAG(s) 'example_trigger_target_dag' retrieved from /home/airflow/.local/lib/python3.12/site-packages/airflow/example_dags/example_trigger_target_dag.py
[2026-08-06T04:48:19.566+0000] {logging_mixin.py:190} INFO - [2026-08-06T04:48:19.566+0000] {dag.py:3239} INFO - Sync 1 DAGs
[2026-08-06T04:48:19.598+0000] {logging_mixin.py:190} INFO - [2026-08-06T04:48:19.597+0000] {dag.py:4180} INFO - Setting next_dagrun for example_trigger_target_dag to None, run_after=None
[2026-08-06T04:48:19.632+0000] {processor.py:208} INFO - Processing /home/airflow/.local/lib/python3.12/site-packages/airflow/example_dags/example_trigger_target_dag.py took 0.134 seconds
[2026-08-06T04:48:50.455+0000] {processor.py:186} INFO - Started process (PID=382) to work on /home/airflow/.local/lib/python3.12/site-packages/airflow/example_dags/example_trigger_target_dag.py
[2026-08-06T04:48:50.457+0000] {processor.py:914} INFO - Processing file /home/airflow/.local/lib/python3.12/site-packages/airflow/example_dags/example_trigger_target_dag.py for tasks to queue
[2026-08-06T04:48:50.461+0000] {logging_mixin.py:190} INFO - [2026-08-06T04:48:50.461+0000] {dagbag.py:588} INFO - Filling up the DagBag from /home/airflow/.local/lib/python3.12/site-packages/airflow/example_dags/example_trigger_target_dag.py
[2026-08-06T04:48:50.475+0000] {processor.py:925} INFO - DAG(s) 'example_trigger_target_dag' retrieved from /home/airflow/.local/lib/python3.12/site-packages/airflow/example_dags/example_trigger_target_dag.py
[2026-08-06T04:48:50.508+0000] {logging_mixin.py:190} INFO - [2026-08-06T04:48:50.508+0000] {dag.py:3239} INFO - Sync 1 DAGs
[2026-08-06T04:48:50.537+0000] {logging_mixin.py:190} INFO - [2026-08-06T04:48:50.536+0000] {dag.py:4180} INFO - Setting next_dagrun for example_trigger_target_dag to None, run_after=None
[2026-08-06T04:48:50.574+0000] {processor.py:208} INFO - Processing /home/airflow/.local/lib/python3.12/site-packages/airflow/example_dags/example_trigger_target_dag.py took 0.133 seconds
[2026-08-06T04:49:22.405+0000] {processor.py:186} INFO - Started process (PID=445) to work on /home/airflow/.local/lib/python3.12/site-packages/airflow/example_dags/example_trigger_target_dag.py
[2026-08-06T04:49:22.407+0000] {processor.py:914} INFO - Processing file /home/airflow/.local/lib/python3.12/site-packages/airflow/example_dags/example_trigger_target_dag.py for tasks to queue
[2026-08-06T04:49:22.411+0000] {logging_mixin.py:190} INFO - [2026-08-06T04:49:22.410+0000] {dagbag.py:588} INFO - Filling up the DagBag from /home/airflow/.local/lib/python3.12/site-packages/airflow/example_dags/example_trigger_target_dag.py
[2026-08-06T04:49:22.424+0000] {processor.py:925} INFO - DAG(s) 'example_trigger_target_dag' retrieved from /home/airflow/.local/lib/python3.12/site-packages/airflow/example_dags/example_trigger_target_dag.py
[2026-08-06T04:49:22.456+0000] {logging_mixin.py:190} INFO - [2026-08-06T04:49:22.456+0000] {dag.py:3239} INFO - Sync 1 DAGs
[2026-08-06T04:49:22.479+0000] {logging_mixin.py:190} INFO - [2026-08-06T04:49:22.479+0000] {dag.py:4180} INFO - Setting next_dagrun for example_trigger_target_dag to None, run_after=None
[2026-08-06T04:49:22.510+0000] {processor.py:208} INFO - Processing /home/airflow/.local/lib/python3.12/site-packages/airflow/example_dags/example_trigger_target_dag.py took 0.118 seconds
[2026-08-06T04:49:53.243+0000] {processor.py:186} INFO - Started process (PID=508) to work on /home/airflow/.local/lib/python3.12/site-packages/airflow/example_dags/example_trigger_target_dag.py
[2026-08-06T04:49:53.245+0000] {processor.py:914} INFO - Processing file /home/airflow/.local/lib/python3.12/site-packages/airflow/example_dags/example_trigger_target_dag.py for tasks to queue
[2026-08-06T04:49:53.251+0000] {logging_mixin.py:190} INFO - [2026-08-06T04:49:53.250+0000] {dagbag.py:588} INFO - Filling up the DagBag from /home/airflow/.local/lib/python3.12/site-packages/airflow/example_dags/example_trigger_target_dag.py
[2026-08-06T04:49:53.263+0000] {processor.py:925} INFO - DAG(s) 'example_trigger_target_dag' retrieved from /home/airflow/.local/lib/python3.12/site-packages/airflow/example_dags/example_trigger_target_dag.py
[2026-08-06T04:49:53.293+0000] {logging_mixin.py:190} INFO - [2026-08-06T04:49:53.293+0000] {dag.py:3239} INFO - Sync 1 DAGs
[2026-08-06T04:49:53.317+0000] {logging_mixin.py:190} INFO - [2026-08-06T04:49:53.316+0000] {dag.py:4180} INFO - Setting next_dagrun for example_trigger_target_dag to None, run_after=None
[2026-08-06T04:49:53.358+0000] {processor.py:208} INFO - Processing /home/airflow/.local/lib/python3.12/site-packages/airflow/example_dags/example_trigger_target_dag.py took 0.123 seconds
[2026-08-06T04:50:24.711+0000] {processor.py:186} INFO - Started process (PID=571) to work on /home/airflow/.local/lib/python3.12/site-packages/airflow/example_dags/example_trigger_target_dag.py
[2026-08-06T04:50:24.713+0000] {processor.py:914} INFO - Processing file /home/airflow/.local/lib/python3.12/site-packages/airflow/example_dags/example_trigger_target_dag.py for tasks to queue
[2026-08-06T04:50:24.716+0000] {logging_mixin.py:190} INFO - [2026-08-06T04:50:24.716+0000] {dagbag.py:588} INFO - Filling up the DagBag from /home/airflow/.local/lib/python3.12/site-packages/airflow/example_dags/example_trigger_target_dag.py
[2026-08-06T04:50:24.728+0000] {processor.py:925} INFO - DAG(s) 'example_trigger_target_dag' retrieved from /home/airflow/.local/lib/python3.12/site-packages/airflow/example_dags/example_trigger_target_dag.py
[2026-08-06T04:50:24.753+0000] {logging_mixin.py:190} INFO - [2026-08-06T04:50:24.753+0000] {dag.py:3239} INFO - Sync 1 DAGs
[2026-08-06T04:50:24.770+0000] {logging_mixin.py:190} INFO - [2026-08-06T04:50:24.770+0000] {dag.py:4180} INFO - Setting next_dagrun for example_trigger_target_dag to None, run_after=None
[2026-08-06T04:50:24.827+0000] {processor.py:208} INFO - Processing /home/airflow/.local/lib/python3.12/site-packages/airflow/example_dags/example_trigger_target_dag.py took 0.123 seconds
[2026-08-06T04:50:56.833+0000] {processor.py:186} INFO - Started process (PID=634) to work on /home/airflow/.local/lib/python3.12/site-packages/airflow/example_dags/example_trigger_target_dag.py
[2026-08-06T04:50:56.836+0000] {processor.py:914} INFO - Processing file /home/airflow/.local/lib/python3.12/site-packages/airflow/example_dags/example_trigger_target_dag.py for tasks to queue
[2026-08-06T04:50:56.840+0000] {logging_mixin.py:190} INFO - [2026-08-06T04:50:56.840+0000] {dagbag.py:588} INFO - Filling up the DagBag from /home/airflow/.local/lib/python3.12/site-packages/airflow/example_dags/example_trigger_target_dag.py
[2026-08-06T04:50:56.854+0000] {processor.py:925} INFO - DAG(s) 'example_trigger_target_dag' retrieved from /home/airflow/.local/lib/python3.12/site-packages/airflow/example_dags/example_trigger_target_dag.py
[2026-08-06T04:50:56.896+0000] {logging_mixin.py:190} INFO - [2026-08-06T04:50:56.896+0000] {dag.py:3239} INFO - Sync 1 DAGs
[2026-08-06T04:50:56.930+0000] {logging_mixin.py:190} INFO - [2026-08-06T04:50:56.929+0000] {dag.py:4180} INFO - Setting next_dagrun for example_trigger_target_dag to None, run_after=None
[2026-08-06T04:50:56.990+0000] {processor.py:208} INFO - Processing /home/airflow/.local/lib/python3.12/site-packages/airflow/example_dags/example_trigger_target_dag.py took 0.168 seconds
[2026-08-06T04:51:28.972+0000] {processor.py:186} INFO - Started process (PID=697) to work on /home/airflow/.local/lib/python3.12/site-packages/airflow/example_dags/example_trigger_target_dag.py
[2026-08-06T04:51:28.974+0000] {processor.py:914} INFO - Processing file /home/airflow/.local/lib/python3.12/site-packages/airflow/example_dags/example_trigger_target_dag.py for tasks to queue
[2026-08-06T04:51:28.980+0000] {logging_mixin.py:190} INFO - [2026-08-06T04:51:28.979+0000] {dagbag.py:588} INFO - Filling up the DagBag from /home/airflow/.local/lib/python3.12/site-packages/airflow/example_dags/example_trigger_target_dag.py
[2026-08-06T04:51:28.994+0000] {processor.py:925} INFO - DAG(s) 'example_trigger_target_dag' retrieved from /home/airflow/.local/lib/python3.12/site-packages/airflow/example_dags/example_trigger_target_dag.py
[2026-08-06T04:51:29.027+0000] {logging_mixin.py:190} INFO - [2026-08-06T04:51:29.026+0000] {dag.py:3239} INFO - Sync 1 DAGs
[2026-08-06T04:51:29.048+0000] {logging_mixin.py:190} INFO - [2026-08-06T04:51:29.048+0000] {dag.py:4180} INFO - Setting next_dagrun for example_trigger_target_dag to None, run_after=None
[2026-08-06T04:51:29.085+0000] {processor.py:208} INFO - Processing /home/airflow/.local/lib/python3.12/site-packages/airflow/example_dags/example_trigger_target_dag.py took 0.123 seconds
[2026-08-06T04:51:59.901+0000] {processor.py:186} INFO - Started process (PID=760) to work on /home/airflow/.local/lib/python3.12/site-packages/airflow/example_dags/example_trigger_target_dag.py
[2026-08-06T04:51:59.903+0000] {processor.py:914} INFO - Processing file /home/airflow/.local/lib/python3.12/site-packages/airflow/example_dags/example_trigger_target_dag.py for tasks to queue
[2026-08-06T04:51:59.906+0000] {logging_mixin.py:190} INFO - [2026-08-06T04:51:59.906+0000] {dagbag.py:588} INFO - Filling up the DagBag from /home/airflow/.local/lib/python3.12/site-packages/airflow/example_dags/example_trigger_target_dag.py
[2026-08-06T04:51:59.919+0000] {processor.py:925} INFO - DAG(s) 'example_trigger_target_dag' retrieved from /home/airflow/.local/lib/python3.12/site-packages/airflow/example_dags/example_trigger_target_dag.py
[2026-08-06T04:51:59.953+0000] {logging_mixin.py:190} INFO - [2026-08-06T04:51:59.952+0000] {dag.py:3239} INFO - Sync 1 DAGs
[2026-08-06T04:51:59.974+0000] {logging_mixin.py:190} INFO - [2026-08-06T04:51:59.974+0000] {dag.py:4180} INFO - Setting next_dagrun for example_trigger_target_dag to None, run_after=None
[2026-08-06T04:52:00.019+0000] {processor.py:208} INFO - Processing /home/airflow/.local/lib/python3.12/site-packages/airflow/example_dags/example_trigger_target_dag.py took 0.127 seconds
[2026-08-06T04:52:31.461+0000] {processor.py:186} INFO - Started process (PID=824) to work on /home/airflow/.local/lib/python3.12/site-packages/airflow/example_dags/example_trigger_target_dag.py
[2026-08-06T04:52:31.464+0000] {processor.py:914} INFO - Processing file /home/airflow/.local/lib/python3.12/site-packages/airflow/example_dags/example_trigger_target_dag.py for tasks to queue
[2026-08-06T04:52:31.468+0000] {logging_mixin.py:190} INFO - [2026-08-06T04:52:31.467+0000] {dagbag.py:588} INFO - Filling up the DagBag from /home/airflow/.local/lib/python3.12/site-packages/airflow/example_dags/example_trigger_target_dag.py
[2026-08-06T04:52:31.484+0000] {processor.py:925} INFO - DAG(s) 'example_trigger_target_dag' retrieved from /home/airflow/.local/lib/python3.12/site-packages/airflow/example_dags/example_trigger_target_dag.py
[2026-08-06T04:52:31.520+0000] {logging_mixin.py:190} INFO - [2026-08-06T04:52:31.519+0000] {dag.py:3239} INFO - Sync 1 DAGs
[2026-08-06T04:52:31.545+0000] {logging_mixin.py:190} INFO - [2026-08-06T04:52:31.545+0000] {dag.py:4180} INFO - Setting next_dagrun for example_trigger_target_dag to None, run_after=None
[2026-08-06T04:52:31.605+0000] {processor.py:208} INFO - Processing /home/airflow/.local/lib/python3.12/site-packages/airflow/example_dags/example_trigger_target_dag.py took 0.155 seconds
[2026-08-06T05:30:25.391+0000] {processor.py:186} INFO - Started process (PID=125) to work on /home/airflow/.local/lib/python3.12/site-packages/airflow/example_dags/example_trigger_target_dag.py
[2026-08-06T05:30:25.395+0000] {processor.py:914} INFO - Processing file /home/airflow/.local/lib/python3.12/site-packages/airflow/example_dags/example_trigger_target_dag.py for tasks to queue
[2026-08-06T05:30:25.400+0000] {logging_mixin.py:190} INFO - [2026-08-06T05:30:25.399+0000] {dagbag.py:588} INFO - Filling up the DagBag from /home/airflow/.local/lib/python3.12/site-packages/airflow/example_dags/example_trigger_target_dag.py
[2026-08-06T05:30:25.413+0000] {processor.py:925} INFO - DAG(s) 'example_trigger_target_dag' retrieved from /home/airflow/.local/lib/python3.12/site-packages/airflow/example_dags/example_trigger_target_dag.py
[2026-08-06T05:30:25.445+0000] {logging_mixin.py:190} INFO - [2026-08-06T05:30:25.445+0000] {dag.py:3239} INFO - Sync 1 DAGs
[2026-08-06T05:30:25.470+0000] {logging_mixin.py:190} INFO - [2026-08-06T05:30:25.470+0000] {dag.py:4180} INFO - Setting next_dagrun for example_trigger_target_dag to None, run_after=None
[2026-08-06T05:30:25.501+0000] {processor.py:208} INFO - Processing /home/airflow/.local/lib/python3.12/site-packages/airflow/example_dags/example_trigger_target_dag.py took 0.120 seconds
[2026-08-06T05:30:56.685+0000] {processor.py:186} INFO - Started process (PID=188) to work on /home/airflow/.local/lib/python3.12/site-packages/airflow/example_dags/example_trigger_target_dag.py
[2026-08-06T05:30:56.688+0000] {processor.py:914} INFO - Processing file /home/airflow/.local/lib/python3.12/site-packages/airflow/example_dags/example_trigger_target_dag.py for tasks to queue
[2026-08-06T05:30:56.692+0000] {logging_mixin.py:190} INFO - [2026-08-06T05:30:56.691+0000] {dagbag.py:588} INFO - Filling up the DagBag from /home/airflow/.local/lib/python3.12/site-packages/airflow/example_dags/example_trigger_target_dag.py
[2026-08-06T05:30:56.709+0000] {processor.py:925} INFO - DAG(s) 'example_trigger_target_dag' retrieved from /home/airflow/.local/lib/python3.12/site-packages/airflow/example_dags/example_trigger_target_dag.py
[2026-08-06T05:30:56.740+0000] {logging_mixin.py:190} INFO - [2026-08-06T05:30:56.740+0000] {dag.py:3239} INFO - Sync 1 DAGs
[2026-08-06T05:30:56.760+0000] {logging_mixin.py:190} INFO - [2026-08-06T05:30:56.760+0000] {dag.py:4180} INFO - Setting next_dagrun for example_trigger_target_dag to None, run_after=None
[2026-08-06T05:30:56.823+0000] {processor.py:208} INFO - Processing /home/airflow/.local/lib/python3.12/site-packages/airflow/example_dags/example_trigger_target_dag.py took 0.145 seconds
[2026-08-06T05:33:18.949+0000] {processor.py:186} INFO - Started process (PID=119) to work on /home/airflow/.local/lib/python3.12/site-packages/airflow/example_dags/example_trigger_target_dag.py
[2026-08-06T05:33:18.951+0000] {processor.py:914} INFO - Processing file /home/airflow/.local/lib/python3.12/site-packages/airflow/example_dags/example_trigger_target_dag.py for tasks to queue
[2026-08-06T05:33:18.957+0000] {logging_mixin.py:190} INFO - [2026-08-06T05:33:18.956+0000] {dagbag.py:588} INFO - Filling up the DagBag from /home/airflow/.local/lib/python3.12/site-packages/airflow/example_dags/example_trigger_target_dag.py
[2026-08-06T05:33:18.972+0000] {processor.py:925} INFO - DAG(s) 'example_trigger_target_dag' retrieved from /home/airflow/.local/lib/python3.12/site-packages/airflow/example_dags/example_trigger_target_dag.py
[2026-08-06T05:33:19.027+0000] {logging_mixin.py:190} INFO - [2026-08-06T05:33:19.027+0000] {dag.py:3239} INFO - Sync 1 DAGs
[2026-08-06T05:33:19.052+0000] {logging_mixin.py:190} INFO - [2026-08-06T05:33:19.052+0000] {dag.py:4180} INFO - Setting next_dagrun for example_trigger_target_dag to None, run_after=None
[2026-08-06T05:33:19.082+0000] {processor.py:208} INFO - Processing /home/airflow/.local/lib/python3.12/site-packages/airflow/example_dags/example_trigger_target_dag.py took 0.145 seconds
[2026-08-06T05:33:50.106+0000] {processor.py:186} INFO - Started process (PID=182) to work on /home/airflow/.local/lib/python3.12/site-packages/airflow/example_dags/example_trigger_target_dag.py
[2026-08-06T05:33:50.107+0000] {processor.py:914} INFO - Processing file /home/airflow/.local/lib/python3.12/site-packages/airflow/example_dags/example_trigger_target_dag.py for tasks to queue
[2026-08-06T05:33:50.110+0000] {logging_mixin.py:190} INFO - [2026-08-06T05:33:50.110+0000] {dagbag.py:588} INFO - Filling up the DagBag from /home/airflow/.local/lib/python3.12/site-packages/airflow/example_dags/example_trigger_target_dag.py
[2026-08-06T05:33:50.119+0000] {processor.py:925} INFO - DAG(s) 'example_trigger_target_dag' retrieved from /home/airflow/.local/lib/python3.12/site-packages/airflow/example_dags/example_trigger_target_dag.py
[2026-08-06T05:33:50.142+0000] {logging_mixin.py:190} INFO - [2026-08-06T05:33:50.141+0000] {dag.py:3239} INFO - Sync 1 DAGs
[2026-08-06T05:33:50.163+0000] {logging_mixin.py:190} INFO - [2026-08-06T05:33:50.163+0000] {dag.py:4180} INFO - Setting next_dagrun for example_trigger_target_dag to None, run_after=None
[2026-08-06T05:33:50.223+0000] {processor.py:208} INFO - Processing /home/airflow/.local/lib/python3.12/site-packages/airflow/example_dags/example_trigger_target_dag.py took 0.124 seconds
[2026-08-06T05:34:22.271+0000] {processor.py:186} INFO - Started process (PID=245) to work on /home/airflow/.local/lib/python3.12/site-packages/airflow/example_dags/example_trigger_target_dag.py
[2026-08-06T05:34:22.272+0000] {processor.py:914} INFO - Processing file /home/airflow/.local/lib/python3.12/site-packages/airflow/example_dags/example_trigger_target_dag.py for tasks to queue
[2026-08-06T05:34:22.275+0000] {logging_mixin.py:190} INFO - [2026-08-06T05:34:22.274+0000] {dagbag.py:588} INFO - Filling up the DagBag from /home/airflow/.local/lib/python3.12/site-packages/airflow/example_dags/example_trigger_target_dag.py
[2026-08-06T05:34:22.283+0000] {processor.py:925} INFO - DAG(s) 'example_trigger_target_dag' retrieved from /home/airflow/.local/lib/python3.12/site-packages/airflow/example_dags/example_trigger_target_dag.py
[2026-08-06T05:34:22.306+0000] {logging_mixin.py:190} INFO - [2026-08-06T05:34:22.305+0000] {dag.py:3239} INFO - Sync 1 DAGs
[2026-08-06T05:34:22.323+0000] {logging_mixin.py:190} INFO - [2026-08-06T05:34:22.322+0000] {dag.py:4180} INFO - Setting next_dagrun for example_trigger_target_dag to None, run_after=None
[2026-08-06T05:34:22.348+0000] {processor.py:208} INFO - Processing /home/airflow/.local/lib/python3.12/site-packages/airflow/example_dags/example_trigger_target_dag.py took 0.084 seconds
[2026-08-06T05:34:53.681+0000] {processor.py:186} INFO - Started process (PID=308) to work on /home/airflow/.local/lib/python3.12/site-packages/airflow/example_dags/example_trigger_target_dag.py
[2026-08-06T05:34:53.684+0000] {processor.py:914} INFO - Processing file /home/airflow/.local/lib/python3.12/site-packages/airflow/example_dags/example_trigger_target_dag.py for tasks to queue
[2026-08-06T05:34:53.689+0000] {logging_mixin.py:190} INFO - [2026-08-06T05:34:53.688+0000] {dagbag.py:588} INFO - Filling up the DagBag from /home/airflow/.local/lib/python3.12/site-packages/airflow/example_dags/example_trigger_target_dag.py
[2026-08-06T05:34:53.710+0000] {processor.py:925} INFO - DAG(s) 'example_trigger_target_dag' retrieved from /home/airflow/.local/lib/python3.12/site-packages/airflow/example_dags/example_trigger_target_dag.py
[2026-08-06T05:34:53.758+0000] {logging_mixin.py:190} INFO - [2026-08-06T05:34:53.757+0000] {dag.py:3239} INFO - Sync 1 DAGs
[2026-08-06T05:34:53.794+0000] {logging_mixin.py:190} INFO - [2026-08-06T05:34:53.793+0000] {dag.py:4180} INFO - Setting next_dagrun for example_trigger_target_dag to None, run_after=None
[2026-08-06T05:34:53.851+0000] {processor.py:208} INFO - Processing /home/airflow/.local/lib/python3.12/site-packages/airflow/example_dags/example_trigger_target_dag.py took 0.182 seconds
[2026-08-06T05:37:08.130+0000] {processor.py:186} INFO - Started process (PID=125) to work on /home/airflow/.local/lib/python3.12/site-packages/airflow/example_dags/example_trigger_target_dag.py
[2026-08-06T05:37:08.133+0000] {processor.py:914} INFO - Processing file /home/airflow/.local/lib/python3.12/site-packages/airflow/example_dags/example_trigger_target_dag.py for tasks to queue
[2026-08-06T05:37:08.138+0000] {logging_mixin.py:190} INFO - [2026-08-06T05:37:08.137+0000] {dagbag.py:588} INFO - Filling up the DagBag from /home/airflow/.local/lib/python3.12/site-packages/airflow/example_dags/example_trigger_target_dag.py
[2026-08-06T05:37:08.151+0000] {processor.py:925} INFO - DAG(s) 'example_trigger_target_dag' retrieved from /home/airflow/.local/lib/python3.12/site-packages/airflow/example_dags/example_trigger_target_dag.py
[2026-08-06T05:37:08.188+0000] {logging_mixin.py:190} INFO - [2026-08-06T05:37:08.188+0000] {dag.py:3239} INFO - Sync 1 DAGs
[2026-08-06T05:37:08.219+0000] {logging_mixin.py:190} INFO - [2026-08-06T05:37:08.218+0000] {dag.py:4180} INFO - Setting next_dagrun for example_trigger_target_dag to None, run_after=None
[2026-08-06T05:37:08.265+0000] {processor.py:208} INFO - Processing /home/airflow/.local/lib/python3.12/site-packages/airflow/example_dags/example_trigger_target_dag.py took 0.144 seconds
[2026-08-06T05:37:39.650+0000] {processor.py:186} INFO - Started process (PID=189) to work on /home/airflow/.local/lib/python3.12/site-packages/airflow/example_dags/example_trigger_target_dag.py
[2026-08-06T05:37:39.652+0000] {processor.py:914} INFO - Processing file /home/airflow/.local/lib/python3.12/site-packages/airflow/example_dags/example_trigger_target_dag.py for tasks to queue
[2026-08-06T05:37:39.657+0000] {logging_mixin.py:190} INFO - [2026-08-06T05:37:39.656+0000] {dagbag.py:588} INFO - Filling up the DagBag from /home/airflow/.local/lib/python3.12/site-packages/airflow/example_dags/example_trigger_target_dag.py
[2026-08-06T05:37:39.672+0000] {processor.py:925} INFO - DAG(s) 'example_trigger_target_dag' retrieved from /home/airflow/.local/lib/python3.12/site-packages/airflow/example_dags/example_trigger_target_dag.py
[2026-08-06T05:37:39.705+0000] {logging_mixin.py:190} INFO - [2026-08-06T05:37:39.705+0000] {dag.py:3239} INFO - Sync 1 DAGs
[2026-08-06T05:37:39.730+0000] {logging_mixin.py:190} INFO - [2026-08-06T05:37:39.729+0000] {dag.py:4180} INFO - Setting next_dagrun for example_trigger_target_dag to None, run_after=None
[2026-08-06T05:37:39.761+0000] {processor.py:208} INFO - Processing /home/airflow/.local/lib/python3.12/site-packages/airflow/example_dags/example_trigger_target_dag.py took 0.125 seconds
[2026-08-06T05:38:10.406+0000] {processor.py:186} INFO - Started process (PID=253) to work on /home/airflow/.local/lib/python3.12/site-packages/airflow/example_dags/example_trigger_target_dag.py
[2026-08-06T05:38:10.408+0000] {processor.py:914} INFO - Processing file /home/airflow/.local/lib/python3.12/site-packages/airflow/example_dags/example_trigger_target_dag.py for tasks to queue
[2026-08-06T05:38:10.415+0000] {logging_mixin.py:190} INFO - [2026-08-06T05:38:10.415+0000] {dagbag.py:588} INFO - Filling up the DagBag from /home/airflow/.local/lib/python3.12/site-packages/airflow/example_dags/example_trigger_target_dag.py
[2026-08-06T05:38:10.428+0000] {processor.py:925} INFO - DAG(s) 'example_trigger_target_dag' retrieved from /home/airflow/.local/lib/python3.12/site-packages/airflow/example_dags/example_trigger_target_dag.py
[2026-08-06T05:38:10.465+0000] {logging_mixin.py:190} INFO - [2026-08-06T05:38:10.464+0000] {dag.py:3239} INFO - Sync 1 DAGs
[2026-08-06T05:38:10.494+0000] {logging_mixin.py:190} INFO - [2026-08-06T05:38:10.494+0000] {dag.py:4180} INFO - Setting next_dagrun for example_trigger_target_dag to None, run_after=None
[2026-08-06T05:38:10.528+0000] {processor.py:208} INFO - Processing /home/airflow/.local/lib/python3.12/site-packages/airflow/example_dags/example_trigger_target_dag.py took 0.130 seconds
[2026-08-06T05:38:47.603+0000] {processor.py:186} INFO - Started process (PID=332) to work on /home/airflow/.local/lib/python3.12/site-packages/airflow/example_dags/example_trigger_target_dag.py
[2026-08-06T05:38:47.606+0000] {processor.py:914} INFO - Processing file /home/airflow/.local/lib/python3.12/site-packages/airflow/example_dags/example_trigger_target_dag.py for tasks to queue
[2026-08-06T05:38:47.612+0000] {logging_mixin.py:190} INFO - [2026-08-06T05:38:47.611+0000] {dagbag.py:588} INFO - Filling up the DagBag from /home/airflow/.local/lib/python3.12/site-packages/airflow/example_dags/example_trigger_target_dag.py
[2026-08-06T05:38:47.640+0000] {processor.py:925} INFO - DAG(s) 'example_trigger_target_dag' retrieved from /home/airflow/.local/lib/python3.12/site-packages/airflow/example_dags/example_trigger_target_dag.py
[2026-08-06T05:38:47.701+0000] {logging_mixin.py:190} INFO - [2026-08-06T05:38:47.701+0000] {dag.py:3239} INFO - Sync 1 DAGs
[2026-08-06T05:38:47.746+0000] {logging_mixin.py:190} INFO - [2026-08-06T05:38:47.745+0000] {dag.py:4180} INFO - Setting next_dagrun for example_trigger_target_dag to None, run_after=None
[2026-08-06T05:38:47.803+0000] {processor.py:208} INFO - Processing /home/airflow/.local/lib/python3.12/site-packages/airflow/example_dags/example_trigger_target_dag.py took 0.215 seconds
[2026-08-06T05:39:19.595+0000] {processor.py:186} INFO - Started process (PID=396) to work on /home/airflow/.local/lib/python3.12/site-packages/airflow/example_dags/example_trigger_target_dag.py
[2026-08-06T05:39:19.597+0000] {processor.py:914} INFO - Processing file /home/airflow/.local/lib/python3.12/site-packages/airflow/example_dags/example_trigger_target_dag.py for tasks to queue
[2026-08-06T05:39:19.602+0000] {logging_mixin.py:190} INFO - [2026-08-06T05:39:19.601+0000] {dagbag.py:588} INFO - Filling up the DagBag from /home/airflow/.local/lib/python3.12/site-packages/airflow/example_dags/example_trigger_target_dag.py
[2026-08-06T05:39:19.618+0000] {processor.py:925} INFO - DAG(s) 'example_trigger_target_dag' retrieved from /home/airflow/.local/lib/python3.12/site-packages/airflow/example_dags/example_trigger_target_dag.py
[2026-08-06T05:39:19.677+0000] {logging_mixin.py:190} INFO - [2026-08-06T05:39:19.676+0000] {dag.py:3239} INFO - Sync 1 DAGs
[2026-08-06T05:39:19.701+0000] {logging_mixin.py:190} INFO - [2026-08-06T05:39:19.701+0000] {dag.py:4180} INFO - Setting next_dagrun for example_trigger_target_dag to None, run_after=None
[2026-08-06T05:39:19.731+0000] {processor.py:208} INFO - Processing /home/airflow/.local/lib/python3.12/site-packages/airflow/example_dags/example_trigger_target_dag.py took 0.147 seconds
[2026-08-06T05:39:51.033+0000] {processor.py:186} INFO - Started process (PID=460) to work on /home/airflow/.local/lib/python3.12/site-packages/airflow/example_dags/example_trigger_target_dag.py
[2026-08-06T05:39:51.035+0000] {processor.py:914} INFO - Processing file /home/airflow/.local/lib/python3.12/site-packages/airflow/example_dags/example_trigger_target_dag.py for tasks to queue
[2026-08-06T05:39:51.038+0000] {logging_mixin.py:190} INFO - [2026-08-06T05:39:51.038+0000] {dagbag.py:588} INFO - Filling up the DagBag from /home/airflow/.local/lib/python3.12/site-packages/airflow/example_dags/example_trigger_target_dag.py
[2026-08-06T05:39:51.054+0000] {processor.py:925} INFO - DAG(s) 'example_trigger_target_dag' retrieved from /home/airflow/.local/lib/python3.12/site-packages/airflow/example_dags/example_trigger_target_dag.py
[2026-08-06T05:39:51.092+0000] {logging_mixin.py:190} INFO - [2026-08-06T05:39:51.092+0000] {dag.py:3239} INFO - Sync 1 DAGs
[2026-08-06T05:39:51.120+0000] {logging_mixin.py:190} INFO - [2026-08-06T05:39:51.120+0000] {dag.py:4180} INFO - Setting next_dagrun for example_trigger_target_dag to None, run_after=None
[2026-08-06T05:39:51.200+0000] {processor.py:208} INFO - Processing /home/airflow/.local/lib/python3.12/site-packages/airflow/example_dags/example_trigger_target_dag.py took 0.177 seconds
[2026-08-06T05:40:22.168+0000] {processor.py:186} INFO - Started process (PID=524) to work on /home/airflow/.local/lib/python3.12/site-packages/airflow/example_dags/example_trigger_target_dag.py
[2026-08-06T05:40:22.175+0000] {processor.py:914} INFO - Processing file /home/airflow/.local/lib/python3.12/site-packages/airflow/example_dags/example_trigger_target_dag.py for tasks to queue
[2026-08-06T05:40:22.180+0000] {logging_mixin.py:190} INFO - [2026-08-06T05:40:22.179+0000] {dagbag.py:588} INFO - Filling up the DagBag from /home/airflow/.local/lib/python3.12/site-packages/airflow/example_dags/example_trigger_target_dag.py
[2026-08-06T05:40:22.201+0000] {processor.py:925} INFO - DAG(s) 'example_trigger_target_dag' retrieved from /home/airflow/.local/lib/python3.12/site-packages/airflow/example_dags/example_trigger_target_dag.py
[2026-08-06T05:40:22.240+0000] {logging_mixin.py:190} INFO - [2026-08-06T05:40:22.240+0000] {dag.py:3239} INFO - Sync 1 DAGs
[2026-08-06T05:40:22.272+0000] {logging_mixin.py:190} INFO - [2026-08-06T05:40:22.271+0000] {dag.py:4180} INFO - Setting next_dagrun for example_trigger_target_dag to None, run_after=None
[2026-08-06T05:40:22.314+0000] {processor.py:208} INFO - Processing /home/airflow/.local/lib/python3.12/site-packages/airflow/example_dags/example_trigger_target_dag.py took 0.157 seconds
[2026-08-06T05:40:52.891+0000] {processor.py:186} INFO - Started process (PID=594) to work on /home/airflow/.local/lib/python3.12/site-packages/airflow/example_dags/example_trigger_target_dag.py
[2026-08-06T05:40:52.893+0000] {processor.py:914} INFO - Processing file /home/airflow/.local/lib/python3.12/site-packages/airflow/example_dags/example_trigger_target_dag.py for tasks to queue
[2026-08-06T05:40:52.899+0000] {logging_mixin.py:190} INFO - [2026-08-06T05:40:52.898+0000] {dagbag.py:588} INFO - Filling up the DagBag from /home/airflow/.local/lib/python3.12/site-packages/airflow/example_dags/example_trigger_target_dag.py
[2026-08-06T05:40:52.920+0000] {processor.py:925} INFO - DAG(s) 'example_trigger_target_dag' retrieved from /home/airflow/.local/lib/python3.12/site-packages/airflow/example_dags/example_trigger_target_dag.py
[2026-08-06T05:40:52.966+0000] {logging_mixin.py:190} INFO - [2026-08-06T05:40:52.965+0000] {dag.py:3239} INFO - Sync 1 DAGs
[2026-08-06T05:40:52.997+0000] {logging_mixin.py:190} INFO - [2026-08-06T05:40:52.996+0000] {dag.py:4180} INFO - Setting next_dagrun for example_trigger_target_dag to None, run_after=None
[2026-08-06T05:40:53.040+0000] {processor.py:208} INFO - Processing /home/airflow/.local/lib/python3.12/site-packages/airflow/example_dags/example_trigger_target_dag.py took 0.163 seconds
[2026-08-06T05:41:26.182+0000] {processor.py:186} INFO - Started process (PID=658) to work on /home/airflow/.local/lib/python3.12/site-packages/airflow/example_dags/example_trigger_target_dag.py
[2026-08-06T05:41:26.184+0000] {processor.py:914} INFO - Processing file /home/airflow/.local/lib/python3.12/site-packages/airflow/example_dags/example_trigger_target_dag.py for tasks to queue
[2026-08-06T05:41:26.190+0000] {logging_mixin.py:190} INFO - [2026-08-06T05:41:26.190+0000] {dagbag.py:588} INFO - Filling up the DagBag from /home/airflow/.local/lib/python3.12/site-packages/airflow/example_dags/example_trigger_target_dag.py
[2026-08-06T05:41:26.209+0000] {processor.py:925} INFO - DAG(s) 'example_trigger_target_dag' retrieved from /home/airflow/.local/lib/python3.12/site-packages/airflow/example_dags/example_trigger_target_dag.py
[2026-08-06T05:41:26.251+0000] {logging_mixin.py:190} INFO - [2026-08-06T05:41:26.251+0000] {dag.py:3239} INFO - Sync 1 DAGs
[2026-08-06T05:41:26.282+0000] {logging_mixin.py:190} INFO - [2026-08-06T05:41:26.281+0000] {dag.py:4180} INFO - Setting next_dagrun for example_trigger_target_dag to None, run_after=None
[2026-08-06T05:41:26.346+0000] {processor.py:208} INFO - Processing /home/airflow/.local/lib/python3.12/site-packages/airflow/example_dags/example_trigger_target_dag.py took 0.180 seconds
[2026-08-06T05:41:57.169+0000] {processor.py:186} INFO - Started process (PID=721) to work on /home/airflow/.local/lib/python3.12/site-packages/airflow/example_dags/example_trigger_target_dag.py
[2026-08-06T05:41:57.171+0000] {processor.py:914} INFO - Processing file /home/airflow/.local/lib/python3.12/site-packages/airflow/example_dags/example_trigger_target_dag.py for tasks to queue
[2026-08-06T05:41:57.176+0000] {logging_mixin.py:190} INFO - [2026-08-06T05:41:57.175+0000] {dagbag.py:588} INFO - Filling up the DagBag from /home/airflow/.local/lib/python3.12/site-packages/airflow/example_dags/example_trigger_target_dag.py
[2026-08-06T05:41:57.188+0000] {processor.py:925} INFO - DAG(s) 'example_trigger_target_dag' retrieved from /home/airflow/.local/lib/python3.12/site-packages/airflow/example_dags/example_trigger_target_dag.py
[2026-08-06T05:41:57.221+0000] {logging_mixin.py:190} INFO - [2026-08-06T05:41:57.221+0000] {dag.py:3239} INFO - Sync 1 DAGs
[2026-08-06T05:41:57.256+0000] {logging_mixin.py:190} INFO - [2026-08-06T05:41:57.256+0000] {dag.py:4180} INFO - Setting next_dagrun for example_trigger_target_dag to None, run_after=None
[2026-08-06T05:41:57.303+0000] {processor.py:208} INFO - Processing /home/airflow/.local/lib/python3.12/site-packages/airflow/example_dags/example_trigger_target_dag.py took 0.143 seconds
[2026-08-06T05:42:27.371+0000] {processor.py:186} INFO - Started process (PID=784) to work on /home/airflow/.local/lib/python3.12/site-packages/airflow/example_dags/example_trigger_target_dag.py
[2026-08-06T05:42:27.372+0000] {processor.py:914} INFO - Processing file /home/airflow/.local/lib/python3.12/site-packages/airflow/example_dags/example_trigger_target_dag.py for tasks to queue
[2026-08-06T05:42:27.378+0000] {logging_mixin.py:190} INFO - [2026-08-06T05:42:27.378+0000] {dagbag.py:588} INFO - Filling up the DagBag from /home/airflow/.local/lib/python3.12/site-packages/airflow/example_dags/example_trigger_target_dag.py
[2026-08-06T05:42:27.392+0000] {processor.py:925} INFO - DAG(s) 'example_trigger_target_dag' retrieved from /home/airflow/.local/lib/python3.12/site-packages/airflow/example_dags/example_trigger_target_dag.py
[2026-08-06T05:42:27.422+0000] {logging_mixin.py:190} INFO - [2026-08-06T05:42:27.422+0000] {dag.py:3239} INFO - Sync 1 DAGs
[2026-08-06T05:42:27.447+0000] {logging_mixin.py:190} INFO - [2026-08-06T05:42:27.447+0000] {dag.py:4180} INFO - Setting next_dagrun for example_trigger_target_dag to None, run_after=None
[2026-08-06T05:42:27.515+0000] {processor.py:208} INFO - Processing /home/airflow/.local/lib/python3.12/site-packages/airflow/example_dags/example_trigger_target_dag.py took 0.152 seconds
[2026-08-06T05:42:59.348+0000] {processor.py:186} INFO - Started process (PID=848) to work on /home/airflow/.local/lib/python3.12/site-packages/airflow/example_dags/example_trigger_target_dag.py
[2026-08-06T05:42:59.351+0000] {processor.py:914} INFO - Processing file /home/airflow/.local/lib/python3.12/site-packages/airflow/example_dags/example_trigger_target_dag.py for tasks to queue
[2026-08-06T05:42:59.358+0000] {logging_mixin.py:190} INFO - [2026-08-06T05:42:59.357+0000] {dagbag.py:588} INFO - Filling up the DagBag from /home/airflow/.local/lib/python3.12/site-packages/airflow/example_dags/example_trigger_target_dag.py
[2026-08-06T05:42:59.376+0000] {processor.py:925} INFO - DAG(s) 'example_trigger_target_dag' retrieved from /home/airflow/.local/lib/python3.12/site-packages/airflow/example_dags/example_trigger_target_dag.py
[2026-08-06T05:42:59.412+0000] {logging_mixin.py:190} INFO - [2026-08-06T05:42:59.411+0000] {dag.py:3239} INFO - Sync 1 DAGs
[2026-08-06T05:42:59.440+0000] {logging_mixin.py:190} INFO - [2026-08-06T05:42:59.439+0000] {dag.py:4180} INFO - Setting next_dagrun for example_trigger_target_dag to None, run_after=None
[2026-08-06T05:42:59.509+0000] {processor.py:208} INFO - Processing /home/airflow/.local/lib/python3.12/site-packages/airflow/example_dags/example_trigger_target_dag.py took 0.180 seconds
[2026-08-06T05:43:29.708+0000] {processor.py:186} INFO - Started process (PID=912) to work on /home/airflow/.local/lib/python3.12/site-packages/airflow/example_dags/example_trigger_target_dag.py
[2026-08-06T05:43:29.710+0000] {processor.py:914} INFO - Processing file /home/airflow/.local/lib/python3.12/site-packages/airflow/example_dags/example_trigger_target_dag.py for tasks to queue
[2026-08-06T05:43:29.715+0000] {logging_mixin.py:190} INFO - [2026-08-06T05:43:29.714+0000] {dagbag.py:588} INFO - Filling up the DagBag from /home/airflow/.local/lib/python3.12/site-packages/airflow/example_dags/example_trigger_target_dag.py
[2026-08-06T05:43:29.728+0000] {processor.py:925} INFO - DAG(s) 'example_trigger_target_dag' retrieved from /home/airflow/.local/lib/python3.12/site-packages/airflow/example_dags/example_trigger_target_dag.py
[2026-08-06T05:43:29.763+0000] {logging_mixin.py:190} INFO - [2026-08-06T05:43:29.762+0000] {dag.py:3239} INFO - Sync 1 DAGs
[2026-08-06T05:43:29.787+0000] {logging_mixin.py:190} INFO - [2026-08-06T05:43:29.786+0000] {dag.py:4180} INFO - Setting next_dagrun for example_trigger_target_dag to None, run_after=None
[2026-08-06T05:43:29.824+0000] {processor.py:208} INFO - Processing /home/airflow/.local/lib/python3.12/site-packages/airflow/example_dags/example_trigger_target_dag.py took 0.128 seconds
[2026-08-06T05:44:00.550+0000] {processor.py:186} INFO - Started process (PID=990) to work on /home/airflow/.local/lib/python3.12/site-packages/airflow/example_dags/example_trigger_target_dag.py
[2026-08-06T05:44:00.552+0000] {processor.py:914} INFO - Processing file /home/airflow/.local/lib/python3.12/site-packages/airflow/example_dags/example_trigger_target_dag.py for tasks to queue
[2026-08-06T05:44:00.558+0000] {logging_mixin.py:190} INFO - [2026-08-06T05:44:00.557+0000] {dagbag.py:588} INFO - Filling up the DagBag from /home/airflow/.local/lib/python3.12/site-packages/airflow/example_dags/example_trigger_target_dag.py
[2026-08-06T05:44:00.573+0000] {processor.py:925} INFO - DAG(s) 'example_trigger_target_dag' retrieved from /home/airflow/.local/lib/python3.12/site-packages/airflow/example_dags/example_trigger_target_dag.py
[2026-08-06T05:44:00.608+0000] {logging_mixin.py:190} INFO - [2026-08-06T05:44:00.607+0000] {dag.py:3239} INFO - Sync 1 DAGs
[2026-08-06T05:44:00.633+0000] {logging_mixin.py:190} INFO - [2026-08-06T05:44:00.632+0000] {dag.py:4180} INFO - Setting next_dagrun for example_trigger_target_dag to None, run_after=None
[2026-08-06T05:44:00.670+0000] {processor.py:208} INFO - Processing /home/airflow/.local/lib/python3.12/site-packages/airflow/example_dags/example_trigger_target_dag.py took 0.130 seconds
[2026-08-06T05:44:31.411+0000] {processor.py:186} INFO - Started process (PID=1054) to work on /home/airflow/.local/lib/python3.12/site-packages/airflow/example_dags/example_trigger_target_dag.py
[2026-08-06T05:44:31.417+0000] {processor.py:914} INFO - Processing file /home/airflow/.local/lib/python3.12/site-packages/airflow/example_dags/example_trigger_target_dag.py for tasks to queue
[2026-08-06T05:44:31.421+0000] {logging_mixin.py:190} INFO - [2026-08-06T05:44:31.421+0000] {dagbag.py:588} INFO - Filling up the DagBag from /home/airflow/.local/lib/python3.12/site-packages/airflow/example_dags/example_trigger_target_dag.py
[2026-08-06T05:44:31.434+0000] {processor.py:925} INFO - DAG(s) 'example_trigger_target_dag' retrieved from /home/airflow/.local/lib/python3.12/site-packages/airflow/example_dags/example_trigger_target_dag.py
[2026-08-06T05:44:31.463+0000] {logging_mixin.py:190} INFO - [2026-08-06T05:44:31.463+0000] {dag.py:3239} INFO - Sync 1 DAGs
[2026-08-06T05:44:31.619+0000] {logging_mixin.py:190} INFO - [2026-08-06T05:44:31.619+0000] {dag.py:4180} INFO - Setting next_dagrun for example_trigger_target_dag to None, run_after=None
[2026-08-06T05:44:31.698+0000] {processor.py:208} INFO - Processing /home/airflow/.local/lib/python3.12/site-packages/airflow/example_dags/example_trigger_target_dag.py took 0.296 seconds
[2026-08-06T05:45:04.557+0000] {processor.py:186} INFO - Started process (PID=1117) to work on /home/airflow/.local/lib/python3.12/site-packages/airflow/example_dags/example_trigger_target_dag.py
[2026-08-06T05:45:04.558+0000] {processor.py:914} INFO - Processing file /home/airflow/.local/lib/python3.12/site-packages/airflow/example_dags/example_trigger_target_dag.py for tasks to queue
[2026-08-06T05:45:04.563+0000] {logging_mixin.py:190} INFO - [2026-08-06T05:45:04.562+0000] {dagbag.py:588} INFO - Filling up the DagBag from /home/airflow/.local/lib/python3.12/site-packages/airflow/example_dags/example_trigger_target_dag.py
[2026-08-06T05:45:04.578+0000] {processor.py:925} INFO - DAG(s) 'example_trigger_target_dag' retrieved from /home/airflow/.local/lib/python3.12/site-packages/airflow/example_dags/example_trigger_target_dag.py
[2026-08-06T05:45:04.608+0000] {logging_mixin.py:190} INFO - [2026-08-06T05:45:04.607+0000] {dag.py:3239} INFO - Sync 1 DAGs
[2026-08-06T05:45:04.630+0000] {logging_mixin.py:190} INFO - [2026-08-06T05:45:04.630+0000] {dag.py:4180} INFO - Setting next_dagrun for example_trigger_target_dag to None, run_after=None
[2026-08-06T05:45:04.666+0000] {processor.py:208} INFO - Processing /home/airflow/.local/lib/python3.12/site-packages/airflow/example_dags/example_trigger_target_dag.py took 0.120 seconds
[2026-08-06T05:45:36.731+0000] {processor.py:186} INFO - Started process (PID=1181) to work on /home/airflow/.local/lib/python3.12/site-packages/airflow/example_dags/example_trigger_target_dag.py
[2026-08-06T05:45:36.734+0000] {processor.py:914} INFO - Processing file /home/airflow/.local/lib/python3.12/site-packages/airflow/example_dags/example_trigger_target_dag.py for tasks to queue
[2026-08-06T05:45:36.737+0000] {logging_mixin.py:190} INFO - [2026-08-06T05:45:36.737+0000] {dagbag.py:588} INFO - Filling up the DagBag from /home/airflow/.local/lib/python3.12/site-packages/airflow/example_dags/example_trigger_target_dag.py
[2026-08-06T05:45:36.750+0000] {processor.py:925} INFO - DAG(s) 'example_trigger_target_dag' retrieved from /home/airflow/.local/lib/python3.12/site-packages/airflow/example_dags/example_trigger_target_dag.py
[2026-08-06T05:45:36.781+0000] {logging_mixin.py:190} INFO - [2026-08-06T05:45:36.781+0000] {dag.py:3239} INFO - Sync 1 DAGs
[2026-08-06T05:45:36.801+0000] {logging_mixin.py:190} INFO - [2026-08-06T05:45:36.801+0000] {dag.py:4180} INFO - Setting next_dagrun for example_trigger_target_dag to None, run_after=None
[2026-08-06T05:45:36.863+0000] {processor.py:208} INFO - Processing /home/airflow/.local/lib/python3.12/site-packages/airflow/example_dags/example_trigger_target_dag.py took 0.141 seconds
[2026-08-06T05:46:07.864+0000] {processor.py:186} INFO - Started process (PID=1245) to work on /home/airflow/.local/lib/python3.12/site-packages/airflow/example_dags/example_trigger_target_dag.py
[2026-08-06T05:46:07.866+0000] {processor.py:914} INFO - Processing file /home/airflow/.local/lib/python3.12/site-packages/airflow/example_dags/example_trigger_target_dag.py for tasks to queue
[2026-08-06T05:46:07.875+0000] {logging_mixin.py:190} INFO - [2026-08-06T05:46:07.874+0000] {dagbag.py:588} INFO - Filling up the DagBag from /home/airflow/.local/lib/python3.12/site-packages/airflow/example_dags/example_trigger_target_dag.py
[2026-08-06T05:46:07.899+0000] {processor.py:925} INFO - DAG(s) 'example_trigger_target_dag' retrieved from /home/airflow/.local/lib/python3.12/site-packages/airflow/example_dags/example_trigger_target_dag.py
[2026-08-06T05:46:07.960+0000] {logging_mixin.py:190} INFO - [2026-08-06T05:46:07.959+0000] {dag.py:3239} INFO - Sync 1 DAGs
[2026-08-06T05:46:07.980+0000] {logging_mixin.py:190} INFO - [2026-08-06T05:46:07.979+0000] {dag.py:4180} INFO - Setting next_dagrun for example_trigger_target_dag to None, run_after=None
[2026-08-06T05:46:08.014+0000] {processor.py:208} INFO - Processing /home/airflow/.local/lib/python3.12/site-packages/airflow/example_dags/example_trigger_target_dag.py took 0.169 seconds
[2026-08-06T05:46:38.863+0000] {processor.py:186} INFO - Started process (PID=1309) to work on /home/airflow/.local/lib/python3.12/site-packages/airflow/example_dags/example_trigger_target_dag.py
[2026-08-06T05:46:38.865+0000] {processor.py:914} INFO - Processing file /home/airflow/.local/lib/python3.12/site-packages/airflow/example_dags/example_trigger_target_dag.py for tasks to queue
[2026-08-06T05:46:38.870+0000] {logging_mixin.py:190} INFO - [2026-08-06T05:46:38.869+0000] {dagbag.py:588} INFO - Filling up the DagBag from /home/airflow/.local/lib/python3.12/site-packages/airflow/example_dags/example_trigger_target_dag.py
[2026-08-06T05:46:38.884+0000] {processor.py:925} INFO - DAG(s) 'example_trigger_target_dag' retrieved from /home/airflow/.local/lib/python3.12/site-packages/airflow/example_dags/example_trigger_target_dag.py
[2026-08-06T05:46:38.920+0000] {logging_mixin.py:190} INFO - [2026-08-06T05:46:38.920+0000] {dag.py:3239} INFO - Sync 1 DAGs
[2026-08-06T05:46:38.945+0000] {logging_mixin.py:190} INFO - [2026-08-06T05:46:38.944+0000] {dag.py:4180} INFO - Setting next_dagrun for example_trigger_target_dag to None, run_after=None
[2026-08-06T05:46:38.979+0000] {processor.py:208} INFO - Processing /home/airflow/.local/lib/python3.12/site-packages/airflow/example_dags/example_trigger_target_dag.py took 0.129 seconds
[2026-08-06T05:47:12.129+0000] {processor.py:186} INFO - Started process (PID=1373) to work on /home/airflow/.local/lib/python3.12/site-packages/airflow/example_dags/example_trigger_target_dag.py
[2026-08-06T05:47:12.136+0000] {processor.py:914} INFO - Processing file /home/airflow/.local/lib/python3.12/site-packages/airflow/example_dags/example_trigger_target_dag.py for tasks to queue
[2026-08-06T05:47:12.144+0000] {logging_mixin.py:190} INFO - [2026-08-06T05:47:12.143+0000] {dagbag.py:588} INFO - Filling up the DagBag from /home/airflow/.local/lib/python3.12/site-packages/airflow/example_dags/example_trigger_target_dag.py
[2026-08-06T05:47:12.171+0000] {processor.py:925} INFO - DAG(s) 'example_trigger_target_dag' retrieved from /home/airflow/.local/lib/python3.12/site-packages/airflow/example_dags/example_trigger_target_dag.py
[2026-08-06T05:47:12.207+0000] {logging_mixin.py:190} INFO - [2026-08-06T05:47:12.207+0000] {dag.py:3239} INFO - Sync 1 DAGs
[2026-08-06T05:47:12.242+0000] {logging_mixin.py:190} INFO - [2026-08-06T05:47:12.241+0000] {dag.py:4180} INFO - Setting next_dagrun for example_trigger_target_dag to None, run_after=None
[2026-08-06T05:47:12.277+0000] {processor.py:208} INFO - Processing /home/airflow/.local/lib/python3.12/site-packages/airflow/example_dags/example_trigger_target_dag.py took 0.157 seconds
[2026-08-06T05:47:43.156+0000] {processor.py:186} INFO - Started process (PID=1437) to work on /home/airflow/.local/lib/python3.12/site-packages/airflow/example_dags/example_trigger_target_dag.py
[2026-08-06T05:47:43.159+0000] {processor.py:914} INFO - Processing file /home/airflow/.local/lib/python3.12/site-packages/airflow/example_dags/example_trigger_target_dag.py for tasks to queue
[2026-08-06T05:47:43.163+0000] {logging_mixin.py:190} INFO - [2026-08-06T05:47:43.163+0000] {dagbag.py:588} INFO - Filling up the DagBag from /home/airflow/.local/lib/python3.12/site-packages/airflow/example_dags/example_trigger_target_dag.py
[2026-08-06T05:47:43.179+0000] {processor.py:925} INFO - DAG(s) 'example_trigger_target_dag' retrieved from /home/airflow/.local/lib/python3.12/site-packages/airflow/example_dags/example_trigger_target_dag.py
[2026-08-06T05:47:43.215+0000] {logging_mixin.py:190} INFO - [2026-08-06T05:47:43.215+0000] {dag.py:3239} INFO - Sync 1 DAGs
[2026-08-06T05:47:43.242+0000] {logging_mixin.py:190} INFO - [2026-08-06T05:47:43.241+0000] {dag.py:4180} INFO - Setting next_dagrun for example_trigger_target_dag to None, run_after=None
[2026-08-06T05:47:43.313+0000] {processor.py:208} INFO - Processing /home/airflow/.local/lib/python3.12/site-packages/airflow/example_dags/example_trigger_target_dag.py took 0.168 seconds
[2026-08-06T05:48:14.834+0000] {processor.py:186} INFO - Started process (PID=1501) to work on /home/airflow/.local/lib/python3.12/site-packages/airflow/example_dags/example_trigger_target_dag.py
[2026-08-06T05:48:14.837+0000] {processor.py:914} INFO - Processing file /home/airflow/.local/lib/python3.12/site-packages/airflow/example_dags/example_trigger_target_dag.py for tasks to queue
[2026-08-06T05:48:14.841+0000] {logging_mixin.py:190} INFO - [2026-08-06T05:48:14.840+0000] {dagbag.py:588} INFO - Filling up the DagBag from /home/airflow/.local/lib/python3.12/site-packages/airflow/example_dags/example_trigger_target_dag.py
[2026-08-06T05:48:14.859+0000] {processor.py:925} INFO - DAG(s) 'example_trigger_target_dag' retrieved from /home/airflow/.local/lib/python3.12/site-packages/airflow/example_dags/example_trigger_target_dag.py
[2026-08-06T05:48:14.893+0000] {logging_mixin.py:190} INFO - [2026-08-06T05:48:14.892+0000] {dag.py:3239} INFO - Sync 1 DAGs
[2026-08-06T05:48:14.924+0000] {logging_mixin.py:190} INFO - [2026-08-06T05:48:14.924+0000] {dag.py:4180} INFO - Setting next_dagrun for example_trigger_target_dag to None, run_after=None
[2026-08-06T05:48:14.993+0000] {processor.py:208} INFO - Processing /home/airflow/.local/lib/python3.12/site-packages/airflow/example_dags/example_trigger_target_dag.py took 0.168 seconds
[2026-08-06T05:48:46.443+0000] {processor.py:186} INFO - Started process (PID=1574) to work on /home/airflow/.local/lib/python3.12/site-packages/airflow/example_dags/example_trigger_target_dag.py
[2026-08-06T05:48:46.447+0000] {processor.py:914} INFO - Processing file /home/airflow/.local/lib/python3.12/site-packages/airflow/example_dags/example_trigger_target_dag.py for tasks to queue
[2026-08-06T05:48:46.456+0000] {logging_mixin.py:190} INFO - [2026-08-06T05:48:46.455+0000] {dagbag.py:588} INFO - Filling up the DagBag from /home/airflow/.local/lib/python3.12/site-packages/airflow/example_dags/example_trigger_target_dag.py
[2026-08-06T05:48:46.484+0000] {processor.py:925} INFO - DAG(s) 'example_trigger_target_dag' retrieved from /home/airflow/.local/lib/python3.12/site-packages/airflow/example_dags/example_trigger_target_dag.py
[2026-08-06T05:48:46.545+0000] {logging_mixin.py:190} INFO - [2026-08-06T05:48:46.545+0000] {dag.py:3239} INFO - Sync 1 DAGs
[2026-08-06T05:48:46.586+0000] {logging_mixin.py:190} INFO - [2026-08-06T05:48:46.586+0000] {dag.py:4180} INFO - Setting next_dagrun for example_trigger_target_dag to None, run_after=None
[2026-08-06T05:48:46.640+0000] {processor.py:208} INFO - Processing /home/airflow/.local/lib/python3.12/site-packages/airflow/example_dags/example_trigger_target_dag.py took 0.216 seconds
[2026-08-06T05:49:17.105+0000] {processor.py:186} INFO - Started process (PID=1645) to work on /home/airflow/.local/lib/python3.12/site-packages/airflow/example_dags/example_trigger_target_dag.py
[2026-08-06T05:49:17.107+0000] {processor.py:914} INFO - Processing file /home/airflow/.local/lib/python3.12/site-packages/airflow/example_dags/example_trigger_target_dag.py for tasks to queue
[2026-08-06T05:49:17.111+0000] {logging_mixin.py:190} INFO - [2026-08-06T05:49:17.110+0000] {dagbag.py:588} INFO - Filling up the DagBag from /home/airflow/.local/lib/python3.12/site-packages/airflow/example_dags/example_trigger_target_dag.py
[2026-08-06T05:49:17.124+0000] {processor.py:925} INFO - DAG(s) 'example_trigger_target_dag' retrieved from /home/airflow/.local/lib/python3.12/site-packages/airflow/example_dags/example_trigger_target_dag.py
[2026-08-06T05:49:17.152+0000] {logging_mixin.py:190} INFO - [2026-08-06T05:49:17.151+0000] {dag.py:3239} INFO - Sync 1 DAGs
[2026-08-06T05:49:17.173+0000] {logging_mixin.py:190} INFO - [2026-08-06T05:49:17.172+0000] {dag.py:4180} INFO - Setting next_dagrun for example_trigger_target_dag to None, run_after=None
[2026-08-06T05:49:17.231+0000] {processor.py:208} INFO - Processing /home/airflow/.local/lib/python3.12/site-packages/airflow/example_dags/example_trigger_target_dag.py took 0.135 seconds
[2026-08-06T05:49:48.674+0000] {processor.py:186} INFO - Started process (PID=1709) to work on /home/airflow/.local/lib/python3.12/site-packages/airflow/example_dags/example_trigger_target_dag.py
[2026-08-06T05:49:48.679+0000] {processor.py:914} INFO - Processing file /home/airflow/.local/lib/python3.12/site-packages/airflow/example_dags/example_trigger_target_dag.py for tasks to queue
[2026-08-06T05:49:48.683+0000] {logging_mixin.py:190} INFO - [2026-08-06T05:49:48.683+0000] {dagbag.py:588} INFO - Filling up the DagBag from /home/airflow/.local/lib/python3.12/site-packages/airflow/example_dags/example_trigger_target_dag.py
[2026-08-06T05:49:48.702+0000] {processor.py:925} INFO - DAG(s) 'example_trigger_target_dag' retrieved from /home/airflow/.local/lib/python3.12/site-packages/airflow/example_dags/example_trigger_target_dag.py
[2026-08-06T05:49:48.736+0000] {logging_mixin.py:190} INFO - [2026-08-06T05:49:48.736+0000] {dag.py:3239} INFO - Sync 1 DAGs
[2026-08-06T05:49:48.769+0000] {logging_mixin.py:190} INFO - [2026-08-06T05:49:48.769+0000] {dag.py:4180} INFO - Setting next_dagrun for example_trigger_target_dag to None, run_after=None
[2026-08-06T05:49:48.810+0000] {processor.py:208} INFO - Processing /home/airflow/.local/lib/python3.12/site-packages/airflow/example_dags/example_trigger_target_dag.py took 0.144 seconds
[2026-08-06T05:50:19.499+0000] {processor.py:186} INFO - Started process (PID=1773) to work on /home/airflow/.local/lib/python3.12/site-packages/airflow/example_dags/example_trigger_target_dag.py
[2026-08-06T05:50:19.501+0000] {processor.py:914} INFO - Processing file /home/airflow/.local/lib/python3.12/site-packages/airflow/example_dags/example_trigger_target_dag.py for tasks to queue
[2026-08-06T05:50:19.506+0000] {logging_mixin.py:190} INFO - [2026-08-06T05:50:19.505+0000] {dagbag.py:588} INFO - Filling up the DagBag from /home/airflow/.local/lib/python3.12/site-packages/airflow/example_dags/example_trigger_target_dag.py
[2026-08-06T05:50:19.521+0000] {processor.py:925} INFO - DAG(s) 'example_trigger_target_dag' retrieved from /home/airflow/.local/lib/python3.12/site-packages/airflow/example_dags/example_trigger_target_dag.py
[2026-08-06T05:50:19.556+0000] {logging_mixin.py:190} INFO - [2026-08-06T05:50:19.555+0000] {dag.py:3239} INFO - Sync 1 DAGs
[2026-08-06T05:50:19.587+0000] {logging_mixin.py:190} INFO - [2026-08-06T05:50:19.587+0000] {dag.py:4180} INFO - Setting next_dagrun for example_trigger_target_dag to None, run_after=None
[2026-08-06T05:50:19.634+0000] {processor.py:208} INFO - Processing /home/airflow/.local/lib/python3.12/site-packages/airflow/example_dags/example_trigger_target_dag.py took 0.144 seconds
[2026-08-06T05:50:49.737+0000] {processor.py:186} INFO - Started process (PID=1837) to work on /home/airflow/.local/lib/python3.12/site-packages/airflow/example_dags/example_trigger_target_dag.py
[2026-08-06T05:50:49.739+0000] {processor.py:914} INFO - Processing file /home/airflow/.local/lib/python3.12/site-packages/airflow/example_dags/example_trigger_target_dag.py for tasks to queue
[2026-08-06T05:50:49.742+0000] {logging_mixin.py:190} INFO - [2026-08-06T05:50:49.741+0000] {dagbag.py:588} INFO - Filling up the DagBag from /home/airflow/.local/lib/python3.12/site-packages/airflow/example_dags/example_trigger_target_dag.py
[2026-08-06T05:50:49.752+0000] {processor.py:925} INFO - DAG(s) 'example_trigger_target_dag' retrieved from /home/airflow/.local/lib/python3.12/site-packages/airflow/example_dags/example_trigger_target_dag.py
[2026-08-06T05:50:49.786+0000] {logging_mixin.py:190} INFO - [2026-08-06T05:50:49.786+0000] {dag.py:3239} INFO - Sync 1 DAGs
[2026-08-06T05:50:49.808+0000] {logging_mixin.py:190} INFO - [2026-08-06T05:50:49.808+0000] {dag.py:4180} INFO - Setting next_dagrun for example_trigger_target_dag to None, run_after=None
[2026-08-06T05:50:49.866+0000] {processor.py:208} INFO - Processing /home/airflow/.local/lib/python3.12/site-packages/airflow/example_dags/example_trigger_target_dag.py took 0.137 seconds
[2026-08-06T05:51:20.424+0000] {processor.py:186} INFO - Started process (PID=1901) to work on /home/airflow/.local/lib/python3.12/site-packages/airflow/example_dags/example_trigger_target_dag.py
[2026-08-06T05:51:20.426+0000] {processor.py:914} INFO - Processing file /home/airflow/.local/lib/python3.12/site-packages/airflow/example_dags/example_trigger_target_dag.py for tasks to queue
[2026-08-06T05:51:20.430+0000] {logging_mixin.py:190} INFO - [2026-08-06T05:51:20.429+0000] {dagbag.py:588} INFO - Filling up the DagBag from /home/airflow/.local/lib/python3.12/site-packages/airflow/example_dags/example_trigger_target_dag.py
[2026-08-06T05:51:20.443+0000] {processor.py:925} INFO - DAG(s) 'example_trigger_target_dag' retrieved from /home/airflow/.local/lib/python3.12/site-packages/airflow/example_dags/example_trigger_target_dag.py
[2026-08-06T05:51:20.471+0000] {logging_mixin.py:190} INFO - [2026-08-06T05:51:20.470+0000] {dag.py:3239} INFO - Sync 1 DAGs
[2026-08-06T05:51:20.492+0000] {logging_mixin.py:190} INFO - [2026-08-06T05:51:20.492+0000] {dag.py:4180} INFO - Setting next_dagrun for example_trigger_target_dag to None, run_after=None
[2026-08-06T05:51:20.529+0000] {processor.py:208} INFO - Processing /home/airflow/.local/lib/python3.12/site-packages/airflow/example_dags/example_trigger_target_dag.py took 0.112 seconds
[2026-08-06T05:51:50.948+0000] {processor.py:186} INFO - Started process (PID=1965) to work on /home/airflow/.local/lib/python3.12/site-packages/airflow/example_dags/example_trigger_target_dag.py
[2026-08-06T05:51:50.950+0000] {processor.py:914} INFO - Processing file /home/airflow/.local/lib/python3.12/site-packages/airflow/example_dags/example_trigger_target_dag.py for tasks to queue
[2026-08-06T05:51:50.954+0000] {logging_mixin.py:190} INFO - [2026-08-06T05:51:50.953+0000] {dagbag.py:588} INFO - Filling up the DagBag from /home/airflow/.local/lib/python3.12/site-packages/airflow/example_dags/example_trigger_target_dag.py
[2026-08-06T05:51:50.972+0000] {processor.py:925} INFO - DAG(s) 'example_trigger_target_dag' retrieved from /home/airflow/.local/lib/python3.12/site-packages/airflow/example_dags/example_trigger_target_dag.py
[2026-08-06T05:51:51.000+0000] {logging_mixin.py:190} INFO - [2026-08-06T05:51:50.999+0000] {dag.py:3239} INFO - Sync 1 DAGs
[2026-08-06T05:51:51.020+0000] {logging_mixin.py:190} INFO - [2026-08-06T05:51:51.020+0000] {dag.py:4180} INFO - Setting next_dagrun for example_trigger_target_dag to None, run_after=None
[2026-08-06T05:51:51.050+0000] {processor.py:208} INFO - Processing /home/airflow/.local/lib/python3.12/site-packages/airflow/example_dags/example_trigger_target_dag.py took 0.109 seconds
[2026-08-06T05:52:22.857+0000] {processor.py:186} INFO - Started process (PID=2028) to work on /home/airflow/.local/lib/python3.12/site-packages/airflow/example_dags/example_trigger_target_dag.py
[2026-08-06T05:52:22.859+0000] {processor.py:914} INFO - Processing file /home/airflow/.local/lib/python3.12/site-packages/airflow/example_dags/example_trigger_target_dag.py for tasks to queue
[2026-08-06T05:52:22.863+0000] {logging_mixin.py:190} INFO - [2026-08-06T05:52:22.862+0000] {dagbag.py:588} INFO - Filling up the DagBag from /home/airflow/.local/lib/python3.12/site-packages/airflow/example_dags/example_trigger_target_dag.py
[2026-08-06T05:52:22.877+0000] {processor.py:925} INFO - DAG(s) 'example_trigger_target_dag' retrieved from /home/airflow/.local/lib/python3.12/site-packages/airflow/example_dags/example_trigger_target_dag.py
[2026-08-06T05:52:22.912+0000] {logging_mixin.py:190} INFO - [2026-08-06T05:52:22.912+0000] {dag.py:3239} INFO - Sync 1 DAGs
[2026-08-06T05:52:22.940+0000] {logging_mixin.py:190} INFO - [2026-08-06T05:52:22.939+0000] {dag.py:4180} INFO - Setting next_dagrun for example_trigger_target_dag to None, run_after=None
[2026-08-06T05:52:23.011+0000] {processor.py:208} INFO - Processing /home/airflow/.local/lib/python3.12/site-packages/airflow/example_dags/example_trigger_target_dag.py took 0.164 seconds
[2026-08-06T05:52:54.335+0000] {processor.py:186} INFO - Started process (PID=2094) to work on /home/airflow/.local/lib/python3.12/site-packages/airflow/example_dags/example_trigger_target_dag.py
[2026-08-06T05:52:54.338+0000] {processor.py:914} INFO - Processing file /home/airflow/.local/lib/python3.12/site-packages/airflow/example_dags/example_trigger_target_dag.py for tasks to queue
[2026-08-06T05:52:54.342+0000] {logging_mixin.py:190} INFO - [2026-08-06T05:52:54.342+0000] {dagbag.py:588} INFO - Filling up the DagBag from /home/airflow/.local/lib/python3.12/site-packages/airflow/example_dags/example_trigger_target_dag.py
[2026-08-06T05:52:54.354+0000] {processor.py:925} INFO - DAG(s) 'example_trigger_target_dag' retrieved from /home/airflow/.local/lib/python3.12/site-packages/airflow/example_dags/example_trigger_target_dag.py
[2026-08-06T05:52:54.382+0000] {logging_mixin.py:190} INFO - [2026-08-06T05:52:54.381+0000] {dag.py:3239} INFO - Sync 1 DAGs
[2026-08-06T05:52:54.403+0000] {logging_mixin.py:190} INFO - [2026-08-06T05:52:54.402+0000] {dag.py:4180} INFO - Setting next_dagrun for example_trigger_target_dag to None, run_after=None
[2026-08-06T05:52:54.465+0000] {processor.py:208} INFO - Processing /home/airflow/.local/lib/python3.12/site-packages/airflow/example_dags/example_trigger_target_dag.py took 0.138 seconds
[2026-08-06T05:53:25.314+0000] {processor.py:186} INFO - Started process (PID=2165) to work on /home/airflow/.local/lib/python3.12/site-packages/airflow/example_dags/example_trigger_target_dag.py
[2026-08-06T05:53:25.316+0000] {processor.py:914} INFO - Processing file /home/airflow/.local/lib/python3.12/site-packages/airflow/example_dags/example_trigger_target_dag.py for tasks to queue
[2026-08-06T05:53:25.321+0000] {logging_mixin.py:190} INFO - [2026-08-06T05:53:25.320+0000] {dagbag.py:588} INFO - Filling up the DagBag from /home/airflow/.local/lib/python3.12/site-packages/airflow/example_dags/example_trigger_target_dag.py
[2026-08-06T05:53:25.335+0000] {processor.py:925} INFO - DAG(s) 'example_trigger_target_dag' retrieved from /home/airflow/.local/lib/python3.12/site-packages/airflow/example_dags/example_trigger_target_dag.py
[2026-08-06T05:53:25.363+0000] {logging_mixin.py:190} INFO - [2026-08-06T05:53:25.363+0000] {dag.py:3239} INFO - Sync 1 DAGs
[2026-08-06T05:53:25.383+0000] {logging_mixin.py:190} INFO - [2026-08-06T05:53:25.382+0000] {dag.py:4180} INFO - Setting next_dagrun for example_trigger_target_dag to None, run_after=None
[2026-08-06T05:53:25.445+0000] {processor.py:208} INFO - Processing /home/airflow/.local/lib/python3.12/site-packages/airflow/example_dags/example_trigger_target_dag.py took 0.139 seconds
[2026-08-06T05:53:55.944+0000] {processor.py:186} INFO - Started process (PID=2237) to work on /home/airflow/.local/lib/python3.12/site-packages/airflow/example_dags/example_trigger_target_dag.py
[2026-08-06T05:53:55.947+0000] {processor.py:914} INFO - Processing file /home/airflow/.local/lib/python3.12/site-packages/airflow/example_dags/example_trigger_target_dag.py for tasks to queue
[2026-08-06T05:53:55.953+0000] {logging_mixin.py:190} INFO - [2026-08-06T05:53:55.952+0000] {dagbag.py:588} INFO - Filling up the DagBag from /home/airflow/.local/lib/python3.12/site-packages/airflow/example_dags/example_trigger_target_dag.py
[2026-08-06T05:53:55.972+0000] {processor.py:925} INFO - DAG(s) 'example_trigger_target_dag' retrieved from /home/airflow/.local/lib/python3.12/site-packages/airflow/example_dags/example_trigger_target_dag.py
[2026-08-06T05:53:56.010+0000] {logging_mixin.py:190} INFO - [2026-08-06T05:53:56.010+0000] {dag.py:3239} INFO - Sync 1 DAGs
[2026-08-06T05:53:56.038+0000] {logging_mixin.py:190} INFO - [2026-08-06T05:53:56.038+0000] {dag.py:4180} INFO - Setting next_dagrun for example_trigger_target_dag to None, run_after=None
[2026-08-06T05:53:56.089+0000] {processor.py:208} INFO - Processing /home/airflow/.local/lib/python3.12/site-packages/airflow/example_dags/example_trigger_target_dag.py took 0.159 seconds
[2026-08-06T05:54:27.148+0000] {processor.py:186} INFO - Started process (PID=2301) to work on /home/airflow/.local/lib/python3.12/site-packages/airflow/example_dags/example_trigger_target_dag.py
[2026-08-06T05:54:27.151+0000] {processor.py:914} INFO - Processing file /home/airflow/.local/lib/python3.12/site-packages/airflow/example_dags/example_trigger_target_dag.py for tasks to queue
[2026-08-06T05:54:27.157+0000] {logging_mixin.py:190} INFO - [2026-08-06T05:54:27.156+0000] {dagbag.py:588} INFO - Filling up the DagBag from /home/airflow/.local/lib/python3.12/site-packages/airflow/example_dags/example_trigger_target_dag.py
[2026-08-06T05:54:27.169+0000] {processor.py:925} INFO - DAG(s) 'example_trigger_target_dag' retrieved from /home/airflow/.local/lib/python3.12/site-packages/airflow/example_dags/example_trigger_target_dag.py
[2026-08-06T05:54:27.205+0000] {logging_mixin.py:190} INFO - [2026-08-06T05:54:27.205+0000] {dag.py:3239} INFO - Sync 1 DAGs
[2026-08-06T05:54:27.234+0000] {logging_mixin.py:190} INFO - [2026-08-06T05:54:27.233+0000] {dag.py:4180} INFO - Setting next_dagrun for example_trigger_target_dag to None, run_after=None
[2026-08-06T05:54:27.302+0000] {processor.py:208} INFO - Processing /home/airflow/.local/lib/python3.12/site-packages/airflow/example_dags/example_trigger_target_dag.py took 0.164 seconds
[2026-08-06T05:55:00.859+0000] {processor.py:186} INFO - Started process (PID=2369) to work on /home/airflow/.local/lib/python3.12/site-packages/airflow/example_dags/example_trigger_target_dag.py
[2026-08-06T05:55:00.862+0000] {processor.py:914} INFO - Processing file /home/airflow/.local/lib/python3.12/site-packages/airflow/example_dags/example_trigger_target_dag.py for tasks to queue
[2026-08-06T05:55:00.867+0000] {logging_mixin.py:190} INFO - [2026-08-06T05:55:00.866+0000] {dagbag.py:588} INFO - Filling up the DagBag from /home/airflow/.local/lib/python3.12/site-packages/airflow/example_dags/example_trigger_target_dag.py
[2026-08-06T05:55:00.884+0000] {processor.py:925} INFO - DAG(s) 'example_trigger_target_dag' retrieved from /home/airflow/.local/lib/python3.12/site-packages/airflow/example_dags/example_trigger_target_dag.py
[2026-08-06T05:55:00.947+0000] {logging_mixin.py:190} INFO - [2026-08-06T05:55:00.946+0000] {dag.py:3239} INFO - Sync 1 DAGs
[2026-08-06T05:55:00.977+0000] {logging_mixin.py:190} INFO - [2026-08-06T05:55:00.977+0000] {dag.py:4180} INFO - Setting next_dagrun for example_trigger_target_dag to None, run_after=None
[2026-08-06T05:55:01.025+0000] {processor.py:208} INFO - Processing /home/airflow/.local/lib/python3.12/site-packages/airflow/example_dags/example_trigger_target_dag.py took 0.176 seconds
[2026-08-06T05:55:32.566+0000] {processor.py:186} INFO - Started process (PID=2434) to work on /home/airflow/.local/lib/python3.12/site-packages/airflow/example_dags/example_trigger_target_dag.py
[2026-08-06T05:55:32.569+0000] {processor.py:914} INFO - Processing file /home/airflow/.local/lib/python3.12/site-packages/airflow/example_dags/example_trigger_target_dag.py for tasks to queue
[2026-08-06T05:55:32.576+0000] {logging_mixin.py:190} INFO - [2026-08-06T05:55:32.575+0000] {dagbag.py:588} INFO - Filling up the DagBag from /home/airflow/.local/lib/python3.12/site-packages/airflow/example_dags/example_trigger_target_dag.py
[2026-08-06T05:55:32.590+0000] {processor.py:925} INFO - DAG(s) 'example_trigger_target_dag' retrieved from /home/airflow/.local/lib/python3.12/site-packages/airflow/example_dags/example_trigger_target_dag.py
[2026-08-06T05:55:32.627+0000] {logging_mixin.py:190} INFO - [2026-08-06T05:55:32.627+0000] {dag.py:3239} INFO - Sync 1 DAGs
[2026-08-06T05:55:32.670+0000] {logging_mixin.py:190} INFO - [2026-08-06T05:55:32.669+0000] {dag.py:4180} INFO - Setting next_dagrun for example_trigger_target_dag to None, run_after=None
[2026-08-06T05:55:32.745+0000] {processor.py:208} INFO - Processing /home/airflow/.local/lib/python3.12/site-packages/airflow/example_dags/example_trigger_target_dag.py took 0.191 seconds
[2026-08-06T05:56:03.215+0000] {processor.py:186} INFO - Started process (PID=2497) to work on /home/airflow/.local/lib/python3.12/site-packages/airflow/example_dags/example_trigger_target_dag.py
[2026-08-06T05:56:03.217+0000] {processor.py:914} INFO - Processing file /home/airflow/.local/lib/python3.12/site-packages/airflow/example_dags/example_trigger_target_dag.py for tasks to queue
[2026-08-06T05:56:03.222+0000] {logging_mixin.py:190} INFO - [2026-08-06T05:56:03.222+0000] {dagbag.py:588} INFO - Filling up the DagBag from /home/airflow/.local/lib/python3.12/site-packages/airflow/example_dags/example_trigger_target_dag.py
[2026-08-06T05:56:03.234+0000] {processor.py:925} INFO - DAG(s) 'example_trigger_target_dag' retrieved from /home/airflow/.local/lib/python3.12/site-packages/airflow/example_dags/example_trigger_target_dag.py
[2026-08-06T05:56:03.263+0000] {logging_mixin.py:190} INFO - [2026-08-06T05:56:03.263+0000] {dag.py:3239} INFO - Sync 1 DAGs
[2026-08-06T05:56:03.284+0000] {logging_mixin.py:190} INFO - [2026-08-06T05:56:03.284+0000] {dag.py:4180} INFO - Setting next_dagrun for example_trigger_target_dag to None, run_after=None
[2026-08-06T05:56:03.369+0000] {processor.py:208} INFO - Processing /home/airflow/.local/lib/python3.12/site-packages/airflow/example_dags/example_trigger_target_dag.py took 0.165 seconds
[2026-08-06T05:56:34.475+0000] {processor.py:186} INFO - Started process (PID=2562) to work on /home/airflow/.local/lib/python3.12/site-packages/airflow/example_dags/example_trigger_target_dag.py
[2026-08-06T05:56:34.476+0000] {processor.py:914} INFO - Processing file /home/airflow/.local/lib/python3.12/site-packages/airflow/example_dags/example_trigger_target_dag.py for tasks to queue
[2026-08-06T05:56:34.479+0000] {logging_mixin.py:190} INFO - [2026-08-06T05:56:34.479+0000] {dagbag.py:588} INFO - Filling up the DagBag from /home/airflow/.local/lib/python3.12/site-packages/airflow/example_dags/example_trigger_target_dag.py
[2026-08-06T05:56:34.492+0000] {processor.py:925} INFO - DAG(s) 'example_trigger_target_dag' retrieved from /home/airflow/.local/lib/python3.12/site-packages/airflow/example_dags/example_trigger_target_dag.py
[2026-08-06T05:56:34.515+0000] {logging_mixin.py:190} INFO - [2026-08-06T05:56:34.515+0000] {dag.py:3239} INFO - Sync 1 DAGs
[2026-08-06T05:56:34.533+0000] {logging_mixin.py:190} INFO - [2026-08-06T05:56:34.532+0000] {dag.py:4180} INFO - Setting next_dagrun for example_trigger_target_dag to None, run_after=None
[2026-08-06T05:56:34.587+0000] {processor.py:208} INFO - Processing /home/airflow/.local/lib/python3.12/site-packages/airflow/example_dags/example_trigger_target_dag.py took 0.119 seconds
[2026-08-06T05:57:05.392+0000] {processor.py:186} INFO - Started process (PID=2626) to work on /home/airflow/.local/lib/python3.12/site-packages/airflow/example_dags/example_trigger_target_dag.py
[2026-08-06T05:57:05.395+0000] {processor.py:914} INFO - Processing file /home/airflow/.local/lib/python3.12/site-packages/airflow/example_dags/example_trigger_target_dag.py for tasks to queue
[2026-08-06T05:57:05.402+0000] {logging_mixin.py:190} INFO - [2026-08-06T05:57:05.401+0000] {dagbag.py:588} INFO - Filling up the DagBag from /home/airflow/.local/lib/python3.12/site-packages/airflow/example_dags/example_trigger_target_dag.py
[2026-08-06T05:57:05.430+0000] {processor.py:925} INFO - DAG(s) 'example_trigger_target_dag' retrieved from /home/airflow/.local/lib/python3.12/site-packages/airflow/example_dags/example_trigger_target_dag.py
[2026-08-06T05:57:05.493+0000] {logging_mixin.py:190} INFO - [2026-08-06T05:57:05.493+0000] {dag.py:3239} INFO - Sync 1 DAGs
[2026-08-06T05:57:05.522+0000] {logging_mixin.py:190} INFO - [2026-08-06T05:57:05.522+0000] {dag.py:4180} INFO - Setting next_dagrun for example_trigger_target_dag to None, run_after=None
[2026-08-06T05:57:05.581+0000] {processor.py:208} INFO - Processing /home/airflow/.local/lib/python3.12/site-packages/airflow/example_dags/example_trigger_target_dag.py took 0.199 seconds
[2026-08-06T05:57:36.961+0000] {processor.py:186} INFO - Started process (PID=2692) to work on /home/airflow/.local/lib/python3.12/site-packages/airflow/example_dags/example_trigger_target_dag.py
[2026-08-06T05:57:36.963+0000] {processor.py:914} INFO - Processing file /home/airflow/.local/lib/python3.12/site-packages/airflow/example_dags/example_trigger_target_dag.py for tasks to queue
[2026-08-06T05:57:37.008+0000] {logging_mixin.py:190} INFO - [2026-08-06T05:57:37.008+0000] {dagbag.py:588} INFO - Filling up the DagBag from /home/airflow/.local/lib/python3.12/site-packages/airflow/example_dags/example_trigger_target_dag.py
[2026-08-06T05:57:37.103+0000] {processor.py:925} INFO - DAG(s) 'example_trigger_target_dag' retrieved from /home/airflow/.local/lib/python3.12/site-packages/airflow/example_dags/example_trigger_target_dag.py
[2026-08-06T05:57:37.166+0000] {logging_mixin.py:190} INFO - [2026-08-06T05:57:37.165+0000] {dag.py:3239} INFO - Sync 1 DAGs
[2026-08-06T05:57:37.230+0000] {logging_mixin.py:190} INFO - [2026-08-06T05:57:37.229+0000] {dag.py:4180} INFO - Setting next_dagrun for example_trigger_target_dag to None, run_after=None
[2026-08-06T05:57:37.401+0000] {processor.py:208} INFO - Processing /home/airflow/.local/lib/python3.12/site-packages/airflow/example_dags/example_trigger_target_dag.py took 0.454 seconds
[2026-08-06T05:58:07.882+0000] {processor.py:186} INFO - Started process (PID=2772) to work on /home/airflow/.local/lib/python3.12/site-packages/airflow/example_dags/example_trigger_target_dag.py
[2026-08-06T05:58:07.884+0000] {processor.py:914} INFO - Processing file /home/airflow/.local/lib/python3.12/site-packages/airflow/example_dags/example_trigger_target_dag.py for tasks to queue
[2026-08-06T05:58:07.889+0000] {logging_mixin.py:190} INFO - [2026-08-06T05:58:07.888+0000] {dagbag.py:588} INFO - Filling up the DagBag from /home/airflow/.local/lib/python3.12/site-packages/airflow/example_dags/example_trigger_target_dag.py
[2026-08-06T05:58:07.902+0000] {processor.py:925} INFO - DAG(s) 'example_trigger_target_dag' retrieved from /home/airflow/.local/lib/python3.12/site-packages/airflow/example_dags/example_trigger_target_dag.py
[2026-08-06T05:58:07.935+0000] {logging_mixin.py:190} INFO - [2026-08-06T05:58:07.934+0000] {dag.py:3239} INFO - Sync 1 DAGs
[2026-08-06T05:58:07.959+0000] {logging_mixin.py:190} INFO - [2026-08-06T05:58:07.959+0000] {dag.py:4180} INFO - Setting next_dagrun for example_trigger_target_dag to None, run_after=None
[2026-08-06T05:58:07.993+0000] {processor.py:208} INFO - Processing /home/airflow/.local/lib/python3.12/site-packages/airflow/example_dags/example_trigger_target_dag.py took 0.121 seconds
[2026-08-06T05:58:39.231+0000] {processor.py:186} INFO - Started process (PID=2836) to work on /home/airflow/.local/lib/python3.12/site-packages/airflow/example_dags/example_trigger_target_dag.py
[2026-08-06T05:58:39.234+0000] {processor.py:914} INFO - Processing file /home/airflow/.local/lib/python3.12/site-packages/airflow/example_dags/example_trigger_target_dag.py for tasks to queue
[2026-08-06T05:58:39.240+0000] {logging_mixin.py:190} INFO - [2026-08-06T05:58:39.239+0000] {dagbag.py:588} INFO - Filling up the DagBag from /home/airflow/.local/lib/python3.12/site-packages/airflow/example_dags/example_trigger_target_dag.py
[2026-08-06T05:58:39.259+0000] {processor.py:925} INFO - DAG(s) 'example_trigger_target_dag' retrieved from /home/airflow/.local/lib/python3.12/site-packages/airflow/example_dags/example_trigger_target_dag.py
[2026-08-06T05:58:39.309+0000] {logging_mixin.py:190} INFO - [2026-08-06T05:58:39.308+0000] {dag.py:3239} INFO - Sync 1 DAGs
[2026-08-06T05:58:39.338+0000] {logging_mixin.py:190} INFO - [2026-08-06T05:58:39.338+0000] {dag.py:4180} INFO - Setting next_dagrun for example_trigger_target_dag to None, run_after=None
[2026-08-06T05:58:39.393+0000] {processor.py:208} INFO - Processing /home/airflow/.local/lib/python3.12/site-packages/airflow/example_dags/example_trigger_target_dag.py took 0.174 seconds
[2026-08-06T05:59:12.541+0000] {processor.py:186} INFO - Started process (PID=2900) to work on /home/airflow/.local/lib/python3.12/site-packages/airflow/example_dags/example_trigger_target_dag.py
[2026-08-06T05:59:12.542+0000] {processor.py:914} INFO - Processing file /home/airflow/.local/lib/python3.12/site-packages/airflow/example_dags/example_trigger_target_dag.py for tasks to queue
[2026-08-06T05:59:12.545+0000] {logging_mixin.py:190} INFO - [2026-08-06T05:59:12.545+0000] {dagbag.py:588} INFO - Filling up the DagBag from /home/airflow/.local/lib/python3.12/site-packages/airflow/example_dags/example_trigger_target_dag.py
[2026-08-06T05:59:12.557+0000] {processor.py:925} INFO - DAG(s) 'example_trigger_target_dag' retrieved from /home/airflow/.local/lib/python3.12/site-packages/airflow/example_dags/example_trigger_target_dag.py
[2026-08-06T05:59:12.590+0000] {logging_mixin.py:190} INFO - [2026-08-06T05:59:12.590+0000] {dag.py:3239} INFO - Sync 1 DAGs
[2026-08-06T05:59:12.611+0000] {logging_mixin.py:190} INFO - [2026-08-06T05:59:12.611+0000] {dag.py:4180} INFO - Setting next_dagrun for example_trigger_target_dag to None, run_after=None
[2026-08-06T05:59:12.652+0000] {processor.py:208} INFO - Processing /home/airflow/.local/lib/python3.12/site-packages/airflow/example_dags/example_trigger_target_dag.py took 0.120 seconds
[2026-08-06T05:59:43.322+0000] {processor.py:186} INFO - Started process (PID=2965) to work on /home/airflow/.local/lib/python3.12/site-packages/airflow/example_dags/example_trigger_target_dag.py
[2026-08-06T05:59:43.324+0000] {processor.py:914} INFO - Processing file /home/airflow/.local/lib/python3.12/site-packages/airflow/example_dags/example_trigger_target_dag.py for tasks to queue
[2026-08-06T05:59:43.330+0000] {logging_mixin.py:190} INFO - [2026-08-06T05:59:43.330+0000] {dagbag.py:588} INFO - Filling up the DagBag from /home/airflow/.local/lib/python3.12/site-packages/airflow/example_dags/example_trigger_target_dag.py
[2026-08-06T05:59:43.346+0000] {processor.py:925} INFO - DAG(s) 'example_trigger_target_dag' retrieved from /home/airflow/.local/lib/python3.12/site-packages/airflow/example_dags/example_trigger_target_dag.py
[2026-08-06T05:59:43.386+0000] {logging_mixin.py:190} INFO - [2026-08-06T05:59:43.385+0000] {dag.py:3239} INFO - Sync 1 DAGs
[2026-08-06T05:59:43.414+0000] {logging_mixin.py:190} INFO - [2026-08-06T05:59:43.413+0000] {dag.py:4180} INFO - Setting next_dagrun for example_trigger_target_dag to None, run_after=None
[2026-08-06T05:59:43.487+0000] {processor.py:208} INFO - Processing /home/airflow/.local/lib/python3.12/site-packages/airflow/example_dags/example_trigger_target_dag.py took 0.175 seconds
[2026-08-06T06:02:02.205+0000] {processor.py:186} INFO - Started process (PID=127) to work on /home/airflow/.local/lib/python3.12/site-packages/airflow/example_dags/example_trigger_target_dag.py
[2026-08-06T06:02:02.208+0000] {processor.py:914} INFO - Processing file /home/airflow/.local/lib/python3.12/site-packages/airflow/example_dags/example_trigger_target_dag.py for tasks to queue
[2026-08-06T06:02:02.212+0000] {logging_mixin.py:190} INFO - [2026-08-06T06:02:02.211+0000] {dagbag.py:588} INFO - Filling up the DagBag from /home/airflow/.local/lib/python3.12/site-packages/airflow/example_dags/example_trigger_target_dag.py
[2026-08-06T06:02:02.230+0000] {processor.py:925} INFO - DAG(s) 'example_trigger_target_dag' retrieved from /home/airflow/.local/lib/python3.12/site-packages/airflow/example_dags/example_trigger_target_dag.py
[2026-08-06T06:02:02.265+0000] {logging_mixin.py:190} INFO - [2026-08-06T06:02:02.264+0000] {dag.py:3239} INFO - Sync 1 DAGs
[2026-08-06T06:02:02.292+0000] {logging_mixin.py:190} INFO - [2026-08-06T06:02:02.292+0000] {dag.py:4180} INFO - Setting next_dagrun for example_trigger_target_dag to None, run_after=None
[2026-08-06T06:02:02.331+0000] {processor.py:208} INFO - Processing /home/airflow/.local/lib/python3.12/site-packages/airflow/example_dags/example_trigger_target_dag.py took 0.135 seconds
[2026-08-06T06:02:36.858+0000] {processor.py:186} INFO - Started process (PID=191) to work on /home/airflow/.local/lib/python3.12/site-packages/airflow/example_dags/example_trigger_target_dag.py
[2026-08-06T06:02:36.861+0000] {processor.py:914} INFO - Processing file /home/airflow/.local/lib/python3.12/site-packages/airflow/example_dags/example_trigger_target_dag.py for tasks to queue
[2026-08-06T06:02:36.867+0000] {logging_mixin.py:190} INFO - [2026-08-06T06:02:36.866+0000] {dagbag.py:588} INFO - Filling up the DagBag from /home/airflow/.local/lib/python3.12/site-packages/airflow/example_dags/example_trigger_target_dag.py
[2026-08-06T06:02:36.901+0000] {processor.py:925} INFO - DAG(s) 'example_trigger_target_dag' retrieved from /home/airflow/.local/lib/python3.12/site-packages/airflow/example_dags/example_trigger_target_dag.py
[2026-08-06T06:02:36.956+0000] {logging_mixin.py:190} INFO - [2026-08-06T06:02:36.955+0000] {dag.py:3239} INFO - Sync 1 DAGs
[2026-08-06T06:02:36.991+0000] {logging_mixin.py:190} INFO - [2026-08-06T06:02:36.990+0000] {dag.py:4180} INFO - Setting next_dagrun for example_trigger_target_dag to None, run_after=None
[2026-08-06T06:02:37.035+0000] {processor.py:208} INFO - Processing /home/airflow/.local/lib/python3.12/site-packages/airflow/example_dags/example_trigger_target_dag.py took 0.212 seconds
[2026-08-06T06:03:07.952+0000] {processor.py:186} INFO - Started process (PID=255) to work on /home/airflow/.local/lib/python3.12/site-packages/airflow/example_dags/example_trigger_target_dag.py
[2026-08-06T06:03:07.956+0000] {processor.py:914} INFO - Processing file /home/airflow/.local/lib/python3.12/site-packages/airflow/example_dags/example_trigger_target_dag.py for tasks to queue
[2026-08-06T06:03:07.961+0000] {logging_mixin.py:190} INFO - [2026-08-06T06:03:07.960+0000] {dagbag.py:588} INFO - Filling up the DagBag from /home/airflow/.local/lib/python3.12/site-packages/airflow/example_dags/example_trigger_target_dag.py
[2026-08-06T06:03:07.972+0000] {processor.py:925} INFO - DAG(s) 'example_trigger_target_dag' retrieved from /home/airflow/.local/lib/python3.12/site-packages/airflow/example_dags/example_trigger_target_dag.py
[2026-08-06T06:03:07.997+0000] {logging_mixin.py:190} INFO - [2026-08-06T06:03:07.996+0000] {dag.py:3239} INFO - Sync 1 DAGs
[2026-08-06T06:03:08.017+0000] {logging_mixin.py:190} INFO - [2026-08-06T06:03:08.017+0000] {dag.py:4180} INFO - Setting next_dagrun for example_trigger_target_dag to None, run_after=None
[2026-08-06T06:03:08.072+0000] {processor.py:208} INFO - Processing /home/airflow/.local/lib/python3.12/site-packages/airflow/example_dags/example_trigger_target_dag.py took 0.132 seconds
[2026-08-06T06:03:41.091+0000] {processor.py:186} INFO - Started process (PID=319) to work on /home/airflow/.local/lib/python3.12/site-packages/airflow/example_dags/example_trigger_target_dag.py
[2026-08-06T06:03:41.093+0000] {processor.py:914} INFO - Processing file /home/airflow/.local/lib/python3.12/site-packages/airflow/example_dags/example_trigger_target_dag.py for tasks to queue
[2026-08-06T06:03:41.097+0000] {logging_mixin.py:190} INFO - [2026-08-06T06:03:41.097+0000] {dagbag.py:588} INFO - Filling up the DagBag from /home/airflow/.local/lib/python3.12/site-packages/airflow/example_dags/example_trigger_target_dag.py
[2026-08-06T06:03:41.116+0000] {processor.py:925} INFO - DAG(s) 'example_trigger_target_dag' retrieved from /home/airflow/.local/lib/python3.12/site-packages/airflow/example_dags/example_trigger_target_dag.py
[2026-08-06T06:03:41.153+0000] {logging_mixin.py:190} INFO - [2026-08-06T06:03:41.153+0000] {dag.py:3239} INFO - Sync 1 DAGs
[2026-08-06T06:03:41.181+0000] {logging_mixin.py:190} INFO - [2026-08-06T06:03:41.180+0000] {dag.py:4180} INFO - Setting next_dagrun for example_trigger_target_dag to None, run_after=None
[2026-08-06T06:03:41.267+0000] {processor.py:208} INFO - Processing /home/airflow/.local/lib/python3.12/site-packages/airflow/example_dags/example_trigger_target_dag.py took 0.188 seconds
[2026-08-06T06:04:11.741+0000] {processor.py:186} INFO - Started process (PID=383) to work on /home/airflow/.local/lib/python3.12/site-packages/airflow/example_dags/example_trigger_target_dag.py
[2026-08-06T06:04:11.744+0000] {processor.py:914} INFO - Processing file /home/airflow/.local/lib/python3.12/site-packages/airflow/example_dags/example_trigger_target_dag.py for tasks to queue
[2026-08-06T06:04:11.751+0000] {logging_mixin.py:190} INFO - [2026-08-06T06:04:11.750+0000] {dagbag.py:588} INFO - Filling up the DagBag from /home/airflow/.local/lib/python3.12/site-packages/airflow/example_dags/example_trigger_target_dag.py
[2026-08-06T06:04:11.768+0000] {processor.py:925} INFO - DAG(s) 'example_trigger_target_dag' retrieved from /home/airflow/.local/lib/python3.12/site-packages/airflow/example_dags/example_trigger_target_dag.py
[2026-08-06T06:04:11.805+0000] {logging_mixin.py:190} INFO - [2026-08-06T06:04:11.805+0000] {dag.py:3239} INFO - Sync 1 DAGs
[2026-08-06T06:04:11.831+0000] {logging_mixin.py:190} INFO - [2026-08-06T06:04:11.830+0000] {dag.py:4180} INFO - Setting next_dagrun for example_trigger_target_dag to None, run_after=None
[2026-08-06T06:04:11.877+0000] {processor.py:208} INFO - Processing /home/airflow/.local/lib/python3.12/site-packages/airflow/example_dags/example_trigger_target_dag.py took 0.151 seconds
[2026-08-06T06:04:43.069+0000] {processor.py:186} INFO - Started process (PID=447) to work on /home/airflow/.local/lib/python3.12/site-packages/airflow/example_dags/example_trigger_target_dag.py
[2026-08-06T06:04:43.071+0000] {processor.py:914} INFO - Processing file /home/airflow/.local/lib/python3.12/site-packages/airflow/example_dags/example_trigger_target_dag.py for tasks to queue
[2026-08-06T06:04:43.075+0000] {logging_mixin.py:190} INFO - [2026-08-06T06:04:43.075+0000] {dagbag.py:588} INFO - Filling up the DagBag from /home/airflow/.local/lib/python3.12/site-packages/airflow/example_dags/example_trigger_target_dag.py
[2026-08-06T06:04:43.095+0000] {processor.py:925} INFO - DAG(s) 'example_trigger_target_dag' retrieved from /home/airflow/.local/lib/python3.12/site-packages/airflow/example_dags/example_trigger_target_dag.py
[2026-08-06T06:04:43.129+0000] {logging_mixin.py:190} INFO - [2026-08-06T06:04:43.128+0000] {dag.py:3239} INFO - Sync 1 DAGs
[2026-08-06T06:04:43.151+0000] {logging_mixin.py:190} INFO - [2026-08-06T06:04:43.150+0000] {dag.py:4180} INFO - Setting next_dagrun for example_trigger_target_dag to None, run_after=None
[2026-08-06T06:04:43.183+0000] {processor.py:208} INFO - Processing /home/airflow/.local/lib/python3.12/site-packages/airflow/example_dags/example_trigger_target_dag.py took 0.123 seconds
[2026-08-06T06:05:14.284+0000] {processor.py:186} INFO - Started process (PID=510) to work on /home/airflow/.local/lib/python3.12/site-packages/airflow/example_dags/example_trigger_target_dag.py
[2026-08-06T06:05:14.286+0000] {processor.py:914} INFO - Processing file /home/airflow/.local/lib/python3.12/site-packages/airflow/example_dags/example_trigger_target_dag.py for tasks to queue
[2026-08-06T06:05:14.289+0000] {logging_mixin.py:190} INFO - [2026-08-06T06:05:14.288+0000] {dagbag.py:588} INFO - Filling up the DagBag from /home/airflow/.local/lib/python3.12/site-packages/airflow/example_dags/example_trigger_target_dag.py
[2026-08-06T06:05:14.300+0000] {processor.py:925} INFO - DAG(s) 'example_trigger_target_dag' retrieved from /home/airflow/.local/lib/python3.12/site-packages/airflow/example_dags/example_trigger_target_dag.py
[2026-08-06T06:05:14.330+0000] {logging_mixin.py:190} INFO - [2026-08-06T06:05:14.329+0000] {dag.py:3239} INFO - Sync 1 DAGs
[2026-08-06T06:05:14.348+0000] {logging_mixin.py:190} INFO - [2026-08-06T06:05:14.348+0000] {dag.py:4180} INFO - Setting next_dagrun for example_trigger_target_dag to None, run_after=None
[2026-08-06T06:05:14.377+0000] {processor.py:208} INFO - Processing /home/airflow/.local/lib/python3.12/site-packages/airflow/example_dags/example_trigger_target_dag.py took 0.101 seconds
[2026-08-06T06:05:46.948+0000] {processor.py:186} INFO - Started process (PID=580) to work on /home/airflow/.local/lib/python3.12/site-packages/airflow/example_dags/example_trigger_target_dag.py
[2026-08-06T06:05:46.951+0000] {processor.py:914} INFO - Processing file /home/airflow/.local/lib/python3.12/site-packages/airflow/example_dags/example_trigger_target_dag.py for tasks to queue
[2026-08-06T06:05:46.956+0000] {logging_mixin.py:190} INFO - [2026-08-06T06:05:46.955+0000] {dagbag.py:588} INFO - Filling up the DagBag from /home/airflow/.local/lib/python3.12/site-packages/airflow/example_dags/example_trigger_target_dag.py
[2026-08-06T06:05:46.973+0000] {processor.py:925} INFO - DAG(s) 'example_trigger_target_dag' retrieved from /home/airflow/.local/lib/python3.12/site-packages/airflow/example_dags/example_trigger_target_dag.py
[2026-08-06T06:05:47.023+0000] {logging_mixin.py:190} INFO - [2026-08-06T06:05:47.022+0000] {dag.py:3239} INFO - Sync 1 DAGs
[2026-08-06T06:05:47.061+0000] {logging_mixin.py:190} INFO - [2026-08-06T06:05:47.060+0000] {dag.py:4180} INFO - Setting next_dagrun for example_trigger_target_dag to None, run_after=None
[2026-08-06T06:05:47.101+0000] {processor.py:208} INFO - Processing /home/airflow/.local/lib/python3.12/site-packages/airflow/example_dags/example_trigger_target_dag.py took 0.164 seconds
[2026-08-06T06:06:20.144+0000] {processor.py:186} INFO - Started process (PID=644) to work on /home/airflow/.local/lib/python3.12/site-packages/airflow/example_dags/example_trigger_target_dag.py
[2026-08-06T06:06:20.147+0000] {processor.py:914} INFO - Processing file /home/airflow/.local/lib/python3.12/site-packages/airflow/example_dags/example_trigger_target_dag.py for tasks to queue
[2026-08-06T06:06:20.153+0000] {logging_mixin.py:190} INFO - [2026-08-06T06:06:20.152+0000] {dagbag.py:588} INFO - Filling up the DagBag from /home/airflow/.local/lib/python3.12/site-packages/airflow/example_dags/example_trigger_target_dag.py
[2026-08-06T06:06:20.168+0000] {processor.py:925} INFO - DAG(s) 'example_trigger_target_dag' retrieved from /home/airflow/.local/lib/python3.12/site-packages/airflow/example_dags/example_trigger_target_dag.py
[2026-08-06T06:06:20.202+0000] {logging_mixin.py:190} INFO - [2026-08-06T06:06:20.202+0000] {dag.py:3239} INFO - Sync 1 DAGs
[2026-08-06T06:06:20.232+0000] {logging_mixin.py:190} INFO - [2026-08-06T06:06:20.231+0000] {dag.py:4180} INFO - Setting next_dagrun for example_trigger_target_dag to None, run_after=None
[2026-08-06T06:06:20.303+0000] {processor.py:208} INFO - Processing /home/airflow/.local/lib/python3.12/site-packages/airflow/example_dags/example_trigger_target_dag.py took 0.169 seconds
[2026-08-06T06:06:51.159+0000] {processor.py:186} INFO - Started process (PID=708) to work on /home/airflow/.local/lib/python3.12/site-packages/airflow/example_dags/example_trigger_target_dag.py
[2026-08-06T06:06:51.162+0000] {processor.py:914} INFO - Processing file /home/airflow/.local/lib/python3.12/site-packages/airflow/example_dags/example_trigger_target_dag.py for tasks to queue
[2026-08-06T06:06:51.166+0000] {logging_mixin.py:190} INFO - [2026-08-06T06:06:51.165+0000] {dagbag.py:588} INFO - Filling up the DagBag from /home/airflow/.local/lib/python3.12/site-packages/airflow/example_dags/example_trigger_target_dag.py
[2026-08-06T06:06:51.179+0000] {processor.py:925} INFO - DAG(s) 'example_trigger_target_dag' retrieved from /home/airflow/.local/lib/python3.12/site-packages/airflow/example_dags/example_trigger_target_dag.py
[2026-08-06T06:06:51.213+0000] {logging_mixin.py:190} INFO - [2026-08-06T06:06:51.212+0000] {dag.py:3239} INFO - Sync 1 DAGs
[2026-08-06T06:06:51.244+0000] {logging_mixin.py:190} INFO - [2026-08-06T06:06:51.243+0000] {dag.py:4180} INFO - Setting next_dagrun for example_trigger_target_dag to None, run_after=None
[2026-08-06T06:06:51.274+0000] {processor.py:208} INFO - Processing /home/airflow/.local/lib/python3.12/site-packages/airflow/example_dags/example_trigger_target_dag.py took 0.125 seconds
[2026-08-06T06:07:21.656+0000] {processor.py:186} INFO - Started process (PID=772) to work on /home/airflow/.local/lib/python3.12/site-packages/airflow/example_dags/example_trigger_target_dag.py
[2026-08-06T06:07:21.658+0000] {processor.py:914} INFO - Processing file /home/airflow/.local/lib/python3.12/site-packages/airflow/example_dags/example_trigger_target_dag.py for tasks to queue
[2026-08-06T06:07:21.662+0000] {logging_mixin.py:190} INFO - [2026-08-06T06:07:21.662+0000] {dagbag.py:588} INFO - Filling up the DagBag from /home/airflow/.local/lib/python3.12/site-packages/airflow/example_dags/example_trigger_target_dag.py
[2026-08-06T06:07:21.674+0000] {processor.py:925} INFO - DAG(s) 'example_trigger_target_dag' retrieved from /home/airflow/.local/lib/python3.12/site-packages/airflow/example_dags/example_trigger_target_dag.py
[2026-08-06T06:07:21.703+0000] {logging_mixin.py:190} INFO - [2026-08-06T06:07:21.702+0000] {dag.py:3239} INFO - Sync 1 DAGs
[2026-08-06T06:07:21.726+0000] {logging_mixin.py:190} INFO - [2026-08-06T06:07:21.726+0000] {dag.py:4180} INFO - Setting next_dagrun for example_trigger_target_dag to None, run_after=None
[2026-08-06T06:07:21.790+0000] {processor.py:208} INFO - Processing /home/airflow/.local/lib/python3.12/site-packages/airflow/example_dags/example_trigger_target_dag.py took 0.143 seconds
[2026-08-06T06:07:53.723+0000] {processor.py:186} INFO - Started process (PID=836) to work on /home/airflow/.local/lib/python3.12/site-packages/airflow/example_dags/example_trigger_target_dag.py
[2026-08-06T06:07:53.725+0000] {processor.py:914} INFO - Processing file /home/airflow/.local/lib/python3.12/site-packages/airflow/example_dags/example_trigger_target_dag.py for tasks to queue
[2026-08-06T06:07:53.728+0000] {logging_mixin.py:190} INFO - [2026-08-06T06:07:53.727+0000] {dagbag.py:588} INFO - Filling up the DagBag from /home/airflow/.local/lib/python3.12/site-packages/airflow/example_dags/example_trigger_target_dag.py
[2026-08-06T06:07:53.739+0000] {processor.py:925} INFO - DAG(s) 'example_trigger_target_dag' retrieved from /home/airflow/.local/lib/python3.12/site-packages/airflow/example_dags/example_trigger_target_dag.py
[2026-08-06T06:07:53.771+0000] {logging_mixin.py:190} INFO - [2026-08-06T06:07:53.770+0000] {dag.py:3239} INFO - Sync 1 DAGs
[2026-08-06T06:07:53.791+0000] {logging_mixin.py:190} INFO - [2026-08-06T06:07:53.791+0000] {dag.py:4180} INFO - Setting next_dagrun for example_trigger_target_dag to None, run_after=None
[2026-08-06T06:07:53.859+0000] {processor.py:208} INFO - Processing /home/airflow/.local/lib/python3.12/site-packages/airflow/example_dags/example_trigger_target_dag.py took 0.146 seconds
[2026-08-06T06:08:24.223+0000] {processor.py:186} INFO - Started process (PID=905) to work on /home/airflow/.local/lib/python3.12/site-packages/airflow/example_dags/example_trigger_target_dag.py
[2026-08-06T06:08:24.226+0000] {processor.py:914} INFO - Processing file /home/airflow/.local/lib/python3.12/site-packages/airflow/example_dags/example_trigger_target_dag.py for tasks to queue
[2026-08-06T06:08:24.231+0000] {logging_mixin.py:190} INFO - [2026-08-06T06:08:24.230+0000] {dagbag.py:588} INFO - Filling up the DagBag from /home/airflow/.local/lib/python3.12/site-packages/airflow/example_dags/example_trigger_target_dag.py
[2026-08-06T06:08:24.245+0000] {processor.py:925} INFO - DAG(s) 'example_trigger_target_dag' retrieved from /home/airflow/.local/lib/python3.12/site-packages/airflow/example_dags/example_trigger_target_dag.py
[2026-08-06T06:08:24.281+0000] {logging_mixin.py:190} INFO - [2026-08-06T06:08:24.280+0000] {dag.py:3239} INFO - Sync 1 DAGs
[2026-08-06T06:08:24.302+0000] {logging_mixin.py:190} INFO - [2026-08-06T06:08:24.302+0000] {dag.py:4180} INFO - Setting next_dagrun for example_trigger_target_dag to None, run_after=None
[2026-08-06T06:08:24.334+0000] {processor.py:208} INFO - Processing /home/airflow/.local/lib/python3.12/site-packages/airflow/example_dags/example_trigger_target_dag.py took 0.120 seconds
[2026-08-06T06:08:56.339+0000] {processor.py:186} INFO - Started process (PID=969) to work on /home/airflow/.local/lib/python3.12/site-packages/airflow/example_dags/example_trigger_target_dag.py
[2026-08-06T06:08:56.341+0000] {processor.py:914} INFO - Processing file /home/airflow/.local/lib/python3.12/site-packages/airflow/example_dags/example_trigger_target_dag.py for tasks to queue
[2026-08-06T06:08:56.346+0000] {logging_mixin.py:190} INFO - [2026-08-06T06:08:56.345+0000] {dagbag.py:588} INFO - Filling up the DagBag from /home/airflow/.local/lib/python3.12/site-packages/airflow/example_dags/example_trigger_target_dag.py
[2026-08-06T06:08:56.361+0000] {processor.py:925} INFO - DAG(s) 'example_trigger_target_dag' retrieved from /home/airflow/.local/lib/python3.12/site-packages/airflow/example_dags/example_trigger_target_dag.py
[2026-08-06T06:08:56.395+0000] {logging_mixin.py:190} INFO - [2026-08-06T06:08:56.394+0000] {dag.py:3239} INFO - Sync 1 DAGs
[2026-08-06T06:08:56.421+0000] {logging_mixin.py:190} INFO - [2026-08-06T06:08:56.421+0000] {dag.py:4180} INFO - Setting next_dagrun for example_trigger_target_dag to None, run_after=None
[2026-08-06T06:08:56.481+0000] {processor.py:208} INFO - Processing /home/airflow/.local/lib/python3.12/site-packages/airflow/example_dags/example_trigger_target_dag.py took 0.154 seconds
[2026-08-06T06:09:26.911+0000] {processor.py:186} INFO - Started process (PID=1033) to work on /home/airflow/.local/lib/python3.12/site-packages/airflow/example_dags/example_trigger_target_dag.py
[2026-08-06T06:09:26.913+0000] {processor.py:914} INFO - Processing file /home/airflow/.local/lib/python3.12/site-packages/airflow/example_dags/example_trigger_target_dag.py for tasks to queue
[2026-08-06T06:09:26.916+0000] {logging_mixin.py:190} INFO - [2026-08-06T06:09:26.915+0000] {dagbag.py:588} INFO - Filling up the DagBag from /home/airflow/.local/lib/python3.12/site-packages/airflow/example_dags/example_trigger_target_dag.py
[2026-08-06T06:09:26.929+0000] {processor.py:925} INFO - DAG(s) 'example_trigger_target_dag' retrieved from /home/airflow/.local/lib/python3.12/site-packages/airflow/example_dags/example_trigger_target_dag.py
[2026-08-06T06:09:26.960+0000] {logging_mixin.py:190} INFO - [2026-08-06T06:09:26.959+0000] {dag.py:3239} INFO - Sync 1 DAGs
[2026-08-06T06:09:26.983+0000] {logging_mixin.py:190} INFO - [2026-08-06T06:09:26.983+0000] {dag.py:4180} INFO - Setting next_dagrun for example_trigger_target_dag to None, run_after=None
[2026-08-06T06:09:27.055+0000] {processor.py:208} INFO - Processing /home/airflow/.local/lib/python3.12/site-packages/airflow/example_dags/example_trigger_target_dag.py took 0.153 seconds
[2026-08-06T06:09:58.901+0000] {processor.py:186} INFO - Started process (PID=1097) to work on /home/airflow/.local/lib/python3.12/site-packages/airflow/example_dags/example_trigger_target_dag.py
[2026-08-06T06:09:58.903+0000] {processor.py:914} INFO - Processing file /home/airflow/.local/lib/python3.12/site-packages/airflow/example_dags/example_trigger_target_dag.py for tasks to queue
[2026-08-06T06:09:58.908+0000] {logging_mixin.py:190} INFO - [2026-08-06T06:09:58.907+0000] {dagbag.py:588} INFO - Filling up the DagBag from /home/airflow/.local/lib/python3.12/site-packages/airflow/example_dags/example_trigger_target_dag.py
[2026-08-06T06:09:58.922+0000] {processor.py:925} INFO - DAG(s) 'example_trigger_target_dag' retrieved from /home/airflow/.local/lib/python3.12/site-packages/airflow/example_dags/example_trigger_target_dag.py
[2026-08-06T06:09:58.955+0000] {logging_mixin.py:190} INFO - [2026-08-06T06:09:58.954+0000] {dag.py:3239} INFO - Sync 1 DAGs
[2026-08-06T06:09:58.979+0000] {logging_mixin.py:190} INFO - [2026-08-06T06:09:58.978+0000] {dag.py:4180} INFO - Setting next_dagrun for example_trigger_target_dag to None, run_after=None
[2026-08-06T06:09:59.010+0000] {processor.py:208} INFO - Processing /home/airflow/.local/lib/python3.12/site-packages/airflow/example_dags/example_trigger_target_dag.py took 0.120 seconds
[2026-08-06T06:10:29.669+0000] {processor.py:186} INFO - Started process (PID=1161) to work on /home/airflow/.local/lib/python3.12/site-packages/airflow/example_dags/example_trigger_target_dag.py
[2026-08-06T06:10:29.672+0000] {processor.py:914} INFO - Processing file /home/airflow/.local/lib/python3.12/site-packages/airflow/example_dags/example_trigger_target_dag.py for tasks to queue
[2026-08-06T06:10:29.681+0000] {logging_mixin.py:190} INFO - [2026-08-06T06:10:29.677+0000] {dagbag.py:588} INFO - Filling up the DagBag from /home/airflow/.local/lib/python3.12/site-packages/airflow/example_dags/example_trigger_target_dag.py
[2026-08-06T06:10:29.703+0000] {processor.py:925} INFO - DAG(s) 'example_trigger_target_dag' retrieved from /home/airflow/.local/lib/python3.12/site-packages/airflow/example_dags/example_trigger_target_dag.py
[2026-08-06T06:10:29.754+0000] {logging_mixin.py:190} INFO - [2026-08-06T06:10:29.754+0000] {dag.py:3239} INFO - Sync 1 DAGs
[2026-08-06T06:10:29.779+0000] {logging_mixin.py:190} INFO - [2026-08-06T06:10:29.779+0000] {dag.py:4180} INFO - Setting next_dagrun for example_trigger_target_dag to None, run_after=None
[2026-08-06T06:10:29.833+0000] {processor.py:208} INFO - Processing /home/airflow/.local/lib/python3.12/site-packages/airflow/example_dags/example_trigger_target_dag.py took 0.179 seconds
