[2026-08-06T04:46:47.241+0000] {processor.py:186} INFO - Started process (PID=126) to work on /home/airflow/.local/lib/python3.12/site-packages/airflow/example_dags/example_xcomargs.py
[2026-08-06T04:46:47.245+0000] {processor.py:914} INFO - Processing file /home/airflow/.local/lib/python3.12/site-packages/airflow/example_dags/example_xcomargs.py for tasks to queue
[2026-08-06T04:46:47.252+0000] {logging_mixin.py:190} INFO - [2026-08-06T04:46:47.251+0000] {dagbag.py:588} INFO - Filling up the DagBag from /home/airflow/.local/lib/python3.12/site-packages/airflow/example_dags/example_xcomargs.py
[2026-08-06T04:46:47.288+0000] {processor.py:925} INFO - DAG(s) 'example_xcom_args_with_operators', 'example_xcom_args' retrieved from /home/airflow/.local/lib/python3.12/site-packages/airflow/example_dags/example_xcomargs.py
[2026-08-06T04:46:47.725+0000] {logging_mixin.py:190} INFO - [2026-08-06T04:46:47.722+0000] {override.py:1912} INFO - Created Permission View: can delete on DAG:example_xcom_args_with_operators
[2026-08-06T04:46:47.795+0000] {logging_mixin.py:190} INFO - [2026-08-06T04:46:47.794+0000] {override.py:1912} INFO - Created Permission View: can read on DAG:example_xcom_args_with_operators
[2026-08-06T04:46:47.832+0000] {logging_mixin.py:190} INFO - [2026-08-06T04:46:47.831+0000] {override.py:1912} INFO - Created Permission View: can edit on DAG:example_xcom_args_with_operators
[2026-08-06T04:46:47.880+0000] {logging_mixin.py:190} INFO - [2026-08-06T04:46:47.879+0000] {override.py:1912} INFO - Created Permission View: can delete on DAG Run:example_xcom_args_with_operators
[2026-08-06T04:46:47.910+0000] {logging_mixin.py:190} INFO - [2026-08-06T04:46:47.909+0000] {override.py:1912} INFO - Created Permission View: menu access on DAG Run:example_xcom_args_with_operators
[2026-08-06T04:46:47.938+0000] {logging_mixin.py:190} INFO - [2026-08-06T04:46:47.937+0000] {override.py:1912} INFO - Created Permission View: can read on DAG Run:example_xcom_args_with_operators
[2026-08-06T04:46:47.969+0000] {logging_mixin.py:190} INFO - [2026-08-06T04:46:47.968+0000] {override.py:1912} INFO - Created Permission View: can create on DAG Run:example_xcom_args_with_operators
[2026-08-06T04:46:48.014+0000] {logging_mixin.py:190} INFO - [2026-08-06T04:46:48.013+0000] {override.py:1912} INFO - Created Permission View: can delete on DAG:example_xcom_args
[2026-08-06T04:46:48.048+0000] {logging_mixin.py:190} INFO - [2026-08-06T04:46:48.047+0000] {override.py:1912} INFO - Created Permission View: can read on DAG:example_xcom_args
[2026-08-06T04:46:48.079+0000] {logging_mixin.py:190} INFO - [2026-08-06T04:46:48.078+0000] {override.py:1912} INFO - Created Permission View: can edit on DAG:example_xcom_args
[2026-08-06T04:46:48.111+0000] {logging_mixin.py:190} INFO - [2026-08-06T04:46:48.110+0000] {override.py:1912} INFO - Created Permission View: can delete on DAG Run:example_xcom_args
[2026-08-06T04:46:48.139+0000] {logging_mixin.py:190} INFO - [2026-08-06T04:46:48.137+0000] {override.py:1912} INFO - Created Permission View: menu access on DAG Run:example_xcom_args
[2026-08-06T04:46:48.167+0000] {logging_mixin.py:190} INFO - [2026-08-06T04:46:48.166+0000] {override.py:1912} INFO - Created Permission View: can read on DAG Run:example_xcom_args
[2026-08-06T04:46:48.190+0000] {logging_mixin.py:190} INFO - [2026-08-06T04:46:48.189+0000] {override.py:1912} INFO - Created Permission View: can create on DAG Run:example_xcom_args
[2026-08-06T04:46:48.193+0000] {logging_mixin.py:190} INFO - [2026-08-06T04:46:48.192+0000] {dag.py:3239} INFO - Sync 2 DAGs
[2026-08-06T04:46:48.233+0000] {logging_mixin.py:190} INFO - [2026-08-06T04:46:48.232+0000] {dag.py:3262} INFO - Creating ORM DAG for example_xcom_args
[2026-08-06T04:46:48.236+0000] {logging_mixin.py:190} INFO - [2026-08-06T04:46:48.235+0000] {dag.py:3262} INFO - Creating ORM DAG for example_xcom_args_with_operators
[2026-08-06T04:46:48.245+0000] {logging_mixin.py:190} INFO - [2026-08-06T04:46:48.241+0000] {dag.py:4180} INFO - Setting next_dagrun for example_xcom_args to None, run_after=None
[2026-08-06T04:46:48.248+0000] {logging_mixin.py:190} INFO - [2026-08-06T04:46:48.248+0000] {dag.py:4180} INFO - Setting next_dagrun for example_xcom_args_with_operators to None, run_after=None
[2026-08-06T04:46:48.318+0000] {processor.py:208} INFO - Processing /home/airflow/.local/lib/python3.12/site-packages/airflow/example_dags/example_xcomargs.py took 1.093 seconds
[2026-08-06T04:47:18.693+0000] {processor.py:186} INFO - Started process (PID=198) to work on /home/airflow/.local/lib/python3.12/site-packages/airflow/example_dags/example_xcomargs.py
[2026-08-06T04:47:18.695+0000] {processor.py:914} INFO - Processing file /home/airflow/.local/lib/python3.12/site-packages/airflow/example_dags/example_xcomargs.py for tasks to queue
[2026-08-06T04:47:18.707+0000] {logging_mixin.py:190} INFO - [2026-08-06T04:47:18.699+0000] {dagbag.py:588} INFO - Filling up the DagBag from /home/airflow/.local/lib/python3.12/site-packages/airflow/example_dags/example_xcomargs.py
[2026-08-06T04:47:18.736+0000] {processor.py:925} INFO - DAG(s) 'example_xcom_args_with_operators', 'example_xcom_args' retrieved from /home/airflow/.local/lib/python3.12/site-packages/airflow/example_dags/example_xcomargs.py
[2026-08-06T04:47:18.802+0000] {logging_mixin.py:190} INFO - [2026-08-06T04:47:18.802+0000] {dag.py:3239} INFO - Sync 2 DAGs
[2026-08-06T04:47:18.841+0000] {logging_mixin.py:190} INFO - [2026-08-06T04:47:18.841+0000] {dag.py:4180} INFO - Setting next_dagrun for example_xcom_args to None, run_after=None
[2026-08-06T04:47:18.848+0000] {logging_mixin.py:190} INFO - [2026-08-06T04:47:18.848+0000] {dag.py:4180} INFO - Setting next_dagrun for example_xcom_args_with_operators to None, run_after=None
[2026-08-06T04:47:18.889+0000] {processor.py:208} INFO - Processing /home/airflow/.local/lib/python3.12/site-packages/airflow/example_dags/example_xcomargs.py took 0.219 seconds
[2026-08-06T04:47:49.241+0000] {processor.py:186} INFO - Started process (PID=260) to work on /home/airflow/.local/lib/python3.12/site-packages/airflow/example_dags/example_xcomargs.py
[2026-08-06T04:47:49.244+0000] {processor.py:914} INFO - Processing file /home/airflow/.local/lib/python3.12/site-packages/airflow/example_dags/example_xcomargs.py for tasks to queue
[2026-08-06T04:47:49.247+0000] {logging_mixin.py:190} INFO - [2026-08-06T04:47:49.247+0000] {dagbag.py:588} INFO - Filling up the DagBag from /home/airflow/.local/lib/python3.12/site-packages/airflow/example_dags/example_xcomargs.py
[2026-08-06T04:47:49.263+0000] {processor.py:925} INFO - DAG(s) 'example_xcom_args', 'example_xcom_args_with_operators' retrieved from /home/airflow/.local/lib/python3.12/site-packages/airflow/example_dags/example_xcomargs.py
[2026-08-06T04:47:49.291+0000] {logging_mixin.py:190} INFO - [2026-08-06T04:47:49.291+0000] {dag.py:3239} INFO - Sync 2 DAGs
[2026-08-06T04:47:49.309+0000] {logging_mixin.py:190} INFO - [2026-08-06T04:47:49.308+0000] {dag.py:4180} INFO - Setting next_dagrun for example_xcom_args to None, run_after=None
[2026-08-06T04:47:49.313+0000] {logging_mixin.py:190} INFO - [2026-08-06T04:47:49.313+0000] {dag.py:4180} INFO - Setting next_dagrun for example_xcom_args_with_operators to None, run_after=None
[2026-08-06T04:47:49.336+0000] {processor.py:208} INFO - Processing /home/airflow/.local/lib/python3.12/site-packages/airflow/example_dags/example_xcomargs.py took 0.102 seconds
[2026-08-06T04:48:19.707+0000] {processor.py:186} INFO - Started process (PID=321) to work on /home/airflow/.local/lib/python3.12/site-packages/airflow/example_dags/example_xcomargs.py
[2026-08-06T04:48:19.710+0000] {processor.py:914} INFO - Processing file /home/airflow/.local/lib/python3.12/site-packages/airflow/example_dags/example_xcomargs.py for tasks to queue
[2026-08-06T04:48:19.716+0000] {logging_mixin.py:190} INFO - [2026-08-06T04:48:19.715+0000] {dagbag.py:588} INFO - Filling up the DagBag from /home/airflow/.local/lib/python3.12/site-packages/airflow/example_dags/example_xcomargs.py
[2026-08-06T04:48:19.745+0000] {processor.py:925} INFO - DAG(s) 'example_xcom_args', 'example_xcom_args_with_operators' retrieved from /home/airflow/.local/lib/python3.12/site-packages/airflow/example_dags/example_xcomargs.py
[2026-08-06T04:48:19.797+0000] {logging_mixin.py:190} INFO - [2026-08-06T04:48:19.796+0000] {dag.py:3239} INFO - Sync 2 DAGs
[2026-08-06T04:48:19.820+0000] {logging_mixin.py:190} INFO - [2026-08-06T04:48:19.820+0000] {dag.py:4180} INFO - Setting next_dagrun for example_xcom_args to None, run_after=None
[2026-08-06T04:48:19.827+0000] {logging_mixin.py:190} INFO - [2026-08-06T04:48:19.827+0000] {dag.py:4180} INFO - Setting next_dagrun for example_xcom_args_with_operators to None, run_after=None
[2026-08-06T04:48:19.867+0000] {processor.py:208} INFO - Processing /home/airflow/.local/lib/python3.12/site-packages/airflow/example_dags/example_xcomargs.py took 0.172 seconds
[2026-08-06T04:48:50.641+0000] {processor.py:186} INFO - Started process (PID=384) to work on /home/airflow/.local/lib/python3.12/site-packages/airflow/example_dags/example_xcomargs.py
[2026-08-06T04:48:50.643+0000] {processor.py:914} INFO - Processing file /home/airflow/.local/lib/python3.12/site-packages/airflow/example_dags/example_xcomargs.py for tasks to queue
[2026-08-06T04:48:50.647+0000] {logging_mixin.py:190} INFO - [2026-08-06T04:48:50.647+0000] {dagbag.py:588} INFO - Filling up the DagBag from /home/airflow/.local/lib/python3.12/site-packages/airflow/example_dags/example_xcomargs.py
[2026-08-06T04:48:50.661+0000] {processor.py:925} INFO - DAG(s) 'example_xcom_args', 'example_xcom_args_with_operators' retrieved from /home/airflow/.local/lib/python3.12/site-packages/airflow/example_dags/example_xcomargs.py
[2026-08-06T04:48:50.696+0000] {logging_mixin.py:190} INFO - [2026-08-06T04:48:50.696+0000] {dag.py:3239} INFO - Sync 2 DAGs
[2026-08-06T04:48:50.715+0000] {logging_mixin.py:190} INFO - [2026-08-06T04:48:50.714+0000] {dag.py:4180} INFO - Setting next_dagrun for example_xcom_args to None, run_after=None
[2026-08-06T04:48:50.720+0000] {logging_mixin.py:190} INFO - [2026-08-06T04:48:50.720+0000] {dag.py:4180} INFO - Setting next_dagrun for example_xcom_args_with_operators to None, run_after=None
[2026-08-06T04:48:50.740+0000] {processor.py:208} INFO - Processing /home/airflow/.local/lib/python3.12/site-packages/airflow/example_dags/example_xcomargs.py took 0.109 seconds
[2026-08-06T04:49:22.595+0000] {processor.py:186} INFO - Started process (PID=447) to work on /home/airflow/.local/lib/python3.12/site-packages/airflow/example_dags/example_xcomargs.py
[2026-08-06T04:49:22.597+0000] {processor.py:914} INFO - Processing file /home/airflow/.local/lib/python3.12/site-packages/airflow/example_dags/example_xcomargs.py for tasks to queue
[2026-08-06T04:49:22.600+0000] {logging_mixin.py:190} INFO - [2026-08-06T04:49:22.600+0000] {dagbag.py:588} INFO - Filling up the DagBag from /home/airflow/.local/lib/python3.12/site-packages/airflow/example_dags/example_xcomargs.py
[2026-08-06T04:49:22.616+0000] {processor.py:925} INFO - DAG(s) 'example_xcom_args', 'example_xcom_args_with_operators' retrieved from /home/airflow/.local/lib/python3.12/site-packages/airflow/example_dags/example_xcomargs.py
[2026-08-06T04:49:22.648+0000] {logging_mixin.py:190} INFO - [2026-08-06T04:49:22.647+0000] {dag.py:3239} INFO - Sync 2 DAGs
[2026-08-06T04:49:22.671+0000] {logging_mixin.py:190} INFO - [2026-08-06T04:49:22.671+0000] {dag.py:4180} INFO - Setting next_dagrun for example_xcom_args to None, run_after=None
[2026-08-06T04:49:22.680+0000] {logging_mixin.py:190} INFO - [2026-08-06T04:49:22.680+0000] {dag.py:4180} INFO - Setting next_dagrun for example_xcom_args_with_operators to None, run_after=None
[2026-08-06T04:49:22.726+0000] {processor.py:208} INFO - Processing /home/airflow/.local/lib/python3.12/site-packages/airflow/example_dags/example_xcomargs.py took 0.138 seconds
[2026-08-06T04:49:53.432+0000] {processor.py:186} INFO - Started process (PID=510) to work on /home/airflow/.local/lib/python3.12/site-packages/airflow/example_dags/example_xcomargs.py
[2026-08-06T04:49:53.437+0000] {processor.py:914} INFO - Processing file /home/airflow/.local/lib/python3.12/site-packages/airflow/example_dags/example_xcomargs.py for tasks to queue
[2026-08-06T04:49:53.441+0000] {logging_mixin.py:190} INFO - [2026-08-06T04:49:53.440+0000] {dagbag.py:588} INFO - Filling up the DagBag from /home/airflow/.local/lib/python3.12/site-packages/airflow/example_dags/example_xcomargs.py
[2026-08-06T04:49:53.458+0000] {processor.py:925} INFO - DAG(s) 'example_xcom_args', 'example_xcom_args_with_operators' retrieved from /home/airflow/.local/lib/python3.12/site-packages/airflow/example_dags/example_xcomargs.py
[2026-08-06T04:49:53.494+0000] {logging_mixin.py:190} INFO - [2026-08-06T04:49:53.493+0000] {dag.py:3239} INFO - Sync 2 DAGs
[2026-08-06T04:49:53.520+0000] {logging_mixin.py:190} INFO - [2026-08-06T04:49:53.519+0000] {dag.py:4180} INFO - Setting next_dagrun for example_xcom_args to None, run_after=None
[2026-08-06T04:49:53.525+0000] {logging_mixin.py:190} INFO - [2026-08-06T04:49:53.525+0000] {dag.py:4180} INFO - Setting next_dagrun for example_xcom_args_with_operators to None, run_after=None
[2026-08-06T04:49:53.555+0000] {processor.py:208} INFO - Processing /home/airflow/.local/lib/python3.12/site-packages/airflow/example_dags/example_xcomargs.py took 0.134 seconds
[2026-08-06T04:50:25.195+0000] {processor.py:186} INFO - Started process (PID=573) to work on /home/airflow/.local/lib/python3.12/site-packages/airflow/example_dags/example_xcomargs.py
[2026-08-06T04:50:25.196+0000] {processor.py:914} INFO - Processing file /home/airflow/.local/lib/python3.12/site-packages/airflow/example_dags/example_xcomargs.py for tasks to queue
[2026-08-06T04:50:25.200+0000] {logging_mixin.py:190} INFO - [2026-08-06T04:50:25.199+0000] {dagbag.py:588} INFO - Filling up the DagBag from /home/airflow/.local/lib/python3.12/site-packages/airflow/example_dags/example_xcomargs.py
[2026-08-06T04:50:25.216+0000] {processor.py:925} INFO - DAG(s) 'example_xcom_args_with_operators', 'example_xcom_args' retrieved from /home/airflow/.local/lib/python3.12/site-packages/airflow/example_dags/example_xcomargs.py
[2026-08-06T04:50:25.258+0000] {logging_mixin.py:190} INFO - [2026-08-06T04:50:25.257+0000] {dag.py:3239} INFO - Sync 2 DAGs
[2026-08-06T04:50:25.308+0000] {logging_mixin.py:190} INFO - [2026-08-06T04:50:25.308+0000] {dag.py:4180} INFO - Setting next_dagrun for example_xcom_args to None, run_after=None
[2026-08-06T04:50:25.317+0000] {logging_mixin.py:190} INFO - [2026-08-06T04:50:25.316+0000] {dag.py:4180} INFO - Setting next_dagrun for example_xcom_args_with_operators to None, run_after=None
[2026-08-06T04:50:25.345+0000] {processor.py:208} INFO - Processing /home/airflow/.local/lib/python3.12/site-packages/airflow/example_dags/example_xcomargs.py took 0.159 seconds
[2026-08-06T04:50:57.429+0000] {processor.py:186} INFO - Started process (PID=636) to work on /home/airflow/.local/lib/python3.12/site-packages/airflow/example_dags/example_xcomargs.py
[2026-08-06T04:50:57.434+0000] {processor.py:914} INFO - Processing file /home/airflow/.local/lib/python3.12/site-packages/airflow/example_dags/example_xcomargs.py for tasks to queue
[2026-08-06T04:50:57.444+0000] {logging_mixin.py:190} INFO - [2026-08-06T04:50:57.442+0000] {dagbag.py:588} INFO - Filling up the DagBag from /home/airflow/.local/lib/python3.12/site-packages/airflow/example_dags/example_xcomargs.py
[2026-08-06T04:50:57.471+0000] {processor.py:925} INFO - DAG(s) 'example_xcom_args', 'example_xcom_args_with_operators' retrieved from /home/airflow/.local/lib/python3.12/site-packages/airflow/example_dags/example_xcomargs.py
[2026-08-06T04:50:57.585+0000] {logging_mixin.py:190} INFO - [2026-08-06T04:50:57.584+0000] {dag.py:3239} INFO - Sync 2 DAGs
[2026-08-06T04:50:57.630+0000] {logging_mixin.py:190} INFO - [2026-08-06T04:50:57.629+0000] {dag.py:4180} INFO - Setting next_dagrun for example_xcom_args to None, run_after=None
[2026-08-06T04:50:57.637+0000] {logging_mixin.py:190} INFO - [2026-08-06T04:50:57.637+0000] {dag.py:4180} INFO - Setting next_dagrun for example_xcom_args_with_operators to None, run_after=None
[2026-08-06T04:50:57.677+0000] {processor.py:208} INFO - Processing /home/airflow/.local/lib/python3.12/site-packages/airflow/example_dags/example_xcomargs.py took 0.271 seconds
[2026-08-06T04:51:29.413+0000] {processor.py:186} INFO - Started process (PID=699) to work on /home/airflow/.local/lib/python3.12/site-packages/airflow/example_dags/example_xcomargs.py
[2026-08-06T04:51:29.414+0000] {processor.py:914} INFO - Processing file /home/airflow/.local/lib/python3.12/site-packages/airflow/example_dags/example_xcomargs.py for tasks to queue
[2026-08-06T04:51:29.418+0000] {logging_mixin.py:190} INFO - [2026-08-06T04:51:29.418+0000] {dagbag.py:588} INFO - Filling up the DagBag from /home/airflow/.local/lib/python3.12/site-packages/airflow/example_dags/example_xcomargs.py
[2026-08-06T04:51:29.432+0000] {processor.py:925} INFO - DAG(s) 'example_xcom_args_with_operators', 'example_xcom_args' retrieved from /home/airflow/.local/lib/python3.12/site-packages/airflow/example_dags/example_xcomargs.py
[2026-08-06T04:51:29.485+0000] {logging_mixin.py:190} INFO - [2026-08-06T04:51:29.484+0000] {dag.py:3239} INFO - Sync 2 DAGs
[2026-08-06T04:51:29.506+0000] {logging_mixin.py:190} INFO - [2026-08-06T04:51:29.505+0000] {dag.py:4180} INFO - Setting next_dagrun for example_xcom_args to None, run_after=None
[2026-08-06T04:51:29.527+0000] {logging_mixin.py:190} INFO - [2026-08-06T04:51:29.527+0000] {dag.py:4180} INFO - Setting next_dagrun for example_xcom_args_with_operators to None, run_after=None
[2026-08-06T04:51:29.553+0000] {processor.py:208} INFO - Processing /home/airflow/.local/lib/python3.12/site-packages/airflow/example_dags/example_xcomargs.py took 0.148 seconds
[2026-08-06T04:52:00.337+0000] {processor.py:186} INFO - Started process (PID=762) to work on /home/airflow/.local/lib/python3.12/site-packages/airflow/example_dags/example_xcomargs.py
[2026-08-06T04:52:00.339+0000] {processor.py:914} INFO - Processing file /home/airflow/.local/lib/python3.12/site-packages/airflow/example_dags/example_xcomargs.py for tasks to queue
[2026-08-06T04:52:00.344+0000] {logging_mixin.py:190} INFO - [2026-08-06T04:52:00.343+0000] {dagbag.py:588} INFO - Filling up the DagBag from /home/airflow/.local/lib/python3.12/site-packages/airflow/example_dags/example_xcomargs.py
[2026-08-06T04:52:00.362+0000] {processor.py:925} INFO - DAG(s) 'example_xcom_args_with_operators', 'example_xcom_args' retrieved from /home/airflow/.local/lib/python3.12/site-packages/airflow/example_dags/example_xcomargs.py
[2026-08-06T04:52:00.421+0000] {logging_mixin.py:190} INFO - [2026-08-06T04:52:00.420+0000] {dag.py:3239} INFO - Sync 2 DAGs
[2026-08-06T04:52:00.452+0000] {logging_mixin.py:190} INFO - [2026-08-06T04:52:00.451+0000] {dag.py:4180} INFO - Setting next_dagrun for example_xcom_args to None, run_after=None
[2026-08-06T04:52:00.465+0000] {logging_mixin.py:190} INFO - [2026-08-06T04:52:00.465+0000] {dag.py:4180} INFO - Setting next_dagrun for example_xcom_args_with_operators to None, run_after=None
[2026-08-06T04:52:00.520+0000] {processor.py:208} INFO - Processing /home/airflow/.local/lib/python3.12/site-packages/airflow/example_dags/example_xcomargs.py took 0.196 seconds
[2026-08-06T04:52:31.725+0000] {processor.py:186} INFO - Started process (PID=826) to work on /home/airflow/.local/lib/python3.12/site-packages/airflow/example_dags/example_xcomargs.py
[2026-08-06T04:52:31.728+0000] {processor.py:914} INFO - Processing file /home/airflow/.local/lib/python3.12/site-packages/airflow/example_dags/example_xcomargs.py for tasks to queue
[2026-08-06T04:52:31.733+0000] {logging_mixin.py:190} INFO - [2026-08-06T04:52:31.733+0000] {dagbag.py:588} INFO - Filling up the DagBag from /home/airflow/.local/lib/python3.12/site-packages/airflow/example_dags/example_xcomargs.py
[2026-08-06T04:52:31.755+0000] {processor.py:925} INFO - DAG(s) 'example_xcom_args_with_operators', 'example_xcom_args' retrieved from /home/airflow/.local/lib/python3.12/site-packages/airflow/example_dags/example_xcomargs.py
[2026-08-06T04:52:31.809+0000] {logging_mixin.py:190} INFO - [2026-08-06T04:52:31.808+0000] {dag.py:3239} INFO - Sync 2 DAGs
[2026-08-06T04:52:31.848+0000] {logging_mixin.py:190} INFO - [2026-08-06T04:52:31.846+0000] {dag.py:4180} INFO - Setting next_dagrun for example_xcom_args to None, run_after=None
[2026-08-06T04:52:31.858+0000] {logging_mixin.py:190} INFO - [2026-08-06T04:52:31.857+0000] {dag.py:4180} INFO - Setting next_dagrun for example_xcom_args_with_operators to None, run_after=None
[2026-08-06T04:52:31.902+0000] {processor.py:208} INFO - Processing /home/airflow/.local/lib/python3.12/site-packages/airflow/example_dags/example_xcomargs.py took 0.209 seconds
[2026-08-06T05:30:25.670+0000] {processor.py:186} INFO - Started process (PID=127) to work on /home/airflow/.local/lib/python3.12/site-packages/airflow/example_dags/example_xcomargs.py
[2026-08-06T05:30:25.673+0000] {processor.py:914} INFO - Processing file /home/airflow/.local/lib/python3.12/site-packages/airflow/example_dags/example_xcomargs.py for tasks to queue
[2026-08-06T05:30:25.678+0000] {logging_mixin.py:190} INFO - [2026-08-06T05:30:25.677+0000] {dagbag.py:588} INFO - Filling up the DagBag from /home/airflow/.local/lib/python3.12/site-packages/airflow/example_dags/example_xcomargs.py
[2026-08-06T05:30:25.698+0000] {processor.py:925} INFO - DAG(s) 'example_xcom_args_with_operators', 'example_xcom_args' retrieved from /home/airflow/.local/lib/python3.12/site-packages/airflow/example_dags/example_xcomargs.py
[2026-08-06T05:30:25.734+0000] {logging_mixin.py:190} INFO - [2026-08-06T05:30:25.734+0000] {dag.py:3239} INFO - Sync 2 DAGs
[2026-08-06T05:30:25.758+0000] {logging_mixin.py:190} INFO - [2026-08-06T05:30:25.757+0000] {dag.py:4180} INFO - Setting next_dagrun for example_xcom_args to None, run_after=None
[2026-08-06T05:30:25.767+0000] {logging_mixin.py:190} INFO - [2026-08-06T05:30:25.767+0000] {dag.py:4180} INFO - Setting next_dagrun for example_xcom_args_with_operators to None, run_after=None
[2026-08-06T05:30:25.792+0000] {processor.py:208} INFO - Processing /home/airflow/.local/lib/python3.12/site-packages/airflow/example_dags/example_xcomargs.py took 0.129 seconds
[2026-08-06T05:30:56.917+0000] {processor.py:186} INFO - Started process (PID=190) to work on /home/airflow/.local/lib/python3.12/site-packages/airflow/example_dags/example_xcomargs.py
[2026-08-06T05:30:56.920+0000] {processor.py:914} INFO - Processing file /home/airflow/.local/lib/python3.12/site-packages/airflow/example_dags/example_xcomargs.py for tasks to queue
[2026-08-06T05:30:56.923+0000] {logging_mixin.py:190} INFO - [2026-08-06T05:30:56.923+0000] {dagbag.py:588} INFO - Filling up the DagBag from /home/airflow/.local/lib/python3.12/site-packages/airflow/example_dags/example_xcomargs.py
[2026-08-06T05:30:56.938+0000] {processor.py:925} INFO - DAG(s) 'example_xcom_args', 'example_xcom_args_with_operators' retrieved from /home/airflow/.local/lib/python3.12/site-packages/airflow/example_dags/example_xcomargs.py
[2026-08-06T05:30:56.976+0000] {logging_mixin.py:190} INFO - [2026-08-06T05:30:56.976+0000] {dag.py:3239} INFO - Sync 2 DAGs
[2026-08-06T05:30:57.005+0000] {logging_mixin.py:190} INFO - [2026-08-06T05:30:57.005+0000] {dag.py:4180} INFO - Setting next_dagrun for example_xcom_args to None, run_after=None
[2026-08-06T05:30:57.013+0000] {logging_mixin.py:190} INFO - [2026-08-06T05:30:57.012+0000] {dag.py:4180} INFO - Setting next_dagrun for example_xcom_args_with_operators to None, run_after=None
[2026-08-06T05:30:57.052+0000] {processor.py:208} INFO - Processing /home/airflow/.local/lib/python3.12/site-packages/airflow/example_dags/example_xcomargs.py took 0.143 seconds
[2026-08-06T05:33:19.152+0000] {processor.py:186} INFO - Started process (PID=121) to work on /home/airflow/.local/lib/python3.12/site-packages/airflow/example_dags/example_xcomargs.py
[2026-08-06T05:33:19.154+0000] {processor.py:914} INFO - Processing file /home/airflow/.local/lib/python3.12/site-packages/airflow/example_dags/example_xcomargs.py for tasks to queue
[2026-08-06T05:33:19.158+0000] {logging_mixin.py:190} INFO - [2026-08-06T05:33:19.157+0000] {dagbag.py:588} INFO - Filling up the DagBag from /home/airflow/.local/lib/python3.12/site-packages/airflow/example_dags/example_xcomargs.py
[2026-08-06T05:33:19.174+0000] {processor.py:925} INFO - DAG(s) 'example_xcom_args', 'example_xcom_args_with_operators' retrieved from /home/airflow/.local/lib/python3.12/site-packages/airflow/example_dags/example_xcomargs.py
[2026-08-06T05:33:19.211+0000] {logging_mixin.py:190} INFO - [2026-08-06T05:33:19.210+0000] {dag.py:3239} INFO - Sync 2 DAGs
[2026-08-06T05:33:19.233+0000] {logging_mixin.py:190} INFO - [2026-08-06T05:33:19.232+0000] {dag.py:4180} INFO - Setting next_dagrun for example_xcom_args to None, run_after=None
[2026-08-06T05:33:19.239+0000] {logging_mixin.py:190} INFO - [2026-08-06T05:33:19.238+0000] {dag.py:4180} INFO - Setting next_dagrun for example_xcom_args_with_operators to None, run_after=None
[2026-08-06T05:33:19.261+0000] {processor.py:208} INFO - Processing /home/airflow/.local/lib/python3.12/site-packages/airflow/example_dags/example_xcomargs.py took 0.116 seconds
[2026-08-06T05:33:50.273+0000] {processor.py:186} INFO - Started process (PID=184) to work on /home/airflow/.local/lib/python3.12/site-packages/airflow/example_dags/example_xcomargs.py
[2026-08-06T05:33:50.274+0000] {processor.py:914} INFO - Processing file /home/airflow/.local/lib/python3.12/site-packages/airflow/example_dags/example_xcomargs.py for tasks to queue
[2026-08-06T05:33:50.277+0000] {logging_mixin.py:190} INFO - [2026-08-06T05:33:50.277+0000] {dagbag.py:588} INFO - Filling up the DagBag from /home/airflow/.local/lib/python3.12/site-packages/airflow/example_dags/example_xcomargs.py
[2026-08-06T05:33:50.288+0000] {processor.py:925} INFO - DAG(s) 'example_xcom_args_with_operators', 'example_xcom_args' retrieved from /home/airflow/.local/lib/python3.12/site-packages/airflow/example_dags/example_xcomargs.py
[2026-08-06T05:33:50.312+0000] {logging_mixin.py:190} INFO - [2026-08-06T05:33:50.312+0000] {dag.py:3239} INFO - Sync 2 DAGs
[2026-08-06T05:33:50.329+0000] {logging_mixin.py:190} INFO - [2026-08-06T05:33:50.329+0000] {dag.py:4180} INFO - Setting next_dagrun for example_xcom_args to None, run_after=None
[2026-08-06T05:33:50.334+0000] {logging_mixin.py:190} INFO - [2026-08-06T05:33:50.334+0000] {dag.py:4180} INFO - Setting next_dagrun for example_xcom_args_with_operators to None, run_after=None
[2026-08-06T05:33:50.404+0000] {processor.py:208} INFO - Processing /home/airflow/.local/lib/python3.12/site-packages/airflow/example_dags/example_xcomargs.py took 0.138 seconds
[2026-08-06T05:34:22.409+0000] {processor.py:186} INFO - Started process (PID=247) to work on /home/airflow/.local/lib/python3.12/site-packages/airflow/example_dags/example_xcomargs.py
[2026-08-06T05:34:22.411+0000] {processor.py:914} INFO - Processing file /home/airflow/.local/lib/python3.12/site-packages/airflow/example_dags/example_xcomargs.py for tasks to queue
[2026-08-06T05:34:22.414+0000] {logging_mixin.py:190} INFO - [2026-08-06T05:34:22.414+0000] {dagbag.py:588} INFO - Filling up the DagBag from /home/airflow/.local/lib/python3.12/site-packages/airflow/example_dags/example_xcomargs.py
[2026-08-06T05:34:22.429+0000] {processor.py:925} INFO - DAG(s) 'example_xcom_args', 'example_xcom_args_with_operators' retrieved from /home/airflow/.local/lib/python3.12/site-packages/airflow/example_dags/example_xcomargs.py
[2026-08-06T05:34:22.455+0000] {logging_mixin.py:190} INFO - [2026-08-06T05:34:22.455+0000] {dag.py:3239} INFO - Sync 2 DAGs
[2026-08-06T05:34:22.475+0000] {logging_mixin.py:190} INFO - [2026-08-06T05:34:22.475+0000] {dag.py:4180} INFO - Setting next_dagrun for example_xcom_args to None, run_after=None
[2026-08-06T05:34:22.480+0000] {logging_mixin.py:190} INFO - [2026-08-06T05:34:22.480+0000] {dag.py:4180} INFO - Setting next_dagrun for example_xcom_args_with_operators to None, run_after=None
[2026-08-06T05:34:22.501+0000] {processor.py:208} INFO - Processing /home/airflow/.local/lib/python3.12/site-packages/airflow/example_dags/example_xcomargs.py took 0.099 seconds
[2026-08-06T05:34:53.999+0000] {processor.py:186} INFO - Started process (PID=310) to work on /home/airflow/.local/lib/python3.12/site-packages/airflow/example_dags/example_xcomargs.py
[2026-08-06T05:34:54.002+0000] {processor.py:914} INFO - Processing file /home/airflow/.local/lib/python3.12/site-packages/airflow/example_dags/example_xcomargs.py for tasks to queue
[2026-08-06T05:34:54.010+0000] {logging_mixin.py:190} INFO - [2026-08-06T05:34:54.009+0000] {dagbag.py:588} INFO - Filling up the DagBag from /home/airflow/.local/lib/python3.12/site-packages/airflow/example_dags/example_xcomargs.py
[2026-08-06T05:34:54.029+0000] {processor.py:925} INFO - DAG(s) 'example_xcom_args_with_operators', 'example_xcom_args' retrieved from /home/airflow/.local/lib/python3.12/site-packages/airflow/example_dags/example_xcomargs.py
[2026-08-06T05:34:54.089+0000] {logging_mixin.py:190} INFO - [2026-08-06T05:34:54.089+0000] {dag.py:3239} INFO - Sync 2 DAGs
[2026-08-06T05:34:54.127+0000] {logging_mixin.py:190} INFO - [2026-08-06T05:34:54.126+0000] {dag.py:4180} INFO - Setting next_dagrun for example_xcom_args to None, run_after=None
[2026-08-06T05:34:54.137+0000] {logging_mixin.py:190} INFO - [2026-08-06T05:34:54.136+0000] {dag.py:4180} INFO - Setting next_dagrun for example_xcom_args_with_operators to None, run_after=None
[2026-08-06T05:34:54.180+0000] {processor.py:208} INFO - Processing /home/airflow/.local/lib/python3.12/site-packages/airflow/example_dags/example_xcomargs.py took 0.193 seconds
[2026-08-06T05:37:08.336+0000] {processor.py:186} INFO - Started process (PID=127) to work on /home/airflow/.local/lib/python3.12/site-packages/airflow/example_dags/example_xcomargs.py
[2026-08-06T05:37:08.338+0000] {processor.py:914} INFO - Processing file /home/airflow/.local/lib/python3.12/site-packages/airflow/example_dags/example_xcomargs.py for tasks to queue
[2026-08-06T05:37:08.343+0000] {logging_mixin.py:190} INFO - [2026-08-06T05:37:08.342+0000] {dagbag.py:588} INFO - Filling up the DagBag from /home/airflow/.local/lib/python3.12/site-packages/airflow/example_dags/example_xcomargs.py
[2026-08-06T05:37:08.368+0000] {processor.py:925} INFO - DAG(s) 'example_xcom_args', 'example_xcom_args_with_operators' retrieved from /home/airflow/.local/lib/python3.12/site-packages/airflow/example_dags/example_xcomargs.py
[2026-08-06T05:37:08.416+0000] {logging_mixin.py:190} INFO - [2026-08-06T05:37:08.416+0000] {dag.py:3239} INFO - Sync 2 DAGs
[2026-08-06T05:37:08.451+0000] {logging_mixin.py:190} INFO - [2026-08-06T05:37:08.450+0000] {dag.py:4180} INFO - Setting next_dagrun for example_xcom_args to None, run_after=None
[2026-08-06T05:37:08.459+0000] {logging_mixin.py:190} INFO - [2026-08-06T05:37:08.459+0000] {dag.py:4180} INFO - Setting next_dagrun for example_xcom_args_with_operators to None, run_after=None
[2026-08-06T05:37:08.496+0000] {processor.py:208} INFO - Processing /home/airflow/.local/lib/python3.12/site-packages/airflow/example_dags/example_xcomargs.py took 0.172 seconds
[2026-08-06T05:37:39.825+0000] {processor.py:186} INFO - Started process (PID=191) to work on /home/airflow/.local/lib/python3.12/site-packages/airflow/example_dags/example_xcomargs.py
[2026-08-06T05:37:39.827+0000] {processor.py:914} INFO - Processing file /home/airflow/.local/lib/python3.12/site-packages/airflow/example_dags/example_xcomargs.py for tasks to queue
[2026-08-06T05:37:39.830+0000] {logging_mixin.py:190} INFO - [2026-08-06T05:37:39.830+0000] {dagbag.py:588} INFO - Filling up the DagBag from /home/airflow/.local/lib/python3.12/site-packages/airflow/example_dags/example_xcomargs.py
[2026-08-06T05:37:39.847+0000] {processor.py:925} INFO - DAG(s) 'example_xcom_args_with_operators', 'example_xcom_args' retrieved from /home/airflow/.local/lib/python3.12/site-packages/airflow/example_dags/example_xcomargs.py
[2026-08-06T05:37:39.882+0000] {logging_mixin.py:190} INFO - [2026-08-06T05:37:39.881+0000] {dag.py:3239} INFO - Sync 2 DAGs
[2026-08-06T05:37:39.913+0000] {logging_mixin.py:190} INFO - [2026-08-06T05:37:39.912+0000] {dag.py:4180} INFO - Setting next_dagrun for example_xcom_args to None, run_after=None
[2026-08-06T05:37:39.920+0000] {logging_mixin.py:190} INFO - [2026-08-06T05:37:39.920+0000] {dag.py:4180} INFO - Setting next_dagrun for example_xcom_args_with_operators to None, run_after=None
[2026-08-06T05:37:39.944+0000] {processor.py:208} INFO - Processing /home/airflow/.local/lib/python3.12/site-packages/airflow/example_dags/example_xcomargs.py took 0.128 seconds
[2026-08-06T05:38:10.645+0000] {processor.py:186} INFO - Started process (PID=255) to work on /home/airflow/.local/lib/python3.12/site-packages/airflow/example_dags/example_xcomargs.py
[2026-08-06T05:38:10.647+0000] {processor.py:914} INFO - Processing file /home/airflow/.local/lib/python3.12/site-packages/airflow/example_dags/example_xcomargs.py for tasks to queue
[2026-08-06T05:38:10.650+0000] {logging_mixin.py:190} INFO - [2026-08-06T05:38:10.650+0000] {dagbag.py:588} INFO - Filling up the DagBag from /home/airflow/.local/lib/python3.12/site-packages/airflow/example_dags/example_xcomargs.py
[2026-08-06T05:38:10.666+0000] {processor.py:925} INFO - DAG(s) 'example_xcom_args_with_operators', 'example_xcom_args' retrieved from /home/airflow/.local/lib/python3.12/site-packages/airflow/example_dags/example_xcomargs.py
[2026-08-06T05:38:10.700+0000] {logging_mixin.py:190} INFO - [2026-08-06T05:38:10.700+0000] {dag.py:3239} INFO - Sync 2 DAGs
[2026-08-06T05:38:10.720+0000] {logging_mixin.py:190} INFO - [2026-08-06T05:38:10.720+0000] {dag.py:4180} INFO - Setting next_dagrun for example_xcom_args to None, run_after=None
[2026-08-06T05:38:10.725+0000] {logging_mixin.py:190} INFO - [2026-08-06T05:38:10.725+0000] {dag.py:4180} INFO - Setting next_dagrun for example_xcom_args_with_operators to None, run_after=None
[2026-08-06T05:38:10.749+0000] {processor.py:208} INFO - Processing /home/airflow/.local/lib/python3.12/site-packages/airflow/example_dags/example_xcomargs.py took 0.114 seconds
[2026-08-06T05:38:47.891+0000] {processor.py:186} INFO - Started process (PID=334) to work on /home/airflow/.local/lib/python3.12/site-packages/airflow/example_dags/example_xcomargs.py
[2026-08-06T05:38:47.893+0000] {processor.py:914} INFO - Processing file /home/airflow/.local/lib/python3.12/site-packages/airflow/example_dags/example_xcomargs.py for tasks to queue
[2026-08-06T05:38:47.900+0000] {logging_mixin.py:190} INFO - [2026-08-06T05:38:47.899+0000] {dagbag.py:588} INFO - Filling up the DagBag from /home/airflow/.local/lib/python3.12/site-packages/airflow/example_dags/example_xcomargs.py
[2026-08-06T05:38:47.924+0000] {processor.py:925} INFO - DAG(s) 'example_xcom_args_with_operators', 'example_xcom_args' retrieved from /home/airflow/.local/lib/python3.12/site-packages/airflow/example_dags/example_xcomargs.py
[2026-08-06T05:38:47.998+0000] {logging_mixin.py:190} INFO - [2026-08-06T05:38:47.997+0000] {dag.py:3239} INFO - Sync 2 DAGs
[2026-08-06T05:38:48.042+0000] {logging_mixin.py:190} INFO - [2026-08-06T05:38:48.041+0000] {dag.py:4180} INFO - Setting next_dagrun for example_xcom_args to None, run_after=None
[2026-08-06T05:38:48.051+0000] {logging_mixin.py:190} INFO - [2026-08-06T05:38:48.051+0000] {dag.py:4180} INFO - Setting next_dagrun for example_xcom_args_with_operators to None, run_after=None
[2026-08-06T05:38:48.126+0000] {processor.py:208} INFO - Processing /home/airflow/.local/lib/python3.12/site-packages/airflow/example_dags/example_xcomargs.py took 0.249 seconds
[2026-08-06T05:39:20.128+0000] {processor.py:186} INFO - Started process (PID=398) to work on /home/airflow/.local/lib/python3.12/site-packages/airflow/example_dags/example_xcomargs.py
[2026-08-06T05:39:20.130+0000] {processor.py:914} INFO - Processing file /home/airflow/.local/lib/python3.12/site-packages/airflow/example_dags/example_xcomargs.py for tasks to queue
[2026-08-06T05:39:20.134+0000] {logging_mixin.py:190} INFO - [2026-08-06T05:39:20.133+0000] {dagbag.py:588} INFO - Filling up the DagBag from /home/airflow/.local/lib/python3.12/site-packages/airflow/example_dags/example_xcomargs.py
[2026-08-06T05:39:20.155+0000] {processor.py:925} INFO - DAG(s) 'example_xcom_args', 'example_xcom_args_with_operators' retrieved from /home/airflow/.local/lib/python3.12/site-packages/airflow/example_dags/example_xcomargs.py
[2026-08-06T05:39:20.200+0000] {logging_mixin.py:190} INFO - [2026-08-06T05:39:20.199+0000] {dag.py:3239} INFO - Sync 2 DAGs
[2026-08-06T05:39:20.226+0000] {logging_mixin.py:190} INFO - [2026-08-06T05:39:20.226+0000] {dag.py:4180} INFO - Setting next_dagrun for example_xcom_args to None, run_after=None
[2026-08-06T05:39:20.233+0000] {logging_mixin.py:190} INFO - [2026-08-06T05:39:20.233+0000] {dag.py:4180} INFO - Setting next_dagrun for example_xcom_args_with_operators to None, run_after=None
[2026-08-06T05:39:20.290+0000] {processor.py:208} INFO - Processing /home/airflow/.local/lib/python3.12/site-packages/airflow/example_dags/example_xcomargs.py took 0.172 seconds
[2026-08-06T05:39:51.334+0000] {processor.py:186} INFO - Started process (PID=462) to work on /home/airflow/.local/lib/python3.12/site-packages/airflow/example_dags/example_xcomargs.py
[2026-08-06T05:39:51.336+0000] {processor.py:914} INFO - Processing file /home/airflow/.local/lib/python3.12/site-packages/airflow/example_dags/example_xcomargs.py for tasks to queue
[2026-08-06T05:39:51.340+0000] {logging_mixin.py:190} INFO - [2026-08-06T05:39:51.339+0000] {dagbag.py:588} INFO - Filling up the DagBag from /home/airflow/.local/lib/python3.12/site-packages/airflow/example_dags/example_xcomargs.py
[2026-08-06T05:39:51.356+0000] {processor.py:925} INFO - DAG(s) 'example_xcom_args', 'example_xcom_args_with_operators' retrieved from /home/airflow/.local/lib/python3.12/site-packages/airflow/example_dags/example_xcomargs.py
[2026-08-06T05:39:51.395+0000] {logging_mixin.py:190} INFO - [2026-08-06T05:39:51.394+0000] {dag.py:3239} INFO - Sync 2 DAGs
[2026-08-06T05:39:51.419+0000] {logging_mixin.py:190} INFO - [2026-08-06T05:39:51.419+0000] {dag.py:4180} INFO - Setting next_dagrun for example_xcom_args to None, run_after=None
[2026-08-06T05:39:51.426+0000] {logging_mixin.py:190} INFO - [2026-08-06T05:39:51.425+0000] {dag.py:4180} INFO - Setting next_dagrun for example_xcom_args_with_operators to None, run_after=None
[2026-08-06T05:39:51.510+0000] {processor.py:208} INFO - Processing /home/airflow/.local/lib/python3.12/site-packages/airflow/example_dags/example_xcomargs.py took 0.185 seconds
[2026-08-06T05:40:22.671+0000] {processor.py:186} INFO - Started process (PID=532) to work on /home/airflow/.local/lib/python3.12/site-packages/airflow/example_dags/example_xcomargs.py
[2026-08-06T05:40:22.676+0000] {processor.py:914} INFO - Processing file /home/airflow/.local/lib/python3.12/site-packages/airflow/example_dags/example_xcomargs.py for tasks to queue
[2026-08-06T05:40:22.686+0000] {logging_mixin.py:190} INFO - [2026-08-06T05:40:22.685+0000] {dagbag.py:588} INFO - Filling up the DagBag from /home/airflow/.local/lib/python3.12/site-packages/airflow/example_dags/example_xcomargs.py
[2026-08-06T05:40:22.722+0000] {processor.py:925} INFO - DAG(s) 'example_xcom_args_with_operators', 'example_xcom_args' retrieved from /home/airflow/.local/lib/python3.12/site-packages/airflow/example_dags/example_xcomargs.py
[2026-08-06T05:40:22.784+0000] {logging_mixin.py:190} INFO - [2026-08-06T05:40:22.783+0000] {dag.py:3239} INFO - Sync 2 DAGs
[2026-08-06T05:40:22.821+0000] {logging_mixin.py:190} INFO - [2026-08-06T05:40:22.820+0000] {dag.py:4180} INFO - Setting next_dagrun for example_xcom_args to None, run_after=None
[2026-08-06T05:40:22.829+0000] {logging_mixin.py:190} INFO - [2026-08-06T05:40:22.828+0000] {dag.py:4180} INFO - Setting next_dagrun for example_xcom_args_with_operators to None, run_after=None
[2026-08-06T05:40:22.872+0000] {processor.py:208} INFO - Processing /home/airflow/.local/lib/python3.12/site-packages/airflow/example_dags/example_xcomargs.py took 0.216 seconds
[2026-08-06T05:40:53.124+0000] {processor.py:186} INFO - Started process (PID=596) to work on /home/airflow/.local/lib/python3.12/site-packages/airflow/example_dags/example_xcomargs.py
[2026-08-06T05:40:53.127+0000] {processor.py:914} INFO - Processing file /home/airflow/.local/lib/python3.12/site-packages/airflow/example_dags/example_xcomargs.py for tasks to queue
[2026-08-06T05:40:53.133+0000] {logging_mixin.py:190} INFO - [2026-08-06T05:40:53.132+0000] {dagbag.py:588} INFO - Filling up the DagBag from /home/airflow/.local/lib/python3.12/site-packages/airflow/example_dags/example_xcomargs.py
[2026-08-06T05:40:53.159+0000] {processor.py:925} INFO - DAG(s) 'example_xcom_args', 'example_xcom_args_with_operators' retrieved from /home/airflow/.local/lib/python3.12/site-packages/airflow/example_dags/example_xcomargs.py
[2026-08-06T05:40:53.212+0000] {logging_mixin.py:190} INFO - [2026-08-06T05:40:53.211+0000] {dag.py:3239} INFO - Sync 2 DAGs
[2026-08-06T05:40:53.243+0000] {logging_mixin.py:190} INFO - [2026-08-06T05:40:53.243+0000] {dag.py:4180} INFO - Setting next_dagrun for example_xcom_args to None, run_after=None
[2026-08-06T05:40:53.252+0000] {logging_mixin.py:190} INFO - [2026-08-06T05:40:53.252+0000] {dag.py:4180} INFO - Setting next_dagrun for example_xcom_args_with_operators to None, run_after=None
[2026-08-06T05:40:53.295+0000] {processor.py:208} INFO - Processing /home/airflow/.local/lib/python3.12/site-packages/airflow/example_dags/example_xcomargs.py took 0.184 seconds
[2026-08-06T05:41:26.661+0000] {processor.py:186} INFO - Started process (PID=660) to work on /home/airflow/.local/lib/python3.12/site-packages/airflow/example_dags/example_xcomargs.py
[2026-08-06T05:41:26.663+0000] {processor.py:914} INFO - Processing file /home/airflow/.local/lib/python3.12/site-packages/airflow/example_dags/example_xcomargs.py for tasks to queue
[2026-08-06T05:41:26.680+0000] {logging_mixin.py:190} INFO - [2026-08-06T05:41:26.679+0000] {dagbag.py:588} INFO - Filling up the DagBag from /home/airflow/.local/lib/python3.12/site-packages/airflow/example_dags/example_xcomargs.py
[2026-08-06T05:41:26.705+0000] {processor.py:925} INFO - DAG(s) 'example_xcom_args_with_operators', 'example_xcom_args' retrieved from /home/airflow/.local/lib/python3.12/site-packages/airflow/example_dags/example_xcomargs.py
[2026-08-06T05:41:26.747+0000] {logging_mixin.py:190} INFO - [2026-08-06T05:41:26.747+0000] {dag.py:3239} INFO - Sync 2 DAGs
[2026-08-06T05:41:26.767+0000] {logging_mixin.py:190} INFO - [2026-08-06T05:41:26.767+0000] {dag.py:4180} INFO - Setting next_dagrun for example_xcom_args to None, run_after=None
[2026-08-06T05:41:26.774+0000] {logging_mixin.py:190} INFO - [2026-08-06T05:41:26.773+0000] {dag.py:4180} INFO - Setting next_dagrun for example_xcom_args_with_operators to None, run_after=None
[2026-08-06T05:41:26.799+0000] {processor.py:208} INFO - Processing /home/airflow/.local/lib/python3.12/site-packages/airflow/example_dags/example_xcomargs.py took 0.155 seconds
[2026-08-06T05:41:57.501+0000] {processor.py:186} INFO - Started process (PID=723) to work on /home/airflow/.local/lib/python3.12/site-packages/airflow/example_dags/example_xcomargs.py
[2026-08-06T05:41:57.504+0000] {processor.py:914} INFO - Processing file /home/airflow/.local/lib/python3.12/site-packages/airflow/example_dags/example_xcomargs.py for tasks to queue
[2026-08-06T05:41:57.509+0000] {logging_mixin.py:190} INFO - [2026-08-06T05:41:57.509+0000] {dagbag.py:588} INFO - Filling up the DagBag from /home/airflow/.local/lib/python3.12/site-packages/airflow/example_dags/example_xcomargs.py
[2026-08-06T05:41:57.532+0000] {processor.py:925} INFO - DAG(s) 'example_xcom_args', 'example_xcom_args_with_operators' retrieved from /home/airflow/.local/lib/python3.12/site-packages/airflow/example_dags/example_xcomargs.py
[2026-08-06T05:41:57.588+0000] {logging_mixin.py:190} INFO - [2026-08-06T05:41:57.588+0000] {dag.py:3239} INFO - Sync 2 DAGs
[2026-08-06T05:41:57.619+0000] {logging_mixin.py:190} INFO - [2026-08-06T05:41:57.617+0000] {dag.py:4180} INFO - Setting next_dagrun for example_xcom_args to None, run_after=None
[2026-08-06T05:41:57.629+0000] {logging_mixin.py:190} INFO - [2026-08-06T05:41:57.628+0000] {dag.py:4180} INFO - Setting next_dagrun for example_xcom_args_with_operators to None, run_after=None
[2026-08-06T05:41:57.663+0000] {processor.py:208} INFO - Processing /home/airflow/.local/lib/python3.12/site-packages/airflow/example_dags/example_xcomargs.py took 0.171 seconds
[2026-08-06T05:42:28.701+0000] {processor.py:186} INFO - Started process (PID=787) to work on /home/airflow/.local/lib/python3.12/site-packages/airflow/example_dags/example_xcomargs.py
[2026-08-06T05:42:28.703+0000] {processor.py:914} INFO - Processing file /home/airflow/.local/lib/python3.12/site-packages/airflow/example_dags/example_xcomargs.py for tasks to queue
[2026-08-06T05:42:28.707+0000] {logging_mixin.py:190} INFO - [2026-08-06T05:42:28.707+0000] {dagbag.py:588} INFO - Filling up the DagBag from /home/airflow/.local/lib/python3.12/site-packages/airflow/example_dags/example_xcomargs.py
[2026-08-06T05:42:28.722+0000] {processor.py:925} INFO - DAG(s) 'example_xcom_args_with_operators', 'example_xcom_args' retrieved from /home/airflow/.local/lib/python3.12/site-packages/airflow/example_dags/example_xcomargs.py
[2026-08-06T05:42:28.757+0000] {logging_mixin.py:190} INFO - [2026-08-06T05:42:28.756+0000] {dag.py:3239} INFO - Sync 2 DAGs
[2026-08-06T05:42:28.777+0000] {logging_mixin.py:190} INFO - [2026-08-06T05:42:28.777+0000] {dag.py:4180} INFO - Setting next_dagrun for example_xcom_args to None, run_after=None
[2026-08-06T05:42:28.783+0000] {logging_mixin.py:190} INFO - [2026-08-06T05:42:28.782+0000] {dag.py:4180} INFO - Setting next_dagrun for example_xcom_args_with_operators to None, run_after=None
[2026-08-06T05:42:28.817+0000] {processor.py:208} INFO - Processing /home/airflow/.local/lib/python3.12/site-packages/airflow/example_dags/example_xcomargs.py took 0.124 seconds
[2026-08-06T05:42:59.779+0000] {processor.py:186} INFO - Started process (PID=851) to work on /home/airflow/.local/lib/python3.12/site-packages/airflow/example_dags/example_xcomargs.py
[2026-08-06T05:42:59.782+0000] {processor.py:914} INFO - Processing file /home/airflow/.local/lib/python3.12/site-packages/airflow/example_dags/example_xcomargs.py for tasks to queue
[2026-08-06T05:42:59.790+0000] {logging_mixin.py:190} INFO - [2026-08-06T05:42:59.787+0000] {dagbag.py:588} INFO - Filling up the DagBag from /home/airflow/.local/lib/python3.12/site-packages/airflow/example_dags/example_xcomargs.py
[2026-08-06T05:42:59.816+0000] {processor.py:925} INFO - DAG(s) 'example_xcom_args_with_operators', 'example_xcom_args' retrieved from /home/airflow/.local/lib/python3.12/site-packages/airflow/example_dags/example_xcomargs.py
[2026-08-06T05:42:59.872+0000] {logging_mixin.py:190} INFO - [2026-08-06T05:42:59.871+0000] {dag.py:3239} INFO - Sync 2 DAGs
[2026-08-06T05:42:59.897+0000] {logging_mixin.py:190} INFO - [2026-08-06T05:42:59.896+0000] {dag.py:4180} INFO - Setting next_dagrun for example_xcom_args to None, run_after=None
[2026-08-06T05:42:59.904+0000] {logging_mixin.py:190} INFO - [2026-08-06T05:42:59.904+0000] {dag.py:4180} INFO - Setting next_dagrun for example_xcom_args_with_operators to None, run_after=None
[2026-08-06T05:42:59.933+0000] {processor.py:208} INFO - Processing /home/airflow/.local/lib/python3.12/site-packages/airflow/example_dags/example_xcomargs.py took 0.163 seconds
[2026-08-06T05:43:30.755+0000] {processor.py:186} INFO - Started process (PID=914) to work on /home/airflow/.local/lib/python3.12/site-packages/airflow/example_dags/example_xcomargs.py
[2026-08-06T05:43:30.757+0000] {processor.py:914} INFO - Processing file /home/airflow/.local/lib/python3.12/site-packages/airflow/example_dags/example_xcomargs.py for tasks to queue
[2026-08-06T05:43:30.762+0000] {logging_mixin.py:190} INFO - [2026-08-06T05:43:30.761+0000] {dagbag.py:588} INFO - Filling up the DagBag from /home/airflow/.local/lib/python3.12/site-packages/airflow/example_dags/example_xcomargs.py
[2026-08-06T05:43:30.782+0000] {processor.py:925} INFO - DAG(s) 'example_xcom_args_with_operators', 'example_xcom_args' retrieved from /home/airflow/.local/lib/python3.12/site-packages/airflow/example_dags/example_xcomargs.py
[2026-08-06T05:43:30.821+0000] {logging_mixin.py:190} INFO - [2026-08-06T05:43:30.821+0000] {dag.py:3239} INFO - Sync 2 DAGs
[2026-08-06T05:43:30.847+0000] {logging_mixin.py:190} INFO - [2026-08-06T05:43:30.846+0000] {dag.py:4180} INFO - Setting next_dagrun for example_xcom_args to None, run_after=None
[2026-08-06T05:43:30.857+0000] {logging_mixin.py:190} INFO - [2026-08-06T05:43:30.856+0000] {dag.py:4180} INFO - Setting next_dagrun for example_xcom_args_with_operators to None, run_after=None
[2026-08-06T05:43:30.901+0000] {processor.py:208} INFO - Processing /home/airflow/.local/lib/python3.12/site-packages/airflow/example_dags/example_xcomargs.py took 0.159 seconds
[2026-08-06T05:44:01.958+0000] {processor.py:186} INFO - Started process (PID=993) to work on /home/airflow/.local/lib/python3.12/site-packages/airflow/example_dags/example_xcomargs.py
[2026-08-06T05:44:01.960+0000] {processor.py:914} INFO - Processing file /home/airflow/.local/lib/python3.12/site-packages/airflow/example_dags/example_xcomargs.py for tasks to queue
[2026-08-06T05:44:01.964+0000] {logging_mixin.py:190} INFO - [2026-08-06T05:44:01.963+0000] {dagbag.py:588} INFO - Filling up the DagBag from /home/airflow/.local/lib/python3.12/site-packages/airflow/example_dags/example_xcomargs.py
[2026-08-06T05:44:01.984+0000] {processor.py:925} INFO - DAG(s) 'example_xcom_args', 'example_xcom_args_with_operators' retrieved from /home/airflow/.local/lib/python3.12/site-packages/airflow/example_dags/example_xcomargs.py
[2026-08-06T05:44:02.026+0000] {logging_mixin.py:190} INFO - [2026-08-06T05:44:02.026+0000] {dag.py:3239} INFO - Sync 2 DAGs
[2026-08-06T05:44:02.052+0000] {logging_mixin.py:190} INFO - [2026-08-06T05:44:02.051+0000] {dag.py:4180} INFO - Setting next_dagrun for example_xcom_args to None, run_after=None
[2026-08-06T05:44:02.058+0000] {logging_mixin.py:190} INFO - [2026-08-06T05:44:02.058+0000] {dag.py:4180} INFO - Setting next_dagrun for example_xcom_args_with_operators to None, run_after=None
[2026-08-06T05:44:02.144+0000] {processor.py:208} INFO - Processing /home/airflow/.local/lib/python3.12/site-packages/airflow/example_dags/example_xcomargs.py took 0.197 seconds
[2026-08-06T05:44:33.241+0000] {processor.py:186} INFO - Started process (PID=1057) to work on /home/airflow/.local/lib/python3.12/site-packages/airflow/example_dags/example_xcomargs.py
[2026-08-06T05:44:33.243+0000] {processor.py:914} INFO - Processing file /home/airflow/.local/lib/python3.12/site-packages/airflow/example_dags/example_xcomargs.py for tasks to queue
[2026-08-06T05:44:33.248+0000] {logging_mixin.py:190} INFO - [2026-08-06T05:44:33.248+0000] {dagbag.py:588} INFO - Filling up the DagBag from /home/airflow/.local/lib/python3.12/site-packages/airflow/example_dags/example_xcomargs.py
[2026-08-06T05:44:33.264+0000] {processor.py:925} INFO - DAG(s) 'example_xcom_args_with_operators', 'example_xcom_args' retrieved from /home/airflow/.local/lib/python3.12/site-packages/airflow/example_dags/example_xcomargs.py
[2026-08-06T05:44:33.304+0000] {logging_mixin.py:190} INFO - [2026-08-06T05:44:33.304+0000] {dag.py:3239} INFO - Sync 2 DAGs
[2026-08-06T05:44:33.327+0000] {logging_mixin.py:190} INFO - [2026-08-06T05:44:33.326+0000] {dag.py:4180} INFO - Setting next_dagrun for example_xcom_args to None, run_after=None
[2026-08-06T05:44:33.334+0000] {logging_mixin.py:190} INFO - [2026-08-06T05:44:33.334+0000] {dag.py:4180} INFO - Setting next_dagrun for example_xcom_args_with_operators to None, run_after=None
[2026-08-06T05:44:33.364+0000] {processor.py:208} INFO - Processing /home/airflow/.local/lib/python3.12/site-packages/airflow/example_dags/example_xcomargs.py took 0.131 seconds
[2026-08-06T05:45:04.754+0000] {processor.py:186} INFO - Started process (PID=1119) to work on /home/airflow/.local/lib/python3.12/site-packages/airflow/example_dags/example_xcomargs.py
[2026-08-06T05:45:04.757+0000] {processor.py:914} INFO - Processing file /home/airflow/.local/lib/python3.12/site-packages/airflow/example_dags/example_xcomargs.py for tasks to queue
[2026-08-06T05:45:04.761+0000] {logging_mixin.py:190} INFO - [2026-08-06T05:45:04.760+0000] {dagbag.py:588} INFO - Filling up the DagBag from /home/airflow/.local/lib/python3.12/site-packages/airflow/example_dags/example_xcomargs.py
[2026-08-06T05:45:04.778+0000] {processor.py:925} INFO - DAG(s) 'example_xcom_args', 'example_xcom_args_with_operators' retrieved from /home/airflow/.local/lib/python3.12/site-packages/airflow/example_dags/example_xcomargs.py
[2026-08-06T05:45:04.821+0000] {logging_mixin.py:190} INFO - [2026-08-06T05:45:04.820+0000] {dag.py:3239} INFO - Sync 2 DAGs
[2026-08-06T05:45:04.845+0000] {logging_mixin.py:190} INFO - [2026-08-06T05:45:04.845+0000] {dag.py:4180} INFO - Setting next_dagrun for example_xcom_args to None, run_after=None
[2026-08-06T05:45:04.851+0000] {logging_mixin.py:190} INFO - [2026-08-06T05:45:04.851+0000] {dag.py:4180} INFO - Setting next_dagrun for example_xcom_args_with_operators to None, run_after=None
[2026-08-06T05:45:04.880+0000] {processor.py:208} INFO - Processing /home/airflow/.local/lib/python3.12/site-packages/airflow/example_dags/example_xcomargs.py took 0.134 seconds
[2026-08-06T05:45:36.936+0000] {processor.py:186} INFO - Started process (PID=1183) to work on /home/airflow/.local/lib/python3.12/site-packages/airflow/example_dags/example_xcomargs.py
[2026-08-06T05:45:36.942+0000] {processor.py:914} INFO - Processing file /home/airflow/.local/lib/python3.12/site-packages/airflow/example_dags/example_xcomargs.py for tasks to queue
[2026-08-06T05:45:36.946+0000] {logging_mixin.py:190} INFO - [2026-08-06T05:45:36.945+0000] {dagbag.py:588} INFO - Filling up the DagBag from /home/airflow/.local/lib/python3.12/site-packages/airflow/example_dags/example_xcomargs.py
[2026-08-06T05:45:36.970+0000] {processor.py:925} INFO - DAG(s) 'example_xcom_args_with_operators', 'example_xcom_args' retrieved from /home/airflow/.local/lib/python3.12/site-packages/airflow/example_dags/example_xcomargs.py
[2026-08-06T05:45:37.015+0000] {logging_mixin.py:190} INFO - [2026-08-06T05:45:37.014+0000] {dag.py:3239} INFO - Sync 2 DAGs
[2026-08-06T05:45:37.040+0000] {logging_mixin.py:190} INFO - [2026-08-06T05:45:37.039+0000] {dag.py:4180} INFO - Setting next_dagrun for example_xcom_args to None, run_after=None
[2026-08-06T05:45:37.047+0000] {logging_mixin.py:190} INFO - [2026-08-06T05:45:37.047+0000] {dag.py:4180} INFO - Setting next_dagrun for example_xcom_args_with_operators to None, run_after=None
[2026-08-06T05:45:37.079+0000] {processor.py:208} INFO - Processing /home/airflow/.local/lib/python3.12/site-packages/airflow/example_dags/example_xcomargs.py took 0.153 seconds
[2026-08-06T05:46:08.122+0000] {processor.py:186} INFO - Started process (PID=1247) to work on /home/airflow/.local/lib/python3.12/site-packages/airflow/example_dags/example_xcomargs.py
[2026-08-06T05:46:08.125+0000] {processor.py:914} INFO - Processing file /home/airflow/.local/lib/python3.12/site-packages/airflow/example_dags/example_xcomargs.py for tasks to queue
[2026-08-06T05:46:08.132+0000] {logging_mixin.py:190} INFO - [2026-08-06T05:46:08.130+0000] {dagbag.py:588} INFO - Filling up the DagBag from /home/airflow/.local/lib/python3.12/site-packages/airflow/example_dags/example_xcomargs.py
[2026-08-06T05:46:08.162+0000] {processor.py:925} INFO - DAG(s) 'example_xcom_args_with_operators', 'example_xcom_args' retrieved from /home/airflow/.local/lib/python3.12/site-packages/airflow/example_dags/example_xcomargs.py
[2026-08-06T05:46:08.231+0000] {logging_mixin.py:190} INFO - [2026-08-06T05:46:08.230+0000] {dag.py:3239} INFO - Sync 2 DAGs
[2026-08-06T05:46:08.254+0000] {logging_mixin.py:190} INFO - [2026-08-06T05:46:08.253+0000] {dag.py:4180} INFO - Setting next_dagrun for example_xcom_args to None, run_after=None
[2026-08-06T05:46:08.262+0000] {logging_mixin.py:190} INFO - [2026-08-06T05:46:08.261+0000] {dag.py:4180} INFO - Setting next_dagrun for example_xcom_args_with_operators to None, run_after=None
[2026-08-06T05:46:08.293+0000] {processor.py:208} INFO - Processing /home/airflow/.local/lib/python3.12/site-packages/airflow/example_dags/example_xcomargs.py took 0.184 seconds
[2026-08-06T05:46:39.059+0000] {processor.py:186} INFO - Started process (PID=1311) to work on /home/airflow/.local/lib/python3.12/site-packages/airflow/example_dags/example_xcomargs.py
[2026-08-06T05:46:39.061+0000] {processor.py:914} INFO - Processing file /home/airflow/.local/lib/python3.12/site-packages/airflow/example_dags/example_xcomargs.py for tasks to queue
[2026-08-06T05:46:39.064+0000] {logging_mixin.py:190} INFO - [2026-08-06T05:46:39.064+0000] {dagbag.py:588} INFO - Filling up the DagBag from /home/airflow/.local/lib/python3.12/site-packages/airflow/example_dags/example_xcomargs.py
[2026-08-06T05:46:39.080+0000] {processor.py:925} INFO - DAG(s) 'example_xcom_args_with_operators', 'example_xcom_args' retrieved from /home/airflow/.local/lib/python3.12/site-packages/airflow/example_dags/example_xcomargs.py
[2026-08-06T05:46:39.115+0000] {logging_mixin.py:190} INFO - [2026-08-06T05:46:39.115+0000] {dag.py:3239} INFO - Sync 2 DAGs
[2026-08-06T05:46:39.139+0000] {logging_mixin.py:190} INFO - [2026-08-06T05:46:39.138+0000] {dag.py:4180} INFO - Setting next_dagrun for example_xcom_args to None, run_after=None
[2026-08-06T05:46:39.145+0000] {logging_mixin.py:190} INFO - [2026-08-06T05:46:39.144+0000] {dag.py:4180} INFO - Setting next_dagrun for example_xcom_args_with_operators to None, run_after=None
[2026-08-06T05:46:39.210+0000] {processor.py:208} INFO - Processing /home/airflow/.local/lib/python3.12/site-packages/airflow/example_dags/example_xcomargs.py took 0.159 seconds
[2026-08-06T05:47:12.408+0000] {processor.py:186} INFO - Started process (PID=1375) to work on /home/airflow/.local/lib/python3.12/site-packages/airflow/example_dags/example_xcomargs.py
[2026-08-06T05:47:12.410+0000] {processor.py:914} INFO - Processing file /home/airflow/.local/lib/python3.12/site-packages/airflow/example_dags/example_xcomargs.py for tasks to queue
[2026-08-06T05:47:12.414+0000] {logging_mixin.py:190} INFO - [2026-08-06T05:47:12.413+0000] {dagbag.py:588} INFO - Filling up the DagBag from /home/airflow/.local/lib/python3.12/site-packages/airflow/example_dags/example_xcomargs.py
[2026-08-06T05:47:12.433+0000] {processor.py:925} INFO - DAG(s) 'example_xcom_args', 'example_xcom_args_with_operators' retrieved from /home/airflow/.local/lib/python3.12/site-packages/airflow/example_dags/example_xcomargs.py
[2026-08-06T05:47:12.478+0000] {logging_mixin.py:190} INFO - [2026-08-06T05:47:12.478+0000] {dag.py:3239} INFO - Sync 2 DAGs
[2026-08-06T05:47:12.505+0000] {logging_mixin.py:190} INFO - [2026-08-06T05:47:12.505+0000] {dag.py:4180} INFO - Setting next_dagrun for example_xcom_args to None, run_after=None
[2026-08-06T05:47:12.511+0000] {logging_mixin.py:190} INFO - [2026-08-06T05:47:12.511+0000] {dag.py:4180} INFO - Setting next_dagrun for example_xcom_args_with_operators to None, run_after=None
[2026-08-06T05:47:12.544+0000] {processor.py:208} INFO - Processing /home/airflow/.local/lib/python3.12/site-packages/airflow/example_dags/example_xcomargs.py took 0.145 seconds
[2026-08-06T05:47:43.400+0000] {processor.py:186} INFO - Started process (PID=1439) to work on /home/airflow/.local/lib/python3.12/site-packages/airflow/example_dags/example_xcomargs.py
[2026-08-06T05:47:43.402+0000] {processor.py:914} INFO - Processing file /home/airflow/.local/lib/python3.12/site-packages/airflow/example_dags/example_xcomargs.py for tasks to queue
[2026-08-06T05:47:43.407+0000] {logging_mixin.py:190} INFO - [2026-08-06T05:47:43.406+0000] {dagbag.py:588} INFO - Filling up the DagBag from /home/airflow/.local/lib/python3.12/site-packages/airflow/example_dags/example_xcomargs.py
[2026-08-06T05:47:43.424+0000] {processor.py:925} INFO - DAG(s) 'example_xcom_args', 'example_xcom_args_with_operators' retrieved from /home/airflow/.local/lib/python3.12/site-packages/airflow/example_dags/example_xcomargs.py
[2026-08-06T05:47:43.464+0000] {logging_mixin.py:190} INFO - [2026-08-06T05:47:43.464+0000] {dag.py:3239} INFO - Sync 2 DAGs
[2026-08-06T05:47:43.491+0000] {logging_mixin.py:190} INFO - [2026-08-06T05:47:43.490+0000] {dag.py:4180} INFO - Setting next_dagrun for example_xcom_args to None, run_after=None
[2026-08-06T05:47:43.496+0000] {logging_mixin.py:190} INFO - [2026-08-06T05:47:43.496+0000] {dag.py:4180} INFO - Setting next_dagrun for example_xcom_args_with_operators to None, run_after=None
[2026-08-06T05:47:43.523+0000] {processor.py:208} INFO - Processing /home/airflow/.local/lib/python3.12/site-packages/airflow/example_dags/example_xcomargs.py took 0.132 seconds
[2026-08-06T05:48:15.074+0000] {processor.py:186} INFO - Started process (PID=1503) to work on /home/airflow/.local/lib/python3.12/site-packages/airflow/example_dags/example_xcomargs.py
[2026-08-06T05:48:15.076+0000] {processor.py:914} INFO - Processing file /home/airflow/.local/lib/python3.12/site-packages/airflow/example_dags/example_xcomargs.py for tasks to queue
[2026-08-06T05:48:15.079+0000] {logging_mixin.py:190} INFO - [2026-08-06T05:48:15.079+0000] {dagbag.py:588} INFO - Filling up the DagBag from /home/airflow/.local/lib/python3.12/site-packages/airflow/example_dags/example_xcomargs.py
[2026-08-06T05:48:15.099+0000] {processor.py:925} INFO - DAG(s) 'example_xcom_args', 'example_xcom_args_with_operators' retrieved from /home/airflow/.local/lib/python3.12/site-packages/airflow/example_dags/example_xcomargs.py
[2026-08-06T05:48:15.150+0000] {logging_mixin.py:190} INFO - [2026-08-06T05:48:15.149+0000] {dag.py:3239} INFO - Sync 2 DAGs
[2026-08-06T05:48:15.182+0000] {logging_mixin.py:190} INFO - [2026-08-06T05:48:15.182+0000] {dag.py:4180} INFO - Setting next_dagrun for example_xcom_args to None, run_after=None
[2026-08-06T05:48:15.188+0000] {logging_mixin.py:190} INFO - [2026-08-06T05:48:15.188+0000] {dag.py:4180} INFO - Setting next_dagrun for example_xcom_args_with_operators to None, run_after=None
[2026-08-06T05:48:15.246+0000] {processor.py:208} INFO - Processing /home/airflow/.local/lib/python3.12/site-packages/airflow/example_dags/example_xcomargs.py took 0.179 seconds
[2026-08-06T05:48:46.737+0000] {processor.py:186} INFO - Started process (PID=1576) to work on /home/airflow/.local/lib/python3.12/site-packages/airflow/example_dags/example_xcomargs.py
[2026-08-06T05:48:46.740+0000] {processor.py:914} INFO - Processing file /home/airflow/.local/lib/python3.12/site-packages/airflow/example_dags/example_xcomargs.py for tasks to queue
[2026-08-06T05:48:46.748+0000] {logging_mixin.py:190} INFO - [2026-08-06T05:48:46.747+0000] {dagbag.py:588} INFO - Filling up the DagBag from /home/airflow/.local/lib/python3.12/site-packages/airflow/example_dags/example_xcomargs.py
[2026-08-06T05:48:46.779+0000] {processor.py:925} INFO - DAG(s) 'example_xcom_args_with_operators', 'example_xcom_args' retrieved from /home/airflow/.local/lib/python3.12/site-packages/airflow/example_dags/example_xcomargs.py
[2026-08-06T05:48:46.840+0000] {logging_mixin.py:190} INFO - [2026-08-06T05:48:46.839+0000] {dag.py:3239} INFO - Sync 2 DAGs
[2026-08-06T05:48:46.881+0000] {logging_mixin.py:190} INFO - [2026-08-06T05:48:46.881+0000] {dag.py:4180} INFO - Setting next_dagrun for example_xcom_args to None, run_after=None
[2026-08-06T05:48:46.892+0000] {logging_mixin.py:190} INFO - [2026-08-06T05:48:46.891+0000] {dag.py:4180} INFO - Setting next_dagrun for example_xcom_args_with_operators to None, run_after=None
[2026-08-06T05:48:46.969+0000] {processor.py:208} INFO - Processing /home/airflow/.local/lib/python3.12/site-packages/airflow/example_dags/example_xcomargs.py took 0.247 seconds
[2026-08-06T05:49:17.349+0000] {processor.py:186} INFO - Started process (PID=1647) to work on /home/airflow/.local/lib/python3.12/site-packages/airflow/example_dags/example_xcomargs.py
[2026-08-06T05:49:17.351+0000] {processor.py:914} INFO - Processing file /home/airflow/.local/lib/python3.12/site-packages/airflow/example_dags/example_xcomargs.py for tasks to queue
[2026-08-06T05:49:17.355+0000] {logging_mixin.py:190} INFO - [2026-08-06T05:49:17.354+0000] {dagbag.py:588} INFO - Filling up the DagBag from /home/airflow/.local/lib/python3.12/site-packages/airflow/example_dags/example_xcomargs.py
[2026-08-06T05:49:17.371+0000] {processor.py:925} INFO - DAG(s) 'example_xcom_args_with_operators', 'example_xcom_args' retrieved from /home/airflow/.local/lib/python3.12/site-packages/airflow/example_dags/example_xcomargs.py
[2026-08-06T05:49:17.408+0000] {logging_mixin.py:190} INFO - [2026-08-06T05:49:17.408+0000] {dag.py:3239} INFO - Sync 2 DAGs
[2026-08-06T05:49:17.436+0000] {logging_mixin.py:190} INFO - [2026-08-06T05:49:17.435+0000] {dag.py:4180} INFO - Setting next_dagrun for example_xcom_args to None, run_after=None
[2026-08-06T05:49:17.445+0000] {logging_mixin.py:190} INFO - [2026-08-06T05:49:17.444+0000] {dag.py:4180} INFO - Setting next_dagrun for example_xcom_args_with_operators to None, run_after=None
[2026-08-06T05:49:17.495+0000] {processor.py:208} INFO - Processing /home/airflow/.local/lib/python3.12/site-packages/airflow/example_dags/example_xcomargs.py took 0.154 seconds
[2026-08-06T05:49:48.981+0000] {processor.py:186} INFO - Started process (PID=1711) to work on /home/airflow/.local/lib/python3.12/site-packages/airflow/example_dags/example_xcomargs.py
[2026-08-06T05:49:48.983+0000] {processor.py:914} INFO - Processing file /home/airflow/.local/lib/python3.12/site-packages/airflow/example_dags/example_xcomargs.py for tasks to queue
[2026-08-06T05:49:48.988+0000] {logging_mixin.py:190} INFO - [2026-08-06T05:49:48.988+0000] {dagbag.py:588} INFO - Filling up the DagBag from /home/airflow/.local/lib/python3.12/site-packages/airflow/example_dags/example_xcomargs.py
[2026-08-06T05:49:49.004+0000] {processor.py:925} INFO - DAG(s) 'example_xcom_args_with_operators', 'example_xcom_args' retrieved from /home/airflow/.local/lib/python3.12/site-packages/airflow/example_dags/example_xcomargs.py
[2026-08-06T05:49:49.048+0000] {logging_mixin.py:190} INFO - [2026-08-06T05:49:49.047+0000] {dag.py:3239} INFO - Sync 2 DAGs
[2026-08-06T05:49:49.069+0000] {logging_mixin.py:190} INFO - [2026-08-06T05:49:49.069+0000] {dag.py:4180} INFO - Setting next_dagrun for example_xcom_args to None, run_after=None
[2026-08-06T05:49:49.076+0000] {logging_mixin.py:190} INFO - [2026-08-06T05:49:49.075+0000] {dag.py:4180} INFO - Setting next_dagrun for example_xcom_args_with_operators to None, run_after=None
[2026-08-06T05:49:49.110+0000] {processor.py:208} INFO - Processing /home/airflow/.local/lib/python3.12/site-packages/airflow/example_dags/example_xcomargs.py took 0.143 seconds
[2026-08-06T05:50:19.939+0000] {processor.py:186} INFO - Started process (PID=1775) to work on /home/airflow/.local/lib/python3.12/site-packages/airflow/example_dags/example_xcomargs.py
[2026-08-06T05:50:19.942+0000] {processor.py:914} INFO - Processing file /home/airflow/.local/lib/python3.12/site-packages/airflow/example_dags/example_xcomargs.py for tasks to queue
[2026-08-06T05:50:19.947+0000] {logging_mixin.py:190} INFO - [2026-08-06T05:50:19.947+0000] {dagbag.py:588} INFO - Filling up the DagBag from /home/airflow/.local/lib/python3.12/site-packages/airflow/example_dags/example_xcomargs.py
[2026-08-06T05:50:19.969+0000] {processor.py:925} INFO - DAG(s) 'example_xcom_args', 'example_xcom_args_with_operators' retrieved from /home/airflow/.local/lib/python3.12/site-packages/airflow/example_dags/example_xcomargs.py
[2026-08-06T05:50:20.016+0000] {logging_mixin.py:190} INFO - [2026-08-06T05:50:20.015+0000] {dag.py:3239} INFO - Sync 2 DAGs
[2026-08-06T05:50:20.038+0000] {logging_mixin.py:190} INFO - [2026-08-06T05:50:20.037+0000] {dag.py:4180} INFO - Setting next_dagrun for example_xcom_args to None, run_after=None
[2026-08-06T05:50:20.045+0000] {logging_mixin.py:190} INFO - [2026-08-06T05:50:20.045+0000] {dag.py:4180} INFO - Setting next_dagrun for example_xcom_args_with_operators to None, run_after=None
[2026-08-06T05:50:20.082+0000] {processor.py:208} INFO - Processing /home/airflow/.local/lib/python3.12/site-packages/airflow/example_dags/example_xcomargs.py took 0.152 seconds
[2026-08-06T05:50:50.146+0000] {processor.py:186} INFO - Started process (PID=1839) to work on /home/airflow/.local/lib/python3.12/site-packages/airflow/example_dags/example_xcomargs.py
[2026-08-06T05:50:50.147+0000] {processor.py:914} INFO - Processing file /home/airflow/.local/lib/python3.12/site-packages/airflow/example_dags/example_xcomargs.py for tasks to queue
[2026-08-06T05:50:50.150+0000] {logging_mixin.py:190} INFO - [2026-08-06T05:50:50.150+0000] {dagbag.py:588} INFO - Filling up the DagBag from /home/airflow/.local/lib/python3.12/site-packages/airflow/example_dags/example_xcomargs.py
[2026-08-06T05:50:50.163+0000] {processor.py:925} INFO - DAG(s) 'example_xcom_args', 'example_xcom_args_with_operators' retrieved from /home/airflow/.local/lib/python3.12/site-packages/airflow/example_dags/example_xcomargs.py
[2026-08-06T05:50:50.199+0000] {logging_mixin.py:190} INFO - [2026-08-06T05:50:50.199+0000] {dag.py:3239} INFO - Sync 2 DAGs
[2026-08-06T05:50:50.223+0000] {logging_mixin.py:190} INFO - [2026-08-06T05:50:50.222+0000] {dag.py:4180} INFO - Setting next_dagrun for example_xcom_args to None, run_after=None
[2026-08-06T05:50:50.228+0000] {logging_mixin.py:190} INFO - [2026-08-06T05:50:50.228+0000] {dag.py:4180} INFO - Setting next_dagrun for example_xcom_args_with_operators to None, run_after=None
[2026-08-06T05:50:50.290+0000] {processor.py:208} INFO - Processing /home/airflow/.local/lib/python3.12/site-packages/airflow/example_dags/example_xcomargs.py took 0.150 seconds
[2026-08-06T05:51:20.667+0000] {processor.py:186} INFO - Started process (PID=1903) to work on /home/airflow/.local/lib/python3.12/site-packages/airflow/example_dags/example_xcomargs.py
[2026-08-06T05:51:20.668+0000] {processor.py:914} INFO - Processing file /home/airflow/.local/lib/python3.12/site-packages/airflow/example_dags/example_xcomargs.py for tasks to queue
[2026-08-06T05:51:20.673+0000] {logging_mixin.py:190} INFO - [2026-08-06T05:51:20.672+0000] {dagbag.py:588} INFO - Filling up the DagBag from /home/airflow/.local/lib/python3.12/site-packages/airflow/example_dags/example_xcomargs.py
[2026-08-06T05:51:20.696+0000] {processor.py:925} INFO - DAG(s) 'example_xcom_args_with_operators', 'example_xcom_args' retrieved from /home/airflow/.local/lib/python3.12/site-packages/airflow/example_dags/example_xcomargs.py
[2026-08-06T05:51:20.757+0000] {logging_mixin.py:190} INFO - [2026-08-06T05:51:20.756+0000] {dag.py:3239} INFO - Sync 2 DAGs
[2026-08-06T05:51:20.783+0000] {logging_mixin.py:190} INFO - [2026-08-06T05:51:20.783+0000] {dag.py:4180} INFO - Setting next_dagrun for example_xcom_args to None, run_after=None
[2026-08-06T05:51:20.790+0000] {logging_mixin.py:190} INFO - [2026-08-06T05:51:20.790+0000] {dag.py:4180} INFO - Setting next_dagrun for example_xcom_args_with_operators to None, run_after=None
[2026-08-06T05:51:20.821+0000] {processor.py:208} INFO - Processing /home/airflow/.local/lib/python3.12/site-packages/airflow/example_dags/example_xcomargs.py took 0.163 seconds
[2026-08-06T05:51:51.178+0000] {processor.py:186} INFO - Started process (PID=1967) to work on /home/airflow/.local/lib/python3.12/site-packages/airflow/example_dags/example_xcomargs.py
[2026-08-06T05:51:51.180+0000] {processor.py:914} INFO - Processing file /home/airflow/.local/lib/python3.12/site-packages/airflow/example_dags/example_xcomargs.py for tasks to queue
[2026-08-06T05:51:51.184+0000] {logging_mixin.py:190} INFO - [2026-08-06T05:51:51.184+0000] {dagbag.py:588} INFO - Filling up the DagBag from /home/airflow/.local/lib/python3.12/site-packages/airflow/example_dags/example_xcomargs.py
[2026-08-06T05:51:51.203+0000] {processor.py:925} INFO - DAG(s) 'example_xcom_args', 'example_xcom_args_with_operators' retrieved from /home/airflow/.local/lib/python3.12/site-packages/airflow/example_dags/example_xcomargs.py
[2026-08-06T05:51:51.242+0000] {logging_mixin.py:190} INFO - [2026-08-06T05:51:51.242+0000] {dag.py:3239} INFO - Sync 2 DAGs
[2026-08-06T05:51:51.267+0000] {logging_mixin.py:190} INFO - [2026-08-06T05:51:51.266+0000] {dag.py:4180} INFO - Setting next_dagrun for example_xcom_args to None, run_after=None
[2026-08-06T05:51:51.276+0000] {logging_mixin.py:190} INFO - [2026-08-06T05:51:51.275+0000] {dag.py:4180} INFO - Setting next_dagrun for example_xcom_args_with_operators to None, run_after=None
[2026-08-06T05:51:51.308+0000] {processor.py:208} INFO - Processing /home/airflow/.local/lib/python3.12/site-packages/airflow/example_dags/example_xcomargs.py took 0.142 seconds
[2026-08-06T05:52:25.460+0000] {processor.py:186} INFO - Started process (PID=2041) to work on /home/airflow/.local/lib/python3.12/site-packages/airflow/example_dags/example_xcomargs.py
[2026-08-06T05:52:25.463+0000] {processor.py:914} INFO - Processing file /home/airflow/.local/lib/python3.12/site-packages/airflow/example_dags/example_xcomargs.py for tasks to queue
[2026-08-06T05:52:25.469+0000] {logging_mixin.py:190} INFO - [2026-08-06T05:52:25.468+0000] {dagbag.py:588} INFO - Filling up the DagBag from /home/airflow/.local/lib/python3.12/site-packages/airflow/example_dags/example_xcomargs.py
[2026-08-06T05:52:25.496+0000] {processor.py:925} INFO - DAG(s) 'example_xcom_args_with_operators', 'example_xcom_args' retrieved from /home/airflow/.local/lib/python3.12/site-packages/airflow/example_dags/example_xcomargs.py
[2026-08-06T05:52:25.546+0000] {logging_mixin.py:190} INFO - [2026-08-06T05:52:25.546+0000] {dag.py:3239} INFO - Sync 2 DAGs
[2026-08-06T05:52:25.574+0000] {logging_mixin.py:190} INFO - [2026-08-06T05:52:25.574+0000] {dag.py:4180} INFO - Setting next_dagrun for example_xcom_args to None, run_after=None
[2026-08-06T05:52:25.582+0000] {logging_mixin.py:190} INFO - [2026-08-06T05:52:25.581+0000] {dag.py:4180} INFO - Setting next_dagrun for example_xcom_args_with_operators to None, run_after=None
[2026-08-06T05:52:25.631+0000] {processor.py:208} INFO - Processing /home/airflow/.local/lib/python3.12/site-packages/airflow/example_dags/example_xcomargs.py took 0.184 seconds
[2026-08-06T05:52:55.921+0000] {processor.py:186} INFO - Started process (PID=2105) to work on /home/airflow/.local/lib/python3.12/site-packages/airflow/example_dags/example_xcomargs.py
[2026-08-06T05:52:55.923+0000] {processor.py:914} INFO - Processing file /home/airflow/.local/lib/python3.12/site-packages/airflow/example_dags/example_xcomargs.py for tasks to queue
[2026-08-06T05:52:55.926+0000] {logging_mixin.py:190} INFO - [2026-08-06T05:52:55.925+0000] {dagbag.py:588} INFO - Filling up the DagBag from /home/airflow/.local/lib/python3.12/site-packages/airflow/example_dags/example_xcomargs.py
[2026-08-06T05:52:55.938+0000] {processor.py:925} INFO - DAG(s) 'example_xcom_args_with_operators', 'example_xcom_args' retrieved from /home/airflow/.local/lib/python3.12/site-packages/airflow/example_dags/example_xcomargs.py
[2026-08-06T05:52:55.966+0000] {logging_mixin.py:190} INFO - [2026-08-06T05:52:55.965+0000] {dag.py:3239} INFO - Sync 2 DAGs
[2026-08-06T05:52:55.988+0000] {logging_mixin.py:190} INFO - [2026-08-06T05:52:55.988+0000] {dag.py:4180} INFO - Setting next_dagrun for example_xcom_args to None, run_after=None
[2026-08-06T05:52:55.994+0000] {logging_mixin.py:190} INFO - [2026-08-06T05:52:55.993+0000] {dag.py:4180} INFO - Setting next_dagrun for example_xcom_args_with_operators to None, run_after=None
[2026-08-06T05:52:56.028+0000] {processor.py:208} INFO - Processing /home/airflow/.local/lib/python3.12/site-packages/airflow/example_dags/example_xcomargs.py took 0.114 seconds
[2026-08-06T05:53:26.447+0000] {processor.py:186} INFO - Started process (PID=2171) to work on /home/airflow/.local/lib/python3.12/site-packages/airflow/example_dags/example_xcomargs.py
[2026-08-06T05:53:26.449+0000] {processor.py:914} INFO - Processing file /home/airflow/.local/lib/python3.12/site-packages/airflow/example_dags/example_xcomargs.py for tasks to queue
[2026-08-06T05:53:26.452+0000] {logging_mixin.py:190} INFO - [2026-08-06T05:53:26.451+0000] {dagbag.py:588} INFO - Filling up the DagBag from /home/airflow/.local/lib/python3.12/site-packages/airflow/example_dags/example_xcomargs.py
[2026-08-06T05:53:26.465+0000] {processor.py:925} INFO - DAG(s) 'example_xcom_args_with_operators', 'example_xcom_args' retrieved from /home/airflow/.local/lib/python3.12/site-packages/airflow/example_dags/example_xcomargs.py
[2026-08-06T05:53:26.495+0000] {logging_mixin.py:190} INFO - [2026-08-06T05:53:26.494+0000] {dag.py:3239} INFO - Sync 2 DAGs
[2026-08-06T05:53:26.516+0000] {logging_mixin.py:190} INFO - [2026-08-06T05:53:26.516+0000] {dag.py:4180} INFO - Setting next_dagrun for example_xcom_args to None, run_after=None
[2026-08-06T05:53:26.520+0000] {logging_mixin.py:190} INFO - [2026-08-06T05:53:26.520+0000] {dag.py:4180} INFO - Setting next_dagrun for example_xcom_args_with_operators to None, run_after=None
[2026-08-06T05:53:26.541+0000] {processor.py:208} INFO - Processing /home/airflow/.local/lib/python3.12/site-packages/airflow/example_dags/example_xcomargs.py took 0.101 seconds
[2026-08-06T05:53:58.945+0000] {processor.py:186} INFO - Started process (PID=2245) to work on /home/airflow/.local/lib/python3.12/site-packages/airflow/example_dags/example_xcomargs.py
[2026-08-06T05:53:58.950+0000] {processor.py:914} INFO - Processing file /home/airflow/.local/lib/python3.12/site-packages/airflow/example_dags/example_xcomargs.py for tasks to queue
[2026-08-06T05:53:58.960+0000] {logging_mixin.py:190} INFO - [2026-08-06T05:53:58.959+0000] {dagbag.py:588} INFO - Filling up the DagBag from /home/airflow/.local/lib/python3.12/site-packages/airflow/example_dags/example_xcomargs.py
[2026-08-06T05:53:58.991+0000] {processor.py:925} INFO - DAG(s) 'example_xcom_args_with_operators', 'example_xcom_args' retrieved from /home/airflow/.local/lib/python3.12/site-packages/airflow/example_dags/example_xcomargs.py
[2026-08-06T05:53:59.060+0000] {logging_mixin.py:190} INFO - [2026-08-06T05:53:59.059+0000] {dag.py:3239} INFO - Sync 2 DAGs
[2026-08-06T05:53:59.112+0000] {logging_mixin.py:190} INFO - [2026-08-06T05:53:59.111+0000] {dag.py:4180} INFO - Setting next_dagrun for example_xcom_args to None, run_after=None
[2026-08-06T05:53:59.124+0000] {logging_mixin.py:190} INFO - [2026-08-06T05:53:59.123+0000] {dag.py:4180} INFO - Setting next_dagrun for example_xcom_args_with_operators to None, run_after=None
[2026-08-06T05:53:59.156+0000] {processor.py:208} INFO - Processing /home/airflow/.local/lib/python3.12/site-packages/airflow/example_dags/example_xcomargs.py took 0.243 seconds
[2026-08-06T05:54:29.975+0000] {processor.py:186} INFO - Started process (PID=2310) to work on /home/airflow/.local/lib/python3.12/site-packages/airflow/example_dags/example_xcomargs.py
[2026-08-06T05:54:29.977+0000] {processor.py:914} INFO - Processing file /home/airflow/.local/lib/python3.12/site-packages/airflow/example_dags/example_xcomargs.py for tasks to queue
[2026-08-06T05:54:29.983+0000] {logging_mixin.py:190} INFO - [2026-08-06T05:54:29.982+0000] {dagbag.py:588} INFO - Filling up the DagBag from /home/airflow/.local/lib/python3.12/site-packages/airflow/example_dags/example_xcomargs.py
[2026-08-06T05:54:30.003+0000] {processor.py:925} INFO - DAG(s) 'example_xcom_args_with_operators', 'example_xcom_args' retrieved from /home/airflow/.local/lib/python3.12/site-packages/airflow/example_dags/example_xcomargs.py
[2026-08-06T05:54:30.056+0000] {logging_mixin.py:190} INFO - [2026-08-06T05:54:30.056+0000] {dag.py:3239} INFO - Sync 2 DAGs
[2026-08-06T05:54:30.087+0000] {logging_mixin.py:190} INFO - [2026-08-06T05:54:30.086+0000] {dag.py:4180} INFO - Setting next_dagrun for example_xcom_args to None, run_after=None
[2026-08-06T05:54:30.093+0000] {logging_mixin.py:190} INFO - [2026-08-06T05:54:30.093+0000] {dag.py:4180} INFO - Setting next_dagrun for example_xcom_args_with_operators to None, run_after=None
[2026-08-06T05:54:30.161+0000] {processor.py:208} INFO - Processing /home/airflow/.local/lib/python3.12/site-packages/airflow/example_dags/example_xcomargs.py took 0.194 seconds
[2026-08-06T05:55:01.977+0000] {processor.py:186} INFO - Started process (PID=2375) to work on /home/airflow/.local/lib/python3.12/site-packages/airflow/example_dags/example_xcomargs.py
[2026-08-06T05:55:01.980+0000] {processor.py:914} INFO - Processing file /home/airflow/.local/lib/python3.12/site-packages/airflow/example_dags/example_xcomargs.py for tasks to queue
[2026-08-06T05:55:01.986+0000] {logging_mixin.py:190} INFO - [2026-08-06T05:55:01.985+0000] {dagbag.py:588} INFO - Filling up the DagBag from /home/airflow/.local/lib/python3.12/site-packages/airflow/example_dags/example_xcomargs.py
[2026-08-06T05:55:02.012+0000] {processor.py:925} INFO - DAG(s) 'example_xcom_args_with_operators', 'example_xcom_args' retrieved from /home/airflow/.local/lib/python3.12/site-packages/airflow/example_dags/example_xcomargs.py
[2026-08-06T05:55:02.069+0000] {logging_mixin.py:190} INFO - [2026-08-06T05:55:02.069+0000] {dag.py:3239} INFO - Sync 2 DAGs
[2026-08-06T05:55:02.101+0000] {logging_mixin.py:190} INFO - [2026-08-06T05:55:02.101+0000] {dag.py:4180} INFO - Setting next_dagrun for example_xcom_args to None, run_after=None
[2026-08-06T05:55:02.109+0000] {logging_mixin.py:190} INFO - [2026-08-06T05:55:02.109+0000] {dag.py:4180} INFO - Setting next_dagrun for example_xcom_args_with_operators to None, run_after=None
[2026-08-06T05:55:02.150+0000] {processor.py:208} INFO - Processing /home/airflow/.local/lib/python3.12/site-packages/airflow/example_dags/example_xcomargs.py took 0.187 seconds
[2026-08-06T05:55:33.611+0000] {processor.py:186} INFO - Started process (PID=2439) to work on /home/airflow/.local/lib/python3.12/site-packages/airflow/example_dags/example_xcomargs.py
[2026-08-06T05:55:33.614+0000] {processor.py:914} INFO - Processing file /home/airflow/.local/lib/python3.12/site-packages/airflow/example_dags/example_xcomargs.py for tasks to queue
[2026-08-06T05:55:33.620+0000] {logging_mixin.py:190} INFO - [2026-08-06T05:55:33.619+0000] {dagbag.py:588} INFO - Filling up the DagBag from /home/airflow/.local/lib/python3.12/site-packages/airflow/example_dags/example_xcomargs.py
[2026-08-06T05:55:33.643+0000] {processor.py:925} INFO - DAG(s) 'example_xcom_args_with_operators', 'example_xcom_args' retrieved from /home/airflow/.local/lib/python3.12/site-packages/airflow/example_dags/example_xcomargs.py
[2026-08-06T05:55:33.711+0000] {logging_mixin.py:190} INFO - [2026-08-06T05:55:33.710+0000] {dag.py:3239} INFO - Sync 2 DAGs
[2026-08-06T05:55:33.777+0000] {logging_mixin.py:190} INFO - [2026-08-06T05:55:33.776+0000] {dag.py:4180} INFO - Setting next_dagrun for example_xcom_args to None, run_after=None
[2026-08-06T05:55:33.802+0000] {logging_mixin.py:190} INFO - [2026-08-06T05:55:33.801+0000] {dag.py:4180} INFO - Setting next_dagrun for example_xcom_args_with_operators to None, run_after=None
[2026-08-06T05:55:33.901+0000] {processor.py:208} INFO - Processing /home/airflow/.local/lib/python3.12/site-packages/airflow/example_dags/example_xcomargs.py took 0.300 seconds
[2026-08-06T05:56:05.400+0000] {processor.py:186} INFO - Started process (PID=2502) to work on /home/airflow/.local/lib/python3.12/site-packages/airflow/example_dags/example_xcomargs.py
[2026-08-06T05:56:05.422+0000] {processor.py:914} INFO - Processing file /home/airflow/.local/lib/python3.12/site-packages/airflow/example_dags/example_xcomargs.py for tasks to queue
[2026-08-06T05:56:05.496+0000] {logging_mixin.py:190} INFO - [2026-08-06T05:56:05.495+0000] {dagbag.py:588} INFO - Filling up the DagBag from /home/airflow/.local/lib/python3.12/site-packages/airflow/example_dags/example_xcomargs.py
[2026-08-06T05:56:05.550+0000] {processor.py:925} INFO - DAG(s) 'example_xcom_args', 'example_xcom_args_with_operators' retrieved from /home/airflow/.local/lib/python3.12/site-packages/airflow/example_dags/example_xcomargs.py
[2026-08-06T05:56:05.619+0000] {logging_mixin.py:190} INFO - [2026-08-06T05:56:05.618+0000] {dag.py:3239} INFO - Sync 2 DAGs
[2026-08-06T05:56:05.710+0000] {logging_mixin.py:190} INFO - [2026-08-06T05:56:05.709+0000] {dag.py:4180} INFO - Setting next_dagrun for example_xcom_args to None, run_after=None
[2026-08-06T05:56:05.724+0000] {logging_mixin.py:190} INFO - [2026-08-06T05:56:05.723+0000] {dag.py:4180} INFO - Setting next_dagrun for example_xcom_args_with_operators to None, run_after=None
[2026-08-06T05:56:05.774+0000] {processor.py:208} INFO - Processing /home/airflow/.local/lib/python3.12/site-packages/airflow/example_dags/example_xcomargs.py took 0.382 seconds
[2026-08-06T05:56:35.953+0000] {processor.py:186} INFO - Started process (PID=2566) to work on /home/airflow/.local/lib/python3.12/site-packages/airflow/example_dags/example_xcomargs.py
[2026-08-06T05:56:35.955+0000] {processor.py:914} INFO - Processing file /home/airflow/.local/lib/python3.12/site-packages/airflow/example_dags/example_xcomargs.py for tasks to queue
[2026-08-06T05:56:35.959+0000] {logging_mixin.py:190} INFO - [2026-08-06T05:56:35.958+0000] {dagbag.py:588} INFO - Filling up the DagBag from /home/airflow/.local/lib/python3.12/site-packages/airflow/example_dags/example_xcomargs.py
[2026-08-06T05:56:35.973+0000] {processor.py:925} INFO - DAG(s) 'example_xcom_args_with_operators', 'example_xcom_args' retrieved from /home/airflow/.local/lib/python3.12/site-packages/airflow/example_dags/example_xcomargs.py
[2026-08-06T05:56:36.027+0000] {logging_mixin.py:190} INFO - [2026-08-06T05:56:36.027+0000] {dag.py:3239} INFO - Sync 2 DAGs
[2026-08-06T05:56:36.044+0000] {logging_mixin.py:190} INFO - [2026-08-06T05:56:36.044+0000] {dag.py:4180} INFO - Setting next_dagrun for example_xcom_args to None, run_after=None
[2026-08-06T05:56:36.049+0000] {logging_mixin.py:190} INFO - [2026-08-06T05:56:36.049+0000] {dag.py:4180} INFO - Setting next_dagrun for example_xcom_args_with_operators to None, run_after=None
[2026-08-06T05:56:36.080+0000] {processor.py:208} INFO - Processing /home/airflow/.local/lib/python3.12/site-packages/airflow/example_dags/example_xcomargs.py took 0.134 seconds
[2026-08-06T05:57:06.217+0000] {processor.py:186} INFO - Started process (PID=2630) to work on /home/airflow/.local/lib/python3.12/site-packages/airflow/example_dags/example_xcomargs.py
[2026-08-06T05:57:06.218+0000] {processor.py:914} INFO - Processing file /home/airflow/.local/lib/python3.12/site-packages/airflow/example_dags/example_xcomargs.py for tasks to queue
[2026-08-06T05:57:06.222+0000] {logging_mixin.py:190} INFO - [2026-08-06T05:57:06.222+0000] {dagbag.py:588} INFO - Filling up the DagBag from /home/airflow/.local/lib/python3.12/site-packages/airflow/example_dags/example_xcomargs.py
[2026-08-06T05:57:06.252+0000] {processor.py:925} INFO - DAG(s) 'example_xcom_args_with_operators', 'example_xcom_args' retrieved from /home/airflow/.local/lib/python3.12/site-packages/airflow/example_dags/example_xcomargs.py
[2026-08-06T05:57:06.304+0000] {logging_mixin.py:190} INFO - [2026-08-06T05:57:06.304+0000] {dag.py:3239} INFO - Sync 2 DAGs
[2026-08-06T05:57:06.331+0000] {logging_mixin.py:190} INFO - [2026-08-06T05:57:06.330+0000] {dag.py:4180} INFO - Setting next_dagrun for example_xcom_args to None, run_after=None
[2026-08-06T05:57:06.339+0000] {logging_mixin.py:190} INFO - [2026-08-06T05:57:06.338+0000] {dag.py:4180} INFO - Setting next_dagrun for example_xcom_args_with_operators to None, run_after=None
[2026-08-06T05:57:06.367+0000] {processor.py:208} INFO - Processing /home/airflow/.local/lib/python3.12/site-packages/airflow/example_dags/example_xcomargs.py took 0.161 seconds
[2026-08-06T05:57:38.694+0000] {processor.py:186} INFO - Started process (PID=2707) to work on /home/airflow/.local/lib/python3.12/site-packages/airflow/example_dags/example_xcomargs.py
[2026-08-06T05:57:38.709+0000] {processor.py:914} INFO - Processing file /home/airflow/.local/lib/python3.12/site-packages/airflow/example_dags/example_xcomargs.py for tasks to queue
[2026-08-06T05:57:38.727+0000] {logging_mixin.py:190} INFO - [2026-08-06T05:57:38.726+0000] {dagbag.py:588} INFO - Filling up the DagBag from /home/airflow/.local/lib/python3.12/site-packages/airflow/example_dags/example_xcomargs.py
[2026-08-06T05:57:38.820+0000] {processor.py:925} INFO - DAG(s) 'example_xcom_args_with_operators', 'example_xcom_args' retrieved from /home/airflow/.local/lib/python3.12/site-packages/airflow/example_dags/example_xcomargs.py
[2026-08-06T05:57:38.965+0000] {logging_mixin.py:190} INFO - [2026-08-06T05:57:38.964+0000] {dag.py:3239} INFO - Sync 2 DAGs
[2026-08-06T05:57:39.122+0000] {logging_mixin.py:190} INFO - [2026-08-06T05:57:39.122+0000] {dag.py:4180} INFO - Setting next_dagrun for example_xcom_args to None, run_after=None
[2026-08-06T05:57:39.172+0000] {logging_mixin.py:190} INFO - [2026-08-06T05:57:39.171+0000] {dag.py:4180} INFO - Setting next_dagrun for example_xcom_args_with_operators to None, run_after=None
[2026-08-06T05:57:39.295+0000] {processor.py:208} INFO - Processing /home/airflow/.local/lib/python3.12/site-packages/airflow/example_dags/example_xcomargs.py took 0.629 seconds
[2026-08-06T05:58:10.183+0000] {processor.py:186} INFO - Started process (PID=2775) to work on /home/airflow/.local/lib/python3.12/site-packages/airflow/example_dags/example_xcomargs.py
[2026-08-06T05:58:10.205+0000] {processor.py:914} INFO - Processing file /home/airflow/.local/lib/python3.12/site-packages/airflow/example_dags/example_xcomargs.py for tasks to queue
[2026-08-06T05:58:10.209+0000] {logging_mixin.py:190} INFO - [2026-08-06T05:58:10.208+0000] {dagbag.py:588} INFO - Filling up the DagBag from /home/airflow/.local/lib/python3.12/site-packages/airflow/example_dags/example_xcomargs.py
[2026-08-06T05:58:10.229+0000] {processor.py:925} INFO - DAG(s) 'example_xcom_args_with_operators', 'example_xcom_args' retrieved from /home/airflow/.local/lib/python3.12/site-packages/airflow/example_dags/example_xcomargs.py
[2026-08-06T05:58:10.274+0000] {logging_mixin.py:190} INFO - [2026-08-06T05:58:10.274+0000] {dag.py:3239} INFO - Sync 2 DAGs
[2026-08-06T05:58:10.295+0000] {logging_mixin.py:190} INFO - [2026-08-06T05:58:10.294+0000] {dag.py:4180} INFO - Setting next_dagrun for example_xcom_args to None, run_after=None
[2026-08-06T05:58:10.301+0000] {logging_mixin.py:190} INFO - [2026-08-06T05:58:10.301+0000] {dag.py:4180} INFO - Setting next_dagrun for example_xcom_args_with_operators to None, run_after=None
[2026-08-06T05:58:10.326+0000] {processor.py:208} INFO - Processing /home/airflow/.local/lib/python3.12/site-packages/airflow/example_dags/example_xcomargs.py took 0.154 seconds
[2026-08-06T05:58:40.613+0000] {processor.py:186} INFO - Started process (PID=2839) to work on /home/airflow/.local/lib/python3.12/site-packages/airflow/example_dags/example_xcomargs.py
[2026-08-06T05:58:40.617+0000] {processor.py:914} INFO - Processing file /home/airflow/.local/lib/python3.12/site-packages/airflow/example_dags/example_xcomargs.py for tasks to queue
[2026-08-06T05:58:40.655+0000] {logging_mixin.py:190} INFO - [2026-08-06T05:58:40.654+0000] {dagbag.py:588} INFO - Filling up the DagBag from /home/airflow/.local/lib/python3.12/site-packages/airflow/example_dags/example_xcomargs.py
[2026-08-06T05:58:40.701+0000] {processor.py:925} INFO - DAG(s) 'example_xcom_args_with_operators', 'example_xcom_args' retrieved from /home/airflow/.local/lib/python3.12/site-packages/airflow/example_dags/example_xcomargs.py
[2026-08-06T05:58:40.809+0000] {logging_mixin.py:190} INFO - [2026-08-06T05:58:40.808+0000] {dag.py:3239} INFO - Sync 2 DAGs
[2026-08-06T05:58:40.852+0000] {logging_mixin.py:190} INFO - [2026-08-06T05:58:40.851+0000] {dag.py:4180} INFO - Setting next_dagrun for example_xcom_args to None, run_after=None
[2026-08-06T05:58:40.864+0000] {logging_mixin.py:190} INFO - [2026-08-06T05:58:40.863+0000] {dag.py:4180} INFO - Setting next_dagrun for example_xcom_args_with_operators to None, run_after=None
[2026-08-06T05:58:40.907+0000] {processor.py:208} INFO - Processing /home/airflow/.local/lib/python3.12/site-packages/airflow/example_dags/example_xcomargs.py took 0.312 seconds
[2026-08-06T05:59:13.572+0000] {processor.py:186} INFO - Started process (PID=2903) to work on /home/airflow/.local/lib/python3.12/site-packages/airflow/example_dags/example_xcomargs.py
[2026-08-06T05:59:13.573+0000] {processor.py:914} INFO - Processing file /home/airflow/.local/lib/python3.12/site-packages/airflow/example_dags/example_xcomargs.py for tasks to queue
[2026-08-06T05:59:13.577+0000] {logging_mixin.py:190} INFO - [2026-08-06T05:59:13.576+0000] {dagbag.py:588} INFO - Filling up the DagBag from /home/airflow/.local/lib/python3.12/site-packages/airflow/example_dags/example_xcomargs.py
[2026-08-06T05:59:13.589+0000] {processor.py:925} INFO - DAG(s) 'example_xcom_args', 'example_xcom_args_with_operators' retrieved from /home/airflow/.local/lib/python3.12/site-packages/airflow/example_dags/example_xcomargs.py
[2026-08-06T05:59:13.620+0000] {logging_mixin.py:190} INFO - [2026-08-06T05:59:13.619+0000] {dag.py:3239} INFO - Sync 2 DAGs
[2026-08-06T05:59:13.637+0000] {logging_mixin.py:190} INFO - [2026-08-06T05:59:13.636+0000] {dag.py:4180} INFO - Setting next_dagrun for example_xcom_args to None, run_after=None
[2026-08-06T05:59:13.643+0000] {logging_mixin.py:190} INFO - [2026-08-06T05:59:13.643+0000] {dag.py:4180} INFO - Setting next_dagrun for example_xcom_args_with_operators to None, run_after=None
[2026-08-06T05:59:13.687+0000] {processor.py:208} INFO - Processing /home/airflow/.local/lib/python3.12/site-packages/airflow/example_dags/example_xcomargs.py took 0.122 seconds
[2026-08-06T05:59:43.837+0000] {processor.py:186} INFO - Started process (PID=2968) to work on /home/airflow/.local/lib/python3.12/site-packages/airflow/example_dags/example_xcomargs.py
[2026-08-06T05:59:43.839+0000] {processor.py:914} INFO - Processing file /home/airflow/.local/lib/python3.12/site-packages/airflow/example_dags/example_xcomargs.py for tasks to queue
[2026-08-06T05:59:43.844+0000] {logging_mixin.py:190} INFO - [2026-08-06T05:59:43.842+0000] {dagbag.py:588} INFO - Filling up the DagBag from /home/airflow/.local/lib/python3.12/site-packages/airflow/example_dags/example_xcomargs.py
[2026-08-06T05:59:43.872+0000] {processor.py:925} INFO - DAG(s) 'example_xcom_args', 'example_xcom_args_with_operators' retrieved from /home/airflow/.local/lib/python3.12/site-packages/airflow/example_dags/example_xcomargs.py
[2026-08-06T05:59:43.928+0000] {logging_mixin.py:190} INFO - [2026-08-06T05:59:43.928+0000] {dag.py:3239} INFO - Sync 2 DAGs
[2026-08-06T05:59:43.958+0000] {logging_mixin.py:190} INFO - [2026-08-06T05:59:43.957+0000] {dag.py:4180} INFO - Setting next_dagrun for example_xcom_args to None, run_after=None
[2026-08-06T05:59:43.968+0000] {logging_mixin.py:190} INFO - [2026-08-06T05:59:43.967+0000] {dag.py:4180} INFO - Setting next_dagrun for example_xcom_args_with_operators to None, run_after=None
[2026-08-06T05:59:44.003+0000] {processor.py:208} INFO - Processing /home/airflow/.local/lib/python3.12/site-packages/airflow/example_dags/example_xcomargs.py took 0.178 seconds
[2026-08-06T06:02:02.400+0000] {processor.py:186} INFO - Started process (PID=129) to work on /home/airflow/.local/lib/python3.12/site-packages/airflow/example_dags/example_xcomargs.py
[2026-08-06T06:02:02.403+0000] {processor.py:914} INFO - Processing file /home/airflow/.local/lib/python3.12/site-packages/airflow/example_dags/example_xcomargs.py for tasks to queue
[2026-08-06T06:02:02.411+0000] {logging_mixin.py:190} INFO - [2026-08-06T06:02:02.410+0000] {dagbag.py:588} INFO - Filling up the DagBag from /home/airflow/.local/lib/python3.12/site-packages/airflow/example_dags/example_xcomargs.py
[2026-08-06T06:02:02.437+0000] {processor.py:925} INFO - DAG(s) 'example_xcom_args', 'example_xcom_args_with_operators' retrieved from /home/airflow/.local/lib/python3.12/site-packages/airflow/example_dags/example_xcomargs.py
[2026-08-06T06:02:02.516+0000] {logging_mixin.py:190} INFO - [2026-08-06T06:02:02.516+0000] {dag.py:3239} INFO - Sync 2 DAGs
[2026-08-06T06:02:02.560+0000] {logging_mixin.py:190} INFO - [2026-08-06T06:02:02.560+0000] {dag.py:4180} INFO - Setting next_dagrun for example_xcom_args to None, run_after=None
[2026-08-06T06:02:02.577+0000] {logging_mixin.py:190} INFO - [2026-08-06T06:02:02.576+0000] {dag.py:4180} INFO - Setting next_dagrun for example_xcom_args_with_operators to None, run_after=None
[2026-08-06T06:02:02.606+0000] {processor.py:208} INFO - Processing /home/airflow/.local/lib/python3.12/site-packages/airflow/example_dags/example_xcomargs.py took 0.216 seconds
[2026-08-06T06:02:37.171+0000] {processor.py:186} INFO - Started process (PID=193) to work on /home/airflow/.local/lib/python3.12/site-packages/airflow/example_dags/example_xcomargs.py
[2026-08-06T06:02:37.174+0000] {processor.py:914} INFO - Processing file /home/airflow/.local/lib/python3.12/site-packages/airflow/example_dags/example_xcomargs.py for tasks to queue
[2026-08-06T06:02:37.180+0000] {logging_mixin.py:190} INFO - [2026-08-06T06:02:37.180+0000] {dagbag.py:588} INFO - Filling up the DagBag from /home/airflow/.local/lib/python3.12/site-packages/airflow/example_dags/example_xcomargs.py
[2026-08-06T06:02:37.202+0000] {processor.py:925} INFO - DAG(s) 'example_xcom_args_with_operators', 'example_xcom_args' retrieved from /home/airflow/.local/lib/python3.12/site-packages/airflow/example_dags/example_xcomargs.py
[2026-08-06T06:02:37.285+0000] {logging_mixin.py:190} INFO - [2026-08-06T06:02:37.284+0000] {dag.py:3239} INFO - Sync 2 DAGs
[2026-08-06T06:02:37.318+0000] {logging_mixin.py:190} INFO - [2026-08-06T06:02:37.318+0000] {dag.py:4180} INFO - Setting next_dagrun for example_xcom_args to None, run_after=None
[2026-08-06T06:02:37.331+0000] {logging_mixin.py:190} INFO - [2026-08-06T06:02:37.331+0000] {dag.py:4180} INFO - Setting next_dagrun for example_xcom_args_with_operators to None, run_after=None
[2026-08-06T06:02:37.379+0000] {processor.py:208} INFO - Processing /home/airflow/.local/lib/python3.12/site-packages/airflow/example_dags/example_xcomargs.py took 0.221 seconds
[2026-08-06T06:03:08.174+0000] {processor.py:186} INFO - Started process (PID=257) to work on /home/airflow/.local/lib/python3.12/site-packages/airflow/example_dags/example_xcomargs.py
[2026-08-06T06:03:08.183+0000] {processor.py:914} INFO - Processing file /home/airflow/.local/lib/python3.12/site-packages/airflow/example_dags/example_xcomargs.py for tasks to queue
[2026-08-06T06:03:08.186+0000] {logging_mixin.py:190} INFO - [2026-08-06T06:03:08.185+0000] {dagbag.py:588} INFO - Filling up the DagBag from /home/airflow/.local/lib/python3.12/site-packages/airflow/example_dags/example_xcomargs.py
[2026-08-06T06:03:08.209+0000] {processor.py:925} INFO - DAG(s) 'example_xcom_args_with_operators', 'example_xcom_args' retrieved from /home/airflow/.local/lib/python3.12/site-packages/airflow/example_dags/example_xcomargs.py
[2026-08-06T06:03:08.241+0000] {logging_mixin.py:190} INFO - [2026-08-06T06:03:08.241+0000] {dag.py:3239} INFO - Sync 2 DAGs
[2026-08-06T06:03:08.262+0000] {logging_mixin.py:190} INFO - [2026-08-06T06:03:08.262+0000] {dag.py:4180} INFO - Setting next_dagrun for example_xcom_args to None, run_after=None
[2026-08-06T06:03:08.269+0000] {logging_mixin.py:190} INFO - [2026-08-06T06:03:08.269+0000] {dag.py:4180} INFO - Setting next_dagrun for example_xcom_args_with_operators to None, run_after=None
[2026-08-06T06:03:08.308+0000] {processor.py:208} INFO - Processing /home/airflow/.local/lib/python3.12/site-packages/airflow/example_dags/example_xcomargs.py took 0.143 seconds
[2026-08-06T06:03:41.344+0000] {processor.py:186} INFO - Started process (PID=321) to work on /home/airflow/.local/lib/python3.12/site-packages/airflow/example_dags/example_xcomargs.py
[2026-08-06T06:03:41.346+0000] {processor.py:914} INFO - Processing file /home/airflow/.local/lib/python3.12/site-packages/airflow/example_dags/example_xcomargs.py for tasks to queue
[2026-08-06T06:03:41.350+0000] {logging_mixin.py:190} INFO - [2026-08-06T06:03:41.349+0000] {dagbag.py:588} INFO - Filling up the DagBag from /home/airflow/.local/lib/python3.12/site-packages/airflow/example_dags/example_xcomargs.py
[2026-08-06T06:03:41.368+0000] {processor.py:925} INFO - DAG(s) 'example_xcom_args_with_operators', 'example_xcom_args' retrieved from /home/airflow/.local/lib/python3.12/site-packages/airflow/example_dags/example_xcomargs.py
[2026-08-06T06:03:41.410+0000] {logging_mixin.py:190} INFO - [2026-08-06T06:03:41.410+0000] {dag.py:3239} INFO - Sync 2 DAGs
[2026-08-06T06:03:41.434+0000] {logging_mixin.py:190} INFO - [2026-08-06T06:03:41.434+0000] {dag.py:4180} INFO - Setting next_dagrun for example_xcom_args to None, run_after=None
[2026-08-06T06:03:41.440+0000] {logging_mixin.py:190} INFO - [2026-08-06T06:03:41.440+0000] {dag.py:4180} INFO - Setting next_dagrun for example_xcom_args_with_operators to None, run_after=None
[2026-08-06T06:03:41.494+0000] {processor.py:208} INFO - Processing /home/airflow/.local/lib/python3.12/site-packages/airflow/example_dags/example_xcomargs.py took 0.158 seconds
[2026-08-06T06:04:12.186+0000] {processor.py:186} INFO - Started process (PID=385) to work on /home/airflow/.local/lib/python3.12/site-packages/airflow/example_dags/example_xcomargs.py
[2026-08-06T06:04:12.187+0000] {processor.py:914} INFO - Processing file /home/airflow/.local/lib/python3.12/site-packages/airflow/example_dags/example_xcomargs.py for tasks to queue
[2026-08-06T06:04:12.193+0000] {logging_mixin.py:190} INFO - [2026-08-06T06:04:12.192+0000] {dagbag.py:588} INFO - Filling up the DagBag from /home/airflow/.local/lib/python3.12/site-packages/airflow/example_dags/example_xcomargs.py
[2026-08-06T06:04:12.212+0000] {processor.py:925} INFO - DAG(s) 'example_xcom_args_with_operators', 'example_xcom_args' retrieved from /home/airflow/.local/lib/python3.12/site-packages/airflow/example_dags/example_xcomargs.py
[2026-08-06T06:04:12.256+0000] {logging_mixin.py:190} INFO - [2026-08-06T06:04:12.256+0000] {dag.py:3239} INFO - Sync 2 DAGs
[2026-08-06T06:04:12.283+0000] {logging_mixin.py:190} INFO - [2026-08-06T06:04:12.282+0000] {dag.py:4180} INFO - Setting next_dagrun for example_xcom_args to None, run_after=None
[2026-08-06T06:04:12.297+0000] {logging_mixin.py:190} INFO - [2026-08-06T06:04:12.296+0000] {dag.py:4180} INFO - Setting next_dagrun for example_xcom_args_with_operators to None, run_after=None
[2026-08-06T06:04:12.362+0000] {processor.py:208} INFO - Processing /home/airflow/.local/lib/python3.12/site-packages/airflow/example_dags/example_xcomargs.py took 0.189 seconds
[2026-08-06T06:04:43.507+0000] {processor.py:186} INFO - Started process (PID=449) to work on /home/airflow/.local/lib/python3.12/site-packages/airflow/example_dags/example_xcomargs.py
[2026-08-06T06:04:43.509+0000] {processor.py:914} INFO - Processing file /home/airflow/.local/lib/python3.12/site-packages/airflow/example_dags/example_xcomargs.py for tasks to queue
[2026-08-06T06:04:43.514+0000] {logging_mixin.py:190} INFO - [2026-08-06T06:04:43.514+0000] {dagbag.py:588} INFO - Filling up the DagBag from /home/airflow/.local/lib/python3.12/site-packages/airflow/example_dags/example_xcomargs.py
[2026-08-06T06:04:43.529+0000] {processor.py:925} INFO - DAG(s) 'example_xcom_args', 'example_xcom_args_with_operators' retrieved from /home/airflow/.local/lib/python3.12/site-packages/airflow/example_dags/example_xcomargs.py
[2026-08-06T06:04:43.566+0000] {logging_mixin.py:190} INFO - [2026-08-06T06:04:43.566+0000] {dag.py:3239} INFO - Sync 2 DAGs
[2026-08-06T06:04:43.585+0000] {logging_mixin.py:190} INFO - [2026-08-06T06:04:43.585+0000] {dag.py:4180} INFO - Setting next_dagrun for example_xcom_args to None, run_after=None
[2026-08-06T06:04:43.592+0000] {logging_mixin.py:190} INFO - [2026-08-06T06:04:43.592+0000] {dag.py:4180} INFO - Setting next_dagrun for example_xcom_args_with_operators to None, run_after=None
[2026-08-06T06:04:43.621+0000] {processor.py:208} INFO - Processing /home/airflow/.local/lib/python3.12/site-packages/airflow/example_dags/example_xcomargs.py took 0.125 seconds
[2026-08-06T06:05:14.433+0000] {processor.py:186} INFO - Started process (PID=512) to work on /home/airflow/.local/lib/python3.12/site-packages/airflow/example_dags/example_xcomargs.py
[2026-08-06T06:05:14.435+0000] {processor.py:914} INFO - Processing file /home/airflow/.local/lib/python3.12/site-packages/airflow/example_dags/example_xcomargs.py for tasks to queue
[2026-08-06T06:05:14.438+0000] {logging_mixin.py:190} INFO - [2026-08-06T06:05:14.438+0000] {dagbag.py:588} INFO - Filling up the DagBag from /home/airflow/.local/lib/python3.12/site-packages/airflow/example_dags/example_xcomargs.py
[2026-08-06T06:05:14.455+0000] {processor.py:925} INFO - DAG(s) 'example_xcom_args_with_operators', 'example_xcom_args' retrieved from /home/airflow/.local/lib/python3.12/site-packages/airflow/example_dags/example_xcomargs.py
[2026-08-06T06:05:14.500+0000] {logging_mixin.py:190} INFO - [2026-08-06T06:05:14.499+0000] {dag.py:3239} INFO - Sync 2 DAGs
[2026-08-06T06:05:14.535+0000] {logging_mixin.py:190} INFO - [2026-08-06T06:05:14.535+0000] {dag.py:4180} INFO - Setting next_dagrun for example_xcom_args to None, run_after=None
[2026-08-06T06:05:14.542+0000] {logging_mixin.py:190} INFO - [2026-08-06T06:05:14.542+0000] {dag.py:4180} INFO - Setting next_dagrun for example_xcom_args_with_operators to None, run_after=None
[2026-08-06T06:05:14.587+0000] {processor.py:208} INFO - Processing /home/airflow/.local/lib/python3.12/site-packages/airflow/example_dags/example_xcomargs.py took 0.160 seconds
[2026-08-06T06:05:47.412+0000] {processor.py:186} INFO - Started process (PID=582) to work on /home/airflow/.local/lib/python3.12/site-packages/airflow/example_dags/example_xcomargs.py
[2026-08-06T06:05:47.414+0000] {processor.py:914} INFO - Processing file /home/airflow/.local/lib/python3.12/site-packages/airflow/example_dags/example_xcomargs.py for tasks to queue
[2026-08-06T06:05:47.420+0000] {logging_mixin.py:190} INFO - [2026-08-06T06:05:47.420+0000] {dagbag.py:588} INFO - Filling up the DagBag from /home/airflow/.local/lib/python3.12/site-packages/airflow/example_dags/example_xcomargs.py
[2026-08-06T06:05:47.439+0000] {processor.py:925} INFO - DAG(s) 'example_xcom_args', 'example_xcom_args_with_operators' retrieved from /home/airflow/.local/lib/python3.12/site-packages/airflow/example_dags/example_xcomargs.py
[2026-08-06T06:05:47.486+0000] {logging_mixin.py:190} INFO - [2026-08-06T06:05:47.485+0000] {dag.py:3239} INFO - Sync 2 DAGs
[2026-08-06T06:05:47.514+0000] {logging_mixin.py:190} INFO - [2026-08-06T06:05:47.513+0000] {dag.py:4180} INFO - Setting next_dagrun for example_xcom_args to None, run_after=None
[2026-08-06T06:05:47.524+0000] {logging_mixin.py:190} INFO - [2026-08-06T06:05:47.523+0000] {dag.py:4180} INFO - Setting next_dagrun for example_xcom_args_with_operators to None, run_after=None
[2026-08-06T06:05:47.561+0000] {processor.py:208} INFO - Processing /home/airflow/.local/lib/python3.12/site-packages/airflow/example_dags/example_xcomargs.py took 0.159 seconds
[2026-08-06T06:06:20.726+0000] {processor.py:186} INFO - Started process (PID=647) to work on /home/airflow/.local/lib/python3.12/site-packages/airflow/example_dags/example_xcomargs.py
[2026-08-06T06:06:20.729+0000] {processor.py:914} INFO - Processing file /home/airflow/.local/lib/python3.12/site-packages/airflow/example_dags/example_xcomargs.py for tasks to queue
[2026-08-06T06:06:20.736+0000] {logging_mixin.py:190} INFO - [2026-08-06T06:06:20.735+0000] {dagbag.py:588} INFO - Filling up the DagBag from /home/airflow/.local/lib/python3.12/site-packages/airflow/example_dags/example_xcomargs.py
[2026-08-06T06:06:20.764+0000] {processor.py:925} INFO - DAG(s) 'example_xcom_args', 'example_xcom_args_with_operators' retrieved from /home/airflow/.local/lib/python3.12/site-packages/airflow/example_dags/example_xcomargs.py
[2026-08-06T06:06:20.817+0000] {logging_mixin.py:190} INFO - [2026-08-06T06:06:20.816+0000] {dag.py:3239} INFO - Sync 2 DAGs
[2026-08-06T06:06:20.851+0000] {logging_mixin.py:190} INFO - [2026-08-06T06:06:20.850+0000] {dag.py:4180} INFO - Setting next_dagrun for example_xcom_args to None, run_after=None
[2026-08-06T06:06:20.863+0000] {logging_mixin.py:190} INFO - [2026-08-06T06:06:20.862+0000] {dag.py:4180} INFO - Setting next_dagrun for example_xcom_args_with_operators to None, run_after=None
[2026-08-06T06:06:20.930+0000] {processor.py:208} INFO - Processing /home/airflow/.local/lib/python3.12/site-packages/airflow/example_dags/example_xcomargs.py took 0.219 seconds
[2026-08-06T06:06:51.356+0000] {processor.py:186} INFO - Started process (PID=710) to work on /home/airflow/.local/lib/python3.12/site-packages/airflow/example_dags/example_xcomargs.py
[2026-08-06T06:06:51.358+0000] {processor.py:914} INFO - Processing file /home/airflow/.local/lib/python3.12/site-packages/airflow/example_dags/example_xcomargs.py for tasks to queue
[2026-08-06T06:06:51.361+0000] {logging_mixin.py:190} INFO - [2026-08-06T06:06:51.361+0000] {dagbag.py:588} INFO - Filling up the DagBag from /home/airflow/.local/lib/python3.12/site-packages/airflow/example_dags/example_xcomargs.py
[2026-08-06T06:06:51.376+0000] {processor.py:925} INFO - DAG(s) 'example_xcom_args', 'example_xcom_args_with_operators' retrieved from /home/airflow/.local/lib/python3.12/site-packages/airflow/example_dags/example_xcomargs.py
[2026-08-06T06:06:51.412+0000] {logging_mixin.py:190} INFO - [2026-08-06T06:06:51.412+0000] {dag.py:3239} INFO - Sync 2 DAGs
[2026-08-06T06:06:51.449+0000] {logging_mixin.py:190} INFO - [2026-08-06T06:06:51.449+0000] {dag.py:4180} INFO - Setting next_dagrun for example_xcom_args to None, run_after=None
[2026-08-06T06:06:51.463+0000] {logging_mixin.py:190} INFO - [2026-08-06T06:06:51.463+0000] {dag.py:4180} INFO - Setting next_dagrun for example_xcom_args_with_operators to None, run_after=None
[2026-08-06T06:06:51.519+0000] {processor.py:208} INFO - Processing /home/airflow/.local/lib/python3.12/site-packages/airflow/example_dags/example_xcomargs.py took 0.174 seconds
[2026-08-06T06:07:21.934+0000] {processor.py:186} INFO - Started process (PID=774) to work on /home/airflow/.local/lib/python3.12/site-packages/airflow/example_dags/example_xcomargs.py
[2026-08-06T06:07:21.936+0000] {processor.py:914} INFO - Processing file /home/airflow/.local/lib/python3.12/site-packages/airflow/example_dags/example_xcomargs.py for tasks to queue
[2026-08-06T06:07:21.939+0000] {logging_mixin.py:190} INFO - [2026-08-06T06:07:21.939+0000] {dagbag.py:588} INFO - Filling up the DagBag from /home/airflow/.local/lib/python3.12/site-packages/airflow/example_dags/example_xcomargs.py
[2026-08-06T06:07:21.957+0000] {processor.py:925} INFO - DAG(s) 'example_xcom_args', 'example_xcom_args_with_operators' retrieved from /home/airflow/.local/lib/python3.12/site-packages/airflow/example_dags/example_xcomargs.py
[2026-08-06T06:07:21.991+0000] {logging_mixin.py:190} INFO - [2026-08-06T06:07:21.991+0000] {dag.py:3239} INFO - Sync 2 DAGs
[2026-08-06T06:07:22.012+0000] {logging_mixin.py:190} INFO - [2026-08-06T06:07:22.012+0000] {dag.py:4180} INFO - Setting next_dagrun for example_xcom_args to None, run_after=None
[2026-08-06T06:07:22.018+0000] {logging_mixin.py:190} INFO - [2026-08-06T06:07:22.017+0000] {dag.py:4180} INFO - Setting next_dagrun for example_xcom_args_with_operators to None, run_after=None
[2026-08-06T06:07:22.078+0000] {processor.py:208} INFO - Processing /home/airflow/.local/lib/python3.12/site-packages/airflow/example_dags/example_xcomargs.py took 0.155 seconds
[2026-08-06T06:07:53.996+0000] {processor.py:186} INFO - Started process (PID=838) to work on /home/airflow/.local/lib/python3.12/site-packages/airflow/example_dags/example_xcomargs.py
[2026-08-06T06:07:53.999+0000] {processor.py:914} INFO - Processing file /home/airflow/.local/lib/python3.12/site-packages/airflow/example_dags/example_xcomargs.py for tasks to queue
[2026-08-06T06:07:54.005+0000] {logging_mixin.py:190} INFO - [2026-08-06T06:07:54.004+0000] {dagbag.py:588} INFO - Filling up the DagBag from /home/airflow/.local/lib/python3.12/site-packages/airflow/example_dags/example_xcomargs.py
[2026-08-06T06:07:54.027+0000] {processor.py:925} INFO - DAG(s) 'example_xcom_args', 'example_xcom_args_with_operators' retrieved from /home/airflow/.local/lib/python3.12/site-packages/airflow/example_dags/example_xcomargs.py
[2026-08-06T06:07:54.067+0000] {logging_mixin.py:190} INFO - [2026-08-06T06:07:54.066+0000] {dag.py:3239} INFO - Sync 2 DAGs
[2026-08-06T06:07:54.096+0000] {logging_mixin.py:190} INFO - [2026-08-06T06:07:54.095+0000] {dag.py:4180} INFO - Setting next_dagrun for example_xcom_args to None, run_after=None
[2026-08-06T06:07:54.103+0000] {logging_mixin.py:190} INFO - [2026-08-06T06:07:54.103+0000] {dag.py:4180} INFO - Setting next_dagrun for example_xcom_args_with_operators to None, run_after=None
[2026-08-06T06:07:54.145+0000] {processor.py:208} INFO - Processing /home/airflow/.local/lib/python3.12/site-packages/airflow/example_dags/example_xcomargs.py took 0.159 seconds
[2026-08-06T06:08:24.741+0000] {processor.py:186} INFO - Started process (PID=908) to work on /home/airflow/.local/lib/python3.12/site-packages/airflow/example_dags/example_xcomargs.py
[2026-08-06T06:08:24.743+0000] {processor.py:914} INFO - Processing file /home/airflow/.local/lib/python3.12/site-packages/airflow/example_dags/example_xcomargs.py for tasks to queue
[2026-08-06T06:08:24.746+0000] {logging_mixin.py:190} INFO - [2026-08-06T06:08:24.745+0000] {dagbag.py:588} INFO - Filling up the DagBag from /home/airflow/.local/lib/python3.12/site-packages/airflow/example_dags/example_xcomargs.py
[2026-08-06T06:08:24.760+0000] {processor.py:925} INFO - DAG(s) 'example_xcom_args_with_operators', 'example_xcom_args' retrieved from /home/airflow/.local/lib/python3.12/site-packages/airflow/example_dags/example_xcomargs.py
[2026-08-06T06:08:24.793+0000] {logging_mixin.py:190} INFO - [2026-08-06T06:08:24.793+0000] {dag.py:3239} INFO - Sync 2 DAGs
[2026-08-06T06:08:24.815+0000] {logging_mixin.py:190} INFO - [2026-08-06T06:08:24.814+0000] {dag.py:4180} INFO - Setting next_dagrun for example_xcom_args to None, run_after=None
[2026-08-06T06:08:24.820+0000] {logging_mixin.py:190} INFO - [2026-08-06T06:08:24.820+0000] {dag.py:4180} INFO - Setting next_dagrun for example_xcom_args_with_operators to None, run_after=None
[2026-08-06T06:08:24.845+0000] {processor.py:208} INFO - Processing /home/airflow/.local/lib/python3.12/site-packages/airflow/example_dags/example_xcomargs.py took 0.114 seconds
[2026-08-06T06:08:56.594+0000] {processor.py:186} INFO - Started process (PID=971) to work on /home/airflow/.local/lib/python3.12/site-packages/airflow/example_dags/example_xcomargs.py
[2026-08-06T06:08:56.597+0000] {processor.py:914} INFO - Processing file /home/airflow/.local/lib/python3.12/site-packages/airflow/example_dags/example_xcomargs.py for tasks to queue
[2026-08-06T06:08:56.602+0000] {logging_mixin.py:190} INFO - [2026-08-06T06:08:56.601+0000] {dagbag.py:588} INFO - Filling up the DagBag from /home/airflow/.local/lib/python3.12/site-packages/airflow/example_dags/example_xcomargs.py
[2026-08-06T06:08:56.621+0000] {processor.py:925} INFO - DAG(s) 'example_xcom_args_with_operators', 'example_xcom_args' retrieved from /home/airflow/.local/lib/python3.12/site-packages/airflow/example_dags/example_xcomargs.py
[2026-08-06T06:08:56.672+0000] {logging_mixin.py:190} INFO - [2026-08-06T06:08:56.671+0000] {dag.py:3239} INFO - Sync 2 DAGs
[2026-08-06T06:08:56.723+0000] {logging_mixin.py:190} INFO - [2026-08-06T06:08:56.723+0000] {dag.py:4180} INFO - Setting next_dagrun for example_xcom_args to None, run_after=None
[2026-08-06T06:08:56.732+0000] {logging_mixin.py:190} INFO - [2026-08-06T06:08:56.731+0000] {dag.py:4180} INFO - Setting next_dagrun for example_xcom_args_with_operators to None, run_after=None
[2026-08-06T06:08:56.832+0000] {processor.py:208} INFO - Processing /home/airflow/.local/lib/python3.12/site-packages/airflow/example_dags/example_xcomargs.py took 0.247 seconds
[2026-08-06T06:09:27.551+0000] {processor.py:186} INFO - Started process (PID=1035) to work on /home/airflow/.local/lib/python3.12/site-packages/airflow/example_dags/example_xcomargs.py
[2026-08-06T06:09:27.554+0000] {processor.py:914} INFO - Processing file /home/airflow/.local/lib/python3.12/site-packages/airflow/example_dags/example_xcomargs.py for tasks to queue
[2026-08-06T06:09:27.562+0000] {logging_mixin.py:190} INFO - [2026-08-06T06:09:27.561+0000] {dagbag.py:588} INFO - Filling up the DagBag from /home/airflow/.local/lib/python3.12/site-packages/airflow/example_dags/example_xcomargs.py
[2026-08-06T06:09:27.584+0000] {processor.py:925} INFO - DAG(s) 'example_xcom_args_with_operators', 'example_xcom_args' retrieved from /home/airflow/.local/lib/python3.12/site-packages/airflow/example_dags/example_xcomargs.py
[2026-08-06T06:09:27.618+0000] {logging_mixin.py:190} INFO - [2026-08-06T06:09:27.617+0000] {dag.py:3239} INFO - Sync 2 DAGs
[2026-08-06T06:09:27.642+0000] {logging_mixin.py:190} INFO - [2026-08-06T06:09:27.642+0000] {dag.py:4180} INFO - Setting next_dagrun for example_xcom_args to None, run_after=None
[2026-08-06T06:09:27.649+0000] {logging_mixin.py:190} INFO - [2026-08-06T06:09:27.648+0000] {dag.py:4180} INFO - Setting next_dagrun for example_xcom_args_with_operators to None, run_after=None
[2026-08-06T06:09:27.677+0000] {processor.py:208} INFO - Processing /home/airflow/.local/lib/python3.12/site-packages/airflow/example_dags/example_xcomargs.py took 0.140 seconds
[2026-08-06T06:09:59.277+0000] {processor.py:186} INFO - Started process (PID=1099) to work on /home/airflow/.local/lib/python3.12/site-packages/airflow/example_dags/example_xcomargs.py
[2026-08-06T06:09:59.280+0000] {processor.py:914} INFO - Processing file /home/airflow/.local/lib/python3.12/site-packages/airflow/example_dags/example_xcomargs.py for tasks to queue
[2026-08-06T06:09:59.286+0000] {logging_mixin.py:190} INFO - [2026-08-06T06:09:59.285+0000] {dagbag.py:588} INFO - Filling up the DagBag from /home/airflow/.local/lib/python3.12/site-packages/airflow/example_dags/example_xcomargs.py
[2026-08-06T06:09:59.306+0000] {processor.py:925} INFO - DAG(s) 'example_xcom_args_with_operators', 'example_xcom_args' retrieved from /home/airflow/.local/lib/python3.12/site-packages/airflow/example_dags/example_xcomargs.py
[2026-08-06T06:09:59.351+0000] {logging_mixin.py:190} INFO - [2026-08-06T06:09:59.350+0000] {dag.py:3239} INFO - Sync 2 DAGs
[2026-08-06T06:09:59.381+0000] {logging_mixin.py:190} INFO - [2026-08-06T06:09:59.380+0000] {dag.py:4180} INFO - Setting next_dagrun for example_xcom_args to None, run_after=None
[2026-08-06T06:09:59.389+0000] {logging_mixin.py:190} INFO - [2026-08-06T06:09:59.388+0000] {dag.py:4180} INFO - Setting next_dagrun for example_xcom_args_with_operators to None, run_after=None
[2026-08-06T06:09:59.457+0000] {processor.py:208} INFO - Processing /home/airflow/.local/lib/python3.12/site-packages/airflow/example_dags/example_xcomargs.py took 0.192 seconds
[2026-08-06T06:10:30.206+0000] {processor.py:186} INFO - Started process (PID=1163) to work on /home/airflow/.local/lib/python3.12/site-packages/airflow/example_dags/example_xcomargs.py
[2026-08-06T06:10:30.208+0000] {processor.py:914} INFO - Processing file /home/airflow/.local/lib/python3.12/site-packages/airflow/example_dags/example_xcomargs.py for tasks to queue
[2026-08-06T06:10:30.214+0000] {logging_mixin.py:190} INFO - [2026-08-06T06:10:30.213+0000] {dagbag.py:588} INFO - Filling up the DagBag from /home/airflow/.local/lib/python3.12/site-packages/airflow/example_dags/example_xcomargs.py
[2026-08-06T06:10:30.228+0000] {processor.py:925} INFO - DAG(s) 'example_xcom_args_with_operators', 'example_xcom_args' retrieved from /home/airflow/.local/lib/python3.12/site-packages/airflow/example_dags/example_xcomargs.py
[2026-08-06T06:10:30.259+0000] {logging_mixin.py:190} INFO - [2026-08-06T06:10:30.259+0000] {dag.py:3239} INFO - Sync 2 DAGs
[2026-08-06T06:10:30.328+0000] {logging_mixin.py:190} INFO - [2026-08-06T06:10:30.328+0000] {dag.py:4180} INFO - Setting next_dagrun for example_xcom_args to None, run_after=None
[2026-08-06T06:10:30.333+0000] {logging_mixin.py:190} INFO - [2026-08-06T06:10:30.333+0000] {dag.py:4180} INFO - Setting next_dagrun for example_xcom_args_with_operators to None, run_after=None
[2026-08-06T06:10:30.356+0000] {processor.py:208} INFO - Processing /home/airflow/.local/lib/python3.12/site-packages/airflow/example_dags/example_xcomargs.py took 0.157 seconds
