[2026-08-06T04:46:32.656+0000] {processor.py:186} INFO - Started process (PID=84) to work on /home/airflow/.local/lib/python3.12/site-packages/airflow/example_dags/example_xcom.py
[2026-08-06T04:46:32.658+0000] {processor.py:914} INFO - Processing file /home/airflow/.local/lib/python3.12/site-packages/airflow/example_dags/example_xcom.py for tasks to queue
[2026-08-06T04:46:32.663+0000] {logging_mixin.py:190} INFO - [2026-08-06T04:46:32.663+0000] {dagbag.py:588} INFO - Filling up the DagBag from /home/airflow/.local/lib/python3.12/site-packages/airflow/example_dags/example_xcom.py
[2026-08-06T04:46:32.684+0000] {processor.py:925} INFO - DAG(s) 'example_xcom' retrieved from /home/airflow/.local/lib/python3.12/site-packages/airflow/example_dags/example_xcom.py
[2026-08-06T04:46:33.113+0000] {logging_mixin.py:190} INFO - [2026-08-06T04:46:33.112+0000] {override.py:1912} INFO - Created Permission View: can delete on DAG:example_xcom
[2026-08-06T04:46:33.137+0000] {logging_mixin.py:190} INFO - [2026-08-06T04:46:33.136+0000] {override.py:1912} INFO - Created Permission View: can read on DAG:example_xcom
[2026-08-06T04:46:33.152+0000] {logging_mixin.py:190} INFO - [2026-08-06T04:46:33.151+0000] {override.py:1912} INFO - Created Permission View: can edit on DAG:example_xcom
[2026-08-06T04:46:33.168+0000] {logging_mixin.py:190} INFO - [2026-08-06T04:46:33.168+0000] {override.py:1912} INFO - Created Permission View: can delete on DAG Run:example_xcom
[2026-08-06T04:46:33.184+0000] {logging_mixin.py:190} INFO - [2026-08-06T04:46:33.183+0000] {override.py:1912} INFO - Created Permission View: menu access on DAG Run:example_xcom
[2026-08-06T04:46:33.202+0000] {logging_mixin.py:190} INFO - [2026-08-06T04:46:33.201+0000] {override.py:1912} INFO - Created Permission View: can read on DAG Run:example_xcom
[2026-08-06T04:46:33.216+0000] {logging_mixin.py:190} INFO - [2026-08-06T04:46:33.216+0000] {override.py:1912} INFO - Created Permission View: can create on DAG Run:example_xcom
[2026-08-06T04:46:33.218+0000] {logging_mixin.py:190} INFO - [2026-08-06T04:46:33.217+0000] {dag.py:3239} INFO - Sync 1 DAGs
[2026-08-06T04:46:33.249+0000] {logging_mixin.py:190} INFO - [2026-08-06T04:46:33.249+0000] {dag.py:3262} INFO - Creating ORM DAG for example_xcom
[2026-08-06T04:46:33.271+0000] {logging_mixin.py:190} INFO - [2026-08-06T04:46:33.271+0000] {dag.py:4180} INFO - Setting next_dagrun for example_xcom to 2021-01-01 00:00:00+00:00, run_after=2021-01-01 00:00:00+00:00
[2026-08-06T04:46:33.305+0000] {processor.py:208} INFO - Processing /home/airflow/.local/lib/python3.12/site-packages/airflow/example_dags/example_xcom.py took 0.661 seconds
[2026-08-06T04:47:04.001+0000] {processor.py:186} INFO - Started process (PID=147) to work on /home/airflow/.local/lib/python3.12/site-packages/airflow/example_dags/example_xcom.py
[2026-08-06T04:47:04.003+0000] {processor.py:914} INFO - Processing file /home/airflow/.local/lib/python3.12/site-packages/airflow/example_dags/example_xcom.py for tasks to queue
[2026-08-06T04:47:04.011+0000] {logging_mixin.py:190} INFO - [2026-08-06T04:47:04.010+0000] {dagbag.py:588} INFO - Filling up the DagBag from /home/airflow/.local/lib/python3.12/site-packages/airflow/example_dags/example_xcom.py
[2026-08-06T04:47:04.029+0000] {processor.py:925} INFO - DAG(s) 'example_xcom' retrieved from /home/airflow/.local/lib/python3.12/site-packages/airflow/example_dags/example_xcom.py
[2026-08-06T04:47:04.067+0000] {logging_mixin.py:190} INFO - [2026-08-06T04:47:04.066+0000] {dag.py:3239} INFO - Sync 1 DAGs
[2026-08-06T04:47:04.100+0000] {logging_mixin.py:190} INFO - [2026-08-06T04:47:04.100+0000] {dag.py:4180} INFO - Setting next_dagrun for example_xcom to 2021-01-01 00:00:00+00:00, run_after=2021-01-01 00:00:00+00:00
[2026-08-06T04:47:04.135+0000] {processor.py:208} INFO - Processing /home/airflow/.local/lib/python3.12/site-packages/airflow/example_dags/example_xcom.py took 0.142 seconds
[2026-08-06T04:47:35.163+0000] {processor.py:186} INFO - Started process (PID=210) to work on /home/airflow/.local/lib/python3.12/site-packages/airflow/example_dags/example_xcom.py
[2026-08-06T04:47:35.166+0000] {processor.py:914} INFO - Processing file /home/airflow/.local/lib/python3.12/site-packages/airflow/example_dags/example_xcom.py for tasks to queue
[2026-08-06T04:47:35.173+0000] {logging_mixin.py:190} INFO - [2026-08-06T04:47:35.172+0000] {dagbag.py:588} INFO - Filling up the DagBag from /home/airflow/.local/lib/python3.12/site-packages/airflow/example_dags/example_xcom.py
[2026-08-06T04:47:35.184+0000] {processor.py:925} INFO - DAG(s) 'example_xcom' retrieved from /home/airflow/.local/lib/python3.12/site-packages/airflow/example_dags/example_xcom.py
[2026-08-06T04:47:35.216+0000] {logging_mixin.py:190} INFO - [2026-08-06T04:47:35.216+0000] {dag.py:3239} INFO - Sync 1 DAGs
[2026-08-06T04:47:35.253+0000] {logging_mixin.py:190} INFO - [2026-08-06T04:47:35.252+0000] {dag.py:4180} INFO - Setting next_dagrun for example_xcom to 2021-01-01 00:00:00+00:00, run_after=2021-01-01 00:00:00+00:00
[2026-08-06T04:47:35.281+0000] {processor.py:208} INFO - Processing /home/airflow/.local/lib/python3.12/site-packages/airflow/example_dags/example_xcom.py took 0.123 seconds
[2026-08-06T04:48:06.048+0000] {processor.py:186} INFO - Started process (PID=272) to work on /home/airflow/.local/lib/python3.12/site-packages/airflow/example_dags/example_xcom.py
[2026-08-06T04:48:06.050+0000] {processor.py:914} INFO - Processing file /home/airflow/.local/lib/python3.12/site-packages/airflow/example_dags/example_xcom.py for tasks to queue
[2026-08-06T04:48:06.054+0000] {logging_mixin.py:190} INFO - [2026-08-06T04:48:06.053+0000] {dagbag.py:588} INFO - Filling up the DagBag from /home/airflow/.local/lib/python3.12/site-packages/airflow/example_dags/example_xcom.py
[2026-08-06T04:48:06.065+0000] {processor.py:925} INFO - DAG(s) 'example_xcom' retrieved from /home/airflow/.local/lib/python3.12/site-packages/airflow/example_dags/example_xcom.py
[2026-08-06T04:48:06.094+0000] {logging_mixin.py:190} INFO - [2026-08-06T04:48:06.093+0000] {dag.py:3239} INFO - Sync 1 DAGs
[2026-08-06T04:48:06.124+0000] {logging_mixin.py:190} INFO - [2026-08-06T04:48:06.124+0000] {dag.py:4180} INFO - Setting next_dagrun for example_xcom to 2021-01-01 00:00:00+00:00, run_after=2021-01-01 00:00:00+00:00
[2026-08-06T04:48:06.178+0000] {processor.py:208} INFO - Processing /home/airflow/.local/lib/python3.12/site-packages/airflow/example_dags/example_xcom.py took 0.138 seconds
[2026-08-06T04:48:36.804+0000] {processor.py:186} INFO - Started process (PID=335) to work on /home/airflow/.local/lib/python3.12/site-packages/airflow/example_dags/example_xcom.py
[2026-08-06T04:48:36.806+0000] {processor.py:914} INFO - Processing file /home/airflow/.local/lib/python3.12/site-packages/airflow/example_dags/example_xcom.py for tasks to queue
[2026-08-06T04:48:36.823+0000] {logging_mixin.py:190} INFO - [2026-08-06T04:48:36.822+0000] {dagbag.py:588} INFO - Filling up the DagBag from /home/airflow/.local/lib/python3.12/site-packages/airflow/example_dags/example_xcom.py
[2026-08-06T04:48:36.840+0000] {processor.py:925} INFO - DAG(s) 'example_xcom' retrieved from /home/airflow/.local/lib/python3.12/site-packages/airflow/example_dags/example_xcom.py
[2026-08-06T04:48:36.877+0000] {logging_mixin.py:190} INFO - [2026-08-06T04:48:36.876+0000] {dag.py:3239} INFO - Sync 1 DAGs
[2026-08-06T04:48:36.918+0000] {logging_mixin.py:190} INFO - [2026-08-06T04:48:36.918+0000] {dag.py:4180} INFO - Setting next_dagrun for example_xcom to 2021-01-01 00:00:00+00:00, run_after=2021-01-01 00:00:00+00:00
[2026-08-06T04:48:37.009+0000] {processor.py:208} INFO - Processing /home/airflow/.local/lib/python3.12/site-packages/airflow/example_dags/example_xcom.py took 0.216 seconds
[2026-08-06T04:49:07.205+0000] {processor.py:186} INFO - Started process (PID=398) to work on /home/airflow/.local/lib/python3.12/site-packages/airflow/example_dags/example_xcom.py
[2026-08-06T04:49:07.208+0000] {processor.py:914} INFO - Processing file /home/airflow/.local/lib/python3.12/site-packages/airflow/example_dags/example_xcom.py for tasks to queue
[2026-08-06T04:49:07.213+0000] {logging_mixin.py:190} INFO - [2026-08-06T04:49:07.212+0000] {dagbag.py:588} INFO - Filling up the DagBag from /home/airflow/.local/lib/python3.12/site-packages/airflow/example_dags/example_xcom.py
[2026-08-06T04:49:07.239+0000] {processor.py:925} INFO - DAG(s) 'example_xcom' retrieved from /home/airflow/.local/lib/python3.12/site-packages/airflow/example_dags/example_xcom.py
[2026-08-06T04:49:07.275+0000] {logging_mixin.py:190} INFO - [2026-08-06T04:49:07.274+0000] {dag.py:3239} INFO - Sync 1 DAGs
[2026-08-06T04:49:07.317+0000] {logging_mixin.py:190} INFO - [2026-08-06T04:49:07.316+0000] {dag.py:4180} INFO - Setting next_dagrun for example_xcom to 2021-01-01 00:00:00+00:00, run_after=2021-01-01 00:00:00+00:00
[2026-08-06T04:49:07.389+0000] {processor.py:208} INFO - Processing /home/airflow/.local/lib/python3.12/site-packages/airflow/example_dags/example_xcom.py took 0.200 seconds
[2026-08-06T04:49:37.620+0000] {processor.py:186} INFO - Started process (PID=461) to work on /home/airflow/.local/lib/python3.12/site-packages/airflow/example_dags/example_xcom.py
[2026-08-06T04:49:37.622+0000] {processor.py:914} INFO - Processing file /home/airflow/.local/lib/python3.12/site-packages/airflow/example_dags/example_xcom.py for tasks to queue
[2026-08-06T04:49:37.627+0000] {logging_mixin.py:190} INFO - [2026-08-06T04:49:37.626+0000] {dagbag.py:588} INFO - Filling up the DagBag from /home/airflow/.local/lib/python3.12/site-packages/airflow/example_dags/example_xcom.py
[2026-08-06T04:49:37.640+0000] {processor.py:925} INFO - DAG(s) 'example_xcom' retrieved from /home/airflow/.local/lib/python3.12/site-packages/airflow/example_dags/example_xcom.py
[2026-08-06T04:49:37.677+0000] {logging_mixin.py:190} INFO - [2026-08-06T04:49:37.677+0000] {dag.py:3239} INFO - Sync 1 DAGs
[2026-08-06T04:49:37.715+0000] {logging_mixin.py:190} INFO - [2026-08-06T04:49:37.715+0000] {dag.py:4180} INFO - Setting next_dagrun for example_xcom to 2021-01-01 00:00:00+00:00, run_after=2021-01-01 00:00:00+00:00
[2026-08-06T04:49:37.737+0000] {processor.py:208} INFO - Processing /home/airflow/.local/lib/python3.12/site-packages/airflow/example_dags/example_xcom.py took 0.126 seconds
[2026-08-06T04:50:08.248+0000] {processor.py:186} INFO - Started process (PID=524) to work on /home/airflow/.local/lib/python3.12/site-packages/airflow/example_dags/example_xcom.py
[2026-08-06T04:50:08.250+0000] {processor.py:914} INFO - Processing file /home/airflow/.local/lib/python3.12/site-packages/airflow/example_dags/example_xcom.py for tasks to queue
[2026-08-06T04:50:08.253+0000] {logging_mixin.py:190} INFO - [2026-08-06T04:50:08.253+0000] {dagbag.py:588} INFO - Filling up the DagBag from /home/airflow/.local/lib/python3.12/site-packages/airflow/example_dags/example_xcom.py
[2026-08-06T04:50:08.267+0000] {processor.py:925} INFO - DAG(s) 'example_xcom' retrieved from /home/airflow/.local/lib/python3.12/site-packages/airflow/example_dags/example_xcom.py
[2026-08-06T04:50:08.293+0000] {logging_mixin.py:190} INFO - [2026-08-06T04:50:08.293+0000] {dag.py:3239} INFO - Sync 1 DAGs
[2026-08-06T04:50:08.322+0000] {logging_mixin.py:190} INFO - [2026-08-06T04:50:08.322+0000] {dag.py:4180} INFO - Setting next_dagrun for example_xcom to 2021-01-01 00:00:00+00:00, run_after=2021-01-01 00:00:00+00:00
[2026-08-06T04:50:08.380+0000] {processor.py:208} INFO - Processing /home/airflow/.local/lib/python3.12/site-packages/airflow/example_dags/example_xcom.py took 0.138 seconds
[2026-08-06T04:50:38.791+0000] {processor.py:186} INFO - Started process (PID=587) to work on /home/airflow/.local/lib/python3.12/site-packages/airflow/example_dags/example_xcom.py
[2026-08-06T04:50:38.792+0000] {processor.py:914} INFO - Processing file /home/airflow/.local/lib/python3.12/site-packages/airflow/example_dags/example_xcom.py for tasks to queue
[2026-08-06T04:50:38.797+0000] {logging_mixin.py:190} INFO - [2026-08-06T04:50:38.796+0000] {dagbag.py:588} INFO - Filling up the DagBag from /home/airflow/.local/lib/python3.12/site-packages/airflow/example_dags/example_xcom.py
[2026-08-06T04:50:38.811+0000] {processor.py:925} INFO - DAG(s) 'example_xcom' retrieved from /home/airflow/.local/lib/python3.12/site-packages/airflow/example_dags/example_xcom.py
[2026-08-06T04:50:38.849+0000] {logging_mixin.py:190} INFO - [2026-08-06T04:50:38.849+0000] {dag.py:3239} INFO - Sync 1 DAGs
[2026-08-06T04:50:38.889+0000] {logging_mixin.py:190} INFO - [2026-08-06T04:50:38.889+0000] {dag.py:4180} INFO - Setting next_dagrun for example_xcom to 2021-01-01 00:00:00+00:00, run_after=2021-01-01 00:00:00+00:00
[2026-08-06T04:50:38.941+0000] {processor.py:208} INFO - Processing /home/airflow/.local/lib/python3.12/site-packages/airflow/example_dags/example_xcom.py took 0.157 seconds
[2026-08-06T04:51:09.194+0000] {processor.py:186} INFO - Started process (PID=650) to work on /home/airflow/.local/lib/python3.12/site-packages/airflow/example_dags/example_xcom.py
[2026-08-06T04:51:09.196+0000] {processor.py:914} INFO - Processing file /home/airflow/.local/lib/python3.12/site-packages/airflow/example_dags/example_xcom.py for tasks to queue
[2026-08-06T04:51:09.202+0000] {logging_mixin.py:190} INFO - [2026-08-06T04:51:09.202+0000] {dagbag.py:588} INFO - Filling up the DagBag from /home/airflow/.local/lib/python3.12/site-packages/airflow/example_dags/example_xcom.py
[2026-08-06T04:51:09.228+0000] {processor.py:925} INFO - DAG(s) 'example_xcom' retrieved from /home/airflow/.local/lib/python3.12/site-packages/airflow/example_dags/example_xcom.py
[2026-08-06T04:51:09.307+0000] {logging_mixin.py:190} INFO - [2026-08-06T04:51:09.306+0000] {dag.py:3239} INFO - Sync 1 DAGs
[2026-08-06T04:51:09.366+0000] {logging_mixin.py:190} INFO - [2026-08-06T04:51:09.362+0000] {dag.py:4180} INFO - Setting next_dagrun for example_xcom to 2021-01-01 00:00:00+00:00, run_after=2021-01-01 00:00:00+00:00
[2026-08-06T04:51:09.446+0000] {processor.py:208} INFO - Processing /home/airflow/.local/lib/python3.12/site-packages/airflow/example_dags/example_xcom.py took 0.263 seconds
[2026-08-06T04:51:39.957+0000] {processor.py:186} INFO - Started process (PID=713) to work on /home/airflow/.local/lib/python3.12/site-packages/airflow/example_dags/example_xcom.py
[2026-08-06T04:51:39.959+0000] {processor.py:914} INFO - Processing file /home/airflow/.local/lib/python3.12/site-packages/airflow/example_dags/example_xcom.py for tasks to queue
[2026-08-06T04:51:39.963+0000] {logging_mixin.py:190} INFO - [2026-08-06T04:51:39.963+0000] {dagbag.py:588} INFO - Filling up the DagBag from /home/airflow/.local/lib/python3.12/site-packages/airflow/example_dags/example_xcom.py
[2026-08-06T04:51:39.980+0000] {processor.py:925} INFO - DAG(s) 'example_xcom' retrieved from /home/airflow/.local/lib/python3.12/site-packages/airflow/example_dags/example_xcom.py
[2026-08-06T04:51:40.010+0000] {logging_mixin.py:190} INFO - [2026-08-06T04:51:40.010+0000] {dag.py:3239} INFO - Sync 1 DAGs
[2026-08-06T04:51:40.045+0000] {logging_mixin.py:190} INFO - [2026-08-06T04:51:40.045+0000] {dag.py:4180} INFO - Setting next_dagrun for example_xcom to 2021-01-01 00:00:00+00:00, run_after=2021-01-01 00:00:00+00:00
[2026-08-06T04:51:40.089+0000] {processor.py:208} INFO - Processing /home/airflow/.local/lib/python3.12/site-packages/airflow/example_dags/example_xcom.py took 0.140 seconds
[2026-08-06T04:52:10.394+0000] {processor.py:186} INFO - Started process (PID=776) to work on /home/airflow/.local/lib/python3.12/site-packages/airflow/example_dags/example_xcom.py
[2026-08-06T04:52:10.396+0000] {processor.py:914} INFO - Processing file /home/airflow/.local/lib/python3.12/site-packages/airflow/example_dags/example_xcom.py for tasks to queue
[2026-08-06T04:52:10.399+0000] {logging_mixin.py:190} INFO - [2026-08-06T04:52:10.398+0000] {dagbag.py:588} INFO - Filling up the DagBag from /home/airflow/.local/lib/python3.12/site-packages/airflow/example_dags/example_xcom.py
[2026-08-06T04:52:10.410+0000] {processor.py:925} INFO - DAG(s) 'example_xcom' retrieved from /home/airflow/.local/lib/python3.12/site-packages/airflow/example_dags/example_xcom.py
[2026-08-06T04:52:10.449+0000] {logging_mixin.py:190} INFO - [2026-08-06T04:52:10.447+0000] {dag.py:3239} INFO - Sync 1 DAGs
[2026-08-06T04:52:10.497+0000] {logging_mixin.py:190} INFO - [2026-08-06T04:52:10.495+0000] {dag.py:4180} INFO - Setting next_dagrun for example_xcom to 2021-01-01 00:00:00+00:00, run_after=2021-01-01 00:00:00+00:00
[2026-08-06T04:52:10.528+0000] {processor.py:208} INFO - Processing /home/airflow/.local/lib/python3.12/site-packages/airflow/example_dags/example_xcom.py took 0.145 seconds
[2026-08-06T04:52:40.640+0000] {processor.py:186} INFO - Started process (PID=840) to work on /home/airflow/.local/lib/python3.12/site-packages/airflow/example_dags/example_xcom.py
[2026-08-06T04:52:40.642+0000] {processor.py:914} INFO - Processing file /home/airflow/.local/lib/python3.12/site-packages/airflow/example_dags/example_xcom.py for tasks to queue
[2026-08-06T04:52:40.650+0000] {logging_mixin.py:190} INFO - [2026-08-06T04:52:40.650+0000] {dagbag.py:588} INFO - Filling up the DagBag from /home/airflow/.local/lib/python3.12/site-packages/airflow/example_dags/example_xcom.py
[2026-08-06T04:52:40.675+0000] {processor.py:925} INFO - DAG(s) 'example_xcom' retrieved from /home/airflow/.local/lib/python3.12/site-packages/airflow/example_dags/example_xcom.py
[2026-08-06T04:52:40.725+0000] {logging_mixin.py:190} INFO - [2026-08-06T04:52:40.724+0000] {dag.py:3239} INFO - Sync 1 DAGs
[2026-08-06T04:52:40.781+0000] {logging_mixin.py:190} INFO - [2026-08-06T04:52:40.780+0000] {dag.py:4180} INFO - Setting next_dagrun for example_xcom to 2021-01-01 00:00:00+00:00, run_after=2021-01-01 00:00:00+00:00
[2026-08-06T04:52:40.858+0000] {processor.py:208} INFO - Processing /home/airflow/.local/lib/python3.12/site-packages/airflow/example_dags/example_xcom.py took 0.229 seconds
[2026-08-06T05:30:16.358+0000] {processor.py:186} INFO - Started process (PID=85) to work on /home/airflow/.local/lib/python3.12/site-packages/airflow/example_dags/example_xcom.py
[2026-08-06T05:30:16.360+0000] {processor.py:914} INFO - Processing file /home/airflow/.local/lib/python3.12/site-packages/airflow/example_dags/example_xcom.py for tasks to queue
[2026-08-06T05:30:16.366+0000] {logging_mixin.py:190} INFO - [2026-08-06T05:30:16.365+0000] {dagbag.py:588} INFO - Filling up the DagBag from /home/airflow/.local/lib/python3.12/site-packages/airflow/example_dags/example_xcom.py
[2026-08-06T05:30:16.384+0000] {processor.py:925} INFO - DAG(s) 'example_xcom' retrieved from /home/airflow/.local/lib/python3.12/site-packages/airflow/example_dags/example_xcom.py
[2026-08-06T05:30:16.439+0000] {logging_mixin.py:190} INFO - [2026-08-06T05:30:16.438+0000] {dag.py:3239} INFO - Sync 1 DAGs
[2026-08-06T05:30:16.492+0000] {logging_mixin.py:190} INFO - [2026-08-06T05:30:16.491+0000] {dag.py:4180} INFO - Setting next_dagrun for example_xcom to 2021-01-01 00:00:00+00:00, run_after=2021-01-01 00:00:00+00:00
[2026-08-06T05:30:16.532+0000] {processor.py:208} INFO - Processing /home/airflow/.local/lib/python3.12/site-packages/airflow/example_dags/example_xcom.py took 0.186 seconds
[2026-08-06T05:30:47.396+0000] {processor.py:186} INFO - Started process (PID=148) to work on /home/airflow/.local/lib/python3.12/site-packages/airflow/example_dags/example_xcom.py
[2026-08-06T05:30:47.398+0000] {processor.py:914} INFO - Processing file /home/airflow/.local/lib/python3.12/site-packages/airflow/example_dags/example_xcom.py for tasks to queue
[2026-08-06T05:30:47.400+0000] {logging_mixin.py:190} INFO - [2026-08-06T05:30:47.400+0000] {dagbag.py:588} INFO - Filling up the DagBag from /home/airflow/.local/lib/python3.12/site-packages/airflow/example_dags/example_xcom.py
[2026-08-06T05:30:47.425+0000] {processor.py:925} INFO - DAG(s) 'example_xcom' retrieved from /home/airflow/.local/lib/python3.12/site-packages/airflow/example_dags/example_xcom.py
[2026-08-06T05:30:47.458+0000] {logging_mixin.py:190} INFO - [2026-08-06T05:30:47.458+0000] {dag.py:3239} INFO - Sync 1 DAGs
[2026-08-06T05:30:47.500+0000] {logging_mixin.py:190} INFO - [2026-08-06T05:30:47.499+0000] {dag.py:4180} INFO - Setting next_dagrun for example_xcom to 2021-01-01 00:00:00+00:00, run_after=2021-01-01 00:00:00+00:00
[2026-08-06T05:30:47.531+0000] {processor.py:208} INFO - Processing /home/airflow/.local/lib/python3.12/site-packages/airflow/example_dags/example_xcom.py took 0.143 seconds
[2026-08-06T05:33:10.403+0000] {processor.py:186} INFO - Started process (PID=79) to work on /home/airflow/.local/lib/python3.12/site-packages/airflow/example_dags/example_xcom.py
[2026-08-06T05:33:10.405+0000] {processor.py:914} INFO - Processing file /home/airflow/.local/lib/python3.12/site-packages/airflow/example_dags/example_xcom.py for tasks to queue
[2026-08-06T05:33:10.410+0000] {logging_mixin.py:190} INFO - [2026-08-06T05:33:10.410+0000] {dagbag.py:588} INFO - Filling up the DagBag from /home/airflow/.local/lib/python3.12/site-packages/airflow/example_dags/example_xcom.py
[2026-08-06T05:33:10.428+0000] {processor.py:925} INFO - DAG(s) 'example_xcom' retrieved from /home/airflow/.local/lib/python3.12/site-packages/airflow/example_dags/example_xcom.py
[2026-08-06T05:33:10.481+0000] {logging_mixin.py:190} INFO - [2026-08-06T05:33:10.481+0000] {dag.py:3239} INFO - Sync 1 DAGs
[2026-08-06T05:33:10.525+0000] {logging_mixin.py:190} INFO - [2026-08-06T05:33:10.524+0000] {dag.py:4180} INFO - Setting next_dagrun for example_xcom to 2021-01-01 00:00:00+00:00, run_after=2021-01-01 00:00:00+00:00
[2026-08-06T05:33:10.589+0000] {processor.py:208} INFO - Processing /home/airflow/.local/lib/python3.12/site-packages/airflow/example_dags/example_xcom.py took 0.200 seconds
[2026-08-06T05:33:41.071+0000] {processor.py:186} INFO - Started process (PID=142) to work on /home/airflow/.local/lib/python3.12/site-packages/airflow/example_dags/example_xcom.py
[2026-08-06T05:33:41.076+0000] {processor.py:914} INFO - Processing file /home/airflow/.local/lib/python3.12/site-packages/airflow/example_dags/example_xcom.py for tasks to queue
[2026-08-06T05:33:41.084+0000] {logging_mixin.py:190} INFO - [2026-08-06T05:33:41.083+0000] {dagbag.py:588} INFO - Filling up the DagBag from /home/airflow/.local/lib/python3.12/site-packages/airflow/example_dags/example_xcom.py
[2026-08-06T05:33:41.102+0000] {processor.py:925} INFO - DAG(s) 'example_xcom' retrieved from /home/airflow/.local/lib/python3.12/site-packages/airflow/example_dags/example_xcom.py
[2026-08-06T05:33:41.152+0000] {logging_mixin.py:190} INFO - [2026-08-06T05:33:41.151+0000] {dag.py:3239} INFO - Sync 1 DAGs
[2026-08-06T05:33:41.199+0000] {logging_mixin.py:190} INFO - [2026-08-06T05:33:41.199+0000] {dag.py:4180} INFO - Setting next_dagrun for example_xcom to 2021-01-01 00:00:00+00:00, run_after=2021-01-01 00:00:00+00:00
[2026-08-06T05:33:41.267+0000] {processor.py:208} INFO - Processing /home/airflow/.local/lib/python3.12/site-packages/airflow/example_dags/example_xcom.py took 0.215 seconds
[2026-08-06T05:34:12.074+0000] {processor.py:186} INFO - Started process (PID=204) to work on /home/airflow/.local/lib/python3.12/site-packages/airflow/example_dags/example_xcom.py
[2026-08-06T05:34:12.076+0000] {processor.py:914} INFO - Processing file /home/airflow/.local/lib/python3.12/site-packages/airflow/example_dags/example_xcom.py for tasks to queue
[2026-08-06T05:34:12.080+0000] {logging_mixin.py:190} INFO - [2026-08-06T05:34:12.080+0000] {dagbag.py:588} INFO - Filling up the DagBag from /home/airflow/.local/lib/python3.12/site-packages/airflow/example_dags/example_xcom.py
[2026-08-06T05:34:12.096+0000] {processor.py:925} INFO - DAG(s) 'example_xcom' retrieved from /home/airflow/.local/lib/python3.12/site-packages/airflow/example_dags/example_xcom.py
[2026-08-06T05:34:12.132+0000] {logging_mixin.py:190} INFO - [2026-08-06T05:34:12.132+0000] {dag.py:3239} INFO - Sync 1 DAGs
[2026-08-06T05:34:12.175+0000] {logging_mixin.py:190} INFO - [2026-08-06T05:34:12.174+0000] {dag.py:4180} INFO - Setting next_dagrun for example_xcom to 2021-01-01 00:00:00+00:00, run_after=2021-01-01 00:00:00+00:00
[2026-08-06T05:34:12.213+0000] {processor.py:208} INFO - Processing /home/airflow/.local/lib/python3.12/site-packages/airflow/example_dags/example_xcom.py took 0.150 seconds
[2026-08-06T05:34:43.437+0000] {processor.py:186} INFO - Started process (PID=267) to work on /home/airflow/.local/lib/python3.12/site-packages/airflow/example_dags/example_xcom.py
[2026-08-06T05:34:43.440+0000] {processor.py:914} INFO - Processing file /home/airflow/.local/lib/python3.12/site-packages/airflow/example_dags/example_xcom.py for tasks to queue
[2026-08-06T05:34:43.443+0000] {logging_mixin.py:190} INFO - [2026-08-06T05:34:43.443+0000] {dagbag.py:588} INFO - Filling up the DagBag from /home/airflow/.local/lib/python3.12/site-packages/airflow/example_dags/example_xcom.py
[2026-08-06T05:34:43.455+0000] {processor.py:925} INFO - DAG(s) 'example_xcom' retrieved from /home/airflow/.local/lib/python3.12/site-packages/airflow/example_dags/example_xcom.py
[2026-08-06T05:34:43.482+0000] {logging_mixin.py:190} INFO - [2026-08-06T05:34:43.482+0000] {dag.py:3239} INFO - Sync 1 DAGs
[2026-08-06T05:34:43.511+0000] {logging_mixin.py:190} INFO - [2026-08-06T05:34:43.511+0000] {dag.py:4180} INFO - Setting next_dagrun for example_xcom to 2021-01-01 00:00:00+00:00, run_after=2021-01-01 00:00:00+00:00
[2026-08-06T05:34:43.538+0000] {processor.py:208} INFO - Processing /home/airflow/.local/lib/python3.12/site-packages/airflow/example_dags/example_xcom.py took 0.109 seconds
[2026-08-06T05:35:14.850+0000] {processor.py:186} INFO - Started process (PID=330) to work on /home/airflow/.local/lib/python3.12/site-packages/airflow/example_dags/example_xcom.py
[2026-08-06T05:35:14.852+0000] {processor.py:914} INFO - Processing file /home/airflow/.local/lib/python3.12/site-packages/airflow/example_dags/example_xcom.py for tasks to queue
[2026-08-06T05:35:14.858+0000] {logging_mixin.py:190} INFO - [2026-08-06T05:35:14.857+0000] {dagbag.py:588} INFO - Filling up the DagBag from /home/airflow/.local/lib/python3.12/site-packages/airflow/example_dags/example_xcom.py
[2026-08-06T05:35:14.875+0000] {processor.py:925} INFO - DAG(s) 'example_xcom' retrieved from /home/airflow/.local/lib/python3.12/site-packages/airflow/example_dags/example_xcom.py
[2026-08-06T05:35:14.917+0000] {logging_mixin.py:190} INFO - [2026-08-06T05:35:14.917+0000] {dag.py:3239} INFO - Sync 1 DAGs
[2026-08-06T05:35:14.964+0000] {logging_mixin.py:190} INFO - [2026-08-06T05:35:14.963+0000] {dag.py:4180} INFO - Setting next_dagrun for example_xcom to 2021-01-01 00:00:00+00:00, run_after=2021-01-01 00:00:00+00:00
[2026-08-06T05:35:15.052+0000] {processor.py:208} INFO - Processing /home/airflow/.local/lib/python3.12/site-packages/airflow/example_dags/example_xcom.py took 0.210 seconds
[2026-08-06T05:36:57.948+0000] {processor.py:186} INFO - Started process (PID=85) to work on /home/airflow/.local/lib/python3.12/site-packages/airflow/example_dags/example_xcom.py
[2026-08-06T05:36:57.950+0000] {processor.py:914} INFO - Processing file /home/airflow/.local/lib/python3.12/site-packages/airflow/example_dags/example_xcom.py for tasks to queue
[2026-08-06T05:36:57.955+0000] {logging_mixin.py:190} INFO - [2026-08-06T05:36:57.955+0000] {dagbag.py:588} INFO - Filling up the DagBag from /home/airflow/.local/lib/python3.12/site-packages/airflow/example_dags/example_xcom.py
[2026-08-06T05:36:57.972+0000] {processor.py:925} INFO - DAG(s) 'example_xcom' retrieved from /home/airflow/.local/lib/python3.12/site-packages/airflow/example_dags/example_xcom.py
[2026-08-06T05:36:58.018+0000] {logging_mixin.py:190} INFO - [2026-08-06T05:36:58.018+0000] {dag.py:3239} INFO - Sync 1 DAGs
[2026-08-06T05:36:58.060+0000] {logging_mixin.py:190} INFO - [2026-08-06T05:36:58.059+0000] {dag.py:4180} INFO - Setting next_dagrun for example_xcom to 2021-01-01 00:00:00+00:00, run_after=2021-01-01 00:00:00+00:00
[2026-08-06T05:36:58.102+0000] {processor.py:208} INFO - Processing /home/airflow/.local/lib/python3.12/site-packages/airflow/example_dags/example_xcom.py took 0.165 seconds
[2026-08-06T05:37:28.655+0000] {processor.py:186} INFO - Started process (PID=148) to work on /home/airflow/.local/lib/python3.12/site-packages/airflow/example_dags/example_xcom.py
[2026-08-06T05:37:28.657+0000] {processor.py:914} INFO - Processing file /home/airflow/.local/lib/python3.12/site-packages/airflow/example_dags/example_xcom.py for tasks to queue
[2026-08-06T05:37:28.662+0000] {logging_mixin.py:190} INFO - [2026-08-06T05:37:28.661+0000] {dagbag.py:588} INFO - Filling up the DagBag from /home/airflow/.local/lib/python3.12/site-packages/airflow/example_dags/example_xcom.py
[2026-08-06T05:37:28.697+0000] {processor.py:925} INFO - DAG(s) 'example_xcom' retrieved from /home/airflow/.local/lib/python3.12/site-packages/airflow/example_dags/example_xcom.py
[2026-08-06T05:37:28.810+0000] {logging_mixin.py:190} INFO - [2026-08-06T05:37:28.809+0000] {dag.py:3239} INFO - Sync 1 DAGs
[2026-08-06T05:37:28.852+0000] {logging_mixin.py:190} INFO - [2026-08-06T05:37:28.851+0000] {dag.py:4180} INFO - Setting next_dagrun for example_xcom to 2021-01-01 00:00:00+00:00, run_after=2021-01-01 00:00:00+00:00
[2026-08-06T05:37:28.915+0000] {processor.py:208} INFO - Processing /home/airflow/.local/lib/python3.12/site-packages/airflow/example_dags/example_xcom.py took 0.269 seconds
[2026-08-06T05:37:59.085+0000] {processor.py:186} INFO - Started process (PID=212) to work on /home/airflow/.local/lib/python3.12/site-packages/airflow/example_dags/example_xcom.py
[2026-08-06T05:37:59.087+0000] {processor.py:914} INFO - Processing file /home/airflow/.local/lib/python3.12/site-packages/airflow/example_dags/example_xcom.py for tasks to queue
[2026-08-06T05:37:59.092+0000] {logging_mixin.py:190} INFO - [2026-08-06T05:37:59.091+0000] {dagbag.py:588} INFO - Filling up the DagBag from /home/airflow/.local/lib/python3.12/site-packages/airflow/example_dags/example_xcom.py
[2026-08-06T05:37:59.110+0000] {processor.py:925} INFO - DAG(s) 'example_xcom' retrieved from /home/airflow/.local/lib/python3.12/site-packages/airflow/example_dags/example_xcom.py
[2026-08-06T05:37:59.147+0000] {logging_mixin.py:190} INFO - [2026-08-06T05:37:59.147+0000] {dag.py:3239} INFO - Sync 1 DAGs
[2026-08-06T05:37:59.179+0000] {logging_mixin.py:190} INFO - [2026-08-06T05:37:59.179+0000] {dag.py:4180} INFO - Setting next_dagrun for example_xcom to 2021-01-01 00:00:00+00:00, run_after=2021-01-01 00:00:00+00:00
[2026-08-06T05:37:59.207+0000] {processor.py:208} INFO - Processing /home/airflow/.local/lib/python3.12/site-packages/airflow/example_dags/example_xcom.py took 0.132 seconds
[2026-08-06T05:38:30.075+0000] {processor.py:186} INFO - Started process (PID=283) to work on /home/airflow/.local/lib/python3.12/site-packages/airflow/example_dags/example_xcom.py
[2026-08-06T05:38:30.079+0000] {processor.py:914} INFO - Processing file /home/airflow/.local/lib/python3.12/site-packages/airflow/example_dags/example_xcom.py for tasks to queue
[2026-08-06T05:38:30.088+0000] {logging_mixin.py:190} INFO - [2026-08-06T05:38:30.087+0000] {dagbag.py:588} INFO - Filling up the DagBag from /home/airflow/.local/lib/python3.12/site-packages/airflow/example_dags/example_xcom.py
[2026-08-06T05:38:30.115+0000] {processor.py:925} INFO - DAG(s) 'example_xcom' retrieved from /home/airflow/.local/lib/python3.12/site-packages/airflow/example_dags/example_xcom.py
[2026-08-06T05:38:30.161+0000] {logging_mixin.py:190} INFO - [2026-08-06T05:38:30.161+0000] {dag.py:3239} INFO - Sync 1 DAGs
[2026-08-06T05:38:30.233+0000] {logging_mixin.py:190} INFO - [2026-08-06T05:38:30.232+0000] {dag.py:4180} INFO - Setting next_dagrun for example_xcom to 2021-01-01 00:00:00+00:00, run_after=2021-01-01 00:00:00+00:00
[2026-08-06T05:38:30.293+0000] {processor.py:208} INFO - Processing /home/airflow/.local/lib/python3.12/site-packages/airflow/example_dags/example_xcom.py took 0.243 seconds
[2026-08-06T05:39:01.625+0000] {processor.py:186} INFO - Started process (PID=355) to work on /home/airflow/.local/lib/python3.12/site-packages/airflow/example_dags/example_xcom.py
[2026-08-06T05:39:01.632+0000] {processor.py:914} INFO - Processing file /home/airflow/.local/lib/python3.12/site-packages/airflow/example_dags/example_xcom.py for tasks to queue
[2026-08-06T05:39:01.638+0000] {logging_mixin.py:190} INFO - [2026-08-06T05:39:01.637+0000] {dagbag.py:588} INFO - Filling up the DagBag from /home/airflow/.local/lib/python3.12/site-packages/airflow/example_dags/example_xcom.py
[2026-08-06T05:39:01.661+0000] {processor.py:925} INFO - DAG(s) 'example_xcom' retrieved from /home/airflow/.local/lib/python3.12/site-packages/airflow/example_dags/example_xcom.py
[2026-08-06T05:39:01.704+0000] {logging_mixin.py:190} INFO - [2026-08-06T05:39:01.703+0000] {dag.py:3239} INFO - Sync 1 DAGs
[2026-08-06T05:39:01.749+0000] {logging_mixin.py:190} INFO - [2026-08-06T05:39:01.748+0000] {dag.py:4180} INFO - Setting next_dagrun for example_xcom to 2021-01-01 00:00:00+00:00, run_after=2021-01-01 00:00:00+00:00
[2026-08-06T05:39:01.778+0000] {processor.py:208} INFO - Processing /home/airflow/.local/lib/python3.12/site-packages/airflow/example_dags/example_xcom.py took 0.175 seconds
[2026-08-06T05:39:32.426+0000] {processor.py:186} INFO - Started process (PID=419) to work on /home/airflow/.local/lib/python3.12/site-packages/airflow/example_dags/example_xcom.py
[2026-08-06T05:39:32.429+0000] {processor.py:914} INFO - Processing file /home/airflow/.local/lib/python3.12/site-packages/airflow/example_dags/example_xcom.py for tasks to queue
[2026-08-06T05:39:32.433+0000] {logging_mixin.py:190} INFO - [2026-08-06T05:39:32.432+0000] {dagbag.py:588} INFO - Filling up the DagBag from /home/airflow/.local/lib/python3.12/site-packages/airflow/example_dags/example_xcom.py
[2026-08-06T05:39:32.448+0000] {processor.py:925} INFO - DAG(s) 'example_xcom' retrieved from /home/airflow/.local/lib/python3.12/site-packages/airflow/example_dags/example_xcom.py
[2026-08-06T05:39:32.483+0000] {logging_mixin.py:190} INFO - [2026-08-06T05:39:32.482+0000] {dag.py:3239} INFO - Sync 1 DAGs
[2026-08-06T05:39:32.526+0000] {logging_mixin.py:190} INFO - [2026-08-06T05:39:32.525+0000] {dag.py:4180} INFO - Setting next_dagrun for example_xcom to 2021-01-01 00:00:00+00:00, run_after=2021-01-01 00:00:00+00:00
[2026-08-06T05:39:32.596+0000] {processor.py:208} INFO - Processing /home/airflow/.local/lib/python3.12/site-packages/airflow/example_dags/example_xcom.py took 0.182 seconds
[2026-08-06T05:40:03.628+0000] {processor.py:186} INFO - Started process (PID=483) to work on /home/airflow/.local/lib/python3.12/site-packages/airflow/example_dags/example_xcom.py
[2026-08-06T05:40:03.630+0000] {processor.py:914} INFO - Processing file /home/airflow/.local/lib/python3.12/site-packages/airflow/example_dags/example_xcom.py for tasks to queue
[2026-08-06T05:40:03.638+0000] {logging_mixin.py:190} INFO - [2026-08-06T05:40:03.638+0000] {dagbag.py:588} INFO - Filling up the DagBag from /home/airflow/.local/lib/python3.12/site-packages/airflow/example_dags/example_xcom.py
[2026-08-06T05:40:03.659+0000] {processor.py:925} INFO - DAG(s) 'example_xcom' retrieved from /home/airflow/.local/lib/python3.12/site-packages/airflow/example_dags/example_xcom.py
[2026-08-06T05:40:03.695+0000] {logging_mixin.py:190} INFO - [2026-08-06T05:40:03.695+0000] {dag.py:3239} INFO - Sync 1 DAGs
[2026-08-06T05:40:03.742+0000] {logging_mixin.py:190} INFO - [2026-08-06T05:40:03.741+0000] {dag.py:4180} INFO - Setting next_dagrun for example_xcom to 2021-01-01 00:00:00+00:00, run_after=2021-01-01 00:00:00+00:00
[2026-08-06T05:40:03.826+0000] {processor.py:208} INFO - Processing /home/airflow/.local/lib/python3.12/site-packages/airflow/example_dags/example_xcom.py took 0.212 seconds
[2026-08-06T05:40:34.413+0000] {processor.py:186} INFO - Started process (PID=547) to work on /home/airflow/.local/lib/python3.12/site-packages/airflow/example_dags/example_xcom.py
[2026-08-06T05:40:34.415+0000] {processor.py:914} INFO - Processing file /home/airflow/.local/lib/python3.12/site-packages/airflow/example_dags/example_xcom.py for tasks to queue
[2026-08-06T05:40:34.420+0000] {logging_mixin.py:190} INFO - [2026-08-06T05:40:34.419+0000] {dagbag.py:588} INFO - Filling up the DagBag from /home/airflow/.local/lib/python3.12/site-packages/airflow/example_dags/example_xcom.py
[2026-08-06T05:40:34.437+0000] {processor.py:925} INFO - DAG(s) 'example_xcom' retrieved from /home/airflow/.local/lib/python3.12/site-packages/airflow/example_dags/example_xcom.py
[2026-08-06T05:40:34.476+0000] {logging_mixin.py:190} INFO - [2026-08-06T05:40:34.476+0000] {dag.py:3239} INFO - Sync 1 DAGs
[2026-08-06T05:40:34.508+0000] {logging_mixin.py:190} INFO - [2026-08-06T05:40:34.507+0000] {dag.py:4180} INFO - Setting next_dagrun for example_xcom to 2021-01-01 00:00:00+00:00, run_after=2021-01-01 00:00:00+00:00
[2026-08-06T05:40:34.574+0000] {processor.py:208} INFO - Processing /home/airflow/.local/lib/python3.12/site-packages/airflow/example_dags/example_xcom.py took 0.170 seconds
[2026-08-06T05:41:05.820+0000] {processor.py:186} INFO - Started process (PID=611) to work on /home/airflow/.local/lib/python3.12/site-packages/airflow/example_dags/example_xcom.py
[2026-08-06T05:41:05.823+0000] {processor.py:914} INFO - Processing file /home/airflow/.local/lib/python3.12/site-packages/airflow/example_dags/example_xcom.py for tasks to queue
[2026-08-06T05:41:05.828+0000] {logging_mixin.py:190} INFO - [2026-08-06T05:41:05.827+0000] {dagbag.py:588} INFO - Filling up the DagBag from /home/airflow/.local/lib/python3.12/site-packages/airflow/example_dags/example_xcom.py
[2026-08-06T05:41:05.850+0000] {processor.py:925} INFO - DAG(s) 'example_xcom' retrieved from /home/airflow/.local/lib/python3.12/site-packages/airflow/example_dags/example_xcom.py
[2026-08-06T05:41:05.886+0000] {logging_mixin.py:190} INFO - [2026-08-06T05:41:05.886+0000] {dag.py:3239} INFO - Sync 1 DAGs
[2026-08-06T05:41:05.923+0000] {logging_mixin.py:190} INFO - [2026-08-06T05:41:05.923+0000] {dag.py:4180} INFO - Setting next_dagrun for example_xcom to 2021-01-01 00:00:00+00:00, run_after=2021-01-01 00:00:00+00:00
[2026-08-06T05:41:05.960+0000] {processor.py:208} INFO - Processing /home/airflow/.local/lib/python3.12/site-packages/airflow/example_dags/example_xcom.py took 0.148 seconds
[2026-08-06T05:41:36.609+0000] {processor.py:186} INFO - Started process (PID=675) to work on /home/airflow/.local/lib/python3.12/site-packages/airflow/example_dags/example_xcom.py
[2026-08-06T05:41:36.611+0000] {processor.py:914} INFO - Processing file /home/airflow/.local/lib/python3.12/site-packages/airflow/example_dags/example_xcom.py for tasks to queue
[2026-08-06T05:41:36.615+0000] {logging_mixin.py:190} INFO - [2026-08-06T05:41:36.615+0000] {dagbag.py:588} INFO - Filling up the DagBag from /home/airflow/.local/lib/python3.12/site-packages/airflow/example_dags/example_xcom.py
[2026-08-06T05:41:36.631+0000] {processor.py:925} INFO - DAG(s) 'example_xcom' retrieved from /home/airflow/.local/lib/python3.12/site-packages/airflow/example_dags/example_xcom.py
[2026-08-06T05:41:36.691+0000] {logging_mixin.py:190} INFO - [2026-08-06T05:41:36.690+0000] {dag.py:3239} INFO - Sync 1 DAGs
[2026-08-06T05:41:36.734+0000] {logging_mixin.py:190} INFO - [2026-08-06T05:41:36.734+0000] {dag.py:4180} INFO - Setting next_dagrun for example_xcom to 2021-01-01 00:00:00+00:00, run_after=2021-01-01 00:00:00+00:00
[2026-08-06T05:41:36.766+0000] {processor.py:208} INFO - Processing /home/airflow/.local/lib/python3.12/site-packages/airflow/example_dags/example_xcom.py took 0.166 seconds
[2026-08-06T05:42:07.375+0000] {processor.py:186} INFO - Started process (PID=739) to work on /home/airflow/.local/lib/python3.12/site-packages/airflow/example_dags/example_xcom.py
[2026-08-06T05:42:07.378+0000] {processor.py:914} INFO - Processing file /home/airflow/.local/lib/python3.12/site-packages/airflow/example_dags/example_xcom.py for tasks to queue
[2026-08-06T05:42:07.382+0000] {logging_mixin.py:190} INFO - [2026-08-06T05:42:07.382+0000] {dagbag.py:588} INFO - Filling up the DagBag from /home/airflow/.local/lib/python3.12/site-packages/airflow/example_dags/example_xcom.py
[2026-08-06T05:42:07.396+0000] {processor.py:925} INFO - DAG(s) 'example_xcom' retrieved from /home/airflow/.local/lib/python3.12/site-packages/airflow/example_dags/example_xcom.py
[2026-08-06T05:42:07.435+0000] {logging_mixin.py:190} INFO - [2026-08-06T05:42:07.435+0000] {dag.py:3239} INFO - Sync 1 DAGs
[2026-08-06T05:42:07.471+0000] {logging_mixin.py:190} INFO - [2026-08-06T05:42:07.470+0000] {dag.py:4180} INFO - Setting next_dagrun for example_xcom to 2021-01-01 00:00:00+00:00, run_after=2021-01-01 00:00:00+00:00
[2026-08-06T05:42:07.502+0000] {processor.py:208} INFO - Processing /home/airflow/.local/lib/python3.12/site-packages/airflow/example_dags/example_xcom.py took 0.135 seconds
[2026-08-06T05:42:38.464+0000] {processor.py:186} INFO - Started process (PID=803) to work on /home/airflow/.local/lib/python3.12/site-packages/airflow/example_dags/example_xcom.py
[2026-08-06T05:42:38.467+0000] {processor.py:914} INFO - Processing file /home/airflow/.local/lib/python3.12/site-packages/airflow/example_dags/example_xcom.py for tasks to queue
[2026-08-06T05:42:38.473+0000] {logging_mixin.py:190} INFO - [2026-08-06T05:42:38.472+0000] {dagbag.py:588} INFO - Filling up the DagBag from /home/airflow/.local/lib/python3.12/site-packages/airflow/example_dags/example_xcom.py
[2026-08-06T05:42:38.489+0000] {processor.py:925} INFO - DAG(s) 'example_xcom' retrieved from /home/airflow/.local/lib/python3.12/site-packages/airflow/example_dags/example_xcom.py
[2026-08-06T05:42:38.526+0000] {logging_mixin.py:190} INFO - [2026-08-06T05:42:38.525+0000] {dag.py:3239} INFO - Sync 1 DAGs
[2026-08-06T05:42:38.566+0000] {logging_mixin.py:190} INFO - [2026-08-06T05:42:38.565+0000] {dag.py:4180} INFO - Setting next_dagrun for example_xcom to 2021-01-01 00:00:00+00:00, run_after=2021-01-01 00:00:00+00:00
[2026-08-06T05:42:38.635+0000] {processor.py:208} INFO - Processing /home/airflow/.local/lib/python3.12/site-packages/airflow/example_dags/example_xcom.py took 0.183 seconds
[2026-08-06T05:43:08.979+0000] {processor.py:186} INFO - Started process (PID=867) to work on /home/airflow/.local/lib/python3.12/site-packages/airflow/example_dags/example_xcom.py
[2026-08-06T05:43:08.981+0000] {processor.py:914} INFO - Processing file /home/airflow/.local/lib/python3.12/site-packages/airflow/example_dags/example_xcom.py for tasks to queue
[2026-08-06T05:43:08.986+0000] {logging_mixin.py:190} INFO - [2026-08-06T05:43:08.986+0000] {dagbag.py:588} INFO - Filling up the DagBag from /home/airflow/.local/lib/python3.12/site-packages/airflow/example_dags/example_xcom.py
[2026-08-06T05:43:09.009+0000] {processor.py:925} INFO - DAG(s) 'example_xcom' retrieved from /home/airflow/.local/lib/python3.12/site-packages/airflow/example_dags/example_xcom.py
[2026-08-06T05:43:09.060+0000] {logging_mixin.py:190} INFO - [2026-08-06T05:43:09.059+0000] {dag.py:3239} INFO - Sync 1 DAGs
[2026-08-06T05:43:09.095+0000] {logging_mixin.py:190} INFO - [2026-08-06T05:43:09.095+0000] {dag.py:4180} INFO - Setting next_dagrun for example_xcom to 2021-01-01 00:00:00+00:00, run_after=2021-01-01 00:00:00+00:00
[2026-08-06T05:43:09.164+0000] {processor.py:208} INFO - Processing /home/airflow/.local/lib/python3.12/site-packages/airflow/example_dags/example_xcom.py took 0.198 seconds
[2026-08-06T05:43:40.255+0000] {processor.py:186} INFO - Started process (PID=938) to work on /home/airflow/.local/lib/python3.12/site-packages/airflow/example_dags/example_xcom.py
[2026-08-06T05:43:40.259+0000] {processor.py:914} INFO - Processing file /home/airflow/.local/lib/python3.12/site-packages/airflow/example_dags/example_xcom.py for tasks to queue
[2026-08-06T05:43:40.268+0000] {logging_mixin.py:190} INFO - [2026-08-06T05:43:40.266+0000] {dagbag.py:588} INFO - Filling up the DagBag from /home/airflow/.local/lib/python3.12/site-packages/airflow/example_dags/example_xcom.py
[2026-08-06T05:43:40.300+0000] {processor.py:925} INFO - DAG(s) 'example_xcom' retrieved from /home/airflow/.local/lib/python3.12/site-packages/airflow/example_dags/example_xcom.py
[2026-08-06T05:43:40.367+0000] {logging_mixin.py:190} INFO - [2026-08-06T05:43:40.366+0000] {dag.py:3239} INFO - Sync 1 DAGs
[2026-08-06T05:43:40.443+0000] {logging_mixin.py:190} INFO - [2026-08-06T05:43:40.443+0000] {dag.py:4180} INFO - Setting next_dagrun for example_xcom to 2021-01-01 00:00:00+00:00, run_after=2021-01-01 00:00:00+00:00
[2026-08-06T05:43:40.519+0000] {processor.py:208} INFO - Processing /home/airflow/.local/lib/python3.12/site-packages/airflow/example_dags/example_xcom.py took 0.282 seconds
[2026-08-06T05:44:11.579+0000] {processor.py:186} INFO - Started process (PID=1010) to work on /home/airflow/.local/lib/python3.12/site-packages/airflow/example_dags/example_xcom.py
[2026-08-06T05:44:11.582+0000] {processor.py:914} INFO - Processing file /home/airflow/.local/lib/python3.12/site-packages/airflow/example_dags/example_xcom.py for tasks to queue
[2026-08-06T05:44:11.592+0000] {logging_mixin.py:190} INFO - [2026-08-06T05:44:11.590+0000] {dagbag.py:588} INFO - Filling up the DagBag from /home/airflow/.local/lib/python3.12/site-packages/airflow/example_dags/example_xcom.py
[2026-08-06T05:44:11.620+0000] {processor.py:925} INFO - DAG(s) 'example_xcom' retrieved from /home/airflow/.local/lib/python3.12/site-packages/airflow/example_dags/example_xcom.py
[2026-08-06T05:44:11.659+0000] {logging_mixin.py:190} INFO - [2026-08-06T05:44:11.658+0000] {dag.py:3239} INFO - Sync 1 DAGs
[2026-08-06T05:44:11.700+0000] {logging_mixin.py:190} INFO - [2026-08-06T05:44:11.699+0000] {dag.py:4180} INFO - Setting next_dagrun for example_xcom to 2021-01-01 00:00:00+00:00, run_after=2021-01-01 00:00:00+00:00
[2026-08-06T05:44:11.739+0000] {processor.py:208} INFO - Processing /home/airflow/.local/lib/python3.12/site-packages/airflow/example_dags/example_xcom.py took 0.177 seconds
[2026-08-06T05:44:42.855+0000] {processor.py:186} INFO - Started process (PID=1074) to work on /home/airflow/.local/lib/python3.12/site-packages/airflow/example_dags/example_xcom.py
[2026-08-06T05:44:42.859+0000] {processor.py:914} INFO - Processing file /home/airflow/.local/lib/python3.12/site-packages/airflow/example_dags/example_xcom.py for tasks to queue
[2026-08-06T05:44:42.864+0000] {logging_mixin.py:190} INFO - [2026-08-06T05:44:42.863+0000] {dagbag.py:588} INFO - Filling up the DagBag from /home/airflow/.local/lib/python3.12/site-packages/airflow/example_dags/example_xcom.py
[2026-08-06T05:44:42.879+0000] {processor.py:925} INFO - DAG(s) 'example_xcom' retrieved from /home/airflow/.local/lib/python3.12/site-packages/airflow/example_dags/example_xcom.py
[2026-08-06T05:44:42.913+0000] {logging_mixin.py:190} INFO - [2026-08-06T05:44:42.913+0000] {dag.py:3239} INFO - Sync 1 DAGs
[2026-08-06T05:44:42.952+0000] {logging_mixin.py:190} INFO - [2026-08-06T05:44:42.951+0000] {dag.py:4180} INFO - Setting next_dagrun for example_xcom to 2021-01-01 00:00:00+00:00, run_after=2021-01-01 00:00:00+00:00
[2026-08-06T05:44:42.994+0000] {processor.py:208} INFO - Processing /home/airflow/.local/lib/python3.12/site-packages/airflow/example_dags/example_xcom.py took 0.149 seconds
[2026-08-06T05:45:13.302+0000] {processor.py:186} INFO - Started process (PID=1137) to work on /home/airflow/.local/lib/python3.12/site-packages/airflow/example_dags/example_xcom.py
[2026-08-06T05:45:13.304+0000] {processor.py:914} INFO - Processing file /home/airflow/.local/lib/python3.12/site-packages/airflow/example_dags/example_xcom.py for tasks to queue
[2026-08-06T05:45:13.309+0000] {logging_mixin.py:190} INFO - [2026-08-06T05:45:13.309+0000] {dagbag.py:588} INFO - Filling up the DagBag from /home/airflow/.local/lib/python3.12/site-packages/airflow/example_dags/example_xcom.py
[2026-08-06T05:45:13.371+0000] {processor.py:925} INFO - DAG(s) 'example_xcom' retrieved from /home/airflow/.local/lib/python3.12/site-packages/airflow/example_dags/example_xcom.py
[2026-08-06T05:45:13.420+0000] {logging_mixin.py:190} INFO - [2026-08-06T05:45:13.419+0000] {dag.py:3239} INFO - Sync 1 DAGs
[2026-08-06T05:45:13.508+0000] {logging_mixin.py:190} INFO - [2026-08-06T05:45:13.507+0000] {dag.py:4180} INFO - Setting next_dagrun for example_xcom to 2021-01-01 00:00:00+00:00, run_after=2021-01-01 00:00:00+00:00
[2026-08-06T05:45:13.543+0000] {processor.py:208} INFO - Processing /home/airflow/.local/lib/python3.12/site-packages/airflow/example_dags/example_xcom.py took 0.251 seconds
[2026-08-06T05:45:44.542+0000] {processor.py:186} INFO - Started process (PID=1201) to work on /home/airflow/.local/lib/python3.12/site-packages/airflow/example_dags/example_xcom.py
[2026-08-06T05:45:44.545+0000] {processor.py:914} INFO - Processing file /home/airflow/.local/lib/python3.12/site-packages/airflow/example_dags/example_xcom.py for tasks to queue
[2026-08-06T05:45:44.551+0000] {logging_mixin.py:190} INFO - [2026-08-06T05:45:44.550+0000] {dagbag.py:588} INFO - Filling up the DagBag from /home/airflow/.local/lib/python3.12/site-packages/airflow/example_dags/example_xcom.py
[2026-08-06T05:45:44.565+0000] {processor.py:925} INFO - DAG(s) 'example_xcom' retrieved from /home/airflow/.local/lib/python3.12/site-packages/airflow/example_dags/example_xcom.py
[2026-08-06T05:45:44.598+0000] {logging_mixin.py:190} INFO - [2026-08-06T05:45:44.597+0000] {dag.py:3239} INFO - Sync 1 DAGs
[2026-08-06T05:45:44.638+0000] {logging_mixin.py:190} INFO - [2026-08-06T05:45:44.637+0000] {dag.py:4180} INFO - Setting next_dagrun for example_xcom to 2021-01-01 00:00:00+00:00, run_after=2021-01-01 00:00:00+00:00
[2026-08-06T05:45:44.679+0000] {processor.py:208} INFO - Processing /home/airflow/.local/lib/python3.12/site-packages/airflow/example_dags/example_xcom.py took 0.147 seconds
[2026-08-06T05:46:15.718+0000] {processor.py:186} INFO - Started process (PID=1265) to work on /home/airflow/.local/lib/python3.12/site-packages/airflow/example_dags/example_xcom.py
[2026-08-06T05:46:15.720+0000] {processor.py:914} INFO - Processing file /home/airflow/.local/lib/python3.12/site-packages/airflow/example_dags/example_xcom.py for tasks to queue
[2026-08-06T05:46:15.725+0000] {logging_mixin.py:190} INFO - [2026-08-06T05:46:15.724+0000] {dagbag.py:588} INFO - Filling up the DagBag from /home/airflow/.local/lib/python3.12/site-packages/airflow/example_dags/example_xcom.py
[2026-08-06T05:46:15.744+0000] {processor.py:925} INFO - DAG(s) 'example_xcom' retrieved from /home/airflow/.local/lib/python3.12/site-packages/airflow/example_dags/example_xcom.py
[2026-08-06T05:46:15.781+0000] {logging_mixin.py:190} INFO - [2026-08-06T05:46:15.781+0000] {dag.py:3239} INFO - Sync 1 DAGs
[2026-08-06T05:46:15.818+0000] {logging_mixin.py:190} INFO - [2026-08-06T05:46:15.817+0000] {dag.py:4180} INFO - Setting next_dagrun for example_xcom to 2021-01-01 00:00:00+00:00, run_after=2021-01-01 00:00:00+00:00
[2026-08-06T05:46:15.884+0000] {processor.py:208} INFO - Processing /home/airflow/.local/lib/python3.12/site-packages/airflow/example_dags/example_xcom.py took 0.178 seconds
[2026-08-06T05:46:46.282+0000] {processor.py:186} INFO - Started process (PID=1329) to work on /home/airflow/.local/lib/python3.12/site-packages/airflow/example_dags/example_xcom.py
[2026-08-06T05:46:46.284+0000] {processor.py:914} INFO - Processing file /home/airflow/.local/lib/python3.12/site-packages/airflow/example_dags/example_xcom.py for tasks to queue
[2026-08-06T05:46:46.291+0000] {logging_mixin.py:190} INFO - [2026-08-06T05:46:46.291+0000] {dagbag.py:588} INFO - Filling up the DagBag from /home/airflow/.local/lib/python3.12/site-packages/airflow/example_dags/example_xcom.py
[2026-08-06T05:46:46.308+0000] {processor.py:925} INFO - DAG(s) 'example_xcom' retrieved from /home/airflow/.local/lib/python3.12/site-packages/airflow/example_dags/example_xcom.py
[2026-08-06T05:46:46.339+0000] {logging_mixin.py:190} INFO - [2026-08-06T05:46:46.338+0000] {dag.py:3239} INFO - Sync 1 DAGs
[2026-08-06T05:46:46.372+0000] {logging_mixin.py:190} INFO - [2026-08-06T05:46:46.371+0000] {dag.py:4180} INFO - Setting next_dagrun for example_xcom to 2021-01-01 00:00:00+00:00, run_after=2021-01-01 00:00:00+00:00
[2026-08-06T05:46:46.431+0000] {processor.py:208} INFO - Processing /home/airflow/.local/lib/python3.12/site-packages/airflow/example_dags/example_xcom.py took 0.159 seconds
[2026-08-06T05:47:17.948+0000] {processor.py:186} INFO - Started process (PID=1393) to work on /home/airflow/.local/lib/python3.12/site-packages/airflow/example_dags/example_xcom.py
[2026-08-06T05:47:17.951+0000] {processor.py:914} INFO - Processing file /home/airflow/.local/lib/python3.12/site-packages/airflow/example_dags/example_xcom.py for tasks to queue
[2026-08-06T05:47:17.956+0000] {logging_mixin.py:190} INFO - [2026-08-06T05:47:17.956+0000] {dagbag.py:588} INFO - Filling up the DagBag from /home/airflow/.local/lib/python3.12/site-packages/airflow/example_dags/example_xcom.py
[2026-08-06T05:47:17.975+0000] {processor.py:925} INFO - DAG(s) 'example_xcom' retrieved from /home/airflow/.local/lib/python3.12/site-packages/airflow/example_dags/example_xcom.py
[2026-08-06T05:47:18.064+0000] {logging_mixin.py:190} INFO - [2026-08-06T05:47:18.063+0000] {dag.py:3239} INFO - Sync 1 DAGs
[2026-08-06T05:47:18.146+0000] {logging_mixin.py:190} INFO - [2026-08-06T05:47:18.146+0000] {dag.py:4180} INFO - Setting next_dagrun for example_xcom to 2021-01-01 00:00:00+00:00, run_after=2021-01-01 00:00:00+00:00
[2026-08-06T05:47:18.181+0000] {processor.py:208} INFO - Processing /home/airflow/.local/lib/python3.12/site-packages/airflow/example_dags/example_xcom.py took 0.244 seconds
[2026-08-06T05:47:50.949+0000] {processor.py:186} INFO - Started process (PID=1457) to work on /home/airflow/.local/lib/python3.12/site-packages/airflow/example_dags/example_xcom.py
[2026-08-06T05:47:50.951+0000] {processor.py:914} INFO - Processing file /home/airflow/.local/lib/python3.12/site-packages/airflow/example_dags/example_xcom.py for tasks to queue
[2026-08-06T05:47:50.956+0000] {logging_mixin.py:190} INFO - [2026-08-06T05:47:50.955+0000] {dagbag.py:588} INFO - Filling up the DagBag from /home/airflow/.local/lib/python3.12/site-packages/airflow/example_dags/example_xcom.py
[2026-08-06T05:47:50.971+0000] {processor.py:925} INFO - DAG(s) 'example_xcom' retrieved from /home/airflow/.local/lib/python3.12/site-packages/airflow/example_dags/example_xcom.py
[2026-08-06T05:47:51.011+0000] {logging_mixin.py:190} INFO - [2026-08-06T05:47:51.011+0000] {dag.py:3239} INFO - Sync 1 DAGs
[2026-08-06T05:47:51.058+0000] {logging_mixin.py:190} INFO - [2026-08-06T05:47:51.058+0000] {dag.py:4180} INFO - Setting next_dagrun for example_xcom to 2021-01-01 00:00:00+00:00, run_after=2021-01-01 00:00:00+00:00
[2026-08-06T05:47:51.118+0000] {processor.py:208} INFO - Processing /home/airflow/.local/lib/python3.12/site-packages/airflow/example_dags/example_xcom.py took 0.178 seconds
[2026-08-06T05:48:21.250+0000] {processor.py:186} INFO - Started process (PID=1520) to work on /home/airflow/.local/lib/python3.12/site-packages/airflow/example_dags/example_xcom.py
[2026-08-06T05:48:21.253+0000] {processor.py:914} INFO - Processing file /home/airflow/.local/lib/python3.12/site-packages/airflow/example_dags/example_xcom.py for tasks to queue
[2026-08-06T05:48:21.257+0000] {logging_mixin.py:190} INFO - [2026-08-06T05:48:21.256+0000] {dagbag.py:588} INFO - Filling up the DagBag from /home/airflow/.local/lib/python3.12/site-packages/airflow/example_dags/example_xcom.py
[2026-08-06T05:48:21.272+0000] {processor.py:925} INFO - DAG(s) 'example_xcom' retrieved from /home/airflow/.local/lib/python3.12/site-packages/airflow/example_dags/example_xcom.py
[2026-08-06T05:48:21.305+0000] {logging_mixin.py:190} INFO - [2026-08-06T05:48:21.304+0000] {dag.py:3239} INFO - Sync 1 DAGs
[2026-08-06T05:48:21.337+0000] {logging_mixin.py:190} INFO - [2026-08-06T05:48:21.337+0000] {dag.py:4180} INFO - Setting next_dagrun for example_xcom to 2021-01-01 00:00:00+00:00, run_after=2021-01-01 00:00:00+00:00
[2026-08-06T05:48:21.396+0000] {processor.py:208} INFO - Processing /home/airflow/.local/lib/python3.12/site-packages/airflow/example_dags/example_xcom.py took 0.157 seconds
[2026-08-06T05:48:51.752+0000] {processor.py:186} INFO - Started process (PID=1591) to work on /home/airflow/.local/lib/python3.12/site-packages/airflow/example_dags/example_xcom.py
[2026-08-06T05:48:51.757+0000] {processor.py:914} INFO - Processing file /home/airflow/.local/lib/python3.12/site-packages/airflow/example_dags/example_xcom.py for tasks to queue
[2026-08-06T05:48:51.779+0000] {logging_mixin.py:190} INFO - [2026-08-06T05:48:51.778+0000] {dagbag.py:588} INFO - Filling up the DagBag from /home/airflow/.local/lib/python3.12/site-packages/airflow/example_dags/example_xcom.py
[2026-08-06T05:48:51.826+0000] {processor.py:925} INFO - DAG(s) 'example_xcom' retrieved from /home/airflow/.local/lib/python3.12/site-packages/airflow/example_dags/example_xcom.py
[2026-08-06T05:48:51.892+0000] {logging_mixin.py:190} INFO - [2026-08-06T05:48:51.892+0000] {dag.py:3239} INFO - Sync 1 DAGs
[2026-08-06T05:48:51.969+0000] {logging_mixin.py:190} INFO - [2026-08-06T05:48:51.969+0000] {dag.py:4180} INFO - Setting next_dagrun for example_xcom to 2021-01-01 00:00:00+00:00, run_after=2021-01-01 00:00:00+00:00
[2026-08-06T05:48:52.062+0000] {processor.py:208} INFO - Processing /home/airflow/.local/lib/python3.12/site-packages/airflow/example_dags/example_xcom.py took 0.328 seconds
[2026-08-06T05:49:22.941+0000] {processor.py:186} INFO - Started process (PID=1662) to work on /home/airflow/.local/lib/python3.12/site-packages/airflow/example_dags/example_xcom.py
[2026-08-06T05:49:22.945+0000] {processor.py:914} INFO - Processing file /home/airflow/.local/lib/python3.12/site-packages/airflow/example_dags/example_xcom.py for tasks to queue
[2026-08-06T05:49:22.951+0000] {logging_mixin.py:190} INFO - [2026-08-06T05:49:22.950+0000] {dagbag.py:588} INFO - Filling up the DagBag from /home/airflow/.local/lib/python3.12/site-packages/airflow/example_dags/example_xcom.py
[2026-08-06T05:49:22.971+0000] {processor.py:925} INFO - DAG(s) 'example_xcom' retrieved from /home/airflow/.local/lib/python3.12/site-packages/airflow/example_dags/example_xcom.py
[2026-08-06T05:49:23.012+0000] {logging_mixin.py:190} INFO - [2026-08-06T05:49:23.011+0000] {dag.py:3239} INFO - Sync 1 DAGs
[2026-08-06T05:49:23.062+0000] {logging_mixin.py:190} INFO - [2026-08-06T05:49:23.061+0000] {dag.py:4180} INFO - Setting next_dagrun for example_xcom to 2021-01-01 00:00:00+00:00, run_after=2021-01-01 00:00:00+00:00
[2026-08-06T05:49:23.097+0000] {processor.py:208} INFO - Processing /home/airflow/.local/lib/python3.12/site-packages/airflow/example_dags/example_xcom.py took 0.167 seconds
[2026-08-06T05:49:53.964+0000] {processor.py:186} INFO - Started process (PID=1725) to work on /home/airflow/.local/lib/python3.12/site-packages/airflow/example_dags/example_xcom.py
[2026-08-06T05:49:53.966+0000] {processor.py:914} INFO - Processing file /home/airflow/.local/lib/python3.12/site-packages/airflow/example_dags/example_xcom.py for tasks to queue
[2026-08-06T05:49:53.969+0000] {logging_mixin.py:190} INFO - [2026-08-06T05:49:53.969+0000] {dagbag.py:588} INFO - Filling up the DagBag from /home/airflow/.local/lib/python3.12/site-packages/airflow/example_dags/example_xcom.py
[2026-08-06T05:49:53.986+0000] {processor.py:925} INFO - DAG(s) 'example_xcom' retrieved from /home/airflow/.local/lib/python3.12/site-packages/airflow/example_dags/example_xcom.py
[2026-08-06T05:49:54.056+0000] {logging_mixin.py:190} INFO - [2026-08-06T05:49:54.055+0000] {dag.py:3239} INFO - Sync 1 DAGs
[2026-08-06T05:49:54.104+0000] {logging_mixin.py:190} INFO - [2026-08-06T05:49:54.104+0000] {dag.py:4180} INFO - Setting next_dagrun for example_xcom to 2021-01-01 00:00:00+00:00, run_after=2021-01-01 00:00:00+00:00
[2026-08-06T05:49:54.179+0000] {processor.py:208} INFO - Processing /home/airflow/.local/lib/python3.12/site-packages/airflow/example_dags/example_xcom.py took 0.223 seconds
[2026-08-06T05:50:24.715+0000] {processor.py:186} INFO - Started process (PID=1795) to work on /home/airflow/.local/lib/python3.12/site-packages/airflow/example_dags/example_xcom.py
[2026-08-06T05:50:24.717+0000] {processor.py:914} INFO - Processing file /home/airflow/.local/lib/python3.12/site-packages/airflow/example_dags/example_xcom.py for tasks to queue
[2026-08-06T05:50:24.719+0000] {logging_mixin.py:190} INFO - [2026-08-06T05:50:24.719+0000] {dagbag.py:588} INFO - Filling up the DagBag from /home/airflow/.local/lib/python3.12/site-packages/airflow/example_dags/example_xcom.py
[2026-08-06T05:50:24.731+0000] {processor.py:925} INFO - DAG(s) 'example_xcom' retrieved from /home/airflow/.local/lib/python3.12/site-packages/airflow/example_dags/example_xcom.py
[2026-08-06T05:50:24.753+0000] {logging_mixin.py:190} INFO - [2026-08-06T05:50:24.753+0000] {dag.py:3239} INFO - Sync 1 DAGs
[2026-08-06T05:50:24.779+0000] {logging_mixin.py:190} INFO - [2026-08-06T05:50:24.779+0000] {dag.py:4180} INFO - Setting next_dagrun for example_xcom to 2021-01-01 00:00:00+00:00, run_after=2021-01-01 00:00:00+00:00
[2026-08-06T05:50:24.804+0000] {processor.py:208} INFO - Processing /home/airflow/.local/lib/python3.12/site-packages/airflow/example_dags/example_xcom.py took 0.095 seconds
[2026-08-06T05:50:55.138+0000] {processor.py:186} INFO - Started process (PID=1859) to work on /home/airflow/.local/lib/python3.12/site-packages/airflow/example_dags/example_xcom.py
[2026-08-06T05:50:55.140+0000] {processor.py:914} INFO - Processing file /home/airflow/.local/lib/python3.12/site-packages/airflow/example_dags/example_xcom.py for tasks to queue
[2026-08-06T05:50:55.143+0000] {logging_mixin.py:190} INFO - [2026-08-06T05:50:55.143+0000] {dagbag.py:588} INFO - Filling up the DagBag from /home/airflow/.local/lib/python3.12/site-packages/airflow/example_dags/example_xcom.py
[2026-08-06T05:50:55.156+0000] {processor.py:925} INFO - DAG(s) 'example_xcom' retrieved from /home/airflow/.local/lib/python3.12/site-packages/airflow/example_dags/example_xcom.py
[2026-08-06T05:50:55.184+0000] {logging_mixin.py:190} INFO - [2026-08-06T05:50:55.183+0000] {dag.py:3239} INFO - Sync 1 DAGs
[2026-08-06T05:50:55.213+0000] {logging_mixin.py:190} INFO - [2026-08-06T05:50:55.212+0000] {dag.py:4180} INFO - Setting next_dagrun for example_xcom to 2021-01-01 00:00:00+00:00, run_after=2021-01-01 00:00:00+00:00
[2026-08-06T05:50:55.269+0000] {processor.py:208} INFO - Processing /home/airflow/.local/lib/python3.12/site-packages/airflow/example_dags/example_xcom.py took 0.138 seconds
[2026-08-06T05:51:25.694+0000] {processor.py:186} INFO - Started process (PID=1923) to work on /home/airflow/.local/lib/python3.12/site-packages/airflow/example_dags/example_xcom.py
[2026-08-06T05:51:25.696+0000] {processor.py:914} INFO - Processing file /home/airflow/.local/lib/python3.12/site-packages/airflow/example_dags/example_xcom.py for tasks to queue
[2026-08-06T05:51:25.704+0000] {logging_mixin.py:190} INFO - [2026-08-06T05:51:25.703+0000] {dagbag.py:588} INFO - Filling up the DagBag from /home/airflow/.local/lib/python3.12/site-packages/airflow/example_dags/example_xcom.py
[2026-08-06T05:51:25.775+0000] {processor.py:925} INFO - DAG(s) 'example_xcom' retrieved from /home/airflow/.local/lib/python3.12/site-packages/airflow/example_dags/example_xcom.py
[2026-08-06T05:51:25.828+0000] {logging_mixin.py:190} INFO - [2026-08-06T05:51:25.828+0000] {dag.py:3239} INFO - Sync 1 DAGs
[2026-08-06T05:51:25.891+0000] {logging_mixin.py:190} INFO - [2026-08-06T05:51:25.890+0000] {dag.py:4180} INFO - Setting next_dagrun for example_xcom to 2021-01-01 00:00:00+00:00, run_after=2021-01-01 00:00:00+00:00
[2026-08-06T05:51:26.059+0000] {processor.py:208} INFO - Processing /home/airflow/.local/lib/python3.12/site-packages/airflow/example_dags/example_xcom.py took 0.383 seconds
[2026-08-06T05:51:56.598+0000] {processor.py:186} INFO - Started process (PID=1987) to work on /home/airflow/.local/lib/python3.12/site-packages/airflow/example_dags/example_xcom.py
[2026-08-06T05:51:56.604+0000] {processor.py:914} INFO - Processing file /home/airflow/.local/lib/python3.12/site-packages/airflow/example_dags/example_xcom.py for tasks to queue
[2026-08-06T05:51:56.609+0000] {logging_mixin.py:190} INFO - [2026-08-06T05:51:56.608+0000] {dagbag.py:588} INFO - Filling up the DagBag from /home/airflow/.local/lib/python3.12/site-packages/airflow/example_dags/example_xcom.py
[2026-08-06T05:51:56.627+0000] {processor.py:925} INFO - DAG(s) 'example_xcom' retrieved from /home/airflow/.local/lib/python3.12/site-packages/airflow/example_dags/example_xcom.py
[2026-08-06T05:51:56.660+0000] {logging_mixin.py:190} INFO - [2026-08-06T05:51:56.659+0000] {dag.py:3239} INFO - Sync 1 DAGs
[2026-08-06T05:51:56.699+0000] {logging_mixin.py:190} INFO - [2026-08-06T05:51:56.698+0000] {dag.py:4180} INFO - Setting next_dagrun for example_xcom to 2021-01-01 00:00:00+00:00, run_after=2021-01-01 00:00:00+00:00
[2026-08-06T05:51:56.742+0000] {processor.py:208} INFO - Processing /home/airflow/.local/lib/python3.12/site-packages/airflow/example_dags/example_xcom.py took 0.158 seconds
[2026-08-06T05:52:27.301+0000] {processor.py:186} INFO - Started process (PID=2051) to work on /home/airflow/.local/lib/python3.12/site-packages/airflow/example_dags/example_xcom.py
[2026-08-06T05:52:27.303+0000] {processor.py:914} INFO - Processing file /home/airflow/.local/lib/python3.12/site-packages/airflow/example_dags/example_xcom.py for tasks to queue
[2026-08-06T05:52:27.307+0000] {logging_mixin.py:190} INFO - [2026-08-06T05:52:27.306+0000] {dagbag.py:588} INFO - Filling up the DagBag from /home/airflow/.local/lib/python3.12/site-packages/airflow/example_dags/example_xcom.py
[2026-08-06T05:52:27.320+0000] {processor.py:925} INFO - DAG(s) 'example_xcom' retrieved from /home/airflow/.local/lib/python3.12/site-packages/airflow/example_dags/example_xcom.py
[2026-08-06T05:52:27.348+0000] {logging_mixin.py:190} INFO - [2026-08-06T05:52:27.348+0000] {dag.py:3239} INFO - Sync 1 DAGs
[2026-08-06T05:52:27.377+0000] {logging_mixin.py:190} INFO - [2026-08-06T05:52:27.377+0000] {dag.py:4180} INFO - Setting next_dagrun for example_xcom to 2021-01-01 00:00:00+00:00, run_after=2021-01-01 00:00:00+00:00
[2026-08-06T05:52:27.424+0000] {processor.py:208} INFO - Processing /home/airflow/.local/lib/python3.12/site-packages/airflow/example_dags/example_xcom.py took 0.130 seconds
[2026-08-06T05:52:57.831+0000] {processor.py:186} INFO - Started process (PID=2115) to work on /home/airflow/.local/lib/python3.12/site-packages/airflow/example_dags/example_xcom.py
[2026-08-06T05:52:57.833+0000] {processor.py:914} INFO - Processing file /home/airflow/.local/lib/python3.12/site-packages/airflow/example_dags/example_xcom.py for tasks to queue
[2026-08-06T05:52:57.837+0000] {logging_mixin.py:190} INFO - [2026-08-06T05:52:57.836+0000] {dagbag.py:588} INFO - Filling up the DagBag from /home/airflow/.local/lib/python3.12/site-packages/airflow/example_dags/example_xcom.py
[2026-08-06T05:52:57.851+0000] {processor.py:925} INFO - DAG(s) 'example_xcom' retrieved from /home/airflow/.local/lib/python3.12/site-packages/airflow/example_dags/example_xcom.py
[2026-08-06T05:52:57.881+0000] {logging_mixin.py:190} INFO - [2026-08-06T05:52:57.881+0000] {dag.py:3239} INFO - Sync 1 DAGs
[2026-08-06T05:52:57.909+0000] {logging_mixin.py:190} INFO - [2026-08-06T05:52:57.909+0000] {dag.py:4180} INFO - Setting next_dagrun for example_xcom to 2021-01-01 00:00:00+00:00, run_after=2021-01-01 00:00:00+00:00
[2026-08-06T05:52:57.960+0000] {processor.py:208} INFO - Processing /home/airflow/.local/lib/python3.12/site-packages/airflow/example_dags/example_xcom.py took 0.138 seconds
[2026-08-06T05:53:28.804+0000] {processor.py:186} INFO - Started process (PID=2179) to work on /home/airflow/.local/lib/python3.12/site-packages/airflow/example_dags/example_xcom.py
[2026-08-06T05:53:28.806+0000] {processor.py:914} INFO - Processing file /home/airflow/.local/lib/python3.12/site-packages/airflow/example_dags/example_xcom.py for tasks to queue
[2026-08-06T05:53:28.814+0000] {logging_mixin.py:190} INFO - [2026-08-06T05:53:28.813+0000] {dagbag.py:588} INFO - Filling up the DagBag from /home/airflow/.local/lib/python3.12/site-packages/airflow/example_dags/example_xcom.py
[2026-08-06T05:53:28.835+0000] {processor.py:925} INFO - DAG(s) 'example_xcom' retrieved from /home/airflow/.local/lib/python3.12/site-packages/airflow/example_dags/example_xcom.py
[2026-08-06T05:53:28.860+0000] {logging_mixin.py:190} INFO - [2026-08-06T05:53:28.859+0000] {dag.py:3239} INFO - Sync 1 DAGs
[2026-08-06T05:53:28.885+0000] {logging_mixin.py:190} INFO - [2026-08-06T05:53:28.885+0000] {dag.py:4180} INFO - Setting next_dagrun for example_xcom to 2021-01-01 00:00:00+00:00, run_after=2021-01-01 00:00:00+00:00
[2026-08-06T05:53:28.911+0000] {processor.py:208} INFO - Processing /home/airflow/.local/lib/python3.12/site-packages/airflow/example_dags/example_xcom.py took 0.113 seconds
[2026-08-06T05:53:59.337+0000] {processor.py:186} INFO - Started process (PID=2249) to work on /home/airflow/.local/lib/python3.12/site-packages/airflow/example_dags/example_xcom.py
[2026-08-06T05:53:59.339+0000] {processor.py:914} INFO - Processing file /home/airflow/.local/lib/python3.12/site-packages/airflow/example_dags/example_xcom.py for tasks to queue
[2026-08-06T05:53:59.345+0000] {logging_mixin.py:190} INFO - [2026-08-06T05:53:59.344+0000] {dagbag.py:588} INFO - Filling up the DagBag from /home/airflow/.local/lib/python3.12/site-packages/airflow/example_dags/example_xcom.py
[2026-08-06T05:53:59.362+0000] {processor.py:925} INFO - DAG(s) 'example_xcom' retrieved from /home/airflow/.local/lib/python3.12/site-packages/airflow/example_dags/example_xcom.py
[2026-08-06T05:53:59.399+0000] {logging_mixin.py:190} INFO - [2026-08-06T05:53:59.399+0000] {dag.py:3239} INFO - Sync 1 DAGs
[2026-08-06T05:53:59.441+0000] {logging_mixin.py:190} INFO - [2026-08-06T05:53:59.441+0000] {dag.py:4180} INFO - Setting next_dagrun for example_xcom to 2021-01-01 00:00:00+00:00, run_after=2021-01-01 00:00:00+00:00
[2026-08-06T05:53:59.478+0000] {processor.py:208} INFO - Processing /home/airflow/.local/lib/python3.12/site-packages/airflow/example_dags/example_xcom.py took 0.152 seconds
[2026-08-06T05:54:30.260+0000] {processor.py:186} INFO - Started process (PID=2313) to work on /home/airflow/.local/lib/python3.12/site-packages/airflow/example_dags/example_xcom.py
[2026-08-06T05:54:30.263+0000] {processor.py:914} INFO - Processing file /home/airflow/.local/lib/python3.12/site-packages/airflow/example_dags/example_xcom.py for tasks to queue
[2026-08-06T05:54:30.267+0000] {logging_mixin.py:190} INFO - [2026-08-06T05:54:30.267+0000] {dagbag.py:588} INFO - Filling up the DagBag from /home/airflow/.local/lib/python3.12/site-packages/airflow/example_dags/example_xcom.py
[2026-08-06T05:54:30.286+0000] {processor.py:925} INFO - DAG(s) 'example_xcom' retrieved from /home/airflow/.local/lib/python3.12/site-packages/airflow/example_dags/example_xcom.py
[2026-08-06T05:54:30.321+0000] {logging_mixin.py:190} INFO - [2026-08-06T05:54:30.320+0000] {dag.py:3239} INFO - Sync 1 DAGs
[2026-08-06T05:54:30.368+0000] {logging_mixin.py:190} INFO - [2026-08-06T05:54:30.368+0000] {dag.py:4180} INFO - Setting next_dagrun for example_xcom to 2021-01-01 00:00:00+00:00, run_after=2021-01-01 00:00:00+00:00
[2026-08-06T05:54:30.406+0000] {processor.py:208} INFO - Processing /home/airflow/.local/lib/python3.12/site-packages/airflow/example_dags/example_xcom.py took 0.156 seconds
[2026-08-06T05:55:01.128+0000] {processor.py:186} INFO - Started process (PID=2371) to work on /home/airflow/.local/lib/python3.12/site-packages/airflow/example_dags/example_xcom.py
[2026-08-06T05:55:01.130+0000] {processor.py:914} INFO - Processing file /home/airflow/.local/lib/python3.12/site-packages/airflow/example_dags/example_xcom.py for tasks to queue
[2026-08-06T05:55:01.136+0000] {logging_mixin.py:190} INFO - [2026-08-06T05:55:01.135+0000] {dagbag.py:588} INFO - Filling up the DagBag from /home/airflow/.local/lib/python3.12/site-packages/airflow/example_dags/example_xcom.py
[2026-08-06T05:55:01.156+0000] {processor.py:925} INFO - DAG(s) 'example_xcom' retrieved from /home/airflow/.local/lib/python3.12/site-packages/airflow/example_dags/example_xcom.py
[2026-08-06T05:55:01.202+0000] {logging_mixin.py:190} INFO - [2026-08-06T05:55:01.202+0000] {dag.py:3239} INFO - Sync 1 DAGs
[2026-08-06T05:55:01.248+0000] {logging_mixin.py:190} INFO - [2026-08-06T05:55:01.247+0000] {dag.py:4180} INFO - Setting next_dagrun for example_xcom to 2021-01-01 00:00:00+00:00, run_after=2021-01-01 00:00:00+00:00
[2026-08-06T05:55:01.325+0000] {processor.py:208} INFO - Processing /home/airflow/.local/lib/python3.12/site-packages/airflow/example_dags/example_xcom.py took 0.211 seconds
[2026-08-06T05:55:32.887+0000] {processor.py:186} INFO - Started process (PID=2435) to work on /home/airflow/.local/lib/python3.12/site-packages/airflow/example_dags/example_xcom.py
[2026-08-06T05:55:32.889+0000] {processor.py:914} INFO - Processing file /home/airflow/.local/lib/python3.12/site-packages/airflow/example_dags/example_xcom.py for tasks to queue
[2026-08-06T05:55:32.893+0000] {logging_mixin.py:190} INFO - [2026-08-06T05:55:32.892+0000] {dagbag.py:588} INFO - Filling up the DagBag from /home/airflow/.local/lib/python3.12/site-packages/airflow/example_dags/example_xcom.py
[2026-08-06T05:55:32.911+0000] {processor.py:925} INFO - DAG(s) 'example_xcom' retrieved from /home/airflow/.local/lib/python3.12/site-packages/airflow/example_dags/example_xcom.py
[2026-08-06T05:55:32.950+0000] {logging_mixin.py:190} INFO - [2026-08-06T05:55:32.950+0000] {dag.py:3239} INFO - Sync 1 DAGs
[2026-08-06T05:55:32.999+0000] {logging_mixin.py:190} INFO - [2026-08-06T05:55:32.999+0000] {dag.py:4180} INFO - Setting next_dagrun for example_xcom to 2021-01-01 00:00:00+00:00, run_after=2021-01-01 00:00:00+00:00
[2026-08-06T05:55:33.039+0000] {processor.py:208} INFO - Processing /home/airflow/.local/lib/python3.12/site-packages/airflow/example_dags/example_xcom.py took 0.160 seconds
[2026-08-06T05:56:03.496+0000] {processor.py:186} INFO - Started process (PID=2498) to work on /home/airflow/.local/lib/python3.12/site-packages/airflow/example_dags/example_xcom.py
[2026-08-06T05:56:03.497+0000] {processor.py:914} INFO - Processing file /home/airflow/.local/lib/python3.12/site-packages/airflow/example_dags/example_xcom.py for tasks to queue
[2026-08-06T05:56:03.501+0000] {logging_mixin.py:190} INFO - [2026-08-06T05:56:03.501+0000] {dagbag.py:588} INFO - Filling up the DagBag from /home/airflow/.local/lib/python3.12/site-packages/airflow/example_dags/example_xcom.py
[2026-08-06T05:56:03.516+0000] {processor.py:925} INFO - DAG(s) 'example_xcom' retrieved from /home/airflow/.local/lib/python3.12/site-packages/airflow/example_dags/example_xcom.py
[2026-08-06T05:56:03.549+0000] {logging_mixin.py:190} INFO - [2026-08-06T05:56:03.549+0000] {dag.py:3239} INFO - Sync 1 DAGs
[2026-08-06T05:56:03.581+0000] {logging_mixin.py:190} INFO - [2026-08-06T05:56:03.580+0000] {dag.py:4180} INFO - Setting next_dagrun for example_xcom to 2021-01-01 00:00:00+00:00, run_after=2021-01-01 00:00:00+00:00
[2026-08-06T05:56:03.608+0000] {processor.py:208} INFO - Processing /home/airflow/.local/lib/python3.12/site-packages/airflow/example_dags/example_xcom.py took 0.121 seconds
[2026-08-06T05:56:34.075+0000] {processor.py:186} INFO - Started process (PID=2560) to work on /home/airflow/.local/lib/python3.12/site-packages/airflow/example_dags/example_xcom.py
[2026-08-06T05:56:34.077+0000] {processor.py:914} INFO - Processing file /home/airflow/.local/lib/python3.12/site-packages/airflow/example_dags/example_xcom.py for tasks to queue
[2026-08-06T05:56:34.083+0000] {logging_mixin.py:190} INFO - [2026-08-06T05:56:34.083+0000] {dagbag.py:588} INFO - Filling up the DagBag from /home/airflow/.local/lib/python3.12/site-packages/airflow/example_dags/example_xcom.py
[2026-08-06T05:56:34.098+0000] {processor.py:925} INFO - DAG(s) 'example_xcom' retrieved from /home/airflow/.local/lib/python3.12/site-packages/airflow/example_dags/example_xcom.py
[2026-08-06T05:56:34.137+0000] {logging_mixin.py:190} INFO - [2026-08-06T05:56:34.136+0000] {dag.py:3239} INFO - Sync 1 DAGs
[2026-08-06T05:56:34.167+0000] {logging_mixin.py:190} INFO - [2026-08-06T05:56:34.167+0000] {dag.py:4180} INFO - Setting next_dagrun for example_xcom to 2021-01-01 00:00:00+00:00, run_after=2021-01-01 00:00:00+00:00
[2026-08-06T05:56:34.227+0000] {processor.py:208} INFO - Processing /home/airflow/.local/lib/python3.12/site-packages/airflow/example_dags/example_xcom.py took 0.167 seconds
[2026-08-06T05:57:04.794+0000] {processor.py:186} INFO - Started process (PID=2624) to work on /home/airflow/.local/lib/python3.12/site-packages/airflow/example_dags/example_xcom.py
[2026-08-06T05:57:04.795+0000] {processor.py:914} INFO - Processing file /home/airflow/.local/lib/python3.12/site-packages/airflow/example_dags/example_xcom.py for tasks to queue
[2026-08-06T05:57:04.800+0000] {logging_mixin.py:190} INFO - [2026-08-06T05:57:04.800+0000] {dagbag.py:588} INFO - Filling up the DagBag from /home/airflow/.local/lib/python3.12/site-packages/airflow/example_dags/example_xcom.py
[2026-08-06T05:57:04.815+0000] {processor.py:925} INFO - DAG(s) 'example_xcom' retrieved from /home/airflow/.local/lib/python3.12/site-packages/airflow/example_dags/example_xcom.py
[2026-08-06T05:57:04.853+0000] {logging_mixin.py:190} INFO - [2026-08-06T05:57:04.852+0000] {dag.py:3239} INFO - Sync 1 DAGs
[2026-08-06T05:57:04.897+0000] {logging_mixin.py:190} INFO - [2026-08-06T05:57:04.897+0000] {dag.py:4180} INFO - Setting next_dagrun for example_xcom to 2021-01-01 00:00:00+00:00, run_after=2021-01-01 00:00:00+00:00
[2026-08-06T05:57:04.962+0000] {processor.py:208} INFO - Processing /home/airflow/.local/lib/python3.12/site-packages/airflow/example_dags/example_xcom.py took 0.180 seconds
[2026-08-06T05:57:35.283+0000] {processor.py:186} INFO - Started process (PID=2687) to work on /home/airflow/.local/lib/python3.12/site-packages/airflow/example_dags/example_xcom.py
[2026-08-06T05:57:35.285+0000] {processor.py:914} INFO - Processing file /home/airflow/.local/lib/python3.12/site-packages/airflow/example_dags/example_xcom.py for tasks to queue
[2026-08-06T05:57:35.289+0000] {logging_mixin.py:190} INFO - [2026-08-06T05:57:35.289+0000] {dagbag.py:588} INFO - Filling up the DagBag from /home/airflow/.local/lib/python3.12/site-packages/airflow/example_dags/example_xcom.py
[2026-08-06T05:57:35.300+0000] {processor.py:925} INFO - DAG(s) 'example_xcom' retrieved from /home/airflow/.local/lib/python3.12/site-packages/airflow/example_dags/example_xcom.py
[2026-08-06T05:57:35.323+0000] {logging_mixin.py:190} INFO - [2026-08-06T05:57:35.323+0000] {dag.py:3239} INFO - Sync 1 DAGs
[2026-08-06T05:57:35.352+0000] {logging_mixin.py:190} INFO - [2026-08-06T05:57:35.351+0000] {dag.py:4180} INFO - Setting next_dagrun for example_xcom to 2021-01-01 00:00:00+00:00, run_after=2021-01-01 00:00:00+00:00
[2026-08-06T05:57:35.428+0000] {processor.py:208} INFO - Processing /home/airflow/.local/lib/python3.12/site-packages/airflow/example_dags/example_xcom.py took 0.152 seconds
[2026-08-06T05:58:06.982+0000] {processor.py:186} INFO - Started process (PID=2765) to work on /home/airflow/.local/lib/python3.12/site-packages/airflow/example_dags/example_xcom.py
[2026-08-06T05:58:06.984+0000] {processor.py:914} INFO - Processing file /home/airflow/.local/lib/python3.12/site-packages/airflow/example_dags/example_xcom.py for tasks to queue
[2026-08-06T05:58:06.989+0000] {logging_mixin.py:190} INFO - [2026-08-06T05:58:06.989+0000] {dagbag.py:588} INFO - Filling up the DagBag from /home/airflow/.local/lib/python3.12/site-packages/airflow/example_dags/example_xcom.py
[2026-08-06T05:58:07.004+0000] {processor.py:925} INFO - DAG(s) 'example_xcom' retrieved from /home/airflow/.local/lib/python3.12/site-packages/airflow/example_dags/example_xcom.py
[2026-08-06T05:58:07.045+0000] {logging_mixin.py:190} INFO - [2026-08-06T05:58:07.044+0000] {dag.py:3239} INFO - Sync 1 DAGs
[2026-08-06T05:58:07.086+0000] {logging_mixin.py:190} INFO - [2026-08-06T05:58:07.086+0000] {dag.py:4180} INFO - Setting next_dagrun for example_xcom to 2021-01-01 00:00:00+00:00, run_after=2021-01-01 00:00:00+00:00
[2026-08-06T05:58:07.124+0000] {processor.py:208} INFO - Processing /home/airflow/.local/lib/python3.12/site-packages/airflow/example_dags/example_xcom.py took 0.150 seconds
[2026-08-06T05:58:38.477+0000] {processor.py:186} INFO - Started process (PID=2829) to work on /home/airflow/.local/lib/python3.12/site-packages/airflow/example_dags/example_xcom.py
[2026-08-06T05:58:38.482+0000] {processor.py:914} INFO - Processing file /home/airflow/.local/lib/python3.12/site-packages/airflow/example_dags/example_xcom.py for tasks to queue
[2026-08-06T05:58:38.488+0000] {logging_mixin.py:190} INFO - [2026-08-06T05:58:38.488+0000] {dagbag.py:588} INFO - Filling up the DagBag from /home/airflow/.local/lib/python3.12/site-packages/airflow/example_dags/example_xcom.py
[2026-08-06T05:58:38.506+0000] {processor.py:925} INFO - DAG(s) 'example_xcom' retrieved from /home/airflow/.local/lib/python3.12/site-packages/airflow/example_dags/example_xcom.py
[2026-08-06T05:58:38.542+0000] {logging_mixin.py:190} INFO - [2026-08-06T05:58:38.541+0000] {dag.py:3239} INFO - Sync 1 DAGs
[2026-08-06T05:58:38.588+0000] {logging_mixin.py:190} INFO - [2026-08-06T05:58:38.588+0000] {dag.py:4180} INFO - Setting next_dagrun for example_xcom to 2021-01-01 00:00:00+00:00, run_after=2021-01-01 00:00:00+00:00
[2026-08-06T05:58:38.622+0000] {processor.py:208} INFO - Processing /home/airflow/.local/lib/python3.12/site-packages/airflow/example_dags/example_xcom.py took 0.155 seconds
[2026-08-06T05:59:11.340+0000] {processor.py:186} INFO - Started process (PID=2892) to work on /home/airflow/.local/lib/python3.12/site-packages/airflow/example_dags/example_xcom.py
[2026-08-06T05:59:11.342+0000] {processor.py:914} INFO - Processing file /home/airflow/.local/lib/python3.12/site-packages/airflow/example_dags/example_xcom.py for tasks to queue
[2026-08-06T05:59:11.347+0000] {logging_mixin.py:190} INFO - [2026-08-06T05:59:11.347+0000] {dagbag.py:588} INFO - Filling up the DagBag from /home/airflow/.local/lib/python3.12/site-packages/airflow/example_dags/example_xcom.py
[2026-08-06T05:59:11.363+0000] {processor.py:925} INFO - DAG(s) 'example_xcom' retrieved from /home/airflow/.local/lib/python3.12/site-packages/airflow/example_dags/example_xcom.py
[2026-08-06T05:59:11.396+0000] {logging_mixin.py:190} INFO - [2026-08-06T05:59:11.395+0000] {dag.py:3239} INFO - Sync 1 DAGs
[2026-08-06T05:59:11.431+0000] {logging_mixin.py:190} INFO - [2026-08-06T05:59:11.431+0000] {dag.py:4180} INFO - Setting next_dagrun for example_xcom to 2021-01-01 00:00:00+00:00, run_after=2021-01-01 00:00:00+00:00
[2026-08-06T05:59:11.465+0000] {processor.py:208} INFO - Processing /home/airflow/.local/lib/python3.12/site-packages/airflow/example_dags/example_xcom.py took 0.134 seconds
[2026-08-06T05:59:41.933+0000] {processor.py:186} INFO - Started process (PID=2957) to work on /home/airflow/.local/lib/python3.12/site-packages/airflow/example_dags/example_xcom.py
[2026-08-06T05:59:41.935+0000] {processor.py:914} INFO - Processing file /home/airflow/.local/lib/python3.12/site-packages/airflow/example_dags/example_xcom.py for tasks to queue
[2026-08-06T05:59:41.940+0000] {logging_mixin.py:190} INFO - [2026-08-06T05:59:41.939+0000] {dagbag.py:588} INFO - Filling up the DagBag from /home/airflow/.local/lib/python3.12/site-packages/airflow/example_dags/example_xcom.py
[2026-08-06T05:59:41.955+0000] {processor.py:925} INFO - DAG(s) 'example_xcom' retrieved from /home/airflow/.local/lib/python3.12/site-packages/airflow/example_dags/example_xcom.py
[2026-08-06T05:59:41.986+0000] {logging_mixin.py:190} INFO - [2026-08-06T05:59:41.986+0000] {dag.py:3239} INFO - Sync 1 DAGs
[2026-08-06T05:59:42.020+0000] {logging_mixin.py:190} INFO - [2026-08-06T05:59:42.020+0000] {dag.py:4180} INFO - Setting next_dagrun for example_xcom to 2021-01-01 00:00:00+00:00, run_after=2021-01-01 00:00:00+00:00
[2026-08-06T05:59:42.054+0000] {processor.py:208} INFO - Processing /home/airflow/.local/lib/python3.12/site-packages/airflow/example_dags/example_xcom.py took 0.131 seconds
[2026-08-06T06:01:52.864+0000] {processor.py:186} INFO - Started process (PID=87) to work on /home/airflow/.local/lib/python3.12/site-packages/airflow/example_dags/example_xcom.py
[2026-08-06T06:01:52.866+0000] {processor.py:914} INFO - Processing file /home/airflow/.local/lib/python3.12/site-packages/airflow/example_dags/example_xcom.py for tasks to queue
[2026-08-06T06:01:52.870+0000] {logging_mixin.py:190} INFO - [2026-08-06T06:01:52.869+0000] {dagbag.py:588} INFO - Filling up the DagBag from /home/airflow/.local/lib/python3.12/site-packages/airflow/example_dags/example_xcom.py
[2026-08-06T06:01:52.884+0000] {processor.py:925} INFO - DAG(s) 'example_xcom' retrieved from /home/airflow/.local/lib/python3.12/site-packages/airflow/example_dags/example_xcom.py
[2026-08-06T06:01:52.926+0000] {logging_mixin.py:190} INFO - [2026-08-06T06:01:52.925+0000] {dag.py:3239} INFO - Sync 1 DAGs
[2026-08-06T06:01:52.964+0000] {logging_mixin.py:190} INFO - [2026-08-06T06:01:52.964+0000] {dag.py:4180} INFO - Setting next_dagrun for example_xcom to 2021-01-01 00:00:00+00:00, run_after=2021-01-01 00:00:00+00:00
[2026-08-06T06:01:53.011+0000] {processor.py:208} INFO - Processing /home/airflow/.local/lib/python3.12/site-packages/airflow/example_dags/example_xcom.py took 0.156 seconds
[2026-08-06T06:02:23.618+0000] {processor.py:186} INFO - Started process (PID=150) to work on /home/airflow/.local/lib/python3.12/site-packages/airflow/example_dags/example_xcom.py
[2026-08-06T06:02:23.620+0000] {processor.py:914} INFO - Processing file /home/airflow/.local/lib/python3.12/site-packages/airflow/example_dags/example_xcom.py for tasks to queue
[2026-08-06T06:02:23.627+0000] {logging_mixin.py:190} INFO - [2026-08-06T06:02:23.626+0000] {dagbag.py:588} INFO - Filling up the DagBag from /home/airflow/.local/lib/python3.12/site-packages/airflow/example_dags/example_xcom.py
[2026-08-06T06:02:23.648+0000] {processor.py:925} INFO - DAG(s) 'example_xcom' retrieved from /home/airflow/.local/lib/python3.12/site-packages/airflow/example_dags/example_xcom.py
[2026-08-06T06:02:23.696+0000] {logging_mixin.py:190} INFO - [2026-08-06T06:02:23.695+0000] {dag.py:3239} INFO - Sync 1 DAGs
[2026-08-06T06:02:23.760+0000] {logging_mixin.py:190} INFO - [2026-08-06T06:02:23.760+0000] {dag.py:4180} INFO - Setting next_dagrun for example_xcom to 2021-01-01 00:00:00+00:00, run_after=2021-01-01 00:00:00+00:00
[2026-08-06T06:02:23.809+0000] {processor.py:208} INFO - Processing /home/airflow/.local/lib/python3.12/site-packages/airflow/example_dags/example_xcom.py took 0.201 seconds
[2026-08-06T06:02:54.014+0000] {processor.py:186} INFO - Started process (PID=214) to work on /home/airflow/.local/lib/python3.12/site-packages/airflow/example_dags/example_xcom.py
[2026-08-06T06:02:54.018+0000] {processor.py:914} INFO - Processing file /home/airflow/.local/lib/python3.12/site-packages/airflow/example_dags/example_xcom.py for tasks to queue
[2026-08-06T06:02:54.023+0000] {logging_mixin.py:190} INFO - [2026-08-06T06:02:54.023+0000] {dagbag.py:588} INFO - Filling up the DagBag from /home/airflow/.local/lib/python3.12/site-packages/airflow/example_dags/example_xcom.py
[2026-08-06T06:02:54.048+0000] {processor.py:925} INFO - DAG(s) 'example_xcom' retrieved from /home/airflow/.local/lib/python3.12/site-packages/airflow/example_dags/example_xcom.py
[2026-08-06T06:02:54.093+0000] {logging_mixin.py:190} INFO - [2026-08-06T06:02:54.092+0000] {dag.py:3239} INFO - Sync 1 DAGs
[2026-08-06T06:02:54.144+0000] {logging_mixin.py:190} INFO - [2026-08-06T06:02:54.144+0000] {dag.py:4180} INFO - Setting next_dagrun for example_xcom to 2021-01-01 00:00:00+00:00, run_after=2021-01-01 00:00:00+00:00
[2026-08-06T06:02:54.191+0000] {processor.py:208} INFO - Processing /home/airflow/.local/lib/python3.12/site-packages/airflow/example_dags/example_xcom.py took 0.190 seconds
[2026-08-06T06:03:24.993+0000] {processor.py:186} INFO - Started process (PID=278) to work on /home/airflow/.local/lib/python3.12/site-packages/airflow/example_dags/example_xcom.py
[2026-08-06T06:03:24.995+0000] {processor.py:914} INFO - Processing file /home/airflow/.local/lib/python3.12/site-packages/airflow/example_dags/example_xcom.py for tasks to queue
[2026-08-06T06:03:24.999+0000] {logging_mixin.py:190} INFO - [2026-08-06T06:03:24.999+0000] {dagbag.py:588} INFO - Filling up the DagBag from /home/airflow/.local/lib/python3.12/site-packages/airflow/example_dags/example_xcom.py
[2026-08-06T06:03:25.019+0000] {processor.py:925} INFO - DAG(s) 'example_xcom' retrieved from /home/airflow/.local/lib/python3.12/site-packages/airflow/example_dags/example_xcom.py
[2026-08-06T06:03:25.062+0000] {logging_mixin.py:190} INFO - [2026-08-06T06:03:25.062+0000] {dag.py:3239} INFO - Sync 1 DAGs
[2026-08-06T06:03:25.103+0000] {logging_mixin.py:190} INFO - [2026-08-06T06:03:25.103+0000] {dag.py:4180} INFO - Setting next_dagrun for example_xcom to 2021-01-01 00:00:00+00:00, run_after=2021-01-01 00:00:00+00:00
[2026-08-06T06:03:25.142+0000] {processor.py:208} INFO - Processing /home/airflow/.local/lib/python3.12/site-packages/airflow/example_dags/example_xcom.py took 0.164 seconds
[2026-08-06T06:03:55.894+0000] {processor.py:186} INFO - Started process (PID=342) to work on /home/airflow/.local/lib/python3.12/site-packages/airflow/example_dags/example_xcom.py
[2026-08-06T06:03:55.896+0000] {processor.py:914} INFO - Processing file /home/airflow/.local/lib/python3.12/site-packages/airflow/example_dags/example_xcom.py for tasks to queue
[2026-08-06T06:03:55.902+0000] {logging_mixin.py:190} INFO - [2026-08-06T06:03:55.901+0000] {dagbag.py:588} INFO - Filling up the DagBag from /home/airflow/.local/lib/python3.12/site-packages/airflow/example_dags/example_xcom.py
[2026-08-06T06:03:55.920+0000] {processor.py:925} INFO - DAG(s) 'example_xcom' retrieved from /home/airflow/.local/lib/python3.12/site-packages/airflow/example_dags/example_xcom.py
[2026-08-06T06:03:55.963+0000] {logging_mixin.py:190} INFO - [2026-08-06T06:03:55.962+0000] {dag.py:3239} INFO - Sync 1 DAGs
[2026-08-06T06:03:56.029+0000] {logging_mixin.py:190} INFO - [2026-08-06T06:03:56.028+0000] {dag.py:4180} INFO - Setting next_dagrun for example_xcom to 2021-01-01 00:00:00+00:00, run_after=2021-01-01 00:00:00+00:00
[2026-08-06T06:03:56.071+0000] {processor.py:208} INFO - Processing /home/airflow/.local/lib/python3.12/site-packages/airflow/example_dags/example_xcom.py took 0.186 seconds
[2026-08-06T06:04:26.214+0000] {processor.py:186} INFO - Started process (PID=406) to work on /home/airflow/.local/lib/python3.12/site-packages/airflow/example_dags/example_xcom.py
[2026-08-06T06:04:26.216+0000] {processor.py:914} INFO - Processing file /home/airflow/.local/lib/python3.12/site-packages/airflow/example_dags/example_xcom.py for tasks to queue
[2026-08-06T06:04:26.220+0000] {logging_mixin.py:190} INFO - [2026-08-06T06:04:26.219+0000] {dagbag.py:588} INFO - Filling up the DagBag from /home/airflow/.local/lib/python3.12/site-packages/airflow/example_dags/example_xcom.py
[2026-08-06T06:04:26.230+0000] {processor.py:925} INFO - DAG(s) 'example_xcom' retrieved from /home/airflow/.local/lib/python3.12/site-packages/airflow/example_dags/example_xcom.py
[2026-08-06T06:04:26.262+0000] {logging_mixin.py:190} INFO - [2026-08-06T06:04:26.261+0000] {dag.py:3239} INFO - Sync 1 DAGs
[2026-08-06T06:04:26.291+0000] {logging_mixin.py:190} INFO - [2026-08-06T06:04:26.291+0000] {dag.py:4180} INFO - Setting next_dagrun for example_xcom to 2021-01-01 00:00:00+00:00, run_after=2021-01-01 00:00:00+00:00
[2026-08-06T06:04:26.314+0000] {processor.py:208} INFO - Processing /home/airflow/.local/lib/python3.12/site-packages/airflow/example_dags/example_xcom.py took 0.108 seconds
[2026-08-06T06:04:57.089+0000] {processor.py:186} INFO - Started process (PID=470) to work on /home/airflow/.local/lib/python3.12/site-packages/airflow/example_dags/example_xcom.py
[2026-08-06T06:04:57.090+0000] {processor.py:914} INFO - Processing file /home/airflow/.local/lib/python3.12/site-packages/airflow/example_dags/example_xcom.py for tasks to queue
[2026-08-06T06:04:57.094+0000] {logging_mixin.py:190} INFO - [2026-08-06T06:04:57.093+0000] {dagbag.py:588} INFO - Filling up the DagBag from /home/airflow/.local/lib/python3.12/site-packages/airflow/example_dags/example_xcom.py
[2026-08-06T06:04:57.111+0000] {processor.py:925} INFO - DAG(s) 'example_xcom' retrieved from /home/airflow/.local/lib/python3.12/site-packages/airflow/example_dags/example_xcom.py
[2026-08-06T06:04:57.151+0000] {logging_mixin.py:190} INFO - [2026-08-06T06:04:57.150+0000] {dag.py:3239} INFO - Sync 1 DAGs
[2026-08-06T06:04:57.210+0000] {logging_mixin.py:190} INFO - [2026-08-06T06:04:57.210+0000] {dag.py:4180} INFO - Setting next_dagrun for example_xcom to 2021-01-01 00:00:00+00:00, run_after=2021-01-01 00:00:00+00:00
[2026-08-06T06:04:57.254+0000] {processor.py:208} INFO - Processing /home/airflow/.local/lib/python3.12/site-packages/airflow/example_dags/example_xcom.py took 0.176 seconds
[2026-08-06T06:05:27.994+0000] {processor.py:186} INFO - Started process (PID=534) to work on /home/airflow/.local/lib/python3.12/site-packages/airflow/example_dags/example_xcom.py
[2026-08-06T06:05:27.996+0000] {processor.py:914} INFO - Processing file /home/airflow/.local/lib/python3.12/site-packages/airflow/example_dags/example_xcom.py for tasks to queue
[2026-08-06T06:05:28.000+0000] {logging_mixin.py:190} INFO - [2026-08-06T06:05:27.999+0000] {dagbag.py:588} INFO - Filling up the DagBag from /home/airflow/.local/lib/python3.12/site-packages/airflow/example_dags/example_xcom.py
[2026-08-06T06:05:28.017+0000] {processor.py:925} INFO - DAG(s) 'example_xcom' retrieved from /home/airflow/.local/lib/python3.12/site-packages/airflow/example_dags/example_xcom.py
[2026-08-06T06:05:28.052+0000] {logging_mixin.py:190} INFO - [2026-08-06T06:05:28.051+0000] {dag.py:3239} INFO - Sync 1 DAGs
[2026-08-06T06:05:28.090+0000] {logging_mixin.py:190} INFO - [2026-08-06T06:05:28.089+0000] {dag.py:4180} INFO - Setting next_dagrun for example_xcom to 2021-01-01 00:00:00+00:00, run_after=2021-01-01 00:00:00+00:00
[2026-08-06T06:05:28.125+0000] {processor.py:208} INFO - Processing /home/airflow/.local/lib/python3.12/site-packages/airflow/example_dags/example_xcom.py took 0.139 seconds
[2026-08-06T06:05:59.579+0000] {processor.py:186} INFO - Started process (PID=598) to work on /home/airflow/.local/lib/python3.12/site-packages/airflow/example_dags/example_xcom.py
[2026-08-06T06:05:59.581+0000] {processor.py:914} INFO - Processing file /home/airflow/.local/lib/python3.12/site-packages/airflow/example_dags/example_xcom.py for tasks to queue
[2026-08-06T06:05:59.584+0000] {logging_mixin.py:190} INFO - [2026-08-06T06:05:59.584+0000] {dagbag.py:588} INFO - Filling up the DagBag from /home/airflow/.local/lib/python3.12/site-packages/airflow/example_dags/example_xcom.py
[2026-08-06T06:05:59.598+0000] {processor.py:925} INFO - DAG(s) 'example_xcom' retrieved from /home/airflow/.local/lib/python3.12/site-packages/airflow/example_dags/example_xcom.py
[2026-08-06T06:05:59.634+0000] {logging_mixin.py:190} INFO - [2026-08-06T06:05:59.633+0000] {dag.py:3239} INFO - Sync 1 DAGs
[2026-08-06T06:05:59.684+0000] {logging_mixin.py:190} INFO - [2026-08-06T06:05:59.683+0000] {dag.py:4180} INFO - Setting next_dagrun for example_xcom to 2021-01-01 00:00:00+00:00, run_after=2021-01-01 00:00:00+00:00
[2026-08-06T06:05:59.725+0000] {processor.py:208} INFO - Processing /home/airflow/.local/lib/python3.12/site-packages/airflow/example_dags/example_xcom.py took 0.156 seconds
[2026-08-06T06:06:30.399+0000] {processor.py:186} INFO - Started process (PID=662) to work on /home/airflow/.local/lib/python3.12/site-packages/airflow/example_dags/example_xcom.py
[2026-08-06T06:06:30.401+0000] {processor.py:914} INFO - Processing file /home/airflow/.local/lib/python3.12/site-packages/airflow/example_dags/example_xcom.py for tasks to queue
[2026-08-06T06:06:30.403+0000] {logging_mixin.py:190} INFO - [2026-08-06T06:06:30.403+0000] {dagbag.py:588} INFO - Filling up the DagBag from /home/airflow/.local/lib/python3.12/site-packages/airflow/example_dags/example_xcom.py
[2026-08-06T06:06:30.420+0000] {processor.py:925} INFO - DAG(s) 'example_xcom' retrieved from /home/airflow/.local/lib/python3.12/site-packages/airflow/example_dags/example_xcom.py
[2026-08-06T06:06:30.452+0000] {logging_mixin.py:190} INFO - [2026-08-06T06:06:30.451+0000] {dag.py:3239} INFO - Sync 1 DAGs
[2026-08-06T06:06:30.498+0000] {logging_mixin.py:190} INFO - [2026-08-06T06:06:30.498+0000] {dag.py:4180} INFO - Setting next_dagrun for example_xcom to 2021-01-01 00:00:00+00:00, run_after=2021-01-01 00:00:00+00:00
[2026-08-06T06:06:30.522+0000] {processor.py:208} INFO - Processing /home/airflow/.local/lib/python3.12/site-packages/airflow/example_dags/example_xcom.py took 0.132 seconds
[2026-08-06T06:07:00.670+0000] {processor.py:186} INFO - Started process (PID=726) to work on /home/airflow/.local/lib/python3.12/site-packages/airflow/example_dags/example_xcom.py
[2026-08-06T06:07:00.674+0000] {processor.py:914} INFO - Processing file /home/airflow/.local/lib/python3.12/site-packages/airflow/example_dags/example_xcom.py for tasks to queue
[2026-08-06T06:07:00.678+0000] {logging_mixin.py:190} INFO - [2026-08-06T06:07:00.677+0000] {dagbag.py:588} INFO - Filling up the DagBag from /home/airflow/.local/lib/python3.12/site-packages/airflow/example_dags/example_xcom.py
[2026-08-06T06:07:00.694+0000] {processor.py:925} INFO - DAG(s) 'example_xcom' retrieved from /home/airflow/.local/lib/python3.12/site-packages/airflow/example_dags/example_xcom.py
[2026-08-06T06:07:00.776+0000] {logging_mixin.py:190} INFO - [2026-08-06T06:07:00.776+0000] {dag.py:3239} INFO - Sync 1 DAGs
[2026-08-06T06:07:00.804+0000] {logging_mixin.py:190} INFO - [2026-08-06T06:07:00.804+0000] {dag.py:4180} INFO - Setting next_dagrun for example_xcom to 2021-01-01 00:00:00+00:00, run_after=2021-01-01 00:00:00+00:00
[2026-08-06T06:07:00.876+0000] {processor.py:208} INFO - Processing /home/airflow/.local/lib/python3.12/site-packages/airflow/example_dags/example_xcom.py took 0.214 seconds
[2026-08-06T06:07:31.930+0000] {processor.py:186} INFO - Started process (PID=790) to work on /home/airflow/.local/lib/python3.12/site-packages/airflow/example_dags/example_xcom.py
[2026-08-06T06:07:31.932+0000] {processor.py:914} INFO - Processing file /home/airflow/.local/lib/python3.12/site-packages/airflow/example_dags/example_xcom.py for tasks to queue
[2026-08-06T06:07:31.935+0000] {logging_mixin.py:190} INFO - [2026-08-06T06:07:31.935+0000] {dagbag.py:588} INFO - Filling up the DagBag from /home/airflow/.local/lib/python3.12/site-packages/airflow/example_dags/example_xcom.py
[2026-08-06T06:07:31.948+0000] {processor.py:925} INFO - DAG(s) 'example_xcom' retrieved from /home/airflow/.local/lib/python3.12/site-packages/airflow/example_dags/example_xcom.py
[2026-08-06T06:07:31.973+0000] {logging_mixin.py:190} INFO - [2026-08-06T06:07:31.973+0000] {dag.py:3239} INFO - Sync 1 DAGs
[2026-08-06T06:07:32.005+0000] {logging_mixin.py:190} INFO - [2026-08-06T06:07:32.005+0000] {dag.py:4180} INFO - Setting next_dagrun for example_xcom to 2021-01-01 00:00:00+00:00, run_after=2021-01-01 00:00:00+00:00
[2026-08-06T06:07:32.068+0000] {processor.py:208} INFO - Processing /home/airflow/.local/lib/python3.12/site-packages/airflow/example_dags/example_xcom.py took 0.145 seconds
[2026-08-06T06:08:02.449+0000] {processor.py:186} INFO - Started process (PID=854) to work on /home/airflow/.local/lib/python3.12/site-packages/airflow/example_dags/example_xcom.py
[2026-08-06T06:08:02.451+0000] {processor.py:914} INFO - Processing file /home/airflow/.local/lib/python3.12/site-packages/airflow/example_dags/example_xcom.py for tasks to queue
[2026-08-06T06:08:02.456+0000] {logging_mixin.py:190} INFO - [2026-08-06T06:08:02.455+0000] {dagbag.py:588} INFO - Filling up the DagBag from /home/airflow/.local/lib/python3.12/site-packages/airflow/example_dags/example_xcom.py
[2026-08-06T06:08:02.470+0000] {processor.py:925} INFO - DAG(s) 'example_xcom' retrieved from /home/airflow/.local/lib/python3.12/site-packages/airflow/example_dags/example_xcom.py
[2026-08-06T06:08:02.510+0000] {logging_mixin.py:190} INFO - [2026-08-06T06:08:02.510+0000] {dag.py:3239} INFO - Sync 1 DAGs
[2026-08-06T06:08:02.539+0000] {logging_mixin.py:190} INFO - [2026-08-06T06:08:02.538+0000] {dag.py:4180} INFO - Setting next_dagrun for example_xcom to 2021-01-01 00:00:00+00:00, run_after=2021-01-01 00:00:00+00:00
[2026-08-06T06:08:02.559+0000] {processor.py:208} INFO - Processing /home/airflow/.local/lib/python3.12/site-packages/airflow/example_dags/example_xcom.py took 0.137 seconds
[2026-08-06T06:08:33.014+0000] {processor.py:186} INFO - Started process (PID=923) to work on /home/airflow/.local/lib/python3.12/site-packages/airflow/example_dags/example_xcom.py
[2026-08-06T06:08:33.016+0000] {processor.py:914} INFO - Processing file /home/airflow/.local/lib/python3.12/site-packages/airflow/example_dags/example_xcom.py for tasks to queue
[2026-08-06T06:08:33.022+0000] {logging_mixin.py:190} INFO - [2026-08-06T06:08:33.021+0000] {dagbag.py:588} INFO - Filling up the DagBag from /home/airflow/.local/lib/python3.12/site-packages/airflow/example_dags/example_xcom.py
[2026-08-06T06:08:33.038+0000] {processor.py:925} INFO - DAG(s) 'example_xcom' retrieved from /home/airflow/.local/lib/python3.12/site-packages/airflow/example_dags/example_xcom.py
[2026-08-06T06:08:33.097+0000] {logging_mixin.py:190} INFO - [2026-08-06T06:08:33.096+0000] {dag.py:3239} INFO - Sync 1 DAGs
[2026-08-06T06:08:33.187+0000] {logging_mixin.py:190} INFO - [2026-08-06T06:08:33.186+0000] {dag.py:4180} INFO - Setting next_dagrun for example_xcom to 2021-01-01 00:00:00+00:00, run_after=2021-01-01 00:00:00+00:00
[2026-08-06T06:08:33.249+0000] {processor.py:208} INFO - Processing /home/airflow/.local/lib/python3.12/site-packages/airflow/example_dags/example_xcom.py took 0.248 seconds
[2026-08-06T06:09:04.106+0000] {processor.py:186} INFO - Started process (PID=987) to work on /home/airflow/.local/lib/python3.12/site-packages/airflow/example_dags/example_xcom.py
[2026-08-06T06:09:04.108+0000] {processor.py:914} INFO - Processing file /home/airflow/.local/lib/python3.12/site-packages/airflow/example_dags/example_xcom.py for tasks to queue
[2026-08-06T06:09:04.113+0000] {logging_mixin.py:190} INFO - [2026-08-06T06:09:04.113+0000] {dagbag.py:588} INFO - Filling up the DagBag from /home/airflow/.local/lib/python3.12/site-packages/airflow/example_dags/example_xcom.py
[2026-08-06T06:09:04.135+0000] {processor.py:925} INFO - DAG(s) 'example_xcom' retrieved from /home/airflow/.local/lib/python3.12/site-packages/airflow/example_dags/example_xcom.py
[2026-08-06T06:09:04.171+0000] {logging_mixin.py:190} INFO - [2026-08-06T06:09:04.170+0000] {dag.py:3239} INFO - Sync 1 DAGs
[2026-08-06T06:09:04.217+0000] {logging_mixin.py:190} INFO - [2026-08-06T06:09:04.217+0000] {dag.py:4180} INFO - Setting next_dagrun for example_xcom to 2021-01-01 00:00:00+00:00, run_after=2021-01-01 00:00:00+00:00
[2026-08-06T06:09:04.252+0000] {processor.py:208} INFO - Processing /home/airflow/.local/lib/python3.12/site-packages/airflow/example_dags/example_xcom.py took 0.153 seconds
[2026-08-06T06:09:34.373+0000] {processor.py:186} INFO - Started process (PID=1051) to work on /home/airflow/.local/lib/python3.12/site-packages/airflow/example_dags/example_xcom.py
[2026-08-06T06:09:34.377+0000] {processor.py:914} INFO - Processing file /home/airflow/.local/lib/python3.12/site-packages/airflow/example_dags/example_xcom.py for tasks to queue
[2026-08-06T06:09:34.382+0000] {logging_mixin.py:190} INFO - [2026-08-06T06:09:34.381+0000] {dagbag.py:588} INFO - Filling up the DagBag from /home/airflow/.local/lib/python3.12/site-packages/airflow/example_dags/example_xcom.py
[2026-08-06T06:09:34.398+0000] {processor.py:925} INFO - DAG(s) 'example_xcom' retrieved from /home/airflow/.local/lib/python3.12/site-packages/airflow/example_dags/example_xcom.py
[2026-08-06T06:09:34.443+0000] {logging_mixin.py:190} INFO - [2026-08-06T06:09:34.443+0000] {dag.py:3239} INFO - Sync 1 DAGs
[2026-08-06T06:09:34.479+0000] {logging_mixin.py:190} INFO - [2026-08-06T06:09:34.479+0000] {dag.py:4180} INFO - Setting next_dagrun for example_xcom to 2021-01-01 00:00:00+00:00, run_after=2021-01-01 00:00:00+00:00
[2026-08-06T06:09:34.503+0000] {processor.py:208} INFO - Processing /home/airflow/.local/lib/python3.12/site-packages/airflow/example_dags/example_xcom.py took 0.141 seconds
[2026-08-06T06:10:04.866+0000] {processor.py:186} INFO - Started process (PID=1115) to work on /home/airflow/.local/lib/python3.12/site-packages/airflow/example_dags/example_xcom.py
[2026-08-06T06:10:04.867+0000] {processor.py:914} INFO - Processing file /home/airflow/.local/lib/python3.12/site-packages/airflow/example_dags/example_xcom.py for tasks to queue
[2026-08-06T06:10:04.871+0000] {logging_mixin.py:190} INFO - [2026-08-06T06:10:04.870+0000] {dagbag.py:588} INFO - Filling up the DagBag from /home/airflow/.local/lib/python3.12/site-packages/airflow/example_dags/example_xcom.py
[2026-08-06T06:10:04.887+0000] {processor.py:925} INFO - DAG(s) 'example_xcom' retrieved from /home/airflow/.local/lib/python3.12/site-packages/airflow/example_dags/example_xcom.py
[2026-08-06T06:10:04.949+0000] {logging_mixin.py:190} INFO - [2026-08-06T06:10:04.948+0000] {dag.py:3239} INFO - Sync 1 DAGs
[2026-08-06T06:10:05.088+0000] {logging_mixin.py:190} INFO - [2026-08-06T06:10:05.088+0000] {dag.py:4180} INFO - Setting next_dagrun for example_xcom to 2021-01-01 00:00:00+00:00, run_after=2021-01-01 00:00:00+00:00
[2026-08-06T06:10:05.227+0000] {processor.py:208} INFO - Processing /home/airflow/.local/lib/python3.12/site-packages/airflow/example_dags/example_xcom.py took 0.371 seconds
