[2026-08-06T04:46:40.516+0000] {processor.py:186} INFO - Started process (PID=110) to work on /home/airflow/.local/lib/python3.12/site-packages/airflow/example_dags/example_dataset_alias_with_no_taskflow.py
[2026-08-06T04:46:40.518+0000] {processor.py:914} INFO - Processing file /home/airflow/.local/lib/python3.12/site-packages/airflow/example_dags/example_dataset_alias_with_no_taskflow.py for tasks to queue
[2026-08-06T04:46:40.524+0000] {logging_mixin.py:190} INFO - [2026-08-06T04:46:40.523+0000] {dagbag.py:588} INFO - Filling up the DagBag from /home/airflow/.local/lib/python3.12/site-packages/airflow/example_dags/example_dataset_alias_with_no_taskflow.py
[2026-08-06T04:46:41.593+0000] {processor.py:925} INFO - DAG(s) 'dataset_s3_bucket_consumer_with_no_taskflow', 'dataset_alias_example_alias_consumer_with_no_taskflow', 'dataset_s3_bucket_producer_with_no_taskflow', 'dataset_alias_example_alias_producer_with_no_taskflow' retrieved from /home/airflow/.local/lib/python3.12/site-packages/airflow/example_dags/example_dataset_alias_with_no_taskflow.py
[2026-08-06T04:46:41.736+0000] {logging_mixin.py:190} INFO - [2026-08-06T04:46:41.734+0000] {override.py:1912} INFO - Created Permission View: can delete on DAG:dataset_s3_bucket_consumer_with_no_taskflow
[2026-08-06T04:46:41.758+0000] {logging_mixin.py:190} INFO - [2026-08-06T04:46:41.755+0000] {override.py:1912} INFO - Created Permission View: can read on DAG:dataset_s3_bucket_consumer_with_no_taskflow
[2026-08-06T04:46:41.772+0000] {logging_mixin.py:190} INFO - [2026-08-06T04:46:41.772+0000] {override.py:1912} INFO - Created Permission View: can edit on DAG:dataset_s3_bucket_consumer_with_no_taskflow
[2026-08-06T04:46:41.789+0000] {logging_mixin.py:190} INFO - [2026-08-06T04:46:41.789+0000] {override.py:1912} INFO - Created Permission View: can delete on DAG Run:dataset_s3_bucket_consumer_with_no_taskflow
[2026-08-06T04:46:41.807+0000] {logging_mixin.py:190} INFO - [2026-08-06T04:46:41.806+0000] {override.py:1912} INFO - Created Permission View: menu access on DAG Run:dataset_s3_bucket_consumer_with_no_taskflow
[2026-08-06T04:46:41.826+0000] {logging_mixin.py:190} INFO - [2026-08-06T04:46:41.825+0000] {override.py:1912} INFO - Created Permission View: can read on DAG Run:dataset_s3_bucket_consumer_with_no_taskflow
[2026-08-06T04:46:41.844+0000] {logging_mixin.py:190} INFO - [2026-08-06T04:46:41.843+0000] {override.py:1912} INFO - Created Permission View: can create on DAG Run:dataset_s3_bucket_consumer_with_no_taskflow
[2026-08-06T04:46:41.886+0000] {logging_mixin.py:190} INFO - [2026-08-06T04:46:41.886+0000] {override.py:1912} INFO - Created Permission View: can delete on DAG:dataset_alias_example_alias_consumer_with_no_taskflow
[2026-08-06T04:46:41.906+0000] {logging_mixin.py:190} INFO - [2026-08-06T04:46:41.905+0000] {override.py:1912} INFO - Created Permission View: can read on DAG:dataset_alias_example_alias_consumer_with_no_taskflow
[2026-08-06T04:46:41.928+0000] {logging_mixin.py:190} INFO - [2026-08-06T04:46:41.927+0000] {override.py:1912} INFO - Created Permission View: can edit on DAG:dataset_alias_example_alias_consumer_with_no_taskflow
[2026-08-06T04:46:41.948+0000] {logging_mixin.py:190} INFO - [2026-08-06T04:46:41.947+0000] {override.py:1912} INFO - Created Permission View: can delete on DAG Run:dataset_alias_example_alias_consumer_with_no_taskflow
[2026-08-06T04:46:41.964+0000] {logging_mixin.py:190} INFO - [2026-08-06T04:46:41.963+0000] {override.py:1912} INFO - Created Permission View: menu access on DAG Run:dataset_alias_example_alias_consumer_with_no_taskflow
[2026-08-06T04:46:41.983+0000] {logging_mixin.py:190} INFO - [2026-08-06T04:46:41.982+0000] {override.py:1912} INFO - Created Permission View: can read on DAG Run:dataset_alias_example_alias_consumer_with_no_taskflow
[2026-08-06T04:46:41.998+0000] {logging_mixin.py:190} INFO - [2026-08-06T04:46:41.997+0000] {override.py:1912} INFO - Created Permission View: can create on DAG Run:dataset_alias_example_alias_consumer_with_no_taskflow
[2026-08-06T04:46:42.026+0000] {logging_mixin.py:190} INFO - [2026-08-06T04:46:42.025+0000] {override.py:1912} INFO - Created Permission View: can delete on DAG:dataset_s3_bucket_producer_with_no_taskflow
[2026-08-06T04:46:42.038+0000] {logging_mixin.py:190} INFO - [2026-08-06T04:46:42.037+0000] {override.py:1912} INFO - Created Permission View: can read on DAG:dataset_s3_bucket_producer_with_no_taskflow
[2026-08-06T04:46:42.052+0000] {logging_mixin.py:190} INFO - [2026-08-06T04:46:42.051+0000] {override.py:1912} INFO - Created Permission View: can edit on DAG:dataset_s3_bucket_producer_with_no_taskflow
[2026-08-06T04:46:42.068+0000] {logging_mixin.py:190} INFO - [2026-08-06T04:46:42.067+0000] {override.py:1912} INFO - Created Permission View: can delete on DAG Run:dataset_s3_bucket_producer_with_no_taskflow
[2026-08-06T04:46:42.080+0000] {logging_mixin.py:190} INFO - [2026-08-06T04:46:42.080+0000] {override.py:1912} INFO - Created Permission View: menu access on DAG Run:dataset_s3_bucket_producer_with_no_taskflow
[2026-08-06T04:46:42.095+0000] {logging_mixin.py:190} INFO - [2026-08-06T04:46:42.094+0000] {override.py:1912} INFO - Created Permission View: can read on DAG Run:dataset_s3_bucket_producer_with_no_taskflow
[2026-08-06T04:46:42.108+0000] {logging_mixin.py:190} INFO - [2026-08-06T04:46:42.108+0000] {override.py:1912} INFO - Created Permission View: can create on DAG Run:dataset_s3_bucket_producer_with_no_taskflow
[2026-08-06T04:46:42.134+0000] {logging_mixin.py:190} INFO - [2026-08-06T04:46:42.133+0000] {override.py:1912} INFO - Created Permission View: can delete on DAG:dataset_alias_example_alias_producer_with_no_taskflow
[2026-08-06T04:46:42.146+0000] {logging_mixin.py:190} INFO - [2026-08-06T04:46:42.146+0000] {override.py:1912} INFO - Created Permission View: can read on DAG:dataset_alias_example_alias_producer_with_no_taskflow
[2026-08-06T04:46:42.160+0000] {logging_mixin.py:190} INFO - [2026-08-06T04:46:42.159+0000] {override.py:1912} INFO - Created Permission View: can edit on DAG:dataset_alias_example_alias_producer_with_no_taskflow
[2026-08-06T04:46:42.175+0000] {logging_mixin.py:190} INFO - [2026-08-06T04:46:42.175+0000] {override.py:1912} INFO - Created Permission View: can delete on DAG Run:dataset_alias_example_alias_producer_with_no_taskflow
[2026-08-06T04:46:42.191+0000] {logging_mixin.py:190} INFO - [2026-08-06T04:46:42.188+0000] {override.py:1912} INFO - Created Permission View: menu access on DAG Run:dataset_alias_example_alias_producer_with_no_taskflow
[2026-08-06T04:46:42.215+0000] {logging_mixin.py:190} INFO - [2026-08-06T04:46:42.215+0000] {override.py:1912} INFO - Created Permission View: can read on DAG Run:dataset_alias_example_alias_producer_with_no_taskflow
[2026-08-06T04:46:42.235+0000] {logging_mixin.py:190} INFO - [2026-08-06T04:46:42.234+0000] {override.py:1912} INFO - Created Permission View: can create on DAG Run:dataset_alias_example_alias_producer_with_no_taskflow
[2026-08-06T04:46:42.237+0000] {logging_mixin.py:190} INFO - [2026-08-06T04:46:42.236+0000] {dag.py:3239} INFO - Sync 4 DAGs
[2026-08-06T04:46:42.263+0000] {logging_mixin.py:190} INFO - [2026-08-06T04:46:42.262+0000] {dag.py:3262} INFO - Creating ORM DAG for dataset_s3_bucket_producer_with_no_taskflow
[2026-08-06T04:46:42.269+0000] {logging_mixin.py:190} INFO - [2026-08-06T04:46:42.268+0000] {dag.py:3262} INFO - Creating ORM DAG for dataset_s3_bucket_consumer_with_no_taskflow
[2026-08-06T04:46:42.272+0000] {logging_mixin.py:190} INFO - [2026-08-06T04:46:42.272+0000] {dag.py:3262} INFO - Creating ORM DAG for dataset_alias_example_alias_producer_with_no_taskflow
[2026-08-06T04:46:42.274+0000] {logging_mixin.py:190} INFO - [2026-08-06T04:46:42.274+0000] {dag.py:3262} INFO - Creating ORM DAG for dataset_alias_example_alias_consumer_with_no_taskflow
[2026-08-06T04:46:42.292+0000] {logging_mixin.py:190} INFO - [2026-08-06T04:46:42.291+0000] {dag.py:4180} INFO - Setting next_dagrun for dataset_alias_example_alias_consumer_with_no_taskflow to None, run_after=None
[2026-08-06T04:46:42.294+0000] {logging_mixin.py:190} INFO - [2026-08-06T04:46:42.293+0000] {dag.py:4180} INFO - Setting next_dagrun for dataset_alias_example_alias_producer_with_no_taskflow to None, run_after=None
[2026-08-06T04:46:42.295+0000] {logging_mixin.py:190} INFO - [2026-08-06T04:46:42.295+0000] {dag.py:4180} INFO - Setting next_dagrun for dataset_s3_bucket_consumer_with_no_taskflow to None, run_after=None
[2026-08-06T04:46:42.296+0000] {logging_mixin.py:190} INFO - [2026-08-06T04:46:42.296+0000] {dag.py:4180} INFO - Setting next_dagrun for dataset_s3_bucket_producer_with_no_taskflow to None, run_after=None
[2026-08-06T04:46:42.357+0000] {processor.py:208} INFO - Processing /home/airflow/.local/lib/python3.12/site-packages/airflow/example_dags/example_dataset_alias_with_no_taskflow.py took 1.852 seconds
[2026-08-06T04:47:13.022+0000] {processor.py:186} INFO - Started process (PID=175) to work on /home/airflow/.local/lib/python3.12/site-packages/airflow/example_dags/example_dataset_alias_with_no_taskflow.py
[2026-08-06T04:47:13.027+0000] {processor.py:914} INFO - Processing file /home/airflow/.local/lib/python3.12/site-packages/airflow/example_dags/example_dataset_alias_with_no_taskflow.py for tasks to queue
[2026-08-06T04:47:13.036+0000] {logging_mixin.py:190} INFO - [2026-08-06T04:47:13.035+0000] {dagbag.py:588} INFO - Filling up the DagBag from /home/airflow/.local/lib/python3.12/site-packages/airflow/example_dags/example_dataset_alias_with_no_taskflow.py
[2026-08-06T04:47:14.069+0000] {processor.py:925} INFO - DAG(s) 'dataset_alias_example_alias_consumer_with_no_taskflow', 'dataset_alias_example_alias_producer_with_no_taskflow', 'dataset_s3_bucket_producer_with_no_taskflow', 'dataset_s3_bucket_consumer_with_no_taskflow' retrieved from /home/airflow/.local/lib/python3.12/site-packages/airflow/example_dags/example_dataset_alias_with_no_taskflow.py
[2026-08-06T04:47:14.100+0000] {logging_mixin.py:190} INFO - [2026-08-06T04:47:14.100+0000] {dag.py:3239} INFO - Sync 4 DAGs
[2026-08-06T04:47:14.132+0000] {logging_mixin.py:190} INFO - [2026-08-06T04:47:14.131+0000] {dag.py:4180} INFO - Setting next_dagrun for dataset_alias_example_alias_consumer_with_no_taskflow to None, run_after=None
[2026-08-06T04:47:14.135+0000] {logging_mixin.py:190} INFO - [2026-08-06T04:47:14.135+0000] {dag.py:4180} INFO - Setting next_dagrun for dataset_alias_example_alias_producer_with_no_taskflow to None, run_after=None
[2026-08-06T04:47:14.138+0000] {logging_mixin.py:190} INFO - [2026-08-06T04:47:14.137+0000] {dag.py:4180} INFO - Setting next_dagrun for dataset_s3_bucket_consumer_with_no_taskflow to None, run_after=None
[2026-08-06T04:47:14.141+0000] {logging_mixin.py:190} INFO - [2026-08-06T04:47:14.140+0000] {dag.py:4180} INFO - Setting next_dagrun for dataset_s3_bucket_producer_with_no_taskflow to None, run_after=None
[2026-08-06T04:47:14.270+0000] {processor.py:208} INFO - Processing /home/airflow/.local/lib/python3.12/site-packages/airflow/example_dags/example_dataset_alias_with_no_taskflow.py took 1.266 seconds
[2026-08-06T04:47:45.037+0000] {processor.py:186} INFO - Started process (PID=238) to work on /home/airflow/.local/lib/python3.12/site-packages/airflow/example_dags/example_dataset_alias_with_no_taskflow.py
[2026-08-06T04:47:45.052+0000] {processor.py:914} INFO - Processing file /home/airflow/.local/lib/python3.12/site-packages/airflow/example_dags/example_dataset_alias_with_no_taskflow.py for tasks to queue
[2026-08-06T04:47:45.060+0000] {logging_mixin.py:190} INFO - [2026-08-06T04:47:45.059+0000] {dagbag.py:588} INFO - Filling up the DagBag from /home/airflow/.local/lib/python3.12/site-packages/airflow/example_dags/example_dataset_alias_with_no_taskflow.py
[2026-08-06T04:47:46.060+0000] {processor.py:925} INFO - DAG(s) 'dataset_alias_example_alias_producer_with_no_taskflow', 'dataset_s3_bucket_consumer_with_no_taskflow', 'dataset_alias_example_alias_consumer_with_no_taskflow', 'dataset_s3_bucket_producer_with_no_taskflow' retrieved from /home/airflow/.local/lib/python3.12/site-packages/airflow/example_dags/example_dataset_alias_with_no_taskflow.py
[2026-08-06T04:47:46.113+0000] {logging_mixin.py:190} INFO - [2026-08-06T04:47:46.112+0000] {dag.py:3239} INFO - Sync 4 DAGs
[2026-08-06T04:47:46.159+0000] {logging_mixin.py:190} INFO - [2026-08-06T04:47:46.158+0000] {dag.py:4180} INFO - Setting next_dagrun for dataset_alias_example_alias_consumer_with_no_taskflow to None, run_after=None
[2026-08-06T04:47:46.164+0000] {logging_mixin.py:190} INFO - [2026-08-06T04:47:46.164+0000] {dag.py:4180} INFO - Setting next_dagrun for dataset_alias_example_alias_producer_with_no_taskflow to None, run_after=None
[2026-08-06T04:47:46.167+0000] {logging_mixin.py:190} INFO - [2026-08-06T04:47:46.167+0000] {dag.py:4180} INFO - Setting next_dagrun for dataset_s3_bucket_consumer_with_no_taskflow to None, run_after=None
[2026-08-06T04:47:46.171+0000] {logging_mixin.py:190} INFO - [2026-08-06T04:47:46.170+0000] {dag.py:4180} INFO - Setting next_dagrun for dataset_s3_bucket_producer_with_no_taskflow to None, run_after=None
[2026-08-06T04:47:46.251+0000] {processor.py:208} INFO - Processing /home/airflow/.local/lib/python3.12/site-packages/airflow/example_dags/example_dataset_alias_with_no_taskflow.py took 1.221 seconds
[2026-08-06T04:48:16.926+0000] {processor.py:186} INFO - Started process (PID=302) to work on /home/airflow/.local/lib/python3.12/site-packages/airflow/example_dags/example_dataset_alias_with_no_taskflow.py
[2026-08-06T04:48:16.928+0000] {processor.py:914} INFO - Processing file /home/airflow/.local/lib/python3.12/site-packages/airflow/example_dags/example_dataset_alias_with_no_taskflow.py for tasks to queue
[2026-08-06T04:48:16.934+0000] {logging_mixin.py:190} INFO - [2026-08-06T04:48:16.932+0000] {dagbag.py:588} INFO - Filling up the DagBag from /home/airflow/.local/lib/python3.12/site-packages/airflow/example_dags/example_dataset_alias_with_no_taskflow.py
[2026-08-06T04:48:17.841+0000] {processor.py:925} INFO - DAG(s) 'dataset_s3_bucket_producer_with_no_taskflow', 'dataset_s3_bucket_consumer_with_no_taskflow', 'dataset_alias_example_alias_consumer_with_no_taskflow', 'dataset_alias_example_alias_producer_with_no_taskflow' retrieved from /home/airflow/.local/lib/python3.12/site-packages/airflow/example_dags/example_dataset_alias_with_no_taskflow.py
[2026-08-06T04:48:17.877+0000] {logging_mixin.py:190} INFO - [2026-08-06T04:48:17.875+0000] {dag.py:3239} INFO - Sync 4 DAGs
[2026-08-06T04:48:17.919+0000] {logging_mixin.py:190} INFO - [2026-08-06T04:48:17.918+0000] {dag.py:4180} INFO - Setting next_dagrun for dataset_alias_example_alias_consumer_with_no_taskflow to None, run_after=None
[2026-08-06T04:48:17.927+0000] {logging_mixin.py:190} INFO - [2026-08-06T04:48:17.926+0000] {dag.py:4180} INFO - Setting next_dagrun for dataset_alias_example_alias_producer_with_no_taskflow to None, run_after=None
[2026-08-06T04:48:17.931+0000] {logging_mixin.py:190} INFO - [2026-08-06T04:48:17.930+0000] {dag.py:4180} INFO - Setting next_dagrun for dataset_s3_bucket_consumer_with_no_taskflow to None, run_after=None
[2026-08-06T04:48:17.934+0000] {logging_mixin.py:190} INFO - [2026-08-06T04:48:17.934+0000] {dag.py:4180} INFO - Setting next_dagrun for dataset_s3_bucket_producer_with_no_taskflow to None, run_after=None
[2026-08-06T04:48:17.987+0000] {processor.py:208} INFO - Processing /home/airflow/.local/lib/python3.12/site-packages/airflow/example_dags/example_dataset_alias_with_no_taskflow.py took 1.069 seconds
[2026-08-06T04:48:48.193+0000] {processor.py:186} INFO - Started process (PID=365) to work on /home/airflow/.local/lib/python3.12/site-packages/airflow/example_dags/example_dataset_alias_with_no_taskflow.py
[2026-08-06T04:48:48.206+0000] {processor.py:914} INFO - Processing file /home/airflow/.local/lib/python3.12/site-packages/airflow/example_dags/example_dataset_alias_with_no_taskflow.py for tasks to queue
[2026-08-06T04:48:48.211+0000] {logging_mixin.py:190} INFO - [2026-08-06T04:48:48.210+0000] {dagbag.py:588} INFO - Filling up the DagBag from /home/airflow/.local/lib/python3.12/site-packages/airflow/example_dags/example_dataset_alias_with_no_taskflow.py
[2026-08-06T04:48:49.408+0000] {processor.py:925} INFO - DAG(s) 'dataset_alias_example_alias_consumer_with_no_taskflow', 'dataset_alias_example_alias_producer_with_no_taskflow', 'dataset_s3_bucket_producer_with_no_taskflow', 'dataset_s3_bucket_consumer_with_no_taskflow' retrieved from /home/airflow/.local/lib/python3.12/site-packages/airflow/example_dags/example_dataset_alias_with_no_taskflow.py
[2026-08-06T04:48:49.461+0000] {logging_mixin.py:190} INFO - [2026-08-06T04:48:49.460+0000] {dag.py:3239} INFO - Sync 4 DAGs
[2026-08-06T04:48:49.498+0000] {logging_mixin.py:190} INFO - [2026-08-06T04:48:49.498+0000] {dag.py:4180} INFO - Setting next_dagrun for dataset_alias_example_alias_consumer_with_no_taskflow to None, run_after=None
[2026-08-06T04:48:49.505+0000] {logging_mixin.py:190} INFO - [2026-08-06T04:48:49.504+0000] {dag.py:4180} INFO - Setting next_dagrun for dataset_alias_example_alias_producer_with_no_taskflow to None, run_after=None
[2026-08-06T04:48:49.510+0000] {logging_mixin.py:190} INFO - [2026-08-06T04:48:49.509+0000] {dag.py:4180} INFO - Setting next_dagrun for dataset_s3_bucket_consumer_with_no_taskflow to None, run_after=None
[2026-08-06T04:48:49.512+0000] {logging_mixin.py:190} INFO - [2026-08-06T04:48:49.512+0000] {dag.py:4180} INFO - Setting next_dagrun for dataset_s3_bucket_producer_with_no_taskflow to None, run_after=None
[2026-08-06T04:48:49.546+0000] {processor.py:208} INFO - Processing /home/airflow/.local/lib/python3.12/site-packages/airflow/example_dags/example_dataset_alias_with_no_taskflow.py took 1.365 seconds
[2026-08-06T04:49:19.837+0000] {processor.py:186} INFO - Started process (PID=434) to work on /home/airflow/.local/lib/python3.12/site-packages/airflow/example_dags/example_dataset_alias_with_no_taskflow.py
[2026-08-06T04:49:19.839+0000] {processor.py:914} INFO - Processing file /home/airflow/.local/lib/python3.12/site-packages/airflow/example_dags/example_dataset_alias_with_no_taskflow.py for tasks to queue
[2026-08-06T04:49:19.842+0000] {logging_mixin.py:190} INFO - [2026-08-06T04:49:19.842+0000] {dagbag.py:588} INFO - Filling up the DagBag from /home/airflow/.local/lib/python3.12/site-packages/airflow/example_dags/example_dataset_alias_with_no_taskflow.py
[2026-08-06T04:49:20.689+0000] {processor.py:925} INFO - DAG(s) 'dataset_s3_bucket_consumer_with_no_taskflow', 'dataset_alias_example_alias_producer_with_no_taskflow', 'dataset_alias_example_alias_consumer_with_no_taskflow', 'dataset_s3_bucket_producer_with_no_taskflow' retrieved from /home/airflow/.local/lib/python3.12/site-packages/airflow/example_dags/example_dataset_alias_with_no_taskflow.py
[2026-08-06T04:49:20.719+0000] {logging_mixin.py:190} INFO - [2026-08-06T04:49:20.718+0000] {dag.py:3239} INFO - Sync 4 DAGs
[2026-08-06T04:49:20.751+0000] {logging_mixin.py:190} INFO - [2026-08-06T04:49:20.751+0000] {dag.py:4180} INFO - Setting next_dagrun for dataset_alias_example_alias_consumer_with_no_taskflow to None, run_after=None
[2026-08-06T04:49:20.755+0000] {logging_mixin.py:190} INFO - [2026-08-06T04:49:20.755+0000] {dag.py:4180} INFO - Setting next_dagrun for dataset_alias_example_alias_producer_with_no_taskflow to None, run_after=None
[2026-08-06T04:49:20.757+0000] {logging_mixin.py:190} INFO - [2026-08-06T04:49:20.757+0000] {dag.py:4180} INFO - Setting next_dagrun for dataset_s3_bucket_consumer_with_no_taskflow to None, run_after=None
[2026-08-06T04:49:20.759+0000] {logging_mixin.py:190} INFO - [2026-08-06T04:49:20.759+0000] {dag.py:4180} INFO - Setting next_dagrun for dataset_s3_bucket_producer_with_no_taskflow to None, run_after=None
[2026-08-06T04:49:20.793+0000] {processor.py:208} INFO - Processing /home/airflow/.local/lib/python3.12/site-packages/airflow/example_dags/example_dataset_alias_with_no_taskflow.py took 0.962 seconds
[2026-08-06T04:49:51.122+0000] {processor.py:186} INFO - Started process (PID=497) to work on /home/airflow/.local/lib/python3.12/site-packages/airflow/example_dags/example_dataset_alias_with_no_taskflow.py
[2026-08-06T04:49:51.124+0000] {processor.py:914} INFO - Processing file /home/airflow/.local/lib/python3.12/site-packages/airflow/example_dags/example_dataset_alias_with_no_taskflow.py for tasks to queue
[2026-08-06T04:49:51.128+0000] {logging_mixin.py:190} INFO - [2026-08-06T04:49:51.127+0000] {dagbag.py:588} INFO - Filling up the DagBag from /home/airflow/.local/lib/python3.12/site-packages/airflow/example_dags/example_dataset_alias_with_no_taskflow.py
[2026-08-06T04:49:52.157+0000] {processor.py:925} INFO - DAG(s) 'dataset_alias_example_alias_producer_with_no_taskflow', 'dataset_alias_example_alias_consumer_with_no_taskflow', 'dataset_s3_bucket_producer_with_no_taskflow', 'dataset_s3_bucket_consumer_with_no_taskflow' retrieved from /home/airflow/.local/lib/python3.12/site-packages/airflow/example_dags/example_dataset_alias_with_no_taskflow.py
[2026-08-06T04:49:52.195+0000] {logging_mixin.py:190} INFO - [2026-08-06T04:49:52.194+0000] {dag.py:3239} INFO - Sync 4 DAGs
[2026-08-06T04:49:52.228+0000] {logging_mixin.py:190} INFO - [2026-08-06T04:49:52.228+0000] {dag.py:4180} INFO - Setting next_dagrun for dataset_alias_example_alias_consumer_with_no_taskflow to None, run_after=None
[2026-08-06T04:49:52.234+0000] {logging_mixin.py:190} INFO - [2026-08-06T04:49:52.233+0000] {dag.py:4180} INFO - Setting next_dagrun for dataset_alias_example_alias_producer_with_no_taskflow to None, run_after=None
[2026-08-06T04:49:52.237+0000] {logging_mixin.py:190} INFO - [2026-08-06T04:49:52.236+0000] {dag.py:4180} INFO - Setting next_dagrun for dataset_s3_bucket_consumer_with_no_taskflow to None, run_after=None
[2026-08-06T04:49:52.240+0000] {logging_mixin.py:190} INFO - [2026-08-06T04:49:52.239+0000] {dag.py:4180} INFO - Setting next_dagrun for dataset_s3_bucket_producer_with_no_taskflow to None, run_after=None
[2026-08-06T04:49:52.274+0000] {processor.py:208} INFO - Processing /home/airflow/.local/lib/python3.12/site-packages/airflow/example_dags/example_dataset_alias_with_no_taskflow.py took 1.163 seconds
[2026-08-06T04:50:22.597+0000] {processor.py:186} INFO - Started process (PID=560) to work on /home/airflow/.local/lib/python3.12/site-packages/airflow/example_dags/example_dataset_alias_with_no_taskflow.py
[2026-08-06T04:50:22.598+0000] {processor.py:914} INFO - Processing file /home/airflow/.local/lib/python3.12/site-packages/airflow/example_dags/example_dataset_alias_with_no_taskflow.py for tasks to queue
[2026-08-06T04:50:22.603+0000] {logging_mixin.py:190} INFO - [2026-08-06T04:50:22.602+0000] {dagbag.py:588} INFO - Filling up the DagBag from /home/airflow/.local/lib/python3.12/site-packages/airflow/example_dags/example_dataset_alias_with_no_taskflow.py
[2026-08-06T04:50:23.633+0000] {processor.py:925} INFO - DAG(s) 'dataset_s3_bucket_consumer_with_no_taskflow', 'dataset_alias_example_alias_consumer_with_no_taskflow', 'dataset_alias_example_alias_producer_with_no_taskflow', 'dataset_s3_bucket_producer_with_no_taskflow' retrieved from /home/airflow/.local/lib/python3.12/site-packages/airflow/example_dags/example_dataset_alias_with_no_taskflow.py
[2026-08-06T04:50:23.664+0000] {logging_mixin.py:190} INFO - [2026-08-06T04:50:23.664+0000] {dag.py:3239} INFO - Sync 4 DAGs
[2026-08-06T04:50:23.695+0000] {logging_mixin.py:190} INFO - [2026-08-06T04:50:23.694+0000] {dag.py:4180} INFO - Setting next_dagrun for dataset_alias_example_alias_consumer_with_no_taskflow to None, run_after=None
[2026-08-06T04:50:23.699+0000] {logging_mixin.py:190} INFO - [2026-08-06T04:50:23.698+0000] {dag.py:4180} INFO - Setting next_dagrun for dataset_alias_example_alias_producer_with_no_taskflow to None, run_after=None
[2026-08-06T04:50:23.701+0000] {logging_mixin.py:190} INFO - [2026-08-06T04:50:23.701+0000] {dag.py:4180} INFO - Setting next_dagrun for dataset_s3_bucket_consumer_with_no_taskflow to None, run_after=None
[2026-08-06T04:50:23.704+0000] {logging_mixin.py:190} INFO - [2026-08-06T04:50:23.703+0000] {dag.py:4180} INFO - Setting next_dagrun for dataset_s3_bucket_producer_with_no_taskflow to None, run_after=None
[2026-08-06T04:50:23.737+0000] {processor.py:208} INFO - Processing /home/airflow/.local/lib/python3.12/site-packages/airflow/example_dags/example_dataset_alias_with_no_taskflow.py took 1.152 seconds
[2026-08-06T04:50:54.210+0000] {processor.py:186} INFO - Started process (PID=623) to work on /home/airflow/.local/lib/python3.12/site-packages/airflow/example_dags/example_dataset_alias_with_no_taskflow.py
[2026-08-06T04:50:54.213+0000] {processor.py:914} INFO - Processing file /home/airflow/.local/lib/python3.12/site-packages/airflow/example_dags/example_dataset_alias_with_no_taskflow.py for tasks to queue
[2026-08-06T04:50:54.219+0000] {logging_mixin.py:190} INFO - [2026-08-06T04:50:54.218+0000] {dagbag.py:588} INFO - Filling up the DagBag from /home/airflow/.local/lib/python3.12/site-packages/airflow/example_dags/example_dataset_alias_with_no_taskflow.py
[2026-08-06T04:50:55.243+0000] {processor.py:925} INFO - DAG(s) 'dataset_s3_bucket_producer_with_no_taskflow', 'dataset_alias_example_alias_consumer_with_no_taskflow', 'dataset_alias_example_alias_producer_with_no_taskflow', 'dataset_s3_bucket_consumer_with_no_taskflow' retrieved from /home/airflow/.local/lib/python3.12/site-packages/airflow/example_dags/example_dataset_alias_with_no_taskflow.py
[2026-08-06T04:50:55.287+0000] {logging_mixin.py:190} INFO - [2026-08-06T04:50:55.286+0000] {dag.py:3239} INFO - Sync 4 DAGs
[2026-08-06T04:50:55.332+0000] {logging_mixin.py:190} INFO - [2026-08-06T04:50:55.331+0000] {dag.py:4180} INFO - Setting next_dagrun for dataset_alias_example_alias_consumer_with_no_taskflow to None, run_after=None
[2026-08-06T04:50:55.337+0000] {logging_mixin.py:190} INFO - [2026-08-06T04:50:55.337+0000] {dag.py:4180} INFO - Setting next_dagrun for dataset_alias_example_alias_producer_with_no_taskflow to None, run_after=None
[2026-08-06T04:50:55.341+0000] {logging_mixin.py:190} INFO - [2026-08-06T04:50:55.340+0000] {dag.py:4180} INFO - Setting next_dagrun for dataset_s3_bucket_consumer_with_no_taskflow to None, run_after=None
[2026-08-06T04:50:55.344+0000] {logging_mixin.py:190} INFO - [2026-08-06T04:50:55.343+0000] {dag.py:4180} INFO - Setting next_dagrun for dataset_s3_bucket_producer_with_no_taskflow to None, run_after=None
[2026-08-06T04:50:55.404+0000] {processor.py:208} INFO - Processing /home/airflow/.local/lib/python3.12/site-packages/airflow/example_dags/example_dataset_alias_with_no_taskflow.py took 1.208 seconds
[2026-08-06T04:51:25.970+0000] {processor.py:186} INFO - Started process (PID=686) to work on /home/airflow/.local/lib/python3.12/site-packages/airflow/example_dags/example_dataset_alias_with_no_taskflow.py
[2026-08-06T04:51:25.971+0000] {processor.py:914} INFO - Processing file /home/airflow/.local/lib/python3.12/site-packages/airflow/example_dags/example_dataset_alias_with_no_taskflow.py for tasks to queue
[2026-08-06T04:51:25.976+0000] {logging_mixin.py:190} INFO - [2026-08-06T04:51:25.976+0000] {dagbag.py:588} INFO - Filling up the DagBag from /home/airflow/.local/lib/python3.12/site-packages/airflow/example_dags/example_dataset_alias_with_no_taskflow.py
[2026-08-06T04:51:26.958+0000] {processor.py:925} INFO - DAG(s) 'dataset_alias_example_alias_producer_with_no_taskflow', 'dataset_alias_example_alias_consumer_with_no_taskflow', 'dataset_s3_bucket_producer_with_no_taskflow', 'dataset_s3_bucket_consumer_with_no_taskflow' retrieved from /home/airflow/.local/lib/python3.12/site-packages/airflow/example_dags/example_dataset_alias_with_no_taskflow.py
[2026-08-06T04:51:27.012+0000] {logging_mixin.py:190} INFO - [2026-08-06T04:51:27.011+0000] {dag.py:3239} INFO - Sync 4 DAGs
[2026-08-06T04:51:27.056+0000] {logging_mixin.py:190} INFO - [2026-08-06T04:51:27.055+0000] {dag.py:4180} INFO - Setting next_dagrun for dataset_alias_example_alias_consumer_with_no_taskflow to None, run_after=None
[2026-08-06T04:51:27.061+0000] {logging_mixin.py:190} INFO - [2026-08-06T04:51:27.061+0000] {dag.py:4180} INFO - Setting next_dagrun for dataset_alias_example_alias_producer_with_no_taskflow to None, run_after=None
[2026-08-06T04:51:27.063+0000] {logging_mixin.py:190} INFO - [2026-08-06T04:51:27.063+0000] {dag.py:4180} INFO - Setting next_dagrun for dataset_s3_bucket_consumer_with_no_taskflow to None, run_after=None
[2026-08-06T04:51:27.068+0000] {logging_mixin.py:190} INFO - [2026-08-06T04:51:27.068+0000] {dag.py:4180} INFO - Setting next_dagrun for dataset_s3_bucket_producer_with_no_taskflow to None, run_after=None
[2026-08-06T04:51:27.135+0000] {processor.py:208} INFO - Processing /home/airflow/.local/lib/python3.12/site-packages/airflow/example_dags/example_dataset_alias_with_no_taskflow.py took 1.173 seconds
[2026-08-06T04:51:57.570+0000] {processor.py:186} INFO - Started process (PID=749) to work on /home/airflow/.local/lib/python3.12/site-packages/airflow/example_dags/example_dataset_alias_with_no_taskflow.py
[2026-08-06T04:51:57.578+0000] {processor.py:914} INFO - Processing file /home/airflow/.local/lib/python3.12/site-packages/airflow/example_dags/example_dataset_alias_with_no_taskflow.py for tasks to queue
[2026-08-06T04:51:57.582+0000] {logging_mixin.py:190} INFO - [2026-08-06T04:51:57.582+0000] {dagbag.py:588} INFO - Filling up the DagBag from /home/airflow/.local/lib/python3.12/site-packages/airflow/example_dags/example_dataset_alias_with_no_taskflow.py
[2026-08-06T04:51:58.450+0000] {processor.py:925} INFO - DAG(s) 'dataset_s3_bucket_consumer_with_no_taskflow', 'dataset_alias_example_alias_producer_with_no_taskflow', 'dataset_alias_example_alias_consumer_with_no_taskflow', 'dataset_s3_bucket_producer_with_no_taskflow' retrieved from /home/airflow/.local/lib/python3.12/site-packages/airflow/example_dags/example_dataset_alias_with_no_taskflow.py
[2026-08-06T04:51:58.500+0000] {logging_mixin.py:190} INFO - [2026-08-06T04:51:58.500+0000] {dag.py:3239} INFO - Sync 4 DAGs
[2026-08-06T04:51:58.536+0000] {logging_mixin.py:190} INFO - [2026-08-06T04:51:58.536+0000] {dag.py:4180} INFO - Setting next_dagrun for dataset_alias_example_alias_consumer_with_no_taskflow to None, run_after=None
[2026-08-06T04:51:58.542+0000] {logging_mixin.py:190} INFO - [2026-08-06T04:51:58.541+0000] {dag.py:4180} INFO - Setting next_dagrun for dataset_alias_example_alias_producer_with_no_taskflow to None, run_after=None
[2026-08-06T04:51:58.549+0000] {logging_mixin.py:190} INFO - [2026-08-06T04:51:58.548+0000] {dag.py:4180} INFO - Setting next_dagrun for dataset_s3_bucket_consumer_with_no_taskflow to None, run_after=None
[2026-08-06T04:51:58.552+0000] {logging_mixin.py:190} INFO - [2026-08-06T04:51:58.552+0000] {dag.py:4180} INFO - Setting next_dagrun for dataset_s3_bucket_producer_with_no_taskflow to None, run_after=None
[2026-08-06T04:51:58.596+0000] {processor.py:208} INFO - Processing /home/airflow/.local/lib/python3.12/site-packages/airflow/example_dags/example_dataset_alias_with_no_taskflow.py took 1.034 seconds
[2026-08-06T04:52:28.879+0000] {processor.py:186} INFO - Started process (PID=813) to work on /home/airflow/.local/lib/python3.12/site-packages/airflow/example_dags/example_dataset_alias_with_no_taskflow.py
[2026-08-06T04:52:28.882+0000] {processor.py:914} INFO - Processing file /home/airflow/.local/lib/python3.12/site-packages/airflow/example_dags/example_dataset_alias_with_no_taskflow.py for tasks to queue
[2026-08-06T04:52:28.886+0000] {logging_mixin.py:190} INFO - [2026-08-06T04:52:28.885+0000] {dagbag.py:588} INFO - Filling up the DagBag from /home/airflow/.local/lib/python3.12/site-packages/airflow/example_dags/example_dataset_alias_with_no_taskflow.py
[2026-08-06T04:52:30.109+0000] {processor.py:925} INFO - DAG(s) 'dataset_s3_bucket_consumer_with_no_taskflow', 'dataset_s3_bucket_producer_with_no_taskflow', 'dataset_alias_example_alias_producer_with_no_taskflow', 'dataset_alias_example_alias_consumer_with_no_taskflow' retrieved from /home/airflow/.local/lib/python3.12/site-packages/airflow/example_dags/example_dataset_alias_with_no_taskflow.py
[2026-08-06T04:52:30.152+0000] {logging_mixin.py:190} INFO - [2026-08-06T04:52:30.151+0000] {dag.py:3239} INFO - Sync 4 DAGs
[2026-08-06T04:52:30.196+0000] {logging_mixin.py:190} INFO - [2026-08-06T04:52:30.195+0000] {dag.py:4180} INFO - Setting next_dagrun for dataset_alias_example_alias_consumer_with_no_taskflow to None, run_after=None
[2026-08-06T04:52:30.204+0000] {logging_mixin.py:190} INFO - [2026-08-06T04:52:30.203+0000] {dag.py:4180} INFO - Setting next_dagrun for dataset_alias_example_alias_producer_with_no_taskflow to None, run_after=None
[2026-08-06T04:52:30.213+0000] {logging_mixin.py:190} INFO - [2026-08-06T04:52:30.212+0000] {dag.py:4180} INFO - Setting next_dagrun for dataset_s3_bucket_consumer_with_no_taskflow to None, run_after=None
[2026-08-06T04:52:30.221+0000] {logging_mixin.py:190} INFO - [2026-08-06T04:52:30.220+0000] {dag.py:4180} INFO - Setting next_dagrun for dataset_s3_bucket_producer_with_no_taskflow to None, run_after=None
[2026-08-06T04:52:30.303+0000] {processor.py:208} INFO - Processing /home/airflow/.local/lib/python3.12/site-packages/airflow/example_dags/example_dataset_alias_with_no_taskflow.py took 1.433 seconds
[2026-08-06T05:30:21.570+0000] {processor.py:186} INFO - Started process (PID=111) to work on /home/airflow/.local/lib/python3.12/site-packages/airflow/example_dags/example_dataset_alias_with_no_taskflow.py
[2026-08-06T05:30:21.573+0000] {processor.py:914} INFO - Processing file /home/airflow/.local/lib/python3.12/site-packages/airflow/example_dags/example_dataset_alias_with_no_taskflow.py for tasks to queue
[2026-08-06T05:30:21.580+0000] {logging_mixin.py:190} INFO - [2026-08-06T05:30:21.580+0000] {dagbag.py:588} INFO - Filling up the DagBag from /home/airflow/.local/lib/python3.12/site-packages/airflow/example_dags/example_dataset_alias_with_no_taskflow.py
[2026-08-06T05:30:22.561+0000] {processor.py:925} INFO - DAG(s) 'dataset_s3_bucket_consumer_with_no_taskflow', 'dataset_alias_example_alias_consumer_with_no_taskflow', 'dataset_alias_example_alias_producer_with_no_taskflow', 'dataset_s3_bucket_producer_with_no_taskflow' retrieved from /home/airflow/.local/lib/python3.12/site-packages/airflow/example_dags/example_dataset_alias_with_no_taskflow.py
[2026-08-06T05:30:22.595+0000] {logging_mixin.py:190} INFO - [2026-08-06T05:30:22.594+0000] {dag.py:3239} INFO - Sync 4 DAGs
[2026-08-06T05:30:22.620+0000] {logging_mixin.py:190} INFO - [2026-08-06T05:30:22.620+0000] {dag.py:4180} INFO - Setting next_dagrun for dataset_alias_example_alias_consumer_with_no_taskflow to None, run_after=None
[2026-08-06T05:30:22.625+0000] {logging_mixin.py:190} INFO - [2026-08-06T05:30:22.625+0000] {dag.py:4180} INFO - Setting next_dagrun for dataset_alias_example_alias_producer_with_no_taskflow to None, run_after=None
[2026-08-06T05:30:22.629+0000] {logging_mixin.py:190} INFO - [2026-08-06T05:30:22.629+0000] {dag.py:4180} INFO - Setting next_dagrun for dataset_s3_bucket_consumer_with_no_taskflow to None, run_after=None
[2026-08-06T05:30:22.632+0000] {logging_mixin.py:190} INFO - [2026-08-06T05:30:22.631+0000] {dag.py:4180} INFO - Setting next_dagrun for dataset_s3_bucket_producer_with_no_taskflow to None, run_after=None
[2026-08-06T05:30:22.669+0000] {processor.py:208} INFO - Processing /home/airflow/.local/lib/python3.12/site-packages/airflow/example_dags/example_dataset_alias_with_no_taskflow.py took 1.106 seconds
[2026-08-06T05:30:52.742+0000] {processor.py:186} INFO - Started process (PID=175) to work on /home/airflow/.local/lib/python3.12/site-packages/airflow/example_dags/example_dataset_alias_with_no_taskflow.py
[2026-08-06T05:30:52.743+0000] {processor.py:914} INFO - Processing file /home/airflow/.local/lib/python3.12/site-packages/airflow/example_dags/example_dataset_alias_with_no_taskflow.py for tasks to queue
[2026-08-06T05:30:52.746+0000] {logging_mixin.py:190} INFO - [2026-08-06T05:30:52.746+0000] {dagbag.py:588} INFO - Filling up the DagBag from /home/airflow/.local/lib/python3.12/site-packages/airflow/example_dags/example_dataset_alias_with_no_taskflow.py
[2026-08-06T05:30:53.464+0000] {processor.py:925} INFO - DAG(s) 'dataset_s3_bucket_producer_with_no_taskflow', 'dataset_alias_example_alias_producer_with_no_taskflow', 'dataset_s3_bucket_consumer_with_no_taskflow', 'dataset_alias_example_alias_consumer_with_no_taskflow' retrieved from /home/airflow/.local/lib/python3.12/site-packages/airflow/example_dags/example_dataset_alias_with_no_taskflow.py
[2026-08-06T05:30:53.489+0000] {logging_mixin.py:190} INFO - [2026-08-06T05:30:53.488+0000] {dag.py:3239} INFO - Sync 4 DAGs
[2026-08-06T05:30:53.518+0000] {logging_mixin.py:190} INFO - [2026-08-06T05:30:53.518+0000] {dag.py:4180} INFO - Setting next_dagrun for dataset_alias_example_alias_consumer_with_no_taskflow to None, run_after=None
[2026-08-06T05:30:53.522+0000] {logging_mixin.py:190} INFO - [2026-08-06T05:30:53.522+0000] {dag.py:4180} INFO - Setting next_dagrun for dataset_alias_example_alias_producer_with_no_taskflow to None, run_after=None
[2026-08-06T05:30:53.524+0000] {logging_mixin.py:190} INFO - [2026-08-06T05:30:53.524+0000] {dag.py:4180} INFO - Setting next_dagrun for dataset_s3_bucket_consumer_with_no_taskflow to None, run_after=None
[2026-08-06T05:30:53.526+0000] {logging_mixin.py:190} INFO - [2026-08-06T05:30:53.526+0000] {dag.py:4180} INFO - Setting next_dagrun for dataset_s3_bucket_producer_with_no_taskflow to None, run_after=None
[2026-08-06T05:30:53.589+0000] {processor.py:208} INFO - Processing /home/airflow/.local/lib/python3.12/site-packages/airflow/example_dags/example_dataset_alias_with_no_taskflow.py took 0.854 seconds
[2026-08-06T05:33:15.820+0000] {processor.py:186} INFO - Started process (PID=105) to work on /home/airflow/.local/lib/python3.12/site-packages/airflow/example_dags/example_dataset_alias_with_no_taskflow.py
[2026-08-06T05:33:15.822+0000] {processor.py:914} INFO - Processing file /home/airflow/.local/lib/python3.12/site-packages/airflow/example_dags/example_dataset_alias_with_no_taskflow.py for tasks to queue
[2026-08-06T05:33:15.826+0000] {logging_mixin.py:190} INFO - [2026-08-06T05:33:15.825+0000] {dagbag.py:588} INFO - Filling up the DagBag from /home/airflow/.local/lib/python3.12/site-packages/airflow/example_dags/example_dataset_alias_with_no_taskflow.py
[2026-08-06T05:33:16.905+0000] {processor.py:925} INFO - DAG(s) 'dataset_alias_example_alias_producer_with_no_taskflow', 'dataset_s3_bucket_producer_with_no_taskflow', 'dataset_s3_bucket_consumer_with_no_taskflow', 'dataset_alias_example_alias_consumer_with_no_taskflow' retrieved from /home/airflow/.local/lib/python3.12/site-packages/airflow/example_dags/example_dataset_alias_with_no_taskflow.py
[2026-08-06T05:33:16.946+0000] {logging_mixin.py:190} INFO - [2026-08-06T05:33:16.945+0000] {dag.py:3239} INFO - Sync 4 DAGs
[2026-08-06T05:33:16.978+0000] {logging_mixin.py:190} INFO - [2026-08-06T05:33:16.977+0000] {dag.py:4180} INFO - Setting next_dagrun for dataset_alias_example_alias_consumer_with_no_taskflow to None, run_after=None
[2026-08-06T05:33:16.983+0000] {logging_mixin.py:190} INFO - [2026-08-06T05:33:16.983+0000] {dag.py:4180} INFO - Setting next_dagrun for dataset_alias_example_alias_producer_with_no_taskflow to None, run_after=None
[2026-08-06T05:33:16.986+0000] {logging_mixin.py:190} INFO - [2026-08-06T05:33:16.986+0000] {dag.py:4180} INFO - Setting next_dagrun for dataset_s3_bucket_consumer_with_no_taskflow to None, run_after=None
[2026-08-06T05:33:16.989+0000] {logging_mixin.py:190} INFO - [2026-08-06T05:33:16.988+0000] {dag.py:4180} INFO - Setting next_dagrun for dataset_s3_bucket_producer_with_no_taskflow to None, run_after=None
[2026-08-06T05:33:17.050+0000] {processor.py:208} INFO - Processing /home/airflow/.local/lib/python3.12/site-packages/airflow/example_dags/example_dataset_alias_with_no_taskflow.py took 1.243 seconds
[2026-08-06T05:33:47.433+0000] {processor.py:186} INFO - Started process (PID=170) to work on /home/airflow/.local/lib/python3.12/site-packages/airflow/example_dags/example_dataset_alias_with_no_taskflow.py
[2026-08-06T05:33:47.435+0000] {processor.py:914} INFO - Processing file /home/airflow/.local/lib/python3.12/site-packages/airflow/example_dags/example_dataset_alias_with_no_taskflow.py for tasks to queue
[2026-08-06T05:33:47.442+0000] {logging_mixin.py:190} INFO - [2026-08-06T05:33:47.441+0000] {dagbag.py:588} INFO - Filling up the DagBag from /home/airflow/.local/lib/python3.12/site-packages/airflow/example_dags/example_dataset_alias_with_no_taskflow.py
[2026-08-06T05:33:48.255+0000] {processor.py:925} INFO - DAG(s) 'dataset_alias_example_alias_consumer_with_no_taskflow', 'dataset_s3_bucket_producer_with_no_taskflow', 'dataset_s3_bucket_consumer_with_no_taskflow', 'dataset_alias_example_alias_producer_with_no_taskflow' retrieved from /home/airflow/.local/lib/python3.12/site-packages/airflow/example_dags/example_dataset_alias_with_no_taskflow.py
[2026-08-06T05:33:48.300+0000] {logging_mixin.py:190} INFO - [2026-08-06T05:33:48.299+0000] {dag.py:3239} INFO - Sync 4 DAGs
[2026-08-06T05:33:48.340+0000] {logging_mixin.py:190} INFO - [2026-08-06T05:33:48.340+0000] {dag.py:4180} INFO - Setting next_dagrun for dataset_alias_example_alias_consumer_with_no_taskflow to None, run_after=None
[2026-08-06T05:33:48.347+0000] {logging_mixin.py:190} INFO - [2026-08-06T05:33:48.346+0000] {dag.py:4180} INFO - Setting next_dagrun for dataset_alias_example_alias_producer_with_no_taskflow to None, run_after=None
[2026-08-06T05:33:48.350+0000] {logging_mixin.py:190} INFO - [2026-08-06T05:33:48.350+0000] {dag.py:4180} INFO - Setting next_dagrun for dataset_s3_bucket_consumer_with_no_taskflow to None, run_after=None
[2026-08-06T05:33:48.352+0000] {logging_mixin.py:190} INFO - [2026-08-06T05:33:48.352+0000] {dag.py:4180} INFO - Setting next_dagrun for dataset_s3_bucket_producer_with_no_taskflow to None, run_after=None
[2026-08-06T05:33:48.381+0000] {processor.py:208} INFO - Processing /home/airflow/.local/lib/python3.12/site-packages/airflow/example_dags/example_dataset_alias_with_no_taskflow.py took 0.957 seconds
[2026-08-06T05:34:19.843+0000] {processor.py:186} INFO - Started process (PID=233) to work on /home/airflow/.local/lib/python3.12/site-packages/airflow/example_dags/example_dataset_alias_with_no_taskflow.py
[2026-08-06T05:34:19.874+0000] {processor.py:914} INFO - Processing file /home/airflow/.local/lib/python3.12/site-packages/airflow/example_dags/example_dataset_alias_with_no_taskflow.py for tasks to queue
[2026-08-06T05:34:19.884+0000] {logging_mixin.py:190} INFO - [2026-08-06T05:34:19.884+0000] {dagbag.py:588} INFO - Filling up the DagBag from /home/airflow/.local/lib/python3.12/site-packages/airflow/example_dags/example_dataset_alias_with_no_taskflow.py
[2026-08-06T05:34:20.682+0000] {processor.py:925} INFO - DAG(s) 'dataset_alias_example_alias_producer_with_no_taskflow', 'dataset_alias_example_alias_consumer_with_no_taskflow', 'dataset_s3_bucket_producer_with_no_taskflow', 'dataset_s3_bucket_consumer_with_no_taskflow' retrieved from /home/airflow/.local/lib/python3.12/site-packages/airflow/example_dags/example_dataset_alias_with_no_taskflow.py
[2026-08-06T05:34:20.716+0000] {logging_mixin.py:190} INFO - [2026-08-06T05:34:20.715+0000] {dag.py:3239} INFO - Sync 4 DAGs
[2026-08-06T05:34:20.759+0000] {logging_mixin.py:190} INFO - [2026-08-06T05:34:20.759+0000] {dag.py:4180} INFO - Setting next_dagrun for dataset_alias_example_alias_consumer_with_no_taskflow to None, run_after=None
[2026-08-06T05:34:20.763+0000] {logging_mixin.py:190} INFO - [2026-08-06T05:34:20.763+0000] {dag.py:4180} INFO - Setting next_dagrun for dataset_alias_example_alias_producer_with_no_taskflow to None, run_after=None
[2026-08-06T05:34:20.766+0000] {logging_mixin.py:190} INFO - [2026-08-06T05:34:20.766+0000] {dag.py:4180} INFO - Setting next_dagrun for dataset_s3_bucket_consumer_with_no_taskflow to None, run_after=None
[2026-08-06T05:34:20.768+0000] {logging_mixin.py:190} INFO - [2026-08-06T05:34:20.767+0000] {dag.py:4180} INFO - Setting next_dagrun for dataset_s3_bucket_producer_with_no_taskflow to None, run_after=None
[2026-08-06T05:34:20.830+0000] {processor.py:208} INFO - Processing /home/airflow/.local/lib/python3.12/site-packages/airflow/example_dags/example_dataset_alias_with_no_taskflow.py took 0.994 seconds
[2026-08-06T05:34:51.198+0000] {processor.py:186} INFO - Started process (PID=298) to work on /home/airflow/.local/lib/python3.12/site-packages/airflow/example_dags/example_dataset_alias_with_no_taskflow.py
[2026-08-06T05:34:51.200+0000] {processor.py:914} INFO - Processing file /home/airflow/.local/lib/python3.12/site-packages/airflow/example_dags/example_dataset_alias_with_no_taskflow.py for tasks to queue
[2026-08-06T05:34:51.205+0000] {logging_mixin.py:190} INFO - [2026-08-06T05:34:51.204+0000] {dagbag.py:588} INFO - Filling up the DagBag from /home/airflow/.local/lib/python3.12/site-packages/airflow/example_dags/example_dataset_alias_with_no_taskflow.py
[2026-08-06T05:34:52.311+0000] {processor.py:925} INFO - DAG(s) 'dataset_alias_example_alias_producer_with_no_taskflow', 'dataset_s3_bucket_producer_with_no_taskflow', 'dataset_alias_example_alias_consumer_with_no_taskflow', 'dataset_s3_bucket_consumer_with_no_taskflow' retrieved from /home/airflow/.local/lib/python3.12/site-packages/airflow/example_dags/example_dataset_alias_with_no_taskflow.py
[2026-08-06T05:34:52.356+0000] {logging_mixin.py:190} INFO - [2026-08-06T05:34:52.355+0000] {dag.py:3239} INFO - Sync 4 DAGs
[2026-08-06T05:34:52.410+0000] {logging_mixin.py:190} INFO - [2026-08-06T05:34:52.410+0000] {dag.py:4180} INFO - Setting next_dagrun for dataset_alias_example_alias_consumer_with_no_taskflow to None, run_after=None
[2026-08-06T05:34:52.417+0000] {logging_mixin.py:190} INFO - [2026-08-06T05:34:52.416+0000] {dag.py:4180} INFO - Setting next_dagrun for dataset_alias_example_alias_producer_with_no_taskflow to None, run_after=None
[2026-08-06T05:34:52.420+0000] {logging_mixin.py:190} INFO - [2026-08-06T05:34:52.420+0000] {dag.py:4180} INFO - Setting next_dagrun for dataset_s3_bucket_consumer_with_no_taskflow to None, run_after=None
[2026-08-06T05:34:52.424+0000] {logging_mixin.py:190} INFO - [2026-08-06T05:34:52.424+0000] {dag.py:4180} INFO - Setting next_dagrun for dataset_s3_bucket_producer_with_no_taskflow to None, run_after=None
[2026-08-06T05:34:52.500+0000] {processor.py:208} INFO - Processing /home/airflow/.local/lib/python3.12/site-packages/airflow/example_dags/example_dataset_alias_with_no_taskflow.py took 1.310 seconds
[2026-08-06T05:37:04.557+0000] {processor.py:186} INFO - Started process (PID=111) to work on /home/airflow/.local/lib/python3.12/site-packages/airflow/example_dags/example_dataset_alias_with_no_taskflow.py
[2026-08-06T05:37:04.559+0000] {processor.py:914} INFO - Processing file /home/airflow/.local/lib/python3.12/site-packages/airflow/example_dags/example_dataset_alias_with_no_taskflow.py for tasks to queue
[2026-08-06T05:37:04.565+0000] {logging_mixin.py:190} INFO - [2026-08-06T05:37:04.564+0000] {dagbag.py:588} INFO - Filling up the DagBag from /home/airflow/.local/lib/python3.12/site-packages/airflow/example_dags/example_dataset_alias_with_no_taskflow.py
[2026-08-06T05:37:05.619+0000] {processor.py:925} INFO - DAG(s) 'dataset_alias_example_alias_producer_with_no_taskflow', 'dataset_alias_example_alias_consumer_with_no_taskflow', 'dataset_s3_bucket_consumer_with_no_taskflow', 'dataset_s3_bucket_producer_with_no_taskflow' retrieved from /home/airflow/.local/lib/python3.12/site-packages/airflow/example_dags/example_dataset_alias_with_no_taskflow.py
[2026-08-06T05:37:05.656+0000] {logging_mixin.py:190} INFO - [2026-08-06T05:37:05.655+0000] {dag.py:3239} INFO - Sync 4 DAGs
[2026-08-06T05:37:05.706+0000] {logging_mixin.py:190} INFO - [2026-08-06T05:37:05.706+0000] {dag.py:4180} INFO - Setting next_dagrun for dataset_alias_example_alias_consumer_with_no_taskflow to None, run_after=None
[2026-08-06T05:37:05.710+0000] {logging_mixin.py:190} INFO - [2026-08-06T05:37:05.710+0000] {dag.py:4180} INFO - Setting next_dagrun for dataset_alias_example_alias_producer_with_no_taskflow to None, run_after=None
[2026-08-06T05:37:05.713+0000] {logging_mixin.py:190} INFO - [2026-08-06T05:37:05.713+0000] {dag.py:4180} INFO - Setting next_dagrun for dataset_s3_bucket_consumer_with_no_taskflow to None, run_after=None
[2026-08-06T05:37:05.715+0000] {logging_mixin.py:190} INFO - [2026-08-06T05:37:05.715+0000] {dag.py:4180} INFO - Setting next_dagrun for dataset_s3_bucket_producer_with_no_taskflow to None, run_after=None
[2026-08-06T05:37:05.782+0000] {processor.py:208} INFO - Processing /home/airflow/.local/lib/python3.12/site-packages/airflow/example_dags/example_dataset_alias_with_no_taskflow.py took 1.235 seconds
[2026-08-06T05:37:36.190+0000] {processor.py:186} INFO - Started process (PID=177) to work on /home/airflow/.local/lib/python3.12/site-packages/airflow/example_dags/example_dataset_alias_with_no_taskflow.py
[2026-08-06T05:37:36.192+0000] {processor.py:914} INFO - Processing file /home/airflow/.local/lib/python3.12/site-packages/airflow/example_dags/example_dataset_alias_with_no_taskflow.py for tasks to queue
[2026-08-06T05:37:36.196+0000] {logging_mixin.py:190} INFO - [2026-08-06T05:37:36.195+0000] {dagbag.py:588} INFO - Filling up the DagBag from /home/airflow/.local/lib/python3.12/site-packages/airflow/example_dags/example_dataset_alias_with_no_taskflow.py
[2026-08-06T05:37:37.018+0000] {processor.py:925} INFO - DAG(s) 'dataset_alias_example_alias_consumer_with_no_taskflow', 'dataset_alias_example_alias_producer_with_no_taskflow', 'dataset_s3_bucket_consumer_with_no_taskflow', 'dataset_s3_bucket_producer_with_no_taskflow' retrieved from /home/airflow/.local/lib/python3.12/site-packages/airflow/example_dags/example_dataset_alias_with_no_taskflow.py
[2026-08-06T05:37:37.061+0000] {logging_mixin.py:190} INFO - [2026-08-06T05:37:37.060+0000] {dag.py:3239} INFO - Sync 4 DAGs
[2026-08-06T05:37:37.102+0000] {logging_mixin.py:190} INFO - [2026-08-06T05:37:37.101+0000] {dag.py:4180} INFO - Setting next_dagrun for dataset_alias_example_alias_consumer_with_no_taskflow to None, run_after=None
[2026-08-06T05:37:37.107+0000] {logging_mixin.py:190} INFO - [2026-08-06T05:37:37.107+0000] {dag.py:4180} INFO - Setting next_dagrun for dataset_alias_example_alias_producer_with_no_taskflow to None, run_after=None
[2026-08-06T05:37:37.113+0000] {logging_mixin.py:190} INFO - [2026-08-06T05:37:37.113+0000] {dag.py:4180} INFO - Setting next_dagrun for dataset_s3_bucket_consumer_with_no_taskflow to None, run_after=None
[2026-08-06T05:37:37.116+0000] {logging_mixin.py:190} INFO - [2026-08-06T05:37:37.116+0000] {dag.py:4180} INFO - Setting next_dagrun for dataset_s3_bucket_producer_with_no_taskflow to None, run_after=None
[2026-08-06T05:37:37.181+0000] {processor.py:208} INFO - Processing /home/airflow/.local/lib/python3.12/site-packages/airflow/example_dags/example_dataset_alias_with_no_taskflow.py took 1.002 seconds
[2026-08-06T05:38:07.847+0000] {processor.py:186} INFO - Started process (PID=241) to work on /home/airflow/.local/lib/python3.12/site-packages/airflow/example_dags/example_dataset_alias_with_no_taskflow.py
[2026-08-06T05:38:07.850+0000] {processor.py:914} INFO - Processing file /home/airflow/.local/lib/python3.12/site-packages/airflow/example_dags/example_dataset_alias_with_no_taskflow.py for tasks to queue
[2026-08-06T05:38:07.854+0000] {logging_mixin.py:190} INFO - [2026-08-06T05:38:07.854+0000] {dagbag.py:588} INFO - Filling up the DagBag from /home/airflow/.local/lib/python3.12/site-packages/airflow/example_dags/example_dataset_alias_with_no_taskflow.py
[2026-08-06T05:38:08.737+0000] {processor.py:925} INFO - DAG(s) 'dataset_s3_bucket_producer_with_no_taskflow', 'dataset_alias_example_alias_producer_with_no_taskflow', 'dataset_alias_example_alias_consumer_with_no_taskflow', 'dataset_s3_bucket_consumer_with_no_taskflow' retrieved from /home/airflow/.local/lib/python3.12/site-packages/airflow/example_dags/example_dataset_alias_with_no_taskflow.py
[2026-08-06T05:38:08.778+0000] {logging_mixin.py:190} INFO - [2026-08-06T05:38:08.777+0000] {dag.py:3239} INFO - Sync 4 DAGs
[2026-08-06T05:38:08.816+0000] {logging_mixin.py:190} INFO - [2026-08-06T05:38:08.816+0000] {dag.py:4180} INFO - Setting next_dagrun for dataset_alias_example_alias_consumer_with_no_taskflow to None, run_after=None
[2026-08-06T05:38:08.822+0000] {logging_mixin.py:190} INFO - [2026-08-06T05:38:08.821+0000] {dag.py:4180} INFO - Setting next_dagrun for dataset_alias_example_alias_producer_with_no_taskflow to None, run_after=None
[2026-08-06T05:38:08.828+0000] {logging_mixin.py:190} INFO - [2026-08-06T05:38:08.825+0000] {dag.py:4180} INFO - Setting next_dagrun for dataset_s3_bucket_consumer_with_no_taskflow to None, run_after=None
[2026-08-06T05:38:08.831+0000] {logging_mixin.py:190} INFO - [2026-08-06T05:38:08.831+0000] {dag.py:4180} INFO - Setting next_dagrun for dataset_s3_bucket_producer_with_no_taskflow to None, run_after=None
[2026-08-06T05:38:08.876+0000] {processor.py:208} INFO - Processing /home/airflow/.local/lib/python3.12/site-packages/airflow/example_dags/example_dataset_alias_with_no_taskflow.py took 1.038 seconds
[2026-08-06T05:38:42.122+0000] {processor.py:186} INFO - Started process (PID=312) to work on /home/airflow/.local/lib/python3.12/site-packages/airflow/example_dags/example_dataset_alias_with_no_taskflow.py
[2026-08-06T05:38:42.124+0000] {processor.py:914} INFO - Processing file /home/airflow/.local/lib/python3.12/site-packages/airflow/example_dags/example_dataset_alias_with_no_taskflow.py for tasks to queue
[2026-08-06T05:38:42.130+0000] {logging_mixin.py:190} INFO - [2026-08-06T05:38:42.128+0000] {dagbag.py:588} INFO - Filling up the DagBag from /home/airflow/.local/lib/python3.12/site-packages/airflow/example_dags/example_dataset_alias_with_no_taskflow.py
[2026-08-06T05:38:43.202+0000] {processor.py:925} INFO - DAG(s) 'dataset_s3_bucket_producer_with_no_taskflow', 'dataset_alias_example_alias_producer_with_no_taskflow', 'dataset_alias_example_alias_consumer_with_no_taskflow', 'dataset_s3_bucket_consumer_with_no_taskflow' retrieved from /home/airflow/.local/lib/python3.12/site-packages/airflow/example_dags/example_dataset_alias_with_no_taskflow.py
[2026-08-06T05:38:43.770+0000] {logging_mixin.py:190} INFO - [2026-08-06T05:38:43.769+0000] {dag.py:3239} INFO - Sync 4 DAGs
[2026-08-06T05:38:43.838+0000] {logging_mixin.py:190} INFO - [2026-08-06T05:38:43.837+0000] {dag.py:4180} INFO - Setting next_dagrun for dataset_alias_example_alias_consumer_with_no_taskflow to None, run_after=None
[2026-08-06T05:38:43.854+0000] {logging_mixin.py:190} INFO - [2026-08-06T05:38:43.854+0000] {dag.py:4180} INFO - Setting next_dagrun for dataset_alias_example_alias_producer_with_no_taskflow to None, run_after=None
[2026-08-06T05:38:43.859+0000] {logging_mixin.py:190} INFO - [2026-08-06T05:38:43.859+0000] {dag.py:4180} INFO - Setting next_dagrun for dataset_s3_bucket_consumer_with_no_taskflow to None, run_after=None
[2026-08-06T05:38:43.867+0000] {logging_mixin.py:190} INFO - [2026-08-06T05:38:43.866+0000] {dag.py:4180} INFO - Setting next_dagrun for dataset_s3_bucket_producer_with_no_taskflow to None, run_after=None
[2026-08-06T05:38:43.941+0000] {processor.py:208} INFO - Processing /home/airflow/.local/lib/python3.12/site-packages/airflow/example_dags/example_dataset_alias_with_no_taskflow.py took 1.827 seconds
[2026-08-06T05:39:14.064+0000] {processor.py:186} INFO - Started process (PID=384) to work on /home/airflow/.local/lib/python3.12/site-packages/airflow/example_dags/example_dataset_alias_with_no_taskflow.py
[2026-08-06T05:39:14.066+0000] {processor.py:914} INFO - Processing file /home/airflow/.local/lib/python3.12/site-packages/airflow/example_dags/example_dataset_alias_with_no_taskflow.py for tasks to queue
[2026-08-06T05:39:14.069+0000] {logging_mixin.py:190} INFO - [2026-08-06T05:39:14.068+0000] {dagbag.py:588} INFO - Filling up the DagBag from /home/airflow/.local/lib/python3.12/site-packages/airflow/example_dags/example_dataset_alias_with_no_taskflow.py
[2026-08-06T05:39:14.771+0000] {processor.py:925} INFO - DAG(s) 'dataset_s3_bucket_producer_with_no_taskflow', 'dataset_alias_example_alias_producer_with_no_taskflow', 'dataset_s3_bucket_consumer_with_no_taskflow', 'dataset_alias_example_alias_consumer_with_no_taskflow' retrieved from /home/airflow/.local/lib/python3.12/site-packages/airflow/example_dags/example_dataset_alias_with_no_taskflow.py
[2026-08-06T05:39:14.803+0000] {logging_mixin.py:190} INFO - [2026-08-06T05:39:14.802+0000] {dag.py:3239} INFO - Sync 4 DAGs
[2026-08-06T05:39:14.829+0000] {logging_mixin.py:190} INFO - [2026-08-06T05:39:14.829+0000] {dag.py:4180} INFO - Setting next_dagrun for dataset_alias_example_alias_consumer_with_no_taskflow to None, run_after=None
[2026-08-06T05:39:14.832+0000] {logging_mixin.py:190} INFO - [2026-08-06T05:39:14.832+0000] {dag.py:4180} INFO - Setting next_dagrun for dataset_alias_example_alias_producer_with_no_taskflow to None, run_after=None
[2026-08-06T05:39:14.834+0000] {logging_mixin.py:190} INFO - [2026-08-06T05:39:14.834+0000] {dag.py:4180} INFO - Setting next_dagrun for dataset_s3_bucket_consumer_with_no_taskflow to None, run_after=None
[2026-08-06T05:39:14.836+0000] {logging_mixin.py:190} INFO - [2026-08-06T05:39:14.836+0000] {dag.py:4180} INFO - Setting next_dagrun for dataset_s3_bucket_producer_with_no_taskflow to None, run_after=None
[2026-08-06T05:39:14.870+0000] {processor.py:208} INFO - Processing /home/airflow/.local/lib/python3.12/site-packages/airflow/example_dags/example_dataset_alias_with_no_taskflow.py took 0.812 seconds
[2026-08-06T05:39:46.809+0000] {processor.py:186} INFO - Started process (PID=448) to work on /home/airflow/.local/lib/python3.12/site-packages/airflow/example_dags/example_dataset_alias_with_no_taskflow.py
[2026-08-06T05:39:46.811+0000] {processor.py:914} INFO - Processing file /home/airflow/.local/lib/python3.12/site-packages/airflow/example_dags/example_dataset_alias_with_no_taskflow.py for tasks to queue
[2026-08-06T05:39:46.815+0000] {logging_mixin.py:190} INFO - [2026-08-06T05:39:46.814+0000] {dagbag.py:588} INFO - Filling up the DagBag from /home/airflow/.local/lib/python3.12/site-packages/airflow/example_dags/example_dataset_alias_with_no_taskflow.py
[2026-08-06T05:39:48.097+0000] {processor.py:925} INFO - DAG(s) 'dataset_alias_example_alias_producer_with_no_taskflow', 'dataset_s3_bucket_consumer_with_no_taskflow', 'dataset_alias_example_alias_consumer_with_no_taskflow', 'dataset_s3_bucket_producer_with_no_taskflow' retrieved from /home/airflow/.local/lib/python3.12/site-packages/airflow/example_dags/example_dataset_alias_with_no_taskflow.py
[2026-08-06T05:39:48.127+0000] {logging_mixin.py:190} INFO - [2026-08-06T05:39:48.127+0000] {dag.py:3239} INFO - Sync 4 DAGs
[2026-08-06T05:39:48.203+0000] {logging_mixin.py:190} INFO - [2026-08-06T05:39:48.203+0000] {dag.py:4180} INFO - Setting next_dagrun for dataset_alias_example_alias_consumer_with_no_taskflow to None, run_after=None
[2026-08-06T05:39:48.239+0000] {logging_mixin.py:190} INFO - [2026-08-06T05:39:48.238+0000] {dag.py:4180} INFO - Setting next_dagrun for dataset_alias_example_alias_producer_with_no_taskflow to None, run_after=None
[2026-08-06T05:39:48.251+0000] {logging_mixin.py:190} INFO - [2026-08-06T05:39:48.250+0000] {dag.py:4180} INFO - Setting next_dagrun for dataset_s3_bucket_consumer_with_no_taskflow to None, run_after=None
[2026-08-06T05:39:48.257+0000] {logging_mixin.py:190} INFO - [2026-08-06T05:39:48.257+0000] {dag.py:4180} INFO - Setting next_dagrun for dataset_s3_bucket_producer_with_no_taskflow to None, run_after=None
[2026-08-06T05:39:48.335+0000] {processor.py:208} INFO - Processing /home/airflow/.local/lib/python3.12/site-packages/airflow/example_dags/example_dataset_alias_with_no_taskflow.py took 1.536 seconds
[2026-08-06T05:40:18.746+0000] {processor.py:186} INFO - Started process (PID=513) to work on /home/airflow/.local/lib/python3.12/site-packages/airflow/example_dags/example_dataset_alias_with_no_taskflow.py
[2026-08-06T05:40:18.748+0000] {processor.py:914} INFO - Processing file /home/airflow/.local/lib/python3.12/site-packages/airflow/example_dags/example_dataset_alias_with_no_taskflow.py for tasks to queue
[2026-08-06T05:40:18.755+0000] {logging_mixin.py:190} INFO - [2026-08-06T05:40:18.753+0000] {dagbag.py:588} INFO - Filling up the DagBag from /home/airflow/.local/lib/python3.12/site-packages/airflow/example_dags/example_dataset_alias_with_no_taskflow.py
[2026-08-06T05:40:19.819+0000] {processor.py:925} INFO - DAG(s) 'dataset_s3_bucket_producer_with_no_taskflow', 'dataset_alias_example_alias_producer_with_no_taskflow', 'dataset_s3_bucket_consumer_with_no_taskflow', 'dataset_alias_example_alias_consumer_with_no_taskflow' retrieved from /home/airflow/.local/lib/python3.12/site-packages/airflow/example_dags/example_dataset_alias_with_no_taskflow.py
[2026-08-06T05:40:19.891+0000] {logging_mixin.py:190} INFO - [2026-08-06T05:40:19.889+0000] {dag.py:3239} INFO - Sync 4 DAGs
[2026-08-06T05:40:19.934+0000] {logging_mixin.py:190} INFO - [2026-08-06T05:40:19.933+0000] {dag.py:4180} INFO - Setting next_dagrun for dataset_alias_example_alias_consumer_with_no_taskflow to None, run_after=None
[2026-08-06T05:40:19.942+0000] {logging_mixin.py:190} INFO - [2026-08-06T05:40:19.941+0000] {dag.py:4180} INFO - Setting next_dagrun for dataset_alias_example_alias_producer_with_no_taskflow to None, run_after=None
[2026-08-06T05:40:19.946+0000] {logging_mixin.py:190} INFO - [2026-08-06T05:40:19.945+0000] {dag.py:4180} INFO - Setting next_dagrun for dataset_s3_bucket_consumer_with_no_taskflow to None, run_after=None
[2026-08-06T05:40:19.949+0000] {logging_mixin.py:190} INFO - [2026-08-06T05:40:19.949+0000] {dag.py:4180} INFO - Setting next_dagrun for dataset_s3_bucket_producer_with_no_taskflow to None, run_after=None
[2026-08-06T05:40:20.026+0000] {processor.py:208} INFO - Processing /home/airflow/.local/lib/python3.12/site-packages/airflow/example_dags/example_dataset_alias_with_no_taskflow.py took 1.293 seconds
[2026-08-06T05:40:50.206+0000] {processor.py:186} INFO - Started process (PID=579) to work on /home/airflow/.local/lib/python3.12/site-packages/airflow/example_dags/example_dataset_alias_with_no_taskflow.py
[2026-08-06T05:40:50.209+0000] {processor.py:914} INFO - Processing file /home/airflow/.local/lib/python3.12/site-packages/airflow/example_dags/example_dataset_alias_with_no_taskflow.py for tasks to queue
[2026-08-06T05:40:50.215+0000] {logging_mixin.py:190} INFO - [2026-08-06T05:40:50.214+0000] {dagbag.py:588} INFO - Filling up the DagBag from /home/airflow/.local/lib/python3.12/site-packages/airflow/example_dags/example_dataset_alias_with_no_taskflow.py
[2026-08-06T05:40:51.405+0000] {processor.py:925} INFO - DAG(s) 'dataset_s3_bucket_consumer_with_no_taskflow', 'dataset_s3_bucket_producer_with_no_taskflow', 'dataset_alias_example_alias_producer_with_no_taskflow', 'dataset_alias_example_alias_consumer_with_no_taskflow' retrieved from /home/airflow/.local/lib/python3.12/site-packages/airflow/example_dags/example_dataset_alias_with_no_taskflow.py
[2026-08-06T05:40:51.456+0000] {logging_mixin.py:190} INFO - [2026-08-06T05:40:51.454+0000] {dag.py:3239} INFO - Sync 4 DAGs
[2026-08-06T05:40:51.502+0000] {logging_mixin.py:190} INFO - [2026-08-06T05:40:51.502+0000] {dag.py:4180} INFO - Setting next_dagrun for dataset_alias_example_alias_consumer_with_no_taskflow to None, run_after=None
[2026-08-06T05:40:51.510+0000] {logging_mixin.py:190} INFO - [2026-08-06T05:40:51.509+0000] {dag.py:4180} INFO - Setting next_dagrun for dataset_alias_example_alias_producer_with_no_taskflow to None, run_after=None
[2026-08-06T05:40:51.514+0000] {logging_mixin.py:190} INFO - [2026-08-06T05:40:51.513+0000] {dag.py:4180} INFO - Setting next_dagrun for dataset_s3_bucket_consumer_with_no_taskflow to None, run_after=None
[2026-08-06T05:40:51.518+0000] {logging_mixin.py:190} INFO - [2026-08-06T05:40:51.517+0000] {dag.py:4180} INFO - Setting next_dagrun for dataset_s3_bucket_producer_with_no_taskflow to None, run_after=None
[2026-08-06T05:40:51.567+0000] {processor.py:208} INFO - Processing /home/airflow/.local/lib/python3.12/site-packages/airflow/example_dags/example_dataset_alias_with_no_taskflow.py took 1.371 seconds
[2026-08-06T05:41:23.147+0000] {processor.py:186} INFO - Started process (PID=650) to work on /home/airflow/.local/lib/python3.12/site-packages/airflow/example_dags/example_dataset_alias_with_no_taskflow.py
[2026-08-06T05:41:23.165+0000] {processor.py:914} INFO - Processing file /home/airflow/.local/lib/python3.12/site-packages/airflow/example_dags/example_dataset_alias_with_no_taskflow.py for tasks to queue
[2026-08-06T05:41:23.185+0000] {logging_mixin.py:190} INFO - [2026-08-06T05:41:23.183+0000] {dagbag.py:588} INFO - Filling up the DagBag from /home/airflow/.local/lib/python3.12/site-packages/airflow/example_dags/example_dataset_alias_with_no_taskflow.py
[2026-08-06T05:41:25.078+0000] {processor.py:925} INFO - DAG(s) 'dataset_alias_example_alias_consumer_with_no_taskflow', 'dataset_s3_bucket_producer_with_no_taskflow', 'dataset_alias_example_alias_producer_with_no_taskflow', 'dataset_s3_bucket_consumer_with_no_taskflow' retrieved from /home/airflow/.local/lib/python3.12/site-packages/airflow/example_dags/example_dataset_alias_with_no_taskflow.py
[2026-08-06T05:41:25.124+0000] {logging_mixin.py:190} INFO - [2026-08-06T05:41:25.123+0000] {dag.py:3239} INFO - Sync 4 DAGs
[2026-08-06T05:41:25.175+0000] {logging_mixin.py:190} INFO - [2026-08-06T05:41:25.174+0000] {dag.py:4180} INFO - Setting next_dagrun for dataset_alias_example_alias_consumer_with_no_taskflow to None, run_after=None
[2026-08-06T05:41:25.208+0000] {logging_mixin.py:190} INFO - [2026-08-06T05:41:25.207+0000] {dag.py:4180} INFO - Setting next_dagrun for dataset_alias_example_alias_producer_with_no_taskflow to None, run_after=None
[2026-08-06T05:41:25.236+0000] {logging_mixin.py:190} INFO - [2026-08-06T05:41:25.235+0000] {dag.py:4180} INFO - Setting next_dagrun for dataset_s3_bucket_consumer_with_no_taskflow to None, run_after=None
[2026-08-06T05:41:25.247+0000] {logging_mixin.py:190} INFO - [2026-08-06T05:41:25.246+0000] {dag.py:4180} INFO - Setting next_dagrun for dataset_s3_bucket_producer_with_no_taskflow to None, run_after=None
[2026-08-06T05:41:25.314+0000] {processor.py:208} INFO - Processing /home/airflow/.local/lib/python3.12/site-packages/airflow/example_dags/example_dataset_alias_with_no_taskflow.py took 2.190 seconds
[2026-08-06T05:41:56.089+0000] {processor.py:186} INFO - Started process (PID=716) to work on /home/airflow/.local/lib/python3.12/site-packages/airflow/example_dags/example_dataset_alias_with_no_taskflow.py
[2026-08-06T05:41:56.093+0000] {processor.py:914} INFO - Processing file /home/airflow/.local/lib/python3.12/site-packages/airflow/example_dags/example_dataset_alias_with_no_taskflow.py for tasks to queue
[2026-08-06T05:41:56.101+0000] {logging_mixin.py:190} INFO - [2026-08-06T05:41:56.100+0000] {dagbag.py:588} INFO - Filling up the DagBag from /home/airflow/.local/lib/python3.12/site-packages/airflow/example_dags/example_dataset_alias_with_no_taskflow.py
[2026-08-06T05:41:57.264+0000] {processor.py:925} INFO - DAG(s) 'dataset_s3_bucket_consumer_with_no_taskflow', 'dataset_s3_bucket_producer_with_no_taskflow', 'dataset_alias_example_alias_producer_with_no_taskflow', 'dataset_alias_example_alias_consumer_with_no_taskflow' retrieved from /home/airflow/.local/lib/python3.12/site-packages/airflow/example_dags/example_dataset_alias_with_no_taskflow.py
[2026-08-06T05:41:57.317+0000] {logging_mixin.py:190} INFO - [2026-08-06T05:41:57.316+0000] {dag.py:3239} INFO - Sync 4 DAGs
[2026-08-06T05:41:57.358+0000] {logging_mixin.py:190} INFO - [2026-08-06T05:41:57.357+0000] {dag.py:4180} INFO - Setting next_dagrun for dataset_alias_example_alias_consumer_with_no_taskflow to None, run_after=None
[2026-08-06T05:41:57.362+0000] {logging_mixin.py:190} INFO - [2026-08-06T05:41:57.362+0000] {dag.py:4180} INFO - Setting next_dagrun for dataset_alias_example_alias_producer_with_no_taskflow to None, run_after=None
[2026-08-06T05:41:57.366+0000] {logging_mixin.py:190} INFO - [2026-08-06T05:41:57.366+0000] {dag.py:4180} INFO - Setting next_dagrun for dataset_s3_bucket_consumer_with_no_taskflow to None, run_after=None
[2026-08-06T05:41:57.370+0000] {logging_mixin.py:190} INFO - [2026-08-06T05:41:57.370+0000] {dag.py:4180} INFO - Setting next_dagrun for dataset_s3_bucket_producer_with_no_taskflow to None, run_after=None
[2026-08-06T05:41:57.415+0000] {processor.py:208} INFO - Processing /home/airflow/.local/lib/python3.12/site-packages/airflow/example_dags/example_dataset_alias_with_no_taskflow.py took 1.343 seconds
[2026-08-06T05:42:27.603+0000] {processor.py:186} INFO - Started process (PID=785) to work on /home/airflow/.local/lib/python3.12/site-packages/airflow/example_dags/example_dataset_alias_with_no_taskflow.py
[2026-08-06T05:42:27.606+0000] {processor.py:914} INFO - Processing file /home/airflow/.local/lib/python3.12/site-packages/airflow/example_dags/example_dataset_alias_with_no_taskflow.py for tasks to queue
[2026-08-06T05:42:27.612+0000] {logging_mixin.py:190} INFO - [2026-08-06T05:42:27.611+0000] {dagbag.py:588} INFO - Filling up the DagBag from /home/airflow/.local/lib/python3.12/site-packages/airflow/example_dags/example_dataset_alias_with_no_taskflow.py
[2026-08-06T05:42:28.649+0000] {processor.py:925} INFO - DAG(s) 'dataset_s3_bucket_producer_with_no_taskflow', 'dataset_alias_example_alias_producer_with_no_taskflow', 'dataset_s3_bucket_consumer_with_no_taskflow', 'dataset_alias_example_alias_consumer_with_no_taskflow' retrieved from /home/airflow/.local/lib/python3.12/site-packages/airflow/example_dags/example_dataset_alias_with_no_taskflow.py
[2026-08-06T05:42:28.688+0000] {logging_mixin.py:190} INFO - [2026-08-06T05:42:28.688+0000] {dag.py:3239} INFO - Sync 4 DAGs
[2026-08-06T05:42:28.723+0000] {logging_mixin.py:190} INFO - [2026-08-06T05:42:28.722+0000] {dag.py:4180} INFO - Setting next_dagrun for dataset_alias_example_alias_consumer_with_no_taskflow to None, run_after=None
[2026-08-06T05:42:28.728+0000] {logging_mixin.py:190} INFO - [2026-08-06T05:42:28.727+0000] {dag.py:4180} INFO - Setting next_dagrun for dataset_alias_example_alias_producer_with_no_taskflow to None, run_after=None
[2026-08-06T05:42:28.731+0000] {logging_mixin.py:190} INFO - [2026-08-06T05:42:28.731+0000] {dag.py:4180} INFO - Setting next_dagrun for dataset_s3_bucket_consumer_with_no_taskflow to None, run_after=None
[2026-08-06T05:42:28.734+0000] {logging_mixin.py:190} INFO - [2026-08-06T05:42:28.733+0000] {dag.py:4180} INFO - Setting next_dagrun for dataset_s3_bucket_producer_with_no_taskflow to None, run_after=None
[2026-08-06T05:42:28.797+0000] {processor.py:208} INFO - Processing /home/airflow/.local/lib/python3.12/site-packages/airflow/example_dags/example_dataset_alias_with_no_taskflow.py took 1.206 seconds
[2026-08-06T05:42:59.602+0000] {processor.py:186} INFO - Started process (PID=849) to work on /home/airflow/.local/lib/python3.12/site-packages/airflow/example_dags/example_dataset_alias_with_no_taskflow.py
[2026-08-06T05:42:59.604+0000] {processor.py:914} INFO - Processing file /home/airflow/.local/lib/python3.12/site-packages/airflow/example_dags/example_dataset_alias_with_no_taskflow.py for tasks to queue
[2026-08-06T05:42:59.608+0000] {logging_mixin.py:190} INFO - [2026-08-06T05:42:59.608+0000] {dagbag.py:588} INFO - Filling up the DagBag from /home/airflow/.local/lib/python3.12/site-packages/airflow/example_dags/example_dataset_alias_with_no_taskflow.py
[2026-08-06T05:43:01.003+0000] {processor.py:925} INFO - DAG(s) 'dataset_alias_example_alias_consumer_with_no_taskflow', 'dataset_s3_bucket_producer_with_no_taskflow', 'dataset_s3_bucket_consumer_with_no_taskflow', 'dataset_alias_example_alias_producer_with_no_taskflow' retrieved from /home/airflow/.local/lib/python3.12/site-packages/airflow/example_dags/example_dataset_alias_with_no_taskflow.py
[2026-08-06T05:43:01.107+0000] {logging_mixin.py:190} INFO - [2026-08-06T05:43:01.106+0000] {dag.py:3239} INFO - Sync 4 DAGs
[2026-08-06T05:43:01.190+0000] {logging_mixin.py:190} INFO - [2026-08-06T05:43:01.190+0000] {dag.py:4180} INFO - Setting next_dagrun for dataset_alias_example_alias_consumer_with_no_taskflow to None, run_after=None
[2026-08-06T05:43:01.236+0000] {logging_mixin.py:190} INFO - [2026-08-06T05:43:01.232+0000] {dag.py:4180} INFO - Setting next_dagrun for dataset_alias_example_alias_producer_with_no_taskflow to None, run_after=None
[2026-08-06T05:43:01.242+0000] {logging_mixin.py:190} INFO - [2026-08-06T05:43:01.241+0000] {dag.py:4180} INFO - Setting next_dagrun for dataset_s3_bucket_consumer_with_no_taskflow to None, run_after=None
[2026-08-06T05:43:01.245+0000] {logging_mixin.py:190} INFO - [2026-08-06T05:43:01.245+0000] {dag.py:4180} INFO - Setting next_dagrun for dataset_s3_bucket_producer_with_no_taskflow to None, run_after=None
[2026-08-06T05:43:01.297+0000] {processor.py:208} INFO - Processing /home/airflow/.local/lib/python3.12/site-packages/airflow/example_dags/example_dataset_alias_with_no_taskflow.py took 1.711 seconds
[2026-08-06T05:43:32.116+0000] {processor.py:186} INFO - Started process (PID=918) to work on /home/airflow/.local/lib/python3.12/site-packages/airflow/example_dags/example_dataset_alias_with_no_taskflow.py
[2026-08-06T05:43:32.124+0000] {processor.py:914} INFO - Processing file /home/airflow/.local/lib/python3.12/site-packages/airflow/example_dags/example_dataset_alias_with_no_taskflow.py for tasks to queue
[2026-08-06T05:43:32.129+0000] {logging_mixin.py:190} INFO - [2026-08-06T05:43:32.129+0000] {dagbag.py:588} INFO - Filling up the DagBag from /home/airflow/.local/lib/python3.12/site-packages/airflow/example_dags/example_dataset_alias_with_no_taskflow.py
[2026-08-06T05:43:33.174+0000] {processor.py:925} INFO - DAG(s) 'dataset_alias_example_alias_consumer_with_no_taskflow', 'dataset_s3_bucket_consumer_with_no_taskflow', 'dataset_s3_bucket_producer_with_no_taskflow', 'dataset_alias_example_alias_producer_with_no_taskflow' retrieved from /home/airflow/.local/lib/python3.12/site-packages/airflow/example_dags/example_dataset_alias_with_no_taskflow.py
[2026-08-06T05:43:33.359+0000] {logging_mixin.py:190} INFO - [2026-08-06T05:43:33.358+0000] {dag.py:3239} INFO - Sync 4 DAGs
[2026-08-06T05:43:33.493+0000] {logging_mixin.py:190} INFO - [2026-08-06T05:43:33.493+0000] {dag.py:4180} INFO - Setting next_dagrun for dataset_alias_example_alias_consumer_with_no_taskflow to None, run_after=None
[2026-08-06T05:43:33.558+0000] {logging_mixin.py:190} INFO - [2026-08-06T05:43:33.557+0000] {dag.py:4180} INFO - Setting next_dagrun for dataset_alias_example_alias_producer_with_no_taskflow to None, run_after=None
[2026-08-06T05:43:33.652+0000] {logging_mixin.py:190} INFO - [2026-08-06T05:43:33.651+0000] {dag.py:4180} INFO - Setting next_dagrun for dataset_s3_bucket_consumer_with_no_taskflow to None, run_after=None
[2026-08-06T05:43:33.711+0000] {logging_mixin.py:190} INFO - [2026-08-06T05:43:33.710+0000] {dag.py:4180} INFO - Setting next_dagrun for dataset_s3_bucket_producer_with_no_taskflow to None, run_after=None
[2026-08-06T05:43:33.792+0000] {processor.py:208} INFO - Processing /home/airflow/.local/lib/python3.12/site-packages/airflow/example_dags/example_dataset_alias_with_no_taskflow.py took 1.683 seconds
[2026-08-06T05:44:04.698+0000] {processor.py:186} INFO - Started process (PID=1000) to work on /home/airflow/.local/lib/python3.12/site-packages/airflow/example_dags/example_dataset_alias_with_no_taskflow.py
[2026-08-06T05:44:04.702+0000] {processor.py:914} INFO - Processing file /home/airflow/.local/lib/python3.12/site-packages/airflow/example_dags/example_dataset_alias_with_no_taskflow.py for tasks to queue
[2026-08-06T05:44:04.708+0000] {logging_mixin.py:190} INFO - [2026-08-06T05:44:04.708+0000] {dagbag.py:588} INFO - Filling up the DagBag from /home/airflow/.local/lib/python3.12/site-packages/airflow/example_dags/example_dataset_alias_with_no_taskflow.py
[2026-08-06T05:44:05.762+0000] {processor.py:925} INFO - DAG(s) 'dataset_alias_example_alias_producer_with_no_taskflow', 'dataset_s3_bucket_producer_with_no_taskflow', 'dataset_alias_example_alias_consumer_with_no_taskflow', 'dataset_s3_bucket_consumer_with_no_taskflow' retrieved from /home/airflow/.local/lib/python3.12/site-packages/airflow/example_dags/example_dataset_alias_with_no_taskflow.py
[2026-08-06T05:44:05.816+0000] {logging_mixin.py:190} INFO - [2026-08-06T05:44:05.815+0000] {dag.py:3239} INFO - Sync 4 DAGs
[2026-08-06T05:44:05.893+0000] {logging_mixin.py:190} INFO - [2026-08-06T05:44:05.893+0000] {dag.py:4180} INFO - Setting next_dagrun for dataset_alias_example_alias_consumer_with_no_taskflow to None, run_after=None
[2026-08-06T05:44:05.899+0000] {logging_mixin.py:190} INFO - [2026-08-06T05:44:05.899+0000] {dag.py:4180} INFO - Setting next_dagrun for dataset_alias_example_alias_producer_with_no_taskflow to None, run_after=None
[2026-08-06T05:44:05.906+0000] {logging_mixin.py:190} INFO - [2026-08-06T05:44:05.906+0000] {dag.py:4180} INFO - Setting next_dagrun for dataset_s3_bucket_consumer_with_no_taskflow to None, run_after=None
[2026-08-06T05:44:05.911+0000] {logging_mixin.py:190} INFO - [2026-08-06T05:44:05.910+0000] {dag.py:4180} INFO - Setting next_dagrun for dataset_s3_bucket_producer_with_no_taskflow to None, run_after=None
[2026-08-06T05:44:05.957+0000] {processor.py:208} INFO - Processing /home/airflow/.local/lib/python3.12/site-packages/airflow/example_dags/example_dataset_alias_with_no_taskflow.py took 1.270 seconds
[2026-08-06T05:44:36.298+0000] {processor.py:186} INFO - Started process (PID=1064) to work on /home/airflow/.local/lib/python3.12/site-packages/airflow/example_dags/example_dataset_alias_with_no_taskflow.py
[2026-08-06T05:44:36.300+0000] {processor.py:914} INFO - Processing file /home/airflow/.local/lib/python3.12/site-packages/airflow/example_dags/example_dataset_alias_with_no_taskflow.py for tasks to queue
[2026-08-06T05:44:36.305+0000] {logging_mixin.py:190} INFO - [2026-08-06T05:44:36.304+0000] {dagbag.py:588} INFO - Filling up the DagBag from /home/airflow/.local/lib/python3.12/site-packages/airflow/example_dags/example_dataset_alias_with_no_taskflow.py
[2026-08-06T05:44:37.386+0000] {processor.py:925} INFO - DAG(s) 'dataset_alias_example_alias_consumer_with_no_taskflow', 'dataset_alias_example_alias_producer_with_no_taskflow', 'dataset_s3_bucket_consumer_with_no_taskflow', 'dataset_s3_bucket_producer_with_no_taskflow' retrieved from /home/airflow/.local/lib/python3.12/site-packages/airflow/example_dags/example_dataset_alias_with_no_taskflow.py
[2026-08-06T05:44:37.429+0000] {logging_mixin.py:190} INFO - [2026-08-06T05:44:37.428+0000] {dag.py:3239} INFO - Sync 4 DAGs
[2026-08-06T05:44:37.467+0000] {logging_mixin.py:190} INFO - [2026-08-06T05:44:37.466+0000] {dag.py:4180} INFO - Setting next_dagrun for dataset_alias_example_alias_consumer_with_no_taskflow to None, run_after=None
[2026-08-06T05:44:37.474+0000] {logging_mixin.py:190} INFO - [2026-08-06T05:44:37.473+0000] {dag.py:4180} INFO - Setting next_dagrun for dataset_alias_example_alias_producer_with_no_taskflow to None, run_after=None
[2026-08-06T05:44:37.478+0000] {logging_mixin.py:190} INFO - [2026-08-06T05:44:37.477+0000] {dag.py:4180} INFO - Setting next_dagrun for dataset_s3_bucket_consumer_with_no_taskflow to None, run_after=None
[2026-08-06T05:44:37.482+0000] {logging_mixin.py:190} INFO - [2026-08-06T05:44:37.482+0000] {dag.py:4180} INFO - Setting next_dagrun for dataset_s3_bucket_producer_with_no_taskflow to None, run_after=None
[2026-08-06T05:44:37.531+0000] {processor.py:208} INFO - Processing /home/airflow/.local/lib/python3.12/site-packages/airflow/example_dags/example_dataset_alias_with_no_taskflow.py took 1.250 seconds
[2026-08-06T05:45:08.383+0000] {processor.py:186} INFO - Started process (PID=1130) to work on /home/airflow/.local/lib/python3.12/site-packages/airflow/example_dags/example_dataset_alias_with_no_taskflow.py
[2026-08-06T05:45:08.385+0000] {processor.py:914} INFO - Processing file /home/airflow/.local/lib/python3.12/site-packages/airflow/example_dags/example_dataset_alias_with_no_taskflow.py for tasks to queue
[2026-08-06T05:45:08.388+0000] {logging_mixin.py:190} INFO - [2026-08-06T05:45:08.388+0000] {dagbag.py:588} INFO - Filling up the DagBag from /home/airflow/.local/lib/python3.12/site-packages/airflow/example_dags/example_dataset_alias_with_no_taskflow.py
[2026-08-06T05:45:09.489+0000] {processor.py:925} INFO - DAG(s) 'dataset_s3_bucket_consumer_with_no_taskflow', 'dataset_alias_example_alias_producer_with_no_taskflow', 'dataset_s3_bucket_producer_with_no_taskflow', 'dataset_alias_example_alias_consumer_with_no_taskflow' retrieved from /home/airflow/.local/lib/python3.12/site-packages/airflow/example_dags/example_dataset_alias_with_no_taskflow.py
[2026-08-06T05:45:09.537+0000] {logging_mixin.py:190} INFO - [2026-08-06T05:45:09.536+0000] {dag.py:3239} INFO - Sync 4 DAGs
[2026-08-06T05:45:09.575+0000] {logging_mixin.py:190} INFO - [2026-08-06T05:45:09.575+0000] {dag.py:4180} INFO - Setting next_dagrun for dataset_alias_example_alias_consumer_with_no_taskflow to None, run_after=None
[2026-08-06T05:45:09.581+0000] {logging_mixin.py:190} INFO - [2026-08-06T05:45:09.580+0000] {dag.py:4180} INFO - Setting next_dagrun for dataset_alias_example_alias_producer_with_no_taskflow to None, run_after=None
[2026-08-06T05:45:09.584+0000] {logging_mixin.py:190} INFO - [2026-08-06T05:45:09.583+0000] {dag.py:4180} INFO - Setting next_dagrun for dataset_s3_bucket_consumer_with_no_taskflow to None, run_after=None
[2026-08-06T05:45:09.586+0000] {logging_mixin.py:190} INFO - [2026-08-06T05:45:09.586+0000] {dag.py:4180} INFO - Setting next_dagrun for dataset_s3_bucket_producer_with_no_taskflow to None, run_after=None
[2026-08-06T05:45:09.649+0000] {processor.py:208} INFO - Processing /home/airflow/.local/lib/python3.12/site-packages/airflow/example_dags/example_dataset_alias_with_no_taskflow.py took 1.275 seconds
[2026-08-06T05:45:40.056+0000] {processor.py:186} INFO - Started process (PID=1195) to work on /home/airflow/.local/lib/python3.12/site-packages/airflow/example_dags/example_dataset_alias_with_no_taskflow.py
[2026-08-06T05:45:40.059+0000] {processor.py:914} INFO - Processing file /home/airflow/.local/lib/python3.12/site-packages/airflow/example_dags/example_dataset_alias_with_no_taskflow.py for tasks to queue
[2026-08-06T05:45:40.063+0000] {logging_mixin.py:190} INFO - [2026-08-06T05:45:40.062+0000] {dagbag.py:588} INFO - Filling up the DagBag from /home/airflow/.local/lib/python3.12/site-packages/airflow/example_dags/example_dataset_alias_with_no_taskflow.py
[2026-08-06T05:45:41.212+0000] {processor.py:925} INFO - DAG(s) 'dataset_alias_example_alias_consumer_with_no_taskflow', 'dataset_s3_bucket_consumer_with_no_taskflow', 'dataset_alias_example_alias_producer_with_no_taskflow', 'dataset_s3_bucket_producer_with_no_taskflow' retrieved from /home/airflow/.local/lib/python3.12/site-packages/airflow/example_dags/example_dataset_alias_with_no_taskflow.py
[2026-08-06T05:45:41.288+0000] {logging_mixin.py:190} INFO - [2026-08-06T05:45:41.287+0000] {dag.py:3239} INFO - Sync 4 DAGs
[2026-08-06T05:45:41.337+0000] {logging_mixin.py:190} INFO - [2026-08-06T05:45:41.336+0000] {dag.py:4180} INFO - Setting next_dagrun for dataset_alias_example_alias_consumer_with_no_taskflow to None, run_after=None
[2026-08-06T05:45:41.372+0000] {logging_mixin.py:190} INFO - [2026-08-06T05:45:41.371+0000] {dag.py:4180} INFO - Setting next_dagrun for dataset_alias_example_alias_producer_with_no_taskflow to None, run_after=None
[2026-08-06T05:45:41.387+0000] {logging_mixin.py:190} INFO - [2026-08-06T05:45:41.387+0000] {dag.py:4180} INFO - Setting next_dagrun for dataset_s3_bucket_consumer_with_no_taskflow to None, run_after=None
[2026-08-06T05:45:41.407+0000] {logging_mixin.py:190} INFO - [2026-08-06T05:45:41.406+0000] {dag.py:4180} INFO - Setting next_dagrun for dataset_s3_bucket_producer_with_no_taskflow to None, run_after=None
[2026-08-06T05:45:41.469+0000] {processor.py:208} INFO - Processing /home/airflow/.local/lib/python3.12/site-packages/airflow/example_dags/example_dataset_alias_with_no_taskflow.py took 1.425 seconds
[2026-08-06T05:46:11.888+0000] {processor.py:186} INFO - Started process (PID=1259) to work on /home/airflow/.local/lib/python3.12/site-packages/airflow/example_dags/example_dataset_alias_with_no_taskflow.py
[2026-08-06T05:46:11.890+0000] {processor.py:914} INFO - Processing file /home/airflow/.local/lib/python3.12/site-packages/airflow/example_dags/example_dataset_alias_with_no_taskflow.py for tasks to queue
[2026-08-06T05:46:11.896+0000] {logging_mixin.py:190} INFO - [2026-08-06T05:46:11.895+0000] {dagbag.py:588} INFO - Filling up the DagBag from /home/airflow/.local/lib/python3.12/site-packages/airflow/example_dags/example_dataset_alias_with_no_taskflow.py
[2026-08-06T05:46:12.895+0000] {processor.py:925} INFO - DAG(s) 'dataset_s3_bucket_producer_with_no_taskflow', 'dataset_s3_bucket_consumer_with_no_taskflow', 'dataset_alias_example_alias_producer_with_no_taskflow', 'dataset_alias_example_alias_consumer_with_no_taskflow' retrieved from /home/airflow/.local/lib/python3.12/site-packages/airflow/example_dags/example_dataset_alias_with_no_taskflow.py
[2026-08-06T05:46:12.961+0000] {logging_mixin.py:190} INFO - [2026-08-06T05:46:12.960+0000] {dag.py:3239} INFO - Sync 4 DAGs
[2026-08-06T05:46:12.998+0000] {logging_mixin.py:190} INFO - [2026-08-06T05:46:12.997+0000] {dag.py:4180} INFO - Setting next_dagrun for dataset_alias_example_alias_consumer_with_no_taskflow to None, run_after=None
[2026-08-06T05:46:13.005+0000] {logging_mixin.py:190} INFO - [2026-08-06T05:46:13.005+0000] {dag.py:4180} INFO - Setting next_dagrun for dataset_alias_example_alias_producer_with_no_taskflow to None, run_after=None
[2026-08-06T05:46:13.010+0000] {logging_mixin.py:190} INFO - [2026-08-06T05:46:13.010+0000] {dag.py:4180} INFO - Setting next_dagrun for dataset_s3_bucket_consumer_with_no_taskflow to None, run_after=None
[2026-08-06T05:46:13.014+0000] {logging_mixin.py:190} INFO - [2026-08-06T05:46:13.014+0000] {dag.py:4180} INFO - Setting next_dagrun for dataset_s3_bucket_producer_with_no_taskflow to None, run_after=None
[2026-08-06T05:46:13.067+0000] {processor.py:208} INFO - Processing /home/airflow/.local/lib/python3.12/site-packages/airflow/example_dags/example_dataset_alias_with_no_taskflow.py took 1.187 seconds
[2026-08-06T05:46:43.766+0000] {processor.py:186} INFO - Started process (PID=1323) to work on /home/airflow/.local/lib/python3.12/site-packages/airflow/example_dags/example_dataset_alias_with_no_taskflow.py
[2026-08-06T05:46:43.770+0000] {processor.py:914} INFO - Processing file /home/airflow/.local/lib/python3.12/site-packages/airflow/example_dags/example_dataset_alias_with_no_taskflow.py for tasks to queue
[2026-08-06T05:46:43.776+0000] {logging_mixin.py:190} INFO - [2026-08-06T05:46:43.775+0000] {dagbag.py:588} INFO - Filling up the DagBag from /home/airflow/.local/lib/python3.12/site-packages/airflow/example_dags/example_dataset_alias_with_no_taskflow.py
[2026-08-06T05:46:44.771+0000] {processor.py:925} INFO - DAG(s) 'dataset_s3_bucket_consumer_with_no_taskflow', 'dataset_s3_bucket_producer_with_no_taskflow', 'dataset_alias_example_alias_consumer_with_no_taskflow', 'dataset_alias_example_alias_producer_with_no_taskflow' retrieved from /home/airflow/.local/lib/python3.12/site-packages/airflow/example_dags/example_dataset_alias_with_no_taskflow.py
[2026-08-06T05:46:44.816+0000] {logging_mixin.py:190} INFO - [2026-08-06T05:46:44.815+0000] {dag.py:3239} INFO - Sync 4 DAGs
[2026-08-06T05:46:44.858+0000] {logging_mixin.py:190} INFO - [2026-08-06T05:46:44.858+0000] {dag.py:4180} INFO - Setting next_dagrun for dataset_alias_example_alias_consumer_with_no_taskflow to None, run_after=None
[2026-08-06T05:46:44.865+0000] {logging_mixin.py:190} INFO - [2026-08-06T05:46:44.864+0000] {dag.py:4180} INFO - Setting next_dagrun for dataset_alias_example_alias_producer_with_no_taskflow to None, run_after=None
[2026-08-06T05:46:44.869+0000] {logging_mixin.py:190} INFO - [2026-08-06T05:46:44.868+0000] {dag.py:4180} INFO - Setting next_dagrun for dataset_s3_bucket_consumer_with_no_taskflow to None, run_after=None
[2026-08-06T05:46:44.873+0000] {logging_mixin.py:190} INFO - [2026-08-06T05:46:44.873+0000] {dag.py:4180} INFO - Setting next_dagrun for dataset_s3_bucket_producer_with_no_taskflow to None, run_after=None
[2026-08-06T05:46:44.954+0000] {processor.py:208} INFO - Processing /home/airflow/.local/lib/python3.12/site-packages/airflow/example_dags/example_dataset_alias_with_no_taskflow.py took 1.197 seconds
[2026-08-06T05:47:16.381+0000] {processor.py:186} INFO - Started process (PID=1390) to work on /home/airflow/.local/lib/python3.12/site-packages/airflow/example_dags/example_dataset_alias_with_no_taskflow.py
[2026-08-06T05:47:16.386+0000] {processor.py:914} INFO - Processing file /home/airflow/.local/lib/python3.12/site-packages/airflow/example_dags/example_dataset_alias_with_no_taskflow.py for tasks to queue
[2026-08-06T05:47:16.393+0000] {logging_mixin.py:190} INFO - [2026-08-06T05:47:16.392+0000] {dagbag.py:588} INFO - Filling up the DagBag from /home/airflow/.local/lib/python3.12/site-packages/airflow/example_dags/example_dataset_alias_with_no_taskflow.py
[2026-08-06T05:47:17.441+0000] {processor.py:925} INFO - DAG(s) 'dataset_alias_example_alias_consumer_with_no_taskflow', 'dataset_s3_bucket_producer_with_no_taskflow', 'dataset_s3_bucket_consumer_with_no_taskflow', 'dataset_alias_example_alias_producer_with_no_taskflow' retrieved from /home/airflow/.local/lib/python3.12/site-packages/airflow/example_dags/example_dataset_alias_with_no_taskflow.py
[2026-08-06T05:47:17.476+0000] {logging_mixin.py:190} INFO - [2026-08-06T05:47:17.475+0000] {dag.py:3239} INFO - Sync 4 DAGs
[2026-08-06T05:47:17.520+0000] {logging_mixin.py:190} INFO - [2026-08-06T05:47:17.520+0000] {dag.py:4180} INFO - Setting next_dagrun for dataset_alias_example_alias_consumer_with_no_taskflow to None, run_after=None
[2026-08-06T05:47:17.526+0000] {logging_mixin.py:190} INFO - [2026-08-06T05:47:17.526+0000] {dag.py:4180} INFO - Setting next_dagrun for dataset_alias_example_alias_producer_with_no_taskflow to None, run_after=None
[2026-08-06T05:47:17.530+0000] {logging_mixin.py:190} INFO - [2026-08-06T05:47:17.529+0000] {dag.py:4180} INFO - Setting next_dagrun for dataset_s3_bucket_consumer_with_no_taskflow to None, run_after=None
[2026-08-06T05:47:17.533+0000] {logging_mixin.py:190} INFO - [2026-08-06T05:47:17.533+0000] {dag.py:4180} INFO - Setting next_dagrun for dataset_s3_bucket_producer_with_no_taskflow to None, run_after=None
[2026-08-06T05:47:17.603+0000] {processor.py:208} INFO - Processing /home/airflow/.local/lib/python3.12/site-packages/airflow/example_dags/example_dataset_alias_with_no_taskflow.py took 1.232 seconds
[2026-08-06T05:47:48.092+0000] {processor.py:186} INFO - Started process (PID=1455) to work on /home/airflow/.local/lib/python3.12/site-packages/airflow/example_dags/example_dataset_alias_with_no_taskflow.py
[2026-08-06T05:47:48.095+0000] {processor.py:914} INFO - Processing file /home/airflow/.local/lib/python3.12/site-packages/airflow/example_dags/example_dataset_alias_with_no_taskflow.py for tasks to queue
[2026-08-06T05:47:48.099+0000] {logging_mixin.py:190} INFO - [2026-08-06T05:47:48.098+0000] {dagbag.py:588} INFO - Filling up the DagBag from /home/airflow/.local/lib/python3.12/site-packages/airflow/example_dags/example_dataset_alias_with_no_taskflow.py
[2026-08-06T05:47:50.741+0000] {processor.py:925} INFO - DAG(s) 'dataset_alias_example_alias_producer_with_no_taskflow', 'dataset_s3_bucket_consumer_with_no_taskflow', 'dataset_s3_bucket_producer_with_no_taskflow', 'dataset_alias_example_alias_consumer_with_no_taskflow' retrieved from /home/airflow/.local/lib/python3.12/site-packages/airflow/example_dags/example_dataset_alias_with_no_taskflow.py
[2026-08-06T05:47:50.776+0000] {logging_mixin.py:190} INFO - [2026-08-06T05:47:50.775+0000] {dag.py:3239} INFO - Sync 4 DAGs
[2026-08-06T05:47:50.817+0000] {logging_mixin.py:190} INFO - [2026-08-06T05:47:50.817+0000] {dag.py:4180} INFO - Setting next_dagrun for dataset_alias_example_alias_consumer_with_no_taskflow to None, run_after=None
[2026-08-06T05:47:50.823+0000] {logging_mixin.py:190} INFO - [2026-08-06T05:47:50.823+0000] {dag.py:4180} INFO - Setting next_dagrun for dataset_alias_example_alias_producer_with_no_taskflow to None, run_after=None
[2026-08-06T05:47:50.827+0000] {logging_mixin.py:190} INFO - [2026-08-06T05:47:50.827+0000] {dag.py:4180} INFO - Setting next_dagrun for dataset_s3_bucket_consumer_with_no_taskflow to None, run_after=None
[2026-08-06T05:47:50.830+0000] {logging_mixin.py:190} INFO - [2026-08-06T05:47:50.829+0000] {dag.py:4180} INFO - Setting next_dagrun for dataset_s3_bucket_producer_with_no_taskflow to None, run_after=None
[2026-08-06T05:47:50.865+0000] {processor.py:208} INFO - Processing /home/airflow/.local/lib/python3.12/site-packages/airflow/example_dags/example_dataset_alias_with_no_taskflow.py took 2.784 seconds
[2026-08-06T05:48:20.975+0000] {processor.py:186} INFO - Started process (PID=1519) to work on /home/airflow/.local/lib/python3.12/site-packages/airflow/example_dags/example_dataset_alias_with_no_taskflow.py
[2026-08-06T05:48:20.977+0000] {processor.py:914} INFO - Processing file /home/airflow/.local/lib/python3.12/site-packages/airflow/example_dags/example_dataset_alias_with_no_taskflow.py for tasks to queue
[2026-08-06T05:48:20.982+0000] {logging_mixin.py:190} INFO - [2026-08-06T05:48:20.981+0000] {dagbag.py:588} INFO - Filling up the DagBag from /home/airflow/.local/lib/python3.12/site-packages/airflow/example_dags/example_dataset_alias_with_no_taskflow.py
[2026-08-06T05:48:21.994+0000] {processor.py:925} INFO - DAG(s) 'dataset_s3_bucket_consumer_with_no_taskflow', 'dataset_alias_example_alias_producer_with_no_taskflow', 'dataset_alias_example_alias_consumer_with_no_taskflow', 'dataset_s3_bucket_producer_with_no_taskflow' retrieved from /home/airflow/.local/lib/python3.12/site-packages/airflow/example_dags/example_dataset_alias_with_no_taskflow.py
[2026-08-06T05:48:22.039+0000] {logging_mixin.py:190} INFO - [2026-08-06T05:48:22.037+0000] {dag.py:3239} INFO - Sync 4 DAGs
[2026-08-06T05:48:22.085+0000] {logging_mixin.py:190} INFO - [2026-08-06T05:48:22.084+0000] {dag.py:4180} INFO - Setting next_dagrun for dataset_alias_example_alias_consumer_with_no_taskflow to None, run_after=None
[2026-08-06T05:48:22.091+0000] {logging_mixin.py:190} INFO - [2026-08-06T05:48:22.091+0000] {dag.py:4180} INFO - Setting next_dagrun for dataset_alias_example_alias_producer_with_no_taskflow to None, run_after=None
[2026-08-06T05:48:22.096+0000] {logging_mixin.py:190} INFO - [2026-08-06T05:48:22.095+0000] {dag.py:4180} INFO - Setting next_dagrun for dataset_s3_bucket_consumer_with_no_taskflow to None, run_after=None
[2026-08-06T05:48:22.100+0000] {logging_mixin.py:190} INFO - [2026-08-06T05:48:22.099+0000] {dag.py:4180} INFO - Setting next_dagrun for dataset_s3_bucket_producer_with_no_taskflow to None, run_after=None
[2026-08-06T05:48:22.190+0000] {processor.py:208} INFO - Processing /home/airflow/.local/lib/python3.12/site-packages/airflow/example_dags/example_dataset_alias_with_no_taskflow.py took 1.225 seconds
[2026-08-06T05:48:52.798+0000] {processor.py:186} INFO - Started process (PID=1592) to work on /home/airflow/.local/lib/python3.12/site-packages/airflow/example_dags/example_dataset_alias_with_no_taskflow.py
[2026-08-06T05:48:52.839+0000] {processor.py:914} INFO - Processing file /home/airflow/.local/lib/python3.12/site-packages/airflow/example_dags/example_dataset_alias_with_no_taskflow.py for tasks to queue
[2026-08-06T05:48:52.852+0000] {logging_mixin.py:190} INFO - [2026-08-06T05:48:52.851+0000] {dagbag.py:588} INFO - Filling up the DagBag from /home/airflow/.local/lib/python3.12/site-packages/airflow/example_dags/example_dataset_alias_with_no_taskflow.py
[2026-08-06T05:48:54.237+0000] {processor.py:925} INFO - DAG(s) 'dataset_s3_bucket_producer_with_no_taskflow', 'dataset_s3_bucket_consumer_with_no_taskflow', 'dataset_alias_example_alias_consumer_with_no_taskflow', 'dataset_alias_example_alias_producer_with_no_taskflow' retrieved from /home/airflow/.local/lib/python3.12/site-packages/airflow/example_dags/example_dataset_alias_with_no_taskflow.py
[2026-08-06T05:48:54.272+0000] {logging_mixin.py:190} INFO - [2026-08-06T05:48:54.271+0000] {dag.py:3239} INFO - Sync 4 DAGs
[2026-08-06T05:48:54.304+0000] {logging_mixin.py:190} INFO - [2026-08-06T05:48:54.304+0000] {dag.py:4180} INFO - Setting next_dagrun for dataset_alias_example_alias_consumer_with_no_taskflow to None, run_after=None
[2026-08-06T05:48:54.309+0000] {logging_mixin.py:190} INFO - [2026-08-06T05:48:54.309+0000] {dag.py:4180} INFO - Setting next_dagrun for dataset_alias_example_alias_producer_with_no_taskflow to None, run_after=None
[2026-08-06T05:48:54.311+0000] {logging_mixin.py:190} INFO - [2026-08-06T05:48:54.311+0000] {dag.py:4180} INFO - Setting next_dagrun for dataset_s3_bucket_consumer_with_no_taskflow to None, run_after=None
[2026-08-06T05:48:54.314+0000] {logging_mixin.py:190} INFO - [2026-08-06T05:48:54.314+0000] {dag.py:4180} INFO - Setting next_dagrun for dataset_s3_bucket_producer_with_no_taskflow to None, run_after=None
[2026-08-06T05:48:54.347+0000] {processor.py:208} INFO - Processing /home/airflow/.local/lib/python3.12/site-packages/airflow/example_dags/example_dataset_alias_with_no_taskflow.py took 1.557 seconds
[2026-08-06T05:49:24.558+0000] {processor.py:186} INFO - Started process (PID=1669) to work on /home/airflow/.local/lib/python3.12/site-packages/airflow/example_dags/example_dataset_alias_with_no_taskflow.py
[2026-08-06T05:49:24.561+0000] {processor.py:914} INFO - Processing file /home/airflow/.local/lib/python3.12/site-packages/airflow/example_dags/example_dataset_alias_with_no_taskflow.py for tasks to queue
[2026-08-06T05:49:24.567+0000] {logging_mixin.py:190} INFO - [2026-08-06T05:49:24.566+0000] {dagbag.py:588} INFO - Filling up the DagBag from /home/airflow/.local/lib/python3.12/site-packages/airflow/example_dags/example_dataset_alias_with_no_taskflow.py
[2026-08-06T05:49:25.425+0000] {processor.py:925} INFO - DAG(s) 'dataset_s3_bucket_consumer_with_no_taskflow', 'dataset_alias_example_alias_producer_with_no_taskflow', 'dataset_s3_bucket_producer_with_no_taskflow', 'dataset_alias_example_alias_consumer_with_no_taskflow' retrieved from /home/airflow/.local/lib/python3.12/site-packages/airflow/example_dags/example_dataset_alias_with_no_taskflow.py
[2026-08-06T05:49:25.476+0000] {logging_mixin.py:190} INFO - [2026-08-06T05:49:25.476+0000] {dag.py:3239} INFO - Sync 4 DAGs
[2026-08-06T05:49:25.502+0000] {logging_mixin.py:190} INFO - [2026-08-06T05:49:25.502+0000] {dag.py:4180} INFO - Setting next_dagrun for dataset_alias_example_alias_consumer_with_no_taskflow to None, run_after=None
[2026-08-06T05:49:25.506+0000] {logging_mixin.py:190} INFO - [2026-08-06T05:49:25.505+0000] {dag.py:4180} INFO - Setting next_dagrun for dataset_alias_example_alias_producer_with_no_taskflow to None, run_after=None
[2026-08-06T05:49:25.511+0000] {logging_mixin.py:190} INFO - [2026-08-06T05:49:25.510+0000] {dag.py:4180} INFO - Setting next_dagrun for dataset_s3_bucket_consumer_with_no_taskflow to None, run_after=None
[2026-08-06T05:49:25.514+0000] {logging_mixin.py:190} INFO - [2026-08-06T05:49:25.514+0000] {dag.py:4180} INFO - Setting next_dagrun for dataset_s3_bucket_producer_with_no_taskflow to None, run_after=None
[2026-08-06T05:49:25.579+0000] {processor.py:208} INFO - Processing /home/airflow/.local/lib/python3.12/site-packages/airflow/example_dags/example_dataset_alias_with_no_taskflow.py took 1.033 seconds
[2026-08-06T05:49:56.098+0000] {processor.py:186} INFO - Started process (PID=1733) to work on /home/airflow/.local/lib/python3.12/site-packages/airflow/example_dags/example_dataset_alias_with_no_taskflow.py
[2026-08-06T05:49:56.100+0000] {processor.py:914} INFO - Processing file /home/airflow/.local/lib/python3.12/site-packages/airflow/example_dags/example_dataset_alias_with_no_taskflow.py for tasks to queue
[2026-08-06T05:49:56.104+0000] {logging_mixin.py:190} INFO - [2026-08-06T05:49:56.103+0000] {dagbag.py:588} INFO - Filling up the DagBag from /home/airflow/.local/lib/python3.12/site-packages/airflow/example_dags/example_dataset_alias_with_no_taskflow.py
[2026-08-06T05:49:57.049+0000] {processor.py:925} INFO - DAG(s) 'dataset_alias_example_alias_consumer_with_no_taskflow', 'dataset_s3_bucket_consumer_with_no_taskflow', 'dataset_s3_bucket_producer_with_no_taskflow', 'dataset_alias_example_alias_producer_with_no_taskflow' retrieved from /home/airflow/.local/lib/python3.12/site-packages/airflow/example_dags/example_dataset_alias_with_no_taskflow.py
[2026-08-06T05:49:57.092+0000] {logging_mixin.py:190} INFO - [2026-08-06T05:49:57.090+0000] {dag.py:3239} INFO - Sync 4 DAGs
[2026-08-06T05:49:57.125+0000] {logging_mixin.py:190} INFO - [2026-08-06T05:49:57.125+0000] {dag.py:4180} INFO - Setting next_dagrun for dataset_alias_example_alias_consumer_with_no_taskflow to None, run_after=None
[2026-08-06T05:49:57.130+0000] {logging_mixin.py:190} INFO - [2026-08-06T05:49:57.130+0000] {dag.py:4180} INFO - Setting next_dagrun for dataset_alias_example_alias_producer_with_no_taskflow to None, run_after=None
[2026-08-06T05:49:57.134+0000] {logging_mixin.py:190} INFO - [2026-08-06T05:49:57.133+0000] {dag.py:4180} INFO - Setting next_dagrun for dataset_s3_bucket_consumer_with_no_taskflow to None, run_after=None
[2026-08-06T05:49:57.136+0000] {logging_mixin.py:190} INFO - [2026-08-06T05:49:57.136+0000] {dag.py:4180} INFO - Setting next_dagrun for dataset_s3_bucket_producer_with_no_taskflow to None, run_after=None
[2026-08-06T05:49:57.199+0000] {processor.py:208} INFO - Processing /home/airflow/.local/lib/python3.12/site-packages/airflow/example_dags/example_dataset_alias_with_no_taskflow.py took 1.111 seconds
[2026-08-06T05:50:27.813+0000] {processor.py:186} INFO - Started process (PID=1797) to work on /home/airflow/.local/lib/python3.12/site-packages/airflow/example_dags/example_dataset_alias_with_no_taskflow.py
[2026-08-06T05:50:27.816+0000] {processor.py:914} INFO - Processing file /home/airflow/.local/lib/python3.12/site-packages/airflow/example_dags/example_dataset_alias_with_no_taskflow.py for tasks to queue
[2026-08-06T05:50:27.822+0000] {logging_mixin.py:190} INFO - [2026-08-06T05:50:27.821+0000] {dagbag.py:588} INFO - Filling up the DagBag from /home/airflow/.local/lib/python3.12/site-packages/airflow/example_dags/example_dataset_alias_with_no_taskflow.py
[2026-08-06T05:50:28.626+0000] {processor.py:925} INFO - DAG(s) 'dataset_alias_example_alias_consumer_with_no_taskflow', 'dataset_s3_bucket_consumer_with_no_taskflow', 'dataset_s3_bucket_producer_with_no_taskflow', 'dataset_alias_example_alias_producer_with_no_taskflow' retrieved from /home/airflow/.local/lib/python3.12/site-packages/airflow/example_dags/example_dataset_alias_with_no_taskflow.py
[2026-08-06T05:50:28.657+0000] {logging_mixin.py:190} INFO - [2026-08-06T05:50:28.656+0000] {dag.py:3239} INFO - Sync 4 DAGs
[2026-08-06T05:50:28.686+0000] {logging_mixin.py:190} INFO - [2026-08-06T05:50:28.685+0000] {dag.py:4180} INFO - Setting next_dagrun for dataset_alias_example_alias_consumer_with_no_taskflow to None, run_after=None
[2026-08-06T05:50:28.689+0000] {logging_mixin.py:190} INFO - [2026-08-06T05:50:28.688+0000] {dag.py:4180} INFO - Setting next_dagrun for dataset_alias_example_alias_producer_with_no_taskflow to None, run_after=None
[2026-08-06T05:50:28.691+0000] {logging_mixin.py:190} INFO - [2026-08-06T05:50:28.691+0000] {dag.py:4180} INFO - Setting next_dagrun for dataset_s3_bucket_consumer_with_no_taskflow to None, run_after=None
[2026-08-06T05:50:28.693+0000] {logging_mixin.py:190} INFO - [2026-08-06T05:50:28.693+0000] {dag.py:4180} INFO - Setting next_dagrun for dataset_s3_bucket_producer_with_no_taskflow to None, run_after=None
[2026-08-06T05:50:28.722+0000] {processor.py:208} INFO - Processing /home/airflow/.local/lib/python3.12/site-packages/airflow/example_dags/example_dataset_alias_with_no_taskflow.py took 0.928 seconds
[2026-08-06T05:50:59.405+0000] {processor.py:186} INFO - Started process (PID=1861) to work on /home/airflow/.local/lib/python3.12/site-packages/airflow/example_dags/example_dataset_alias_with_no_taskflow.py
[2026-08-06T05:50:59.407+0000] {processor.py:914} INFO - Processing file /home/airflow/.local/lib/python3.12/site-packages/airflow/example_dags/example_dataset_alias_with_no_taskflow.py for tasks to queue
[2026-08-06T05:50:59.411+0000] {logging_mixin.py:190} INFO - [2026-08-06T05:50:59.410+0000] {dagbag.py:588} INFO - Filling up the DagBag from /home/airflow/.local/lib/python3.12/site-packages/airflow/example_dags/example_dataset_alias_with_no_taskflow.py
[2026-08-06T05:51:00.281+0000] {processor.py:925} INFO - DAG(s) 'dataset_s3_bucket_producer_with_no_taskflow', 'dataset_alias_example_alias_producer_with_no_taskflow', 'dataset_s3_bucket_consumer_with_no_taskflow', 'dataset_alias_example_alias_consumer_with_no_taskflow' retrieved from /home/airflow/.local/lib/python3.12/site-packages/airflow/example_dags/example_dataset_alias_with_no_taskflow.py
[2026-08-06T05:51:00.308+0000] {logging_mixin.py:190} INFO - [2026-08-06T05:51:00.307+0000] {dag.py:3239} INFO - Sync 4 DAGs
[2026-08-06T05:51:00.339+0000] {logging_mixin.py:190} INFO - [2026-08-06T05:51:00.339+0000] {dag.py:4180} INFO - Setting next_dagrun for dataset_alias_example_alias_consumer_with_no_taskflow to None, run_after=None
[2026-08-06T05:51:00.345+0000] {logging_mixin.py:190} INFO - [2026-08-06T05:51:00.344+0000] {dag.py:4180} INFO - Setting next_dagrun for dataset_alias_example_alias_producer_with_no_taskflow to None, run_after=None
[2026-08-06T05:51:00.354+0000] {logging_mixin.py:190} INFO - [2026-08-06T05:51:00.353+0000] {dag.py:4180} INFO - Setting next_dagrun for dataset_s3_bucket_consumer_with_no_taskflow to None, run_after=None
[2026-08-06T05:51:00.359+0000] {logging_mixin.py:190} INFO - [2026-08-06T05:51:00.359+0000] {dag.py:4180} INFO - Setting next_dagrun for dataset_s3_bucket_producer_with_no_taskflow to None, run_after=None
[2026-08-06T05:51:00.392+0000] {processor.py:208} INFO - Processing /home/airflow/.local/lib/python3.12/site-packages/airflow/example_dags/example_dataset_alias_with_no_taskflow.py took 0.995 seconds
[2026-08-06T05:51:30.607+0000] {processor.py:186} INFO - Started process (PID=1925) to work on /home/airflow/.local/lib/python3.12/site-packages/airflow/example_dags/example_dataset_alias_with_no_taskflow.py
[2026-08-06T05:51:30.609+0000] {processor.py:914} INFO - Processing file /home/airflow/.local/lib/python3.12/site-packages/airflow/example_dags/example_dataset_alias_with_no_taskflow.py for tasks to queue
[2026-08-06T05:51:30.614+0000] {logging_mixin.py:190} INFO - [2026-08-06T05:51:30.614+0000] {dagbag.py:588} INFO - Filling up the DagBag from /home/airflow/.local/lib/python3.12/site-packages/airflow/example_dags/example_dataset_alias_with_no_taskflow.py
[2026-08-06T05:51:31.664+0000] {processor.py:925} INFO - DAG(s) 'dataset_alias_example_alias_producer_with_no_taskflow', 'dataset_s3_bucket_consumer_with_no_taskflow', 'dataset_s3_bucket_producer_with_no_taskflow', 'dataset_alias_example_alias_consumer_with_no_taskflow' retrieved from /home/airflow/.local/lib/python3.12/site-packages/airflow/example_dags/example_dataset_alias_with_no_taskflow.py
[2026-08-06T05:51:31.708+0000] {logging_mixin.py:190} INFO - [2026-08-06T05:51:31.707+0000] {dag.py:3239} INFO - Sync 4 DAGs
[2026-08-06T05:51:31.740+0000] {logging_mixin.py:190} INFO - [2026-08-06T05:51:31.740+0000] {dag.py:4180} INFO - Setting next_dagrun for dataset_alias_example_alias_consumer_with_no_taskflow to None, run_after=None
[2026-08-06T05:51:31.746+0000] {logging_mixin.py:190} INFO - [2026-08-06T05:51:31.745+0000] {dag.py:4180} INFO - Setting next_dagrun for dataset_alias_example_alias_producer_with_no_taskflow to None, run_after=None
[2026-08-06T05:51:31.759+0000] {logging_mixin.py:190} INFO - [2026-08-06T05:51:31.759+0000] {dag.py:4180} INFO - Setting next_dagrun for dataset_s3_bucket_consumer_with_no_taskflow to None, run_after=None
[2026-08-06T05:51:31.769+0000] {logging_mixin.py:190} INFO - [2026-08-06T05:51:31.769+0000] {dag.py:4180} INFO - Setting next_dagrun for dataset_s3_bucket_producer_with_no_taskflow to None, run_after=None
[2026-08-06T05:51:31.831+0000] {processor.py:208} INFO - Processing /home/airflow/.local/lib/python3.12/site-packages/airflow/example_dags/example_dataset_alias_with_no_taskflow.py took 1.234 seconds
[2026-08-06T05:52:02.071+0000] {processor.py:186} INFO - Started process (PID=1989) to work on /home/airflow/.local/lib/python3.12/site-packages/airflow/example_dags/example_dataset_alias_with_no_taskflow.py
[2026-08-06T05:52:02.077+0000] {processor.py:914} INFO - Processing file /home/airflow/.local/lib/python3.12/site-packages/airflow/example_dags/example_dataset_alias_with_no_taskflow.py for tasks to queue
[2026-08-06T05:52:02.088+0000] {logging_mixin.py:190} INFO - [2026-08-06T05:52:02.086+0000] {dagbag.py:588} INFO - Filling up the DagBag from /home/airflow/.local/lib/python3.12/site-packages/airflow/example_dags/example_dataset_alias_with_no_taskflow.py
[2026-08-06T05:52:03.074+0000] {processor.py:925} INFO - DAG(s) 'dataset_s3_bucket_producer_with_no_taskflow', 'dataset_alias_example_alias_consumer_with_no_taskflow', 'dataset_s3_bucket_consumer_with_no_taskflow', 'dataset_alias_example_alias_producer_with_no_taskflow' retrieved from /home/airflow/.local/lib/python3.12/site-packages/airflow/example_dags/example_dataset_alias_with_no_taskflow.py
[2026-08-06T05:52:03.123+0000] {logging_mixin.py:190} INFO - [2026-08-06T05:52:03.121+0000] {dag.py:3239} INFO - Sync 4 DAGs
[2026-08-06T05:52:03.180+0000] {logging_mixin.py:190} INFO - [2026-08-06T05:52:03.180+0000] {dag.py:4180} INFO - Setting next_dagrun for dataset_alias_example_alias_consumer_with_no_taskflow to None, run_after=None
[2026-08-06T05:52:03.197+0000] {logging_mixin.py:190} INFO - [2026-08-06T05:52:03.197+0000] {dag.py:4180} INFO - Setting next_dagrun for dataset_alias_example_alias_producer_with_no_taskflow to None, run_after=None
[2026-08-06T05:52:03.201+0000] {logging_mixin.py:190} INFO - [2026-08-06T05:52:03.201+0000] {dag.py:4180} INFO - Setting next_dagrun for dataset_s3_bucket_consumer_with_no_taskflow to None, run_after=None
[2026-08-06T05:52:03.210+0000] {logging_mixin.py:190} INFO - [2026-08-06T05:52:03.209+0000] {dag.py:4180} INFO - Setting next_dagrun for dataset_s3_bucket_producer_with_no_taskflow to None, run_after=None
[2026-08-06T05:52:03.252+0000] {processor.py:208} INFO - Processing /home/airflow/.local/lib/python3.12/site-packages/airflow/example_dags/example_dataset_alias_with_no_taskflow.py took 1.208 seconds
[2026-08-06T05:52:33.653+0000] {processor.py:186} INFO - Started process (PID=2053) to work on /home/airflow/.local/lib/python3.12/site-packages/airflow/example_dags/example_dataset_alias_with_no_taskflow.py
[2026-08-06T05:52:33.656+0000] {processor.py:914} INFO - Processing file /home/airflow/.local/lib/python3.12/site-packages/airflow/example_dags/example_dataset_alias_with_no_taskflow.py for tasks to queue
[2026-08-06T05:52:33.660+0000] {logging_mixin.py:190} INFO - [2026-08-06T05:52:33.659+0000] {dagbag.py:588} INFO - Filling up the DagBag from /home/airflow/.local/lib/python3.12/site-packages/airflow/example_dags/example_dataset_alias_with_no_taskflow.py
[2026-08-06T05:52:34.948+0000] {processor.py:925} INFO - DAG(s) 'dataset_s3_bucket_consumer_with_no_taskflow', 'dataset_alias_example_alias_consumer_with_no_taskflow', 'dataset_alias_example_alias_producer_with_no_taskflow', 'dataset_s3_bucket_producer_with_no_taskflow' retrieved from /home/airflow/.local/lib/python3.12/site-packages/airflow/example_dags/example_dataset_alias_with_no_taskflow.py
[2026-08-06T05:52:34.985+0000] {logging_mixin.py:190} INFO - [2026-08-06T05:52:34.984+0000] {dag.py:3239} INFO - Sync 4 DAGs
[2026-08-06T05:52:35.026+0000] {logging_mixin.py:190} INFO - [2026-08-06T05:52:35.025+0000] {dag.py:4180} INFO - Setting next_dagrun for dataset_alias_example_alias_consumer_with_no_taskflow to None, run_after=None
[2026-08-06T05:52:35.032+0000] {logging_mixin.py:190} INFO - [2026-08-06T05:52:35.032+0000] {dag.py:4180} INFO - Setting next_dagrun for dataset_alias_example_alias_producer_with_no_taskflow to None, run_after=None
[2026-08-06T05:52:35.037+0000] {logging_mixin.py:190} INFO - [2026-08-06T05:52:35.036+0000] {dag.py:4180} INFO - Setting next_dagrun for dataset_s3_bucket_consumer_with_no_taskflow to None, run_after=None
[2026-08-06T05:52:35.040+0000] {logging_mixin.py:190} INFO - [2026-08-06T05:52:35.040+0000] {dag.py:4180} INFO - Setting next_dagrun for dataset_s3_bucket_producer_with_no_taskflow to None, run_after=None
[2026-08-06T05:52:35.113+0000] {processor.py:208} INFO - Processing /home/airflow/.local/lib/python3.12/site-packages/airflow/example_dags/example_dataset_alias_with_no_taskflow.py took 1.473 seconds
[2026-08-06T05:53:05.519+0000] {processor.py:186} INFO - Started process (PID=2117) to work on /home/airflow/.local/lib/python3.12/site-packages/airflow/example_dags/example_dataset_alias_with_no_taskflow.py
[2026-08-06T05:53:05.530+0000] {processor.py:914} INFO - Processing file /home/airflow/.local/lib/python3.12/site-packages/airflow/example_dags/example_dataset_alias_with_no_taskflow.py for tasks to queue
[2026-08-06T05:53:05.542+0000] {logging_mixin.py:190} INFO - [2026-08-06T05:53:05.542+0000] {dagbag.py:588} INFO - Filling up the DagBag from /home/airflow/.local/lib/python3.12/site-packages/airflow/example_dags/example_dataset_alias_with_no_taskflow.py
[2026-08-06T05:53:06.513+0000] {processor.py:925} INFO - DAG(s) 'dataset_s3_bucket_producer_with_no_taskflow', 'dataset_alias_example_alias_consumer_with_no_taskflow', 'dataset_s3_bucket_consumer_with_no_taskflow', 'dataset_alias_example_alias_producer_with_no_taskflow' retrieved from /home/airflow/.local/lib/python3.12/site-packages/airflow/example_dags/example_dataset_alias_with_no_taskflow.py
[2026-08-06T05:53:06.551+0000] {logging_mixin.py:190} INFO - [2026-08-06T05:53:06.550+0000] {dag.py:3239} INFO - Sync 4 DAGs
[2026-08-06T05:53:06.593+0000] {logging_mixin.py:190} INFO - [2026-08-06T05:53:06.592+0000] {dag.py:4180} INFO - Setting next_dagrun for dataset_alias_example_alias_consumer_with_no_taskflow to None, run_after=None
[2026-08-06T05:53:06.604+0000] {logging_mixin.py:190} INFO - [2026-08-06T05:53:06.604+0000] {dag.py:4180} INFO - Setting next_dagrun for dataset_alias_example_alias_producer_with_no_taskflow to None, run_after=None
[2026-08-06T05:53:06.610+0000] {logging_mixin.py:190} INFO - [2026-08-06T05:53:06.610+0000] {dag.py:4180} INFO - Setting next_dagrun for dataset_s3_bucket_consumer_with_no_taskflow to None, run_after=None
[2026-08-06T05:53:06.619+0000] {logging_mixin.py:190} INFO - [2026-08-06T05:53:06.618+0000] {dag.py:4180} INFO - Setting next_dagrun for dataset_s3_bucket_producer_with_no_taskflow to None, run_after=None
[2026-08-06T05:53:06.690+0000] {processor.py:208} INFO - Processing /home/airflow/.local/lib/python3.12/site-packages/airflow/example_dags/example_dataset_alias_with_no_taskflow.py took 1.180 seconds
[2026-08-06T05:53:37.159+0000] {processor.py:186} INFO - Started process (PID=2181) to work on /home/airflow/.local/lib/python3.12/site-packages/airflow/example_dags/example_dataset_alias_with_no_taskflow.py
[2026-08-06T05:53:37.161+0000] {processor.py:914} INFO - Processing file /home/airflow/.local/lib/python3.12/site-packages/airflow/example_dags/example_dataset_alias_with_no_taskflow.py for tasks to queue
[2026-08-06T05:53:37.168+0000] {logging_mixin.py:190} INFO - [2026-08-06T05:53:37.167+0000] {dagbag.py:588} INFO - Filling up the DagBag from /home/airflow/.local/lib/python3.12/site-packages/airflow/example_dags/example_dataset_alias_with_no_taskflow.py
[2026-08-06T05:53:38.212+0000] {processor.py:925} INFO - DAG(s) 'dataset_alias_example_alias_producer_with_no_taskflow', 'dataset_s3_bucket_producer_with_no_taskflow', 'dataset_alias_example_alias_consumer_with_no_taskflow', 'dataset_s3_bucket_consumer_with_no_taskflow' retrieved from /home/airflow/.local/lib/python3.12/site-packages/airflow/example_dags/example_dataset_alias_with_no_taskflow.py
[2026-08-06T05:53:38.258+0000] {logging_mixin.py:190} INFO - [2026-08-06T05:53:38.256+0000] {dag.py:3239} INFO - Sync 4 DAGs
[2026-08-06T05:53:38.299+0000] {logging_mixin.py:190} INFO - [2026-08-06T05:53:38.299+0000] {dag.py:4180} INFO - Setting next_dagrun for dataset_alias_example_alias_consumer_with_no_taskflow to None, run_after=None
[2026-08-06T05:53:38.305+0000] {logging_mixin.py:190} INFO - [2026-08-06T05:53:38.305+0000] {dag.py:4180} INFO - Setting next_dagrun for dataset_alias_example_alias_producer_with_no_taskflow to None, run_after=None
[2026-08-06T05:53:38.308+0000] {logging_mixin.py:190} INFO - [2026-08-06T05:53:38.308+0000] {dag.py:4180} INFO - Setting next_dagrun for dataset_s3_bucket_consumer_with_no_taskflow to None, run_after=None
[2026-08-06T05:53:38.310+0000] {logging_mixin.py:190} INFO - [2026-08-06T05:53:38.310+0000] {dag.py:4180} INFO - Setting next_dagrun for dataset_s3_bucket_producer_with_no_taskflow to None, run_after=None
[2026-08-06T05:53:38.348+0000] {processor.py:208} INFO - Processing /home/airflow/.local/lib/python3.12/site-packages/airflow/example_dags/example_dataset_alias_with_no_taskflow.py took 1.199 seconds
[2026-08-06T05:54:09.231+0000] {processor.py:186} INFO - Started process (PID=2254) to work on /home/airflow/.local/lib/python3.12/site-packages/airflow/example_dags/example_dataset_alias_with_no_taskflow.py
[2026-08-06T05:54:09.234+0000] {processor.py:914} INFO - Processing file /home/airflow/.local/lib/python3.12/site-packages/airflow/example_dags/example_dataset_alias_with_no_taskflow.py for tasks to queue
[2026-08-06T05:54:09.240+0000] {logging_mixin.py:190} INFO - [2026-08-06T05:54:09.239+0000] {dagbag.py:588} INFO - Filling up the DagBag from /home/airflow/.local/lib/python3.12/site-packages/airflow/example_dags/example_dataset_alias_with_no_taskflow.py
[2026-08-06T05:54:10.240+0000] {processor.py:925} INFO - DAG(s) 'dataset_s3_bucket_producer_with_no_taskflow', 'dataset_alias_example_alias_consumer_with_no_taskflow', 'dataset_s3_bucket_consumer_with_no_taskflow', 'dataset_alias_example_alias_producer_with_no_taskflow' retrieved from /home/airflow/.local/lib/python3.12/site-packages/airflow/example_dags/example_dataset_alias_with_no_taskflow.py
[2026-08-06T05:54:10.278+0000] {logging_mixin.py:190} INFO - [2026-08-06T05:54:10.277+0000] {dag.py:3239} INFO - Sync 4 DAGs
[2026-08-06T05:54:10.307+0000] {logging_mixin.py:190} INFO - [2026-08-06T05:54:10.307+0000] {dag.py:4180} INFO - Setting next_dagrun for dataset_alias_example_alias_consumer_with_no_taskflow to None, run_after=None
[2026-08-06T05:54:10.313+0000] {logging_mixin.py:190} INFO - [2026-08-06T05:54:10.312+0000] {dag.py:4180} INFO - Setting next_dagrun for dataset_alias_example_alias_producer_with_no_taskflow to None, run_after=None
[2026-08-06T05:54:10.315+0000] {logging_mixin.py:190} INFO - [2026-08-06T05:54:10.315+0000] {dag.py:4180} INFO - Setting next_dagrun for dataset_s3_bucket_consumer_with_no_taskflow to None, run_after=None
[2026-08-06T05:54:10.318+0000] {logging_mixin.py:190} INFO - [2026-08-06T05:54:10.318+0000] {dag.py:4180} INFO - Setting next_dagrun for dataset_s3_bucket_producer_with_no_taskflow to None, run_after=None
[2026-08-06T05:54:10.389+0000] {processor.py:208} INFO - Processing /home/airflow/.local/lib/python3.12/site-packages/airflow/example_dags/example_dataset_alias_with_no_taskflow.py took 1.170 seconds
[2026-08-06T05:54:41.192+0000] {processor.py:186} INFO - Started process (PID=2318) to work on /home/airflow/.local/lib/python3.12/site-packages/airflow/example_dags/example_dataset_alias_with_no_taskflow.py
[2026-08-06T05:54:41.197+0000] {processor.py:914} INFO - Processing file /home/airflow/.local/lib/python3.12/site-packages/airflow/example_dags/example_dataset_alias_with_no_taskflow.py for tasks to queue
[2026-08-06T05:54:41.203+0000] {logging_mixin.py:190} INFO - [2026-08-06T05:54:41.202+0000] {dagbag.py:588} INFO - Filling up the DagBag from /home/airflow/.local/lib/python3.12/site-packages/airflow/example_dags/example_dataset_alias_with_no_taskflow.py
[2026-08-06T05:54:42.231+0000] {processor.py:925} INFO - DAG(s) 'dataset_s3_bucket_producer_with_no_taskflow', 'dataset_alias_example_alias_producer_with_no_taskflow', 'dataset_s3_bucket_consumer_with_no_taskflow', 'dataset_alias_example_alias_consumer_with_no_taskflow' retrieved from /home/airflow/.local/lib/python3.12/site-packages/airflow/example_dags/example_dataset_alias_with_no_taskflow.py
[2026-08-06T05:54:42.264+0000] {logging_mixin.py:190} INFO - [2026-08-06T05:54:42.263+0000] {dag.py:3239} INFO - Sync 4 DAGs
[2026-08-06T05:54:42.297+0000] {logging_mixin.py:190} INFO - [2026-08-06T05:54:42.296+0000] {dag.py:4180} INFO - Setting next_dagrun for dataset_alias_example_alias_consumer_with_no_taskflow to None, run_after=None
[2026-08-06T05:54:42.302+0000] {logging_mixin.py:190} INFO - [2026-08-06T05:54:42.302+0000] {dag.py:4180} INFO - Setting next_dagrun for dataset_alias_example_alias_producer_with_no_taskflow to None, run_after=None
[2026-08-06T05:54:42.305+0000] {logging_mixin.py:190} INFO - [2026-08-06T05:54:42.304+0000] {dag.py:4180} INFO - Setting next_dagrun for dataset_s3_bucket_consumer_with_no_taskflow to None, run_after=None
[2026-08-06T05:54:42.307+0000] {logging_mixin.py:190} INFO - [2026-08-06T05:54:42.307+0000] {dag.py:4180} INFO - Setting next_dagrun for dataset_s3_bucket_producer_with_no_taskflow to None, run_after=None
[2026-08-06T05:54:42.373+0000] {processor.py:208} INFO - Processing /home/airflow/.local/lib/python3.12/site-packages/airflow/example_dags/example_dataset_alias_with_no_taskflow.py took 1.191 seconds
[2026-08-06T05:55:13.320+0000] {processor.py:186} INFO - Started process (PID=2383) to work on /home/airflow/.local/lib/python3.12/site-packages/airflow/example_dags/example_dataset_alias_with_no_taskflow.py
[2026-08-06T05:55:13.322+0000] {processor.py:914} INFO - Processing file /home/airflow/.local/lib/python3.12/site-packages/airflow/example_dags/example_dataset_alias_with_no_taskflow.py for tasks to queue
[2026-08-06T05:55:13.328+0000] {logging_mixin.py:190} INFO - [2026-08-06T05:55:13.328+0000] {dagbag.py:588} INFO - Filling up the DagBag from /home/airflow/.local/lib/python3.12/site-packages/airflow/example_dags/example_dataset_alias_with_no_taskflow.py
[2026-08-06T05:55:14.373+0000] {processor.py:925} INFO - DAG(s) 'dataset_alias_example_alias_consumer_with_no_taskflow', 'dataset_s3_bucket_producer_with_no_taskflow', 'dataset_alias_example_alias_producer_with_no_taskflow', 'dataset_s3_bucket_consumer_with_no_taskflow' retrieved from /home/airflow/.local/lib/python3.12/site-packages/airflow/example_dags/example_dataset_alias_with_no_taskflow.py
[2026-08-06T05:55:14.413+0000] {logging_mixin.py:190} INFO - [2026-08-06T05:55:14.412+0000] {dag.py:3239} INFO - Sync 4 DAGs
[2026-08-06T05:55:14.448+0000] {logging_mixin.py:190} INFO - [2026-08-06T05:55:14.448+0000] {dag.py:4180} INFO - Setting next_dagrun for dataset_alias_example_alias_consumer_with_no_taskflow to None, run_after=None
[2026-08-06T05:55:14.466+0000] {logging_mixin.py:190} INFO - [2026-08-06T05:55:14.466+0000] {dag.py:4180} INFO - Setting next_dagrun for dataset_alias_example_alias_producer_with_no_taskflow to None, run_after=None
[2026-08-06T05:55:14.470+0000] {logging_mixin.py:190} INFO - [2026-08-06T05:55:14.469+0000] {dag.py:4180} INFO - Setting next_dagrun for dataset_s3_bucket_consumer_with_no_taskflow to None, run_after=None
[2026-08-06T05:55:14.472+0000] {logging_mixin.py:190} INFO - [2026-08-06T05:55:14.472+0000] {dag.py:4180} INFO - Setting next_dagrun for dataset_s3_bucket_producer_with_no_taskflow to None, run_after=None
[2026-08-06T05:55:14.557+0000] {processor.py:208} INFO - Processing /home/airflow/.local/lib/python3.12/site-packages/airflow/example_dags/example_dataset_alias_with_no_taskflow.py took 1.248 seconds
[2026-08-06T05:55:44.932+0000] {processor.py:186} INFO - Started process (PID=2448) to work on /home/airflow/.local/lib/python3.12/site-packages/airflow/example_dags/example_dataset_alias_with_no_taskflow.py
[2026-08-06T05:55:44.933+0000] {processor.py:914} INFO - Processing file /home/airflow/.local/lib/python3.12/site-packages/airflow/example_dags/example_dataset_alias_with_no_taskflow.py for tasks to queue
[2026-08-06T05:55:44.936+0000] {logging_mixin.py:190} INFO - [2026-08-06T05:55:44.936+0000] {dagbag.py:588} INFO - Filling up the DagBag from /home/airflow/.local/lib/python3.12/site-packages/airflow/example_dags/example_dataset_alias_with_no_taskflow.py
[2026-08-06T05:55:45.768+0000] {processor.py:925} INFO - DAG(s) 'dataset_alias_example_alias_consumer_with_no_taskflow', 'dataset_alias_example_alias_producer_with_no_taskflow', 'dataset_s3_bucket_producer_with_no_taskflow', 'dataset_s3_bucket_consumer_with_no_taskflow' retrieved from /home/airflow/.local/lib/python3.12/site-packages/airflow/example_dags/example_dataset_alias_with_no_taskflow.py
[2026-08-06T05:55:45.817+0000] {logging_mixin.py:190} INFO - [2026-08-06T05:55:45.816+0000] {dag.py:3239} INFO - Sync 4 DAGs
[2026-08-06T05:55:45.850+0000] {logging_mixin.py:190} INFO - [2026-08-06T05:55:45.850+0000] {dag.py:4180} INFO - Setting next_dagrun for dataset_alias_example_alias_consumer_with_no_taskflow to None, run_after=None
[2026-08-06T05:55:45.855+0000] {logging_mixin.py:190} INFO - [2026-08-06T05:55:45.855+0000] {dag.py:4180} INFO - Setting next_dagrun for dataset_alias_example_alias_producer_with_no_taskflow to None, run_after=None
[2026-08-06T05:55:45.859+0000] {logging_mixin.py:190} INFO - [2026-08-06T05:55:45.859+0000] {dag.py:4180} INFO - Setting next_dagrun for dataset_s3_bucket_consumer_with_no_taskflow to None, run_after=None
[2026-08-06T05:55:45.862+0000] {logging_mixin.py:190} INFO - [2026-08-06T05:55:45.862+0000] {dag.py:4180} INFO - Setting next_dagrun for dataset_s3_bucket_producer_with_no_taskflow to None, run_after=None
[2026-08-06T05:55:45.910+0000] {processor.py:208} INFO - Processing /home/airflow/.local/lib/python3.12/site-packages/airflow/example_dags/example_dataset_alias_with_no_taskflow.py took 0.987 seconds
[2026-08-06T05:56:19.348+0000] {processor.py:186} INFO - Started process (PID=2514) to work on /home/airflow/.local/lib/python3.12/site-packages/airflow/example_dags/example_dataset_alias_with_no_taskflow.py
[2026-08-06T05:56:19.351+0000] {processor.py:914} INFO - Processing file /home/airflow/.local/lib/python3.12/site-packages/airflow/example_dags/example_dataset_alias_with_no_taskflow.py for tasks to queue
[2026-08-06T05:56:19.363+0000] {logging_mixin.py:190} INFO - [2026-08-06T05:56:19.362+0000] {dagbag.py:588} INFO - Filling up the DagBag from /home/airflow/.local/lib/python3.12/site-packages/airflow/example_dags/example_dataset_alias_with_no_taskflow.py
[2026-08-06T05:56:20.545+0000] {processor.py:925} INFO - DAG(s) 'dataset_s3_bucket_producer_with_no_taskflow', 'dataset_alias_example_alias_producer_with_no_taskflow', 'dataset_alias_example_alias_consumer_with_no_taskflow', 'dataset_s3_bucket_consumer_with_no_taskflow' retrieved from /home/airflow/.local/lib/python3.12/site-packages/airflow/example_dags/example_dataset_alias_with_no_taskflow.py
[2026-08-06T05:56:20.614+0000] {logging_mixin.py:190} INFO - [2026-08-06T05:56:20.612+0000] {dag.py:3239} INFO - Sync 4 DAGs
[2026-08-06T05:56:20.672+0000] {logging_mixin.py:190} INFO - [2026-08-06T05:56:20.671+0000] {dag.py:4180} INFO - Setting next_dagrun for dataset_alias_example_alias_consumer_with_no_taskflow to None, run_after=None
[2026-08-06T05:56:20.708+0000] {logging_mixin.py:190} INFO - [2026-08-06T05:56:20.707+0000] {dag.py:4180} INFO - Setting next_dagrun for dataset_alias_example_alias_producer_with_no_taskflow to None, run_after=None
[2026-08-06T05:56:20.717+0000] {logging_mixin.py:190} INFO - [2026-08-06T05:56:20.716+0000] {dag.py:4180} INFO - Setting next_dagrun for dataset_s3_bucket_consumer_with_no_taskflow to None, run_after=None
[2026-08-06T05:56:20.722+0000] {logging_mixin.py:190} INFO - [2026-08-06T05:56:20.722+0000] {dag.py:4180} INFO - Setting next_dagrun for dataset_s3_bucket_producer_with_no_taskflow to None, run_after=None
[2026-08-06T05:56:20.859+0000] {processor.py:208} INFO - Processing /home/airflow/.local/lib/python3.12/site-packages/airflow/example_dags/example_dataset_alias_with_no_taskflow.py took 1.528 seconds
[2026-08-06T05:56:51.917+0000] {processor.py:186} INFO - Started process (PID=2582) to work on /home/airflow/.local/lib/python3.12/site-packages/airflow/example_dags/example_dataset_alias_with_no_taskflow.py
[2026-08-06T05:56:51.921+0000] {processor.py:914} INFO - Processing file /home/airflow/.local/lib/python3.12/site-packages/airflow/example_dags/example_dataset_alias_with_no_taskflow.py for tasks to queue
[2026-08-06T05:56:51.927+0000] {logging_mixin.py:190} INFO - [2026-08-06T05:56:51.926+0000] {dagbag.py:588} INFO - Filling up the DagBag from /home/airflow/.local/lib/python3.12/site-packages/airflow/example_dags/example_dataset_alias_with_no_taskflow.py
[2026-08-06T05:56:53.023+0000] {processor.py:925} INFO - DAG(s) 'dataset_alias_example_alias_consumer_with_no_taskflow', 'dataset_alias_example_alias_producer_with_no_taskflow', 'dataset_s3_bucket_producer_with_no_taskflow', 'dataset_s3_bucket_consumer_with_no_taskflow' retrieved from /home/airflow/.local/lib/python3.12/site-packages/airflow/example_dags/example_dataset_alias_with_no_taskflow.py
[2026-08-06T05:56:53.081+0000] {logging_mixin.py:190} INFO - [2026-08-06T05:56:53.079+0000] {dag.py:3239} INFO - Sync 4 DAGs
[2026-08-06T05:56:53.125+0000] {logging_mixin.py:190} INFO - [2026-08-06T05:56:53.124+0000] {dag.py:4180} INFO - Setting next_dagrun for dataset_alias_example_alias_consumer_with_no_taskflow to None, run_after=None
[2026-08-06T05:56:53.136+0000] {logging_mixin.py:190} INFO - [2026-08-06T05:56:53.135+0000] {dag.py:4180} INFO - Setting next_dagrun for dataset_alias_example_alias_producer_with_no_taskflow to None, run_after=None
[2026-08-06T05:56:53.144+0000] {logging_mixin.py:190} INFO - [2026-08-06T05:56:53.143+0000] {dag.py:4180} INFO - Setting next_dagrun for dataset_s3_bucket_consumer_with_no_taskflow to None, run_after=None
[2026-08-06T05:56:53.149+0000] {logging_mixin.py:190} INFO - [2026-08-06T05:56:53.148+0000] {dag.py:4180} INFO - Setting next_dagrun for dataset_s3_bucket_producer_with_no_taskflow to None, run_after=None
[2026-08-06T05:56:53.200+0000] {processor.py:208} INFO - Processing /home/airflow/.local/lib/python3.12/site-packages/airflow/example_dags/example_dataset_alias_with_no_taskflow.py took 1.292 seconds
[2026-08-06T05:57:23.704+0000] {processor.py:186} INFO - Started process (PID=2648) to work on /home/airflow/.local/lib/python3.12/site-packages/airflow/example_dags/example_dataset_alias_with_no_taskflow.py
[2026-08-06T05:57:23.706+0000] {processor.py:914} INFO - Processing file /home/airflow/.local/lib/python3.12/site-packages/airflow/example_dags/example_dataset_alias_with_no_taskflow.py for tasks to queue
[2026-08-06T05:57:23.709+0000] {logging_mixin.py:190} INFO - [2026-08-06T05:57:23.709+0000] {dagbag.py:588} INFO - Filling up the DagBag from /home/airflow/.local/lib/python3.12/site-packages/airflow/example_dags/example_dataset_alias_with_no_taskflow.py
[2026-08-06T05:57:24.648+0000] {processor.py:925} INFO - DAG(s) 'dataset_alias_example_alias_producer_with_no_taskflow', 'dataset_alias_example_alias_consumer_with_no_taskflow', 'dataset_s3_bucket_producer_with_no_taskflow', 'dataset_s3_bucket_consumer_with_no_taskflow' retrieved from /home/airflow/.local/lib/python3.12/site-packages/airflow/example_dags/example_dataset_alias_with_no_taskflow.py
[2026-08-06T05:57:24.683+0000] {logging_mixin.py:190} INFO - [2026-08-06T05:57:24.682+0000] {dag.py:3239} INFO - Sync 4 DAGs
[2026-08-06T05:57:24.721+0000] {logging_mixin.py:190} INFO - [2026-08-06T05:57:24.721+0000] {dag.py:4180} INFO - Setting next_dagrun for dataset_alias_example_alias_consumer_with_no_taskflow to None, run_after=None
[2026-08-06T05:57:24.725+0000] {logging_mixin.py:190} INFO - [2026-08-06T05:57:24.725+0000] {dag.py:4180} INFO - Setting next_dagrun for dataset_alias_example_alias_producer_with_no_taskflow to None, run_after=None
[2026-08-06T05:57:24.728+0000] {logging_mixin.py:190} INFO - [2026-08-06T05:57:24.727+0000] {dag.py:4180} INFO - Setting next_dagrun for dataset_s3_bucket_consumer_with_no_taskflow to None, run_after=None
[2026-08-06T05:57:24.730+0000] {logging_mixin.py:190} INFO - [2026-08-06T05:57:24.730+0000] {dag.py:4180} INFO - Setting next_dagrun for dataset_s3_bucket_producer_with_no_taskflow to None, run_after=None
[2026-08-06T05:57:24.779+0000] {processor.py:208} INFO - Processing /home/airflow/.local/lib/python3.12/site-packages/airflow/example_dags/example_dataset_alias_with_no_taskflow.py took 1.082 seconds
[2026-08-06T05:57:59.780+0000] {processor.py:186} INFO - Started process (PID=2743) to work on /home/airflow/.local/lib/python3.12/site-packages/airflow/example_dags/example_dataset_alias_with_no_taskflow.py
[2026-08-06T05:57:59.782+0000] {processor.py:914} INFO - Processing file /home/airflow/.local/lib/python3.12/site-packages/airflow/example_dags/example_dataset_alias_with_no_taskflow.py for tasks to queue
[2026-08-06T05:57:59.789+0000] {logging_mixin.py:190} INFO - [2026-08-06T05:57:59.788+0000] {dagbag.py:588} INFO - Filling up the DagBag from /home/airflow/.local/lib/python3.12/site-packages/airflow/example_dags/example_dataset_alias_with_no_taskflow.py
[2026-08-06T05:58:02.155+0000] {processor.py:925} INFO - DAG(s) 'dataset_alias_example_alias_consumer_with_no_taskflow', 'dataset_s3_bucket_consumer_with_no_taskflow', 'dataset_alias_example_alias_producer_with_no_taskflow', 'dataset_s3_bucket_producer_with_no_taskflow' retrieved from /home/airflow/.local/lib/python3.12/site-packages/airflow/example_dags/example_dataset_alias_with_no_taskflow.py
[2026-08-06T05:58:02.242+0000] {logging_mixin.py:190} INFO - [2026-08-06T05:58:02.241+0000] {dag.py:3239} INFO - Sync 4 DAGs
[2026-08-06T05:58:02.292+0000] {logging_mixin.py:190} INFO - [2026-08-06T05:58:02.291+0000] {dag.py:4180} INFO - Setting next_dagrun for dataset_alias_example_alias_consumer_with_no_taskflow to None, run_after=None
[2026-08-06T05:58:02.298+0000] {logging_mixin.py:190} INFO - [2026-08-06T05:58:02.298+0000] {dag.py:4180} INFO - Setting next_dagrun for dataset_alias_example_alias_producer_with_no_taskflow to None, run_after=None
[2026-08-06T05:58:02.302+0000] {logging_mixin.py:190} INFO - [2026-08-06T05:58:02.302+0000] {dag.py:4180} INFO - Setting next_dagrun for dataset_s3_bucket_consumer_with_no_taskflow to None, run_after=None
[2026-08-06T05:58:02.306+0000] {logging_mixin.py:190} INFO - [2026-08-06T05:58:02.306+0000] {dag.py:4180} INFO - Setting next_dagrun for dataset_s3_bucket_producer_with_no_taskflow to None, run_after=None
[2026-08-06T05:58:02.356+0000] {processor.py:208} INFO - Processing /home/airflow/.local/lib/python3.12/site-packages/airflow/example_dags/example_dataset_alias_with_no_taskflow.py took 2.587 seconds
[2026-08-06T05:58:33.924+0000] {processor.py:186} INFO - Started process (PID=2810) to work on /home/airflow/.local/lib/python3.12/site-packages/airflow/example_dags/example_dataset_alias_with_no_taskflow.py
[2026-08-06T05:58:33.930+0000] {processor.py:914} INFO - Processing file /home/airflow/.local/lib/python3.12/site-packages/airflow/example_dags/example_dataset_alias_with_no_taskflow.py for tasks to queue
[2026-08-06T05:58:33.940+0000] {logging_mixin.py:190} INFO - [2026-08-06T05:58:33.939+0000] {dagbag.py:588} INFO - Filling up the DagBag from /home/airflow/.local/lib/python3.12/site-packages/airflow/example_dags/example_dataset_alias_with_no_taskflow.py
[2026-08-06T05:58:35.245+0000] {processor.py:925} INFO - DAG(s) 'dataset_s3_bucket_producer_with_no_taskflow', 'dataset_alias_example_alias_consumer_with_no_taskflow', 'dataset_s3_bucket_consumer_with_no_taskflow', 'dataset_alias_example_alias_producer_with_no_taskflow' retrieved from /home/airflow/.local/lib/python3.12/site-packages/airflow/example_dags/example_dataset_alias_with_no_taskflow.py
[2026-08-06T05:58:35.292+0000] {logging_mixin.py:190} INFO - [2026-08-06T05:58:35.291+0000] {dag.py:3239} INFO - Sync 4 DAGs
[2026-08-06T05:58:35.350+0000] {logging_mixin.py:190} INFO - [2026-08-06T05:58:35.349+0000] {dag.py:4180} INFO - Setting next_dagrun for dataset_alias_example_alias_consumer_with_no_taskflow to None, run_after=None
[2026-08-06T05:58:35.356+0000] {logging_mixin.py:190} INFO - [2026-08-06T05:58:35.355+0000] {dag.py:4180} INFO - Setting next_dagrun for dataset_alias_example_alias_producer_with_no_taskflow to None, run_after=None
[2026-08-06T05:58:35.360+0000] {logging_mixin.py:190} INFO - [2026-08-06T05:58:35.359+0000] {dag.py:4180} INFO - Setting next_dagrun for dataset_s3_bucket_consumer_with_no_taskflow to None, run_after=None
[2026-08-06T05:58:35.362+0000] {logging_mixin.py:190} INFO - [2026-08-06T05:58:35.362+0000] {dag.py:4180} INFO - Setting next_dagrun for dataset_s3_bucket_producer_with_no_taskflow to None, run_after=None
[2026-08-06T05:58:35.430+0000] {processor.py:208} INFO - Processing /home/airflow/.local/lib/python3.12/site-packages/airflow/example_dags/example_dataset_alias_with_no_taskflow.py took 1.516 seconds
[2026-08-06T05:59:06.239+0000] {processor.py:186} INFO - Started process (PID=2877) to work on /home/airflow/.local/lib/python3.12/site-packages/airflow/example_dags/example_dataset_alias_with_no_taskflow.py
[2026-08-06T05:59:06.242+0000] {processor.py:914} INFO - Processing file /home/airflow/.local/lib/python3.12/site-packages/airflow/example_dags/example_dataset_alias_with_no_taskflow.py for tasks to queue
[2026-08-06T05:59:06.246+0000] {logging_mixin.py:190} INFO - [2026-08-06T05:59:06.245+0000] {dagbag.py:588} INFO - Filling up the DagBag from /home/airflow/.local/lib/python3.12/site-packages/airflow/example_dags/example_dataset_alias_with_no_taskflow.py
[2026-08-06T05:59:07.902+0000] {processor.py:925} INFO - DAG(s) 'dataset_s3_bucket_producer_with_no_taskflow', 'dataset_alias_example_alias_producer_with_no_taskflow', 'dataset_s3_bucket_consumer_with_no_taskflow', 'dataset_alias_example_alias_consumer_with_no_taskflow' retrieved from /home/airflow/.local/lib/python3.12/site-packages/airflow/example_dags/example_dataset_alias_with_no_taskflow.py
[2026-08-06T05:59:07.952+0000] {logging_mixin.py:190} INFO - [2026-08-06T05:59:07.950+0000] {dag.py:3239} INFO - Sync 4 DAGs
[2026-08-06T05:59:07.990+0000] {logging_mixin.py:190} INFO - [2026-08-06T05:59:07.990+0000] {dag.py:4180} INFO - Setting next_dagrun for dataset_alias_example_alias_consumer_with_no_taskflow to None, run_after=None
[2026-08-06T05:59:07.996+0000] {logging_mixin.py:190} INFO - [2026-08-06T05:59:07.995+0000] {dag.py:4180} INFO - Setting next_dagrun for dataset_alias_example_alias_producer_with_no_taskflow to None, run_after=None
[2026-08-06T05:59:07.999+0000] {logging_mixin.py:190} INFO - [2026-08-06T05:59:07.999+0000] {dag.py:4180} INFO - Setting next_dagrun for dataset_s3_bucket_consumer_with_no_taskflow to None, run_after=None
[2026-08-06T05:59:08.002+0000] {logging_mixin.py:190} INFO - [2026-08-06T05:59:08.002+0000] {dag.py:4180} INFO - Setting next_dagrun for dataset_s3_bucket_producer_with_no_taskflow to None, run_after=None
[2026-08-06T05:59:08.069+0000] {processor.py:208} INFO - Processing /home/airflow/.local/lib/python3.12/site-packages/airflow/example_dags/example_dataset_alias_with_no_taskflow.py took 1.847 seconds
[2026-08-06T05:59:39.022+0000] {processor.py:186} INFO - Started process (PID=2946) to work on /home/airflow/.local/lib/python3.12/site-packages/airflow/example_dags/example_dataset_alias_with_no_taskflow.py
[2026-08-06T05:59:39.024+0000] {processor.py:914} INFO - Processing file /home/airflow/.local/lib/python3.12/site-packages/airflow/example_dags/example_dataset_alias_with_no_taskflow.py for tasks to queue
[2026-08-06T05:59:39.029+0000] {logging_mixin.py:190} INFO - [2026-08-06T05:59:39.029+0000] {dagbag.py:588} INFO - Filling up the DagBag from /home/airflow/.local/lib/python3.12/site-packages/airflow/example_dags/example_dataset_alias_with_no_taskflow.py
[2026-08-06T05:59:39.931+0000] {processor.py:925} INFO - DAG(s) 'dataset_alias_example_alias_consumer_with_no_taskflow', 'dataset_alias_example_alias_producer_with_no_taskflow', 'dataset_s3_bucket_consumer_with_no_taskflow', 'dataset_s3_bucket_producer_with_no_taskflow' retrieved from /home/airflow/.local/lib/python3.12/site-packages/airflow/example_dags/example_dataset_alias_with_no_taskflow.py
[2026-08-06T05:59:39.995+0000] {logging_mixin.py:190} INFO - [2026-08-06T05:59:39.991+0000] {dag.py:3239} INFO - Sync 4 DAGs
[2026-08-06T05:59:40.040+0000] {logging_mixin.py:190} INFO - [2026-08-06T05:59:40.040+0000] {dag.py:4180} INFO - Setting next_dagrun for dataset_alias_example_alias_consumer_with_no_taskflow to None, run_after=None
[2026-08-06T05:59:40.048+0000] {logging_mixin.py:190} INFO - [2026-08-06T05:59:40.047+0000] {dag.py:4180} INFO - Setting next_dagrun for dataset_alias_example_alias_producer_with_no_taskflow to None, run_after=None
[2026-08-06T05:59:40.057+0000] {logging_mixin.py:190} INFO - [2026-08-06T05:59:40.056+0000] {dag.py:4180} INFO - Setting next_dagrun for dataset_s3_bucket_consumer_with_no_taskflow to None, run_after=None
[2026-08-06T05:59:40.062+0000] {logging_mixin.py:190} INFO - [2026-08-06T05:59:40.061+0000] {dag.py:4180} INFO - Setting next_dagrun for dataset_s3_bucket_producer_with_no_taskflow to None, run_after=None
[2026-08-06T05:59:40.113+0000] {processor.py:208} INFO - Processing /home/airflow/.local/lib/python3.12/site-packages/airflow/example_dags/example_dataset_alias_with_no_taskflow.py took 1.099 seconds
[2026-08-06T06:01:58.882+0000] {processor.py:186} INFO - Started process (PID=113) to work on /home/airflow/.local/lib/python3.12/site-packages/airflow/example_dags/example_dataset_alias_with_no_taskflow.py
[2026-08-06T06:01:58.891+0000] {processor.py:914} INFO - Processing file /home/airflow/.local/lib/python3.12/site-packages/airflow/example_dags/example_dataset_alias_with_no_taskflow.py for tasks to queue
[2026-08-06T06:01:58.907+0000] {logging_mixin.py:190} INFO - [2026-08-06T06:01:58.906+0000] {dagbag.py:588} INFO - Filling up the DagBag from /home/airflow/.local/lib/python3.12/site-packages/airflow/example_dags/example_dataset_alias_with_no_taskflow.py
[2026-08-06T06:01:59.941+0000] {processor.py:925} INFO - DAG(s) 'dataset_s3_bucket_consumer_with_no_taskflow', 'dataset_alias_example_alias_producer_with_no_taskflow', 'dataset_alias_example_alias_consumer_with_no_taskflow', 'dataset_s3_bucket_producer_with_no_taskflow' retrieved from /home/airflow/.local/lib/python3.12/site-packages/airflow/example_dags/example_dataset_alias_with_no_taskflow.py
[2026-08-06T06:01:59.976+0000] {logging_mixin.py:190} INFO - [2026-08-06T06:01:59.975+0000] {dag.py:3239} INFO - Sync 4 DAGs
[2026-08-06T06:02:00.022+0000] {logging_mixin.py:190} INFO - [2026-08-06T06:02:00.021+0000] {dag.py:4180} INFO - Setting next_dagrun for dataset_alias_example_alias_consumer_with_no_taskflow to None, run_after=None
[2026-08-06T06:02:00.035+0000] {logging_mixin.py:190} INFO - [2026-08-06T06:02:00.035+0000] {dag.py:4180} INFO - Setting next_dagrun for dataset_alias_example_alias_producer_with_no_taskflow to None, run_after=None
[2026-08-06T06:02:00.039+0000] {logging_mixin.py:190} INFO - [2026-08-06T06:02:00.038+0000] {dag.py:4180} INFO - Setting next_dagrun for dataset_s3_bucket_consumer_with_no_taskflow to None, run_after=None
[2026-08-06T06:02:00.042+0000] {logging_mixin.py:190} INFO - [2026-08-06T06:02:00.042+0000] {dag.py:4180} INFO - Setting next_dagrun for dataset_s3_bucket_producer_with_no_taskflow to None, run_after=None
[2026-08-06T06:02:00.082+0000] {processor.py:208} INFO - Processing /home/airflow/.local/lib/python3.12/site-packages/airflow/example_dags/example_dataset_alias_with_no_taskflow.py took 1.221 seconds
[2026-08-06T06:02:31.605+0000] {processor.py:186} INFO - Started process (PID=177) to work on /home/airflow/.local/lib/python3.12/site-packages/airflow/example_dags/example_dataset_alias_with_no_taskflow.py
[2026-08-06T06:02:31.607+0000] {processor.py:914} INFO - Processing file /home/airflow/.local/lib/python3.12/site-packages/airflow/example_dags/example_dataset_alias_with_no_taskflow.py for tasks to queue
[2026-08-06T06:02:31.612+0000] {logging_mixin.py:190} INFO - [2026-08-06T06:02:31.611+0000] {dagbag.py:588} INFO - Filling up the DagBag from /home/airflow/.local/lib/python3.12/site-packages/airflow/example_dags/example_dataset_alias_with_no_taskflow.py
[2026-08-06T06:02:32.383+0000] {processor.py:925} INFO - DAG(s) 'dataset_s3_bucket_consumer_with_no_taskflow', 'dataset_alias_example_alias_consumer_with_no_taskflow', 'dataset_s3_bucket_producer_with_no_taskflow', 'dataset_alias_example_alias_producer_with_no_taskflow' retrieved from /home/airflow/.local/lib/python3.12/site-packages/airflow/example_dags/example_dataset_alias_with_no_taskflow.py
[2026-08-06T06:02:32.414+0000] {logging_mixin.py:190} INFO - [2026-08-06T06:02:32.413+0000] {dag.py:3239} INFO - Sync 4 DAGs
[2026-08-06T06:02:32.449+0000] {logging_mixin.py:190} INFO - [2026-08-06T06:02:32.449+0000] {dag.py:4180} INFO - Setting next_dagrun for dataset_alias_example_alias_consumer_with_no_taskflow to None, run_after=None
[2026-08-06T06:02:32.454+0000] {logging_mixin.py:190} INFO - [2026-08-06T06:02:32.454+0000] {dag.py:4180} INFO - Setting next_dagrun for dataset_alias_example_alias_producer_with_no_taskflow to None, run_after=None
[2026-08-06T06:02:32.457+0000] {logging_mixin.py:190} INFO - [2026-08-06T06:02:32.456+0000] {dag.py:4180} INFO - Setting next_dagrun for dataset_s3_bucket_consumer_with_no_taskflow to None, run_after=None
[2026-08-06T06:02:32.458+0000] {logging_mixin.py:190} INFO - [2026-08-06T06:02:32.458+0000] {dag.py:4180} INFO - Setting next_dagrun for dataset_s3_bucket_producer_with_no_taskflow to None, run_after=None
[2026-08-06T06:02:32.528+0000] {processor.py:208} INFO - Processing /home/airflow/.local/lib/python3.12/site-packages/airflow/example_dags/example_dataset_alias_with_no_taskflow.py took 0.937 seconds
[2026-08-06T06:03:02.940+0000] {processor.py:186} INFO - Started process (PID=241) to work on /home/airflow/.local/lib/python3.12/site-packages/airflow/example_dags/example_dataset_alias_with_no_taskflow.py
[2026-08-06T06:03:02.944+0000] {processor.py:914} INFO - Processing file /home/airflow/.local/lib/python3.12/site-packages/airflow/example_dags/example_dataset_alias_with_no_taskflow.py for tasks to queue
[2026-08-06T06:03:02.953+0000] {logging_mixin.py:190} INFO - [2026-08-06T06:03:02.952+0000] {dagbag.py:588} INFO - Filling up the DagBag from /home/airflow/.local/lib/python3.12/site-packages/airflow/example_dags/example_dataset_alias_with_no_taskflow.py
[2026-08-06T06:03:04.344+0000] {processor.py:925} INFO - DAG(s) 'dataset_alias_example_alias_consumer_with_no_taskflow', 'dataset_s3_bucket_producer_with_no_taskflow', 'dataset_s3_bucket_consumer_with_no_taskflow', 'dataset_alias_example_alias_producer_with_no_taskflow' retrieved from /home/airflow/.local/lib/python3.12/site-packages/airflow/example_dags/example_dataset_alias_with_no_taskflow.py
[2026-08-06T06:03:04.393+0000] {logging_mixin.py:190} INFO - [2026-08-06T06:03:04.392+0000] {dag.py:3239} INFO - Sync 4 DAGs
[2026-08-06T06:03:04.436+0000] {logging_mixin.py:190} INFO - [2026-08-06T06:03:04.435+0000] {dag.py:4180} INFO - Setting next_dagrun for dataset_alias_example_alias_consumer_with_no_taskflow to None, run_after=None
[2026-08-06T06:03:04.442+0000] {logging_mixin.py:190} INFO - [2026-08-06T06:03:04.441+0000] {dag.py:4180} INFO - Setting next_dagrun for dataset_alias_example_alias_producer_with_no_taskflow to None, run_after=None
[2026-08-06T06:03:04.446+0000] {logging_mixin.py:190} INFO - [2026-08-06T06:03:04.445+0000] {dag.py:4180} INFO - Setting next_dagrun for dataset_s3_bucket_consumer_with_no_taskflow to None, run_after=None
[2026-08-06T06:03:04.450+0000] {logging_mixin.py:190} INFO - [2026-08-06T06:03:04.450+0000] {dag.py:4180} INFO - Setting next_dagrun for dataset_s3_bucket_producer_with_no_taskflow to None, run_after=None
[2026-08-06T06:03:04.529+0000] {processor.py:208} INFO - Processing /home/airflow/.local/lib/python3.12/site-packages/airflow/example_dags/example_dataset_alias_with_no_taskflow.py took 1.607 seconds
[2026-08-06T06:03:35.785+0000] {processor.py:186} INFO - Started process (PID=305) to work on /home/airflow/.local/lib/python3.12/site-packages/airflow/example_dags/example_dataset_alias_with_no_taskflow.py
[2026-08-06T06:03:35.788+0000] {processor.py:914} INFO - Processing file /home/airflow/.local/lib/python3.12/site-packages/airflow/example_dags/example_dataset_alias_with_no_taskflow.py for tasks to queue
[2026-08-06T06:03:35.792+0000] {logging_mixin.py:190} INFO - [2026-08-06T06:03:35.792+0000] {dagbag.py:588} INFO - Filling up the DagBag from /home/airflow/.local/lib/python3.12/site-packages/airflow/example_dags/example_dataset_alias_with_no_taskflow.py
[2026-08-06T06:03:36.977+0000] {processor.py:925} INFO - DAG(s) 'dataset_s3_bucket_consumer_with_no_taskflow', 'dataset_alias_example_alias_producer_with_no_taskflow', 'dataset_alias_example_alias_consumer_with_no_taskflow', 'dataset_s3_bucket_producer_with_no_taskflow' retrieved from /home/airflow/.local/lib/python3.12/site-packages/airflow/example_dags/example_dataset_alias_with_no_taskflow.py
[2026-08-06T06:03:37.015+0000] {logging_mixin.py:190} INFO - [2026-08-06T06:03:37.014+0000] {dag.py:3239} INFO - Sync 4 DAGs
[2026-08-06T06:03:37.058+0000] {logging_mixin.py:190} INFO - [2026-08-06T06:03:37.057+0000] {dag.py:4180} INFO - Setting next_dagrun for dataset_alias_example_alias_consumer_with_no_taskflow to None, run_after=None
[2026-08-06T06:03:37.065+0000] {logging_mixin.py:190} INFO - [2026-08-06T06:03:37.064+0000] {dag.py:4180} INFO - Setting next_dagrun for dataset_alias_example_alias_producer_with_no_taskflow to None, run_after=None
[2026-08-06T06:03:37.069+0000] {logging_mixin.py:190} INFO - [2026-08-06T06:03:37.068+0000] {dag.py:4180} INFO - Setting next_dagrun for dataset_s3_bucket_consumer_with_no_taskflow to None, run_after=None
[2026-08-06T06:03:37.073+0000] {logging_mixin.py:190} INFO - [2026-08-06T06:03:37.072+0000] {dag.py:4180} INFO - Setting next_dagrun for dataset_s3_bucket_producer_with_no_taskflow to None, run_after=None
[2026-08-06T06:03:37.147+0000] {processor.py:208} INFO - Processing /home/airflow/.local/lib/python3.12/site-packages/airflow/example_dags/example_dataset_alias_with_no_taskflow.py took 1.377 seconds
[2026-08-06T06:04:07.684+0000] {processor.py:186} INFO - Started process (PID=369) to work on /home/airflow/.local/lib/python3.12/site-packages/airflow/example_dags/example_dataset_alias_with_no_taskflow.py
[2026-08-06T06:04:07.686+0000] {processor.py:914} INFO - Processing file /home/airflow/.local/lib/python3.12/site-packages/airflow/example_dags/example_dataset_alias_with_no_taskflow.py for tasks to queue
[2026-08-06T06:04:07.690+0000] {logging_mixin.py:190} INFO - [2026-08-06T06:04:07.690+0000] {dagbag.py:588} INFO - Filling up the DagBag from /home/airflow/.local/lib/python3.12/site-packages/airflow/example_dags/example_dataset_alias_with_no_taskflow.py
[2026-08-06T06:04:08.753+0000] {processor.py:925} INFO - DAG(s) 'dataset_s3_bucket_producer_with_no_taskflow', 'dataset_alias_example_alias_producer_with_no_taskflow', 'dataset_alias_example_alias_consumer_with_no_taskflow', 'dataset_s3_bucket_consumer_with_no_taskflow' retrieved from /home/airflow/.local/lib/python3.12/site-packages/airflow/example_dags/example_dataset_alias_with_no_taskflow.py
[2026-08-06T06:04:08.813+0000] {logging_mixin.py:190} INFO - [2026-08-06T06:04:08.812+0000] {dag.py:3239} INFO - Sync 4 DAGs
[2026-08-06T06:04:08.867+0000] {logging_mixin.py:190} INFO - [2026-08-06T06:04:08.866+0000] {dag.py:4180} INFO - Setting next_dagrun for dataset_alias_example_alias_consumer_with_no_taskflow to None, run_after=None
[2026-08-06T06:04:08.874+0000] {logging_mixin.py:190} INFO - [2026-08-06T06:04:08.873+0000] {dag.py:4180} INFO - Setting next_dagrun for dataset_alias_example_alias_producer_with_no_taskflow to None, run_after=None
[2026-08-06T06:04:08.881+0000] {logging_mixin.py:190} INFO - [2026-08-06T06:04:08.881+0000] {dag.py:4180} INFO - Setting next_dagrun for dataset_s3_bucket_consumer_with_no_taskflow to None, run_after=None
[2026-08-06T06:04:08.888+0000] {logging_mixin.py:190} INFO - [2026-08-06T06:04:08.887+0000] {dag.py:4180} INFO - Setting next_dagrun for dataset_s3_bucket_producer_with_no_taskflow to None, run_after=None
[2026-08-06T06:04:08.938+0000] {processor.py:208} INFO - Processing /home/airflow/.local/lib/python3.12/site-packages/airflow/example_dags/example_dataset_alias_with_no_taskflow.py took 1.271 seconds
[2026-08-06T06:04:39.600+0000] {processor.py:186} INFO - Started process (PID=433) to work on /home/airflow/.local/lib/python3.12/site-packages/airflow/example_dags/example_dataset_alias_with_no_taskflow.py
[2026-08-06T06:04:39.603+0000] {processor.py:914} INFO - Processing file /home/airflow/.local/lib/python3.12/site-packages/airflow/example_dags/example_dataset_alias_with_no_taskflow.py for tasks to queue
[2026-08-06T06:04:39.608+0000] {logging_mixin.py:190} INFO - [2026-08-06T06:04:39.607+0000] {dagbag.py:588} INFO - Filling up the DagBag from /home/airflow/.local/lib/python3.12/site-packages/airflow/example_dags/example_dataset_alias_with_no_taskflow.py
[2026-08-06T06:04:40.676+0000] {processor.py:925} INFO - DAG(s) 'dataset_s3_bucket_consumer_with_no_taskflow', 'dataset_alias_example_alias_producer_with_no_taskflow', 'dataset_alias_example_alias_consumer_with_no_taskflow', 'dataset_s3_bucket_producer_with_no_taskflow' retrieved from /home/airflow/.local/lib/python3.12/site-packages/airflow/example_dags/example_dataset_alias_with_no_taskflow.py
[2026-08-06T06:04:40.715+0000] {logging_mixin.py:190} INFO - [2026-08-06T06:04:40.714+0000] {dag.py:3239} INFO - Sync 4 DAGs
[2026-08-06T06:04:40.755+0000] {logging_mixin.py:190} INFO - [2026-08-06T06:04:40.755+0000] {dag.py:4180} INFO - Setting next_dagrun for dataset_alias_example_alias_consumer_with_no_taskflow to None, run_after=None
[2026-08-06T06:04:40.761+0000] {logging_mixin.py:190} INFO - [2026-08-06T06:04:40.761+0000] {dag.py:4180} INFO - Setting next_dagrun for dataset_alias_example_alias_producer_with_no_taskflow to None, run_after=None
[2026-08-06T06:04:40.764+0000] {logging_mixin.py:190} INFO - [2026-08-06T06:04:40.764+0000] {dag.py:4180} INFO - Setting next_dagrun for dataset_s3_bucket_consumer_with_no_taskflow to None, run_after=None
[2026-08-06T06:04:40.768+0000] {logging_mixin.py:190} INFO - [2026-08-06T06:04:40.767+0000] {dag.py:4180} INFO - Setting next_dagrun for dataset_s3_bucket_producer_with_no_taskflow to None, run_after=None
[2026-08-06T06:04:40.825+0000] {processor.py:208} INFO - Processing /home/airflow/.local/lib/python3.12/site-packages/airflow/example_dags/example_dataset_alias_with_no_taskflow.py took 1.239 seconds
[2026-08-06T06:05:11.514+0000] {processor.py:186} INFO - Started process (PID=497) to work on /home/airflow/.local/lib/python3.12/site-packages/airflow/example_dags/example_dataset_alias_with_no_taskflow.py
[2026-08-06T06:05:11.516+0000] {processor.py:914} INFO - Processing file /home/airflow/.local/lib/python3.12/site-packages/airflow/example_dags/example_dataset_alias_with_no_taskflow.py for tasks to queue
[2026-08-06T06:05:11.521+0000] {logging_mixin.py:190} INFO - [2026-08-06T06:05:11.521+0000] {dagbag.py:588} INFO - Filling up the DagBag from /home/airflow/.local/lib/python3.12/site-packages/airflow/example_dags/example_dataset_alias_with_no_taskflow.py
[2026-08-06T06:05:12.426+0000] {processor.py:925} INFO - DAG(s) 'dataset_s3_bucket_consumer_with_no_taskflow', 'dataset_alias_example_alias_consumer_with_no_taskflow', 'dataset_alias_example_alias_producer_with_no_taskflow', 'dataset_s3_bucket_producer_with_no_taskflow' retrieved from /home/airflow/.local/lib/python3.12/site-packages/airflow/example_dags/example_dataset_alias_with_no_taskflow.py
[2026-08-06T06:05:12.464+0000] {logging_mixin.py:190} INFO - [2026-08-06T06:05:12.463+0000] {dag.py:3239} INFO - Sync 4 DAGs
[2026-08-06T06:05:12.505+0000] {logging_mixin.py:190} INFO - [2026-08-06T06:05:12.505+0000] {dag.py:4180} INFO - Setting next_dagrun for dataset_alias_example_alias_consumer_with_no_taskflow to None, run_after=None
[2026-08-06T06:05:12.509+0000] {logging_mixin.py:190} INFO - [2026-08-06T06:05:12.509+0000] {dag.py:4180} INFO - Setting next_dagrun for dataset_alias_example_alias_producer_with_no_taskflow to None, run_after=None
[2026-08-06T06:05:12.512+0000] {logging_mixin.py:190} INFO - [2026-08-06T06:05:12.511+0000] {dag.py:4180} INFO - Setting next_dagrun for dataset_s3_bucket_consumer_with_no_taskflow to None, run_after=None
[2026-08-06T06:05:12.515+0000] {logging_mixin.py:190} INFO - [2026-08-06T06:05:12.514+0000] {dag.py:4180} INFO - Setting next_dagrun for dataset_s3_bucket_producer_with_no_taskflow to None, run_after=None
[2026-08-06T06:05:12.547+0000] {processor.py:208} INFO - Processing /home/airflow/.local/lib/python3.12/site-packages/airflow/example_dags/example_dataset_alias_with_no_taskflow.py took 1.046 seconds
[2026-08-06T06:05:43.460+0000] {processor.py:186} INFO - Started process (PID=561) to work on /home/airflow/.local/lib/python3.12/site-packages/airflow/example_dags/example_dataset_alias_with_no_taskflow.py
[2026-08-06T06:05:43.463+0000] {processor.py:914} INFO - Processing file /home/airflow/.local/lib/python3.12/site-packages/airflow/example_dags/example_dataset_alias_with_no_taskflow.py for tasks to queue
[2026-08-06T06:05:43.467+0000] {logging_mixin.py:190} INFO - [2026-08-06T06:05:43.467+0000] {dagbag.py:588} INFO - Filling up the DagBag from /home/airflow/.local/lib/python3.12/site-packages/airflow/example_dags/example_dataset_alias_with_no_taskflow.py
[2026-08-06T06:05:44.728+0000] {processor.py:925} INFO - DAG(s) 'dataset_alias_example_alias_producer_with_no_taskflow', 'dataset_alias_example_alias_consumer_with_no_taskflow', 'dataset_s3_bucket_producer_with_no_taskflow', 'dataset_s3_bucket_consumer_with_no_taskflow' retrieved from /home/airflow/.local/lib/python3.12/site-packages/airflow/example_dags/example_dataset_alias_with_no_taskflow.py
[2026-08-06T06:05:44.768+0000] {logging_mixin.py:190} INFO - [2026-08-06T06:05:44.767+0000] {dag.py:3239} INFO - Sync 4 DAGs
[2026-08-06T06:05:44.816+0000] {logging_mixin.py:190} INFO - [2026-08-06T06:05:44.815+0000] {dag.py:4180} INFO - Setting next_dagrun for dataset_alias_example_alias_consumer_with_no_taskflow to None, run_after=None
[2026-08-06T06:05:44.822+0000] {logging_mixin.py:190} INFO - [2026-08-06T06:05:44.822+0000] {dag.py:4180} INFO - Setting next_dagrun for dataset_alias_example_alias_producer_with_no_taskflow to None, run_after=None
[2026-08-06T06:05:44.826+0000] {logging_mixin.py:190} INFO - [2026-08-06T06:05:44.826+0000] {dag.py:4180} INFO - Setting next_dagrun for dataset_s3_bucket_consumer_with_no_taskflow to None, run_after=None
[2026-08-06T06:05:44.829+0000] {logging_mixin.py:190} INFO - [2026-08-06T06:05:44.829+0000] {dag.py:4180} INFO - Setting next_dagrun for dataset_s3_bucket_producer_with_no_taskflow to None, run_after=None
[2026-08-06T06:05:44.871+0000] {processor.py:208} INFO - Processing /home/airflow/.local/lib/python3.12/site-packages/airflow/example_dags/example_dataset_alias_with_no_taskflow.py took 1.423 seconds
[2026-08-06T06:06:15.719+0000] {processor.py:186} INFO - Started process (PID=625) to work on /home/airflow/.local/lib/python3.12/site-packages/airflow/example_dags/example_dataset_alias_with_no_taskflow.py
[2026-08-06T06:06:15.721+0000] {processor.py:914} INFO - Processing file /home/airflow/.local/lib/python3.12/site-packages/airflow/example_dags/example_dataset_alias_with_no_taskflow.py for tasks to queue
[2026-08-06T06:06:15.724+0000] {logging_mixin.py:190} INFO - [2026-08-06T06:06:15.723+0000] {dagbag.py:588} INFO - Filling up the DagBag from /home/airflow/.local/lib/python3.12/site-packages/airflow/example_dags/example_dataset_alias_with_no_taskflow.py
[2026-08-06T06:06:16.622+0000] {processor.py:925} INFO - DAG(s) 'dataset_alias_example_alias_producer_with_no_taskflow', 'dataset_s3_bucket_producer_with_no_taskflow', 'dataset_alias_example_alias_consumer_with_no_taskflow', 'dataset_s3_bucket_consumer_with_no_taskflow' retrieved from /home/airflow/.local/lib/python3.12/site-packages/airflow/example_dags/example_dataset_alias_with_no_taskflow.py
[2026-08-06T06:06:16.676+0000] {logging_mixin.py:190} INFO - [2026-08-06T06:06:16.676+0000] {dag.py:3239} INFO - Sync 4 DAGs
[2026-08-06T06:06:16.711+0000] {logging_mixin.py:190} INFO - [2026-08-06T06:06:16.711+0000] {dag.py:4180} INFO - Setting next_dagrun for dataset_alias_example_alias_consumer_with_no_taskflow to None, run_after=None
[2026-08-06T06:06:16.716+0000] {logging_mixin.py:190} INFO - [2026-08-06T06:06:16.715+0000] {dag.py:4180} INFO - Setting next_dagrun for dataset_alias_example_alias_producer_with_no_taskflow to None, run_after=None
[2026-08-06T06:06:16.718+0000] {logging_mixin.py:190} INFO - [2026-08-06T06:06:16.718+0000] {dag.py:4180} INFO - Setting next_dagrun for dataset_s3_bucket_consumer_with_no_taskflow to None, run_after=None
[2026-08-06T06:06:16.721+0000] {logging_mixin.py:190} INFO - [2026-08-06T06:06:16.720+0000] {dag.py:4180} INFO - Setting next_dagrun for dataset_s3_bucket_producer_with_no_taskflow to None, run_after=None
[2026-08-06T06:06:16.799+0000] {processor.py:208} INFO - Processing /home/airflow/.local/lib/python3.12/site-packages/airflow/example_dags/example_dataset_alias_with_no_taskflow.py took 1.088 seconds
[2026-08-06T06:06:47.339+0000] {processor.py:186} INFO - Started process (PID=695) to work on /home/airflow/.local/lib/python3.12/site-packages/airflow/example_dags/example_dataset_alias_with_no_taskflow.py
[2026-08-06T06:06:47.341+0000] {processor.py:914} INFO - Processing file /home/airflow/.local/lib/python3.12/site-packages/airflow/example_dags/example_dataset_alias_with_no_taskflow.py for tasks to queue
[2026-08-06T06:06:47.346+0000] {logging_mixin.py:190} INFO - [2026-08-06T06:06:47.345+0000] {dagbag.py:588} INFO - Filling up the DagBag from /home/airflow/.local/lib/python3.12/site-packages/airflow/example_dags/example_dataset_alias_with_no_taskflow.py
[2026-08-06T06:06:48.379+0000] {processor.py:925} INFO - DAG(s) 'dataset_alias_example_alias_producer_with_no_taskflow', 'dataset_s3_bucket_producer_with_no_taskflow', 'dataset_alias_example_alias_consumer_with_no_taskflow', 'dataset_s3_bucket_consumer_with_no_taskflow' retrieved from /home/airflow/.local/lib/python3.12/site-packages/airflow/example_dags/example_dataset_alias_with_no_taskflow.py
[2026-08-06T06:06:48.417+0000] {logging_mixin.py:190} INFO - [2026-08-06T06:06:48.416+0000] {dag.py:3239} INFO - Sync 4 DAGs
[2026-08-06T06:06:48.455+0000] {logging_mixin.py:190} INFO - [2026-08-06T06:06:48.454+0000] {dag.py:4180} INFO - Setting next_dagrun for dataset_alias_example_alias_consumer_with_no_taskflow to None, run_after=None
[2026-08-06T06:06:48.460+0000] {logging_mixin.py:190} INFO - [2026-08-06T06:06:48.460+0000] {dag.py:4180} INFO - Setting next_dagrun for dataset_alias_example_alias_producer_with_no_taskflow to None, run_after=None
[2026-08-06T06:06:48.463+0000] {logging_mixin.py:190} INFO - [2026-08-06T06:06:48.462+0000] {dag.py:4180} INFO - Setting next_dagrun for dataset_s3_bucket_consumer_with_no_taskflow to None, run_after=None
[2026-08-06T06:06:48.465+0000] {logging_mixin.py:190} INFO - [2026-08-06T06:06:48.465+0000] {dag.py:4180} INFO - Setting next_dagrun for dataset_s3_bucket_producer_with_no_taskflow to None, run_after=None
[2026-08-06T06:06:48.534+0000] {processor.py:208} INFO - Processing /home/airflow/.local/lib/python3.12/site-packages/airflow/example_dags/example_dataset_alias_with_no_taskflow.py took 1.206 seconds
[2026-08-06T06:07:18.643+0000] {processor.py:186} INFO - Started process (PID=758) to work on /home/airflow/.local/lib/python3.12/site-packages/airflow/example_dags/example_dataset_alias_with_no_taskflow.py
[2026-08-06T06:07:18.644+0000] {processor.py:914} INFO - Processing file /home/airflow/.local/lib/python3.12/site-packages/airflow/example_dags/example_dataset_alias_with_no_taskflow.py for tasks to queue
[2026-08-06T06:07:18.647+0000] {logging_mixin.py:190} INFO - [2026-08-06T06:07:18.647+0000] {dagbag.py:588} INFO - Filling up the DagBag from /home/airflow/.local/lib/python3.12/site-packages/airflow/example_dags/example_dataset_alias_with_no_taskflow.py
[2026-08-06T06:07:19.312+0000] {processor.py:925} INFO - DAG(s) 'dataset_alias_example_alias_consumer_with_no_taskflow', 'dataset_s3_bucket_producer_with_no_taskflow', 'dataset_s3_bucket_consumer_with_no_taskflow', 'dataset_alias_example_alias_producer_with_no_taskflow' retrieved from /home/airflow/.local/lib/python3.12/site-packages/airflow/example_dags/example_dataset_alias_with_no_taskflow.py
[2026-08-06T06:07:19.345+0000] {logging_mixin.py:190} INFO - [2026-08-06T06:07:19.344+0000] {dag.py:3239} INFO - Sync 4 DAGs
[2026-08-06T06:07:19.378+0000] {logging_mixin.py:190} INFO - [2026-08-06T06:07:19.377+0000] {dag.py:4180} INFO - Setting next_dagrun for dataset_alias_example_alias_consumer_with_no_taskflow to None, run_after=None
[2026-08-06T06:07:19.382+0000] {logging_mixin.py:190} INFO - [2026-08-06T06:07:19.381+0000] {dag.py:4180} INFO - Setting next_dagrun for dataset_alias_example_alias_producer_with_no_taskflow to None, run_after=None
[2026-08-06T06:07:19.384+0000] {logging_mixin.py:190} INFO - [2026-08-06T06:07:19.384+0000] {dag.py:4180} INFO - Setting next_dagrun for dataset_s3_bucket_consumer_with_no_taskflow to None, run_after=None
[2026-08-06T06:07:19.386+0000] {logging_mixin.py:190} INFO - [2026-08-06T06:07:19.386+0000] {dag.py:4180} INFO - Setting next_dagrun for dataset_s3_bucket_producer_with_no_taskflow to None, run_after=None
[2026-08-06T06:07:19.455+0000] {processor.py:208} INFO - Processing /home/airflow/.local/lib/python3.12/site-packages/airflow/example_dags/example_dataset_alias_with_no_taskflow.py took 0.819 seconds
[2026-08-06T06:07:49.836+0000] {processor.py:186} INFO - Started process (PID=822) to work on /home/airflow/.local/lib/python3.12/site-packages/airflow/example_dags/example_dataset_alias_with_no_taskflow.py
[2026-08-06T06:07:49.839+0000] {processor.py:914} INFO - Processing file /home/airflow/.local/lib/python3.12/site-packages/airflow/example_dags/example_dataset_alias_with_no_taskflow.py for tasks to queue
[2026-08-06T06:07:49.844+0000] {logging_mixin.py:190} INFO - [2026-08-06T06:07:49.843+0000] {dagbag.py:588} INFO - Filling up the DagBag from /home/airflow/.local/lib/python3.12/site-packages/airflow/example_dags/example_dataset_alias_with_no_taskflow.py
[2026-08-06T06:07:50.878+0000] {processor.py:925} INFO - DAG(s) 'dataset_s3_bucket_producer_with_no_taskflow', 'dataset_s3_bucket_consumer_with_no_taskflow', 'dataset_alias_example_alias_producer_with_no_taskflow', 'dataset_alias_example_alias_consumer_with_no_taskflow' retrieved from /home/airflow/.local/lib/python3.12/site-packages/airflow/example_dags/example_dataset_alias_with_no_taskflow.py
[2026-08-06T06:07:50.912+0000] {logging_mixin.py:190} INFO - [2026-08-06T06:07:50.911+0000] {dag.py:3239} INFO - Sync 4 DAGs
[2026-08-06T06:07:50.941+0000] {logging_mixin.py:190} INFO - [2026-08-06T06:07:50.941+0000] {dag.py:4180} INFO - Setting next_dagrun for dataset_alias_example_alias_consumer_with_no_taskflow to None, run_after=None
[2026-08-06T06:07:50.945+0000] {logging_mixin.py:190} INFO - [2026-08-06T06:07:50.945+0000] {dag.py:4180} INFO - Setting next_dagrun for dataset_alias_example_alias_producer_with_no_taskflow to None, run_after=None
[2026-08-06T06:07:50.949+0000] {logging_mixin.py:190} INFO - [2026-08-06T06:07:50.949+0000] {dag.py:4180} INFO - Setting next_dagrun for dataset_s3_bucket_consumer_with_no_taskflow to None, run_after=None
[2026-08-06T06:07:50.951+0000] {logging_mixin.py:190} INFO - [2026-08-06T06:07:50.951+0000] {dag.py:4180} INFO - Setting next_dagrun for dataset_s3_bucket_producer_with_no_taskflow to None, run_after=None
[2026-08-06T06:07:50.982+0000] {processor.py:208} INFO - Processing /home/airflow/.local/lib/python3.12/site-packages/airflow/example_dags/example_dataset_alias_with_no_taskflow.py took 1.160 seconds
[2026-08-06T06:08:21.809+0000] {processor.py:186} INFO - Started process (PID=893) to work on /home/airflow/.local/lib/python3.12/site-packages/airflow/example_dags/example_dataset_alias_with_no_taskflow.py
[2026-08-06T06:08:21.811+0000] {processor.py:914} INFO - Processing file /home/airflow/.local/lib/python3.12/site-packages/airflow/example_dags/example_dataset_alias_with_no_taskflow.py for tasks to queue
[2026-08-06T06:08:21.814+0000] {logging_mixin.py:190} INFO - [2026-08-06T06:08:21.814+0000] {dagbag.py:588} INFO - Filling up the DagBag from /home/airflow/.local/lib/python3.12/site-packages/airflow/example_dags/example_dataset_alias_with_no_taskflow.py
[2026-08-06T06:08:22.628+0000] {processor.py:925} INFO - DAG(s) 'dataset_alias_example_alias_consumer_with_no_taskflow', 'dataset_s3_bucket_producer_with_no_taskflow', 'dataset_alias_example_alias_producer_with_no_taskflow', 'dataset_s3_bucket_consumer_with_no_taskflow' retrieved from /home/airflow/.local/lib/python3.12/site-packages/airflow/example_dags/example_dataset_alias_with_no_taskflow.py
[2026-08-06T06:08:22.670+0000] {logging_mixin.py:190} INFO - [2026-08-06T06:08:22.670+0000] {dag.py:3239} INFO - Sync 4 DAGs
[2026-08-06T06:08:22.699+0000] {logging_mixin.py:190} INFO - [2026-08-06T06:08:22.699+0000] {dag.py:4180} INFO - Setting next_dagrun for dataset_alias_example_alias_consumer_with_no_taskflow to None, run_after=None
[2026-08-06T06:08:22.708+0000] {logging_mixin.py:190} INFO - [2026-08-06T06:08:22.708+0000] {dag.py:4180} INFO - Setting next_dagrun for dataset_alias_example_alias_producer_with_no_taskflow to None, run_after=None
[2026-08-06T06:08:22.711+0000] {logging_mixin.py:190} INFO - [2026-08-06T06:08:22.711+0000] {dag.py:4180} INFO - Setting next_dagrun for dataset_s3_bucket_consumer_with_no_taskflow to None, run_after=None
[2026-08-06T06:08:22.716+0000] {logging_mixin.py:190} INFO - [2026-08-06T06:08:22.715+0000] {dag.py:4180} INFO - Setting next_dagrun for dataset_s3_bucket_producer_with_no_taskflow to None, run_after=None
[2026-08-06T06:08:22.772+0000] {processor.py:208} INFO - Processing /home/airflow/.local/lib/python3.12/site-packages/airflow/example_dags/example_dataset_alias_with_no_taskflow.py took 0.974 seconds
[2026-08-06T06:08:53.039+0000] {processor.py:186} INFO - Started process (PID=957) to work on /home/airflow/.local/lib/python3.12/site-packages/airflow/example_dags/example_dataset_alias_with_no_taskflow.py
[2026-08-06T06:08:53.041+0000] {processor.py:914} INFO - Processing file /home/airflow/.local/lib/python3.12/site-packages/airflow/example_dags/example_dataset_alias_with_no_taskflow.py for tasks to queue
[2026-08-06T06:08:53.044+0000] {logging_mixin.py:190} INFO - [2026-08-06T06:08:53.044+0000] {dagbag.py:588} INFO - Filling up the DagBag from /home/airflow/.local/lib/python3.12/site-packages/airflow/example_dags/example_dataset_alias_with_no_taskflow.py
[2026-08-06T06:08:54.055+0000] {processor.py:925} INFO - DAG(s) 'dataset_s3_bucket_producer_with_no_taskflow', 'dataset_s3_bucket_consumer_with_no_taskflow', 'dataset_alias_example_alias_producer_with_no_taskflow', 'dataset_alias_example_alias_consumer_with_no_taskflow' retrieved from /home/airflow/.local/lib/python3.12/site-packages/airflow/example_dags/example_dataset_alias_with_no_taskflow.py
[2026-08-06T06:08:54.103+0000] {logging_mixin.py:190} INFO - [2026-08-06T06:08:54.102+0000] {dag.py:3239} INFO - Sync 4 DAGs
[2026-08-06T06:08:54.146+0000] {logging_mixin.py:190} INFO - [2026-08-06T06:08:54.146+0000] {dag.py:4180} INFO - Setting next_dagrun for dataset_alias_example_alias_consumer_with_no_taskflow to None, run_after=None
[2026-08-06T06:08:54.153+0000] {logging_mixin.py:190} INFO - [2026-08-06T06:08:54.152+0000] {dag.py:4180} INFO - Setting next_dagrun for dataset_alias_example_alias_producer_with_no_taskflow to None, run_after=None
[2026-08-06T06:08:54.158+0000] {logging_mixin.py:190} INFO - [2026-08-06T06:08:54.157+0000] {dag.py:4180} INFO - Setting next_dagrun for dataset_s3_bucket_consumer_with_no_taskflow to None, run_after=None
[2026-08-06T06:08:54.161+0000] {logging_mixin.py:190} INFO - [2026-08-06T06:08:54.160+0000] {dag.py:4180} INFO - Setting next_dagrun for dataset_s3_bucket_producer_with_no_taskflow to None, run_after=None
[2026-08-06T06:08:54.207+0000] {processor.py:208} INFO - Processing /home/airflow/.local/lib/python3.12/site-packages/airflow/example_dags/example_dataset_alias_with_no_taskflow.py took 1.173 seconds
[2026-08-06T06:09:24.441+0000] {processor.py:186} INFO - Started process (PID=1023) to work on /home/airflow/.local/lib/python3.12/site-packages/airflow/example_dags/example_dataset_alias_with_no_taskflow.py
[2026-08-06T06:09:24.444+0000] {processor.py:914} INFO - Processing file /home/airflow/.local/lib/python3.12/site-packages/airflow/example_dags/example_dataset_alias_with_no_taskflow.py for tasks to queue
[2026-08-06T06:09:24.449+0000] {logging_mixin.py:190} INFO - [2026-08-06T06:09:24.448+0000] {dagbag.py:588} INFO - Filling up the DagBag from /home/airflow/.local/lib/python3.12/site-packages/airflow/example_dags/example_dataset_alias_with_no_taskflow.py
[2026-08-06T06:09:25.474+0000] {processor.py:925} INFO - DAG(s) 'dataset_alias_example_alias_producer_with_no_taskflow', 'dataset_s3_bucket_consumer_with_no_taskflow', 'dataset_alias_example_alias_consumer_with_no_taskflow', 'dataset_s3_bucket_producer_with_no_taskflow' retrieved from /home/airflow/.local/lib/python3.12/site-packages/airflow/example_dags/example_dataset_alias_with_no_taskflow.py
[2026-08-06T06:09:25.504+0000] {logging_mixin.py:190} INFO - [2026-08-06T06:09:25.503+0000] {dag.py:3239} INFO - Sync 4 DAGs
[2026-08-06T06:09:25.538+0000] {logging_mixin.py:190} INFO - [2026-08-06T06:09:25.537+0000] {dag.py:4180} INFO - Setting next_dagrun for dataset_alias_example_alias_consumer_with_no_taskflow to None, run_after=None
[2026-08-06T06:09:25.542+0000] {logging_mixin.py:190} INFO - [2026-08-06T06:09:25.542+0000] {dag.py:4180} INFO - Setting next_dagrun for dataset_alias_example_alias_producer_with_no_taskflow to None, run_after=None
[2026-08-06T06:09:25.545+0000] {logging_mixin.py:190} INFO - [2026-08-06T06:09:25.545+0000] {dag.py:4180} INFO - Setting next_dagrun for dataset_s3_bucket_consumer_with_no_taskflow to None, run_after=None
[2026-08-06T06:09:25.547+0000] {logging_mixin.py:190} INFO - [2026-08-06T06:09:25.547+0000] {dag.py:4180} INFO - Setting next_dagrun for dataset_s3_bucket_producer_with_no_taskflow to None, run_after=None
[2026-08-06T06:09:25.589+0000] {processor.py:208} INFO - Processing /home/airflow/.local/lib/python3.12/site-packages/airflow/example_dags/example_dataset_alias_with_no_taskflow.py took 1.159 seconds
[2026-08-06T06:09:56.284+0000] {processor.py:186} INFO - Started process (PID=1087) to work on /home/airflow/.local/lib/python3.12/site-packages/airflow/example_dags/example_dataset_alias_with_no_taskflow.py
[2026-08-06T06:09:56.309+0000] {processor.py:914} INFO - Processing file /home/airflow/.local/lib/python3.12/site-packages/airflow/example_dags/example_dataset_alias_with_no_taskflow.py for tasks to queue
[2026-08-06T06:09:56.323+0000] {logging_mixin.py:190} INFO - [2026-08-06T06:09:56.322+0000] {dagbag.py:588} INFO - Filling up the DagBag from /home/airflow/.local/lib/python3.12/site-packages/airflow/example_dags/example_dataset_alias_with_no_taskflow.py
[2026-08-06T06:09:57.612+0000] {processor.py:925} INFO - DAG(s) 'dataset_alias_example_alias_producer_with_no_taskflow', 'dataset_s3_bucket_consumer_with_no_taskflow', 'dataset_alias_example_alias_consumer_with_no_taskflow', 'dataset_s3_bucket_producer_with_no_taskflow' retrieved from /home/airflow/.local/lib/python3.12/site-packages/airflow/example_dags/example_dataset_alias_with_no_taskflow.py
[2026-08-06T06:09:57.666+0000] {logging_mixin.py:190} INFO - [2026-08-06T06:09:57.665+0000] {dag.py:3239} INFO - Sync 4 DAGs
[2026-08-06T06:09:57.715+0000] {logging_mixin.py:190} INFO - [2026-08-06T06:09:57.715+0000] {dag.py:4180} INFO - Setting next_dagrun for dataset_alias_example_alias_consumer_with_no_taskflow to None, run_after=None
[2026-08-06T06:09:57.722+0000] {logging_mixin.py:190} INFO - [2026-08-06T06:09:57.722+0000] {dag.py:4180} INFO - Setting next_dagrun for dataset_alias_example_alias_producer_with_no_taskflow to None, run_after=None
[2026-08-06T06:09:57.726+0000] {logging_mixin.py:190} INFO - [2026-08-06T06:09:57.726+0000] {dag.py:4180} INFO - Setting next_dagrun for dataset_s3_bucket_consumer_with_no_taskflow to None, run_after=None
[2026-08-06T06:09:57.731+0000] {logging_mixin.py:190} INFO - [2026-08-06T06:09:57.730+0000] {dag.py:4180} INFO - Setting next_dagrun for dataset_s3_bucket_producer_with_no_taskflow to None, run_after=None
[2026-08-06T06:09:57.786+0000] {processor.py:208} INFO - Processing /home/airflow/.local/lib/python3.12/site-packages/airflow/example_dags/example_dataset_alias_with_no_taskflow.py took 1.523 seconds
[2026-08-06T06:10:28.170+0000] {processor.py:186} INFO - Started process (PID=1153) to work on /home/airflow/.local/lib/python3.12/site-packages/airflow/example_dags/example_dataset_alias_with_no_taskflow.py
[2026-08-06T06:10:28.173+0000] {processor.py:914} INFO - Processing file /home/airflow/.local/lib/python3.12/site-packages/airflow/example_dags/example_dataset_alias_with_no_taskflow.py for tasks to queue
[2026-08-06T06:10:28.179+0000] {logging_mixin.py:190} INFO - [2026-08-06T06:10:28.178+0000] {dagbag.py:588} INFO - Filling up the DagBag from /home/airflow/.local/lib/python3.12/site-packages/airflow/example_dags/example_dataset_alias_with_no_taskflow.py
[2026-08-06T06:10:29.124+0000] {processor.py:925} INFO - DAG(s) 'dataset_s3_bucket_producer_with_no_taskflow', 'dataset_s3_bucket_consumer_with_no_taskflow', 'dataset_alias_example_alias_consumer_with_no_taskflow', 'dataset_alias_example_alias_producer_with_no_taskflow' retrieved from /home/airflow/.local/lib/python3.12/site-packages/airflow/example_dags/example_dataset_alias_with_no_taskflow.py
[2026-08-06T06:10:29.166+0000] {logging_mixin.py:190} INFO - [2026-08-06T06:10:29.165+0000] {dag.py:3239} INFO - Sync 4 DAGs
[2026-08-06T06:10:29.199+0000] {logging_mixin.py:190} INFO - [2026-08-06T06:10:29.199+0000] {dag.py:4180} INFO - Setting next_dagrun for dataset_alias_example_alias_consumer_with_no_taskflow to None, run_after=None
[2026-08-06T06:10:29.204+0000] {logging_mixin.py:190} INFO - [2026-08-06T06:10:29.203+0000] {dag.py:4180} INFO - Setting next_dagrun for dataset_alias_example_alias_producer_with_no_taskflow to None, run_after=None
[2026-08-06T06:10:29.206+0000] {logging_mixin.py:190} INFO - [2026-08-06T06:10:29.206+0000] {dag.py:4180} INFO - Setting next_dagrun for dataset_s3_bucket_consumer_with_no_taskflow to None, run_after=None
[2026-08-06T06:10:29.209+0000] {logging_mixin.py:190} INFO - [2026-08-06T06:10:29.208+0000] {dag.py:4180} INFO - Setting next_dagrun for dataset_s3_bucket_producer_with_no_taskflow to None, run_after=None
[2026-08-06T06:10:29.244+0000] {processor.py:208} INFO - Processing /home/airflow/.local/lib/python3.12/site-packages/airflow/example_dags/example_dataset_alias_with_no_taskflow.py took 1.083 seconds
