[2026-08-06T04:46:44.428+0000] {processor.py:186} INFO - Started process (PID=118) to work on /home/airflow/.local/lib/python3.12/site-packages/airflow/example_dags/example_short_circuit_decorator.py
[2026-08-06T04:46:44.430+0000] {processor.py:914} INFO - Processing file /home/airflow/.local/lib/python3.12/site-packages/airflow/example_dags/example_short_circuit_decorator.py for tasks to queue
[2026-08-06T04:46:44.435+0000] {logging_mixin.py:190} INFO - [2026-08-06T04:46:44.435+0000] {dagbag.py:588} INFO - Filling up the DagBag from /home/airflow/.local/lib/python3.12/site-packages/airflow/example_dags/example_short_circuit_decorator.py
[2026-08-06T04:46:44.459+0000] {processor.py:925} INFO - DAG(s) 'example_short_circuit_decorator' retrieved from /home/airflow/.local/lib/python3.12/site-packages/airflow/example_dags/example_short_circuit_decorator.py
[2026-08-06T04:46:44.647+0000] {logging_mixin.py:190} INFO - [2026-08-06T04:46:44.646+0000] {override.py:1912} INFO - Created Permission View: can delete on DAG:example_short_circuit_decorator
[2026-08-06T04:46:44.669+0000] {logging_mixin.py:190} INFO - [2026-08-06T04:46:44.669+0000] {override.py:1912} INFO - Created Permission View: can read on DAG:example_short_circuit_decorator
[2026-08-06T04:46:44.683+0000] {logging_mixin.py:190} INFO - [2026-08-06T04:46:44.683+0000] {override.py:1912} INFO - Created Permission View: can edit on DAG:example_short_circuit_decorator
[2026-08-06T04:46:44.702+0000] {logging_mixin.py:190} INFO - [2026-08-06T04:46:44.701+0000] {override.py:1912} INFO - Created Permission View: can delete on DAG Run:example_short_circuit_decorator
[2026-08-06T04:46:44.716+0000] {logging_mixin.py:190} INFO - [2026-08-06T04:46:44.715+0000] {override.py:1912} INFO - Created Permission View: menu access on DAG Run:example_short_circuit_decorator
[2026-08-06T04:46:44.729+0000] {logging_mixin.py:190} INFO - [2026-08-06T04:46:44.728+0000] {override.py:1912} INFO - Created Permission View: can read on DAG Run:example_short_circuit_decorator
[2026-08-06T04:46:44.744+0000] {logging_mixin.py:190} INFO - [2026-08-06T04:46:44.744+0000] {override.py:1912} INFO - Created Permission View: can create on DAG Run:example_short_circuit_decorator
[2026-08-06T04:46:44.746+0000] {logging_mixin.py:190} INFO - [2026-08-06T04:46:44.745+0000] {dag.py:3239} INFO - Sync 1 DAGs
[2026-08-06T04:46:44.770+0000] {logging_mixin.py:190} INFO - [2026-08-06T04:46:44.769+0000] {dag.py:3262} INFO - Creating ORM DAG for example_short_circuit_decorator
[2026-08-06T04:46:44.772+0000] {logging_mixin.py:190} INFO - [2026-08-06T04:46:44.771+0000] {dag.py:4180} INFO - Setting next_dagrun for example_short_circuit_decorator to None, run_after=None
[2026-08-06T04:46:44.806+0000] {processor.py:208} INFO - Processing /home/airflow/.local/lib/python3.12/site-packages/airflow/example_dags/example_short_circuit_decorator.py took 0.389 seconds
[2026-08-06T04:47:15.288+0000] {processor.py:186} INFO - Started process (PID=181) to work on /home/airflow/.local/lib/python3.12/site-packages/airflow/example_dags/example_short_circuit_decorator.py
[2026-08-06T04:47:15.290+0000] {processor.py:914} INFO - Processing file /home/airflow/.local/lib/python3.12/site-packages/airflow/example_dags/example_short_circuit_decorator.py for tasks to queue
[2026-08-06T04:47:15.294+0000] {logging_mixin.py:190} INFO - [2026-08-06T04:47:15.294+0000] {dagbag.py:588} INFO - Filling up the DagBag from /home/airflow/.local/lib/python3.12/site-packages/airflow/example_dags/example_short_circuit_decorator.py
[2026-08-06T04:47:15.309+0000] {processor.py:925} INFO - DAG(s) 'example_short_circuit_decorator' retrieved from /home/airflow/.local/lib/python3.12/site-packages/airflow/example_dags/example_short_circuit_decorator.py
[2026-08-06T04:47:15.362+0000] {logging_mixin.py:190} INFO - [2026-08-06T04:47:15.362+0000] {dag.py:3239} INFO - Sync 1 DAGs
[2026-08-06T04:47:15.390+0000] {logging_mixin.py:190} INFO - [2026-08-06T04:47:15.390+0000] {dag.py:4180} INFO - Setting next_dagrun for example_short_circuit_decorator to None, run_after=None
[2026-08-06T04:47:15.440+0000] {processor.py:208} INFO - Processing /home/airflow/.local/lib/python3.12/site-packages/airflow/example_dags/example_short_circuit_decorator.py took 0.160 seconds
[2026-08-06T04:47:46.941+0000] {processor.py:186} INFO - Started process (PID=244) to work on /home/airflow/.local/lib/python3.12/site-packages/airflow/example_dags/example_short_circuit_decorator.py
[2026-08-06T04:47:46.943+0000] {processor.py:914} INFO - Processing file /home/airflow/.local/lib/python3.12/site-packages/airflow/example_dags/example_short_circuit_decorator.py for tasks to queue
[2026-08-06T04:47:46.947+0000] {logging_mixin.py:190} INFO - [2026-08-06T04:47:46.946+0000] {dagbag.py:588} INFO - Filling up the DagBag from /home/airflow/.local/lib/python3.12/site-packages/airflow/example_dags/example_short_circuit_decorator.py
[2026-08-06T04:47:46.959+0000] {processor.py:925} INFO - DAG(s) 'example_short_circuit_decorator' retrieved from /home/airflow/.local/lib/python3.12/site-packages/airflow/example_dags/example_short_circuit_decorator.py
[2026-08-06T04:47:46.990+0000] {logging_mixin.py:190} INFO - [2026-08-06T04:47:46.989+0000] {dag.py:3239} INFO - Sync 1 DAGs
[2026-08-06T04:47:47.006+0000] {logging_mixin.py:190} INFO - [2026-08-06T04:47:47.006+0000] {dag.py:4180} INFO - Setting next_dagrun for example_short_circuit_decorator to None, run_after=None
[2026-08-06T04:47:47.033+0000] {processor.py:208} INFO - Processing /home/airflow/.local/lib/python3.12/site-packages/airflow/example_dags/example_short_circuit_decorator.py took 0.099 seconds
[2026-08-06T04:48:18.506+0000] {processor.py:186} INFO - Started process (PID=313) to work on /home/airflow/.local/lib/python3.12/site-packages/airflow/example_dags/example_short_circuit_decorator.py
[2026-08-06T04:48:18.511+0000] {processor.py:914} INFO - Processing file /home/airflow/.local/lib/python3.12/site-packages/airflow/example_dags/example_short_circuit_decorator.py for tasks to queue
[2026-08-06T04:48:18.514+0000] {logging_mixin.py:190} INFO - [2026-08-06T04:48:18.513+0000] {dagbag.py:588} INFO - Filling up the DagBag from /home/airflow/.local/lib/python3.12/site-packages/airflow/example_dags/example_short_circuit_decorator.py
[2026-08-06T04:48:18.529+0000] {processor.py:925} INFO - DAG(s) 'example_short_circuit_decorator' retrieved from /home/airflow/.local/lib/python3.12/site-packages/airflow/example_dags/example_short_circuit_decorator.py
[2026-08-06T04:48:18.562+0000] {logging_mixin.py:190} INFO - [2026-08-06T04:48:18.562+0000] {dag.py:3239} INFO - Sync 1 DAGs
[2026-08-06T04:48:18.584+0000] {logging_mixin.py:190} INFO - [2026-08-06T04:48:18.584+0000] {dag.py:4180} INFO - Setting next_dagrun for example_short_circuit_decorator to None, run_after=None
[2026-08-06T04:48:18.626+0000] {processor.py:208} INFO - Processing /home/airflow/.local/lib/python3.12/site-packages/airflow/example_dags/example_short_circuit_decorator.py took 0.129 seconds
[2026-08-06T04:48:49.827+0000] {processor.py:186} INFO - Started process (PID=376) to work on /home/airflow/.local/lib/python3.12/site-packages/airflow/example_dags/example_short_circuit_decorator.py
[2026-08-06T04:48:49.829+0000] {processor.py:914} INFO - Processing file /home/airflow/.local/lib/python3.12/site-packages/airflow/example_dags/example_short_circuit_decorator.py for tasks to queue
[2026-08-06T04:48:49.832+0000] {logging_mixin.py:190} INFO - [2026-08-06T04:48:49.832+0000] {dagbag.py:588} INFO - Filling up the DagBag from /home/airflow/.local/lib/python3.12/site-packages/airflow/example_dags/example_short_circuit_decorator.py
[2026-08-06T04:48:49.845+0000] {processor.py:925} INFO - DAG(s) 'example_short_circuit_decorator' retrieved from /home/airflow/.local/lib/python3.12/site-packages/airflow/example_dags/example_short_circuit_decorator.py
[2026-08-06T04:48:49.877+0000] {logging_mixin.py:190} INFO - [2026-08-06T04:48:49.876+0000] {dag.py:3239} INFO - Sync 1 DAGs
[2026-08-06T04:48:49.911+0000] {logging_mixin.py:190} INFO - [2026-08-06T04:48:49.911+0000] {dag.py:4180} INFO - Setting next_dagrun for example_short_circuit_decorator to None, run_after=None
[2026-08-06T04:48:49.943+0000] {processor.py:208} INFO - Processing /home/airflow/.local/lib/python3.12/site-packages/airflow/example_dags/example_short_circuit_decorator.py took 0.123 seconds
[2026-08-06T04:49:21.365+0000] {processor.py:186} INFO - Started process (PID=439) to work on /home/airflow/.local/lib/python3.12/site-packages/airflow/example_dags/example_short_circuit_decorator.py
[2026-08-06T04:49:21.367+0000] {processor.py:914} INFO - Processing file /home/airflow/.local/lib/python3.12/site-packages/airflow/example_dags/example_short_circuit_decorator.py for tasks to queue
[2026-08-06T04:49:21.370+0000] {logging_mixin.py:190} INFO - [2026-08-06T04:49:21.370+0000] {dagbag.py:588} INFO - Filling up the DagBag from /home/airflow/.local/lib/python3.12/site-packages/airflow/example_dags/example_short_circuit_decorator.py
[2026-08-06T04:49:21.385+0000] {processor.py:925} INFO - DAG(s) 'example_short_circuit_decorator' retrieved from /home/airflow/.local/lib/python3.12/site-packages/airflow/example_dags/example_short_circuit_decorator.py
[2026-08-06T04:49:21.426+0000] {logging_mixin.py:190} INFO - [2026-08-06T04:49:21.423+0000] {dag.py:3239} INFO - Sync 1 DAGs
[2026-08-06T04:49:21.454+0000] {logging_mixin.py:190} INFO - [2026-08-06T04:49:21.454+0000] {dag.py:4180} INFO - Setting next_dagrun for example_short_circuit_decorator to None, run_after=None
[2026-08-06T04:49:21.487+0000] {processor.py:208} INFO - Processing /home/airflow/.local/lib/python3.12/site-packages/airflow/example_dags/example_short_circuit_decorator.py took 0.131 seconds
[2026-08-06T04:49:52.539+0000] {processor.py:186} INFO - Started process (PID=502) to work on /home/airflow/.local/lib/python3.12/site-packages/airflow/example_dags/example_short_circuit_decorator.py
[2026-08-06T04:49:52.541+0000] {processor.py:914} INFO - Processing file /home/airflow/.local/lib/python3.12/site-packages/airflow/example_dags/example_short_circuit_decorator.py for tasks to queue
[2026-08-06T04:49:52.543+0000] {logging_mixin.py:190} INFO - [2026-08-06T04:49:52.543+0000] {dagbag.py:588} INFO - Filling up the DagBag from /home/airflow/.local/lib/python3.12/site-packages/airflow/example_dags/example_short_circuit_decorator.py
[2026-08-06T04:49:52.557+0000] {processor.py:925} INFO - DAG(s) 'example_short_circuit_decorator' retrieved from /home/airflow/.local/lib/python3.12/site-packages/airflow/example_dags/example_short_circuit_decorator.py
[2026-08-06T04:49:52.594+0000] {logging_mixin.py:190} INFO - [2026-08-06T04:49:52.594+0000] {dag.py:3239} INFO - Sync 1 DAGs
[2026-08-06T04:49:52.618+0000] {logging_mixin.py:190} INFO - [2026-08-06T04:49:52.618+0000] {dag.py:4180} INFO - Setting next_dagrun for example_short_circuit_decorator to None, run_after=None
[2026-08-06T04:49:52.646+0000] {processor.py:208} INFO - Processing /home/airflow/.local/lib/python3.12/site-packages/airflow/example_dags/example_short_circuit_decorator.py took 0.114 seconds
[2026-08-06T04:50:24.048+0000] {processor.py:186} INFO - Started process (PID=565) to work on /home/airflow/.local/lib/python3.12/site-packages/airflow/example_dags/example_short_circuit_decorator.py
[2026-08-06T04:50:24.050+0000] {processor.py:914} INFO - Processing file /home/airflow/.local/lib/python3.12/site-packages/airflow/example_dags/example_short_circuit_decorator.py for tasks to queue
[2026-08-06T04:50:24.054+0000] {logging_mixin.py:190} INFO - [2026-08-06T04:50:24.053+0000] {dagbag.py:588} INFO - Filling up the DagBag from /home/airflow/.local/lib/python3.12/site-packages/airflow/example_dags/example_short_circuit_decorator.py
[2026-08-06T04:50:24.070+0000] {processor.py:925} INFO - DAG(s) 'example_short_circuit_decorator' retrieved from /home/airflow/.local/lib/python3.12/site-packages/airflow/example_dags/example_short_circuit_decorator.py
[2026-08-06T04:50:24.118+0000] {logging_mixin.py:190} INFO - [2026-08-06T04:50:24.118+0000] {dag.py:3239} INFO - Sync 1 DAGs
[2026-08-06T04:50:24.143+0000] {logging_mixin.py:190} INFO - [2026-08-06T04:50:24.142+0000] {dag.py:4180} INFO - Setting next_dagrun for example_short_circuit_decorator to None, run_after=None
[2026-08-06T04:50:24.200+0000] {processor.py:208} INFO - Processing /home/airflow/.local/lib/python3.12/site-packages/airflow/example_dags/example_short_circuit_decorator.py took 0.162 seconds
[2026-08-06T04:50:56.064+0000] {processor.py:186} INFO - Started process (PID=628) to work on /home/airflow/.local/lib/python3.12/site-packages/airflow/example_dags/example_short_circuit_decorator.py
[2026-08-06T04:50:56.068+0000] {processor.py:914} INFO - Processing file /home/airflow/.local/lib/python3.12/site-packages/airflow/example_dags/example_short_circuit_decorator.py for tasks to queue
[2026-08-06T04:50:56.073+0000] {logging_mixin.py:190} INFO - [2026-08-06T04:50:56.072+0000] {dagbag.py:588} INFO - Filling up the DagBag from /home/airflow/.local/lib/python3.12/site-packages/airflow/example_dags/example_short_circuit_decorator.py
[2026-08-06T04:50:56.103+0000] {processor.py:925} INFO - DAG(s) 'example_short_circuit_decorator' retrieved from /home/airflow/.local/lib/python3.12/site-packages/airflow/example_dags/example_short_circuit_decorator.py
[2026-08-06T04:50:56.159+0000] {logging_mixin.py:190} INFO - [2026-08-06T04:50:56.158+0000] {dag.py:3239} INFO - Sync 1 DAGs
[2026-08-06T04:50:56.180+0000] {logging_mixin.py:190} INFO - [2026-08-06T04:50:56.180+0000] {dag.py:4180} INFO - Setting next_dagrun for example_short_circuit_decorator to None, run_after=None
[2026-08-06T04:50:56.217+0000] {processor.py:208} INFO - Processing /home/airflow/.local/lib/python3.12/site-packages/airflow/example_dags/example_short_circuit_decorator.py took 0.167 seconds
[2026-08-06T04:51:28.041+0000] {processor.py:186} INFO - Started process (PID=691) to work on /home/airflow/.local/lib/python3.12/site-packages/airflow/example_dags/example_short_circuit_decorator.py
[2026-08-06T04:51:28.043+0000] {processor.py:914} INFO - Processing file /home/airflow/.local/lib/python3.12/site-packages/airflow/example_dags/example_short_circuit_decorator.py for tasks to queue
[2026-08-06T04:51:28.046+0000] {logging_mixin.py:190} INFO - [2026-08-06T04:51:28.046+0000] {dagbag.py:588} INFO - Filling up the DagBag from /home/airflow/.local/lib/python3.12/site-packages/airflow/example_dags/example_short_circuit_decorator.py
[2026-08-06T04:51:28.060+0000] {processor.py:925} INFO - DAG(s) 'example_short_circuit_decorator' retrieved from /home/airflow/.local/lib/python3.12/site-packages/airflow/example_dags/example_short_circuit_decorator.py
[2026-08-06T04:51:28.090+0000] {logging_mixin.py:190} INFO - [2026-08-06T04:51:28.089+0000] {dag.py:3239} INFO - Sync 1 DAGs
[2026-08-06T04:51:28.115+0000] {logging_mixin.py:190} INFO - [2026-08-06T04:51:28.115+0000] {dag.py:4180} INFO - Setting next_dagrun for example_short_circuit_decorator to None, run_after=None
[2026-08-06T04:51:28.185+0000] {processor.py:208} INFO - Processing /home/airflow/.local/lib/python3.12/site-packages/airflow/example_dags/example_short_circuit_decorator.py took 0.153 seconds
[2026-08-06T04:51:59.102+0000] {processor.py:186} INFO - Started process (PID=754) to work on /home/airflow/.local/lib/python3.12/site-packages/airflow/example_dags/example_short_circuit_decorator.py
[2026-08-06T04:51:59.104+0000] {processor.py:914} INFO - Processing file /home/airflow/.local/lib/python3.12/site-packages/airflow/example_dags/example_short_circuit_decorator.py for tasks to queue
[2026-08-06T04:51:59.107+0000] {logging_mixin.py:190} INFO - [2026-08-06T04:51:59.107+0000] {dagbag.py:588} INFO - Filling up the DagBag from /home/airflow/.local/lib/python3.12/site-packages/airflow/example_dags/example_short_circuit_decorator.py
[2026-08-06T04:51:59.120+0000] {processor.py:925} INFO - DAG(s) 'example_short_circuit_decorator' retrieved from /home/airflow/.local/lib/python3.12/site-packages/airflow/example_dags/example_short_circuit_decorator.py
[2026-08-06T04:51:59.178+0000] {logging_mixin.py:190} INFO - [2026-08-06T04:51:59.177+0000] {dag.py:3239} INFO - Sync 1 DAGs
[2026-08-06T04:51:59.217+0000] {logging_mixin.py:190} INFO - [2026-08-06T04:51:59.217+0000] {dag.py:4180} INFO - Setting next_dagrun for example_short_circuit_decorator to None, run_after=None
[2026-08-06T04:51:59.249+0000] {processor.py:208} INFO - Processing /home/airflow/.local/lib/python3.12/site-packages/airflow/example_dags/example_short_circuit_decorator.py took 0.154 seconds
[2026-08-06T04:52:30.686+0000] {processor.py:186} INFO - Started process (PID=818) to work on /home/airflow/.local/lib/python3.12/site-packages/airflow/example_dags/example_short_circuit_decorator.py
[2026-08-06T04:52:30.690+0000] {processor.py:914} INFO - Processing file /home/airflow/.local/lib/python3.12/site-packages/airflow/example_dags/example_short_circuit_decorator.py for tasks to queue
[2026-08-06T04:52:30.695+0000] {logging_mixin.py:190} INFO - [2026-08-06T04:52:30.694+0000] {dagbag.py:588} INFO - Filling up the DagBag from /home/airflow/.local/lib/python3.12/site-packages/airflow/example_dags/example_short_circuit_decorator.py
[2026-08-06T04:52:30.711+0000] {processor.py:925} INFO - DAG(s) 'example_short_circuit_decorator' retrieved from /home/airflow/.local/lib/python3.12/site-packages/airflow/example_dags/example_short_circuit_decorator.py
[2026-08-06T04:52:30.754+0000] {logging_mixin.py:190} INFO - [2026-08-06T04:52:30.753+0000] {dag.py:3239} INFO - Sync 1 DAGs
[2026-08-06T04:52:30.778+0000] {logging_mixin.py:190} INFO - [2026-08-06T04:52:30.778+0000] {dag.py:4180} INFO - Setting next_dagrun for example_short_circuit_decorator to None, run_after=None
[2026-08-06T04:52:30.816+0000] {processor.py:208} INFO - Processing /home/airflow/.local/lib/python3.12/site-packages/airflow/example_dags/example_short_circuit_decorator.py took 0.139 seconds
[2026-08-06T05:30:24.145+0000] {processor.py:186} INFO - Started process (PID=119) to work on /home/airflow/.local/lib/python3.12/site-packages/airflow/example_dags/example_short_circuit_decorator.py
[2026-08-06T05:30:24.148+0000] {processor.py:914} INFO - Processing file /home/airflow/.local/lib/python3.12/site-packages/airflow/example_dags/example_short_circuit_decorator.py for tasks to queue
[2026-08-06T05:30:24.152+0000] {logging_mixin.py:190} INFO - [2026-08-06T05:30:24.152+0000] {dagbag.py:588} INFO - Filling up the DagBag from /home/airflow/.local/lib/python3.12/site-packages/airflow/example_dags/example_short_circuit_decorator.py
[2026-08-06T05:30:24.172+0000] {processor.py:925} INFO - DAG(s) 'example_short_circuit_decorator' retrieved from /home/airflow/.local/lib/python3.12/site-packages/airflow/example_dags/example_short_circuit_decorator.py
[2026-08-06T05:30:24.199+0000] {logging_mixin.py:190} INFO - [2026-08-06T05:30:24.199+0000] {dag.py:3239} INFO - Sync 1 DAGs
[2026-08-06T05:30:24.218+0000] {logging_mixin.py:190} INFO - [2026-08-06T05:30:24.218+0000] {dag.py:4180} INFO - Setting next_dagrun for example_short_circuit_decorator to None, run_after=None
[2026-08-06T05:30:24.249+0000] {processor.py:208} INFO - Processing /home/airflow/.local/lib/python3.12/site-packages/airflow/example_dags/example_short_circuit_decorator.py took 0.112 seconds
[2026-08-06T05:30:54.630+0000] {processor.py:186} INFO - Started process (PID=182) to work on /home/airflow/.local/lib/python3.12/site-packages/airflow/example_dags/example_short_circuit_decorator.py
[2026-08-06T05:30:54.662+0000] {processor.py:914} INFO - Processing file /home/airflow/.local/lib/python3.12/site-packages/airflow/example_dags/example_short_circuit_decorator.py for tasks to queue
[2026-08-06T05:30:54.669+0000] {logging_mixin.py:190} INFO - [2026-08-06T05:30:54.669+0000] {dagbag.py:588} INFO - Filling up the DagBag from /home/airflow/.local/lib/python3.12/site-packages/airflow/example_dags/example_short_circuit_decorator.py
[2026-08-06T05:30:54.694+0000] {processor.py:925} INFO - DAG(s) 'example_short_circuit_decorator' retrieved from /home/airflow/.local/lib/python3.12/site-packages/airflow/example_dags/example_short_circuit_decorator.py
[2026-08-06T05:30:54.731+0000] {logging_mixin.py:190} INFO - [2026-08-06T05:30:54.731+0000] {dag.py:3239} INFO - Sync 1 DAGs
[2026-08-06T05:30:54.750+0000] {logging_mixin.py:190} INFO - [2026-08-06T05:30:54.749+0000] {dag.py:4180} INFO - Setting next_dagrun for example_short_circuit_decorator to None, run_after=None
[2026-08-06T05:30:54.792+0000] {processor.py:208} INFO - Processing /home/airflow/.local/lib/python3.12/site-packages/airflow/example_dags/example_short_circuit_decorator.py took 0.170 seconds
[2026-08-06T05:33:18.309+0000] {processor.py:186} INFO - Started process (PID=113) to work on /home/airflow/.local/lib/python3.12/site-packages/airflow/example_dags/example_short_circuit_decorator.py
[2026-08-06T05:33:18.311+0000] {processor.py:914} INFO - Processing file /home/airflow/.local/lib/python3.12/site-packages/airflow/example_dags/example_short_circuit_decorator.py for tasks to queue
[2026-08-06T05:33:18.315+0000] {logging_mixin.py:190} INFO - [2026-08-06T05:33:18.315+0000] {dagbag.py:588} INFO - Filling up the DagBag from /home/airflow/.local/lib/python3.12/site-packages/airflow/example_dags/example_short_circuit_decorator.py
[2026-08-06T05:33:18.329+0000] {processor.py:925} INFO - DAG(s) 'example_short_circuit_decorator' retrieved from /home/airflow/.local/lib/python3.12/site-packages/airflow/example_dags/example_short_circuit_decorator.py
[2026-08-06T05:33:18.361+0000] {logging_mixin.py:190} INFO - [2026-08-06T05:33:18.361+0000] {dag.py:3239} INFO - Sync 1 DAGs
[2026-08-06T05:33:18.382+0000] {logging_mixin.py:190} INFO - [2026-08-06T05:33:18.381+0000] {dag.py:4180} INFO - Setting next_dagrun for example_short_circuit_decorator to None, run_after=None
[2026-08-06T05:33:18.444+0000] {processor.py:208} INFO - Processing /home/airflow/.local/lib/python3.12/site-packages/airflow/example_dags/example_short_circuit_decorator.py took 0.143 seconds
[2026-08-06T05:33:49.320+0000] {processor.py:186} INFO - Started process (PID=176) to work on /home/airflow/.local/lib/python3.12/site-packages/airflow/example_dags/example_short_circuit_decorator.py
[2026-08-06T05:33:49.322+0000] {processor.py:914} INFO - Processing file /home/airflow/.local/lib/python3.12/site-packages/airflow/example_dags/example_short_circuit_decorator.py for tasks to queue
[2026-08-06T05:33:49.325+0000] {logging_mixin.py:190} INFO - [2026-08-06T05:33:49.324+0000] {dagbag.py:588} INFO - Filling up the DagBag from /home/airflow/.local/lib/python3.12/site-packages/airflow/example_dags/example_short_circuit_decorator.py
[2026-08-06T05:33:49.336+0000] {processor.py:925} INFO - DAG(s) 'example_short_circuit_decorator' retrieved from /home/airflow/.local/lib/python3.12/site-packages/airflow/example_dags/example_short_circuit_decorator.py
[2026-08-06T05:33:49.367+0000] {logging_mixin.py:190} INFO - [2026-08-06T05:33:49.366+0000] {dag.py:3239} INFO - Sync 1 DAGs
[2026-08-06T05:33:49.384+0000] {logging_mixin.py:190} INFO - [2026-08-06T05:33:49.384+0000] {dag.py:4180} INFO - Setting next_dagrun for example_short_circuit_decorator to None, run_after=None
[2026-08-06T05:33:49.409+0000] {processor.py:208} INFO - Processing /home/airflow/.local/lib/python3.12/site-packages/airflow/example_dags/example_short_circuit_decorator.py took 0.095 seconds
[2026-08-06T05:34:21.503+0000] {processor.py:186} INFO - Started process (PID=239) to work on /home/airflow/.local/lib/python3.12/site-packages/airflow/example_dags/example_short_circuit_decorator.py
[2026-08-06T05:34:21.505+0000] {processor.py:914} INFO - Processing file /home/airflow/.local/lib/python3.12/site-packages/airflow/example_dags/example_short_circuit_decorator.py for tasks to queue
[2026-08-06T05:34:21.508+0000] {logging_mixin.py:190} INFO - [2026-08-06T05:34:21.508+0000] {dagbag.py:588} INFO - Filling up the DagBag from /home/airflow/.local/lib/python3.12/site-packages/airflow/example_dags/example_short_circuit_decorator.py
[2026-08-06T05:34:21.522+0000] {processor.py:925} INFO - DAG(s) 'example_short_circuit_decorator' retrieved from /home/airflow/.local/lib/python3.12/site-packages/airflow/example_dags/example_short_circuit_decorator.py
[2026-08-06T05:34:21.553+0000] {logging_mixin.py:190} INFO - [2026-08-06T05:34:21.552+0000] {dag.py:3239} INFO - Sync 1 DAGs
[2026-08-06T05:34:21.572+0000] {logging_mixin.py:190} INFO - [2026-08-06T05:34:21.572+0000] {dag.py:4180} INFO - Setting next_dagrun for example_short_circuit_decorator to None, run_after=None
[2026-08-06T05:34:21.638+0000] {processor.py:208} INFO - Processing /home/airflow/.local/lib/python3.12/site-packages/airflow/example_dags/example_short_circuit_decorator.py took 0.143 seconds
[2026-08-06T05:34:52.586+0000] {processor.py:186} INFO - Started process (PID=302) to work on /home/airflow/.local/lib/python3.12/site-packages/airflow/example_dags/example_short_circuit_decorator.py
[2026-08-06T05:34:52.589+0000] {processor.py:914} INFO - Processing file /home/airflow/.local/lib/python3.12/site-packages/airflow/example_dags/example_short_circuit_decorator.py for tasks to queue
[2026-08-06T05:34:52.594+0000] {logging_mixin.py:190} INFO - [2026-08-06T05:34:52.593+0000] {dagbag.py:588} INFO - Filling up the DagBag from /home/airflow/.local/lib/python3.12/site-packages/airflow/example_dags/example_short_circuit_decorator.py
[2026-08-06T05:34:52.613+0000] {processor.py:925} INFO - DAG(s) 'example_short_circuit_decorator' retrieved from /home/airflow/.local/lib/python3.12/site-packages/airflow/example_dags/example_short_circuit_decorator.py
[2026-08-06T05:34:52.664+0000] {logging_mixin.py:190} INFO - [2026-08-06T05:34:52.663+0000] {dag.py:3239} INFO - Sync 1 DAGs
[2026-08-06T05:34:52.696+0000] {logging_mixin.py:190} INFO - [2026-08-06T05:34:52.695+0000] {dag.py:4180} INFO - Setting next_dagrun for example_short_circuit_decorator to None, run_after=None
[2026-08-06T05:34:52.764+0000] {processor.py:208} INFO - Processing /home/airflow/.local/lib/python3.12/site-packages/airflow/example_dags/example_short_circuit_decorator.py took 0.189 seconds
[2026-08-06T05:37:07.202+0000] {processor.py:186} INFO - Started process (PID=119) to work on /home/airflow/.local/lib/python3.12/site-packages/airflow/example_dags/example_short_circuit_decorator.py
[2026-08-06T05:37:07.204+0000] {processor.py:914} INFO - Processing file /home/airflow/.local/lib/python3.12/site-packages/airflow/example_dags/example_short_circuit_decorator.py for tasks to queue
[2026-08-06T05:37:07.209+0000] {logging_mixin.py:190} INFO - [2026-08-06T05:37:07.208+0000] {dagbag.py:588} INFO - Filling up the DagBag from /home/airflow/.local/lib/python3.12/site-packages/airflow/example_dags/example_short_circuit_decorator.py
[2026-08-06T05:37:07.226+0000] {processor.py:925} INFO - DAG(s) 'example_short_circuit_decorator' retrieved from /home/airflow/.local/lib/python3.12/site-packages/airflow/example_dags/example_short_circuit_decorator.py
[2026-08-06T05:37:07.266+0000] {logging_mixin.py:190} INFO - [2026-08-06T05:37:07.266+0000] {dag.py:3239} INFO - Sync 1 DAGs
[2026-08-06T05:37:07.289+0000] {logging_mixin.py:190} INFO - [2026-08-06T05:37:07.288+0000] {dag.py:4180} INFO - Setting next_dagrun for example_short_circuit_decorator to None, run_after=None
[2026-08-06T05:37:07.325+0000] {processor.py:208} INFO - Processing /home/airflow/.local/lib/python3.12/site-packages/airflow/example_dags/example_short_circuit_decorator.py took 0.132 seconds
[2026-08-06T05:37:38.520+0000] {processor.py:186} INFO - Started process (PID=183) to work on /home/airflow/.local/lib/python3.12/site-packages/airflow/example_dags/example_short_circuit_decorator.py
[2026-08-06T05:37:38.522+0000] {processor.py:914} INFO - Processing file /home/airflow/.local/lib/python3.12/site-packages/airflow/example_dags/example_short_circuit_decorator.py for tasks to queue
[2026-08-06T05:37:38.527+0000] {logging_mixin.py:190} INFO - [2026-08-06T05:37:38.527+0000] {dagbag.py:588} INFO - Filling up the DagBag from /home/airflow/.local/lib/python3.12/site-packages/airflow/example_dags/example_short_circuit_decorator.py
[2026-08-06T05:37:38.542+0000] {processor.py:925} INFO - DAG(s) 'example_short_circuit_decorator' retrieved from /home/airflow/.local/lib/python3.12/site-packages/airflow/example_dags/example_short_circuit_decorator.py
[2026-08-06T05:37:38.580+0000] {logging_mixin.py:190} INFO - [2026-08-06T05:37:38.580+0000] {dag.py:3239} INFO - Sync 1 DAGs
[2026-08-06T05:37:38.616+0000] {logging_mixin.py:190} INFO - [2026-08-06T05:37:38.615+0000] {dag.py:4180} INFO - Setting next_dagrun for example_short_circuit_decorator to None, run_after=None
[2026-08-06T05:37:38.655+0000] {processor.py:208} INFO - Processing /home/airflow/.local/lib/python3.12/site-packages/airflow/example_dags/example_short_circuit_decorator.py took 0.145 seconds
[2026-08-06T05:38:09.326+0000] {processor.py:186} INFO - Started process (PID=247) to work on /home/airflow/.local/lib/python3.12/site-packages/airflow/example_dags/example_short_circuit_decorator.py
[2026-08-06T05:38:09.329+0000] {processor.py:914} INFO - Processing file /home/airflow/.local/lib/python3.12/site-packages/airflow/example_dags/example_short_circuit_decorator.py for tasks to queue
[2026-08-06T05:38:09.337+0000] {logging_mixin.py:190} INFO - [2026-08-06T05:38:09.336+0000] {dagbag.py:588} INFO - Filling up the DagBag from /home/airflow/.local/lib/python3.12/site-packages/airflow/example_dags/example_short_circuit_decorator.py
[2026-08-06T05:38:09.360+0000] {processor.py:925} INFO - DAG(s) 'example_short_circuit_decorator' retrieved from /home/airflow/.local/lib/python3.12/site-packages/airflow/example_dags/example_short_circuit_decorator.py
[2026-08-06T05:38:09.410+0000] {logging_mixin.py:190} INFO - [2026-08-06T05:38:09.409+0000] {dag.py:3239} INFO - Sync 1 DAGs
[2026-08-06T05:38:09.434+0000] {logging_mixin.py:190} INFO - [2026-08-06T05:38:09.433+0000] {dag.py:4180} INFO - Setting next_dagrun for example_short_circuit_decorator to None, run_after=None
[2026-08-06T05:38:09.473+0000] {processor.py:208} INFO - Processing /home/airflow/.local/lib/python3.12/site-packages/airflow/example_dags/example_short_circuit_decorator.py took 0.161 seconds
[2026-08-06T05:38:46.306+0000] {processor.py:186} INFO - Started process (PID=326) to work on /home/airflow/.local/lib/python3.12/site-packages/airflow/example_dags/example_short_circuit_decorator.py
[2026-08-06T05:38:46.309+0000] {processor.py:914} INFO - Processing file /home/airflow/.local/lib/python3.12/site-packages/airflow/example_dags/example_short_circuit_decorator.py for tasks to queue
[2026-08-06T05:38:46.314+0000] {logging_mixin.py:190} INFO - [2026-08-06T05:38:46.313+0000] {dagbag.py:588} INFO - Filling up the DagBag from /home/airflow/.local/lib/python3.12/site-packages/airflow/example_dags/example_short_circuit_decorator.py
[2026-08-06T05:38:46.338+0000] {processor.py:925} INFO - DAG(s) 'example_short_circuit_decorator' retrieved from /home/airflow/.local/lib/python3.12/site-packages/airflow/example_dags/example_short_circuit_decorator.py
[2026-08-06T05:38:46.404+0000] {logging_mixin.py:190} INFO - [2026-08-06T05:38:46.403+0000] {dag.py:3239} INFO - Sync 1 DAGs
[2026-08-06T05:38:46.445+0000] {logging_mixin.py:190} INFO - [2026-08-06T05:38:46.445+0000] {dag.py:4180} INFO - Setting next_dagrun for example_short_circuit_decorator to None, run_after=None
[2026-08-06T05:38:46.505+0000] {processor.py:208} INFO - Processing /home/airflow/.local/lib/python3.12/site-packages/airflow/example_dags/example_short_circuit_decorator.py took 0.214 seconds
[2026-08-06T05:39:17.076+0000] {processor.py:186} INFO - Started process (PID=390) to work on /home/airflow/.local/lib/python3.12/site-packages/airflow/example_dags/example_short_circuit_decorator.py
[2026-08-06T05:39:17.078+0000] {processor.py:914} INFO - Processing file /home/airflow/.local/lib/python3.12/site-packages/airflow/example_dags/example_short_circuit_decorator.py for tasks to queue
[2026-08-06T05:39:17.081+0000] {logging_mixin.py:190} INFO - [2026-08-06T05:39:17.080+0000] {dagbag.py:588} INFO - Filling up the DagBag from /home/airflow/.local/lib/python3.12/site-packages/airflow/example_dags/example_short_circuit_decorator.py
[2026-08-06T05:39:17.093+0000] {processor.py:925} INFO - DAG(s) 'example_short_circuit_decorator' retrieved from /home/airflow/.local/lib/python3.12/site-packages/airflow/example_dags/example_short_circuit_decorator.py
[2026-08-06T05:39:17.120+0000] {logging_mixin.py:190} INFO - [2026-08-06T05:39:17.120+0000] {dag.py:3239} INFO - Sync 1 DAGs
[2026-08-06T05:39:17.137+0000] {logging_mixin.py:190} INFO - [2026-08-06T05:39:17.137+0000] {dag.py:4180} INFO - Setting next_dagrun for example_short_circuit_decorator to None, run_after=None
[2026-08-06T05:39:17.164+0000] {processor.py:208} INFO - Processing /home/airflow/.local/lib/python3.12/site-packages/airflow/example_dags/example_short_circuit_decorator.py took 0.095 seconds
[2026-08-06T05:39:49.563+0000] {processor.py:186} INFO - Started process (PID=454) to work on /home/airflow/.local/lib/python3.12/site-packages/airflow/example_dags/example_short_circuit_decorator.py
[2026-08-06T05:39:49.565+0000] {processor.py:914} INFO - Processing file /home/airflow/.local/lib/python3.12/site-packages/airflow/example_dags/example_short_circuit_decorator.py for tasks to queue
[2026-08-06T05:39:49.568+0000] {logging_mixin.py:190} INFO - [2026-08-06T05:39:49.568+0000] {dagbag.py:588} INFO - Filling up the DagBag from /home/airflow/.local/lib/python3.12/site-packages/airflow/example_dags/example_short_circuit_decorator.py
[2026-08-06T05:39:49.585+0000] {processor.py:925} INFO - DAG(s) 'example_short_circuit_decorator' retrieved from /home/airflow/.local/lib/python3.12/site-packages/airflow/example_dags/example_short_circuit_decorator.py
[2026-08-06T05:39:49.624+0000] {logging_mixin.py:190} INFO - [2026-08-06T05:39:49.623+0000] {dag.py:3239} INFO - Sync 1 DAGs
[2026-08-06T05:39:49.653+0000] {logging_mixin.py:190} INFO - [2026-08-06T05:39:49.652+0000] {dag.py:4180} INFO - Setting next_dagrun for example_short_circuit_decorator to None, run_after=None
[2026-08-06T05:39:49.689+0000] {processor.py:208} INFO - Processing /home/airflow/.local/lib/python3.12/site-packages/airflow/example_dags/example_short_circuit_decorator.py took 0.142 seconds
[2026-08-06T05:40:19.978+0000] {processor.py:186} INFO - Started process (PID=517) to work on /home/airflow/.local/lib/python3.12/site-packages/airflow/example_dags/example_short_circuit_decorator.py
[2026-08-06T05:40:19.980+0000] {processor.py:914} INFO - Processing file /home/airflow/.local/lib/python3.12/site-packages/airflow/example_dags/example_short_circuit_decorator.py for tasks to queue
[2026-08-06T05:40:19.985+0000] {logging_mixin.py:190} INFO - [2026-08-06T05:40:19.985+0000] {dagbag.py:588} INFO - Filling up the DagBag from /home/airflow/.local/lib/python3.12/site-packages/airflow/example_dags/example_short_circuit_decorator.py
[2026-08-06T05:40:20.006+0000] {processor.py:925} INFO - DAG(s) 'example_short_circuit_decorator' retrieved from /home/airflow/.local/lib/python3.12/site-packages/airflow/example_dags/example_short_circuit_decorator.py
[2026-08-06T05:40:20.050+0000] {logging_mixin.py:190} INFO - [2026-08-06T05:40:20.050+0000] {dag.py:3239} INFO - Sync 1 DAGs
[2026-08-06T05:40:20.076+0000] {logging_mixin.py:190} INFO - [2026-08-06T05:40:20.076+0000] {dag.py:4180} INFO - Setting next_dagrun for example_short_circuit_decorator to None, run_after=None
[2026-08-06T05:40:20.118+0000] {processor.py:208} INFO - Processing /home/airflow/.local/lib/python3.12/site-packages/airflow/example_dags/example_short_circuit_decorator.py took 0.152 seconds
[2026-08-06T05:40:51.343+0000] {processor.py:186} INFO - Started process (PID=581) to work on /home/airflow/.local/lib/python3.12/site-packages/airflow/example_dags/example_short_circuit_decorator.py
[2026-08-06T05:40:51.345+0000] {processor.py:914} INFO - Processing file /home/airflow/.local/lib/python3.12/site-packages/airflow/example_dags/example_short_circuit_decorator.py for tasks to queue
[2026-08-06T05:40:51.351+0000] {logging_mixin.py:190} INFO - [2026-08-06T05:40:51.350+0000] {dagbag.py:588} INFO - Filling up the DagBag from /home/airflow/.local/lib/python3.12/site-packages/airflow/example_dags/example_short_circuit_decorator.py
[2026-08-06T05:40:51.373+0000] {processor.py:925} INFO - DAG(s) 'example_short_circuit_decorator' retrieved from /home/airflow/.local/lib/python3.12/site-packages/airflow/example_dags/example_short_circuit_decorator.py
[2026-08-06T05:40:51.419+0000] {logging_mixin.py:190} INFO - [2026-08-06T05:40:51.419+0000] {dag.py:3239} INFO - Sync 1 DAGs
[2026-08-06T05:40:51.443+0000] {logging_mixin.py:190} INFO - [2026-08-06T05:40:51.443+0000] {dag.py:4180} INFO - Setting next_dagrun for example_short_circuit_decorator to None, run_after=None
[2026-08-06T05:40:51.483+0000] {processor.py:208} INFO - Processing /home/airflow/.local/lib/python3.12/site-packages/airflow/example_dags/example_short_circuit_decorator.py took 0.153 seconds
[2026-08-06T05:41:23.507+0000] {processor.py:186} INFO - Started process (PID=651) to work on /home/airflow/.local/lib/python3.12/site-packages/airflow/example_dags/example_short_circuit_decorator.py
[2026-08-06T05:41:23.513+0000] {processor.py:914} INFO - Processing file /home/airflow/.local/lib/python3.12/site-packages/airflow/example_dags/example_short_circuit_decorator.py for tasks to queue
[2026-08-06T05:41:23.520+0000] {logging_mixin.py:190} INFO - [2026-08-06T05:41:23.519+0000] {dagbag.py:588} INFO - Filling up the DagBag from /home/airflow/.local/lib/python3.12/site-packages/airflow/example_dags/example_short_circuit_decorator.py
[2026-08-06T05:41:23.545+0000] {processor.py:925} INFO - DAG(s) 'example_short_circuit_decorator' retrieved from /home/airflow/.local/lib/python3.12/site-packages/airflow/example_dags/example_short_circuit_decorator.py
[2026-08-06T05:41:23.590+0000] {logging_mixin.py:190} INFO - [2026-08-06T05:41:23.589+0000] {dag.py:3239} INFO - Sync 1 DAGs
[2026-08-06T05:41:23.643+0000] {logging_mixin.py:190} INFO - [2026-08-06T05:41:23.643+0000] {dag.py:4180} INFO - Setting next_dagrun for example_short_circuit_decorator to None, run_after=None
[2026-08-06T05:41:23.711+0000] {processor.py:208} INFO - Processing /home/airflow/.local/lib/python3.12/site-packages/airflow/example_dags/example_short_circuit_decorator.py took 0.218 seconds
[2026-08-06T05:41:54.657+0000] {processor.py:186} INFO - Started process (PID=714) to work on /home/airflow/.local/lib/python3.12/site-packages/airflow/example_dags/example_short_circuit_decorator.py
[2026-08-06T05:41:54.663+0000] {processor.py:914} INFO - Processing file /home/airflow/.local/lib/python3.12/site-packages/airflow/example_dags/example_short_circuit_decorator.py for tasks to queue
[2026-08-06T05:41:54.668+0000] {logging_mixin.py:190} INFO - [2026-08-06T05:41:54.667+0000] {dagbag.py:588} INFO - Filling up the DagBag from /home/airflow/.local/lib/python3.12/site-packages/airflow/example_dags/example_short_circuit_decorator.py
[2026-08-06T05:41:54.690+0000] {processor.py:925} INFO - DAG(s) 'example_short_circuit_decorator' retrieved from /home/airflow/.local/lib/python3.12/site-packages/airflow/example_dags/example_short_circuit_decorator.py
[2026-08-06T05:41:54.723+0000] {logging_mixin.py:190} INFO - [2026-08-06T05:41:54.723+0000] {dag.py:3239} INFO - Sync 1 DAGs
[2026-08-06T05:41:54.779+0000] {logging_mixin.py:190} INFO - [2026-08-06T05:41:54.779+0000] {dag.py:4180} INFO - Setting next_dagrun for example_short_circuit_decorator to None, run_after=None
[2026-08-06T05:41:54.846+0000] {processor.py:208} INFO - Processing /home/airflow/.local/lib/python3.12/site-packages/airflow/example_dags/example_short_circuit_decorator.py took 0.199 seconds
[2026-08-06T05:42:26.389+0000] {processor.py:186} INFO - Started process (PID=778) to work on /home/airflow/.local/lib/python3.12/site-packages/airflow/example_dags/example_short_circuit_decorator.py
[2026-08-06T05:42:26.393+0000] {processor.py:914} INFO - Processing file /home/airflow/.local/lib/python3.12/site-packages/airflow/example_dags/example_short_circuit_decorator.py for tasks to queue
[2026-08-06T05:42:26.397+0000] {logging_mixin.py:190} INFO - [2026-08-06T05:42:26.396+0000] {dagbag.py:588} INFO - Filling up the DagBag from /home/airflow/.local/lib/python3.12/site-packages/airflow/example_dags/example_short_circuit_decorator.py
[2026-08-06T05:42:26.415+0000] {processor.py:925} INFO - DAG(s) 'example_short_circuit_decorator' retrieved from /home/airflow/.local/lib/python3.12/site-packages/airflow/example_dags/example_short_circuit_decorator.py
[2026-08-06T05:42:26.450+0000] {logging_mixin.py:190} INFO - [2026-08-06T05:42:26.449+0000] {dag.py:3239} INFO - Sync 1 DAGs
[2026-08-06T05:42:26.478+0000] {logging_mixin.py:190} INFO - [2026-08-06T05:42:26.477+0000] {dag.py:4180} INFO - Setting next_dagrun for example_short_circuit_decorator to None, run_after=None
[2026-08-06T05:42:26.548+0000] {processor.py:208} INFO - Processing /home/airflow/.local/lib/python3.12/site-packages/airflow/example_dags/example_short_circuit_decorator.py took 0.168 seconds
[2026-08-06T05:42:57.663+0000] {processor.py:186} INFO - Started process (PID=842) to work on /home/airflow/.local/lib/python3.12/site-packages/airflow/example_dags/example_short_circuit_decorator.py
[2026-08-06T05:42:57.666+0000] {processor.py:914} INFO - Processing file /home/airflow/.local/lib/python3.12/site-packages/airflow/example_dags/example_short_circuit_decorator.py for tasks to queue
[2026-08-06T05:42:57.671+0000] {logging_mixin.py:190} INFO - [2026-08-06T05:42:57.671+0000] {dagbag.py:588} INFO - Filling up the DagBag from /home/airflow/.local/lib/python3.12/site-packages/airflow/example_dags/example_short_circuit_decorator.py
[2026-08-06T05:42:57.692+0000] {processor.py:925} INFO - DAG(s) 'example_short_circuit_decorator' retrieved from /home/airflow/.local/lib/python3.12/site-packages/airflow/example_dags/example_short_circuit_decorator.py
[2026-08-06T05:42:57.776+0000] {logging_mixin.py:190} INFO - [2026-08-06T05:42:57.776+0000] {dag.py:3239} INFO - Sync 1 DAGs
[2026-08-06T05:42:57.812+0000] {logging_mixin.py:190} INFO - [2026-08-06T05:42:57.812+0000] {dag.py:4180} INFO - Setting next_dagrun for example_short_circuit_decorator to None, run_after=None
[2026-08-06T05:42:57.899+0000] {processor.py:208} INFO - Processing /home/airflow/.local/lib/python3.12/site-packages/airflow/example_dags/example_short_circuit_decorator.py took 0.244 seconds
[2026-08-06T05:43:28.153+0000] {processor.py:186} INFO - Started process (PID=905) to work on /home/airflow/.local/lib/python3.12/site-packages/airflow/example_dags/example_short_circuit_decorator.py
[2026-08-06T05:43:28.155+0000] {processor.py:914} INFO - Processing file /home/airflow/.local/lib/python3.12/site-packages/airflow/example_dags/example_short_circuit_decorator.py for tasks to queue
[2026-08-06T05:43:28.159+0000] {logging_mixin.py:190} INFO - [2026-08-06T05:43:28.159+0000] {dagbag.py:588} INFO - Filling up the DagBag from /home/airflow/.local/lib/python3.12/site-packages/airflow/example_dags/example_short_circuit_decorator.py
[2026-08-06T05:43:28.176+0000] {processor.py:925} INFO - DAG(s) 'example_short_circuit_decorator' retrieved from /home/airflow/.local/lib/python3.12/site-packages/airflow/example_dags/example_short_circuit_decorator.py
[2026-08-06T05:43:28.216+0000] {logging_mixin.py:190} INFO - [2026-08-06T05:43:28.216+0000] {dag.py:3239} INFO - Sync 1 DAGs
[2026-08-06T05:43:28.238+0000] {logging_mixin.py:190} INFO - [2026-08-06T05:43:28.238+0000] {dag.py:4180} INFO - Setting next_dagrun for example_short_circuit_decorator to None, run_after=None
[2026-08-06T05:43:28.273+0000] {processor.py:208} INFO - Processing /home/airflow/.local/lib/python3.12/site-packages/airflow/example_dags/example_short_circuit_decorator.py took 0.132 seconds
[2026-08-06T05:43:58.889+0000] {processor.py:186} INFO - Started process (PID=984) to work on /home/airflow/.local/lib/python3.12/site-packages/airflow/example_dags/example_short_circuit_decorator.py
[2026-08-06T05:43:58.892+0000] {processor.py:914} INFO - Processing file /home/airflow/.local/lib/python3.12/site-packages/airflow/example_dags/example_short_circuit_decorator.py for tasks to queue
[2026-08-06T05:43:58.896+0000] {logging_mixin.py:190} INFO - [2026-08-06T05:43:58.896+0000] {dagbag.py:588} INFO - Filling up the DagBag from /home/airflow/.local/lib/python3.12/site-packages/airflow/example_dags/example_short_circuit_decorator.py
[2026-08-06T05:43:58.912+0000] {processor.py:925} INFO - DAG(s) 'example_short_circuit_decorator' retrieved from /home/airflow/.local/lib/python3.12/site-packages/airflow/example_dags/example_short_circuit_decorator.py
[2026-08-06T05:43:58.952+0000] {logging_mixin.py:190} INFO - [2026-08-06T05:43:58.951+0000] {dag.py:3239} INFO - Sync 1 DAGs
[2026-08-06T05:43:58.981+0000] {logging_mixin.py:190} INFO - [2026-08-06T05:43:58.981+0000] {dag.py:4180} INFO - Setting next_dagrun for example_short_circuit_decorator to None, run_after=None
[2026-08-06T05:43:59.021+0000] {processor.py:208} INFO - Processing /home/airflow/.local/lib/python3.12/site-packages/airflow/example_dags/example_short_circuit_decorator.py took 0.141 seconds
[2026-08-06T05:44:30.088+0000] {processor.py:186} INFO - Started process (PID=1048) to work on /home/airflow/.local/lib/python3.12/site-packages/airflow/example_dags/example_short_circuit_decorator.py
[2026-08-06T05:44:30.091+0000] {processor.py:914} INFO - Processing file /home/airflow/.local/lib/python3.12/site-packages/airflow/example_dags/example_short_circuit_decorator.py for tasks to queue
[2026-08-06T05:44:30.097+0000] {logging_mixin.py:190} INFO - [2026-08-06T05:44:30.096+0000] {dagbag.py:588} INFO - Filling up the DagBag from /home/airflow/.local/lib/python3.12/site-packages/airflow/example_dags/example_short_circuit_decorator.py
[2026-08-06T05:44:30.118+0000] {processor.py:925} INFO - DAG(s) 'example_short_circuit_decorator' retrieved from /home/airflow/.local/lib/python3.12/site-packages/airflow/example_dags/example_short_circuit_decorator.py
[2026-08-06T05:44:30.183+0000] {logging_mixin.py:190} INFO - [2026-08-06T05:44:30.182+0000] {dag.py:3239} INFO - Sync 1 DAGs
[2026-08-06T05:44:30.208+0000] {logging_mixin.py:190} INFO - [2026-08-06T05:44:30.207+0000] {dag.py:4180} INFO - Setting next_dagrun for example_short_circuit_decorator to None, run_after=None
[2026-08-06T05:44:30.264+0000] {processor.py:208} INFO - Processing /home/airflow/.local/lib/python3.12/site-packages/airflow/example_dags/example_short_circuit_decorator.py took 0.189 seconds
[2026-08-06T05:45:02.997+0000] {processor.py:186} INFO - Started process (PID=1111) to work on /home/airflow/.local/lib/python3.12/site-packages/airflow/example_dags/example_short_circuit_decorator.py
[2026-08-06T05:45:02.999+0000] {processor.py:914} INFO - Processing file /home/airflow/.local/lib/python3.12/site-packages/airflow/example_dags/example_short_circuit_decorator.py for tasks to queue
[2026-08-06T05:45:03.005+0000] {logging_mixin.py:190} INFO - [2026-08-06T05:45:03.004+0000] {dagbag.py:588} INFO - Filling up the DagBag from /home/airflow/.local/lib/python3.12/site-packages/airflow/example_dags/example_short_circuit_decorator.py
[2026-08-06T05:45:03.037+0000] {processor.py:925} INFO - DAG(s) 'example_short_circuit_decorator' retrieved from /home/airflow/.local/lib/python3.12/site-packages/airflow/example_dags/example_short_circuit_decorator.py
[2026-08-06T05:45:03.099+0000] {logging_mixin.py:190} INFO - [2026-08-06T05:45:03.098+0000] {dag.py:3239} INFO - Sync 1 DAGs
[2026-08-06T05:45:03.143+0000] {logging_mixin.py:190} INFO - [2026-08-06T05:45:03.143+0000] {dag.py:4180} INFO - Setting next_dagrun for example_short_circuit_decorator to None, run_after=None
[2026-08-06T05:45:03.196+0000] {processor.py:208} INFO - Processing /home/airflow/.local/lib/python3.12/site-packages/airflow/example_dags/example_short_circuit_decorator.py took 0.209 seconds
[2026-08-06T05:45:35.323+0000] {processor.py:186} INFO - Started process (PID=1175) to work on /home/airflow/.local/lib/python3.12/site-packages/airflow/example_dags/example_short_circuit_decorator.py
[2026-08-06T05:45:35.328+0000] {processor.py:914} INFO - Processing file /home/airflow/.local/lib/python3.12/site-packages/airflow/example_dags/example_short_circuit_decorator.py for tasks to queue
[2026-08-06T05:45:35.332+0000] {logging_mixin.py:190} INFO - [2026-08-06T05:45:35.331+0000] {dagbag.py:588} INFO - Filling up the DagBag from /home/airflow/.local/lib/python3.12/site-packages/airflow/example_dags/example_short_circuit_decorator.py
[2026-08-06T05:45:35.349+0000] {processor.py:925} INFO - DAG(s) 'example_short_circuit_decorator' retrieved from /home/airflow/.local/lib/python3.12/site-packages/airflow/example_dags/example_short_circuit_decorator.py
[2026-08-06T05:45:35.386+0000] {logging_mixin.py:190} INFO - [2026-08-06T05:45:35.386+0000] {dag.py:3239} INFO - Sync 1 DAGs
[2026-08-06T05:45:35.411+0000] {logging_mixin.py:190} INFO - [2026-08-06T05:45:35.410+0000] {dag.py:4180} INFO - Setting next_dagrun for example_short_circuit_decorator to None, run_after=None
[2026-08-06T05:45:35.440+0000] {processor.py:208} INFO - Processing /home/airflow/.local/lib/python3.12/site-packages/airflow/example_dags/example_short_circuit_decorator.py took 0.130 seconds
[2026-08-06T05:46:06.692+0000] {processor.py:186} INFO - Started process (PID=1239) to work on /home/airflow/.local/lib/python3.12/site-packages/airflow/example_dags/example_short_circuit_decorator.py
[2026-08-06T05:46:06.708+0000] {processor.py:914} INFO - Processing file /home/airflow/.local/lib/python3.12/site-packages/airflow/example_dags/example_short_circuit_decorator.py for tasks to queue
[2026-08-06T05:46:06.728+0000] {logging_mixin.py:190} INFO - [2026-08-06T05:46:06.727+0000] {dagbag.py:588} INFO - Filling up the DagBag from /home/airflow/.local/lib/python3.12/site-packages/airflow/example_dags/example_short_circuit_decorator.py
[2026-08-06T05:46:06.753+0000] {processor.py:925} INFO - DAG(s) 'example_short_circuit_decorator' retrieved from /home/airflow/.local/lib/python3.12/site-packages/airflow/example_dags/example_short_circuit_decorator.py
[2026-08-06T05:46:06.820+0000] {logging_mixin.py:190} INFO - [2026-08-06T05:46:06.819+0000] {dag.py:3239} INFO - Sync 1 DAGs
[2026-08-06T05:46:06.850+0000] {logging_mixin.py:190} INFO - [2026-08-06T05:46:06.850+0000] {dag.py:4180} INFO - Setting next_dagrun for example_short_circuit_decorator to None, run_after=None
[2026-08-06T05:46:06.891+0000] {processor.py:208} INFO - Processing /home/airflow/.local/lib/python3.12/site-packages/airflow/example_dags/example_short_circuit_decorator.py took 0.212 seconds
[2026-08-06T05:46:37.747+0000] {processor.py:186} INFO - Started process (PID=1303) to work on /home/airflow/.local/lib/python3.12/site-packages/airflow/example_dags/example_short_circuit_decorator.py
[2026-08-06T05:46:37.750+0000] {processor.py:914} INFO - Processing file /home/airflow/.local/lib/python3.12/site-packages/airflow/example_dags/example_short_circuit_decorator.py for tasks to queue
[2026-08-06T05:46:37.757+0000] {logging_mixin.py:190} INFO - [2026-08-06T05:46:37.756+0000] {dagbag.py:588} INFO - Filling up the DagBag from /home/airflow/.local/lib/python3.12/site-packages/airflow/example_dags/example_short_circuit_decorator.py
[2026-08-06T05:46:37.777+0000] {processor.py:925} INFO - DAG(s) 'example_short_circuit_decorator' retrieved from /home/airflow/.local/lib/python3.12/site-packages/airflow/example_dags/example_short_circuit_decorator.py
[2026-08-06T05:46:37.816+0000] {logging_mixin.py:190} INFO - [2026-08-06T05:46:37.815+0000] {dag.py:3239} INFO - Sync 1 DAGs
[2026-08-06T05:46:37.841+0000] {logging_mixin.py:190} INFO - [2026-08-06T05:46:37.840+0000] {dag.py:4180} INFO - Setting next_dagrun for example_short_circuit_decorator to None, run_after=None
[2026-08-06T05:46:37.880+0000] {processor.py:208} INFO - Processing /home/airflow/.local/lib/python3.12/site-packages/airflow/example_dags/example_short_circuit_decorator.py took 0.145 seconds
[2026-08-06T05:47:10.051+0000] {processor.py:186} INFO - Started process (PID=1367) to work on /home/airflow/.local/lib/python3.12/site-packages/airflow/example_dags/example_short_circuit_decorator.py
[2026-08-06T05:47:10.053+0000] {processor.py:914} INFO - Processing file /home/airflow/.local/lib/python3.12/site-packages/airflow/example_dags/example_short_circuit_decorator.py for tasks to queue
[2026-08-06T05:47:10.059+0000] {logging_mixin.py:190} INFO - [2026-08-06T05:47:10.058+0000] {dagbag.py:588} INFO - Filling up the DagBag from /home/airflow/.local/lib/python3.12/site-packages/airflow/example_dags/example_short_circuit_decorator.py
[2026-08-06T05:47:10.075+0000] {processor.py:925} INFO - DAG(s) 'example_short_circuit_decorator' retrieved from /home/airflow/.local/lib/python3.12/site-packages/airflow/example_dags/example_short_circuit_decorator.py
[2026-08-06T05:47:10.113+0000] {logging_mixin.py:190} INFO - [2026-08-06T05:47:10.113+0000] {dag.py:3239} INFO - Sync 1 DAGs
[2026-08-06T05:47:10.133+0000] {logging_mixin.py:190} INFO - [2026-08-06T05:47:10.132+0000] {dag.py:4180} INFO - Setting next_dagrun for example_short_circuit_decorator to None, run_after=None
[2026-08-06T05:47:10.179+0000] {processor.py:208} INFO - Processing /home/airflow/.local/lib/python3.12/site-packages/airflow/example_dags/example_short_circuit_decorator.py took 0.138 seconds
[2026-08-06T05:47:41.152+0000] {processor.py:186} INFO - Started process (PID=1431) to work on /home/airflow/.local/lib/python3.12/site-packages/airflow/example_dags/example_short_circuit_decorator.py
[2026-08-06T05:47:41.154+0000] {processor.py:914} INFO - Processing file /home/airflow/.local/lib/python3.12/site-packages/airflow/example_dags/example_short_circuit_decorator.py for tasks to queue
[2026-08-06T05:47:41.158+0000] {logging_mixin.py:190} INFO - [2026-08-06T05:47:41.157+0000] {dagbag.py:588} INFO - Filling up the DagBag from /home/airflow/.local/lib/python3.12/site-packages/airflow/example_dags/example_short_circuit_decorator.py
[2026-08-06T05:47:41.173+0000] {processor.py:925} INFO - DAG(s) 'example_short_circuit_decorator' retrieved from /home/airflow/.local/lib/python3.12/site-packages/airflow/example_dags/example_short_circuit_decorator.py
[2026-08-06T05:47:41.211+0000] {logging_mixin.py:190} INFO - [2026-08-06T05:47:41.211+0000] {dag.py:3239} INFO - Sync 1 DAGs
[2026-08-06T05:47:41.232+0000] {logging_mixin.py:190} INFO - [2026-08-06T05:47:41.231+0000] {dag.py:4180} INFO - Setting next_dagrun for example_short_circuit_decorator to None, run_after=None
[2026-08-06T05:47:41.275+0000] {processor.py:208} INFO - Processing /home/airflow/.local/lib/python3.12/site-packages/airflow/example_dags/example_short_circuit_decorator.py took 0.135 seconds
[2026-08-06T05:48:12.877+0000] {processor.py:186} INFO - Started process (PID=1495) to work on /home/airflow/.local/lib/python3.12/site-packages/airflow/example_dags/example_short_circuit_decorator.py
[2026-08-06T05:48:12.880+0000] {processor.py:914} INFO - Processing file /home/airflow/.local/lib/python3.12/site-packages/airflow/example_dags/example_short_circuit_decorator.py for tasks to queue
[2026-08-06T05:48:12.886+0000] {logging_mixin.py:190} INFO - [2026-08-06T05:48:12.885+0000] {dagbag.py:588} INFO - Filling up the DagBag from /home/airflow/.local/lib/python3.12/site-packages/airflow/example_dags/example_short_circuit_decorator.py
[2026-08-06T05:48:12.909+0000] {processor.py:925} INFO - DAG(s) 'example_short_circuit_decorator' retrieved from /home/airflow/.local/lib/python3.12/site-packages/airflow/example_dags/example_short_circuit_decorator.py
[2026-08-06T05:48:12.976+0000] {logging_mixin.py:190} INFO - [2026-08-06T05:48:12.975+0000] {dag.py:3239} INFO - Sync 1 DAGs
[2026-08-06T05:48:13.003+0000] {logging_mixin.py:190} INFO - [2026-08-06T05:48:13.003+0000] {dag.py:4180} INFO - Setting next_dagrun for example_short_circuit_decorator to None, run_after=None
[2026-08-06T05:48:13.075+0000] {processor.py:208} INFO - Processing /home/airflow/.local/lib/python3.12/site-packages/airflow/example_dags/example_short_circuit_decorator.py took 0.211 seconds
[2026-08-06T05:48:43.722+0000] {processor.py:186} INFO - Started process (PID=1559) to work on /home/airflow/.local/lib/python3.12/site-packages/airflow/example_dags/example_short_circuit_decorator.py
[2026-08-06T05:48:43.725+0000] {processor.py:914} INFO - Processing file /home/airflow/.local/lib/python3.12/site-packages/airflow/example_dags/example_short_circuit_decorator.py for tasks to queue
[2026-08-06T05:48:43.729+0000] {logging_mixin.py:190} INFO - [2026-08-06T05:48:43.728+0000] {dagbag.py:588} INFO - Filling up the DagBag from /home/airflow/.local/lib/python3.12/site-packages/airflow/example_dags/example_short_circuit_decorator.py
[2026-08-06T05:48:43.756+0000] {processor.py:925} INFO - DAG(s) 'example_short_circuit_decorator' retrieved from /home/airflow/.local/lib/python3.12/site-packages/airflow/example_dags/example_short_circuit_decorator.py
[2026-08-06T05:48:43.804+0000] {logging_mixin.py:190} INFO - [2026-08-06T05:48:43.803+0000] {dag.py:3239} INFO - Sync 1 DAGs
[2026-08-06T05:48:43.831+0000] {logging_mixin.py:190} INFO - [2026-08-06T05:48:43.831+0000] {dag.py:4180} INFO - Setting next_dagrun for example_short_circuit_decorator to None, run_after=None
[2026-08-06T05:48:43.881+0000] {processor.py:208} INFO - Processing /home/airflow/.local/lib/python3.12/site-packages/airflow/example_dags/example_short_circuit_decorator.py took 0.169 seconds
[2026-08-06T05:49:15.232+0000] {processor.py:186} INFO - Started process (PID=1638) to work on /home/airflow/.local/lib/python3.12/site-packages/airflow/example_dags/example_short_circuit_decorator.py
[2026-08-06T05:49:15.322+0000] {processor.py:914} INFO - Processing file /home/airflow/.local/lib/python3.12/site-packages/airflow/example_dags/example_short_circuit_decorator.py for tasks to queue
[2026-08-06T05:49:15.330+0000] {logging_mixin.py:190} INFO - [2026-08-06T05:49:15.329+0000] {dagbag.py:588} INFO - Filling up the DagBag from /home/airflow/.local/lib/python3.12/site-packages/airflow/example_dags/example_short_circuit_decorator.py
[2026-08-06T05:49:15.365+0000] {processor.py:925} INFO - DAG(s) 'example_short_circuit_decorator' retrieved from /home/airflow/.local/lib/python3.12/site-packages/airflow/example_dags/example_short_circuit_decorator.py
[2026-08-06T05:49:15.412+0000] {logging_mixin.py:190} INFO - [2026-08-06T05:49:15.412+0000] {dag.py:3239} INFO - Sync 1 DAGs
[2026-08-06T05:49:15.510+0000] {logging_mixin.py:190} INFO - [2026-08-06T05:49:15.510+0000] {dag.py:4180} INFO - Setting next_dagrun for example_short_circuit_decorator to None, run_after=None
[2026-08-06T05:49:15.667+0000] {processor.py:208} INFO - Processing /home/airflow/.local/lib/python3.12/site-packages/airflow/example_dags/example_short_circuit_decorator.py took 0.447 seconds
[2026-08-06T05:49:46.613+0000] {processor.py:186} INFO - Started process (PID=1702) to work on /home/airflow/.local/lib/python3.12/site-packages/airflow/example_dags/example_short_circuit_decorator.py
[2026-08-06T05:49:46.614+0000] {processor.py:914} INFO - Processing file /home/airflow/.local/lib/python3.12/site-packages/airflow/example_dags/example_short_circuit_decorator.py for tasks to queue
[2026-08-06T05:49:46.618+0000] {logging_mixin.py:190} INFO - [2026-08-06T05:49:46.617+0000] {dagbag.py:588} INFO - Filling up the DagBag from /home/airflow/.local/lib/python3.12/site-packages/airflow/example_dags/example_short_circuit_decorator.py
[2026-08-06T05:49:46.633+0000] {processor.py:925} INFO - DAG(s) 'example_short_circuit_decorator' retrieved from /home/airflow/.local/lib/python3.12/site-packages/airflow/example_dags/example_short_circuit_decorator.py
[2026-08-06T05:49:46.680+0000] {logging_mixin.py:190} INFO - [2026-08-06T05:49:46.679+0000] {dag.py:3239} INFO - Sync 1 DAGs
[2026-08-06T05:49:46.707+0000] {logging_mixin.py:190} INFO - [2026-08-06T05:49:46.706+0000] {dag.py:4180} INFO - Setting next_dagrun for example_short_circuit_decorator to None, run_after=None
[2026-08-06T05:49:46.770+0000] {processor.py:208} INFO - Processing /home/airflow/.local/lib/python3.12/site-packages/airflow/example_dags/example_short_circuit_decorator.py took 0.169 seconds
[2026-08-06T05:50:17.496+0000] {processor.py:186} INFO - Started process (PID=1766) to work on /home/airflow/.local/lib/python3.12/site-packages/airflow/example_dags/example_short_circuit_decorator.py
[2026-08-06T05:50:17.521+0000] {processor.py:914} INFO - Processing file /home/airflow/.local/lib/python3.12/site-packages/airflow/example_dags/example_short_circuit_decorator.py for tasks to queue
[2026-08-06T05:50:17.551+0000] {logging_mixin.py:190} INFO - [2026-08-06T05:50:17.551+0000] {dagbag.py:588} INFO - Filling up the DagBag from /home/airflow/.local/lib/python3.12/site-packages/airflow/example_dags/example_short_circuit_decorator.py
[2026-08-06T05:50:17.578+0000] {processor.py:925} INFO - DAG(s) 'example_short_circuit_decorator' retrieved from /home/airflow/.local/lib/python3.12/site-packages/airflow/example_dags/example_short_circuit_decorator.py
[2026-08-06T05:50:17.630+0000] {logging_mixin.py:190} INFO - [2026-08-06T05:50:17.629+0000] {dag.py:3239} INFO - Sync 1 DAGs
[2026-08-06T05:50:17.665+0000] {logging_mixin.py:190} INFO - [2026-08-06T05:50:17.665+0000] {dag.py:4180} INFO - Setting next_dagrun for example_short_circuit_decorator to None, run_after=None
[2026-08-06T05:50:17.701+0000] {processor.py:208} INFO - Processing /home/airflow/.local/lib/python3.12/site-packages/airflow/example_dags/example_short_circuit_decorator.py took 0.217 seconds
[2026-08-06T05:50:48.644+0000] {processor.py:186} INFO - Started process (PID=1830) to work on /home/airflow/.local/lib/python3.12/site-packages/airflow/example_dags/example_short_circuit_decorator.py
[2026-08-06T05:50:48.646+0000] {processor.py:914} INFO - Processing file /home/airflow/.local/lib/python3.12/site-packages/airflow/example_dags/example_short_circuit_decorator.py for tasks to queue
[2026-08-06T05:50:48.651+0000] {logging_mixin.py:190} INFO - [2026-08-06T05:50:48.651+0000] {dagbag.py:588} INFO - Filling up the DagBag from /home/airflow/.local/lib/python3.12/site-packages/airflow/example_dags/example_short_circuit_decorator.py
[2026-08-06T05:50:48.673+0000] {processor.py:925} INFO - DAG(s) 'example_short_circuit_decorator' retrieved from /home/airflow/.local/lib/python3.12/site-packages/airflow/example_dags/example_short_circuit_decorator.py
[2026-08-06T05:50:48.718+0000] {logging_mixin.py:190} INFO - [2026-08-06T05:50:48.718+0000] {dag.py:3239} INFO - Sync 1 DAGs
[2026-08-06T05:50:48.742+0000] {logging_mixin.py:190} INFO - [2026-08-06T05:50:48.742+0000] {dag.py:4180} INFO - Setting next_dagrun for example_short_circuit_decorator to None, run_after=None
[2026-08-06T05:50:48.801+0000] {processor.py:208} INFO - Processing /home/airflow/.local/lib/python3.12/site-packages/airflow/example_dags/example_short_circuit_decorator.py took 0.168 seconds
[2026-08-06T05:51:19.128+0000] {processor.py:186} INFO - Started process (PID=1894) to work on /home/airflow/.local/lib/python3.12/site-packages/airflow/example_dags/example_short_circuit_decorator.py
[2026-08-06T05:51:19.130+0000] {processor.py:914} INFO - Processing file /home/airflow/.local/lib/python3.12/site-packages/airflow/example_dags/example_short_circuit_decorator.py for tasks to queue
[2026-08-06T05:51:19.134+0000] {logging_mixin.py:190} INFO - [2026-08-06T05:51:19.133+0000] {dagbag.py:588} INFO - Filling up the DagBag from /home/airflow/.local/lib/python3.12/site-packages/airflow/example_dags/example_short_circuit_decorator.py
[2026-08-06T05:51:19.150+0000] {processor.py:925} INFO - DAG(s) 'example_short_circuit_decorator' retrieved from /home/airflow/.local/lib/python3.12/site-packages/airflow/example_dags/example_short_circuit_decorator.py
[2026-08-06T05:51:19.193+0000] {logging_mixin.py:190} INFO - [2026-08-06T05:51:19.193+0000] {dag.py:3239} INFO - Sync 1 DAGs
[2026-08-06T05:51:19.217+0000] {logging_mixin.py:190} INFO - [2026-08-06T05:51:19.216+0000] {dag.py:4180} INFO - Setting next_dagrun for example_short_circuit_decorator to None, run_after=None
[2026-08-06T05:51:19.281+0000] {processor.py:208} INFO - Processing /home/airflow/.local/lib/python3.12/site-packages/airflow/example_dags/example_short_circuit_decorator.py took 0.162 seconds
[2026-08-06T05:51:50.202+0000] {processor.py:186} INFO - Started process (PID=1958) to work on /home/airflow/.local/lib/python3.12/site-packages/airflow/example_dags/example_short_circuit_decorator.py
[2026-08-06T05:51:50.204+0000] {processor.py:914} INFO - Processing file /home/airflow/.local/lib/python3.12/site-packages/airflow/example_dags/example_short_circuit_decorator.py for tasks to queue
[2026-08-06T05:51:50.208+0000] {logging_mixin.py:190} INFO - [2026-08-06T05:51:50.208+0000] {dagbag.py:588} INFO - Filling up the DagBag from /home/airflow/.local/lib/python3.12/site-packages/airflow/example_dags/example_short_circuit_decorator.py
[2026-08-06T05:51:50.231+0000] {processor.py:925} INFO - DAG(s) 'example_short_circuit_decorator' retrieved from /home/airflow/.local/lib/python3.12/site-packages/airflow/example_dags/example_short_circuit_decorator.py
[2026-08-06T05:51:50.270+0000] {logging_mixin.py:190} INFO - [2026-08-06T05:51:50.269+0000] {dag.py:3239} INFO - Sync 1 DAGs
[2026-08-06T05:51:50.291+0000] {logging_mixin.py:190} INFO - [2026-08-06T05:51:50.290+0000] {dag.py:4180} INFO - Setting next_dagrun for example_short_circuit_decorator to None, run_after=None
[2026-08-06T05:51:50.324+0000] {processor.py:208} INFO - Processing /home/airflow/.local/lib/python3.12/site-packages/airflow/example_dags/example_short_circuit_decorator.py took 0.131 seconds
[2026-08-06T05:52:21.463+0000] {processor.py:186} INFO - Started process (PID=2023) to work on /home/airflow/.local/lib/python3.12/site-packages/airflow/example_dags/example_short_circuit_decorator.py
[2026-08-06T05:52:21.466+0000] {processor.py:914} INFO - Processing file /home/airflow/.local/lib/python3.12/site-packages/airflow/example_dags/example_short_circuit_decorator.py for tasks to queue
[2026-08-06T05:52:21.470+0000] {logging_mixin.py:190} INFO - [2026-08-06T05:52:21.470+0000] {dagbag.py:588} INFO - Filling up the DagBag from /home/airflow/.local/lib/python3.12/site-packages/airflow/example_dags/example_short_circuit_decorator.py
[2026-08-06T05:52:21.485+0000] {processor.py:925} INFO - DAG(s) 'example_short_circuit_decorator' retrieved from /home/airflow/.local/lib/python3.12/site-packages/airflow/example_dags/example_short_circuit_decorator.py
[2026-08-06T05:52:21.530+0000] {logging_mixin.py:190} INFO - [2026-08-06T05:52:21.529+0000] {dag.py:3239} INFO - Sync 1 DAGs
[2026-08-06T05:52:21.558+0000] {logging_mixin.py:190} INFO - [2026-08-06T05:52:21.558+0000] {dag.py:4180} INFO - Setting next_dagrun for example_short_circuit_decorator to None, run_after=None
[2026-08-06T05:52:21.610+0000] {processor.py:208} INFO - Processing /home/airflow/.local/lib/python3.12/site-packages/airflow/example_dags/example_short_circuit_decorator.py took 0.154 seconds
[2026-08-06T05:52:52.351+0000] {processor.py:186} INFO - Started process (PID=2086) to work on /home/airflow/.local/lib/python3.12/site-packages/airflow/example_dags/example_short_circuit_decorator.py
[2026-08-06T05:52:52.353+0000] {processor.py:914} INFO - Processing file /home/airflow/.local/lib/python3.12/site-packages/airflow/example_dags/example_short_circuit_decorator.py for tasks to queue
[2026-08-06T05:52:52.358+0000] {logging_mixin.py:190} INFO - [2026-08-06T05:52:52.357+0000] {dagbag.py:588} INFO - Filling up the DagBag from /home/airflow/.local/lib/python3.12/site-packages/airflow/example_dags/example_short_circuit_decorator.py
[2026-08-06T05:52:52.377+0000] {processor.py:925} INFO - DAG(s) 'example_short_circuit_decorator' retrieved from /home/airflow/.local/lib/python3.12/site-packages/airflow/example_dags/example_short_circuit_decorator.py
[2026-08-06T05:52:52.418+0000] {logging_mixin.py:190} INFO - [2026-08-06T05:52:52.418+0000] {dag.py:3239} INFO - Sync 1 DAGs
[2026-08-06T05:52:52.445+0000] {logging_mixin.py:190} INFO - [2026-08-06T05:52:52.445+0000] {dag.py:4180} INFO - Setting next_dagrun for example_short_circuit_decorator to None, run_after=None
[2026-08-06T05:52:52.484+0000] {processor.py:208} INFO - Processing /home/airflow/.local/lib/python3.12/site-packages/airflow/example_dags/example_short_circuit_decorator.py took 0.146 seconds
[2026-08-06T05:53:22.935+0000] {processor.py:186} INFO - Started process (PID=2150) to work on /home/airflow/.local/lib/python3.12/site-packages/airflow/example_dags/example_short_circuit_decorator.py
[2026-08-06T05:53:22.937+0000] {processor.py:914} INFO - Processing file /home/airflow/.local/lib/python3.12/site-packages/airflow/example_dags/example_short_circuit_decorator.py for tasks to queue
[2026-08-06T05:53:22.941+0000] {logging_mixin.py:190} INFO - [2026-08-06T05:53:22.941+0000] {dagbag.py:588} INFO - Filling up the DagBag from /home/airflow/.local/lib/python3.12/site-packages/airflow/example_dags/example_short_circuit_decorator.py
[2026-08-06T05:53:22.959+0000] {processor.py:925} INFO - DAG(s) 'example_short_circuit_decorator' retrieved from /home/airflow/.local/lib/python3.12/site-packages/airflow/example_dags/example_short_circuit_decorator.py
[2026-08-06T05:53:23.036+0000] {logging_mixin.py:190} INFO - [2026-08-06T05:53:23.035+0000] {dag.py:3239} INFO - Sync 1 DAGs
[2026-08-06T05:53:23.073+0000] {logging_mixin.py:190} INFO - [2026-08-06T05:53:23.072+0000] {dag.py:4180} INFO - Setting next_dagrun for example_short_circuit_decorator to None, run_after=None
[2026-08-06T05:53:23.131+0000] {processor.py:208} INFO - Processing /home/airflow/.local/lib/python3.12/site-packages/airflow/example_dags/example_short_circuit_decorator.py took 0.205 seconds
[2026-08-06T05:53:53.258+0000] {processor.py:186} INFO - Started process (PID=2221) to work on /home/airflow/.local/lib/python3.12/site-packages/airflow/example_dags/example_short_circuit_decorator.py
[2026-08-06T05:53:53.260+0000] {processor.py:914} INFO - Processing file /home/airflow/.local/lib/python3.12/site-packages/airflow/example_dags/example_short_circuit_decorator.py for tasks to queue
[2026-08-06T05:53:53.264+0000] {logging_mixin.py:190} INFO - [2026-08-06T05:53:53.264+0000] {dagbag.py:588} INFO - Filling up the DagBag from /home/airflow/.local/lib/python3.12/site-packages/airflow/example_dags/example_short_circuit_decorator.py
[2026-08-06T05:53:53.287+0000] {processor.py:925} INFO - DAG(s) 'example_short_circuit_decorator' retrieved from /home/airflow/.local/lib/python3.12/site-packages/airflow/example_dags/example_short_circuit_decorator.py
[2026-08-06T05:53:53.330+0000] {logging_mixin.py:190} INFO - [2026-08-06T05:53:53.329+0000] {dag.py:3239} INFO - Sync 1 DAGs
[2026-08-06T05:53:53.357+0000] {logging_mixin.py:190} INFO - [2026-08-06T05:53:53.356+0000] {dag.py:4180} INFO - Setting next_dagrun for example_short_circuit_decorator to None, run_after=None
[2026-08-06T05:53:53.391+0000] {processor.py:208} INFO - Processing /home/airflow/.local/lib/python3.12/site-packages/airflow/example_dags/example_short_circuit_decorator.py took 0.144 seconds
[2026-08-06T05:54:24.459+0000] {processor.py:186} INFO - Started process (PID=2286) to work on /home/airflow/.local/lib/python3.12/site-packages/airflow/example_dags/example_short_circuit_decorator.py
[2026-08-06T05:54:24.461+0000] {processor.py:914} INFO - Processing file /home/airflow/.local/lib/python3.12/site-packages/airflow/example_dags/example_short_circuit_decorator.py for tasks to queue
[2026-08-06T05:54:24.466+0000] {logging_mixin.py:190} INFO - [2026-08-06T05:54:24.466+0000] {dagbag.py:588} INFO - Filling up the DagBag from /home/airflow/.local/lib/python3.12/site-packages/airflow/example_dags/example_short_circuit_decorator.py
[2026-08-06T05:54:24.483+0000] {processor.py:925} INFO - DAG(s) 'example_short_circuit_decorator' retrieved from /home/airflow/.local/lib/python3.12/site-packages/airflow/example_dags/example_short_circuit_decorator.py
[2026-08-06T05:54:24.521+0000] {logging_mixin.py:190} INFO - [2026-08-06T05:54:24.520+0000] {dag.py:3239} INFO - Sync 1 DAGs
[2026-08-06T05:54:24.547+0000] {logging_mixin.py:190} INFO - [2026-08-06T05:54:24.547+0000] {dag.py:4180} INFO - Setting next_dagrun for example_short_circuit_decorator to None, run_after=None
[2026-08-06T05:54:24.617+0000] {processor.py:208} INFO - Processing /home/airflow/.local/lib/python3.12/site-packages/airflow/example_dags/example_short_circuit_decorator.py took 0.169 seconds
[2026-08-06T05:54:55.764+0000] {processor.py:186} INFO - Started process (PID=2356) to work on /home/airflow/.local/lib/python3.12/site-packages/airflow/example_dags/example_short_circuit_decorator.py
[2026-08-06T05:54:55.783+0000] {processor.py:914} INFO - Processing file /home/airflow/.local/lib/python3.12/site-packages/airflow/example_dags/example_short_circuit_decorator.py for tasks to queue
[2026-08-06T05:54:55.797+0000] {logging_mixin.py:190} INFO - [2026-08-06T05:54:55.797+0000] {dagbag.py:588} INFO - Filling up the DagBag from /home/airflow/.local/lib/python3.12/site-packages/airflow/example_dags/example_short_circuit_decorator.py
[2026-08-06T05:54:55.821+0000] {processor.py:925} INFO - DAG(s) 'example_short_circuit_decorator' retrieved from /home/airflow/.local/lib/python3.12/site-packages/airflow/example_dags/example_short_circuit_decorator.py
[2026-08-06T05:54:55.855+0000] {logging_mixin.py:190} INFO - [2026-08-06T05:54:55.855+0000] {dag.py:3239} INFO - Sync 1 DAGs
[2026-08-06T05:54:55.891+0000] {logging_mixin.py:190} INFO - [2026-08-06T05:54:55.891+0000] {dag.py:4180} INFO - Setting next_dagrun for example_short_circuit_decorator to None, run_after=None
[2026-08-06T05:54:55.926+0000] {processor.py:208} INFO - Processing /home/airflow/.local/lib/python3.12/site-packages/airflow/example_dags/example_short_circuit_decorator.py took 0.184 seconds
[2026-08-06T05:55:26.213+0000] {processor.py:186} INFO - Started process (PID=2420) to work on /home/airflow/.local/lib/python3.12/site-packages/airflow/example_dags/example_short_circuit_decorator.py
[2026-08-06T05:55:26.215+0000] {processor.py:914} INFO - Processing file /home/airflow/.local/lib/python3.12/site-packages/airflow/example_dags/example_short_circuit_decorator.py for tasks to queue
[2026-08-06T05:55:26.220+0000] {logging_mixin.py:190} INFO - [2026-08-06T05:55:26.219+0000] {dagbag.py:588} INFO - Filling up the DagBag from /home/airflow/.local/lib/python3.12/site-packages/airflow/example_dags/example_short_circuit_decorator.py
[2026-08-06T05:55:26.238+0000] {processor.py:925} INFO - DAG(s) 'example_short_circuit_decorator' retrieved from /home/airflow/.local/lib/python3.12/site-packages/airflow/example_dags/example_short_circuit_decorator.py
[2026-08-06T05:55:26.278+0000] {logging_mixin.py:190} INFO - [2026-08-06T05:55:26.277+0000] {dag.py:3239} INFO - Sync 1 DAGs
[2026-08-06T05:55:26.300+0000] {logging_mixin.py:190} INFO - [2026-08-06T05:55:26.300+0000] {dag.py:4180} INFO - Setting next_dagrun for example_short_circuit_decorator to None, run_after=None
[2026-08-06T05:55:26.378+0000] {processor.py:208} INFO - Processing /home/airflow/.local/lib/python3.12/site-packages/airflow/example_dags/example_short_circuit_decorator.py took 0.184 seconds
[2026-08-06T05:55:56.489+0000] {processor.py:186} INFO - Started process (PID=2484) to work on /home/airflow/.local/lib/python3.12/site-packages/airflow/example_dags/example_short_circuit_decorator.py
[2026-08-06T05:55:56.493+0000] {processor.py:914} INFO - Processing file /home/airflow/.local/lib/python3.12/site-packages/airflow/example_dags/example_short_circuit_decorator.py for tasks to queue
[2026-08-06T05:55:56.499+0000] {logging_mixin.py:190} INFO - [2026-08-06T05:55:56.498+0000] {dagbag.py:588} INFO - Filling up the DagBag from /home/airflow/.local/lib/python3.12/site-packages/airflow/example_dags/example_short_circuit_decorator.py
[2026-08-06T05:55:56.519+0000] {processor.py:925} INFO - DAG(s) 'example_short_circuit_decorator' retrieved from /home/airflow/.local/lib/python3.12/site-packages/airflow/example_dags/example_short_circuit_decorator.py
[2026-08-06T05:55:56.560+0000] {logging_mixin.py:190} INFO - [2026-08-06T05:55:56.559+0000] {dag.py:3239} INFO - Sync 1 DAGs
[2026-08-06T05:55:56.589+0000] {logging_mixin.py:190} INFO - [2026-08-06T05:55:56.588+0000] {dag.py:4180} INFO - Setting next_dagrun for example_short_circuit_decorator to None, run_after=None
[2026-08-06T05:55:56.632+0000] {processor.py:208} INFO - Processing /home/airflow/.local/lib/python3.12/site-packages/airflow/example_dags/example_short_circuit_decorator.py took 0.152 seconds
[2026-08-06T05:56:27.229+0000] {processor.py:186} INFO - Started process (PID=2548) to work on /home/airflow/.local/lib/python3.12/site-packages/airflow/example_dags/example_short_circuit_decorator.py
[2026-08-06T05:56:27.231+0000] {processor.py:914} INFO - Processing file /home/airflow/.local/lib/python3.12/site-packages/airflow/example_dags/example_short_circuit_decorator.py for tasks to queue
[2026-08-06T05:56:27.234+0000] {logging_mixin.py:190} INFO - [2026-08-06T05:56:27.234+0000] {dagbag.py:588} INFO - Filling up the DagBag from /home/airflow/.local/lib/python3.12/site-packages/airflow/example_dags/example_short_circuit_decorator.py
[2026-08-06T05:56:27.250+0000] {processor.py:925} INFO - DAG(s) 'example_short_circuit_decorator' retrieved from /home/airflow/.local/lib/python3.12/site-packages/airflow/example_dags/example_short_circuit_decorator.py
[2026-08-06T05:56:27.287+0000] {logging_mixin.py:190} INFO - [2026-08-06T05:56:27.287+0000] {dag.py:3239} INFO - Sync 1 DAGs
[2026-08-06T05:56:27.316+0000] {logging_mixin.py:190} INFO - [2026-08-06T05:56:27.316+0000] {dag.py:4180} INFO - Setting next_dagrun for example_short_circuit_decorator to None, run_after=None
[2026-08-06T05:56:27.350+0000] {processor.py:208} INFO - Processing /home/airflow/.local/lib/python3.12/site-packages/airflow/example_dags/example_short_circuit_decorator.py took 0.131 seconds
[2026-08-06T05:56:59.535+0000] {processor.py:186} INFO - Started process (PID=2612) to work on /home/airflow/.local/lib/python3.12/site-packages/airflow/example_dags/example_short_circuit_decorator.py
[2026-08-06T05:56:59.537+0000] {processor.py:914} INFO - Processing file /home/airflow/.local/lib/python3.12/site-packages/airflow/example_dags/example_short_circuit_decorator.py for tasks to queue
[2026-08-06T05:56:59.542+0000] {logging_mixin.py:190} INFO - [2026-08-06T05:56:59.541+0000] {dagbag.py:588} INFO - Filling up the DagBag from /home/airflow/.local/lib/python3.12/site-packages/airflow/example_dags/example_short_circuit_decorator.py
[2026-08-06T05:56:59.560+0000] {processor.py:925} INFO - DAG(s) 'example_short_circuit_decorator' retrieved from /home/airflow/.local/lib/python3.12/site-packages/airflow/example_dags/example_short_circuit_decorator.py
[2026-08-06T05:56:59.602+0000] {logging_mixin.py:190} INFO - [2026-08-06T05:56:59.601+0000] {dag.py:3239} INFO - Sync 1 DAGs
[2026-08-06T05:56:59.630+0000] {logging_mixin.py:190} INFO - [2026-08-06T05:56:59.630+0000] {dag.py:4180} INFO - Setting next_dagrun for example_short_circuit_decorator to None, run_after=None
[2026-08-06T05:56:59.679+0000] {processor.py:208} INFO - Processing /home/airflow/.local/lib/python3.12/site-packages/airflow/example_dags/example_short_circuit_decorator.py took 0.152 seconds
[2026-08-06T05:57:30.882+0000] {processor.py:186} INFO - Started process (PID=2676) to work on /home/airflow/.local/lib/python3.12/site-packages/airflow/example_dags/example_short_circuit_decorator.py
[2026-08-06T05:57:30.903+0000] {processor.py:914} INFO - Processing file /home/airflow/.local/lib/python3.12/site-packages/airflow/example_dags/example_short_circuit_decorator.py for tasks to queue
[2026-08-06T05:57:30.926+0000] {logging_mixin.py:190} INFO - [2026-08-06T05:57:30.926+0000] {dagbag.py:588} INFO - Filling up the DagBag from /home/airflow/.local/lib/python3.12/site-packages/airflow/example_dags/example_short_circuit_decorator.py
[2026-08-06T05:57:30.969+0000] {processor.py:925} INFO - DAG(s) 'example_short_circuit_decorator' retrieved from /home/airflow/.local/lib/python3.12/site-packages/airflow/example_dags/example_short_circuit_decorator.py
[2026-08-06T05:57:31.050+0000] {logging_mixin.py:190} INFO - [2026-08-06T05:57:31.050+0000] {dag.py:3239} INFO - Sync 1 DAGs
[2026-08-06T05:57:31.110+0000] {logging_mixin.py:190} INFO - [2026-08-06T05:57:31.109+0000] {dag.py:4180} INFO - Setting next_dagrun for example_short_circuit_decorator to None, run_after=None
[2026-08-06T05:57:31.237+0000] {processor.py:208} INFO - Processing /home/airflow/.local/lib/python3.12/site-packages/airflow/example_dags/example_short_circuit_decorator.py took 0.370 seconds
[2026-08-06T05:58:07.020+0000] {processor.py:186} INFO - Started process (PID=2766) to work on /home/airflow/.local/lib/python3.12/site-packages/airflow/example_dags/example_short_circuit_decorator.py
[2026-08-06T05:58:07.022+0000] {processor.py:914} INFO - Processing file /home/airflow/.local/lib/python3.12/site-packages/airflow/example_dags/example_short_circuit_decorator.py for tasks to queue
[2026-08-06T05:58:07.028+0000] {logging_mixin.py:190} INFO - [2026-08-06T05:58:07.027+0000] {dagbag.py:588} INFO - Filling up the DagBag from /home/airflow/.local/lib/python3.12/site-packages/airflow/example_dags/example_short_circuit_decorator.py
[2026-08-06T05:58:07.048+0000] {processor.py:925} INFO - DAG(s) 'example_short_circuit_decorator' retrieved from /home/airflow/.local/lib/python3.12/site-packages/airflow/example_dags/example_short_circuit_decorator.py
[2026-08-06T05:58:07.092+0000] {logging_mixin.py:190} INFO - [2026-08-06T05:58:07.091+0000] {dag.py:3239} INFO - Sync 1 DAGs
[2026-08-06T05:58:07.114+0000] {logging_mixin.py:190} INFO - [2026-08-06T05:58:07.114+0000] {dag.py:4180} INFO - Setting next_dagrun for example_short_circuit_decorator to None, run_after=None
[2026-08-06T05:58:07.150+0000] {processor.py:208} INFO - Processing /home/airflow/.local/lib/python3.12/site-packages/airflow/example_dags/example_short_circuit_decorator.py took 0.139 seconds
[2026-08-06T05:58:38.535+0000] {processor.py:186} INFO - Started process (PID=2830) to work on /home/airflow/.local/lib/python3.12/site-packages/airflow/example_dags/example_short_circuit_decorator.py
[2026-08-06T05:58:38.538+0000] {processor.py:914} INFO - Processing file /home/airflow/.local/lib/python3.12/site-packages/airflow/example_dags/example_short_circuit_decorator.py for tasks to queue
[2026-08-06T05:58:38.545+0000] {logging_mixin.py:190} INFO - [2026-08-06T05:58:38.545+0000] {dagbag.py:588} INFO - Filling up the DagBag from /home/airflow/.local/lib/python3.12/site-packages/airflow/example_dags/example_short_circuit_decorator.py
[2026-08-06T05:58:38.568+0000] {processor.py:925} INFO - DAG(s) 'example_short_circuit_decorator' retrieved from /home/airflow/.local/lib/python3.12/site-packages/airflow/example_dags/example_short_circuit_decorator.py
[2026-08-06T05:58:38.606+0000] {logging_mixin.py:190} INFO - [2026-08-06T05:58:38.606+0000] {dag.py:3239} INFO - Sync 1 DAGs
[2026-08-06T05:58:38.627+0000] {logging_mixin.py:190} INFO - [2026-08-06T05:58:38.627+0000] {dag.py:4180} INFO - Setting next_dagrun for example_short_circuit_decorator to None, run_after=None
[2026-08-06T05:58:38.657+0000] {processor.py:208} INFO - Processing /home/airflow/.local/lib/python3.12/site-packages/airflow/example_dags/example_short_circuit_decorator.py took 0.134 seconds
[2026-08-06T05:59:11.774+0000] {processor.py:186} INFO - Started process (PID=2894) to work on /home/airflow/.local/lib/python3.12/site-packages/airflow/example_dags/example_short_circuit_decorator.py
[2026-08-06T05:59:11.776+0000] {processor.py:914} INFO - Processing file /home/airflow/.local/lib/python3.12/site-packages/airflow/example_dags/example_short_circuit_decorator.py for tasks to queue
[2026-08-06T05:59:11.780+0000] {logging_mixin.py:190} INFO - [2026-08-06T05:59:11.780+0000] {dagbag.py:588} INFO - Filling up the DagBag from /home/airflow/.local/lib/python3.12/site-packages/airflow/example_dags/example_short_circuit_decorator.py
[2026-08-06T05:59:11.792+0000] {processor.py:925} INFO - DAG(s) 'example_short_circuit_decorator' retrieved from /home/airflow/.local/lib/python3.12/site-packages/airflow/example_dags/example_short_circuit_decorator.py
[2026-08-06T05:59:11.822+0000] {logging_mixin.py:190} INFO - [2026-08-06T05:59:11.822+0000] {dag.py:3239} INFO - Sync 1 DAGs
[2026-08-06T05:59:11.839+0000] {logging_mixin.py:190} INFO - [2026-08-06T05:59:11.839+0000] {dag.py:4180} INFO - Setting next_dagrun for example_short_circuit_decorator to None, run_after=None
[2026-08-06T05:59:11.863+0000] {processor.py:208} INFO - Processing /home/airflow/.local/lib/python3.12/site-packages/airflow/example_dags/example_short_circuit_decorator.py took 0.095 seconds
[2026-08-06T05:59:42.144+0000] {processor.py:186} INFO - Started process (PID=2959) to work on /home/airflow/.local/lib/python3.12/site-packages/airflow/example_dags/example_short_circuit_decorator.py
[2026-08-06T05:59:42.146+0000] {processor.py:914} INFO - Processing file /home/airflow/.local/lib/python3.12/site-packages/airflow/example_dags/example_short_circuit_decorator.py for tasks to queue
[2026-08-06T05:59:42.150+0000] {logging_mixin.py:190} INFO - [2026-08-06T05:59:42.150+0000] {dagbag.py:588} INFO - Filling up the DagBag from /home/airflow/.local/lib/python3.12/site-packages/airflow/example_dags/example_short_circuit_decorator.py
[2026-08-06T05:59:42.170+0000] {processor.py:925} INFO - DAG(s) 'example_short_circuit_decorator' retrieved from /home/airflow/.local/lib/python3.12/site-packages/airflow/example_dags/example_short_circuit_decorator.py
[2026-08-06T05:59:42.216+0000] {logging_mixin.py:190} INFO - [2026-08-06T05:59:42.215+0000] {dag.py:3239} INFO - Sync 1 DAGs
[2026-08-06T05:59:42.243+0000] {logging_mixin.py:190} INFO - [2026-08-06T05:59:42.243+0000] {dag.py:4180} INFO - Setting next_dagrun for example_short_circuit_decorator to None, run_after=None
[2026-08-06T05:59:42.296+0000] {processor.py:208} INFO - Processing /home/airflow/.local/lib/python3.12/site-packages/airflow/example_dags/example_short_circuit_decorator.py took 0.162 seconds
[2026-08-06T06:02:01.493+0000] {processor.py:186} INFO - Started process (PID=121) to work on /home/airflow/.local/lib/python3.12/site-packages/airflow/example_dags/example_short_circuit_decorator.py
[2026-08-06T06:02:01.496+0000] {processor.py:914} INFO - Processing file /home/airflow/.local/lib/python3.12/site-packages/airflow/example_dags/example_short_circuit_decorator.py for tasks to queue
[2026-08-06T06:02:01.500+0000] {logging_mixin.py:190} INFO - [2026-08-06T06:02:01.499+0000] {dagbag.py:588} INFO - Filling up the DagBag from /home/airflow/.local/lib/python3.12/site-packages/airflow/example_dags/example_short_circuit_decorator.py
[2026-08-06T06:02:01.521+0000] {processor.py:925} INFO - DAG(s) 'example_short_circuit_decorator' retrieved from /home/airflow/.local/lib/python3.12/site-packages/airflow/example_dags/example_short_circuit_decorator.py
[2026-08-06T06:02:01.572+0000] {logging_mixin.py:190} INFO - [2026-08-06T06:02:01.572+0000] {dag.py:3239} INFO - Sync 1 DAGs
[2026-08-06T06:02:01.599+0000] {logging_mixin.py:190} INFO - [2026-08-06T06:02:01.598+0000] {dag.py:4180} INFO - Setting next_dagrun for example_short_circuit_decorator to None, run_after=None
[2026-08-06T06:02:01.639+0000] {processor.py:208} INFO - Processing /home/airflow/.local/lib/python3.12/site-packages/airflow/example_dags/example_short_circuit_decorator.py took 0.156 seconds
[2026-08-06T06:02:35.635+0000] {processor.py:186} INFO - Started process (PID=185) to work on /home/airflow/.local/lib/python3.12/site-packages/airflow/example_dags/example_short_circuit_decorator.py
[2026-08-06T06:02:35.638+0000] {processor.py:914} INFO - Processing file /home/airflow/.local/lib/python3.12/site-packages/airflow/example_dags/example_short_circuit_decorator.py for tasks to queue
[2026-08-06T06:02:35.643+0000] {logging_mixin.py:190} INFO - [2026-08-06T06:02:35.642+0000] {dagbag.py:588} INFO - Filling up the DagBag from /home/airflow/.local/lib/python3.12/site-packages/airflow/example_dags/example_short_circuit_decorator.py
[2026-08-06T06:02:35.664+0000] {processor.py:925} INFO - DAG(s) 'example_short_circuit_decorator' retrieved from /home/airflow/.local/lib/python3.12/site-packages/airflow/example_dags/example_short_circuit_decorator.py
[2026-08-06T06:02:35.709+0000] {logging_mixin.py:190} INFO - [2026-08-06T06:02:35.708+0000] {dag.py:3239} INFO - Sync 1 DAGs
[2026-08-06T06:02:35.771+0000] {logging_mixin.py:190} INFO - [2026-08-06T06:02:35.771+0000] {dag.py:4180} INFO - Setting next_dagrun for example_short_circuit_decorator to None, run_after=None
[2026-08-06T06:02:35.847+0000] {processor.py:208} INFO - Processing /home/airflow/.local/lib/python3.12/site-packages/airflow/example_dags/example_short_circuit_decorator.py took 0.224 seconds
[2026-08-06T06:03:06.846+0000] {processor.py:186} INFO - Started process (PID=249) to work on /home/airflow/.local/lib/python3.12/site-packages/airflow/example_dags/example_short_circuit_decorator.py
[2026-08-06T06:03:06.848+0000] {processor.py:914} INFO - Processing file /home/airflow/.local/lib/python3.12/site-packages/airflow/example_dags/example_short_circuit_decorator.py for tasks to queue
[2026-08-06T06:03:06.851+0000] {logging_mixin.py:190} INFO - [2026-08-06T06:03:06.850+0000] {dagbag.py:588} INFO - Filling up the DagBag from /home/airflow/.local/lib/python3.12/site-packages/airflow/example_dags/example_short_circuit_decorator.py
[2026-08-06T06:03:06.865+0000] {processor.py:925} INFO - DAG(s) 'example_short_circuit_decorator' retrieved from /home/airflow/.local/lib/python3.12/site-packages/airflow/example_dags/example_short_circuit_decorator.py
[2026-08-06T06:03:06.904+0000] {logging_mixin.py:190} INFO - [2026-08-06T06:03:06.904+0000] {dag.py:3239} INFO - Sync 1 DAGs
[2026-08-06T06:03:06.931+0000] {logging_mixin.py:190} INFO - [2026-08-06T06:03:06.931+0000] {dag.py:4180} INFO - Setting next_dagrun for example_short_circuit_decorator to None, run_after=None
[2026-08-06T06:03:06.997+0000] {processor.py:208} INFO - Processing /home/airflow/.local/lib/python3.12/site-packages/airflow/example_dags/example_short_circuit_decorator.py took 0.164 seconds
[2026-08-06T06:03:39.024+0000] {processor.py:186} INFO - Started process (PID=312) to work on /home/airflow/.local/lib/python3.12/site-packages/airflow/example_dags/example_short_circuit_decorator.py
[2026-08-06T06:03:39.026+0000] {processor.py:914} INFO - Processing file /home/airflow/.local/lib/python3.12/site-packages/airflow/example_dags/example_short_circuit_decorator.py for tasks to queue
[2026-08-06T06:03:39.030+0000] {logging_mixin.py:190} INFO - [2026-08-06T06:03:39.029+0000] {dagbag.py:588} INFO - Filling up the DagBag from /home/airflow/.local/lib/python3.12/site-packages/airflow/example_dags/example_short_circuit_decorator.py
[2026-08-06T06:03:39.043+0000] {processor.py:925} INFO - DAG(s) 'example_short_circuit_decorator' retrieved from /home/airflow/.local/lib/python3.12/site-packages/airflow/example_dags/example_short_circuit_decorator.py
[2026-08-06T06:03:39.077+0000] {logging_mixin.py:190} INFO - [2026-08-06T06:03:39.076+0000] {dag.py:3239} INFO - Sync 1 DAGs
[2026-08-06T06:03:39.133+0000] {logging_mixin.py:190} INFO - [2026-08-06T06:03:39.133+0000] {dag.py:4180} INFO - Setting next_dagrun for example_short_circuit_decorator to None, run_after=None
[2026-08-06T06:03:39.164+0000] {processor.py:208} INFO - Processing /home/airflow/.local/lib/python3.12/site-packages/airflow/example_dags/example_short_circuit_decorator.py took 0.148 seconds
[2026-08-06T06:04:09.546+0000] {processor.py:186} INFO - Started process (PID=376) to work on /home/airflow/.local/lib/python3.12/site-packages/airflow/example_dags/example_short_circuit_decorator.py
[2026-08-06T06:04:09.551+0000] {processor.py:914} INFO - Processing file /home/airflow/.local/lib/python3.12/site-packages/airflow/example_dags/example_short_circuit_decorator.py for tasks to queue
[2026-08-06T06:04:09.557+0000] {logging_mixin.py:190} INFO - [2026-08-06T06:04:09.557+0000] {dagbag.py:588} INFO - Filling up the DagBag from /home/airflow/.local/lib/python3.12/site-packages/airflow/example_dags/example_short_circuit_decorator.py
[2026-08-06T06:04:09.586+0000] {processor.py:925} INFO - DAG(s) 'example_short_circuit_decorator' retrieved from /home/airflow/.local/lib/python3.12/site-packages/airflow/example_dags/example_short_circuit_decorator.py
[2026-08-06T06:04:09.670+0000] {logging_mixin.py:190} INFO - [2026-08-06T06:04:09.670+0000] {dag.py:3239} INFO - Sync 1 DAGs
[2026-08-06T06:04:09.703+0000] {logging_mixin.py:190} INFO - [2026-08-06T06:04:09.703+0000] {dag.py:4180} INFO - Setting next_dagrun for example_short_circuit_decorator to None, run_after=None
[2026-08-06T06:04:09.755+0000] {processor.py:208} INFO - Processing /home/airflow/.local/lib/python3.12/site-packages/airflow/example_dags/example_short_circuit_decorator.py took 0.218 seconds
[2026-08-06T06:04:41.683+0000] {processor.py:186} INFO - Started process (PID=440) to work on /home/airflow/.local/lib/python3.12/site-packages/airflow/example_dags/example_short_circuit_decorator.py
[2026-08-06T06:04:41.685+0000] {processor.py:914} INFO - Processing file /home/airflow/.local/lib/python3.12/site-packages/airflow/example_dags/example_short_circuit_decorator.py for tasks to queue
[2026-08-06T06:04:41.690+0000] {logging_mixin.py:190} INFO - [2026-08-06T06:04:41.689+0000] {dagbag.py:588} INFO - Filling up the DagBag from /home/airflow/.local/lib/python3.12/site-packages/airflow/example_dags/example_short_circuit_decorator.py
[2026-08-06T06:04:41.706+0000] {processor.py:925} INFO - DAG(s) 'example_short_circuit_decorator' retrieved from /home/airflow/.local/lib/python3.12/site-packages/airflow/example_dags/example_short_circuit_decorator.py
[2026-08-06T06:04:41.743+0000] {logging_mixin.py:190} INFO - [2026-08-06T06:04:41.743+0000] {dag.py:3239} INFO - Sync 1 DAGs
[2026-08-06T06:04:41.764+0000] {logging_mixin.py:190} INFO - [2026-08-06T06:04:41.763+0000] {dag.py:4180} INFO - Setting next_dagrun for example_short_circuit_decorator to None, run_after=None
[2026-08-06T06:04:41.800+0000] {processor.py:208} INFO - Processing /home/airflow/.local/lib/python3.12/site-packages/airflow/example_dags/example_short_circuit_decorator.py took 0.128 seconds
[2026-08-06T06:05:13.310+0000] {processor.py:186} INFO - Started process (PID=504) to work on /home/airflow/.local/lib/python3.12/site-packages/airflow/example_dags/example_short_circuit_decorator.py
[2026-08-06T06:05:13.312+0000] {processor.py:914} INFO - Processing file /home/airflow/.local/lib/python3.12/site-packages/airflow/example_dags/example_short_circuit_decorator.py for tasks to queue
[2026-08-06T06:05:13.317+0000] {logging_mixin.py:190} INFO - [2026-08-06T06:05:13.316+0000] {dagbag.py:588} INFO - Filling up the DagBag from /home/airflow/.local/lib/python3.12/site-packages/airflow/example_dags/example_short_circuit_decorator.py
[2026-08-06T06:05:13.333+0000] {processor.py:925} INFO - DAG(s) 'example_short_circuit_decorator' retrieved from /home/airflow/.local/lib/python3.12/site-packages/airflow/example_dags/example_short_circuit_decorator.py
[2026-08-06T06:05:13.368+0000] {logging_mixin.py:190} INFO - [2026-08-06T06:05:13.368+0000] {dag.py:3239} INFO - Sync 1 DAGs
[2026-08-06T06:05:13.396+0000] {logging_mixin.py:190} INFO - [2026-08-06T06:05:13.396+0000] {dag.py:4180} INFO - Setting next_dagrun for example_short_circuit_decorator to None, run_after=None
[2026-08-06T06:05:13.460+0000] {processor.py:208} INFO - Processing /home/airflow/.local/lib/python3.12/site-packages/airflow/example_dags/example_short_circuit_decorator.py took 0.159 seconds
[2026-08-06T06:05:46.190+0000] {processor.py:186} INFO - Started process (PID=574) to work on /home/airflow/.local/lib/python3.12/site-packages/airflow/example_dags/example_short_circuit_decorator.py
[2026-08-06T06:05:46.194+0000] {processor.py:914} INFO - Processing file /home/airflow/.local/lib/python3.12/site-packages/airflow/example_dags/example_short_circuit_decorator.py for tasks to queue
[2026-08-06T06:05:46.201+0000] {logging_mixin.py:190} INFO - [2026-08-06T06:05:46.200+0000] {dagbag.py:588} INFO - Filling up the DagBag from /home/airflow/.local/lib/python3.12/site-packages/airflow/example_dags/example_short_circuit_decorator.py
[2026-08-06T06:05:46.233+0000] {processor.py:925} INFO - DAG(s) 'example_short_circuit_decorator' retrieved from /home/airflow/.local/lib/python3.12/site-packages/airflow/example_dags/example_short_circuit_decorator.py
[2026-08-06T06:05:46.285+0000] {logging_mixin.py:190} INFO - [2026-08-06T06:05:46.285+0000] {dag.py:3239} INFO - Sync 1 DAGs
[2026-08-06T06:05:46.318+0000] {logging_mixin.py:190} INFO - [2026-08-06T06:05:46.317+0000] {dag.py:4180} INFO - Setting next_dagrun for example_short_circuit_decorator to None, run_after=None
[2026-08-06T06:05:46.373+0000] {processor.py:208} INFO - Processing /home/airflow/.local/lib/python3.12/site-packages/airflow/example_dags/example_short_circuit_decorator.py took 0.200 seconds
[2026-08-06T06:06:19.082+0000] {processor.py:186} INFO - Started process (PID=638) to work on /home/airflow/.local/lib/python3.12/site-packages/airflow/example_dags/example_short_circuit_decorator.py
[2026-08-06T06:06:19.084+0000] {processor.py:914} INFO - Processing file /home/airflow/.local/lib/python3.12/site-packages/airflow/example_dags/example_short_circuit_decorator.py for tasks to queue
[2026-08-06T06:06:19.089+0000] {logging_mixin.py:190} INFO - [2026-08-06T06:06:19.088+0000] {dagbag.py:588} INFO - Filling up the DagBag from /home/airflow/.local/lib/python3.12/site-packages/airflow/example_dags/example_short_circuit_decorator.py
[2026-08-06T06:06:19.113+0000] {processor.py:925} INFO - DAG(s) 'example_short_circuit_decorator' retrieved from /home/airflow/.local/lib/python3.12/site-packages/airflow/example_dags/example_short_circuit_decorator.py
[2026-08-06T06:06:19.158+0000] {logging_mixin.py:190} INFO - [2026-08-06T06:06:19.158+0000] {dag.py:3239} INFO - Sync 1 DAGs
[2026-08-06T06:06:19.193+0000] {logging_mixin.py:190} INFO - [2026-08-06T06:06:19.192+0000] {dag.py:4180} INFO - Setting next_dagrun for example_short_circuit_decorator to None, run_after=None
[2026-08-06T06:06:19.224+0000] {processor.py:208} INFO - Processing /home/airflow/.local/lib/python3.12/site-packages/airflow/example_dags/example_short_circuit_decorator.py took 0.155 seconds
[2026-08-06T06:06:49.644+0000] {processor.py:186} INFO - Started process (PID=702) to work on /home/airflow/.local/lib/python3.12/site-packages/airflow/example_dags/example_short_circuit_decorator.py
[2026-08-06T06:06:49.666+0000] {processor.py:914} INFO - Processing file /home/airflow/.local/lib/python3.12/site-packages/airflow/example_dags/example_short_circuit_decorator.py for tasks to queue
[2026-08-06T06:06:49.678+0000] {logging_mixin.py:190} INFO - [2026-08-06T06:06:49.677+0000] {dagbag.py:588} INFO - Filling up the DagBag from /home/airflow/.local/lib/python3.12/site-packages/airflow/example_dags/example_short_circuit_decorator.py
[2026-08-06T06:06:49.701+0000] {processor.py:925} INFO - DAG(s) 'example_short_circuit_decorator' retrieved from /home/airflow/.local/lib/python3.12/site-packages/airflow/example_dags/example_short_circuit_decorator.py
[2026-08-06T06:06:49.749+0000] {logging_mixin.py:190} INFO - [2026-08-06T06:06:49.749+0000] {dag.py:3239} INFO - Sync 1 DAGs
[2026-08-06T06:06:49.775+0000] {logging_mixin.py:190} INFO - [2026-08-06T06:06:49.775+0000] {dag.py:4180} INFO - Setting next_dagrun for example_short_circuit_decorator to None, run_after=None
[2026-08-06T06:06:49.894+0000] {processor.py:208} INFO - Processing /home/airflow/.local/lib/python3.12/site-packages/airflow/example_dags/example_short_circuit_decorator.py took 0.260 seconds
[2026-08-06T06:07:20.755+0000] {processor.py:186} INFO - Started process (PID=766) to work on /home/airflow/.local/lib/python3.12/site-packages/airflow/example_dags/example_short_circuit_decorator.py
[2026-08-06T06:07:20.757+0000] {processor.py:914} INFO - Processing file /home/airflow/.local/lib/python3.12/site-packages/airflow/example_dags/example_short_circuit_decorator.py for tasks to queue
[2026-08-06T06:07:20.760+0000] {logging_mixin.py:190} INFO - [2026-08-06T06:07:20.759+0000] {dagbag.py:588} INFO - Filling up the DagBag from /home/airflow/.local/lib/python3.12/site-packages/airflow/example_dags/example_short_circuit_decorator.py
[2026-08-06T06:07:20.771+0000] {processor.py:925} INFO - DAG(s) 'example_short_circuit_decorator' retrieved from /home/airflow/.local/lib/python3.12/site-packages/airflow/example_dags/example_short_circuit_decorator.py
[2026-08-06T06:07:20.799+0000] {logging_mixin.py:190} INFO - [2026-08-06T06:07:20.799+0000] {dag.py:3239} INFO - Sync 1 DAGs
[2026-08-06T06:07:20.817+0000] {logging_mixin.py:190} INFO - [2026-08-06T06:07:20.817+0000] {dag.py:4180} INFO - Setting next_dagrun for example_short_circuit_decorator to None, run_after=None
[2026-08-06T06:07:20.875+0000] {processor.py:208} INFO - Processing /home/airflow/.local/lib/python3.12/site-packages/airflow/example_dags/example_short_circuit_decorator.py took 0.128 seconds
[2026-08-06T06:07:52.100+0000] {processor.py:186} INFO - Started process (PID=830) to work on /home/airflow/.local/lib/python3.12/site-packages/airflow/example_dags/example_short_circuit_decorator.py
[2026-08-06T06:07:52.102+0000] {processor.py:914} INFO - Processing file /home/airflow/.local/lib/python3.12/site-packages/airflow/example_dags/example_short_circuit_decorator.py for tasks to queue
[2026-08-06T06:07:52.107+0000] {logging_mixin.py:190} INFO - [2026-08-06T06:07:52.106+0000] {dagbag.py:588} INFO - Filling up the DagBag from /home/airflow/.local/lib/python3.12/site-packages/airflow/example_dags/example_short_circuit_decorator.py
[2026-08-06T06:07:52.121+0000] {processor.py:925} INFO - DAG(s) 'example_short_circuit_decorator' retrieved from /home/airflow/.local/lib/python3.12/site-packages/airflow/example_dags/example_short_circuit_decorator.py
[2026-08-06T06:07:52.153+0000] {logging_mixin.py:190} INFO - [2026-08-06T06:07:52.153+0000] {dag.py:3239} INFO - Sync 1 DAGs
[2026-08-06T06:07:52.174+0000] {logging_mixin.py:190} INFO - [2026-08-06T06:07:52.173+0000] {dag.py:4180} INFO - Setting next_dagrun for example_short_circuit_decorator to None, run_after=None
[2026-08-06T06:07:52.248+0000] {processor.py:208} INFO - Processing /home/airflow/.local/lib/python3.12/site-packages/airflow/example_dags/example_short_circuit_decorator.py took 0.156 seconds
[2026-08-06T06:08:23.310+0000] {processor.py:186} INFO - Started process (PID=899) to work on /home/airflow/.local/lib/python3.12/site-packages/airflow/example_dags/example_short_circuit_decorator.py
[2026-08-06T06:08:23.311+0000] {processor.py:914} INFO - Processing file /home/airflow/.local/lib/python3.12/site-packages/airflow/example_dags/example_short_circuit_decorator.py for tasks to queue
[2026-08-06T06:08:23.314+0000] {logging_mixin.py:190} INFO - [2026-08-06T06:08:23.314+0000] {dagbag.py:588} INFO - Filling up the DagBag from /home/airflow/.local/lib/python3.12/site-packages/airflow/example_dags/example_short_circuit_decorator.py
[2026-08-06T06:08:23.327+0000] {processor.py:925} INFO - DAG(s) 'example_short_circuit_decorator' retrieved from /home/airflow/.local/lib/python3.12/site-packages/airflow/example_dags/example_short_circuit_decorator.py
[2026-08-06T06:08:23.354+0000] {logging_mixin.py:190} INFO - [2026-08-06T06:08:23.354+0000] {dag.py:3239} INFO - Sync 1 DAGs
[2026-08-06T06:08:23.372+0000] {logging_mixin.py:190} INFO - [2026-08-06T06:08:23.372+0000] {dag.py:4180} INFO - Setting next_dagrun for example_short_circuit_decorator to None, run_after=None
[2026-08-06T06:08:23.425+0000] {processor.py:208} INFO - Processing /home/airflow/.local/lib/python3.12/site-packages/airflow/example_dags/example_short_circuit_decorator.py took 0.124 seconds
[2026-08-06T06:08:54.825+0000] {processor.py:186} INFO - Started process (PID=963) to work on /home/airflow/.local/lib/python3.12/site-packages/airflow/example_dags/example_short_circuit_decorator.py
[2026-08-06T06:08:54.829+0000] {processor.py:914} INFO - Processing file /home/airflow/.local/lib/python3.12/site-packages/airflow/example_dags/example_short_circuit_decorator.py for tasks to queue
[2026-08-06T06:08:54.835+0000] {logging_mixin.py:190} INFO - [2026-08-06T06:08:54.834+0000] {dagbag.py:588} INFO - Filling up the DagBag from /home/airflow/.local/lib/python3.12/site-packages/airflow/example_dags/example_short_circuit_decorator.py
[2026-08-06T06:08:54.855+0000] {processor.py:925} INFO - DAG(s) 'example_short_circuit_decorator' retrieved from /home/airflow/.local/lib/python3.12/site-packages/airflow/example_dags/example_short_circuit_decorator.py
[2026-08-06T06:08:54.898+0000] {logging_mixin.py:190} INFO - [2026-08-06T06:08:54.897+0000] {dag.py:3239} INFO - Sync 1 DAGs
[2026-08-06T06:08:54.925+0000] {logging_mixin.py:190} INFO - [2026-08-06T06:08:54.924+0000] {dag.py:4180} INFO - Setting next_dagrun for example_short_circuit_decorator to None, run_after=None
[2026-08-06T06:08:54.961+0000] {processor.py:208} INFO - Processing /home/airflow/.local/lib/python3.12/site-packages/airflow/example_dags/example_short_circuit_decorator.py took 0.148 seconds
[2026-08-06T06:09:25.625+0000] {processor.py:186} INFO - Started process (PID=1026) to work on /home/airflow/.local/lib/python3.12/site-packages/airflow/example_dags/example_short_circuit_decorator.py
[2026-08-06T06:09:25.627+0000] {processor.py:914} INFO - Processing file /home/airflow/.local/lib/python3.12/site-packages/airflow/example_dags/example_short_circuit_decorator.py for tasks to queue
[2026-08-06T06:09:25.631+0000] {logging_mixin.py:190} INFO - [2026-08-06T06:09:25.631+0000] {dagbag.py:588} INFO - Filling up the DagBag from /home/airflow/.local/lib/python3.12/site-packages/airflow/example_dags/example_short_circuit_decorator.py
[2026-08-06T06:09:25.650+0000] {processor.py:925} INFO - DAG(s) 'example_short_circuit_decorator' retrieved from /home/airflow/.local/lib/python3.12/site-packages/airflow/example_dags/example_short_circuit_decorator.py
[2026-08-06T06:09:25.691+0000] {logging_mixin.py:190} INFO - [2026-08-06T06:09:25.691+0000] {dag.py:3239} INFO - Sync 1 DAGs
[2026-08-06T06:09:25.728+0000] {logging_mixin.py:190} INFO - [2026-08-06T06:09:25.727+0000] {dag.py:4180} INFO - Setting next_dagrun for example_short_circuit_decorator to None, run_after=None
[2026-08-06T06:09:25.791+0000] {processor.py:208} INFO - Processing /home/airflow/.local/lib/python3.12/site-packages/airflow/example_dags/example_short_circuit_decorator.py took 0.176 seconds
[2026-08-06T06:09:57.253+0000] {processor.py:186} INFO - Started process (PID=1090) to work on /home/airflow/.local/lib/python3.12/site-packages/airflow/example_dags/example_short_circuit_decorator.py
[2026-08-06T06:09:57.256+0000] {processor.py:914} INFO - Processing file /home/airflow/.local/lib/python3.12/site-packages/airflow/example_dags/example_short_circuit_decorator.py for tasks to queue
[2026-08-06T06:09:57.261+0000] {logging_mixin.py:190} INFO - [2026-08-06T06:09:57.260+0000] {dagbag.py:588} INFO - Filling up the DagBag from /home/airflow/.local/lib/python3.12/site-packages/airflow/example_dags/example_short_circuit_decorator.py
[2026-08-06T06:09:57.286+0000] {processor.py:925} INFO - DAG(s) 'example_short_circuit_decorator' retrieved from /home/airflow/.local/lib/python3.12/site-packages/airflow/example_dags/example_short_circuit_decorator.py
[2026-08-06T06:09:57.340+0000] {logging_mixin.py:190} INFO - [2026-08-06T06:09:57.339+0000] {dag.py:3239} INFO - Sync 1 DAGs
[2026-08-06T06:09:57.375+0000] {logging_mixin.py:190} INFO - [2026-08-06T06:09:57.374+0000] {dag.py:4180} INFO - Setting next_dagrun for example_short_circuit_decorator to None, run_after=None
[2026-08-06T06:09:57.449+0000] {processor.py:208} INFO - Processing /home/airflow/.local/lib/python3.12/site-packages/airflow/example_dags/example_short_circuit_decorator.py took 0.207 seconds
[2026-08-06T06:10:28.173+0000] {processor.py:186} INFO - Started process (PID=1154) to work on /home/airflow/.local/lib/python3.12/site-packages/airflow/example_dags/example_short_circuit_decorator.py
[2026-08-06T06:10:28.176+0000] {processor.py:914} INFO - Processing file /home/airflow/.local/lib/python3.12/site-packages/airflow/example_dags/example_short_circuit_decorator.py for tasks to queue
[2026-08-06T06:10:28.182+0000] {logging_mixin.py:190} INFO - [2026-08-06T06:10:28.182+0000] {dagbag.py:588} INFO - Filling up the DagBag from /home/airflow/.local/lib/python3.12/site-packages/airflow/example_dags/example_short_circuit_decorator.py
[2026-08-06T06:10:28.202+0000] {processor.py:925} INFO - DAG(s) 'example_short_circuit_decorator' retrieved from /home/airflow/.local/lib/python3.12/site-packages/airflow/example_dags/example_short_circuit_decorator.py
[2026-08-06T06:10:28.251+0000] {logging_mixin.py:190} INFO - [2026-08-06T06:10:28.250+0000] {dag.py:3239} INFO - Sync 1 DAGs
[2026-08-06T06:10:28.275+0000] {logging_mixin.py:190} INFO - [2026-08-06T06:10:28.275+0000] {dag.py:4180} INFO - Setting next_dagrun for example_short_circuit_decorator to None, run_after=None
[2026-08-06T06:10:28.347+0000] {processor.py:208} INFO - Processing /home/airflow/.local/lib/python3.12/site-packages/airflow/example_dags/example_short_circuit_decorator.py took 0.187 seconds
