[2026-08-06T04:46:28.486+0000] {processor.py:186} INFO - Started process (PID=78) to work on /home/airflow/.local/lib/python3.12/site-packages/airflow/example_dags/example_inlet_event_extra.py
[2026-08-06T04:46:28.491+0000] {processor.py:914} INFO - Processing file /home/airflow/.local/lib/python3.12/site-packages/airflow/example_dags/example_inlet_event_extra.py for tasks to queue
[2026-08-06T04:46:28.502+0000] {logging_mixin.py:190} INFO - [2026-08-06T04:46:28.501+0000] {dagbag.py:588} INFO - Filling up the DagBag from /home/airflow/.local/lib/python3.12/site-packages/airflow/example_dags/example_inlet_event_extra.py
[2026-08-06T04:46:32.218+0000] {processor.py:925} INFO - DAG(s) 'read_dataset_event', 'read_dataset_event_from_classic' retrieved from /home/airflow/.local/lib/python3.12/site-packages/airflow/example_dags/example_inlet_event_extra.py
[2026-08-06T04:46:32.503+0000] {logging_mixin.py:190} INFO - [2026-08-06T04:46:32.502+0000] {override.py:1912} INFO - Created Permission View: can delete on DAG:read_dataset_event
[2026-08-06T04:46:32.526+0000] {logging_mixin.py:190} INFO - [2026-08-06T04:46:32.525+0000] {override.py:1912} INFO - Created Permission View: can read on DAG:read_dataset_event
[2026-08-06T04:46:32.543+0000] {logging_mixin.py:190} INFO - [2026-08-06T04:46:32.542+0000] {override.py:1912} INFO - Created Permission View: can edit on DAG:read_dataset_event
[2026-08-06T04:46:32.569+0000] {logging_mixin.py:190} INFO - [2026-08-06T04:46:32.568+0000] {override.py:1912} INFO - Created Permission View: can delete on DAG Run:read_dataset_event
[2026-08-06T04:46:32.586+0000] {logging_mixin.py:190} INFO - [2026-08-06T04:46:32.585+0000] {override.py:1912} INFO - Created Permission View: menu access on DAG Run:read_dataset_event
[2026-08-06T04:46:32.613+0000] {logging_mixin.py:190} INFO - [2026-08-06T04:46:32.611+0000] {override.py:1912} INFO - Created Permission View: can read on DAG Run:read_dataset_event
[2026-08-06T04:46:32.631+0000] {logging_mixin.py:190} INFO - [2026-08-06T04:46:32.631+0000] {override.py:1912} INFO - Created Permission View: can create on DAG Run:read_dataset_event
[2026-08-06T04:46:32.664+0000] {logging_mixin.py:190} INFO - [2026-08-06T04:46:32.663+0000] {override.py:1912} INFO - Created Permission View: can delete on DAG:read_dataset_event_from_classic
[2026-08-06T04:46:32.679+0000] {logging_mixin.py:190} INFO - [2026-08-06T04:46:32.678+0000] {override.py:1912} INFO - Created Permission View: can read on DAG:read_dataset_event_from_classic
[2026-08-06T04:46:32.693+0000] {logging_mixin.py:190} INFO - [2026-08-06T04:46:32.692+0000] {override.py:1912} INFO - Created Permission View: can edit on DAG:read_dataset_event_from_classic
[2026-08-06T04:46:32.710+0000] {logging_mixin.py:190} INFO - [2026-08-06T04:46:32.709+0000] {override.py:1912} INFO - Created Permission View: can delete on DAG Run:read_dataset_event_from_classic
[2026-08-06T04:46:32.725+0000] {logging_mixin.py:190} INFO - [2026-08-06T04:46:32.725+0000] {override.py:1912} INFO - Created Permission View: menu access on DAG Run:read_dataset_event_from_classic
[2026-08-06T04:46:32.758+0000] {logging_mixin.py:190} INFO - [2026-08-06T04:46:32.758+0000] {override.py:1912} INFO - Created Permission View: can read on DAG Run:read_dataset_event_from_classic
[2026-08-06T04:46:32.779+0000] {logging_mixin.py:190} INFO - [2026-08-06T04:46:32.778+0000] {override.py:1912} INFO - Created Permission View: can create on DAG Run:read_dataset_event_from_classic
[2026-08-06T04:46:32.782+0000] {logging_mixin.py:190} INFO - [2026-08-06T04:46:32.781+0000] {dag.py:3239} INFO - Sync 2 DAGs
[2026-08-06T04:46:32.837+0000] {logging_mixin.py:190} INFO - [2026-08-06T04:46:32.834+0000] {dag.py:3262} INFO - Creating ORM DAG for read_dataset_event_from_classic
[2026-08-06T04:46:32.843+0000] {logging_mixin.py:190} INFO - [2026-08-06T04:46:32.842+0000] {dag.py:3262} INFO - Creating ORM DAG for read_dataset_event
[2026-08-06T04:46:32.892+0000] {logging_mixin.py:190} INFO - [2026-08-06T04:46:32.891+0000] {dag.py:4180} INFO - Setting next_dagrun for read_dataset_event to 2026-08-05 00:00:00+00:00, run_after=2026-08-06 00:00:00+00:00
[2026-08-06T04:46:32.896+0000] {logging_mixin.py:190} INFO - [2026-08-06T04:46:32.895+0000] {dag.py:4180} INFO - Setting next_dagrun for read_dataset_event_from_classic to 2026-08-05 00:00:00+00:00, run_after=2026-08-06 00:00:00+00:00
[2026-08-06T04:46:33.000+0000] {processor.py:208} INFO - Processing /home/airflow/.local/lib/python3.12/site-packages/airflow/example_dags/example_inlet_event_extra.py took 4.547 seconds
[2026-08-06T04:47:03.200+0000] {processor.py:186} INFO - Started process (PID=146) to work on /home/airflow/.local/lib/python3.12/site-packages/airflow/example_dags/example_inlet_event_extra.py
[2026-08-06T04:47:03.203+0000] {processor.py:914} INFO - Processing file /home/airflow/.local/lib/python3.12/site-packages/airflow/example_dags/example_inlet_event_extra.py for tasks to queue
[2026-08-06T04:47:03.212+0000] {logging_mixin.py:190} INFO - [2026-08-06T04:47:03.211+0000] {dagbag.py:588} INFO - Filling up the DagBag from /home/airflow/.local/lib/python3.12/site-packages/airflow/example_dags/example_inlet_event_extra.py
[2026-08-06T04:47:04.575+0000] {processor.py:925} INFO - DAG(s) 'read_dataset_event', 'read_dataset_event_from_classic' retrieved from /home/airflow/.local/lib/python3.12/site-packages/airflow/example_dags/example_inlet_event_extra.py
[2026-08-06T04:47:04.626+0000] {logging_mixin.py:190} INFO - [2026-08-06T04:47:04.625+0000] {dag.py:3239} INFO - Sync 2 DAGs
[2026-08-06T04:47:04.673+0000] {logging_mixin.py:190} INFO - [2026-08-06T04:47:04.673+0000] {dag.py:4180} INFO - Setting next_dagrun for read_dataset_event to 2026-08-05 00:00:00+00:00, run_after=2026-08-06 00:00:00+00:00
[2026-08-06T04:47:04.682+0000] {logging_mixin.py:190} INFO - [2026-08-06T04:47:04.681+0000] {dag.py:4180} INFO - Setting next_dagrun for read_dataset_event_from_classic to 2026-08-05 00:00:00+00:00, run_after=2026-08-06 00:00:00+00:00
[2026-08-06T04:47:04.744+0000] {processor.py:208} INFO - Processing /home/airflow/.local/lib/python3.12/site-packages/airflow/example_dags/example_inlet_event_extra.py took 1.566 seconds
[2026-08-06T04:47:35.164+0000] {processor.py:186} INFO - Started process (PID=209) to work on /home/airflow/.local/lib/python3.12/site-packages/airflow/example_dags/example_inlet_event_extra.py
[2026-08-06T04:47:35.166+0000] {processor.py:914} INFO - Processing file /home/airflow/.local/lib/python3.12/site-packages/airflow/example_dags/example_inlet_event_extra.py for tasks to queue
[2026-08-06T04:47:35.170+0000] {logging_mixin.py:190} INFO - [2026-08-06T04:47:35.170+0000] {dagbag.py:588} INFO - Filling up the DagBag from /home/airflow/.local/lib/python3.12/site-packages/airflow/example_dags/example_inlet_event_extra.py
[2026-08-06T04:47:36.205+0000] {processor.py:925} INFO - DAG(s) 'read_dataset_event_from_classic', 'read_dataset_event' retrieved from /home/airflow/.local/lib/python3.12/site-packages/airflow/example_dags/example_inlet_event_extra.py
[2026-08-06T04:47:36.240+0000] {logging_mixin.py:190} INFO - [2026-08-06T04:47:36.239+0000] {dag.py:3239} INFO - Sync 2 DAGs
[2026-08-06T04:47:36.286+0000] {logging_mixin.py:190} INFO - [2026-08-06T04:47:36.286+0000] {dag.py:4180} INFO - Setting next_dagrun for read_dataset_event to 2026-08-05 00:00:00+00:00, run_after=2026-08-06 00:00:00+00:00
[2026-08-06T04:47:36.316+0000] {logging_mixin.py:190} INFO - [2026-08-06T04:47:36.316+0000] {dag.py:4180} INFO - Setting next_dagrun for read_dataset_event_from_classic to 2026-08-05 00:00:00+00:00, run_after=2026-08-06 00:00:00+00:00
[2026-08-06T04:47:36.341+0000] {processor.py:208} INFO - Processing /home/airflow/.local/lib/python3.12/site-packages/airflow/example_dags/example_inlet_event_extra.py took 1.183 seconds
[2026-08-06T04:48:06.424+0000] {processor.py:186} INFO - Started process (PID=275) to work on /home/airflow/.local/lib/python3.12/site-packages/airflow/example_dags/example_inlet_event_extra.py
[2026-08-06T04:48:06.426+0000] {processor.py:914} INFO - Processing file /home/airflow/.local/lib/python3.12/site-packages/airflow/example_dags/example_inlet_event_extra.py for tasks to queue
[2026-08-06T04:48:06.432+0000] {logging_mixin.py:190} INFO - [2026-08-06T04:48:06.431+0000] {dagbag.py:588} INFO - Filling up the DagBag from /home/airflow/.local/lib/python3.12/site-packages/airflow/example_dags/example_inlet_event_extra.py
[2026-08-06T04:48:07.242+0000] {processor.py:925} INFO - DAG(s) 'read_dataset_event_from_classic', 'read_dataset_event' retrieved from /home/airflow/.local/lib/python3.12/site-packages/airflow/example_dags/example_inlet_event_extra.py
[2026-08-06T04:48:07.292+0000] {logging_mixin.py:190} INFO - [2026-08-06T04:48:07.292+0000] {dag.py:3239} INFO - Sync 2 DAGs
[2026-08-06T04:48:07.333+0000] {logging_mixin.py:190} INFO - [2026-08-06T04:48:07.332+0000] {dag.py:4180} INFO - Setting next_dagrun for read_dataset_event to 2026-08-05 00:00:00+00:00, run_after=2026-08-06 00:00:00+00:00
[2026-08-06T04:48:07.342+0000] {logging_mixin.py:190} INFO - [2026-08-06T04:48:07.342+0000] {dag.py:4180} INFO - Setting next_dagrun for read_dataset_event_from_classic to 2026-08-05 00:00:00+00:00, run_after=2026-08-06 00:00:00+00:00
[2026-08-06T04:48:07.369+0000] {processor.py:208} INFO - Processing /home/airflow/.local/lib/python3.12/site-packages/airflow/example_dags/example_inlet_event_extra.py took 0.954 seconds
[2026-08-06T04:48:37.694+0000] {processor.py:186} INFO - Started process (PID=339) to work on /home/airflow/.local/lib/python3.12/site-packages/airflow/example_dags/example_inlet_event_extra.py
[2026-08-06T04:48:37.704+0000] {processor.py:914} INFO - Processing file /home/airflow/.local/lib/python3.12/site-packages/airflow/example_dags/example_inlet_event_extra.py for tasks to queue
[2026-08-06T04:48:37.709+0000] {logging_mixin.py:190} INFO - [2026-08-06T04:48:37.709+0000] {dagbag.py:588} INFO - Filling up the DagBag from /home/airflow/.local/lib/python3.12/site-packages/airflow/example_dags/example_inlet_event_extra.py
[2026-08-06T04:48:39.365+0000] {processor.py:925} INFO - DAG(s) 'read_dataset_event_from_classic', 'read_dataset_event' retrieved from /home/airflow/.local/lib/python3.12/site-packages/airflow/example_dags/example_inlet_event_extra.py
[2026-08-06T04:48:39.429+0000] {logging_mixin.py:190} INFO - [2026-08-06T04:48:39.428+0000] {dag.py:3239} INFO - Sync 2 DAGs
[2026-08-06T04:48:39.505+0000] {logging_mixin.py:190} INFO - [2026-08-06T04:48:39.504+0000] {dag.py:4180} INFO - Setting next_dagrun for read_dataset_event to 2026-08-05 00:00:00+00:00, run_after=2026-08-06 00:00:00+00:00
[2026-08-06T04:48:39.530+0000] {logging_mixin.py:190} INFO - [2026-08-06T04:48:39.529+0000] {dag.py:4180} INFO - Setting next_dagrun for read_dataset_event_from_classic to 2026-08-05 00:00:00+00:00, run_after=2026-08-06 00:00:00+00:00
[2026-08-06T04:48:39.581+0000] {processor.py:208} INFO - Processing /home/airflow/.local/lib/python3.12/site-packages/airflow/example_dags/example_inlet_event_extra.py took 1.898 seconds
[2026-08-06T04:49:10.086+0000] {processor.py:186} INFO - Started process (PID=405) to work on /home/airflow/.local/lib/python3.12/site-packages/airflow/example_dags/example_inlet_event_extra.py
[2026-08-06T04:49:10.088+0000] {processor.py:914} INFO - Processing file /home/airflow/.local/lib/python3.12/site-packages/airflow/example_dags/example_inlet_event_extra.py for tasks to queue
[2026-08-06T04:49:10.091+0000] {logging_mixin.py:190} INFO - [2026-08-06T04:49:10.091+0000] {dagbag.py:588} INFO - Filling up the DagBag from /home/airflow/.local/lib/python3.12/site-packages/airflow/example_dags/example_inlet_event_extra.py
[2026-08-06T04:49:11.059+0000] {processor.py:925} INFO - DAG(s) 'read_dataset_event_from_classic', 'read_dataset_event' retrieved from /home/airflow/.local/lib/python3.12/site-packages/airflow/example_dags/example_inlet_event_extra.py
[2026-08-06T04:49:11.102+0000] {logging_mixin.py:190} INFO - [2026-08-06T04:49:11.102+0000] {dag.py:3239} INFO - Sync 2 DAGs
[2026-08-06T04:49:11.139+0000] {logging_mixin.py:190} INFO - [2026-08-06T04:49:11.138+0000] {dag.py:4180} INFO - Setting next_dagrun for read_dataset_event to 2026-08-05 00:00:00+00:00, run_after=2026-08-06 00:00:00+00:00
[2026-08-06T04:49:11.146+0000] {logging_mixin.py:190} INFO - [2026-08-06T04:49:11.146+0000] {dag.py:4180} INFO - Setting next_dagrun for read_dataset_event_from_classic to 2026-08-05 00:00:00+00:00, run_after=2026-08-06 00:00:00+00:00
[2026-08-06T04:49:11.178+0000] {processor.py:208} INFO - Processing /home/airflow/.local/lib/python3.12/site-packages/airflow/example_dags/example_inlet_event_extra.py took 1.102 seconds
[2026-08-06T04:49:41.436+0000] {processor.py:186} INFO - Started process (PID=472) to work on /home/airflow/.local/lib/python3.12/site-packages/airflow/example_dags/example_inlet_event_extra.py
[2026-08-06T04:49:41.438+0000] {processor.py:914} INFO - Processing file /home/airflow/.local/lib/python3.12/site-packages/airflow/example_dags/example_inlet_event_extra.py for tasks to queue
[2026-08-06T04:49:41.443+0000] {logging_mixin.py:190} INFO - [2026-08-06T04:49:41.442+0000] {dagbag.py:588} INFO - Filling up the DagBag from /home/airflow/.local/lib/python3.12/site-packages/airflow/example_dags/example_inlet_event_extra.py
[2026-08-06T04:49:42.468+0000] {processor.py:925} INFO - DAG(s) 'read_dataset_event_from_classic', 'read_dataset_event' retrieved from /home/airflow/.local/lib/python3.12/site-packages/airflow/example_dags/example_inlet_event_extra.py
[2026-08-06T04:49:42.520+0000] {logging_mixin.py:190} INFO - [2026-08-06T04:49:42.519+0000] {dag.py:3239} INFO - Sync 2 DAGs
[2026-08-06T04:49:42.609+0000] {logging_mixin.py:190} INFO - [2026-08-06T04:49:42.609+0000] {dag.py:4180} INFO - Setting next_dagrun for read_dataset_event to 2026-08-05 00:00:00+00:00, run_after=2026-08-06 00:00:00+00:00
[2026-08-06T04:49:42.620+0000] {logging_mixin.py:190} INFO - [2026-08-06T04:49:42.620+0000] {dag.py:4180} INFO - Setting next_dagrun for read_dataset_event_from_classic to 2026-08-05 00:00:00+00:00, run_after=2026-08-06 00:00:00+00:00
[2026-08-06T04:49:42.653+0000] {processor.py:208} INFO - Processing /home/airflow/.local/lib/python3.12/site-packages/airflow/example_dags/example_inlet_event_extra.py took 1.229 seconds
[2026-08-06T04:50:12.919+0000] {processor.py:186} INFO - Started process (PID=536) to work on /home/airflow/.local/lib/python3.12/site-packages/airflow/example_dags/example_inlet_event_extra.py
[2026-08-06T04:50:12.921+0000] {processor.py:914} INFO - Processing file /home/airflow/.local/lib/python3.12/site-packages/airflow/example_dags/example_inlet_event_extra.py for tasks to queue
[2026-08-06T04:50:12.926+0000] {logging_mixin.py:190} INFO - [2026-08-06T04:50:12.925+0000] {dagbag.py:588} INFO - Filling up the DagBag from /home/airflow/.local/lib/python3.12/site-packages/airflow/example_dags/example_inlet_event_extra.py
[2026-08-06T04:50:13.882+0000] {processor.py:925} INFO - DAG(s) 'read_dataset_event_from_classic', 'read_dataset_event' retrieved from /home/airflow/.local/lib/python3.12/site-packages/airflow/example_dags/example_inlet_event_extra.py
[2026-08-06T04:50:13.924+0000] {logging_mixin.py:190} INFO - [2026-08-06T04:50:13.924+0000] {dag.py:3239} INFO - Sync 2 DAGs
[2026-08-06T04:50:13.961+0000] {logging_mixin.py:190} INFO - [2026-08-06T04:50:13.961+0000] {dag.py:4180} INFO - Setting next_dagrun for read_dataset_event to 2026-08-05 00:00:00+00:00, run_after=2026-08-06 00:00:00+00:00
[2026-08-06T04:50:13.970+0000] {logging_mixin.py:190} INFO - [2026-08-06T04:50:13.969+0000] {dag.py:4180} INFO - Setting next_dagrun for read_dataset_event_from_classic to 2026-08-05 00:00:00+00:00, run_after=2026-08-06 00:00:00+00:00
[2026-08-06T04:50:14.044+0000] {processor.py:208} INFO - Processing /home/airflow/.local/lib/python3.12/site-packages/airflow/example_dags/example_inlet_event_extra.py took 1.132 seconds
[2026-08-06T04:50:44.303+0000] {processor.py:186} INFO - Started process (PID=602) to work on /home/airflow/.local/lib/python3.12/site-packages/airflow/example_dags/example_inlet_event_extra.py
[2026-08-06T04:50:44.307+0000] {processor.py:914} INFO - Processing file /home/airflow/.local/lib/python3.12/site-packages/airflow/example_dags/example_inlet_event_extra.py for tasks to queue
[2026-08-06T04:50:44.315+0000] {logging_mixin.py:190} INFO - [2026-08-06T04:50:44.315+0000] {dagbag.py:588} INFO - Filling up the DagBag from /home/airflow/.local/lib/python3.12/site-packages/airflow/example_dags/example_inlet_event_extra.py
[2026-08-06T04:50:45.194+0000] {processor.py:925} INFO - DAG(s) 'read_dataset_event_from_classic', 'read_dataset_event' retrieved from /home/airflow/.local/lib/python3.12/site-packages/airflow/example_dags/example_inlet_event_extra.py
[2026-08-06T04:50:45.221+0000] {logging_mixin.py:190} INFO - [2026-08-06T04:50:45.220+0000] {dag.py:3239} INFO - Sync 2 DAGs
[2026-08-06T04:50:45.256+0000] {logging_mixin.py:190} INFO - [2026-08-06T04:50:45.256+0000] {dag.py:4180} INFO - Setting next_dagrun for read_dataset_event to 2026-08-05 00:00:00+00:00, run_after=2026-08-06 00:00:00+00:00
[2026-08-06T04:50:45.264+0000] {logging_mixin.py:190} INFO - [2026-08-06T04:50:45.263+0000] {dag.py:4180} INFO - Setting next_dagrun for read_dataset_event_from_classic to 2026-08-05 00:00:00+00:00, run_after=2026-08-06 00:00:00+00:00
[2026-08-06T04:50:45.291+0000] {processor.py:208} INFO - Processing /home/airflow/.local/lib/python3.12/site-packages/airflow/example_dags/example_inlet_event_extra.py took 0.997 seconds
[2026-08-06T04:51:15.460+0000] {processor.py:186} INFO - Started process (PID=668) to work on /home/airflow/.local/lib/python3.12/site-packages/airflow/example_dags/example_inlet_event_extra.py
[2026-08-06T04:51:15.462+0000] {processor.py:914} INFO - Processing file /home/airflow/.local/lib/python3.12/site-packages/airflow/example_dags/example_inlet_event_extra.py for tasks to queue
[2026-08-06T04:51:15.466+0000] {logging_mixin.py:190} INFO - [2026-08-06T04:51:15.465+0000] {dagbag.py:588} INFO - Filling up the DagBag from /home/airflow/.local/lib/python3.12/site-packages/airflow/example_dags/example_inlet_event_extra.py
[2026-08-06T04:51:16.378+0000] {processor.py:925} INFO - DAG(s) 'read_dataset_event', 'read_dataset_event_from_classic' retrieved from /home/airflow/.local/lib/python3.12/site-packages/airflow/example_dags/example_inlet_event_extra.py
[2026-08-06T04:51:16.408+0000] {logging_mixin.py:190} INFO - [2026-08-06T04:51:16.408+0000] {dag.py:3239} INFO - Sync 2 DAGs
[2026-08-06T04:51:16.446+0000] {logging_mixin.py:190} INFO - [2026-08-06T04:51:16.445+0000] {dag.py:4180} INFO - Setting next_dagrun for read_dataset_event to 2026-08-05 00:00:00+00:00, run_after=2026-08-06 00:00:00+00:00
[2026-08-06T04:51:16.453+0000] {logging_mixin.py:190} INFO - [2026-08-06T04:51:16.453+0000] {dag.py:4180} INFO - Setting next_dagrun for read_dataset_event_from_classic to 2026-08-05 00:00:00+00:00, run_after=2026-08-06 00:00:00+00:00
[2026-08-06T04:51:16.512+0000] {processor.py:208} INFO - Processing /home/airflow/.local/lib/python3.12/site-packages/airflow/example_dags/example_inlet_event_extra.py took 1.058 seconds
[2026-08-06T04:51:46.619+0000] {processor.py:186} INFO - Started process (PID=734) to work on /home/airflow/.local/lib/python3.12/site-packages/airflow/example_dags/example_inlet_event_extra.py
[2026-08-06T04:51:46.620+0000] {processor.py:914} INFO - Processing file /home/airflow/.local/lib/python3.12/site-packages/airflow/example_dags/example_inlet_event_extra.py for tasks to queue
[2026-08-06T04:51:46.624+0000] {logging_mixin.py:190} INFO - [2026-08-06T04:51:46.623+0000] {dagbag.py:588} INFO - Filling up the DagBag from /home/airflow/.local/lib/python3.12/site-packages/airflow/example_dags/example_inlet_event_extra.py
[2026-08-06T04:51:47.486+0000] {processor.py:925} INFO - DAG(s) 'read_dataset_event_from_classic', 'read_dataset_event' retrieved from /home/airflow/.local/lib/python3.12/site-packages/airflow/example_dags/example_inlet_event_extra.py
[2026-08-06T04:51:47.515+0000] {logging_mixin.py:190} INFO - [2026-08-06T04:51:47.515+0000] {dag.py:3239} INFO - Sync 2 DAGs
[2026-08-06T04:51:47.547+0000] {logging_mixin.py:190} INFO - [2026-08-06T04:51:47.547+0000] {dag.py:4180} INFO - Setting next_dagrun for read_dataset_event to 2026-08-05 00:00:00+00:00, run_after=2026-08-06 00:00:00+00:00
[2026-08-06T04:51:47.556+0000] {logging_mixin.py:190} INFO - [2026-08-06T04:51:47.556+0000] {dag.py:4180} INFO - Setting next_dagrun for read_dataset_event_from_classic to 2026-08-05 00:00:00+00:00, run_after=2026-08-06 00:00:00+00:00
[2026-08-06T04:51:47.619+0000] {processor.py:208} INFO - Processing /home/airflow/.local/lib/python3.12/site-packages/airflow/example_dags/example_inlet_event_extra.py took 1.007 seconds
[2026-08-06T04:52:18.443+0000] {processor.py:186} INFO - Started process (PID=798) to work on /home/airflow/.local/lib/python3.12/site-packages/airflow/example_dags/example_inlet_event_extra.py
[2026-08-06T04:52:18.445+0000] {processor.py:914} INFO - Processing file /home/airflow/.local/lib/python3.12/site-packages/airflow/example_dags/example_inlet_event_extra.py for tasks to queue
[2026-08-06T04:52:18.448+0000] {logging_mixin.py:190} INFO - [2026-08-06T04:52:18.447+0000] {dagbag.py:588} INFO - Filling up the DagBag from /home/airflow/.local/lib/python3.12/site-packages/airflow/example_dags/example_inlet_event_extra.py
[2026-08-06T04:52:19.347+0000] {processor.py:925} INFO - DAG(s) 'read_dataset_event', 'read_dataset_event_from_classic' retrieved from /home/airflow/.local/lib/python3.12/site-packages/airflow/example_dags/example_inlet_event_extra.py
[2026-08-06T04:52:19.373+0000] {logging_mixin.py:190} INFO - [2026-08-06T04:52:19.373+0000] {dag.py:3239} INFO - Sync 2 DAGs
[2026-08-06T04:52:19.404+0000] {logging_mixin.py:190} INFO - [2026-08-06T04:52:19.404+0000] {dag.py:4180} INFO - Setting next_dagrun for read_dataset_event to 2026-08-05 00:00:00+00:00, run_after=2026-08-06 00:00:00+00:00
[2026-08-06T04:52:19.412+0000] {logging_mixin.py:190} INFO - [2026-08-06T04:52:19.412+0000] {dag.py:4180} INFO - Setting next_dagrun for read_dataset_event_from_classic to 2026-08-05 00:00:00+00:00, run_after=2026-08-06 00:00:00+00:00
[2026-08-06T04:52:19.479+0000] {processor.py:208} INFO - Processing /home/airflow/.local/lib/python3.12/site-packages/airflow/example_dags/example_inlet_event_extra.py took 1.043 seconds
[2026-08-06T05:30:13.787+0000] {processor.py:186} INFO - Started process (PID=79) to work on /home/airflow/.local/lib/python3.12/site-packages/airflow/example_dags/example_inlet_event_extra.py
[2026-08-06T05:30:13.790+0000] {processor.py:914} INFO - Processing file /home/airflow/.local/lib/python3.12/site-packages/airflow/example_dags/example_inlet_event_extra.py for tasks to queue
[2026-08-06T05:30:13.798+0000] {logging_mixin.py:190} INFO - [2026-08-06T05:30:13.797+0000] {dagbag.py:588} INFO - Filling up the DagBag from /home/airflow/.local/lib/python3.12/site-packages/airflow/example_dags/example_inlet_event_extra.py
[2026-08-06T05:30:16.172+0000] {processor.py:925} INFO - DAG(s) 'read_dataset_event_from_classic', 'read_dataset_event' retrieved from /home/airflow/.local/lib/python3.12/site-packages/airflow/example_dags/example_inlet_event_extra.py
[2026-08-06T05:30:16.224+0000] {logging_mixin.py:190} INFO - [2026-08-06T05:30:16.222+0000] {dag.py:3239} INFO - Sync 2 DAGs
[2026-08-06T05:30:16.290+0000] {logging_mixin.py:190} INFO - [2026-08-06T05:30:16.290+0000] {dag.py:4180} INFO - Setting next_dagrun for read_dataset_event to 2026-08-05 00:00:00+00:00, run_after=2026-08-06 00:00:00+00:00
[2026-08-06T05:30:16.300+0000] {logging_mixin.py:190} INFO - [2026-08-06T05:30:16.299+0000] {dag.py:4180} INFO - Setting next_dagrun for read_dataset_event_from_classic to 2026-08-05 00:00:00+00:00, run_after=2026-08-06 00:00:00+00:00
[2026-08-06T05:30:16.335+0000] {processor.py:208} INFO - Processing /home/airflow/.local/lib/python3.12/site-packages/airflow/example_dags/example_inlet_event_extra.py took 2.560 seconds
[2026-08-06T05:30:46.509+0000] {processor.py:186} INFO - Started process (PID=147) to work on /home/airflow/.local/lib/python3.12/site-packages/airflow/example_dags/example_inlet_event_extra.py
[2026-08-06T05:30:46.511+0000] {processor.py:914} INFO - Processing file /home/airflow/.local/lib/python3.12/site-packages/airflow/example_dags/example_inlet_event_extra.py for tasks to queue
[2026-08-06T05:30:46.514+0000] {logging_mixin.py:190} INFO - [2026-08-06T05:30:46.513+0000] {dagbag.py:588} INFO - Filling up the DagBag from /home/airflow/.local/lib/python3.12/site-packages/airflow/example_dags/example_inlet_event_extra.py
[2026-08-06T05:30:47.249+0000] {processor.py:925} INFO - DAG(s) 'read_dataset_event', 'read_dataset_event_from_classic' retrieved from /home/airflow/.local/lib/python3.12/site-packages/airflow/example_dags/example_inlet_event_extra.py
[2026-08-06T05:30:47.273+0000] {logging_mixin.py:190} INFO - [2026-08-06T05:30:47.273+0000] {dag.py:3239} INFO - Sync 2 DAGs
[2026-08-06T05:30:47.300+0000] {logging_mixin.py:190} INFO - [2026-08-06T05:30:47.300+0000] {dag.py:4180} INFO - Setting next_dagrun for read_dataset_event to 2026-08-05 00:00:00+00:00, run_after=2026-08-06 00:00:00+00:00
[2026-08-06T05:30:47.309+0000] {logging_mixin.py:190} INFO - [2026-08-06T05:30:47.308+0000] {dag.py:4180} INFO - Setting next_dagrun for read_dataset_event_from_classic to 2026-08-05 00:00:00+00:00, run_after=2026-08-06 00:00:00+00:00
[2026-08-06T05:30:47.367+0000] {processor.py:208} INFO - Processing /home/airflow/.local/lib/python3.12/site-packages/airflow/example_dags/example_inlet_event_extra.py took 0.864 seconds
[2026-08-06T05:33:08.787+0000] {processor.py:186} INFO - Started process (PID=66) to work on /home/airflow/.local/lib/python3.12/site-packages/airflow/example_dags/example_inlet_event_extra.py
[2026-08-06T05:33:08.792+0000] {processor.py:914} INFO - Processing file /home/airflow/.local/lib/python3.12/site-packages/airflow/example_dags/example_inlet_event_extra.py for tasks to queue
[2026-08-06T05:33:08.804+0000] {logging_mixin.py:190} INFO - [2026-08-06T05:33:08.803+0000] {dagbag.py:588} INFO - Filling up the DagBag from /home/airflow/.local/lib/python3.12/site-packages/airflow/example_dags/example_inlet_event_extra.py
[2026-08-06T05:33:10.166+0000] {processor.py:925} INFO - DAG(s) 'read_dataset_event_from_classic', 'read_dataset_event' retrieved from /home/airflow/.local/lib/python3.12/site-packages/airflow/example_dags/example_inlet_event_extra.py
[2026-08-06T05:33:10.220+0000] {logging_mixin.py:190} INFO - [2026-08-06T05:33:10.219+0000] {dag.py:3239} INFO - Sync 2 DAGs
[2026-08-06T05:33:10.263+0000] {logging_mixin.py:190} INFO - [2026-08-06T05:33:10.263+0000] {dag.py:4180} INFO - Setting next_dagrun for read_dataset_event to 2026-08-05 00:00:00+00:00, run_after=2026-08-06 00:00:00+00:00
[2026-08-06T05:33:10.275+0000] {logging_mixin.py:190} INFO - [2026-08-06T05:33:10.275+0000] {dag.py:4180} INFO - Setting next_dagrun for read_dataset_event_from_classic to 2026-08-05 00:00:00+00:00, run_after=2026-08-06 00:00:00+00:00
[2026-08-06T05:33:10.311+0000] {processor.py:208} INFO - Processing /home/airflow/.local/lib/python3.12/site-packages/airflow/example_dags/example_inlet_event_extra.py took 1.536 seconds
[2026-08-06T05:33:40.779+0000] {processor.py:186} INFO - Started process (PID=140) to work on /home/airflow/.local/lib/python3.12/site-packages/airflow/example_dags/example_inlet_event_extra.py
[2026-08-06T05:33:40.786+0000] {processor.py:914} INFO - Processing file /home/airflow/.local/lib/python3.12/site-packages/airflow/example_dags/example_inlet_event_extra.py for tasks to queue
[2026-08-06T05:33:40.791+0000] {logging_mixin.py:190} INFO - [2026-08-06T05:33:40.791+0000] {dagbag.py:588} INFO - Filling up the DagBag from /home/airflow/.local/lib/python3.12/site-packages/airflow/example_dags/example_inlet_event_extra.py
[2026-08-06T05:33:41.877+0000] {processor.py:925} INFO - DAG(s) 'read_dataset_event_from_classic', 'read_dataset_event' retrieved from /home/airflow/.local/lib/python3.12/site-packages/airflow/example_dags/example_inlet_event_extra.py
[2026-08-06T05:33:41.913+0000] {logging_mixin.py:190} INFO - [2026-08-06T05:33:41.913+0000] {dag.py:3239} INFO - Sync 2 DAGs
[2026-08-06T05:33:41.949+0000] {logging_mixin.py:190} INFO - [2026-08-06T05:33:41.948+0000] {dag.py:4180} INFO - Setting next_dagrun for read_dataset_event to 2026-08-05 00:00:00+00:00, run_after=2026-08-06 00:00:00+00:00
[2026-08-06T05:33:41.957+0000] {logging_mixin.py:190} INFO - [2026-08-06T05:33:41.957+0000] {dag.py:4180} INFO - Setting next_dagrun for read_dataset_event_from_classic to 2026-08-05 00:00:00+00:00, run_after=2026-08-06 00:00:00+00:00
[2026-08-06T05:33:41.997+0000] {processor.py:208} INFO - Processing /home/airflow/.local/lib/python3.12/site-packages/airflow/example_dags/example_inlet_event_extra.py took 1.238 seconds
[2026-08-06T05:34:12.162+0000] {processor.py:186} INFO - Started process (PID=205) to work on /home/airflow/.local/lib/python3.12/site-packages/airflow/example_dags/example_inlet_event_extra.py
[2026-08-06T05:34:12.164+0000] {processor.py:914} INFO - Processing file /home/airflow/.local/lib/python3.12/site-packages/airflow/example_dags/example_inlet_event_extra.py for tasks to queue
[2026-08-06T05:34:12.168+0000] {logging_mixin.py:190} INFO - [2026-08-06T05:34:12.168+0000] {dagbag.py:588} INFO - Filling up the DagBag from /home/airflow/.local/lib/python3.12/site-packages/airflow/example_dags/example_inlet_event_extra.py
[2026-08-06T05:34:13.324+0000] {processor.py:925} INFO - DAG(s) 'read_dataset_event_from_classic', 'read_dataset_event' retrieved from /home/airflow/.local/lib/python3.12/site-packages/airflow/example_dags/example_inlet_event_extra.py
[2026-08-06T05:34:13.360+0000] {logging_mixin.py:190} INFO - [2026-08-06T05:34:13.359+0000] {dag.py:3239} INFO - Sync 2 DAGs
[2026-08-06T05:34:13.401+0000] {logging_mixin.py:190} INFO - [2026-08-06T05:34:13.400+0000] {dag.py:4180} INFO - Setting next_dagrun for read_dataset_event to 2026-08-05 00:00:00+00:00, run_after=2026-08-06 00:00:00+00:00
[2026-08-06T05:34:13.411+0000] {logging_mixin.py:190} INFO - [2026-08-06T05:34:13.410+0000] {dag.py:4180} INFO - Setting next_dagrun for read_dataset_event_from_classic to 2026-08-05 00:00:00+00:00, run_after=2026-08-06 00:00:00+00:00
[2026-08-06T05:34:13.448+0000] {processor.py:208} INFO - Processing /home/airflow/.local/lib/python3.12/site-packages/airflow/example_dags/example_inlet_event_extra.py took 1.293 seconds
[2026-08-06T05:34:43.935+0000] {processor.py:186} INFO - Started process (PID=272) to work on /home/airflow/.local/lib/python3.12/site-packages/airflow/example_dags/example_inlet_event_extra.py
[2026-08-06T05:34:43.937+0000] {processor.py:914} INFO - Processing file /home/airflow/.local/lib/python3.12/site-packages/airflow/example_dags/example_inlet_event_extra.py for tasks to queue
[2026-08-06T05:34:43.940+0000] {logging_mixin.py:190} INFO - [2026-08-06T05:34:43.939+0000] {dagbag.py:588} INFO - Filling up the DagBag from /home/airflow/.local/lib/python3.12/site-packages/airflow/example_dags/example_inlet_event_extra.py
[2026-08-06T05:34:44.788+0000] {processor.py:925} INFO - DAG(s) 'read_dataset_event', 'read_dataset_event_from_classic' retrieved from /home/airflow/.local/lib/python3.12/site-packages/airflow/example_dags/example_inlet_event_extra.py
[2026-08-06T05:34:44.815+0000] {logging_mixin.py:190} INFO - [2026-08-06T05:34:44.815+0000] {dag.py:3239} INFO - Sync 2 DAGs
[2026-08-06T05:34:44.846+0000] {logging_mixin.py:190} INFO - [2026-08-06T05:34:44.846+0000] {dag.py:4180} INFO - Setting next_dagrun for read_dataset_event to 2026-08-05 00:00:00+00:00, run_after=2026-08-06 00:00:00+00:00
[2026-08-06T05:34:44.855+0000] {logging_mixin.py:190} INFO - [2026-08-06T05:34:44.855+0000] {dag.py:4180} INFO - Setting next_dagrun for read_dataset_event_from_classic to 2026-08-05 00:00:00+00:00, run_after=2026-08-06 00:00:00+00:00
[2026-08-06T05:34:44.910+0000] {processor.py:208} INFO - Processing /home/airflow/.local/lib/python3.12/site-packages/airflow/example_dags/example_inlet_event_extra.py took 0.981 seconds
[2026-08-06T05:35:15.847+0000] {processor.py:186} INFO - Started process (PID=335) to work on /home/airflow/.local/lib/python3.12/site-packages/airflow/example_dags/example_inlet_event_extra.py
[2026-08-06T05:35:15.849+0000] {processor.py:914} INFO - Processing file /home/airflow/.local/lib/python3.12/site-packages/airflow/example_dags/example_inlet_event_extra.py for tasks to queue
[2026-08-06T05:35:15.853+0000] {logging_mixin.py:190} INFO - [2026-08-06T05:35:15.852+0000] {dagbag.py:588} INFO - Filling up the DagBag from /home/airflow/.local/lib/python3.12/site-packages/airflow/example_dags/example_inlet_event_extra.py
[2026-08-06T05:35:16.652+0000] {processor.py:925} INFO - DAG(s) 'read_dataset_event_from_classic', 'read_dataset_event' retrieved from /home/airflow/.local/lib/python3.12/site-packages/airflow/example_dags/example_inlet_event_extra.py
[2026-08-06T05:35:16.690+0000] {logging_mixin.py:190} INFO - [2026-08-06T05:35:16.690+0000] {dag.py:3239} INFO - Sync 2 DAGs
[2026-08-06T05:35:16.730+0000] {logging_mixin.py:190} INFO - [2026-08-06T05:35:16.730+0000] {dag.py:4180} INFO - Setting next_dagrun for read_dataset_event to 2026-08-05 00:00:00+00:00, run_after=2026-08-06 00:00:00+00:00
[2026-08-06T05:35:16.741+0000] {logging_mixin.py:190} INFO - [2026-08-06T05:35:16.741+0000] {dag.py:4180} INFO - Setting next_dagrun for read_dataset_event_from_classic to 2026-08-05 00:00:00+00:00, run_after=2026-08-06 00:00:00+00:00
[2026-08-06T05:35:16.776+0000] {processor.py:208} INFO - Processing /home/airflow/.local/lib/python3.12/site-packages/airflow/example_dags/example_inlet_event_extra.py took 0.938 seconds
[2026-08-06T05:36:56.286+0000] {processor.py:186} INFO - Started process (PID=79) to work on /home/airflow/.local/lib/python3.12/site-packages/airflow/example_dags/example_inlet_event_extra.py
[2026-08-06T05:36:56.289+0000] {processor.py:914} INFO - Processing file /home/airflow/.local/lib/python3.12/site-packages/airflow/example_dags/example_inlet_event_extra.py for tasks to queue
[2026-08-06T05:36:56.296+0000] {logging_mixin.py:190} INFO - [2026-08-06T05:36:56.295+0000] {dagbag.py:588} INFO - Filling up the DagBag from /home/airflow/.local/lib/python3.12/site-packages/airflow/example_dags/example_inlet_event_extra.py
[2026-08-06T05:36:59.459+0000] {processor.py:925} INFO - DAG(s) 'read_dataset_event', 'read_dataset_event_from_classic' retrieved from /home/airflow/.local/lib/python3.12/site-packages/airflow/example_dags/example_inlet_event_extra.py
[2026-08-06T05:36:59.532+0000] {logging_mixin.py:190} INFO - [2026-08-06T05:36:59.531+0000] {dag.py:3239} INFO - Sync 2 DAGs
[2026-08-06T05:36:59.586+0000] {logging_mixin.py:190} INFO - [2026-08-06T05:36:59.586+0000] {dag.py:4180} INFO - Setting next_dagrun for read_dataset_event to 2026-08-05 00:00:00+00:00, run_after=2026-08-06 00:00:00+00:00
[2026-08-06T05:36:59.596+0000] {logging_mixin.py:190} INFO - [2026-08-06T05:36:59.595+0000] {dag.py:4180} INFO - Setting next_dagrun for read_dataset_event_from_classic to 2026-08-05 00:00:00+00:00, run_after=2026-08-06 00:00:00+00:00
[2026-08-06T05:36:59.667+0000] {processor.py:208} INFO - Processing /home/airflow/.local/lib/python3.12/site-packages/airflow/example_dags/example_inlet_event_extra.py took 3.398 seconds
[2026-08-06T05:37:30.047+0000] {processor.py:186} INFO - Started process (PID=149) to work on /home/airflow/.local/lib/python3.12/site-packages/airflow/example_dags/example_inlet_event_extra.py
[2026-08-06T05:37:30.051+0000] {processor.py:914} INFO - Processing file /home/airflow/.local/lib/python3.12/site-packages/airflow/example_dags/example_inlet_event_extra.py for tasks to queue
[2026-08-06T05:37:30.057+0000] {logging_mixin.py:190} INFO - [2026-08-06T05:37:30.056+0000] {dagbag.py:588} INFO - Filling up the DagBag from /home/airflow/.local/lib/python3.12/site-packages/airflow/example_dags/example_inlet_event_extra.py
[2026-08-06T05:37:31.070+0000] {processor.py:925} INFO - DAG(s) 'read_dataset_event', 'read_dataset_event_from_classic' retrieved from /home/airflow/.local/lib/python3.12/site-packages/airflow/example_dags/example_inlet_event_extra.py
[2026-08-06T05:37:31.105+0000] {logging_mixin.py:190} INFO - [2026-08-06T05:37:31.105+0000] {dag.py:3239} INFO - Sync 2 DAGs
[2026-08-06T05:37:31.136+0000] {logging_mixin.py:190} INFO - [2026-08-06T05:37:31.135+0000] {dag.py:4180} INFO - Setting next_dagrun for read_dataset_event to 2026-08-05 00:00:00+00:00, run_after=2026-08-06 00:00:00+00:00
[2026-08-06T05:37:31.143+0000] {logging_mixin.py:190} INFO - [2026-08-06T05:37:31.142+0000] {dag.py:4180} INFO - Setting next_dagrun for read_dataset_event_from_classic to 2026-08-05 00:00:00+00:00, run_after=2026-08-06 00:00:00+00:00
[2026-08-06T05:37:31.167+0000] {processor.py:208} INFO - Processing /home/airflow/.local/lib/python3.12/site-packages/airflow/example_dags/example_inlet_event_extra.py took 1.130 seconds
[2026-08-06T05:38:01.337+0000] {processor.py:186} INFO - Started process (PID=213) to work on /home/airflow/.local/lib/python3.12/site-packages/airflow/example_dags/example_inlet_event_extra.py
[2026-08-06T05:38:01.339+0000] {processor.py:914} INFO - Processing file /home/airflow/.local/lib/python3.12/site-packages/airflow/example_dags/example_inlet_event_extra.py for tasks to queue
[2026-08-06T05:38:01.342+0000] {logging_mixin.py:190} INFO - [2026-08-06T05:38:01.341+0000] {dagbag.py:588} INFO - Filling up the DagBag from /home/airflow/.local/lib/python3.12/site-packages/airflow/example_dags/example_inlet_event_extra.py
[2026-08-06T05:38:02.082+0000] {processor.py:925} INFO - DAG(s) 'read_dataset_event', 'read_dataset_event_from_classic' retrieved from /home/airflow/.local/lib/python3.12/site-packages/airflow/example_dags/example_inlet_event_extra.py
[2026-08-06T05:38:02.112+0000] {logging_mixin.py:190} INFO - [2026-08-06T05:38:02.112+0000] {dag.py:3239} INFO - Sync 2 DAGs
[2026-08-06T05:38:02.152+0000] {logging_mixin.py:190} INFO - [2026-08-06T05:38:02.152+0000] {dag.py:4180} INFO - Setting next_dagrun for read_dataset_event to 2026-08-05 00:00:00+00:00, run_after=2026-08-06 00:00:00+00:00
[2026-08-06T05:38:02.159+0000] {logging_mixin.py:190} INFO - [2026-08-06T05:38:02.159+0000] {dag.py:4180} INFO - Setting next_dagrun for read_dataset_event_from_classic to 2026-08-05 00:00:00+00:00, run_after=2026-08-06 00:00:00+00:00
[2026-08-06T05:38:02.188+0000] {processor.py:208} INFO - Processing /home/airflow/.local/lib/python3.12/site-packages/airflow/example_dags/example_inlet_event_extra.py took 0.857 seconds
[2026-08-06T05:38:32.492+0000] {processor.py:186} INFO - Started process (PID=284) to work on /home/airflow/.local/lib/python3.12/site-packages/airflow/example_dags/example_inlet_event_extra.py
[2026-08-06T05:38:32.499+0000] {processor.py:914} INFO - Processing file /home/airflow/.local/lib/python3.12/site-packages/airflow/example_dags/example_inlet_event_extra.py for tasks to queue
[2026-08-06T05:38:32.514+0000] {logging_mixin.py:190} INFO - [2026-08-06T05:38:32.513+0000] {dagbag.py:588} INFO - Filling up the DagBag from /home/airflow/.local/lib/python3.12/site-packages/airflow/example_dags/example_inlet_event_extra.py
[2026-08-06T05:38:34.665+0000] {processor.py:925} INFO - DAG(s) 'read_dataset_event', 'read_dataset_event_from_classic' retrieved from /home/airflow/.local/lib/python3.12/site-packages/airflow/example_dags/example_inlet_event_extra.py
[2026-08-06T05:38:34.825+0000] {logging_mixin.py:190} INFO - [2026-08-06T05:38:34.824+0000] {dag.py:3239} INFO - Sync 2 DAGs
[2026-08-06T05:38:35.010+0000] {logging_mixin.py:190} INFO - [2026-08-06T05:38:35.010+0000] {dag.py:4180} INFO - Setting next_dagrun for read_dataset_event to 2026-08-05 00:00:00+00:00, run_after=2026-08-06 00:00:00+00:00
[2026-08-06T05:38:35.090+0000] {logging_mixin.py:190} INFO - [2026-08-06T05:38:35.089+0000] {dag.py:4180} INFO - Setting next_dagrun for read_dataset_event_from_classic to 2026-08-05 00:00:00+00:00, run_after=2026-08-06 00:00:00+00:00
[2026-08-06T05:38:35.204+0000] {processor.py:208} INFO - Processing /home/airflow/.local/lib/python3.12/site-packages/airflow/example_dags/example_inlet_event_extra.py took 2.745 seconds
[2026-08-06T05:39:05.862+0000] {processor.py:186} INFO - Started process (PID=356) to work on /home/airflow/.local/lib/python3.12/site-packages/airflow/example_dags/example_inlet_event_extra.py
[2026-08-06T05:39:05.864+0000] {processor.py:914} INFO - Processing file /home/airflow/.local/lib/python3.12/site-packages/airflow/example_dags/example_inlet_event_extra.py for tasks to queue
[2026-08-06T05:39:05.867+0000] {logging_mixin.py:190} INFO - [2026-08-06T05:39:05.867+0000] {dagbag.py:588} INFO - Filling up the DagBag from /home/airflow/.local/lib/python3.12/site-packages/airflow/example_dags/example_inlet_event_extra.py
[2026-08-06T05:39:06.735+0000] {processor.py:925} INFO - DAG(s) 'read_dataset_event', 'read_dataset_event_from_classic' retrieved from /home/airflow/.local/lib/python3.12/site-packages/airflow/example_dags/example_inlet_event_extra.py
[2026-08-06T05:39:06.765+0000] {logging_mixin.py:190} INFO - [2026-08-06T05:39:06.765+0000] {dag.py:3239} INFO - Sync 2 DAGs
[2026-08-06T05:39:06.800+0000] {logging_mixin.py:190} INFO - [2026-08-06T05:39:06.800+0000] {dag.py:4180} INFO - Setting next_dagrun for read_dataset_event to 2026-08-05 00:00:00+00:00, run_after=2026-08-06 00:00:00+00:00
[2026-08-06T05:39:06.808+0000] {logging_mixin.py:190} INFO - [2026-08-06T05:39:06.807+0000] {dag.py:4180} INFO - Setting next_dagrun for read_dataset_event_from_classic to 2026-08-05 00:00:00+00:00, run_after=2026-08-06 00:00:00+00:00
[2026-08-06T05:39:06.884+0000] {processor.py:208} INFO - Processing /home/airflow/.local/lib/python3.12/site-packages/airflow/example_dags/example_inlet_event_extra.py took 1.031 seconds
[2026-08-06T05:39:37.512+0000] {processor.py:186} INFO - Started process (PID=420) to work on /home/airflow/.local/lib/python3.12/site-packages/airflow/example_dags/example_inlet_event_extra.py
[2026-08-06T05:39:37.514+0000] {processor.py:914} INFO - Processing file /home/airflow/.local/lib/python3.12/site-packages/airflow/example_dags/example_inlet_event_extra.py for tasks to queue
[2026-08-06T05:39:37.518+0000] {logging_mixin.py:190} INFO - [2026-08-06T05:39:37.517+0000] {dagbag.py:588} INFO - Filling up the DagBag from /home/airflow/.local/lib/python3.12/site-packages/airflow/example_dags/example_inlet_event_extra.py
[2026-08-06T05:39:38.450+0000] {processor.py:925} INFO - DAG(s) 'read_dataset_event_from_classic', 'read_dataset_event' retrieved from /home/airflow/.local/lib/python3.12/site-packages/airflow/example_dags/example_inlet_event_extra.py
[2026-08-06T05:39:38.517+0000] {logging_mixin.py:190} INFO - [2026-08-06T05:39:38.517+0000] {dag.py:3239} INFO - Sync 2 DAGs
[2026-08-06T05:39:38.564+0000] {logging_mixin.py:190} INFO - [2026-08-06T05:39:38.563+0000] {dag.py:4180} INFO - Setting next_dagrun for read_dataset_event to 2026-08-05 00:00:00+00:00, run_after=2026-08-06 00:00:00+00:00
[2026-08-06T05:39:38.578+0000] {logging_mixin.py:190} INFO - [2026-08-06T05:39:38.577+0000] {dag.py:4180} INFO - Setting next_dagrun for read_dataset_event_from_classic to 2026-08-05 00:00:00+00:00, run_after=2026-08-06 00:00:00+00:00
[2026-08-06T05:39:38.641+0000] {processor.py:208} INFO - Processing /home/airflow/.local/lib/python3.12/site-packages/airflow/example_dags/example_inlet_event_extra.py took 1.139 seconds
[2026-08-06T05:40:08.993+0000] {processor.py:186} INFO - Started process (PID=484) to work on /home/airflow/.local/lib/python3.12/site-packages/airflow/example_dags/example_inlet_event_extra.py
[2026-08-06T05:40:08.995+0000] {processor.py:914} INFO - Processing file /home/airflow/.local/lib/python3.12/site-packages/airflow/example_dags/example_inlet_event_extra.py for tasks to queue
[2026-08-06T05:40:08.999+0000] {logging_mixin.py:190} INFO - [2026-08-06T05:40:08.998+0000] {dagbag.py:588} INFO - Filling up the DagBag from /home/airflow/.local/lib/python3.12/site-packages/airflow/example_dags/example_inlet_event_extra.py
[2026-08-06T05:40:10.049+0000] {processor.py:925} INFO - DAG(s) 'read_dataset_event_from_classic', 'read_dataset_event' retrieved from /home/airflow/.local/lib/python3.12/site-packages/airflow/example_dags/example_inlet_event_extra.py
[2026-08-06T05:40:10.093+0000] {logging_mixin.py:190} INFO - [2026-08-06T05:40:10.093+0000] {dag.py:3239} INFO - Sync 2 DAGs
[2026-08-06T05:40:10.136+0000] {logging_mixin.py:190} INFO - [2026-08-06T05:40:10.135+0000] {dag.py:4180} INFO - Setting next_dagrun for read_dataset_event to 2026-08-05 00:00:00+00:00, run_after=2026-08-06 00:00:00+00:00
[2026-08-06T05:40:10.145+0000] {logging_mixin.py:190} INFO - [2026-08-06T05:40:10.144+0000] {dag.py:4180} INFO - Setting next_dagrun for read_dataset_event_from_classic to 2026-08-05 00:00:00+00:00, run_after=2026-08-06 00:00:00+00:00
[2026-08-06T05:40:10.202+0000] {processor.py:208} INFO - Processing /home/airflow/.local/lib/python3.12/site-packages/airflow/example_dags/example_inlet_event_extra.py took 1.224 seconds
[2026-08-06T05:40:40.519+0000] {processor.py:186} INFO - Started process (PID=548) to work on /home/airflow/.local/lib/python3.12/site-packages/airflow/example_dags/example_inlet_event_extra.py
[2026-08-06T05:40:40.522+0000] {processor.py:914} INFO - Processing file /home/airflow/.local/lib/python3.12/site-packages/airflow/example_dags/example_inlet_event_extra.py for tasks to queue
[2026-08-06T05:40:40.525+0000] {logging_mixin.py:190} INFO - [2026-08-06T05:40:40.525+0000] {dagbag.py:588} INFO - Filling up the DagBag from /home/airflow/.local/lib/python3.12/site-packages/airflow/example_dags/example_inlet_event_extra.py
[2026-08-06T05:40:41.792+0000] {processor.py:925} INFO - DAG(s) 'read_dataset_event_from_classic', 'read_dataset_event' retrieved from /home/airflow/.local/lib/python3.12/site-packages/airflow/example_dags/example_inlet_event_extra.py
[2026-08-06T05:40:41.832+0000] {logging_mixin.py:190} INFO - [2026-08-06T05:40:41.831+0000] {dag.py:3239} INFO - Sync 2 DAGs
[2026-08-06T05:40:41.877+0000] {logging_mixin.py:190} INFO - [2026-08-06T05:40:41.877+0000] {dag.py:4180} INFO - Setting next_dagrun for read_dataset_event to 2026-08-05 00:00:00+00:00, run_after=2026-08-06 00:00:00+00:00
[2026-08-06T05:40:41.888+0000] {logging_mixin.py:190} INFO - [2026-08-06T05:40:41.887+0000] {dag.py:4180} INFO - Setting next_dagrun for read_dataset_event_from_classic to 2026-08-05 00:00:00+00:00, run_after=2026-08-06 00:00:00+00:00
[2026-08-06T05:40:41.927+0000] {processor.py:208} INFO - Processing /home/airflow/.local/lib/python3.12/site-packages/airflow/example_dags/example_inlet_event_extra.py took 1.419 seconds
[2026-08-06T05:41:12.198+0000] {processor.py:186} INFO - Started process (PID=612) to work on /home/airflow/.local/lib/python3.12/site-packages/airflow/example_dags/example_inlet_event_extra.py
[2026-08-06T05:41:12.200+0000] {processor.py:914} INFO - Processing file /home/airflow/.local/lib/python3.12/site-packages/airflow/example_dags/example_inlet_event_extra.py for tasks to queue
[2026-08-06T05:41:12.206+0000] {logging_mixin.py:190} INFO - [2026-08-06T05:41:12.205+0000] {dagbag.py:588} INFO - Filling up the DagBag from /home/airflow/.local/lib/python3.12/site-packages/airflow/example_dags/example_inlet_event_extra.py
[2026-08-06T05:41:13.271+0000] {processor.py:925} INFO - DAG(s) 'read_dataset_event_from_classic', 'read_dataset_event' retrieved from /home/airflow/.local/lib/python3.12/site-packages/airflow/example_dags/example_inlet_event_extra.py
[2026-08-06T05:41:13.308+0000] {logging_mixin.py:190} INFO - [2026-08-06T05:41:13.307+0000] {dag.py:3239} INFO - Sync 2 DAGs
[2026-08-06T05:41:13.345+0000] {logging_mixin.py:190} INFO - [2026-08-06T05:41:13.345+0000] {dag.py:4180} INFO - Setting next_dagrun for read_dataset_event to 2026-08-05 00:00:00+00:00, run_after=2026-08-06 00:00:00+00:00
[2026-08-06T05:41:13.358+0000] {logging_mixin.py:190} INFO - [2026-08-06T05:41:13.358+0000] {dag.py:4180} INFO - Setting next_dagrun for read_dataset_event_from_classic to 2026-08-05 00:00:00+00:00, run_after=2026-08-06 00:00:00+00:00
[2026-08-06T05:41:13.385+0000] {processor.py:208} INFO - Processing /home/airflow/.local/lib/python3.12/site-packages/airflow/example_dags/example_inlet_event_extra.py took 1.197 seconds
[2026-08-06T05:41:43.741+0000] {processor.py:186} INFO - Started process (PID=676) to work on /home/airflow/.local/lib/python3.12/site-packages/airflow/example_dags/example_inlet_event_extra.py
[2026-08-06T05:41:43.744+0000] {processor.py:914} INFO - Processing file /home/airflow/.local/lib/python3.12/site-packages/airflow/example_dags/example_inlet_event_extra.py for tasks to queue
[2026-08-06T05:41:43.747+0000] {logging_mixin.py:190} INFO - [2026-08-06T05:41:43.747+0000] {dagbag.py:588} INFO - Filling up the DagBag from /home/airflow/.local/lib/python3.12/site-packages/airflow/example_dags/example_inlet_event_extra.py
[2026-08-06T05:41:44.724+0000] {processor.py:925} INFO - DAG(s) 'read_dataset_event_from_classic', 'read_dataset_event' retrieved from /home/airflow/.local/lib/python3.12/site-packages/airflow/example_dags/example_inlet_event_extra.py
[2026-08-06T05:41:44.763+0000] {logging_mixin.py:190} INFO - [2026-08-06T05:41:44.762+0000] {dag.py:3239} INFO - Sync 2 DAGs
[2026-08-06T05:41:44.830+0000] {logging_mixin.py:190} INFO - [2026-08-06T05:41:44.830+0000] {dag.py:4180} INFO - Setting next_dagrun for read_dataset_event to 2026-08-05 00:00:00+00:00, run_after=2026-08-06 00:00:00+00:00
[2026-08-06T05:41:44.839+0000] {logging_mixin.py:190} INFO - [2026-08-06T05:41:44.839+0000] {dag.py:4180} INFO - Setting next_dagrun for read_dataset_event_from_classic to 2026-08-05 00:00:00+00:00, run_after=2026-08-06 00:00:00+00:00
[2026-08-06T05:41:44.872+0000] {processor.py:208} INFO - Processing /home/airflow/.local/lib/python3.12/site-packages/airflow/example_dags/example_inlet_event_extra.py took 1.141 seconds
[2026-08-06T05:42:16.350+0000] {processor.py:186} INFO - Started process (PID=740) to work on /home/airflow/.local/lib/python3.12/site-packages/airflow/example_dags/example_inlet_event_extra.py
[2026-08-06T05:42:16.353+0000] {processor.py:914} INFO - Processing file /home/airflow/.local/lib/python3.12/site-packages/airflow/example_dags/example_inlet_event_extra.py for tasks to queue
[2026-08-06T05:42:16.366+0000] {logging_mixin.py:190} INFO - [2026-08-06T05:42:16.365+0000] {dagbag.py:588} INFO - Filling up the DagBag from /home/airflow/.local/lib/python3.12/site-packages/airflow/example_dags/example_inlet_event_extra.py
[2026-08-06T05:42:17.327+0000] {processor.py:925} INFO - DAG(s) 'read_dataset_event_from_classic', 'read_dataset_event' retrieved from /home/airflow/.local/lib/python3.12/site-packages/airflow/example_dags/example_inlet_event_extra.py
[2026-08-06T05:42:17.367+0000] {logging_mixin.py:190} INFO - [2026-08-06T05:42:17.367+0000] {dag.py:3239} INFO - Sync 2 DAGs
[2026-08-06T05:42:17.402+0000] {logging_mixin.py:190} INFO - [2026-08-06T05:42:17.402+0000] {dag.py:4180} INFO - Setting next_dagrun for read_dataset_event to 2026-08-05 00:00:00+00:00, run_after=2026-08-06 00:00:00+00:00
[2026-08-06T05:42:17.410+0000] {logging_mixin.py:190} INFO - [2026-08-06T05:42:17.409+0000] {dag.py:4180} INFO - Setting next_dagrun for read_dataset_event_from_classic to 2026-08-05 00:00:00+00:00, run_after=2026-08-06 00:00:00+00:00
[2026-08-06T05:42:17.488+0000] {processor.py:208} INFO - Processing /home/airflow/.local/lib/python3.12/site-packages/airflow/example_dags/example_inlet_event_extra.py took 1.157 seconds
[2026-08-06T05:42:47.690+0000] {processor.py:186} INFO - Started process (PID=804) to work on /home/airflow/.local/lib/python3.12/site-packages/airflow/example_dags/example_inlet_event_extra.py
[2026-08-06T05:42:47.692+0000] {processor.py:914} INFO - Processing file /home/airflow/.local/lib/python3.12/site-packages/airflow/example_dags/example_inlet_event_extra.py for tasks to queue
[2026-08-06T05:42:47.696+0000] {logging_mixin.py:190} INFO - [2026-08-06T05:42:47.696+0000] {dagbag.py:588} INFO - Filling up the DagBag from /home/airflow/.local/lib/python3.12/site-packages/airflow/example_dags/example_inlet_event_extra.py
[2026-08-06T05:42:48.697+0000] {processor.py:925} INFO - DAG(s) 'read_dataset_event', 'read_dataset_event_from_classic' retrieved from /home/airflow/.local/lib/python3.12/site-packages/airflow/example_dags/example_inlet_event_extra.py
[2026-08-06T05:42:48.733+0000] {logging_mixin.py:190} INFO - [2026-08-06T05:42:48.733+0000] {dag.py:3239} INFO - Sync 2 DAGs
[2026-08-06T05:42:48.772+0000] {logging_mixin.py:190} INFO - [2026-08-06T05:42:48.771+0000] {dag.py:4180} INFO - Setting next_dagrun for read_dataset_event to 2026-08-05 00:00:00+00:00, run_after=2026-08-06 00:00:00+00:00
[2026-08-06T05:42:48.781+0000] {logging_mixin.py:190} INFO - [2026-08-06T05:42:48.780+0000] {dag.py:4180} INFO - Setting next_dagrun for read_dataset_event_from_classic to 2026-08-05 00:00:00+00:00, run_after=2026-08-06 00:00:00+00:00
[2026-08-06T05:42:48.842+0000] {processor.py:208} INFO - Processing /home/airflow/.local/lib/python3.12/site-packages/airflow/example_dags/example_inlet_event_extra.py took 1.163 seconds
[2026-08-06T05:43:19.510+0000] {processor.py:186} INFO - Started process (PID=868) to work on /home/airflow/.local/lib/python3.12/site-packages/airflow/example_dags/example_inlet_event_extra.py
[2026-08-06T05:43:19.513+0000] {processor.py:914} INFO - Processing file /home/airflow/.local/lib/python3.12/site-packages/airflow/example_dags/example_inlet_event_extra.py for tasks to queue
[2026-08-06T05:43:19.519+0000] {logging_mixin.py:190} INFO - [2026-08-06T05:43:19.518+0000] {dagbag.py:588} INFO - Filling up the DagBag from /home/airflow/.local/lib/python3.12/site-packages/airflow/example_dags/example_inlet_event_extra.py
[2026-08-06T05:43:20.432+0000] {processor.py:925} INFO - DAG(s) 'read_dataset_event_from_classic', 'read_dataset_event' retrieved from /home/airflow/.local/lib/python3.12/site-packages/airflow/example_dags/example_inlet_event_extra.py
[2026-08-06T05:43:20.467+0000] {logging_mixin.py:190} INFO - [2026-08-06T05:43:20.467+0000] {dag.py:3239} INFO - Sync 2 DAGs
[2026-08-06T05:43:20.509+0000] {logging_mixin.py:190} INFO - [2026-08-06T05:43:20.509+0000] {dag.py:4180} INFO - Setting next_dagrun for read_dataset_event to 2026-08-05 00:00:00+00:00, run_after=2026-08-06 00:00:00+00:00
[2026-08-06T05:43:20.517+0000] {logging_mixin.py:190} INFO - [2026-08-06T05:43:20.517+0000] {dag.py:4180} INFO - Setting next_dagrun for read_dataset_event_from_classic to 2026-08-05 00:00:00+00:00, run_after=2026-08-06 00:00:00+00:00
[2026-08-06T05:43:20.577+0000] {processor.py:208} INFO - Processing /home/airflow/.local/lib/python3.12/site-packages/airflow/example_dags/example_inlet_event_extra.py took 1.076 seconds
[2026-08-06T05:43:50.869+0000] {processor.py:186} INFO - Started process (PID=939) to work on /home/airflow/.local/lib/python3.12/site-packages/airflow/example_dags/example_inlet_event_extra.py
[2026-08-06T05:43:50.871+0000] {processor.py:914} INFO - Processing file /home/airflow/.local/lib/python3.12/site-packages/airflow/example_dags/example_inlet_event_extra.py for tasks to queue
[2026-08-06T05:43:50.877+0000] {logging_mixin.py:190} INFO - [2026-08-06T05:43:50.876+0000] {dagbag.py:588} INFO - Filling up the DagBag from /home/airflow/.local/lib/python3.12/site-packages/airflow/example_dags/example_inlet_event_extra.py
[2026-08-06T05:43:53.043+0000] {processor.py:925} INFO - DAG(s) 'read_dataset_event', 'read_dataset_event_from_classic' retrieved from /home/airflow/.local/lib/python3.12/site-packages/airflow/example_dags/example_inlet_event_extra.py
[2026-08-06T05:43:53.118+0000] {logging_mixin.py:190} INFO - [2026-08-06T05:43:53.117+0000] {dag.py:3239} INFO - Sync 2 DAGs
[2026-08-06T05:43:53.190+0000] {logging_mixin.py:190} INFO - [2026-08-06T05:43:53.190+0000] {dag.py:4180} INFO - Setting next_dagrun for read_dataset_event to 2026-08-05 00:00:00+00:00, run_after=2026-08-06 00:00:00+00:00
[2026-08-06T05:43:53.218+0000] {logging_mixin.py:190} INFO - [2026-08-06T05:43:53.217+0000] {dag.py:4180} INFO - Setting next_dagrun for read_dataset_event_from_classic to 2026-08-05 00:00:00+00:00, run_after=2026-08-06 00:00:00+00:00
[2026-08-06T05:43:53.286+0000] {processor.py:208} INFO - Processing /home/airflow/.local/lib/python3.12/site-packages/airflow/example_dags/example_inlet_event_extra.py took 2.430 seconds
[2026-08-06T05:44:23.818+0000] {processor.py:186} INFO - Started process (PID=1017) to work on /home/airflow/.local/lib/python3.12/site-packages/airflow/example_dags/example_inlet_event_extra.py
[2026-08-06T05:44:23.820+0000] {processor.py:914} INFO - Processing file /home/airflow/.local/lib/python3.12/site-packages/airflow/example_dags/example_inlet_event_extra.py for tasks to queue
[2026-08-06T05:44:23.825+0000] {logging_mixin.py:190} INFO - [2026-08-06T05:44:23.824+0000] {dagbag.py:588} INFO - Filling up the DagBag from /home/airflow/.local/lib/python3.12/site-packages/airflow/example_dags/example_inlet_event_extra.py
[2026-08-06T05:44:24.947+0000] {processor.py:925} INFO - DAG(s) 'read_dataset_event', 'read_dataset_event_from_classic' retrieved from /home/airflow/.local/lib/python3.12/site-packages/airflow/example_dags/example_inlet_event_extra.py
[2026-08-06T05:44:24.990+0000] {logging_mixin.py:190} INFO - [2026-08-06T05:44:24.989+0000] {dag.py:3239} INFO - Sync 2 DAGs
[2026-08-06T05:44:25.031+0000] {logging_mixin.py:190} INFO - [2026-08-06T05:44:25.030+0000] {dag.py:4180} INFO - Setting next_dagrun for read_dataset_event to 2026-08-05 00:00:00+00:00, run_after=2026-08-06 00:00:00+00:00
[2026-08-06T05:44:25.041+0000] {logging_mixin.py:190} INFO - [2026-08-06T05:44:25.041+0000] {dag.py:4180} INFO - Setting next_dagrun for read_dataset_event_from_classic to 2026-08-05 00:00:00+00:00, run_after=2026-08-06 00:00:00+00:00
[2026-08-06T05:44:25.074+0000] {processor.py:208} INFO - Processing /home/airflow/.local/lib/python3.12/site-packages/airflow/example_dags/example_inlet_event_extra.py took 1.268 seconds
[2026-08-06T05:44:55.338+0000] {processor.py:186} INFO - Started process (PID=1080) to work on /home/airflow/.local/lib/python3.12/site-packages/airflow/example_dags/example_inlet_event_extra.py
[2026-08-06T05:44:55.340+0000] {processor.py:914} INFO - Processing file /home/airflow/.local/lib/python3.12/site-packages/airflow/example_dags/example_inlet_event_extra.py for tasks to queue
[2026-08-06T05:44:55.347+0000] {logging_mixin.py:190} INFO - [2026-08-06T05:44:55.346+0000] {dagbag.py:588} INFO - Filling up the DagBag from /home/airflow/.local/lib/python3.12/site-packages/airflow/example_dags/example_inlet_event_extra.py
[2026-08-06T05:44:56.377+0000] {processor.py:925} INFO - DAG(s) 'read_dataset_event_from_classic', 'read_dataset_event' retrieved from /home/airflow/.local/lib/python3.12/site-packages/airflow/example_dags/example_inlet_event_extra.py
[2026-08-06T05:44:56.416+0000] {logging_mixin.py:190} INFO - [2026-08-06T05:44:56.416+0000] {dag.py:3239} INFO - Sync 2 DAGs
[2026-08-06T05:44:56.456+0000] {logging_mixin.py:190} INFO - [2026-08-06T05:44:56.456+0000] {dag.py:4180} INFO - Setting next_dagrun for read_dataset_event to 2026-08-05 00:00:00+00:00, run_after=2026-08-06 00:00:00+00:00
[2026-08-06T05:44:56.472+0000] {logging_mixin.py:190} INFO - [2026-08-06T05:44:56.472+0000] {dag.py:4180} INFO - Setting next_dagrun for read_dataset_event_from_classic to 2026-08-05 00:00:00+00:00, run_after=2026-08-06 00:00:00+00:00
[2026-08-06T05:44:56.504+0000] {processor.py:208} INFO - Processing /home/airflow/.local/lib/python3.12/site-packages/airflow/example_dags/example_inlet_event_extra.py took 1.178 seconds
[2026-08-06T05:45:26.613+0000] {processor.py:186} INFO - Started process (PID=1144) to work on /home/airflow/.local/lib/python3.12/site-packages/airflow/example_dags/example_inlet_event_extra.py
[2026-08-06T05:45:26.615+0000] {processor.py:914} INFO - Processing file /home/airflow/.local/lib/python3.12/site-packages/airflow/example_dags/example_inlet_event_extra.py for tasks to queue
[2026-08-06T05:45:26.619+0000] {logging_mixin.py:190} INFO - [2026-08-06T05:45:26.618+0000] {dagbag.py:588} INFO - Filling up the DagBag from /home/airflow/.local/lib/python3.12/site-packages/airflow/example_dags/example_inlet_event_extra.py
[2026-08-06T05:45:27.507+0000] {processor.py:925} INFO - DAG(s) 'read_dataset_event_from_classic', 'read_dataset_event' retrieved from /home/airflow/.local/lib/python3.12/site-packages/airflow/example_dags/example_inlet_event_extra.py
[2026-08-06T05:45:27.544+0000] {logging_mixin.py:190} INFO - [2026-08-06T05:45:27.543+0000] {dag.py:3239} INFO - Sync 2 DAGs
[2026-08-06T05:45:27.587+0000] {logging_mixin.py:190} INFO - [2026-08-06T05:45:27.587+0000] {dag.py:4180} INFO - Setting next_dagrun for read_dataset_event to 2026-08-05 00:00:00+00:00, run_after=2026-08-06 00:00:00+00:00
[2026-08-06T05:45:27.597+0000] {logging_mixin.py:190} INFO - [2026-08-06T05:45:27.596+0000] {dag.py:4180} INFO - Setting next_dagrun for read_dataset_event_from_classic to 2026-08-05 00:00:00+00:00, run_after=2026-08-06 00:00:00+00:00
[2026-08-06T05:45:27.671+0000] {processor.py:208} INFO - Processing /home/airflow/.local/lib/python3.12/site-packages/airflow/example_dags/example_inlet_event_extra.py took 1.068 seconds
[2026-08-06T05:45:58.018+0000] {processor.py:186} INFO - Started process (PID=1208) to work on /home/airflow/.local/lib/python3.12/site-packages/airflow/example_dags/example_inlet_event_extra.py
[2026-08-06T05:45:58.020+0000] {processor.py:914} INFO - Processing file /home/airflow/.local/lib/python3.12/site-packages/airflow/example_dags/example_inlet_event_extra.py for tasks to queue
[2026-08-06T05:45:58.027+0000] {logging_mixin.py:190} INFO - [2026-08-06T05:45:58.026+0000] {dagbag.py:588} INFO - Filling up the DagBag from /home/airflow/.local/lib/python3.12/site-packages/airflow/example_dags/example_inlet_event_extra.py
[2026-08-06T05:45:58.905+0000] {processor.py:925} INFO - DAG(s) 'read_dataset_event_from_classic', 'read_dataset_event' retrieved from /home/airflow/.local/lib/python3.12/site-packages/airflow/example_dags/example_inlet_event_extra.py
[2026-08-06T05:45:58.941+0000] {logging_mixin.py:190} INFO - [2026-08-06T05:45:58.941+0000] {dag.py:3239} INFO - Sync 2 DAGs
[2026-08-06T05:45:58.983+0000] {logging_mixin.py:190} INFO - [2026-08-06T05:45:58.982+0000] {dag.py:4180} INFO - Setting next_dagrun for read_dataset_event to 2026-08-05 00:00:00+00:00, run_after=2026-08-06 00:00:00+00:00
[2026-08-06T05:45:58.997+0000] {logging_mixin.py:190} INFO - [2026-08-06T05:45:58.997+0000] {dag.py:4180} INFO - Setting next_dagrun for read_dataset_event_from_classic to 2026-08-05 00:00:00+00:00, run_after=2026-08-06 00:00:00+00:00
[2026-08-06T05:45:59.058+0000] {processor.py:208} INFO - Processing /home/airflow/.local/lib/python3.12/site-packages/airflow/example_dags/example_inlet_event_extra.py took 1.053 seconds
[2026-08-06T05:46:29.225+0000] {processor.py:186} INFO - Started process (PID=1272) to work on /home/airflow/.local/lib/python3.12/site-packages/airflow/example_dags/example_inlet_event_extra.py
[2026-08-06T05:46:29.228+0000] {processor.py:914} INFO - Processing file /home/airflow/.local/lib/python3.12/site-packages/airflow/example_dags/example_inlet_event_extra.py for tasks to queue
[2026-08-06T05:46:29.235+0000] {logging_mixin.py:190} INFO - [2026-08-06T05:46:29.234+0000] {dagbag.py:588} INFO - Filling up the DagBag from /home/airflow/.local/lib/python3.12/site-packages/airflow/example_dags/example_inlet_event_extra.py
[2026-08-06T05:46:30.200+0000] {processor.py:925} INFO - DAG(s) 'read_dataset_event_from_classic', 'read_dataset_event' retrieved from /home/airflow/.local/lib/python3.12/site-packages/airflow/example_dags/example_inlet_event_extra.py
[2026-08-06T05:46:30.235+0000] {logging_mixin.py:190} INFO - [2026-08-06T05:46:30.235+0000] {dag.py:3239} INFO - Sync 2 DAGs
[2026-08-06T05:46:30.281+0000] {logging_mixin.py:190} INFO - [2026-08-06T05:46:30.280+0000] {dag.py:4180} INFO - Setting next_dagrun for read_dataset_event to 2026-08-05 00:00:00+00:00, run_after=2026-08-06 00:00:00+00:00
[2026-08-06T05:46:30.290+0000] {logging_mixin.py:190} INFO - [2026-08-06T05:46:30.289+0000] {dag.py:4180} INFO - Setting next_dagrun for read_dataset_event_from_classic to 2026-08-05 00:00:00+00:00, run_after=2026-08-06 00:00:00+00:00
[2026-08-06T05:46:30.320+0000] {processor.py:208} INFO - Processing /home/airflow/.local/lib/python3.12/site-packages/airflow/example_dags/example_inlet_event_extra.py took 1.109 seconds
[2026-08-06T05:47:00.954+0000] {processor.py:186} INFO - Started process (PID=1336) to work on /home/airflow/.local/lib/python3.12/site-packages/airflow/example_dags/example_inlet_event_extra.py
[2026-08-06T05:47:00.956+0000] {processor.py:914} INFO - Processing file /home/airflow/.local/lib/python3.12/site-packages/airflow/example_dags/example_inlet_event_extra.py for tasks to queue
[2026-08-06T05:47:00.961+0000] {logging_mixin.py:190} INFO - [2026-08-06T05:47:00.960+0000] {dagbag.py:588} INFO - Filling up the DagBag from /home/airflow/.local/lib/python3.12/site-packages/airflow/example_dags/example_inlet_event_extra.py
[2026-08-06T05:47:02.232+0000] {processor.py:925} INFO - DAG(s) 'read_dataset_event', 'read_dataset_event_from_classic' retrieved from /home/airflow/.local/lib/python3.12/site-packages/airflow/example_dags/example_inlet_event_extra.py
[2026-08-06T05:47:02.272+0000] {logging_mixin.py:190} INFO - [2026-08-06T05:47:02.272+0000] {dag.py:3239} INFO - Sync 2 DAGs
[2026-08-06T05:47:02.321+0000] {logging_mixin.py:190} INFO - [2026-08-06T05:47:02.320+0000] {dag.py:4180} INFO - Setting next_dagrun for read_dataset_event to 2026-08-05 00:00:00+00:00, run_after=2026-08-06 00:00:00+00:00
[2026-08-06T05:47:02.333+0000] {logging_mixin.py:190} INFO - [2026-08-06T05:47:02.333+0000] {dag.py:4180} INFO - Setting next_dagrun for read_dataset_event_from_classic to 2026-08-05 00:00:00+00:00, run_after=2026-08-06 00:00:00+00:00
[2026-08-06T05:47:02.411+0000] {processor.py:208} INFO - Processing /home/airflow/.local/lib/python3.12/site-packages/airflow/example_dags/example_inlet_event_extra.py took 1.468 seconds
[2026-08-06T05:47:32.753+0000] {processor.py:186} INFO - Started process (PID=1402) to work on /home/airflow/.local/lib/python3.12/site-packages/airflow/example_dags/example_inlet_event_extra.py
[2026-08-06T05:47:32.756+0000] {processor.py:914} INFO - Processing file /home/airflow/.local/lib/python3.12/site-packages/airflow/example_dags/example_inlet_event_extra.py for tasks to queue
[2026-08-06T05:47:32.760+0000] {logging_mixin.py:190} INFO - [2026-08-06T05:47:32.760+0000] {dagbag.py:588} INFO - Filling up the DagBag from /home/airflow/.local/lib/python3.12/site-packages/airflow/example_dags/example_inlet_event_extra.py
[2026-08-06T05:47:34.033+0000] {processor.py:925} INFO - DAG(s) 'read_dataset_event', 'read_dataset_event_from_classic' retrieved from /home/airflow/.local/lib/python3.12/site-packages/airflow/example_dags/example_inlet_event_extra.py
[2026-08-06T05:47:34.073+0000] {logging_mixin.py:190} INFO - [2026-08-06T05:47:34.073+0000] {dag.py:3239} INFO - Sync 2 DAGs
[2026-08-06T05:47:34.116+0000] {logging_mixin.py:190} INFO - [2026-08-06T05:47:34.116+0000] {dag.py:4180} INFO - Setting next_dagrun for read_dataset_event to 2026-08-05 00:00:00+00:00, run_after=2026-08-06 00:00:00+00:00
[2026-08-06T05:47:34.127+0000] {logging_mixin.py:190} INFO - [2026-08-06T05:47:34.127+0000] {dag.py:4180} INFO - Setting next_dagrun for read_dataset_event_from_classic to 2026-08-05 00:00:00+00:00, run_after=2026-08-06 00:00:00+00:00
[2026-08-06T05:47:34.189+0000] {processor.py:208} INFO - Processing /home/airflow/.local/lib/python3.12/site-packages/airflow/example_dags/example_inlet_event_extra.py took 1.446 seconds
[2026-08-06T05:48:05.831+0000] {processor.py:186} INFO - Started process (PID=1468) to work on /home/airflow/.local/lib/python3.12/site-packages/airflow/example_dags/example_inlet_event_extra.py
[2026-08-06T05:48:05.836+0000] {processor.py:914} INFO - Processing file /home/airflow/.local/lib/python3.12/site-packages/airflow/example_dags/example_inlet_event_extra.py for tasks to queue
[2026-08-06T05:48:05.849+0000] {logging_mixin.py:190} INFO - [2026-08-06T05:48:05.848+0000] {dagbag.py:588} INFO - Filling up the DagBag from /home/airflow/.local/lib/python3.12/site-packages/airflow/example_dags/example_inlet_event_extra.py
[2026-08-06T05:48:06.935+0000] {processor.py:925} INFO - DAG(s) 'read_dataset_event', 'read_dataset_event_from_classic' retrieved from /home/airflow/.local/lib/python3.12/site-packages/airflow/example_dags/example_inlet_event_extra.py
[2026-08-06T05:48:06.976+0000] {logging_mixin.py:190} INFO - [2026-08-06T05:48:06.976+0000] {dag.py:3239} INFO - Sync 2 DAGs
[2026-08-06T05:48:07.040+0000] {logging_mixin.py:190} INFO - [2026-08-06T05:48:07.040+0000] {dag.py:4180} INFO - Setting next_dagrun for read_dataset_event to 2026-08-05 00:00:00+00:00, run_after=2026-08-06 00:00:00+00:00
[2026-08-06T05:48:07.052+0000] {logging_mixin.py:190} INFO - [2026-08-06T05:48:07.051+0000] {dag.py:4180} INFO - Setting next_dagrun for read_dataset_event_from_classic to 2026-08-05 00:00:00+00:00, run_after=2026-08-06 00:00:00+00:00
[2026-08-06T05:48:07.080+0000] {processor.py:208} INFO - Processing /home/airflow/.local/lib/python3.12/site-packages/airflow/example_dags/example_inlet_event_extra.py took 1.280 seconds
[2026-08-06T05:48:37.513+0000] {processor.py:186} INFO - Started process (PID=1537) to work on /home/airflow/.local/lib/python3.12/site-packages/airflow/example_dags/example_inlet_event_extra.py
[2026-08-06T05:48:37.515+0000] {processor.py:914} INFO - Processing file /home/airflow/.local/lib/python3.12/site-packages/airflow/example_dags/example_inlet_event_extra.py for tasks to queue
[2026-08-06T05:48:37.567+0000] {logging_mixin.py:190} INFO - [2026-08-06T05:48:37.567+0000] {dagbag.py:588} INFO - Filling up the DagBag from /home/airflow/.local/lib/python3.12/site-packages/airflow/example_dags/example_inlet_event_extra.py
[2026-08-06T05:48:38.782+0000] {processor.py:925} INFO - DAG(s) 'read_dataset_event', 'read_dataset_event_from_classic' retrieved from /home/airflow/.local/lib/python3.12/site-packages/airflow/example_dags/example_inlet_event_extra.py
[2026-08-06T05:48:38.817+0000] {logging_mixin.py:190} INFO - [2026-08-06T05:48:38.816+0000] {dag.py:3239} INFO - Sync 2 DAGs
[2026-08-06T05:48:38.853+0000] {logging_mixin.py:190} INFO - [2026-08-06T05:48:38.853+0000] {dag.py:4180} INFO - Setting next_dagrun for read_dataset_event to 2026-08-05 00:00:00+00:00, run_after=2026-08-06 00:00:00+00:00
[2026-08-06T05:48:38.895+0000] {logging_mixin.py:190} INFO - [2026-08-06T05:48:38.894+0000] {dag.py:4180} INFO - Setting next_dagrun for read_dataset_event_from_classic to 2026-08-05 00:00:00+00:00, run_after=2026-08-06 00:00:00+00:00
[2026-08-06T05:48:38.982+0000] {processor.py:208} INFO - Processing /home/airflow/.local/lib/python3.12/site-packages/airflow/example_dags/example_inlet_event_extra.py took 1.478 seconds
[2026-08-06T05:49:09.270+0000] {processor.py:186} INFO - Started process (PID=1616) to work on /home/airflow/.local/lib/python3.12/site-packages/airflow/example_dags/example_inlet_event_extra.py
[2026-08-06T05:49:09.272+0000] {processor.py:914} INFO - Processing file /home/airflow/.local/lib/python3.12/site-packages/airflow/example_dags/example_inlet_event_extra.py for tasks to queue
[2026-08-06T05:49:09.279+0000] {logging_mixin.py:190} INFO - [2026-08-06T05:49:09.278+0000] {dagbag.py:588} INFO - Filling up the DagBag from /home/airflow/.local/lib/python3.12/site-packages/airflow/example_dags/example_inlet_event_extra.py
[2026-08-06T05:49:10.453+0000] {processor.py:925} INFO - DAG(s) 'read_dataset_event', 'read_dataset_event_from_classic' retrieved from /home/airflow/.local/lib/python3.12/site-packages/airflow/example_dags/example_inlet_event_extra.py
[2026-08-06T05:49:10.512+0000] {logging_mixin.py:190} INFO - [2026-08-06T05:49:10.510+0000] {dag.py:3239} INFO - Sync 2 DAGs
[2026-08-06T05:49:10.584+0000] {logging_mixin.py:190} INFO - [2026-08-06T05:49:10.583+0000] {dag.py:4180} INFO - Setting next_dagrun for read_dataset_event to 2026-08-05 00:00:00+00:00, run_after=2026-08-06 00:00:00+00:00
[2026-08-06T05:49:10.592+0000] {logging_mixin.py:190} INFO - [2026-08-06T05:49:10.591+0000] {dag.py:4180} INFO - Setting next_dagrun for read_dataset_event_from_classic to 2026-08-05 00:00:00+00:00, run_after=2026-08-06 00:00:00+00:00
[2026-08-06T05:49:10.644+0000] {processor.py:208} INFO - Processing /home/airflow/.local/lib/python3.12/site-packages/airflow/example_dags/example_inlet_event_extra.py took 1.382 seconds
[2026-08-06T05:49:41.403+0000] {processor.py:186} INFO - Started process (PID=1684) to work on /home/airflow/.local/lib/python3.12/site-packages/airflow/example_dags/example_inlet_event_extra.py
[2026-08-06T05:49:41.405+0000] {processor.py:914} INFO - Processing file /home/airflow/.local/lib/python3.12/site-packages/airflow/example_dags/example_inlet_event_extra.py for tasks to queue
[2026-08-06T05:49:41.410+0000] {logging_mixin.py:190} INFO - [2026-08-06T05:49:41.409+0000] {dagbag.py:588} INFO - Filling up the DagBag from /home/airflow/.local/lib/python3.12/site-packages/airflow/example_dags/example_inlet_event_extra.py
[2026-08-06T05:49:42.490+0000] {processor.py:925} INFO - DAG(s) 'read_dataset_event_from_classic', 'read_dataset_event' retrieved from /home/airflow/.local/lib/python3.12/site-packages/airflow/example_dags/example_inlet_event_extra.py
[2026-08-06T05:49:42.533+0000] {logging_mixin.py:190} INFO - [2026-08-06T05:49:42.532+0000] {dag.py:3239} INFO - Sync 2 DAGs
[2026-08-06T05:49:42.570+0000] {logging_mixin.py:190} INFO - [2026-08-06T05:49:42.570+0000] {dag.py:4180} INFO - Setting next_dagrun for read_dataset_event to 2026-08-05 00:00:00+00:00, run_after=2026-08-06 00:00:00+00:00
[2026-08-06T05:49:42.580+0000] {logging_mixin.py:190} INFO - [2026-08-06T05:49:42.579+0000] {dag.py:4180} INFO - Setting next_dagrun for read_dataset_event_from_classic to 2026-08-05 00:00:00+00:00, run_after=2026-08-06 00:00:00+00:00
[2026-08-06T05:49:42.666+0000] {processor.py:208} INFO - Processing /home/airflow/.local/lib/python3.12/site-packages/airflow/example_dags/example_inlet_event_extra.py took 1.274 seconds
[2026-08-06T05:50:12.875+0000] {processor.py:186} INFO - Started process (PID=1752) to work on /home/airflow/.local/lib/python3.12/site-packages/airflow/example_dags/example_inlet_event_extra.py
[2026-08-06T05:50:12.878+0000] {processor.py:914} INFO - Processing file /home/airflow/.local/lib/python3.12/site-packages/airflow/example_dags/example_inlet_event_extra.py for tasks to queue
[2026-08-06T05:50:12.887+0000] {logging_mixin.py:190} INFO - [2026-08-06T05:50:12.886+0000] {dagbag.py:588} INFO - Filling up the DagBag from /home/airflow/.local/lib/python3.12/site-packages/airflow/example_dags/example_inlet_event_extra.py
[2026-08-06T05:50:13.862+0000] {processor.py:925} INFO - DAG(s) 'read_dataset_event_from_classic', 'read_dataset_event' retrieved from /home/airflow/.local/lib/python3.12/site-packages/airflow/example_dags/example_inlet_event_extra.py
[2026-08-06T05:50:13.907+0000] {logging_mixin.py:190} INFO - [2026-08-06T05:50:13.906+0000] {dag.py:3239} INFO - Sync 2 DAGs
[2026-08-06T05:50:13.949+0000] {logging_mixin.py:190} INFO - [2026-08-06T05:50:13.948+0000] {dag.py:4180} INFO - Setting next_dagrun for read_dataset_event to 2026-08-05 00:00:00+00:00, run_after=2026-08-06 00:00:00+00:00
[2026-08-06T05:50:13.957+0000] {logging_mixin.py:190} INFO - [2026-08-06T05:50:13.957+0000] {dag.py:4180} INFO - Setting next_dagrun for read_dataset_event_from_classic to 2026-08-05 00:00:00+00:00, run_after=2026-08-06 00:00:00+00:00
[2026-08-06T05:50:14.015+0000] {processor.py:208} INFO - Processing /home/airflow/.local/lib/python3.12/site-packages/airflow/example_dags/example_inlet_event_extra.py took 1.149 seconds
[2026-08-06T05:50:44.581+0000] {processor.py:186} INFO - Started process (PID=1817) to work on /home/airflow/.local/lib/python3.12/site-packages/airflow/example_dags/example_inlet_event_extra.py
[2026-08-06T05:50:44.583+0000] {processor.py:914} INFO - Processing file /home/airflow/.local/lib/python3.12/site-packages/airflow/example_dags/example_inlet_event_extra.py for tasks to queue
[2026-08-06T05:50:44.586+0000] {logging_mixin.py:190} INFO - [2026-08-06T05:50:44.586+0000] {dagbag.py:588} INFO - Filling up the DagBag from /home/airflow/.local/lib/python3.12/site-packages/airflow/example_dags/example_inlet_event_extra.py
[2026-08-06T05:50:45.493+0000] {processor.py:925} INFO - DAG(s) 'read_dataset_event', 'read_dataset_event_from_classic' retrieved from /home/airflow/.local/lib/python3.12/site-packages/airflow/example_dags/example_inlet_event_extra.py
[2026-08-06T05:50:45.519+0000] {logging_mixin.py:190} INFO - [2026-08-06T05:50:45.519+0000] {dag.py:3239} INFO - Sync 2 DAGs
[2026-08-06T05:50:45.561+0000] {logging_mixin.py:190} INFO - [2026-08-06T05:50:45.561+0000] {dag.py:4180} INFO - Setting next_dagrun for read_dataset_event to 2026-08-05 00:00:00+00:00, run_after=2026-08-06 00:00:00+00:00
[2026-08-06T05:50:45.580+0000] {logging_mixin.py:190} INFO - [2026-08-06T05:50:45.580+0000] {dag.py:4180} INFO - Setting next_dagrun for read_dataset_event_from_classic to 2026-08-05 00:00:00+00:00, run_after=2026-08-06 00:00:00+00:00
[2026-08-06T05:50:45.629+0000] {processor.py:208} INFO - Processing /home/airflow/.local/lib/python3.12/site-packages/airflow/example_dags/example_inlet_event_extra.py took 1.057 seconds
[2026-08-06T05:51:15.897+0000] {processor.py:186} INFO - Started process (PID=1881) to work on /home/airflow/.local/lib/python3.12/site-packages/airflow/example_dags/example_inlet_event_extra.py
[2026-08-06T05:51:15.898+0000] {processor.py:914} INFO - Processing file /home/airflow/.local/lib/python3.12/site-packages/airflow/example_dags/example_inlet_event_extra.py for tasks to queue
[2026-08-06T05:51:15.901+0000] {logging_mixin.py:190} INFO - [2026-08-06T05:51:15.901+0000] {dagbag.py:588} INFO - Filling up the DagBag from /home/airflow/.local/lib/python3.12/site-packages/airflow/example_dags/example_inlet_event_extra.py
[2026-08-06T05:51:16.764+0000] {processor.py:925} INFO - DAG(s) 'read_dataset_event', 'read_dataset_event_from_classic' retrieved from /home/airflow/.local/lib/python3.12/site-packages/airflow/example_dags/example_inlet_event_extra.py
[2026-08-06T05:51:16.796+0000] {logging_mixin.py:190} INFO - [2026-08-06T05:51:16.796+0000] {dag.py:3239} INFO - Sync 2 DAGs
[2026-08-06T05:51:16.822+0000] {logging_mixin.py:190} INFO - [2026-08-06T05:51:16.822+0000] {dag.py:4180} INFO - Setting next_dagrun for read_dataset_event to 2026-08-05 00:00:00+00:00, run_after=2026-08-06 00:00:00+00:00
[2026-08-06T05:51:16.829+0000] {logging_mixin.py:190} INFO - [2026-08-06T05:51:16.829+0000] {dag.py:4180} INFO - Setting next_dagrun for read_dataset_event_from_classic to 2026-08-05 00:00:00+00:00, run_after=2026-08-06 00:00:00+00:00
[2026-08-06T05:51:16.852+0000] {processor.py:208} INFO - Processing /home/airflow/.local/lib/python3.12/site-packages/airflow/example_dags/example_inlet_event_extra.py took 0.970 seconds
[2026-08-06T05:51:47.099+0000] {processor.py:186} INFO - Started process (PID=1949) to work on /home/airflow/.local/lib/python3.12/site-packages/airflow/example_dags/example_inlet_event_extra.py
[2026-08-06T05:51:47.102+0000] {processor.py:914} INFO - Processing file /home/airflow/.local/lib/python3.12/site-packages/airflow/example_dags/example_inlet_event_extra.py for tasks to queue
[2026-08-06T05:51:47.106+0000] {logging_mixin.py:190} INFO - [2026-08-06T05:51:47.106+0000] {dagbag.py:588} INFO - Filling up the DagBag from /home/airflow/.local/lib/python3.12/site-packages/airflow/example_dags/example_inlet_event_extra.py
[2026-08-06T05:51:48.119+0000] {processor.py:925} INFO - DAG(s) 'read_dataset_event_from_classic', 'read_dataset_event' retrieved from /home/airflow/.local/lib/python3.12/site-packages/airflow/example_dags/example_inlet_event_extra.py
[2026-08-06T05:51:48.145+0000] {logging_mixin.py:190} INFO - [2026-08-06T05:51:48.145+0000] {dag.py:3239} INFO - Sync 2 DAGs
[2026-08-06T05:51:48.190+0000] {logging_mixin.py:190} INFO - [2026-08-06T05:51:48.190+0000] {dag.py:4180} INFO - Setting next_dagrun for read_dataset_event to 2026-08-05 00:00:00+00:00, run_after=2026-08-06 00:00:00+00:00
[2026-08-06T05:51:48.200+0000] {logging_mixin.py:190} INFO - [2026-08-06T05:51:48.199+0000] {dag.py:4180} INFO - Setting next_dagrun for read_dataset_event_from_classic to 2026-08-05 00:00:00+00:00, run_after=2026-08-06 00:00:00+00:00
[2026-08-06T05:51:48.264+0000] {processor.py:208} INFO - Processing /home/airflow/.local/lib/python3.12/site-packages/airflow/example_dags/example_inlet_event_extra.py took 1.177 seconds
[2026-08-06T05:52:18.460+0000] {processor.py:186} INFO - Started process (PID=2014) to work on /home/airflow/.local/lib/python3.12/site-packages/airflow/example_dags/example_inlet_event_extra.py
[2026-08-06T05:52:18.462+0000] {processor.py:914} INFO - Processing file /home/airflow/.local/lib/python3.12/site-packages/airflow/example_dags/example_inlet_event_extra.py for tasks to queue
[2026-08-06T05:52:18.466+0000] {logging_mixin.py:190} INFO - [2026-08-06T05:52:18.466+0000] {dagbag.py:588} INFO - Filling up the DagBag from /home/airflow/.local/lib/python3.12/site-packages/airflow/example_dags/example_inlet_event_extra.py
[2026-08-06T05:52:19.424+0000] {processor.py:925} INFO - DAG(s) 'read_dataset_event', 'read_dataset_event_from_classic' retrieved from /home/airflow/.local/lib/python3.12/site-packages/airflow/example_dags/example_inlet_event_extra.py
[2026-08-06T05:52:19.454+0000] {logging_mixin.py:190} INFO - [2026-08-06T05:52:19.454+0000] {dag.py:3239} INFO - Sync 2 DAGs
[2026-08-06T05:52:19.489+0000] {logging_mixin.py:190} INFO - [2026-08-06T05:52:19.489+0000] {dag.py:4180} INFO - Setting next_dagrun for read_dataset_event to 2026-08-05 00:00:00+00:00, run_after=2026-08-06 00:00:00+00:00
[2026-08-06T05:52:19.497+0000] {logging_mixin.py:190} INFO - [2026-08-06T05:52:19.497+0000] {dag.py:4180} INFO - Setting next_dagrun for read_dataset_event_from_classic to 2026-08-05 00:00:00+00:00, run_after=2026-08-06 00:00:00+00:00
[2026-08-06T05:52:19.521+0000] {processor.py:208} INFO - Processing /home/airflow/.local/lib/python3.12/site-packages/airflow/example_dags/example_inlet_event_extra.py took 1.074 seconds
[2026-08-06T05:52:50.537+0000] {processor.py:186} INFO - Started process (PID=2080) to work on /home/airflow/.local/lib/python3.12/site-packages/airflow/example_dags/example_inlet_event_extra.py
[2026-08-06T05:52:50.540+0000] {processor.py:914} INFO - Processing file /home/airflow/.local/lib/python3.12/site-packages/airflow/example_dags/example_inlet_event_extra.py for tasks to queue
[2026-08-06T05:52:50.547+0000] {logging_mixin.py:190} INFO - [2026-08-06T05:52:50.546+0000] {dagbag.py:588} INFO - Filling up the DagBag from /home/airflow/.local/lib/python3.12/site-packages/airflow/example_dags/example_inlet_event_extra.py
[2026-08-06T05:52:51.881+0000] {processor.py:925} INFO - DAG(s) 'read_dataset_event', 'read_dataset_event_from_classic' retrieved from /home/airflow/.local/lib/python3.12/site-packages/airflow/example_dags/example_inlet_event_extra.py
[2026-08-06T05:52:51.927+0000] {logging_mixin.py:190} INFO - [2026-08-06T05:52:51.926+0000] {dag.py:3239} INFO - Sync 2 DAGs
[2026-08-06T05:52:51.968+0000] {logging_mixin.py:190} INFO - [2026-08-06T05:52:51.967+0000] {dag.py:4180} INFO - Setting next_dagrun for read_dataset_event to 2026-08-05 00:00:00+00:00, run_after=2026-08-06 00:00:00+00:00
[2026-08-06T05:52:51.981+0000] {logging_mixin.py:190} INFO - [2026-08-06T05:52:51.980+0000] {dag.py:4180} INFO - Setting next_dagrun for read_dataset_event_from_classic to 2026-08-05 00:00:00+00:00, run_after=2026-08-06 00:00:00+00:00
[2026-08-06T05:52:52.033+0000] {processor.py:208} INFO - Processing /home/airflow/.local/lib/python3.12/site-packages/airflow/example_dags/example_inlet_event_extra.py took 1.504 seconds
[2026-08-06T05:53:22.379+0000] {processor.py:186} INFO - Started process (PID=2147) to work on /home/airflow/.local/lib/python3.12/site-packages/airflow/example_dags/example_inlet_event_extra.py
[2026-08-06T05:53:22.381+0000] {processor.py:914} INFO - Processing file /home/airflow/.local/lib/python3.12/site-packages/airflow/example_dags/example_inlet_event_extra.py for tasks to queue
[2026-08-06T05:53:22.385+0000] {logging_mixin.py:190} INFO - [2026-08-06T05:53:22.385+0000] {dagbag.py:588} INFO - Filling up the DagBag from /home/airflow/.local/lib/python3.12/site-packages/airflow/example_dags/example_inlet_event_extra.py
[2026-08-06T05:53:23.348+0000] {processor.py:925} INFO - DAG(s) 'read_dataset_event_from_classic', 'read_dataset_event' retrieved from /home/airflow/.local/lib/python3.12/site-packages/airflow/example_dags/example_inlet_event_extra.py
[2026-08-06T05:53:23.388+0000] {logging_mixin.py:190} INFO - [2026-08-06T05:53:23.387+0000] {dag.py:3239} INFO - Sync 2 DAGs
[2026-08-06T05:53:23.427+0000] {logging_mixin.py:190} INFO - [2026-08-06T05:53:23.426+0000] {dag.py:4180} INFO - Setting next_dagrun for read_dataset_event to 2026-08-05 00:00:00+00:00, run_after=2026-08-06 00:00:00+00:00
[2026-08-06T05:53:23.436+0000] {logging_mixin.py:190} INFO - [2026-08-06T05:53:23.435+0000] {dag.py:4180} INFO - Setting next_dagrun for read_dataset_event_from_classic to 2026-08-05 00:00:00+00:00, run_after=2026-08-06 00:00:00+00:00
[2026-08-06T05:53:23.471+0000] {processor.py:208} INFO - Processing /home/airflow/.local/lib/python3.12/site-packages/airflow/example_dags/example_inlet_event_extra.py took 1.101 seconds
[2026-08-06T05:53:53.788+0000] {processor.py:186} INFO - Started process (PID=2223) to work on /home/airflow/.local/lib/python3.12/site-packages/airflow/example_dags/example_inlet_event_extra.py
[2026-08-06T05:53:53.790+0000] {processor.py:914} INFO - Processing file /home/airflow/.local/lib/python3.12/site-packages/airflow/example_dags/example_inlet_event_extra.py for tasks to queue
[2026-08-06T05:53:53.795+0000] {logging_mixin.py:190} INFO - [2026-08-06T05:53:53.795+0000] {dagbag.py:588} INFO - Filling up the DagBag from /home/airflow/.local/lib/python3.12/site-packages/airflow/example_dags/example_inlet_event_extra.py
[2026-08-06T05:53:55.128+0000] {processor.py:925} INFO - DAG(s) 'read_dataset_event_from_classic', 'read_dataset_event' retrieved from /home/airflow/.local/lib/python3.12/site-packages/airflow/example_dags/example_inlet_event_extra.py
[2026-08-06T05:53:55.178+0000] {logging_mixin.py:190} INFO - [2026-08-06T05:53:55.177+0000] {dag.py:3239} INFO - Sync 2 DAGs
[2026-08-06T05:53:55.228+0000] {logging_mixin.py:190} INFO - [2026-08-06T05:53:55.228+0000] {dag.py:4180} INFO - Setting next_dagrun for read_dataset_event to 2026-08-05 00:00:00+00:00, run_after=2026-08-06 00:00:00+00:00
[2026-08-06T05:53:55.240+0000] {logging_mixin.py:190} INFO - [2026-08-06T05:53:55.239+0000] {dag.py:4180} INFO - Setting next_dagrun for read_dataset_event_from_classic to 2026-08-05 00:00:00+00:00, run_after=2026-08-06 00:00:00+00:00
[2026-08-06T05:53:55.298+0000] {processor.py:208} INFO - Processing /home/airflow/.local/lib/python3.12/site-packages/airflow/example_dags/example_inlet_event_extra.py took 1.532 seconds
[2026-08-06T05:54:26.346+0000] {processor.py:186} INFO - Started process (PID=2298) to work on /home/airflow/.local/lib/python3.12/site-packages/airflow/example_dags/example_inlet_event_extra.py
[2026-08-06T05:54:26.348+0000] {processor.py:914} INFO - Processing file /home/airflow/.local/lib/python3.12/site-packages/airflow/example_dags/example_inlet_event_extra.py for tasks to queue
[2026-08-06T05:54:26.353+0000] {logging_mixin.py:190} INFO - [2026-08-06T05:54:26.352+0000] {dagbag.py:588} INFO - Filling up the DagBag from /home/airflow/.local/lib/python3.12/site-packages/airflow/example_dags/example_inlet_event_extra.py
[2026-08-06T05:54:27.314+0000] {processor.py:925} INFO - DAG(s) 'read_dataset_event_from_classic', 'read_dataset_event' retrieved from /home/airflow/.local/lib/python3.12/site-packages/airflow/example_dags/example_inlet_event_extra.py
[2026-08-06T05:54:27.350+0000] {logging_mixin.py:190} INFO - [2026-08-06T05:54:27.349+0000] {dag.py:3239} INFO - Sync 2 DAGs
[2026-08-06T05:54:27.409+0000] {logging_mixin.py:190} INFO - [2026-08-06T05:54:27.408+0000] {dag.py:4180} INFO - Setting next_dagrun for read_dataset_event to 2026-08-05 00:00:00+00:00, run_after=2026-08-06 00:00:00+00:00
[2026-08-06T05:54:27.431+0000] {logging_mixin.py:190} INFO - [2026-08-06T05:54:27.430+0000] {dag.py:4180} INFO - Setting next_dagrun for read_dataset_event_from_classic to 2026-08-05 00:00:00+00:00, run_after=2026-08-06 00:00:00+00:00
[2026-08-06T05:54:27.490+0000] {processor.py:208} INFO - Processing /home/airflow/.local/lib/python3.12/site-packages/airflow/example_dags/example_inlet_event_extra.py took 1.155 seconds
[2026-08-06T05:54:58.923+0000] {processor.py:186} INFO - Started process (PID=2362) to work on /home/airflow/.local/lib/python3.12/site-packages/airflow/example_dags/example_inlet_event_extra.py
[2026-08-06T05:54:58.926+0000] {processor.py:914} INFO - Processing file /home/airflow/.local/lib/python3.12/site-packages/airflow/example_dags/example_inlet_event_extra.py for tasks to queue
[2026-08-06T05:54:58.931+0000] {logging_mixin.py:190} INFO - [2026-08-06T05:54:58.931+0000] {dagbag.py:588} INFO - Filling up the DagBag from /home/airflow/.local/lib/python3.12/site-packages/airflow/example_dags/example_inlet_event_extra.py
[2026-08-06T05:55:00.081+0000] {processor.py:925} INFO - DAG(s) 'read_dataset_event', 'read_dataset_event_from_classic' retrieved from /home/airflow/.local/lib/python3.12/site-packages/airflow/example_dags/example_inlet_event_extra.py
[2026-08-06T05:55:00.143+0000] {logging_mixin.py:190} INFO - [2026-08-06T05:55:00.142+0000] {dag.py:3239} INFO - Sync 2 DAGs
[2026-08-06T05:55:00.203+0000] {logging_mixin.py:190} INFO - [2026-08-06T05:55:00.203+0000] {dag.py:4180} INFO - Setting next_dagrun for read_dataset_event to 2026-08-05 00:00:00+00:00, run_after=2026-08-06 00:00:00+00:00
[2026-08-06T05:55:00.222+0000] {logging_mixin.py:190} INFO - [2026-08-06T05:55:00.221+0000] {dag.py:4180} INFO - Setting next_dagrun for read_dataset_event_from_classic to 2026-08-05 00:00:00+00:00, run_after=2026-08-06 00:00:00+00:00
[2026-08-06T05:55:00.261+0000] {processor.py:208} INFO - Processing /home/airflow/.local/lib/python3.12/site-packages/airflow/example_dags/example_inlet_event_extra.py took 1.351 seconds
[2026-08-06T05:55:30.362+0000] {processor.py:186} INFO - Started process (PID=2428) to work on /home/airflow/.local/lib/python3.12/site-packages/airflow/example_dags/example_inlet_event_extra.py
[2026-08-06T05:55:30.364+0000] {processor.py:914} INFO - Processing file /home/airflow/.local/lib/python3.12/site-packages/airflow/example_dags/example_inlet_event_extra.py for tasks to queue
[2026-08-06T05:55:30.370+0000] {logging_mixin.py:190} INFO - [2026-08-06T05:55:30.369+0000] {dagbag.py:588} INFO - Filling up the DagBag from /home/airflow/.local/lib/python3.12/site-packages/airflow/example_dags/example_inlet_event_extra.py
[2026-08-06T05:55:31.451+0000] {processor.py:925} INFO - DAG(s) 'read_dataset_event', 'read_dataset_event_from_classic' retrieved from /home/airflow/.local/lib/python3.12/site-packages/airflow/example_dags/example_inlet_event_extra.py
[2026-08-06T05:55:31.509+0000] {logging_mixin.py:190} INFO - [2026-08-06T05:55:31.509+0000] {dag.py:3239} INFO - Sync 2 DAGs
[2026-08-06T05:55:31.575+0000] {logging_mixin.py:190} INFO - [2026-08-06T05:55:31.574+0000] {dag.py:4180} INFO - Setting next_dagrun for read_dataset_event to 2026-08-05 00:00:00+00:00, run_after=2026-08-06 00:00:00+00:00
[2026-08-06T05:55:31.584+0000] {logging_mixin.py:190} INFO - [2026-08-06T05:55:31.584+0000] {dag.py:4180} INFO - Setting next_dagrun for read_dataset_event_from_classic to 2026-08-05 00:00:00+00:00, run_after=2026-08-06 00:00:00+00:00
[2026-08-06T05:55:31.658+0000] {processor.py:208} INFO - Processing /home/airflow/.local/lib/python3.12/site-packages/airflow/example_dags/example_inlet_event_extra.py took 1.308 seconds
[2026-08-06T05:56:01.857+0000] {processor.py:186} INFO - Started process (PID=2494) to work on /home/airflow/.local/lib/python3.12/site-packages/airflow/example_dags/example_inlet_event_extra.py
[2026-08-06T05:56:01.859+0000] {processor.py:914} INFO - Processing file /home/airflow/.local/lib/python3.12/site-packages/airflow/example_dags/example_inlet_event_extra.py for tasks to queue
[2026-08-06T05:56:01.863+0000] {logging_mixin.py:190} INFO - [2026-08-06T05:56:01.863+0000] {dagbag.py:588} INFO - Filling up the DagBag from /home/airflow/.local/lib/python3.12/site-packages/airflow/example_dags/example_inlet_event_extra.py
[2026-08-06T05:56:02.667+0000] {processor.py:925} INFO - DAG(s) 'read_dataset_event_from_classic', 'read_dataset_event' retrieved from /home/airflow/.local/lib/python3.12/site-packages/airflow/example_dags/example_inlet_event_extra.py
[2026-08-06T05:56:02.701+0000] {logging_mixin.py:190} INFO - [2026-08-06T05:56:02.701+0000] {dag.py:3239} INFO - Sync 2 DAGs
[2026-08-06T05:56:02.747+0000] {logging_mixin.py:190} INFO - [2026-08-06T05:56:02.747+0000] {dag.py:4180} INFO - Setting next_dagrun for read_dataset_event to 2026-08-05 00:00:00+00:00, run_after=2026-08-06 00:00:00+00:00
[2026-08-06T05:56:02.763+0000] {logging_mixin.py:190} INFO - [2026-08-06T05:56:02.763+0000] {dag.py:4180} INFO - Setting next_dagrun for read_dataset_event_from_classic to 2026-08-05 00:00:00+00:00, run_after=2026-08-06 00:00:00+00:00
[2026-08-06T05:56:02.821+0000] {processor.py:208} INFO - Processing /home/airflow/.local/lib/python3.12/site-packages/airflow/example_dags/example_inlet_event_extra.py took 0.972 seconds
[2026-08-06T05:56:33.507+0000] {processor.py:186} INFO - Started process (PID=2559) to work on /home/airflow/.local/lib/python3.12/site-packages/airflow/example_dags/example_inlet_event_extra.py
[2026-08-06T05:56:33.534+0000] {processor.py:914} INFO - Processing file /home/airflow/.local/lib/python3.12/site-packages/airflow/example_dags/example_inlet_event_extra.py for tasks to queue
[2026-08-06T05:56:33.549+0000] {logging_mixin.py:190} INFO - [2026-08-06T05:56:33.548+0000] {dagbag.py:588} INFO - Filling up the DagBag from /home/airflow/.local/lib/python3.12/site-packages/airflow/example_dags/example_inlet_event_extra.py
[2026-08-06T05:56:34.567+0000] {processor.py:925} INFO - DAG(s) 'read_dataset_event_from_classic', 'read_dataset_event' retrieved from /home/airflow/.local/lib/python3.12/site-packages/airflow/example_dags/example_inlet_event_extra.py
[2026-08-06T05:56:34.601+0000] {logging_mixin.py:190} INFO - [2026-08-06T05:56:34.601+0000] {dag.py:3239} INFO - Sync 2 DAGs
[2026-08-06T05:56:34.635+0000] {logging_mixin.py:190} INFO - [2026-08-06T05:56:34.635+0000] {dag.py:4180} INFO - Setting next_dagrun for read_dataset_event to 2026-08-05 00:00:00+00:00, run_after=2026-08-06 00:00:00+00:00
[2026-08-06T05:56:34.644+0000] {logging_mixin.py:190} INFO - [2026-08-06T05:56:34.644+0000] {dag.py:4180} INFO - Setting next_dagrun for read_dataset_event_from_classic to 2026-08-05 00:00:00+00:00, run_after=2026-08-06 00:00:00+00:00
[2026-08-06T05:56:34.669+0000] {processor.py:208} INFO - Processing /home/airflow/.local/lib/python3.12/site-packages/airflow/example_dags/example_inlet_event_extra.py took 1.179 seconds
[2026-08-06T05:57:04.792+0000] {processor.py:186} INFO - Started process (PID=2623) to work on /home/airflow/.local/lib/python3.12/site-packages/airflow/example_dags/example_inlet_event_extra.py
[2026-08-06T05:57:04.795+0000] {processor.py:914} INFO - Processing file /home/airflow/.local/lib/python3.12/site-packages/airflow/example_dags/example_inlet_event_extra.py for tasks to queue
[2026-08-06T05:57:04.800+0000] {logging_mixin.py:190} INFO - [2026-08-06T05:57:04.800+0000] {dagbag.py:588} INFO - Filling up the DagBag from /home/airflow/.local/lib/python3.12/site-packages/airflow/example_dags/example_inlet_event_extra.py
[2026-08-06T05:57:05.847+0000] {processor.py:925} INFO - DAG(s) 'read_dataset_event_from_classic', 'read_dataset_event' retrieved from /home/airflow/.local/lib/python3.12/site-packages/airflow/example_dags/example_inlet_event_extra.py
[2026-08-06T05:57:05.876+0000] {logging_mixin.py:190} INFO - [2026-08-06T05:57:05.876+0000] {dag.py:3239} INFO - Sync 2 DAGs
[2026-08-06T05:57:05.917+0000] {logging_mixin.py:190} INFO - [2026-08-06T05:57:05.917+0000] {dag.py:4180} INFO - Setting next_dagrun for read_dataset_event to 2026-08-05 00:00:00+00:00, run_after=2026-08-06 00:00:00+00:00
[2026-08-06T05:57:05.925+0000] {logging_mixin.py:190} INFO - [2026-08-06T05:57:05.925+0000] {dag.py:4180} INFO - Setting next_dagrun for read_dataset_event_from_classic to 2026-08-05 00:00:00+00:00, run_after=2026-08-06 00:00:00+00:00
[2026-08-06T05:57:05.962+0000] {processor.py:208} INFO - Processing /home/airflow/.local/lib/python3.12/site-packages/airflow/example_dags/example_inlet_event_extra.py took 1.180 seconds
[2026-08-06T05:57:36.532+0000] {processor.py:186} INFO - Started process (PID=2689) to work on /home/airflow/.local/lib/python3.12/site-packages/airflow/example_dags/example_inlet_event_extra.py
[2026-08-06T05:57:36.534+0000] {processor.py:914} INFO - Processing file /home/airflow/.local/lib/python3.12/site-packages/airflow/example_dags/example_inlet_event_extra.py for tasks to queue
[2026-08-06T05:57:36.539+0000] {logging_mixin.py:190} INFO - [2026-08-06T05:57:36.538+0000] {dagbag.py:588} INFO - Filling up the DagBag from /home/airflow/.local/lib/python3.12/site-packages/airflow/example_dags/example_inlet_event_extra.py
[2026-08-06T05:57:38.889+0000] {processor.py:925} INFO - DAG(s) 'read_dataset_event_from_classic', 'read_dataset_event' retrieved from /home/airflow/.local/lib/python3.12/site-packages/airflow/example_dags/example_inlet_event_extra.py
[2026-08-06T05:57:38.976+0000] {logging_mixin.py:190} INFO - [2026-08-06T05:57:38.975+0000] {dag.py:3239} INFO - Sync 2 DAGs
[2026-08-06T05:57:39.040+0000] {logging_mixin.py:190} INFO - [2026-08-06T05:57:39.040+0000] {dag.py:4180} INFO - Setting next_dagrun for read_dataset_event to 2026-08-05 00:00:00+00:00, run_after=2026-08-06 00:00:00+00:00
[2026-08-06T05:57:39.071+0000] {logging_mixin.py:190} INFO - [2026-08-06T05:57:39.071+0000] {dag.py:4180} INFO - Setting next_dagrun for read_dataset_event_from_classic to 2026-08-05 00:00:00+00:00, run_after=2026-08-06 00:00:00+00:00
[2026-08-06T05:57:39.152+0000] {processor.py:208} INFO - Processing /home/airflow/.local/lib/python3.12/site-packages/airflow/example_dags/example_inlet_event_extra.py took 2.629 seconds
[2026-08-06T05:58:09.337+0000] {processor.py:186} INFO - Started process (PID=2774) to work on /home/airflow/.local/lib/python3.12/site-packages/airflow/example_dags/example_inlet_event_extra.py
[2026-08-06T05:58:09.339+0000] {processor.py:914} INFO - Processing file /home/airflow/.local/lib/python3.12/site-packages/airflow/example_dags/example_inlet_event_extra.py for tasks to queue
[2026-08-06T05:58:09.343+0000] {logging_mixin.py:190} INFO - [2026-08-06T05:58:09.342+0000] {dagbag.py:588} INFO - Filling up the DagBag from /home/airflow/.local/lib/python3.12/site-packages/airflow/example_dags/example_inlet_event_extra.py
[2026-08-06T05:58:10.207+0000] {processor.py:925} INFO - DAG(s) 'read_dataset_event', 'read_dataset_event_from_classic' retrieved from /home/airflow/.local/lib/python3.12/site-packages/airflow/example_dags/example_inlet_event_extra.py
[2026-08-06T05:58:10.248+0000] {logging_mixin.py:190} INFO - [2026-08-06T05:58:10.248+0000] {dag.py:3239} INFO - Sync 2 DAGs
[2026-08-06T05:58:10.284+0000] {logging_mixin.py:190} INFO - [2026-08-06T05:58:10.283+0000] {dag.py:4180} INFO - Setting next_dagrun for read_dataset_event to 2026-08-05 00:00:00+00:00, run_after=2026-08-06 00:00:00+00:00
[2026-08-06T05:58:10.292+0000] {logging_mixin.py:190} INFO - [2026-08-06T05:58:10.291+0000] {dag.py:4180} INFO - Setting next_dagrun for read_dataset_event_from_classic to 2026-08-05 00:00:00+00:00, run_after=2026-08-06 00:00:00+00:00
[2026-08-06T05:58:10.314+0000] {processor.py:208} INFO - Processing /home/airflow/.local/lib/python3.12/site-packages/airflow/example_dags/example_inlet_event_extra.py took 0.987 seconds
[2026-08-06T05:58:40.602+0000] {processor.py:186} INFO - Started process (PID=2838) to work on /home/airflow/.local/lib/python3.12/site-packages/airflow/example_dags/example_inlet_event_extra.py
[2026-08-06T05:58:40.606+0000] {processor.py:914} INFO - Processing file /home/airflow/.local/lib/python3.12/site-packages/airflow/example_dags/example_inlet_event_extra.py for tasks to queue
[2026-08-06T05:58:40.613+0000] {logging_mixin.py:190} INFO - [2026-08-06T05:58:40.612+0000] {dagbag.py:588} INFO - Filling up the DagBag from /home/airflow/.local/lib/python3.12/site-packages/airflow/example_dags/example_inlet_event_extra.py
[2026-08-06T05:58:41.675+0000] {processor.py:925} INFO - DAG(s) 'read_dataset_event', 'read_dataset_event_from_classic' retrieved from /home/airflow/.local/lib/python3.12/site-packages/airflow/example_dags/example_inlet_event_extra.py
[2026-08-06T05:58:41.710+0000] {logging_mixin.py:190} INFO - [2026-08-06T05:58:41.710+0000] {dag.py:3239} INFO - Sync 2 DAGs
[2026-08-06T05:58:41.757+0000] {logging_mixin.py:190} INFO - [2026-08-06T05:58:41.757+0000] {dag.py:4180} INFO - Setting next_dagrun for read_dataset_event to 2026-08-05 00:00:00+00:00, run_after=2026-08-06 00:00:00+00:00
[2026-08-06T05:58:41.766+0000] {logging_mixin.py:190} INFO - [2026-08-06T05:58:41.766+0000] {dag.py:4180} INFO - Setting next_dagrun for read_dataset_event_from_classic to 2026-08-05 00:00:00+00:00, run_after=2026-08-06 00:00:00+00:00
[2026-08-06T05:58:41.824+0000] {processor.py:208} INFO - Processing /home/airflow/.local/lib/python3.12/site-packages/airflow/example_dags/example_inlet_event_extra.py took 1.236 seconds
[2026-08-06T05:59:12.714+0000] {processor.py:186} INFO - Started process (PID=2902) to work on /home/airflow/.local/lib/python3.12/site-packages/airflow/example_dags/example_inlet_event_extra.py
[2026-08-06T05:59:12.715+0000] {processor.py:914} INFO - Processing file /home/airflow/.local/lib/python3.12/site-packages/airflow/example_dags/example_inlet_event_extra.py for tasks to queue
[2026-08-06T05:59:12.718+0000] {logging_mixin.py:190} INFO - [2026-08-06T05:59:12.718+0000] {dagbag.py:588} INFO - Filling up the DagBag from /home/airflow/.local/lib/python3.12/site-packages/airflow/example_dags/example_inlet_event_extra.py
[2026-08-06T05:59:13.412+0000] {processor.py:925} INFO - DAG(s) 'read_dataset_event_from_classic', 'read_dataset_event' retrieved from /home/airflow/.local/lib/python3.12/site-packages/airflow/example_dags/example_inlet_event_extra.py
[2026-08-06T05:59:13.438+0000] {logging_mixin.py:190} INFO - [2026-08-06T05:59:13.438+0000] {dag.py:3239} INFO - Sync 2 DAGs
[2026-08-06T05:59:13.468+0000] {logging_mixin.py:190} INFO - [2026-08-06T05:59:13.468+0000] {dag.py:4180} INFO - Setting next_dagrun for read_dataset_event to 2026-08-05 00:00:00+00:00, run_after=2026-08-06 00:00:00+00:00
[2026-08-06T05:59:13.474+0000] {logging_mixin.py:190} INFO - [2026-08-06T05:59:13.474+0000] {dag.py:4180} INFO - Setting next_dagrun for read_dataset_event_from_classic to 2026-08-05 00:00:00+00:00, run_after=2026-08-06 00:00:00+00:00
[2026-08-06T05:59:13.513+0000] {processor.py:208} INFO - Processing /home/airflow/.local/lib/python3.12/site-packages/airflow/example_dags/example_inlet_event_extra.py took 0.808 seconds
[2026-08-06T05:59:43.837+0000] {processor.py:186} INFO - Started process (PID=2967) to work on /home/airflow/.local/lib/python3.12/site-packages/airflow/example_dags/example_inlet_event_extra.py
[2026-08-06T05:59:43.839+0000] {processor.py:914} INFO - Processing file /home/airflow/.local/lib/python3.12/site-packages/airflow/example_dags/example_inlet_event_extra.py for tasks to queue
[2026-08-06T05:59:43.846+0000] {logging_mixin.py:190} INFO - [2026-08-06T05:59:43.845+0000] {dagbag.py:588} INFO - Filling up the DagBag from /home/airflow/.local/lib/python3.12/site-packages/airflow/example_dags/example_inlet_event_extra.py
[2026-08-06T05:59:44.747+0000] {processor.py:925} INFO - DAG(s) 'read_dataset_event', 'read_dataset_event_from_classic' retrieved from /home/airflow/.local/lib/python3.12/site-packages/airflow/example_dags/example_inlet_event_extra.py
[2026-08-06T05:59:44.777+0000] {logging_mixin.py:190} INFO - [2026-08-06T05:59:44.776+0000] {dag.py:3239} INFO - Sync 2 DAGs
[2026-08-06T05:59:44.812+0000] {logging_mixin.py:190} INFO - [2026-08-06T05:59:44.812+0000] {dag.py:4180} INFO - Setting next_dagrun for read_dataset_event to 2026-08-05 00:00:00+00:00, run_after=2026-08-06 00:00:00+00:00
[2026-08-06T05:59:44.819+0000] {logging_mixin.py:190} INFO - [2026-08-06T05:59:44.819+0000] {dag.py:4180} INFO - Setting next_dagrun for read_dataset_event_from_classic to 2026-08-05 00:00:00+00:00, run_after=2026-08-06 00:00:00+00:00
[2026-08-06T05:59:44.879+0000] {processor.py:208} INFO - Processing /home/airflow/.local/lib/python3.12/site-packages/airflow/example_dags/example_inlet_event_extra.py took 1.053 seconds
[2026-08-06T06:01:51.202+0000] {processor.py:186} INFO - Started process (PID=81) to work on /home/airflow/.local/lib/python3.12/site-packages/airflow/example_dags/example_inlet_event_extra.py
[2026-08-06T06:01:51.204+0000] {processor.py:914} INFO - Processing file /home/airflow/.local/lib/python3.12/site-packages/airflow/example_dags/example_inlet_event_extra.py for tasks to queue
[2026-08-06T06:01:51.209+0000] {logging_mixin.py:190} INFO - [2026-08-06T06:01:51.208+0000] {dagbag.py:588} INFO - Filling up the DagBag from /home/airflow/.local/lib/python3.12/site-packages/airflow/example_dags/example_inlet_event_extra.py
[2026-08-06T06:01:53.942+0000] {processor.py:925} INFO - DAG(s) 'read_dataset_event_from_classic', 'read_dataset_event' retrieved from /home/airflow/.local/lib/python3.12/site-packages/airflow/example_dags/example_inlet_event_extra.py
[2026-08-06T06:01:53.983+0000] {logging_mixin.py:190} INFO - [2026-08-06T06:01:53.983+0000] {dag.py:3239} INFO - Sync 2 DAGs
[2026-08-06T06:01:54.037+0000] {logging_mixin.py:190} INFO - [2026-08-06T06:01:54.037+0000] {dag.py:4180} INFO - Setting next_dagrun for read_dataset_event to 2026-08-05 00:00:00+00:00, run_after=2026-08-06 00:00:00+00:00
[2026-08-06T06:01:54.048+0000] {logging_mixin.py:190} INFO - [2026-08-06T06:01:54.048+0000] {dag.py:4180} INFO - Setting next_dagrun for read_dataset_event_from_classic to 2026-08-05 00:00:00+00:00, run_after=2026-08-06 00:00:00+00:00
[2026-08-06T06:01:54.076+0000] {processor.py:208} INFO - Processing /home/airflow/.local/lib/python3.12/site-packages/airflow/example_dags/example_inlet_event_extra.py took 2.884 seconds
[2026-08-06T06:02:24.722+0000] {processor.py:186} INFO - Started process (PID=151) to work on /home/airflow/.local/lib/python3.12/site-packages/airflow/example_dags/example_inlet_event_extra.py
[2026-08-06T06:02:24.726+0000] {processor.py:914} INFO - Processing file /home/airflow/.local/lib/python3.12/site-packages/airflow/example_dags/example_inlet_event_extra.py for tasks to queue
[2026-08-06T06:02:24.730+0000] {logging_mixin.py:190} INFO - [2026-08-06T06:02:24.729+0000] {dagbag.py:588} INFO - Filling up the DagBag from /home/airflow/.local/lib/python3.12/site-packages/airflow/example_dags/example_inlet_event_extra.py
[2026-08-06T06:02:25.833+0000] {processor.py:925} INFO - DAG(s) 'read_dataset_event_from_classic', 'read_dataset_event' retrieved from /home/airflow/.local/lib/python3.12/site-packages/airflow/example_dags/example_inlet_event_extra.py
[2026-08-06T06:02:25.864+0000] {logging_mixin.py:190} INFO - [2026-08-06T06:02:25.864+0000] {dag.py:3239} INFO - Sync 2 DAGs
[2026-08-06T06:02:25.928+0000] {logging_mixin.py:190} INFO - [2026-08-06T06:02:25.927+0000] {dag.py:4180} INFO - Setting next_dagrun for read_dataset_event to 2026-08-05 00:00:00+00:00, run_after=2026-08-06 00:00:00+00:00
[2026-08-06T06:02:25.945+0000] {logging_mixin.py:190} INFO - [2026-08-06T06:02:25.944+0000] {dag.py:4180} INFO - Setting next_dagrun for read_dataset_event_from_classic to 2026-08-05 00:00:00+00:00, run_after=2026-08-06 00:00:00+00:00
[2026-08-06T06:02:25.999+0000] {processor.py:208} INFO - Processing /home/airflow/.local/lib/python3.12/site-packages/airflow/example_dags/example_inlet_event_extra.py took 1.289 seconds
[2026-08-06T06:02:56.359+0000] {processor.py:186} INFO - Started process (PID=215) to work on /home/airflow/.local/lib/python3.12/site-packages/airflow/example_dags/example_inlet_event_extra.py
[2026-08-06T06:02:56.361+0000] {processor.py:914} INFO - Processing file /home/airflow/.local/lib/python3.12/site-packages/airflow/example_dags/example_inlet_event_extra.py for tasks to queue
[2026-08-06T06:02:56.366+0000] {logging_mixin.py:190} INFO - [2026-08-06T06:02:56.366+0000] {dagbag.py:588} INFO - Filling up the DagBag from /home/airflow/.local/lib/python3.12/site-packages/airflow/example_dags/example_inlet_event_extra.py
[2026-08-06T06:02:58.055+0000] {processor.py:925} INFO - DAG(s) 'read_dataset_event', 'read_dataset_event_from_classic' retrieved from /home/airflow/.local/lib/python3.12/site-packages/airflow/example_dags/example_inlet_event_extra.py
[2026-08-06T06:02:58.124+0000] {logging_mixin.py:190} INFO - [2026-08-06T06:02:58.123+0000] {dag.py:3239} INFO - Sync 2 DAGs
[2026-08-06T06:02:58.212+0000] {logging_mixin.py:190} INFO - [2026-08-06T06:02:58.212+0000] {dag.py:4180} INFO - Setting next_dagrun for read_dataset_event to 2026-08-05 00:00:00+00:00, run_after=2026-08-06 00:00:00+00:00
[2026-08-06T06:02:58.230+0000] {logging_mixin.py:190} INFO - [2026-08-06T06:02:58.229+0000] {dag.py:4180} INFO - Setting next_dagrun for read_dataset_event_from_classic to 2026-08-05 00:00:00+00:00, run_after=2026-08-06 00:00:00+00:00
[2026-08-06T06:02:58.281+0000] {processor.py:208} INFO - Processing /home/airflow/.local/lib/python3.12/site-packages/airflow/example_dags/example_inlet_event_extra.py took 1.932 seconds
[2026-08-06T06:03:29.140+0000] {processor.py:186} INFO - Started process (PID=279) to work on /home/airflow/.local/lib/python3.12/site-packages/airflow/example_dags/example_inlet_event_extra.py
[2026-08-06T06:03:29.143+0000] {processor.py:914} INFO - Processing file /home/airflow/.local/lib/python3.12/site-packages/airflow/example_dags/example_inlet_event_extra.py for tasks to queue
[2026-08-06T06:03:29.148+0000] {logging_mixin.py:190} INFO - [2026-08-06T06:03:29.148+0000] {dagbag.py:588} INFO - Filling up the DagBag from /home/airflow/.local/lib/python3.12/site-packages/airflow/example_dags/example_inlet_event_extra.py
[2026-08-06T06:03:30.360+0000] {processor.py:925} INFO - DAG(s) 'read_dataset_event_from_classic', 'read_dataset_event' retrieved from /home/airflow/.local/lib/python3.12/site-packages/airflow/example_dags/example_inlet_event_extra.py
[2026-08-06T06:03:30.398+0000] {logging_mixin.py:190} INFO - [2026-08-06T06:03:30.398+0000] {dag.py:3239} INFO - Sync 2 DAGs
[2026-08-06T06:03:30.442+0000] {logging_mixin.py:190} INFO - [2026-08-06T06:03:30.441+0000] {dag.py:4180} INFO - Setting next_dagrun for read_dataset_event to 2026-08-05 00:00:00+00:00, run_after=2026-08-06 00:00:00+00:00
[2026-08-06T06:03:30.469+0000] {logging_mixin.py:190} INFO - [2026-08-06T06:03:30.469+0000] {dag.py:4180} INFO - Setting next_dagrun for read_dataset_event_from_classic to 2026-08-05 00:00:00+00:00, run_after=2026-08-06 00:00:00+00:00
[2026-08-06T06:03:30.498+0000] {processor.py:208} INFO - Processing /home/airflow/.local/lib/python3.12/site-packages/airflow/example_dags/example_inlet_event_extra.py took 1.368 seconds
[2026-08-06T06:04:00.999+0000] {processor.py:186} INFO - Started process (PID=343) to work on /home/airflow/.local/lib/python3.12/site-packages/airflow/example_dags/example_inlet_event_extra.py
[2026-08-06T06:04:01.001+0000] {processor.py:914} INFO - Processing file /home/airflow/.local/lib/python3.12/site-packages/airflow/example_dags/example_inlet_event_extra.py for tasks to queue
[2026-08-06T06:04:01.007+0000] {logging_mixin.py:190} INFO - [2026-08-06T06:04:01.006+0000] {dagbag.py:588} INFO - Filling up the DagBag from /home/airflow/.local/lib/python3.12/site-packages/airflow/example_dags/example_inlet_event_extra.py
[2026-08-06T06:04:02.167+0000] {processor.py:925} INFO - DAG(s) 'read_dataset_event', 'read_dataset_event_from_classic' retrieved from /home/airflow/.local/lib/python3.12/site-packages/airflow/example_dags/example_inlet_event_extra.py
[2026-08-06T06:04:02.212+0000] {logging_mixin.py:190} INFO - [2026-08-06T06:04:02.212+0000] {dag.py:3239} INFO - Sync 2 DAGs
[2026-08-06T06:04:02.277+0000] {logging_mixin.py:190} INFO - [2026-08-06T06:04:02.277+0000] {dag.py:4180} INFO - Setting next_dagrun for read_dataset_event to 2026-08-05 00:00:00+00:00, run_after=2026-08-06 00:00:00+00:00
[2026-08-06T06:04:02.293+0000] {logging_mixin.py:190} INFO - [2026-08-06T06:04:02.292+0000] {dag.py:4180} INFO - Setting next_dagrun for read_dataset_event_from_classic to 2026-08-05 00:00:00+00:00, run_after=2026-08-06 00:00:00+00:00
[2026-08-06T06:04:02.374+0000] {processor.py:208} INFO - Processing /home/airflow/.local/lib/python3.12/site-packages/airflow/example_dags/example_inlet_event_extra.py took 1.388 seconds
[2026-08-06T06:04:33.325+0000] {processor.py:186} INFO - Started process (PID=407) to work on /home/airflow/.local/lib/python3.12/site-packages/airflow/example_dags/example_inlet_event_extra.py
[2026-08-06T06:04:33.331+0000] {processor.py:914} INFO - Processing file /home/airflow/.local/lib/python3.12/site-packages/airflow/example_dags/example_inlet_event_extra.py for tasks to queue
[2026-08-06T06:04:33.347+0000] {logging_mixin.py:190} INFO - [2026-08-06T06:04:33.346+0000] {dagbag.py:588} INFO - Filling up the DagBag from /home/airflow/.local/lib/python3.12/site-packages/airflow/example_dags/example_inlet_event_extra.py
[2026-08-06T06:04:34.655+0000] {processor.py:925} INFO - DAG(s) 'read_dataset_event', 'read_dataset_event_from_classic' retrieved from /home/airflow/.local/lib/python3.12/site-packages/airflow/example_dags/example_inlet_event_extra.py
[2026-08-06T06:04:34.700+0000] {logging_mixin.py:190} INFO - [2026-08-06T06:04:34.699+0000] {dag.py:3239} INFO - Sync 2 DAGs
[2026-08-06T06:04:34.751+0000] {logging_mixin.py:190} INFO - [2026-08-06T06:04:34.750+0000] {dag.py:4180} INFO - Setting next_dagrun for read_dataset_event to 2026-08-05 00:00:00+00:00, run_after=2026-08-06 00:00:00+00:00
[2026-08-06T06:04:34.761+0000] {logging_mixin.py:190} INFO - [2026-08-06T06:04:34.760+0000] {dag.py:4180} INFO - Setting next_dagrun for read_dataset_event_from_classic to 2026-08-05 00:00:00+00:00, run_after=2026-08-06 00:00:00+00:00
[2026-08-06T06:04:34.797+0000] {processor.py:208} INFO - Processing /home/airflow/.local/lib/python3.12/site-packages/airflow/example_dags/example_inlet_event_extra.py took 1.500 seconds
[2026-08-06T06:05:05.273+0000] {processor.py:186} INFO - Started process (PID=471) to work on /home/airflow/.local/lib/python3.12/site-packages/airflow/example_dags/example_inlet_event_extra.py
[2026-08-06T06:05:05.276+0000] {processor.py:914} INFO - Processing file /home/airflow/.local/lib/python3.12/site-packages/airflow/example_dags/example_inlet_event_extra.py for tasks to queue
[2026-08-06T06:05:05.281+0000] {logging_mixin.py:190} INFO - [2026-08-06T06:05:05.281+0000] {dagbag.py:588} INFO - Filling up the DagBag from /home/airflow/.local/lib/python3.12/site-packages/airflow/example_dags/example_inlet_event_extra.py
[2026-08-06T06:05:06.290+0000] {processor.py:925} INFO - DAG(s) 'read_dataset_event', 'read_dataset_event_from_classic' retrieved from /home/airflow/.local/lib/python3.12/site-packages/airflow/example_dags/example_inlet_event_extra.py
[2026-08-06T06:05:06.327+0000] {logging_mixin.py:190} INFO - [2026-08-06T06:05:06.326+0000] {dag.py:3239} INFO - Sync 2 DAGs
[2026-08-06T06:05:06.362+0000] {logging_mixin.py:190} INFO - [2026-08-06T06:05:06.362+0000] {dag.py:4180} INFO - Setting next_dagrun for read_dataset_event to 2026-08-05 00:00:00+00:00, run_after=2026-08-06 00:00:00+00:00
[2026-08-06T06:05:06.395+0000] {logging_mixin.py:190} INFO - [2026-08-06T06:05:06.395+0000] {dag.py:4180} INFO - Setting next_dagrun for read_dataset_event_from_classic to 2026-08-05 00:00:00+00:00, run_after=2026-08-06 00:00:00+00:00
[2026-08-06T06:05:06.431+0000] {processor.py:208} INFO - Processing /home/airflow/.local/lib/python3.12/site-packages/airflow/example_dags/example_inlet_event_extra.py took 1.179 seconds
[2026-08-06T06:05:37.351+0000] {processor.py:186} INFO - Started process (PID=535) to work on /home/airflow/.local/lib/python3.12/site-packages/airflow/example_dags/example_inlet_event_extra.py
[2026-08-06T06:05:37.353+0000] {processor.py:914} INFO - Processing file /home/airflow/.local/lib/python3.12/site-packages/airflow/example_dags/example_inlet_event_extra.py for tasks to queue
[2026-08-06T06:05:37.359+0000] {logging_mixin.py:190} INFO - [2026-08-06T06:05:37.359+0000] {dagbag.py:588} INFO - Filling up the DagBag from /home/airflow/.local/lib/python3.12/site-packages/airflow/example_dags/example_inlet_event_extra.py
[2026-08-06T06:05:38.308+0000] {processor.py:925} INFO - DAG(s) 'read_dataset_event', 'read_dataset_event_from_classic' retrieved from /home/airflow/.local/lib/python3.12/site-packages/airflow/example_dags/example_inlet_event_extra.py
[2026-08-06T06:05:38.344+0000] {logging_mixin.py:190} INFO - [2026-08-06T06:05:38.343+0000] {dag.py:3239} INFO - Sync 2 DAGs
[2026-08-06T06:05:38.389+0000] {logging_mixin.py:190} INFO - [2026-08-06T06:05:38.389+0000] {dag.py:4180} INFO - Setting next_dagrun for read_dataset_event to 2026-08-05 00:00:00+00:00, run_after=2026-08-06 00:00:00+00:00
[2026-08-06T06:05:38.403+0000] {logging_mixin.py:190} INFO - [2026-08-06T06:05:38.402+0000] {dag.py:4180} INFO - Setting next_dagrun for read_dataset_event_from_classic to 2026-08-05 00:00:00+00:00, run_after=2026-08-06 00:00:00+00:00
[2026-08-06T06:05:38.434+0000] {processor.py:208} INFO - Processing /home/airflow/.local/lib/python3.12/site-packages/airflow/example_dags/example_inlet_event_extra.py took 1.090 seconds
[2026-08-06T06:06:08.717+0000] {processor.py:186} INFO - Started process (PID=599) to work on /home/airflow/.local/lib/python3.12/site-packages/airflow/example_dags/example_inlet_event_extra.py
[2026-08-06T06:06:08.719+0000] {processor.py:914} INFO - Processing file /home/airflow/.local/lib/python3.12/site-packages/airflow/example_dags/example_inlet_event_extra.py for tasks to queue
[2026-08-06T06:06:08.722+0000] {logging_mixin.py:190} INFO - [2026-08-06T06:06:08.722+0000] {dagbag.py:588} INFO - Filling up the DagBag from /home/airflow/.local/lib/python3.12/site-packages/airflow/example_dags/example_inlet_event_extra.py
[2026-08-06T06:06:09.621+0000] {processor.py:925} INFO - DAG(s) 'read_dataset_event', 'read_dataset_event_from_classic' retrieved from /home/airflow/.local/lib/python3.12/site-packages/airflow/example_dags/example_inlet_event_extra.py
[2026-08-06T06:06:09.643+0000] {logging_mixin.py:190} INFO - [2026-08-06T06:06:09.643+0000] {dag.py:3239} INFO - Sync 2 DAGs
[2026-08-06T06:06:09.671+0000] {logging_mixin.py:190} INFO - [2026-08-06T06:06:09.670+0000] {dag.py:4180} INFO - Setting next_dagrun for read_dataset_event to 2026-08-05 00:00:00+00:00, run_after=2026-08-06 00:00:00+00:00
[2026-08-06T06:06:09.678+0000] {logging_mixin.py:190} INFO - [2026-08-06T06:06:09.678+0000] {dag.py:4180} INFO - Setting next_dagrun for read_dataset_event_from_classic to 2026-08-05 00:00:00+00:00, run_after=2026-08-06 00:00:00+00:00
[2026-08-06T06:06:09.733+0000] {processor.py:208} INFO - Processing /home/airflow/.local/lib/python3.12/site-packages/airflow/example_dags/example_inlet_event_extra.py took 1.024 seconds
[2026-08-06T06:06:40.887+0000] {processor.py:186} INFO - Started process (PID=664) to work on /home/airflow/.local/lib/python3.12/site-packages/airflow/example_dags/example_inlet_event_extra.py
[2026-08-06T06:06:40.891+0000] {processor.py:914} INFO - Processing file /home/airflow/.local/lib/python3.12/site-packages/airflow/example_dags/example_inlet_event_extra.py for tasks to queue
[2026-08-06T06:06:40.898+0000] {logging_mixin.py:190} INFO - [2026-08-06T06:06:40.897+0000] {dagbag.py:588} INFO - Filling up the DagBag from /home/airflow/.local/lib/python3.12/site-packages/airflow/example_dags/example_inlet_event_extra.py
[2026-08-06T06:06:42.141+0000] {processor.py:925} INFO - DAG(s) 'read_dataset_event_from_classic', 'read_dataset_event' retrieved from /home/airflow/.local/lib/python3.12/site-packages/airflow/example_dags/example_inlet_event_extra.py
[2026-08-06T06:06:42.170+0000] {logging_mixin.py:190} INFO - [2026-08-06T06:06:42.170+0000] {dag.py:3239} INFO - Sync 2 DAGs
[2026-08-06T06:06:42.237+0000] {logging_mixin.py:190} INFO - [2026-08-06T06:06:42.237+0000] {dag.py:4180} INFO - Setting next_dagrun for read_dataset_event to 2026-08-05 00:00:00+00:00, run_after=2026-08-06 00:00:00+00:00
[2026-08-06T06:06:42.256+0000] {logging_mixin.py:190} INFO - [2026-08-06T06:06:42.255+0000] {dag.py:4180} INFO - Setting next_dagrun for read_dataset_event_from_classic to 2026-08-05 00:00:00+00:00, run_after=2026-08-06 00:00:00+00:00
[2026-08-06T06:06:42.335+0000] {processor.py:208} INFO - Processing /home/airflow/.local/lib/python3.12/site-packages/airflow/example_dags/example_inlet_event_extra.py took 1.469 seconds
[2026-08-06T06:07:12.820+0000] {processor.py:186} INFO - Started process (PID=731) to work on /home/airflow/.local/lib/python3.12/site-packages/airflow/example_dags/example_inlet_event_extra.py
[2026-08-06T06:07:12.823+0000] {processor.py:914} INFO - Processing file /home/airflow/.local/lib/python3.12/site-packages/airflow/example_dags/example_inlet_event_extra.py for tasks to queue
[2026-08-06T06:07:12.826+0000] {logging_mixin.py:190} INFO - [2026-08-06T06:07:12.826+0000] {dagbag.py:588} INFO - Filling up the DagBag from /home/airflow/.local/lib/python3.12/site-packages/airflow/example_dags/example_inlet_event_extra.py
[2026-08-06T06:07:13.700+0000] {processor.py:925} INFO - DAG(s) 'read_dataset_event', 'read_dataset_event_from_classic' retrieved from /home/airflow/.local/lib/python3.12/site-packages/airflow/example_dags/example_inlet_event_extra.py
[2026-08-06T06:07:13.737+0000] {logging_mixin.py:190} INFO - [2026-08-06T06:07:13.736+0000] {dag.py:3239} INFO - Sync 2 DAGs
[2026-08-06T06:07:13.776+0000] {logging_mixin.py:190} INFO - [2026-08-06T06:07:13.776+0000] {dag.py:4180} INFO - Setting next_dagrun for read_dataset_event to 2026-08-05 00:00:00+00:00, run_after=2026-08-06 00:00:00+00:00
[2026-08-06T06:07:13.784+0000] {logging_mixin.py:190} INFO - [2026-08-06T06:07:13.784+0000] {dag.py:4180} INFO - Setting next_dagrun for read_dataset_event_from_classic to 2026-08-05 00:00:00+00:00, run_after=2026-08-06 00:00:00+00:00
[2026-08-06T06:07:13.818+0000] {processor.py:208} INFO - Processing /home/airflow/.local/lib/python3.12/site-packages/airflow/example_dags/example_inlet_event_extra.py took 1.005 seconds
[2026-08-06T06:07:44.093+0000] {processor.py:186} INFO - Started process (PID=798) to work on /home/airflow/.local/lib/python3.12/site-packages/airflow/example_dags/example_inlet_event_extra.py
[2026-08-06T06:07:44.098+0000] {processor.py:914} INFO - Processing file /home/airflow/.local/lib/python3.12/site-packages/airflow/example_dags/example_inlet_event_extra.py for tasks to queue
[2026-08-06T06:07:44.108+0000] {logging_mixin.py:190} INFO - [2026-08-06T06:07:44.107+0000] {dagbag.py:588} INFO - Filling up the DagBag from /home/airflow/.local/lib/python3.12/site-packages/airflow/example_dags/example_inlet_event_extra.py
[2026-08-06T06:07:45.304+0000] {processor.py:925} INFO - DAG(s) 'read_dataset_event_from_classic', 'read_dataset_event' retrieved from /home/airflow/.local/lib/python3.12/site-packages/airflow/example_dags/example_inlet_event_extra.py
[2026-08-06T06:07:45.404+0000] {logging_mixin.py:190} INFO - [2026-08-06T06:07:45.403+0000] {dag.py:3239} INFO - Sync 2 DAGs
[2026-08-06T06:07:45.464+0000] {logging_mixin.py:190} INFO - [2026-08-06T06:07:45.464+0000] {dag.py:4180} INFO - Setting next_dagrun for read_dataset_event to 2026-08-05 00:00:00+00:00, run_after=2026-08-06 00:00:00+00:00
[2026-08-06T06:07:45.474+0000] {logging_mixin.py:190} INFO - [2026-08-06T06:07:45.474+0000] {dag.py:4180} INFO - Setting next_dagrun for read_dataset_event_from_classic to 2026-08-05 00:00:00+00:00, run_after=2026-08-06 00:00:00+00:00
[2026-08-06T06:07:45.535+0000] {processor.py:208} INFO - Processing /home/airflow/.local/lib/python3.12/site-packages/airflow/example_dags/example_inlet_event_extra.py took 1.455 seconds
[2026-08-06T06:08:16.658+0000] {processor.py:186} INFO - Started process (PID=874) to work on /home/airflow/.local/lib/python3.12/site-packages/airflow/example_dags/example_inlet_event_extra.py
[2026-08-06T06:08:16.661+0000] {processor.py:914} INFO - Processing file /home/airflow/.local/lib/python3.12/site-packages/airflow/example_dags/example_inlet_event_extra.py for tasks to queue
[2026-08-06T06:08:16.667+0000] {logging_mixin.py:190} INFO - [2026-08-06T06:08:16.666+0000] {dagbag.py:588} INFO - Filling up the DagBag from /home/airflow/.local/lib/python3.12/site-packages/airflow/example_dags/example_inlet_event_extra.py
[2026-08-06T06:08:17.677+0000] {processor.py:925} INFO - DAG(s) 'read_dataset_event', 'read_dataset_event_from_classic' retrieved from /home/airflow/.local/lib/python3.12/site-packages/airflow/example_dags/example_inlet_event_extra.py
[2026-08-06T06:08:17.711+0000] {logging_mixin.py:190} INFO - [2026-08-06T06:08:17.711+0000] {dag.py:3239} INFO - Sync 2 DAGs
[2026-08-06T06:08:17.752+0000] {logging_mixin.py:190} INFO - [2026-08-06T06:08:17.751+0000] {dag.py:4180} INFO - Setting next_dagrun for read_dataset_event to 2026-08-05 00:00:00+00:00, run_after=2026-08-06 00:00:00+00:00
[2026-08-06T06:08:17.761+0000] {logging_mixin.py:190} INFO - [2026-08-06T06:08:17.760+0000] {dag.py:4180} INFO - Setting next_dagrun for read_dataset_event_from_classic to 2026-08-05 00:00:00+00:00, run_after=2026-08-06 00:00:00+00:00
[2026-08-06T06:08:17.793+0000] {processor.py:208} INFO - Processing /home/airflow/.local/lib/python3.12/site-packages/airflow/example_dags/example_inlet_event_extra.py took 1.147 seconds
[2026-08-06T06:08:48.000+0000] {processor.py:186} INFO - Started process (PID=937) to work on /home/airflow/.local/lib/python3.12/site-packages/airflow/example_dags/example_inlet_event_extra.py
[2026-08-06T06:08:48.002+0000] {processor.py:914} INFO - Processing file /home/airflow/.local/lib/python3.12/site-packages/airflow/example_dags/example_inlet_event_extra.py for tasks to queue
[2026-08-06T06:08:48.006+0000] {logging_mixin.py:190} INFO - [2026-08-06T06:08:48.006+0000] {dagbag.py:588} INFO - Filling up the DagBag from /home/airflow/.local/lib/python3.12/site-packages/airflow/example_dags/example_inlet_event_extra.py
[2026-08-06T06:08:48.759+0000] {processor.py:925} INFO - DAG(s) 'read_dataset_event', 'read_dataset_event_from_classic' retrieved from /home/airflow/.local/lib/python3.12/site-packages/airflow/example_dags/example_inlet_event_extra.py
[2026-08-06T06:08:48.787+0000] {logging_mixin.py:190} INFO - [2026-08-06T06:08:48.787+0000] {dag.py:3239} INFO - Sync 2 DAGs
[2026-08-06T06:08:48.828+0000] {logging_mixin.py:190} INFO - [2026-08-06T06:08:48.828+0000] {dag.py:4180} INFO - Setting next_dagrun for read_dataset_event to 2026-08-05 00:00:00+00:00, run_after=2026-08-06 00:00:00+00:00
[2026-08-06T06:08:48.839+0000] {logging_mixin.py:190} INFO - [2026-08-06T06:08:48.839+0000] {dag.py:4180} INFO - Setting next_dagrun for read_dataset_event_from_classic to 2026-08-05 00:00:00+00:00, run_after=2026-08-06 00:00:00+00:00
[2026-08-06T06:08:48.894+0000] {processor.py:208} INFO - Processing /home/airflow/.local/lib/python3.12/site-packages/airflow/example_dags/example_inlet_event_extra.py took 0.901 seconds
[2026-08-06T06:09:19.067+0000] {processor.py:186} INFO - Started process (PID=1001) to work on /home/airflow/.local/lib/python3.12/site-packages/airflow/example_dags/example_inlet_event_extra.py
[2026-08-06T06:09:19.068+0000] {processor.py:914} INFO - Processing file /home/airflow/.local/lib/python3.12/site-packages/airflow/example_dags/example_inlet_event_extra.py for tasks to queue
[2026-08-06T06:09:19.072+0000] {logging_mixin.py:190} INFO - [2026-08-06T06:09:19.072+0000] {dagbag.py:588} INFO - Filling up the DagBag from /home/airflow/.local/lib/python3.12/site-packages/airflow/example_dags/example_inlet_event_extra.py
[2026-08-06T06:09:19.984+0000] {processor.py:925} INFO - DAG(s) 'read_dataset_event_from_classic', 'read_dataset_event' retrieved from /home/airflow/.local/lib/python3.12/site-packages/airflow/example_dags/example_inlet_event_extra.py
[2026-08-06T06:09:20.040+0000] {logging_mixin.py:190} INFO - [2026-08-06T06:09:20.039+0000] {dag.py:3239} INFO - Sync 2 DAGs
[2026-08-06T06:09:20.088+0000] {logging_mixin.py:190} INFO - [2026-08-06T06:09:20.088+0000] {dag.py:4180} INFO - Setting next_dagrun for read_dataset_event to 2026-08-05 00:00:00+00:00, run_after=2026-08-06 00:00:00+00:00
[2026-08-06T06:09:20.099+0000] {logging_mixin.py:190} INFO - [2026-08-06T06:09:20.098+0000] {dag.py:4180} INFO - Setting next_dagrun for read_dataset_event_from_classic to 2026-08-05 00:00:00+00:00, run_after=2026-08-06 00:00:00+00:00
[2026-08-06T06:09:20.132+0000] {processor.py:208} INFO - Processing /home/airflow/.local/lib/python3.12/site-packages/airflow/example_dags/example_inlet_event_extra.py took 1.073 seconds
[2026-08-06T06:09:50.400+0000] {processor.py:186} INFO - Started process (PID=1065) to work on /home/airflow/.local/lib/python3.12/site-packages/airflow/example_dags/example_inlet_event_extra.py
[2026-08-06T06:09:50.402+0000] {processor.py:914} INFO - Processing file /home/airflow/.local/lib/python3.12/site-packages/airflow/example_dags/example_inlet_event_extra.py for tasks to queue
[2026-08-06T06:09:50.408+0000] {logging_mixin.py:190} INFO - [2026-08-06T06:09:50.408+0000] {dagbag.py:588} INFO - Filling up the DagBag from /home/airflow/.local/lib/python3.12/site-packages/airflow/example_dags/example_inlet_event_extra.py
[2026-08-06T06:09:51.455+0000] {processor.py:925} INFO - DAG(s) 'read_dataset_event', 'read_dataset_event_from_classic' retrieved from /home/airflow/.local/lib/python3.12/site-packages/airflow/example_dags/example_inlet_event_extra.py
[2026-08-06T06:09:51.496+0000] {logging_mixin.py:190} INFO - [2026-08-06T06:09:51.495+0000] {dag.py:3239} INFO - Sync 2 DAGs
[2026-08-06T06:09:51.538+0000] {logging_mixin.py:190} INFO - [2026-08-06T06:09:51.538+0000] {dag.py:4180} INFO - Setting next_dagrun for read_dataset_event to 2026-08-05 00:00:00+00:00, run_after=2026-08-06 00:00:00+00:00
[2026-08-06T06:09:51.547+0000] {logging_mixin.py:190} INFO - [2026-08-06T06:09:51.547+0000] {dag.py:4180} INFO - Setting next_dagrun for read_dataset_event_from_classic to 2026-08-05 00:00:00+00:00, run_after=2026-08-06 00:00:00+00:00
[2026-08-06T06:09:51.585+0000] {processor.py:208} INFO - Processing /home/airflow/.local/lib/python3.12/site-packages/airflow/example_dags/example_inlet_event_extra.py took 1.199 seconds
[2026-08-06T06:10:21.915+0000] {processor.py:186} INFO - Started process (PID=1129) to work on /home/airflow/.local/lib/python3.12/site-packages/airflow/example_dags/example_inlet_event_extra.py
[2026-08-06T06:10:21.916+0000] {processor.py:914} INFO - Processing file /home/airflow/.local/lib/python3.12/site-packages/airflow/example_dags/example_inlet_event_extra.py for tasks to queue
[2026-08-06T06:10:21.923+0000] {logging_mixin.py:190} INFO - [2026-08-06T06:10:21.923+0000] {dagbag.py:588} INFO - Filling up the DagBag from /home/airflow/.local/lib/python3.12/site-packages/airflow/example_dags/example_inlet_event_extra.py
[2026-08-06T06:10:22.757+0000] {processor.py:925} INFO - DAG(s) 'read_dataset_event', 'read_dataset_event_from_classic' retrieved from /home/airflow/.local/lib/python3.12/site-packages/airflow/example_dags/example_inlet_event_extra.py
[2026-08-06T06:10:22.792+0000] {logging_mixin.py:190} INFO - [2026-08-06T06:10:22.792+0000] {dag.py:3239} INFO - Sync 2 DAGs
[2026-08-06T06:10:22.842+0000] {logging_mixin.py:190} INFO - [2026-08-06T06:10:22.841+0000] {dag.py:4180} INFO - Setting next_dagrun for read_dataset_event to 2026-08-05 00:00:00+00:00, run_after=2026-08-06 00:00:00+00:00
[2026-08-06T06:10:22.855+0000] {logging_mixin.py:190} INFO - [2026-08-06T06:10:22.854+0000] {dag.py:4180} INFO - Setting next_dagrun for read_dataset_event_from_classic to 2026-08-05 00:00:00+00:00, run_after=2026-08-06 00:00:00+00:00
[2026-08-06T06:10:22.913+0000] {processor.py:208} INFO - Processing /home/airflow/.local/lib/python3.12/site-packages/airflow/example_dags/example_inlet_event_extra.py took 1.005 seconds
