[2026-08-06T04:46:38.611+0000] {processor.py:186} INFO - Started process (PID=103) to work on /home/airflow/.local/lib/python3.12/site-packages/airflow/example_dags/example_skip_dag.py
[2026-08-06T04:46:38.613+0000] {processor.py:914} INFO - Processing file /home/airflow/.local/lib/python3.12/site-packages/airflow/example_dags/example_skip_dag.py for tasks to queue
[2026-08-06T04:46:38.617+0000] {logging_mixin.py:190} INFO - [2026-08-06T04:46:38.617+0000] {dagbag.py:588} INFO - Filling up the DagBag from /home/airflow/.local/lib/python3.12/site-packages/airflow/example_dags/example_skip_dag.py
[2026-08-06T04:46:38.632+0000] {processor.py:925} INFO - DAG(s) 'example_skip_dag' retrieved from /home/airflow/.local/lib/python3.12/site-packages/airflow/example_dags/example_skip_dag.py
[2026-08-06T04:46:38.840+0000] {logging_mixin.py:190} INFO - [2026-08-06T04:46:38.838+0000] {override.py:1912} INFO - Created Permission View: can delete on DAG:example_skip_dag
[2026-08-06T04:46:38.866+0000] {logging_mixin.py:190} INFO - [2026-08-06T04:46:38.865+0000] {override.py:1912} INFO - Created Permission View: can read on DAG:example_skip_dag
[2026-08-06T04:46:38.882+0000] {logging_mixin.py:190} INFO - [2026-08-06T04:46:38.881+0000] {override.py:1912} INFO - Created Permission View: can edit on DAG:example_skip_dag
[2026-08-06T04:46:38.899+0000] {logging_mixin.py:190} INFO - [2026-08-06T04:46:38.898+0000] {override.py:1912} INFO - Created Permission View: can delete on DAG Run:example_skip_dag
[2026-08-06T04:46:38.914+0000] {logging_mixin.py:190} INFO - [2026-08-06T04:46:38.914+0000] {override.py:1912} INFO - Created Permission View: menu access on DAG Run:example_skip_dag
[2026-08-06T04:46:38.929+0000] {logging_mixin.py:190} INFO - [2026-08-06T04:46:38.929+0000] {override.py:1912} INFO - Created Permission View: can read on DAG Run:example_skip_dag
[2026-08-06T04:46:38.942+0000] {logging_mixin.py:190} INFO - [2026-08-06T04:46:38.941+0000] {override.py:1912} INFO - Created Permission View: can create on DAG Run:example_skip_dag
[2026-08-06T04:46:38.943+0000] {logging_mixin.py:190} INFO - [2026-08-06T04:46:38.943+0000] {dag.py:3239} INFO - Sync 1 DAGs
[2026-08-06T04:46:38.974+0000] {logging_mixin.py:190} INFO - [2026-08-06T04:46:38.974+0000] {dag.py:3262} INFO - Creating ORM DAG for example_skip_dag
[2026-08-06T04:46:39.000+0000] {logging_mixin.py:190} INFO - [2026-08-06T04:46:39.000+0000] {dag.py:4180} INFO - Setting next_dagrun for example_skip_dag to 2026-08-05 00:00:00+00:00, run_after=2026-08-06 00:00:00+00:00
[2026-08-06T04:46:39.042+0000] {processor.py:208} INFO - Processing /home/airflow/.local/lib/python3.12/site-packages/airflow/example_dags/example_skip_dag.py took 0.441 seconds
[2026-08-06T04:47:09.769+0000] {processor.py:186} INFO - Started process (PID=166) to work on /home/airflow/.local/lib/python3.12/site-packages/airflow/example_dags/example_skip_dag.py
[2026-08-06T04:47:09.772+0000] {processor.py:914} INFO - Processing file /home/airflow/.local/lib/python3.12/site-packages/airflow/example_dags/example_skip_dag.py for tasks to queue
[2026-08-06T04:47:09.776+0000] {logging_mixin.py:190} INFO - [2026-08-06T04:47:09.775+0000] {dagbag.py:588} INFO - Filling up the DagBag from /home/airflow/.local/lib/python3.12/site-packages/airflow/example_dags/example_skip_dag.py
[2026-08-06T04:47:09.795+0000] {processor.py:925} INFO - DAG(s) 'example_skip_dag' retrieved from /home/airflow/.local/lib/python3.12/site-packages/airflow/example_dags/example_skip_dag.py
[2026-08-06T04:47:09.835+0000] {logging_mixin.py:190} INFO - [2026-08-06T04:47:09.835+0000] {dag.py:3239} INFO - Sync 1 DAGs
[2026-08-06T04:47:09.877+0000] {logging_mixin.py:190} INFO - [2026-08-06T04:47:09.876+0000] {dag.py:4180} INFO - Setting next_dagrun for example_skip_dag to 2026-08-05 00:00:00+00:00, run_after=2026-08-06 00:00:00+00:00
[2026-08-06T04:47:09.909+0000] {processor.py:208} INFO - Processing /home/airflow/.local/lib/python3.12/site-packages/airflow/example_dags/example_skip_dag.py took 0.148 seconds
[2026-08-06T04:47:40.546+0000] {processor.py:186} INFO - Started process (PID=228) to work on /home/airflow/.local/lib/python3.12/site-packages/airflow/example_dags/example_skip_dag.py
[2026-08-06T04:47:40.548+0000] {processor.py:914} INFO - Processing file /home/airflow/.local/lib/python3.12/site-packages/airflow/example_dags/example_skip_dag.py for tasks to queue
[2026-08-06T04:47:40.551+0000] {logging_mixin.py:190} INFO - [2026-08-06T04:47:40.551+0000] {dagbag.py:588} INFO - Filling up the DagBag from /home/airflow/.local/lib/python3.12/site-packages/airflow/example_dags/example_skip_dag.py
[2026-08-06T04:47:40.562+0000] {processor.py:925} INFO - DAG(s) 'example_skip_dag' retrieved from /home/airflow/.local/lib/python3.12/site-packages/airflow/example_dags/example_skip_dag.py
[2026-08-06T04:47:40.646+0000] {logging_mixin.py:190} INFO - [2026-08-06T04:47:40.645+0000] {dag.py:3239} INFO - Sync 1 DAGs
[2026-08-06T04:47:40.686+0000] {logging_mixin.py:190} INFO - [2026-08-06T04:47:40.686+0000] {dag.py:4180} INFO - Setting next_dagrun for example_skip_dag to 2026-08-05 00:00:00+00:00, run_after=2026-08-06 00:00:00+00:00
[2026-08-06T04:47:40.716+0000] {processor.py:208} INFO - Processing /home/airflow/.local/lib/python3.12/site-packages/airflow/example_dags/example_skip_dag.py took 0.177 seconds
[2026-08-06T04:48:10.803+0000] {processor.py:186} INFO - Started process (PID=291) to work on /home/airflow/.local/lib/python3.12/site-packages/airflow/example_dags/example_skip_dag.py
[2026-08-06T04:48:10.805+0000] {processor.py:914} INFO - Processing file /home/airflow/.local/lib/python3.12/site-packages/airflow/example_dags/example_skip_dag.py for tasks to queue
[2026-08-06T04:48:10.808+0000] {logging_mixin.py:190} INFO - [2026-08-06T04:48:10.808+0000] {dagbag.py:588} INFO - Filling up the DagBag from /home/airflow/.local/lib/python3.12/site-packages/airflow/example_dags/example_skip_dag.py
[2026-08-06T04:48:10.821+0000] {processor.py:925} INFO - DAG(s) 'example_skip_dag' retrieved from /home/airflow/.local/lib/python3.12/site-packages/airflow/example_dags/example_skip_dag.py
[2026-08-06T04:48:10.851+0000] {logging_mixin.py:190} INFO - [2026-08-06T04:48:10.850+0000] {dag.py:3239} INFO - Sync 1 DAGs
[2026-08-06T04:48:10.884+0000] {logging_mixin.py:190} INFO - [2026-08-06T04:48:10.884+0000] {dag.py:4180} INFO - Setting next_dagrun for example_skip_dag to 2026-08-05 00:00:00+00:00, run_after=2026-08-06 00:00:00+00:00
[2026-08-06T04:48:10.939+0000] {processor.py:208} INFO - Processing /home/airflow/.local/lib/python3.12/site-packages/airflow/example_dags/example_skip_dag.py took 0.143 seconds
[2026-08-06T04:48:41.901+0000] {processor.py:186} INFO - Started process (PID=354) to work on /home/airflow/.local/lib/python3.12/site-packages/airflow/example_dags/example_skip_dag.py
[2026-08-06T04:48:41.907+0000] {processor.py:914} INFO - Processing file /home/airflow/.local/lib/python3.12/site-packages/airflow/example_dags/example_skip_dag.py for tasks to queue
[2026-08-06T04:48:41.912+0000] {logging_mixin.py:190} INFO - [2026-08-06T04:48:41.911+0000] {dagbag.py:588} INFO - Filling up the DagBag from /home/airflow/.local/lib/python3.12/site-packages/airflow/example_dags/example_skip_dag.py
[2026-08-06T04:48:41.931+0000] {processor.py:925} INFO - DAG(s) 'example_skip_dag' retrieved from /home/airflow/.local/lib/python3.12/site-packages/airflow/example_dags/example_skip_dag.py
[2026-08-06T04:48:41.988+0000] {logging_mixin.py:190} INFO - [2026-08-06T04:48:41.987+0000] {dag.py:3239} INFO - Sync 1 DAGs
[2026-08-06T04:48:42.034+0000] {logging_mixin.py:190} INFO - [2026-08-06T04:48:42.033+0000] {dag.py:4180} INFO - Setting next_dagrun for example_skip_dag to 2026-08-05 00:00:00+00:00, run_after=2026-08-06 00:00:00+00:00
[2026-08-06T04:48:42.105+0000] {processor.py:208} INFO - Processing /home/airflow/.local/lib/python3.12/site-packages/airflow/example_dags/example_skip_dag.py took 0.216 seconds
[2026-08-06T04:49:12.689+0000] {processor.py:186} INFO - Started process (PID=416) to work on /home/airflow/.local/lib/python3.12/site-packages/airflow/example_dags/example_skip_dag.py
[2026-08-06T04:49:12.800+0000] {processor.py:914} INFO - Processing file /home/airflow/.local/lib/python3.12/site-packages/airflow/example_dags/example_skip_dag.py for tasks to queue
[2026-08-06T04:49:12.822+0000] {logging_mixin.py:190} INFO - [2026-08-06T04:49:12.822+0000] {dagbag.py:588} INFO - Filling up the DagBag from /home/airflow/.local/lib/python3.12/site-packages/airflow/example_dags/example_skip_dag.py
[2026-08-06T04:49:12.979+0000] {processor.py:925} INFO - DAG(s) 'example_skip_dag' retrieved from /home/airflow/.local/lib/python3.12/site-packages/airflow/example_dags/example_skip_dag.py
[2026-08-06T04:49:13.064+0000] {logging_mixin.py:190} INFO - [2026-08-06T04:49:13.064+0000] {dag.py:3239} INFO - Sync 1 DAGs
[2026-08-06T04:49:13.149+0000] {logging_mixin.py:190} INFO - [2026-08-06T04:49:13.149+0000] {dag.py:4180} INFO - Setting next_dagrun for example_skip_dag to 2026-08-05 00:00:00+00:00, run_after=2026-08-06 00:00:00+00:00
[2026-08-06T04:49:13.211+0000] {processor.py:208} INFO - Processing /home/airflow/.local/lib/python3.12/site-packages/airflow/example_dags/example_skip_dag.py took 0.534 seconds
[2026-08-06T04:49:43.824+0000] {processor.py:186} INFO - Started process (PID=479) to work on /home/airflow/.local/lib/python3.12/site-packages/airflow/example_dags/example_skip_dag.py
[2026-08-06T04:49:43.827+0000] {processor.py:914} INFO - Processing file /home/airflow/.local/lib/python3.12/site-packages/airflow/example_dags/example_skip_dag.py for tasks to queue
[2026-08-06T04:49:43.833+0000] {logging_mixin.py:190} INFO - [2026-08-06T04:49:43.833+0000] {dagbag.py:588} INFO - Filling up the DagBag from /home/airflow/.local/lib/python3.12/site-packages/airflow/example_dags/example_skip_dag.py
[2026-08-06T04:49:43.845+0000] {processor.py:925} INFO - DAG(s) 'example_skip_dag' retrieved from /home/airflow/.local/lib/python3.12/site-packages/airflow/example_dags/example_skip_dag.py
[2026-08-06T04:49:43.882+0000] {logging_mixin.py:190} INFO - [2026-08-06T04:49:43.882+0000] {dag.py:3239} INFO - Sync 1 DAGs
[2026-08-06T04:49:43.916+0000] {logging_mixin.py:190} INFO - [2026-08-06T04:49:43.916+0000] {dag.py:4180} INFO - Setting next_dagrun for example_skip_dag to 2026-08-05 00:00:00+00:00, run_after=2026-08-06 00:00:00+00:00
[2026-08-06T04:49:43.943+0000] {processor.py:208} INFO - Processing /home/airflow/.local/lib/python3.12/site-packages/airflow/example_dags/example_skip_dag.py took 0.126 seconds
[2026-08-06T04:50:14.119+0000] {processor.py:186} INFO - Started process (PID=542) to work on /home/airflow/.local/lib/python3.12/site-packages/airflow/example_dags/example_skip_dag.py
[2026-08-06T04:50:14.121+0000] {processor.py:914} INFO - Processing file /home/airflow/.local/lib/python3.12/site-packages/airflow/example_dags/example_skip_dag.py for tasks to queue
[2026-08-06T04:50:14.128+0000] {logging_mixin.py:190} INFO - [2026-08-06T04:50:14.127+0000] {dagbag.py:588} INFO - Filling up the DagBag from /home/airflow/.local/lib/python3.12/site-packages/airflow/example_dags/example_skip_dag.py
[2026-08-06T04:50:14.143+0000] {processor.py:925} INFO - DAG(s) 'example_skip_dag' retrieved from /home/airflow/.local/lib/python3.12/site-packages/airflow/example_dags/example_skip_dag.py
[2026-08-06T04:50:14.176+0000] {logging_mixin.py:190} INFO - [2026-08-06T04:50:14.176+0000] {dag.py:3239} INFO - Sync 1 DAGs
[2026-08-06T04:50:14.210+0000] {logging_mixin.py:190} INFO - [2026-08-06T04:50:14.210+0000] {dag.py:4180} INFO - Setting next_dagrun for example_skip_dag to 2026-08-05 00:00:00+00:00, run_after=2026-08-06 00:00:00+00:00
[2026-08-06T04:50:14.237+0000] {processor.py:208} INFO - Processing /home/airflow/.local/lib/python3.12/site-packages/airflow/example_dags/example_skip_dag.py took 0.129 seconds
[2026-08-06T04:50:44.730+0000] {processor.py:186} INFO - Started process (PID=605) to work on /home/airflow/.local/lib/python3.12/site-packages/airflow/example_dags/example_skip_dag.py
[2026-08-06T04:50:44.732+0000] {processor.py:914} INFO - Processing file /home/airflow/.local/lib/python3.12/site-packages/airflow/example_dags/example_skip_dag.py for tasks to queue
[2026-08-06T04:50:44.735+0000] {logging_mixin.py:190} INFO - [2026-08-06T04:50:44.735+0000] {dagbag.py:588} INFO - Filling up the DagBag from /home/airflow/.local/lib/python3.12/site-packages/airflow/example_dags/example_skip_dag.py
[2026-08-06T04:50:44.745+0000] {processor.py:925} INFO - DAG(s) 'example_skip_dag' retrieved from /home/airflow/.local/lib/python3.12/site-packages/airflow/example_dags/example_skip_dag.py
[2026-08-06T04:50:44.772+0000] {logging_mixin.py:190} INFO - [2026-08-06T04:50:44.772+0000] {dag.py:3239} INFO - Sync 1 DAGs
[2026-08-06T04:50:44.808+0000] {logging_mixin.py:190} INFO - [2026-08-06T04:50:44.807+0000] {dag.py:4180} INFO - Setting next_dagrun for example_skip_dag to 2026-08-05 00:00:00+00:00, run_after=2026-08-06 00:00:00+00:00
[2026-08-06T04:50:44.842+0000] {processor.py:208} INFO - Processing /home/airflow/.local/lib/python3.12/site-packages/airflow/example_dags/example_skip_dag.py took 0.120 seconds
[2026-08-06T04:51:15.282+0000] {processor.py:186} INFO - Started process (PID=667) to work on /home/airflow/.local/lib/python3.12/site-packages/airflow/example_dags/example_skip_dag.py
[2026-08-06T04:51:15.285+0000] {processor.py:914} INFO - Processing file /home/airflow/.local/lib/python3.12/site-packages/airflow/example_dags/example_skip_dag.py for tasks to queue
[2026-08-06T04:51:15.289+0000] {logging_mixin.py:190} INFO - [2026-08-06T04:51:15.289+0000] {dagbag.py:588} INFO - Filling up the DagBag from /home/airflow/.local/lib/python3.12/site-packages/airflow/example_dags/example_skip_dag.py
[2026-08-06T04:51:15.303+0000] {processor.py:925} INFO - DAG(s) 'example_skip_dag' retrieved from /home/airflow/.local/lib/python3.12/site-packages/airflow/example_dags/example_skip_dag.py
[2026-08-06T04:51:15.338+0000] {logging_mixin.py:190} INFO - [2026-08-06T04:51:15.338+0000] {dag.py:3239} INFO - Sync 1 DAGs
[2026-08-06T04:51:15.369+0000] {logging_mixin.py:190} INFO - [2026-08-06T04:51:15.369+0000] {dag.py:4180} INFO - Setting next_dagrun for example_skip_dag to 2026-08-05 00:00:00+00:00, run_after=2026-08-06 00:00:00+00:00
[2026-08-06T04:51:15.396+0000] {processor.py:208} INFO - Processing /home/airflow/.local/lib/python3.12/site-packages/airflow/example_dags/example_skip_dag.py took 0.126 seconds
[2026-08-06T04:51:45.937+0000] {processor.py:186} INFO - Started process (PID=730) to work on /home/airflow/.local/lib/python3.12/site-packages/airflow/example_dags/example_skip_dag.py
[2026-08-06T04:51:45.939+0000] {processor.py:914} INFO - Processing file /home/airflow/.local/lib/python3.12/site-packages/airflow/example_dags/example_skip_dag.py for tasks to queue
[2026-08-06T04:51:45.943+0000] {logging_mixin.py:190} INFO - [2026-08-06T04:51:45.942+0000] {dagbag.py:588} INFO - Filling up the DagBag from /home/airflow/.local/lib/python3.12/site-packages/airflow/example_dags/example_skip_dag.py
[2026-08-06T04:51:45.954+0000] {processor.py:925} INFO - DAG(s) 'example_skip_dag' retrieved from /home/airflow/.local/lib/python3.12/site-packages/airflow/example_dags/example_skip_dag.py
[2026-08-06T04:51:45.989+0000] {logging_mixin.py:190} INFO - [2026-08-06T04:51:45.988+0000] {dag.py:3239} INFO - Sync 1 DAGs
[2026-08-06T04:51:46.026+0000] {logging_mixin.py:190} INFO - [2026-08-06T04:51:46.026+0000] {dag.py:4180} INFO - Setting next_dagrun for example_skip_dag to 2026-08-05 00:00:00+00:00, run_after=2026-08-06 00:00:00+00:00
[2026-08-06T04:51:46.051+0000] {processor.py:208} INFO - Processing /home/airflow/.local/lib/python3.12/site-packages/airflow/example_dags/example_skip_dag.py took 0.121 seconds
[2026-08-06T04:52:16.852+0000] {processor.py:186} INFO - Started process (PID=793) to work on /home/airflow/.local/lib/python3.12/site-packages/airflow/example_dags/example_skip_dag.py
[2026-08-06T04:52:16.854+0000] {processor.py:914} INFO - Processing file /home/airflow/.local/lib/python3.12/site-packages/airflow/example_dags/example_skip_dag.py for tasks to queue
[2026-08-06T04:52:16.857+0000] {logging_mixin.py:190} INFO - [2026-08-06T04:52:16.857+0000] {dagbag.py:588} INFO - Filling up the DagBag from /home/airflow/.local/lib/python3.12/site-packages/airflow/example_dags/example_skip_dag.py
[2026-08-06T04:52:16.868+0000] {processor.py:925} INFO - DAG(s) 'example_skip_dag' retrieved from /home/airflow/.local/lib/python3.12/site-packages/airflow/example_dags/example_skip_dag.py
[2026-08-06T04:52:16.897+0000] {logging_mixin.py:190} INFO - [2026-08-06T04:52:16.897+0000] {dag.py:3239} INFO - Sync 1 DAGs
[2026-08-06T04:52:16.929+0000] {logging_mixin.py:190} INFO - [2026-08-06T04:52:16.928+0000] {dag.py:4180} INFO - Setting next_dagrun for example_skip_dag to 2026-08-05 00:00:00+00:00, run_after=2026-08-06 00:00:00+00:00
[2026-08-06T04:52:16.951+0000] {processor.py:208} INFO - Processing /home/airflow/.local/lib/python3.12/site-packages/airflow/example_dags/example_skip_dag.py took 0.106 seconds
[2026-08-06T05:30:20.591+0000] {processor.py:186} INFO - Started process (PID=104) to work on /home/airflow/.local/lib/python3.12/site-packages/airflow/example_dags/example_skip_dag.py
[2026-08-06T05:30:20.594+0000] {processor.py:914} INFO - Processing file /home/airflow/.local/lib/python3.12/site-packages/airflow/example_dags/example_skip_dag.py for tasks to queue
[2026-08-06T05:30:20.600+0000] {logging_mixin.py:190} INFO - [2026-08-06T05:30:20.599+0000] {dagbag.py:588} INFO - Filling up the DagBag from /home/airflow/.local/lib/python3.12/site-packages/airflow/example_dags/example_skip_dag.py
[2026-08-06T05:30:20.614+0000] {processor.py:925} INFO - DAG(s) 'example_skip_dag' retrieved from /home/airflow/.local/lib/python3.12/site-packages/airflow/example_dags/example_skip_dag.py
[2026-08-06T05:30:20.649+0000] {logging_mixin.py:190} INFO - [2026-08-06T05:30:20.649+0000] {dag.py:3239} INFO - Sync 1 DAGs
[2026-08-06T05:30:20.685+0000] {logging_mixin.py:190} INFO - [2026-08-06T05:30:20.685+0000] {dag.py:4180} INFO - Setting next_dagrun for example_skip_dag to 2026-08-05 00:00:00+00:00, run_after=2026-08-06 00:00:00+00:00
[2026-08-06T05:30:20.716+0000] {processor.py:208} INFO - Processing /home/airflow/.local/lib/python3.12/site-packages/airflow/example_dags/example_skip_dag.py took 0.140 seconds
[2026-08-06T05:30:51.523+0000] {processor.py:186} INFO - Started process (PID=167) to work on /home/airflow/.local/lib/python3.12/site-packages/airflow/example_dags/example_skip_dag.py
[2026-08-06T05:30:51.526+0000] {processor.py:914} INFO - Processing file /home/airflow/.local/lib/python3.12/site-packages/airflow/example_dags/example_skip_dag.py for tasks to queue
[2026-08-06T05:30:51.531+0000] {logging_mixin.py:190} INFO - [2026-08-06T05:30:51.531+0000] {dagbag.py:588} INFO - Filling up the DagBag from /home/airflow/.local/lib/python3.12/site-packages/airflow/example_dags/example_skip_dag.py
[2026-08-06T05:30:51.541+0000] {processor.py:925} INFO - DAG(s) 'example_skip_dag' retrieved from /home/airflow/.local/lib/python3.12/site-packages/airflow/example_dags/example_skip_dag.py
[2026-08-06T05:30:51.570+0000] {logging_mixin.py:190} INFO - [2026-08-06T05:30:51.568+0000] {dag.py:3239} INFO - Sync 1 DAGs
[2026-08-06T05:30:51.607+0000] {logging_mixin.py:190} INFO - [2026-08-06T05:30:51.607+0000] {dag.py:4180} INFO - Setting next_dagrun for example_skip_dag to 2026-08-05 00:00:00+00:00, run_after=2026-08-06 00:00:00+00:00
[2026-08-06T05:30:51.635+0000] {processor.py:208} INFO - Processing /home/airflow/.local/lib/python3.12/site-packages/airflow/example_dags/example_skip_dag.py took 0.121 seconds
[2026-08-06T05:33:14.636+0000] {processor.py:186} INFO - Started process (PID=98) to work on /home/airflow/.local/lib/python3.12/site-packages/airflow/example_dags/example_skip_dag.py
[2026-08-06T05:33:14.649+0000] {processor.py:914} INFO - Processing file /home/airflow/.local/lib/python3.12/site-packages/airflow/example_dags/example_skip_dag.py for tasks to queue
[2026-08-06T05:33:14.657+0000] {logging_mixin.py:190} INFO - [2026-08-06T05:33:14.655+0000] {dagbag.py:588} INFO - Filling up the DagBag from /home/airflow/.local/lib/python3.12/site-packages/airflow/example_dags/example_skip_dag.py
[2026-08-06T05:33:14.670+0000] {processor.py:925} INFO - DAG(s) 'example_skip_dag' retrieved from /home/airflow/.local/lib/python3.12/site-packages/airflow/example_dags/example_skip_dag.py
[2026-08-06T05:33:14.710+0000] {logging_mixin.py:190} INFO - [2026-08-06T05:33:14.710+0000] {dag.py:3239} INFO - Sync 1 DAGs
[2026-08-06T05:33:14.758+0000] {logging_mixin.py:190} INFO - [2026-08-06T05:33:14.758+0000] {dag.py:4180} INFO - Setting next_dagrun for example_skip_dag to 2026-08-05 00:00:00+00:00, run_after=2026-08-06 00:00:00+00:00
[2026-08-06T05:33:14.791+0000] {processor.py:208} INFO - Processing /home/airflow/.local/lib/python3.12/site-packages/airflow/example_dags/example_skip_dag.py took 0.167 seconds
[2026-08-06T05:33:45.057+0000] {processor.py:186} INFO - Started process (PID=160) to work on /home/airflow/.local/lib/python3.12/site-packages/airflow/example_dags/example_skip_dag.py
[2026-08-06T05:33:45.059+0000] {processor.py:914} INFO - Processing file /home/airflow/.local/lib/python3.12/site-packages/airflow/example_dags/example_skip_dag.py for tasks to queue
[2026-08-06T05:33:45.063+0000] {logging_mixin.py:190} INFO - [2026-08-06T05:33:45.063+0000] {dagbag.py:588} INFO - Filling up the DagBag from /home/airflow/.local/lib/python3.12/site-packages/airflow/example_dags/example_skip_dag.py
[2026-08-06T05:33:45.074+0000] {processor.py:925} INFO - DAG(s) 'example_skip_dag' retrieved from /home/airflow/.local/lib/python3.12/site-packages/airflow/example_dags/example_skip_dag.py
[2026-08-06T05:33:45.104+0000] {logging_mixin.py:190} INFO - [2026-08-06T05:33:45.103+0000] {dag.py:3239} INFO - Sync 1 DAGs
[2026-08-06T05:33:45.170+0000] {logging_mixin.py:190} INFO - [2026-08-06T05:33:45.170+0000] {dag.py:4180} INFO - Setting next_dagrun for example_skip_dag to 2026-08-05 00:00:00+00:00, run_after=2026-08-06 00:00:00+00:00
[2026-08-06T05:33:45.243+0000] {processor.py:208} INFO - Processing /home/airflow/.local/lib/python3.12/site-packages/airflow/example_dags/example_skip_dag.py took 0.194 seconds
[2026-08-06T05:34:15.448+0000] {processor.py:186} INFO - Started process (PID=223) to work on /home/airflow/.local/lib/python3.12/site-packages/airflow/example_dags/example_skip_dag.py
[2026-08-06T05:34:15.451+0000] {processor.py:914} INFO - Processing file /home/airflow/.local/lib/python3.12/site-packages/airflow/example_dags/example_skip_dag.py for tasks to queue
[2026-08-06T05:34:15.457+0000] {logging_mixin.py:190} INFO - [2026-08-06T05:34:15.457+0000] {dagbag.py:588} INFO - Filling up the DagBag from /home/airflow/.local/lib/python3.12/site-packages/airflow/example_dags/example_skip_dag.py
[2026-08-06T05:34:15.479+0000] {processor.py:925} INFO - DAG(s) 'example_skip_dag' retrieved from /home/airflow/.local/lib/python3.12/site-packages/airflow/example_dags/example_skip_dag.py
[2026-08-06T05:34:15.519+0000] {logging_mixin.py:190} INFO - [2026-08-06T05:34:15.519+0000] {dag.py:3239} INFO - Sync 1 DAGs
[2026-08-06T05:34:15.561+0000] {logging_mixin.py:190} INFO - [2026-08-06T05:34:15.560+0000] {dag.py:4180} INFO - Setting next_dagrun for example_skip_dag to 2026-08-05 00:00:00+00:00, run_after=2026-08-06 00:00:00+00:00
[2026-08-06T05:34:15.599+0000] {processor.py:208} INFO - Processing /home/airflow/.local/lib/python3.12/site-packages/airflow/example_dags/example_skip_dag.py took 0.165 seconds
[2026-08-06T05:34:47.061+0000] {processor.py:186} INFO - Started process (PID=286) to work on /home/airflow/.local/lib/python3.12/site-packages/airflow/example_dags/example_skip_dag.py
[2026-08-06T05:34:47.064+0000] {processor.py:914} INFO - Processing file /home/airflow/.local/lib/python3.12/site-packages/airflow/example_dags/example_skip_dag.py for tasks to queue
[2026-08-06T05:34:47.068+0000] {logging_mixin.py:190} INFO - [2026-08-06T05:34:47.067+0000] {dagbag.py:588} INFO - Filling up the DagBag from /home/airflow/.local/lib/python3.12/site-packages/airflow/example_dags/example_skip_dag.py
[2026-08-06T05:34:47.079+0000] {processor.py:925} INFO - DAG(s) 'example_skip_dag' retrieved from /home/airflow/.local/lib/python3.12/site-packages/airflow/example_dags/example_skip_dag.py
[2026-08-06T05:34:47.119+0000] {logging_mixin.py:190} INFO - [2026-08-06T05:34:47.119+0000] {dag.py:3239} INFO - Sync 1 DAGs
[2026-08-06T05:34:47.160+0000] {logging_mixin.py:190} INFO - [2026-08-06T05:34:47.160+0000] {dag.py:4180} INFO - Setting next_dagrun for example_skip_dag to 2026-08-05 00:00:00+00:00, run_after=2026-08-06 00:00:00+00:00
[2026-08-06T05:34:47.214+0000] {processor.py:208} INFO - Processing /home/airflow/.local/lib/python3.12/site-packages/airflow/example_dags/example_skip_dag.py took 0.161 seconds
[2026-08-06T05:35:18.282+0000] {processor.py:186} INFO - Started process (PID=348) to work on /home/airflow/.local/lib/python3.12/site-packages/airflow/example_dags/example_skip_dag.py
[2026-08-06T05:35:18.284+0000] {processor.py:914} INFO - Processing file /home/airflow/.local/lib/python3.12/site-packages/airflow/example_dags/example_skip_dag.py for tasks to queue
[2026-08-06T05:35:18.287+0000] {logging_mixin.py:190} INFO - [2026-08-06T05:35:18.286+0000] {dagbag.py:588} INFO - Filling up the DagBag from /home/airflow/.local/lib/python3.12/site-packages/airflow/example_dags/example_skip_dag.py
[2026-08-06T05:35:18.298+0000] {processor.py:925} INFO - DAG(s) 'example_skip_dag' retrieved from /home/airflow/.local/lib/python3.12/site-packages/airflow/example_dags/example_skip_dag.py
[2026-08-06T05:35:18.323+0000] {logging_mixin.py:190} INFO - [2026-08-06T05:35:18.323+0000] {dag.py:3239} INFO - Sync 1 DAGs
[2026-08-06T05:35:18.353+0000] {logging_mixin.py:190} INFO - [2026-08-06T05:35:18.353+0000] {dag.py:4180} INFO - Setting next_dagrun for example_skip_dag to 2026-08-05 00:00:00+00:00, run_after=2026-08-06 00:00:00+00:00
[2026-08-06T05:35:18.376+0000] {processor.py:208} INFO - Processing /home/airflow/.local/lib/python3.12/site-packages/airflow/example_dags/example_skip_dag.py took 0.101 seconds
[2026-08-06T05:37:03.611+0000] {processor.py:186} INFO - Started process (PID=104) to work on /home/airflow/.local/lib/python3.12/site-packages/airflow/example_dags/example_skip_dag.py
[2026-08-06T05:37:03.616+0000] {processor.py:914} INFO - Processing file /home/airflow/.local/lib/python3.12/site-packages/airflow/example_dags/example_skip_dag.py for tasks to queue
[2026-08-06T05:37:03.620+0000] {logging_mixin.py:190} INFO - [2026-08-06T05:37:03.619+0000] {dagbag.py:588} INFO - Filling up the DagBag from /home/airflow/.local/lib/python3.12/site-packages/airflow/example_dags/example_skip_dag.py
[2026-08-06T05:37:03.634+0000] {processor.py:925} INFO - DAG(s) 'example_skip_dag' retrieved from /home/airflow/.local/lib/python3.12/site-packages/airflow/example_dags/example_skip_dag.py
[2026-08-06T05:37:03.676+0000] {logging_mixin.py:190} INFO - [2026-08-06T05:37:03.675+0000] {dag.py:3239} INFO - Sync 1 DAGs
[2026-08-06T05:37:03.757+0000] {logging_mixin.py:190} INFO - [2026-08-06T05:37:03.756+0000] {dag.py:4180} INFO - Setting next_dagrun for example_skip_dag to 2026-08-05 00:00:00+00:00, run_after=2026-08-06 00:00:00+00:00
[2026-08-06T05:37:03.786+0000] {processor.py:208} INFO - Processing /home/airflow/.local/lib/python3.12/site-packages/airflow/example_dags/example_skip_dag.py took 0.184 seconds
[2026-08-06T05:37:34.504+0000] {processor.py:186} INFO - Started process (PID=168) to work on /home/airflow/.local/lib/python3.12/site-packages/airflow/example_dags/example_skip_dag.py
[2026-08-06T05:37:34.513+0000] {processor.py:914} INFO - Processing file /home/airflow/.local/lib/python3.12/site-packages/airflow/example_dags/example_skip_dag.py for tasks to queue
[2026-08-06T05:37:34.517+0000] {logging_mixin.py:190} INFO - [2026-08-06T05:37:34.516+0000] {dagbag.py:588} INFO - Filling up the DagBag from /home/airflow/.local/lib/python3.12/site-packages/airflow/example_dags/example_skip_dag.py
[2026-08-06T05:37:34.531+0000] {processor.py:925} INFO - DAG(s) 'example_skip_dag' retrieved from /home/airflow/.local/lib/python3.12/site-packages/airflow/example_dags/example_skip_dag.py
[2026-08-06T05:37:34.568+0000] {logging_mixin.py:190} INFO - [2026-08-06T05:37:34.568+0000] {dag.py:3239} INFO - Sync 1 DAGs
[2026-08-06T05:37:34.606+0000] {logging_mixin.py:190} INFO - [2026-08-06T05:37:34.605+0000] {dag.py:4180} INFO - Setting next_dagrun for example_skip_dag to 2026-08-05 00:00:00+00:00, run_after=2026-08-06 00:00:00+00:00
[2026-08-06T05:37:34.640+0000] {processor.py:208} INFO - Processing /home/airflow/.local/lib/python3.12/site-packages/airflow/example_dags/example_skip_dag.py took 0.145 seconds
[2026-08-06T05:38:04.992+0000] {processor.py:186} INFO - Started process (PID=231) to work on /home/airflow/.local/lib/python3.12/site-packages/airflow/example_dags/example_skip_dag.py
[2026-08-06T05:38:04.994+0000] {processor.py:914} INFO - Processing file /home/airflow/.local/lib/python3.12/site-packages/airflow/example_dags/example_skip_dag.py for tasks to queue
[2026-08-06T05:38:04.999+0000] {logging_mixin.py:190} INFO - [2026-08-06T05:38:04.999+0000] {dagbag.py:588} INFO - Filling up the DagBag from /home/airflow/.local/lib/python3.12/site-packages/airflow/example_dags/example_skip_dag.py
[2026-08-06T05:38:05.013+0000] {processor.py:925} INFO - DAG(s) 'example_skip_dag' retrieved from /home/airflow/.local/lib/python3.12/site-packages/airflow/example_dags/example_skip_dag.py
[2026-08-06T05:38:05.050+0000] {logging_mixin.py:190} INFO - [2026-08-06T05:38:05.050+0000] {dag.py:3239} INFO - Sync 1 DAGs
[2026-08-06T05:38:05.093+0000] {logging_mixin.py:190} INFO - [2026-08-06T05:38:05.093+0000] {dag.py:4180} INFO - Setting next_dagrun for example_skip_dag to 2026-08-05 00:00:00+00:00, run_after=2026-08-06 00:00:00+00:00
[2026-08-06T05:38:05.154+0000] {processor.py:208} INFO - Processing /home/airflow/.local/lib/python3.12/site-packages/airflow/example_dags/example_skip_dag.py took 0.170 seconds
[2026-08-06T05:38:40.436+0000] {processor.py:186} INFO - Started process (PID=303) to work on /home/airflow/.local/lib/python3.12/site-packages/airflow/example_dags/example_skip_dag.py
[2026-08-06T05:38:40.439+0000] {processor.py:914} INFO - Processing file /home/airflow/.local/lib/python3.12/site-packages/airflow/example_dags/example_skip_dag.py for tasks to queue
[2026-08-06T05:38:40.444+0000] {logging_mixin.py:190} INFO - [2026-08-06T05:38:40.443+0000] {dagbag.py:588} INFO - Filling up the DagBag from /home/airflow/.local/lib/python3.12/site-packages/airflow/example_dags/example_skip_dag.py
[2026-08-06T05:38:40.458+0000] {processor.py:925} INFO - DAG(s) 'example_skip_dag' retrieved from /home/airflow/.local/lib/python3.12/site-packages/airflow/example_dags/example_skip_dag.py
[2026-08-06T05:38:40.494+0000] {logging_mixin.py:190} INFO - [2026-08-06T05:38:40.493+0000] {dag.py:3239} INFO - Sync 1 DAGs
[2026-08-06T05:38:40.536+0000] {logging_mixin.py:190} INFO - [2026-08-06T05:38:40.535+0000] {dag.py:4180} INFO - Setting next_dagrun for example_skip_dag to 2026-08-05 00:00:00+00:00, run_after=2026-08-06 00:00:00+00:00
[2026-08-06T05:38:40.605+0000] {processor.py:208} INFO - Processing /home/airflow/.local/lib/python3.12/site-packages/airflow/example_dags/example_skip_dag.py took 0.177 seconds
[2026-08-06T05:39:10.734+0000] {processor.py:186} INFO - Started process (PID=374) to work on /home/airflow/.local/lib/python3.12/site-packages/airflow/example_dags/example_skip_dag.py
[2026-08-06T05:39:10.736+0000] {processor.py:914} INFO - Processing file /home/airflow/.local/lib/python3.12/site-packages/airflow/example_dags/example_skip_dag.py for tasks to queue
[2026-08-06T05:39:10.739+0000] {logging_mixin.py:190} INFO - [2026-08-06T05:39:10.738+0000] {dagbag.py:588} INFO - Filling up the DagBag from /home/airflow/.local/lib/python3.12/site-packages/airflow/example_dags/example_skip_dag.py
[2026-08-06T05:39:10.749+0000] {processor.py:925} INFO - DAG(s) 'example_skip_dag' retrieved from /home/airflow/.local/lib/python3.12/site-packages/airflow/example_dags/example_skip_dag.py
[2026-08-06T05:39:10.775+0000] {logging_mixin.py:190} INFO - [2026-08-06T05:39:10.774+0000] {dag.py:3239} INFO - Sync 1 DAGs
[2026-08-06T05:39:10.806+0000] {logging_mixin.py:190} INFO - [2026-08-06T05:39:10.806+0000] {dag.py:4180} INFO - Setting next_dagrun for example_skip_dag to 2026-08-05 00:00:00+00:00, run_after=2026-08-06 00:00:00+00:00
[2026-08-06T05:39:10.842+0000] {processor.py:208} INFO - Processing /home/airflow/.local/lib/python3.12/site-packages/airflow/example_dags/example_skip_dag.py took 0.116 seconds
[2026-08-06T05:39:44.951+0000] {processor.py:186} INFO - Started process (PID=439) to work on /home/airflow/.local/lib/python3.12/site-packages/airflow/example_dags/example_skip_dag.py
[2026-08-06T05:39:44.953+0000] {processor.py:914} INFO - Processing file /home/airflow/.local/lib/python3.12/site-packages/airflow/example_dags/example_skip_dag.py for tasks to queue
[2026-08-06T05:39:44.959+0000] {logging_mixin.py:190} INFO - [2026-08-06T05:39:44.958+0000] {dagbag.py:588} INFO - Filling up the DagBag from /home/airflow/.local/lib/python3.12/site-packages/airflow/example_dags/example_skip_dag.py
[2026-08-06T05:39:44.979+0000] {processor.py:925} INFO - DAG(s) 'example_skip_dag' retrieved from /home/airflow/.local/lib/python3.12/site-packages/airflow/example_dags/example_skip_dag.py
[2026-08-06T05:39:45.028+0000] {logging_mixin.py:190} INFO - [2026-08-06T05:39:45.028+0000] {dag.py:3239} INFO - Sync 1 DAGs
[2026-08-06T05:39:45.088+0000] {logging_mixin.py:190} INFO - [2026-08-06T05:39:45.088+0000] {dag.py:4180} INFO - Setting next_dagrun for example_skip_dag to 2026-08-05 00:00:00+00:00, run_after=2026-08-06 00:00:00+00:00
[2026-08-06T05:39:45.135+0000] {processor.py:208} INFO - Processing /home/airflow/.local/lib/python3.12/site-packages/airflow/example_dags/example_skip_dag.py took 0.198 seconds
[2026-08-06T05:40:15.264+0000] {processor.py:186} INFO - Started process (PID=502) to work on /home/airflow/.local/lib/python3.12/site-packages/airflow/example_dags/example_skip_dag.py
[2026-08-06T05:40:15.267+0000] {processor.py:914} INFO - Processing file /home/airflow/.local/lib/python3.12/site-packages/airflow/example_dags/example_skip_dag.py for tasks to queue
[2026-08-06T05:40:15.278+0000] {logging_mixin.py:190} INFO - [2026-08-06T05:40:15.277+0000] {dagbag.py:588} INFO - Filling up the DagBag from /home/airflow/.local/lib/python3.12/site-packages/airflow/example_dags/example_skip_dag.py
[2026-08-06T05:40:15.296+0000] {processor.py:925} INFO - DAG(s) 'example_skip_dag' retrieved from /home/airflow/.local/lib/python3.12/site-packages/airflow/example_dags/example_skip_dag.py
[2026-08-06T05:40:15.332+0000] {logging_mixin.py:190} INFO - [2026-08-06T05:40:15.332+0000] {dag.py:3239} INFO - Sync 1 DAGs
[2026-08-06T05:40:15.366+0000] {logging_mixin.py:190} INFO - [2026-08-06T05:40:15.365+0000] {dag.py:4180} INFO - Setting next_dagrun for example_skip_dag to 2026-08-05 00:00:00+00:00, run_after=2026-08-06 00:00:00+00:00
[2026-08-06T05:40:15.400+0000] {processor.py:208} INFO - Processing /home/airflow/.local/lib/python3.12/site-packages/airflow/example_dags/example_skip_dag.py took 0.159 seconds
[2026-08-06T05:40:47.635+0000] {processor.py:186} INFO - Started process (PID=566) to work on /home/airflow/.local/lib/python3.12/site-packages/airflow/example_dags/example_skip_dag.py
[2026-08-06T05:40:47.640+0000] {processor.py:914} INFO - Processing file /home/airflow/.local/lib/python3.12/site-packages/airflow/example_dags/example_skip_dag.py for tasks to queue
[2026-08-06T05:40:47.647+0000] {logging_mixin.py:190} INFO - [2026-08-06T05:40:47.646+0000] {dagbag.py:588} INFO - Filling up the DagBag from /home/airflow/.local/lib/python3.12/site-packages/airflow/example_dags/example_skip_dag.py
[2026-08-06T05:40:47.666+0000] {processor.py:925} INFO - DAG(s) 'example_skip_dag' retrieved from /home/airflow/.local/lib/python3.12/site-packages/airflow/example_dags/example_skip_dag.py
[2026-08-06T05:40:47.709+0000] {logging_mixin.py:190} INFO - [2026-08-06T05:40:47.709+0000] {dag.py:3239} INFO - Sync 1 DAGs
[2026-08-06T05:40:47.755+0000] {logging_mixin.py:190} INFO - [2026-08-06T05:40:47.755+0000] {dag.py:4180} INFO - Setting next_dagrun for example_skip_dag to 2026-08-05 00:00:00+00:00, run_after=2026-08-06 00:00:00+00:00
[2026-08-06T05:40:47.794+0000] {processor.py:208} INFO - Processing /home/airflow/.local/lib/python3.12/site-packages/airflow/example_dags/example_skip_dag.py took 0.183 seconds
[2026-08-06T05:41:18.688+0000] {processor.py:186} INFO - Started process (PID=630) to work on /home/airflow/.local/lib/python3.12/site-packages/airflow/example_dags/example_skip_dag.py
[2026-08-06T05:41:18.704+0000] {processor.py:914} INFO - Processing file /home/airflow/.local/lib/python3.12/site-packages/airflow/example_dags/example_skip_dag.py for tasks to queue
[2026-08-06T05:41:18.712+0000] {logging_mixin.py:190} INFO - [2026-08-06T05:41:18.711+0000] {dagbag.py:588} INFO - Filling up the DagBag from /home/airflow/.local/lib/python3.12/site-packages/airflow/example_dags/example_skip_dag.py
[2026-08-06T05:41:18.737+0000] {processor.py:925} INFO - DAG(s) 'example_skip_dag' retrieved from /home/airflow/.local/lib/python3.12/site-packages/airflow/example_dags/example_skip_dag.py
[2026-08-06T05:41:18.783+0000] {logging_mixin.py:190} INFO - [2026-08-06T05:41:18.783+0000] {dag.py:3239} INFO - Sync 1 DAGs
[2026-08-06T05:41:18.828+0000] {logging_mixin.py:190} INFO - [2026-08-06T05:41:18.827+0000] {dag.py:4180} INFO - Setting next_dagrun for example_skip_dag to 2026-08-05 00:00:00+00:00, run_after=2026-08-06 00:00:00+00:00
[2026-08-06T05:41:18.947+0000] {processor.py:208} INFO - Processing /home/airflow/.local/lib/python3.12/site-packages/airflow/example_dags/example_skip_dag.py took 0.268 seconds
[2026-08-06T05:41:49.093+0000] {processor.py:186} INFO - Started process (PID=694) to work on /home/airflow/.local/lib/python3.12/site-packages/airflow/example_dags/example_skip_dag.py
[2026-08-06T05:41:49.094+0000] {processor.py:914} INFO - Processing file /home/airflow/.local/lib/python3.12/site-packages/airflow/example_dags/example_skip_dag.py for tasks to queue
[2026-08-06T05:41:49.098+0000] {logging_mixin.py:190} INFO - [2026-08-06T05:41:49.097+0000] {dagbag.py:588} INFO - Filling up the DagBag from /home/airflow/.local/lib/python3.12/site-packages/airflow/example_dags/example_skip_dag.py
[2026-08-06T05:41:49.115+0000] {processor.py:925} INFO - DAG(s) 'example_skip_dag' retrieved from /home/airflow/.local/lib/python3.12/site-packages/airflow/example_dags/example_skip_dag.py
[2026-08-06T05:41:49.150+0000] {logging_mixin.py:190} INFO - [2026-08-06T05:41:49.149+0000] {dag.py:3239} INFO - Sync 1 DAGs
[2026-08-06T05:41:49.191+0000] {logging_mixin.py:190} INFO - [2026-08-06T05:41:49.191+0000] {dag.py:4180} INFO - Setting next_dagrun for example_skip_dag to 2026-08-05 00:00:00+00:00, run_after=2026-08-06 00:00:00+00:00
[2026-08-06T05:41:49.260+0000] {processor.py:208} INFO - Processing /home/airflow/.local/lib/python3.12/site-packages/airflow/example_dags/example_skip_dag.py took 0.176 seconds
[2026-08-06T05:42:20.502+0000] {processor.py:186} INFO - Started process (PID=758) to work on /home/airflow/.local/lib/python3.12/site-packages/airflow/example_dags/example_skip_dag.py
[2026-08-06T05:42:20.504+0000] {processor.py:914} INFO - Processing file /home/airflow/.local/lib/python3.12/site-packages/airflow/example_dags/example_skip_dag.py for tasks to queue
[2026-08-06T05:42:20.508+0000] {logging_mixin.py:190} INFO - [2026-08-06T05:42:20.508+0000] {dagbag.py:588} INFO - Filling up the DagBag from /home/airflow/.local/lib/python3.12/site-packages/airflow/example_dags/example_skip_dag.py
[2026-08-06T05:42:20.521+0000] {processor.py:925} INFO - DAG(s) 'example_skip_dag' retrieved from /home/airflow/.local/lib/python3.12/site-packages/airflow/example_dags/example_skip_dag.py
[2026-08-06T05:42:20.566+0000] {logging_mixin.py:190} INFO - [2026-08-06T05:42:20.566+0000] {dag.py:3239} INFO - Sync 1 DAGs
[2026-08-06T05:42:20.606+0000] {logging_mixin.py:190} INFO - [2026-08-06T05:42:20.605+0000] {dag.py:4180} INFO - Setting next_dagrun for example_skip_dag to 2026-08-05 00:00:00+00:00, run_after=2026-08-06 00:00:00+00:00
[2026-08-06T05:42:20.646+0000] {processor.py:208} INFO - Processing /home/airflow/.local/lib/python3.12/site-packages/airflow/example_dags/example_skip_dag.py took 0.151 seconds
[2026-08-06T05:42:54.539+0000] {processor.py:186} INFO - Started process (PID=828) to work on /home/airflow/.local/lib/python3.12/site-packages/airflow/example_dags/example_skip_dag.py
[2026-08-06T05:42:54.541+0000] {processor.py:914} INFO - Processing file /home/airflow/.local/lib/python3.12/site-packages/airflow/example_dags/example_skip_dag.py for tasks to queue
[2026-08-06T05:42:54.545+0000] {logging_mixin.py:190} INFO - [2026-08-06T05:42:54.544+0000] {dagbag.py:588} INFO - Filling up the DagBag from /home/airflow/.local/lib/python3.12/site-packages/airflow/example_dags/example_skip_dag.py
[2026-08-06T05:42:54.559+0000] {processor.py:925} INFO - DAG(s) 'example_skip_dag' retrieved from /home/airflow/.local/lib/python3.12/site-packages/airflow/example_dags/example_skip_dag.py
[2026-08-06T05:42:54.599+0000] {logging_mixin.py:190} INFO - [2026-08-06T05:42:54.599+0000] {dag.py:3239} INFO - Sync 1 DAGs
[2026-08-06T05:42:54.661+0000] {logging_mixin.py:190} INFO - [2026-08-06T05:42:54.660+0000] {dag.py:4180} INFO - Setting next_dagrun for example_skip_dag to 2026-08-05 00:00:00+00:00, run_after=2026-08-06 00:00:00+00:00
[2026-08-06T05:42:54.698+0000] {processor.py:208} INFO - Processing /home/airflow/.local/lib/python3.12/site-packages/airflow/example_dags/example_skip_dag.py took 0.168 seconds
[2026-08-06T05:43:25.391+0000] {processor.py:186} INFO - Started process (PID=892) to work on /home/airflow/.local/lib/python3.12/site-packages/airflow/example_dags/example_skip_dag.py
[2026-08-06T05:43:25.393+0000] {processor.py:914} INFO - Processing file /home/airflow/.local/lib/python3.12/site-packages/airflow/example_dags/example_skip_dag.py for tasks to queue
[2026-08-06T05:43:25.398+0000] {logging_mixin.py:190} INFO - [2026-08-06T05:43:25.398+0000] {dagbag.py:588} INFO - Filling up the DagBag from /home/airflow/.local/lib/python3.12/site-packages/airflow/example_dags/example_skip_dag.py
[2026-08-06T05:43:25.411+0000] {processor.py:925} INFO - DAG(s) 'example_skip_dag' retrieved from /home/airflow/.local/lib/python3.12/site-packages/airflow/example_dags/example_skip_dag.py
[2026-08-06T05:43:25.446+0000] {logging_mixin.py:190} INFO - [2026-08-06T05:43:25.446+0000] {dag.py:3239} INFO - Sync 1 DAGs
[2026-08-06T05:43:25.481+0000] {logging_mixin.py:190} INFO - [2026-08-06T05:43:25.480+0000] {dag.py:4180} INFO - Setting next_dagrun for example_skip_dag to 2026-08-05 00:00:00+00:00, run_after=2026-08-06 00:00:00+00:00
[2026-08-06T05:43:25.545+0000] {processor.py:208} INFO - Processing /home/airflow/.local/lib/python3.12/site-packages/airflow/example_dags/example_skip_dag.py took 0.162 seconds
[2026-08-06T05:43:56.583+0000] {processor.py:186} INFO - Started process (PID=971) to work on /home/airflow/.local/lib/python3.12/site-packages/airflow/example_dags/example_skip_dag.py
[2026-08-06T05:43:56.587+0000] {processor.py:914} INFO - Processing file /home/airflow/.local/lib/python3.12/site-packages/airflow/example_dags/example_skip_dag.py for tasks to queue
[2026-08-06T05:43:56.603+0000] {logging_mixin.py:190} INFO - [2026-08-06T05:43:56.600+0000] {dagbag.py:588} INFO - Filling up the DagBag from /home/airflow/.local/lib/python3.12/site-packages/airflow/example_dags/example_skip_dag.py
[2026-08-06T05:43:56.670+0000] {processor.py:925} INFO - DAG(s) 'example_skip_dag' retrieved from /home/airflow/.local/lib/python3.12/site-packages/airflow/example_dags/example_skip_dag.py
[2026-08-06T05:43:56.786+0000] {logging_mixin.py:190} INFO - [2026-08-06T05:43:56.785+0000] {dag.py:3239} INFO - Sync 1 DAGs
[2026-08-06T05:43:56.856+0000] {logging_mixin.py:190} INFO - [2026-08-06T05:43:56.856+0000] {dag.py:4180} INFO - Setting next_dagrun for example_skip_dag to 2026-08-05 00:00:00+00:00, run_after=2026-08-06 00:00:00+00:00
[2026-08-06T05:43:56.904+0000] {processor.py:208} INFO - Processing /home/airflow/.local/lib/python3.12/site-packages/airflow/example_dags/example_skip_dag.py took 0.341 seconds
[2026-08-06T05:44:28.165+0000] {processor.py:186} INFO - Started process (PID=1035) to work on /home/airflow/.local/lib/python3.12/site-packages/airflow/example_dags/example_skip_dag.py
[2026-08-06T05:44:28.167+0000] {processor.py:914} INFO - Processing file /home/airflow/.local/lib/python3.12/site-packages/airflow/example_dags/example_skip_dag.py for tasks to queue
[2026-08-06T05:44:28.173+0000] {logging_mixin.py:190} INFO - [2026-08-06T05:44:28.172+0000] {dagbag.py:588} INFO - Filling up the DagBag from /home/airflow/.local/lib/python3.12/site-packages/airflow/example_dags/example_skip_dag.py
[2026-08-06T05:44:28.193+0000] {processor.py:925} INFO - DAG(s) 'example_skip_dag' retrieved from /home/airflow/.local/lib/python3.12/site-packages/airflow/example_dags/example_skip_dag.py
[2026-08-06T05:44:28.238+0000] {logging_mixin.py:190} INFO - [2026-08-06T05:44:28.237+0000] {dag.py:3239} INFO - Sync 1 DAGs
[2026-08-06T05:44:28.289+0000] {logging_mixin.py:190} INFO - [2026-08-06T05:44:28.288+0000] {dag.py:4180} INFO - Setting next_dagrun for example_skip_dag to 2026-08-05 00:00:00+00:00, run_after=2026-08-06 00:00:00+00:00
[2026-08-06T05:44:28.332+0000] {processor.py:208} INFO - Processing /home/airflow/.local/lib/python3.12/site-packages/airflow/example_dags/example_skip_dag.py took 0.183 seconds
[2026-08-06T05:44:59.875+0000] {processor.py:186} INFO - Started process (PID=1098) to work on /home/airflow/.local/lib/python3.12/site-packages/airflow/example_dags/example_skip_dag.py
[2026-08-06T05:44:59.883+0000] {processor.py:914} INFO - Processing file /home/airflow/.local/lib/python3.12/site-packages/airflow/example_dags/example_skip_dag.py for tasks to queue
[2026-08-06T05:44:59.889+0000] {logging_mixin.py:190} INFO - [2026-08-06T05:44:59.889+0000] {dagbag.py:588} INFO - Filling up the DagBag from /home/airflow/.local/lib/python3.12/site-packages/airflow/example_dags/example_skip_dag.py
[2026-08-06T05:44:59.920+0000] {processor.py:925} INFO - DAG(s) 'example_skip_dag' retrieved from /home/airflow/.local/lib/python3.12/site-packages/airflow/example_dags/example_skip_dag.py
[2026-08-06T05:44:59.982+0000] {logging_mixin.py:190} INFO - [2026-08-06T05:44:59.981+0000] {dag.py:3239} INFO - Sync 1 DAGs
[2026-08-06T05:45:00.053+0000] {logging_mixin.py:190} INFO - [2026-08-06T05:45:00.052+0000] {dag.py:4180} INFO - Setting next_dagrun for example_skip_dag to 2026-08-05 00:00:00+00:00, run_after=2026-08-06 00:00:00+00:00
[2026-08-06T05:45:00.105+0000] {processor.py:208} INFO - Processing /home/airflow/.local/lib/python3.12/site-packages/airflow/example_dags/example_skip_dag.py took 0.255 seconds
[2026-08-06T05:45:30.870+0000] {processor.py:186} INFO - Started process (PID=1162) to work on /home/airflow/.local/lib/python3.12/site-packages/airflow/example_dags/example_skip_dag.py
[2026-08-06T05:45:30.872+0000] {processor.py:914} INFO - Processing file /home/airflow/.local/lib/python3.12/site-packages/airflow/example_dags/example_skip_dag.py for tasks to queue
[2026-08-06T05:45:30.879+0000] {logging_mixin.py:190} INFO - [2026-08-06T05:45:30.878+0000] {dagbag.py:588} INFO - Filling up the DagBag from /home/airflow/.local/lib/python3.12/site-packages/airflow/example_dags/example_skip_dag.py
[2026-08-06T05:45:30.894+0000] {processor.py:925} INFO - DAG(s) 'example_skip_dag' retrieved from /home/airflow/.local/lib/python3.12/site-packages/airflow/example_dags/example_skip_dag.py
[2026-08-06T05:45:30.941+0000] {logging_mixin.py:190} INFO - [2026-08-06T05:45:30.940+0000] {dag.py:3239} INFO - Sync 1 DAGs
[2026-08-06T05:45:30.983+0000] {logging_mixin.py:190} INFO - [2026-08-06T05:45:30.983+0000] {dag.py:4180} INFO - Setting next_dagrun for example_skip_dag to 2026-08-05 00:00:00+00:00, run_after=2026-08-06 00:00:00+00:00
[2026-08-06T05:45:31.015+0000] {processor.py:208} INFO - Processing /home/airflow/.local/lib/python3.12/site-packages/airflow/example_dags/example_skip_dag.py took 0.158 seconds
[2026-08-06T05:46:03.190+0000] {processor.py:186} INFO - Started process (PID=1226) to work on /home/airflow/.local/lib/python3.12/site-packages/airflow/example_dags/example_skip_dag.py
[2026-08-06T05:46:03.193+0000] {processor.py:914} INFO - Processing file /home/airflow/.local/lib/python3.12/site-packages/airflow/example_dags/example_skip_dag.py for tasks to queue
[2026-08-06T05:46:03.199+0000] {logging_mixin.py:190} INFO - [2026-08-06T05:46:03.198+0000] {dagbag.py:588} INFO - Filling up the DagBag from /home/airflow/.local/lib/python3.12/site-packages/airflow/example_dags/example_skip_dag.py
[2026-08-06T05:46:03.224+0000] {processor.py:925} INFO - DAG(s) 'example_skip_dag' retrieved from /home/airflow/.local/lib/python3.12/site-packages/airflow/example_dags/example_skip_dag.py
[2026-08-06T05:46:03.299+0000] {logging_mixin.py:190} INFO - [2026-08-06T05:46:03.298+0000] {dag.py:3239} INFO - Sync 1 DAGs
[2026-08-06T05:46:03.348+0000] {logging_mixin.py:190} INFO - [2026-08-06T05:46:03.348+0000] {dag.py:4180} INFO - Setting next_dagrun for example_skip_dag to 2026-08-05 00:00:00+00:00, run_after=2026-08-06 00:00:00+00:00
[2026-08-06T05:46:03.393+0000] {processor.py:208} INFO - Processing /home/airflow/.local/lib/python3.12/site-packages/airflow/example_dags/example_skip_dag.py took 0.213 seconds
[2026-08-06T05:46:35.048+0000] {processor.py:186} INFO - Started process (PID=1290) to work on /home/airflow/.local/lib/python3.12/site-packages/airflow/example_dags/example_skip_dag.py
[2026-08-06T05:46:35.049+0000] {processor.py:914} INFO - Processing file /home/airflow/.local/lib/python3.12/site-packages/airflow/example_dags/example_skip_dag.py for tasks to queue
[2026-08-06T05:46:35.053+0000] {logging_mixin.py:190} INFO - [2026-08-06T05:46:35.052+0000] {dagbag.py:588} INFO - Filling up the DagBag from /home/airflow/.local/lib/python3.12/site-packages/airflow/example_dags/example_skip_dag.py
[2026-08-06T05:46:35.066+0000] {processor.py:925} INFO - DAG(s) 'example_skip_dag' retrieved from /home/airflow/.local/lib/python3.12/site-packages/airflow/example_dags/example_skip_dag.py
[2026-08-06T05:46:35.107+0000] {logging_mixin.py:190} INFO - [2026-08-06T05:46:35.106+0000] {dag.py:3239} INFO - Sync 1 DAGs
[2026-08-06T05:46:35.150+0000] {logging_mixin.py:190} INFO - [2026-08-06T05:46:35.149+0000] {dag.py:4180} INFO - Setting next_dagrun for example_skip_dag to 2026-08-05 00:00:00+00:00, run_after=2026-08-06 00:00:00+00:00
[2026-08-06T05:46:35.181+0000] {processor.py:208} INFO - Processing /home/airflow/.local/lib/python3.12/site-packages/airflow/example_dags/example_skip_dag.py took 0.142 seconds
[2026-08-06T05:47:06.856+0000] {processor.py:186} INFO - Started process (PID=1354) to work on /home/airflow/.local/lib/python3.12/site-packages/airflow/example_dags/example_skip_dag.py
[2026-08-06T05:47:06.860+0000] {processor.py:914} INFO - Processing file /home/airflow/.local/lib/python3.12/site-packages/airflow/example_dags/example_skip_dag.py for tasks to queue
[2026-08-06T05:47:06.867+0000] {logging_mixin.py:190} INFO - [2026-08-06T05:47:06.866+0000] {dagbag.py:588} INFO - Filling up the DagBag from /home/airflow/.local/lib/python3.12/site-packages/airflow/example_dags/example_skip_dag.py
[2026-08-06T05:47:06.886+0000] {processor.py:925} INFO - DAG(s) 'example_skip_dag' retrieved from /home/airflow/.local/lib/python3.12/site-packages/airflow/example_dags/example_skip_dag.py
[2026-08-06T05:47:06.926+0000] {logging_mixin.py:190} INFO - [2026-08-06T05:47:06.925+0000] {dag.py:3239} INFO - Sync 1 DAGs
[2026-08-06T05:47:06.961+0000] {logging_mixin.py:190} INFO - [2026-08-06T05:47:06.961+0000] {dag.py:4180} INFO - Setting next_dagrun for example_skip_dag to 2026-08-05 00:00:00+00:00, run_after=2026-08-06 00:00:00+00:00
[2026-08-06T05:47:07.001+0000] {processor.py:208} INFO - Processing /home/airflow/.local/lib/python3.12/site-packages/airflow/example_dags/example_skip_dag.py took 0.166 seconds
[2026-08-06T05:47:37.900+0000] {processor.py:186} INFO - Started process (PID=1418) to work on /home/airflow/.local/lib/python3.12/site-packages/airflow/example_dags/example_skip_dag.py
[2026-08-06T05:47:37.902+0000] {processor.py:914} INFO - Processing file /home/airflow/.local/lib/python3.12/site-packages/airflow/example_dags/example_skip_dag.py for tasks to queue
[2026-08-06T05:47:37.907+0000] {logging_mixin.py:190} INFO - [2026-08-06T05:47:37.906+0000] {dagbag.py:588} INFO - Filling up the DagBag from /home/airflow/.local/lib/python3.12/site-packages/airflow/example_dags/example_skip_dag.py
[2026-08-06T05:47:37.925+0000] {processor.py:925} INFO - DAG(s) 'example_skip_dag' retrieved from /home/airflow/.local/lib/python3.12/site-packages/airflow/example_dags/example_skip_dag.py
[2026-08-06T05:47:37.962+0000] {logging_mixin.py:190} INFO - [2026-08-06T05:47:37.962+0000] {dag.py:3239} INFO - Sync 1 DAGs
[2026-08-06T05:47:38.012+0000] {logging_mixin.py:190} INFO - [2026-08-06T05:47:38.012+0000] {dag.py:4180} INFO - Setting next_dagrun for example_skip_dag to 2026-08-05 00:00:00+00:00, run_after=2026-08-06 00:00:00+00:00
[2026-08-06T05:47:38.062+0000] {processor.py:208} INFO - Processing /home/airflow/.local/lib/python3.12/site-packages/airflow/example_dags/example_skip_dag.py took 0.173 seconds
[2026-08-06T05:48:08.530+0000] {processor.py:186} INFO - Started process (PID=1482) to work on /home/airflow/.local/lib/python3.12/site-packages/airflow/example_dags/example_skip_dag.py
[2026-08-06T05:48:08.532+0000] {processor.py:914} INFO - Processing file /home/airflow/.local/lib/python3.12/site-packages/airflow/example_dags/example_skip_dag.py for tasks to queue
[2026-08-06T05:48:08.536+0000] {logging_mixin.py:190} INFO - [2026-08-06T05:48:08.535+0000] {dagbag.py:588} INFO - Filling up the DagBag from /home/airflow/.local/lib/python3.12/site-packages/airflow/example_dags/example_skip_dag.py
[2026-08-06T05:48:08.550+0000] {processor.py:925} INFO - DAG(s) 'example_skip_dag' retrieved from /home/airflow/.local/lib/python3.12/site-packages/airflow/example_dags/example_skip_dag.py
[2026-08-06T05:48:08.583+0000] {logging_mixin.py:190} INFO - [2026-08-06T05:48:08.583+0000] {dag.py:3239} INFO - Sync 1 DAGs
[2026-08-06T05:48:08.658+0000] {logging_mixin.py:190} INFO - [2026-08-06T05:48:08.658+0000] {dag.py:4180} INFO - Setting next_dagrun for example_skip_dag to 2026-08-05 00:00:00+00:00, run_after=2026-08-06 00:00:00+00:00
[2026-08-06T05:48:08.718+0000] {processor.py:208} INFO - Processing /home/airflow/.local/lib/python3.12/site-packages/airflow/example_dags/example_skip_dag.py took 0.197 seconds
[2026-08-06T05:48:40.866+0000] {processor.py:186} INFO - Started process (PID=1546) to work on /home/airflow/.local/lib/python3.12/site-packages/airflow/example_dags/example_skip_dag.py
[2026-08-06T05:48:40.868+0000] {processor.py:914} INFO - Processing file /home/airflow/.local/lib/python3.12/site-packages/airflow/example_dags/example_skip_dag.py for tasks to queue
[2026-08-06T05:48:40.871+0000] {logging_mixin.py:190} INFO - [2026-08-06T05:48:40.871+0000] {dagbag.py:588} INFO - Filling up the DagBag from /home/airflow/.local/lib/python3.12/site-packages/airflow/example_dags/example_skip_dag.py
[2026-08-06T05:48:40.885+0000] {processor.py:925} INFO - DAG(s) 'example_skip_dag' retrieved from /home/airflow/.local/lib/python3.12/site-packages/airflow/example_dags/example_skip_dag.py
[2026-08-06T05:48:40.926+0000] {logging_mixin.py:190} INFO - [2026-08-06T05:48:40.926+0000] {dag.py:3239} INFO - Sync 1 DAGs
[2026-08-06T05:48:40.965+0000] {logging_mixin.py:190} INFO - [2026-08-06T05:48:40.965+0000] {dag.py:4180} INFO - Setting next_dagrun for example_skip_dag to 2026-08-05 00:00:00+00:00, run_after=2026-08-06 00:00:00+00:00
[2026-08-06T05:48:41.004+0000] {processor.py:208} INFO - Processing /home/airflow/.local/lib/python3.12/site-packages/airflow/example_dags/example_skip_dag.py took 0.148 seconds
[2026-08-06T05:49:11.456+0000] {processor.py:186} INFO - Started process (PID=1625) to work on /home/airflow/.local/lib/python3.12/site-packages/airflow/example_dags/example_skip_dag.py
[2026-08-06T05:49:11.459+0000] {processor.py:914} INFO - Processing file /home/airflow/.local/lib/python3.12/site-packages/airflow/example_dags/example_skip_dag.py for tasks to queue
[2026-08-06T05:49:11.465+0000] {logging_mixin.py:190} INFO - [2026-08-06T05:49:11.464+0000] {dagbag.py:588} INFO - Filling up the DagBag from /home/airflow/.local/lib/python3.12/site-packages/airflow/example_dags/example_skip_dag.py
[2026-08-06T05:49:11.478+0000] {processor.py:925} INFO - DAG(s) 'example_skip_dag' retrieved from /home/airflow/.local/lib/python3.12/site-packages/airflow/example_dags/example_skip_dag.py
[2026-08-06T05:49:11.520+0000] {logging_mixin.py:190} INFO - [2026-08-06T05:49:11.520+0000] {dag.py:3239} INFO - Sync 1 DAGs
[2026-08-06T05:49:11.568+0000] {logging_mixin.py:190} INFO - [2026-08-06T05:49:11.567+0000] {dag.py:4180} INFO - Setting next_dagrun for example_skip_dag to 2026-08-05 00:00:00+00:00, run_after=2026-08-06 00:00:00+00:00
[2026-08-06T05:49:11.612+0000] {processor.py:208} INFO - Processing /home/airflow/.local/lib/python3.12/site-packages/airflow/example_dags/example_skip_dag.py took 0.169 seconds
[2026-08-06T05:49:42.277+0000] {processor.py:186} INFO - Started process (PID=1688) to work on /home/airflow/.local/lib/python3.12/site-packages/airflow/example_dags/example_skip_dag.py
[2026-08-06T05:49:42.280+0000] {processor.py:914} INFO - Processing file /home/airflow/.local/lib/python3.12/site-packages/airflow/example_dags/example_skip_dag.py for tasks to queue
[2026-08-06T05:49:42.286+0000] {logging_mixin.py:190} INFO - [2026-08-06T05:49:42.285+0000] {dagbag.py:588} INFO - Filling up the DagBag from /home/airflow/.local/lib/python3.12/site-packages/airflow/example_dags/example_skip_dag.py
[2026-08-06T05:49:42.300+0000] {processor.py:925} INFO - DAG(s) 'example_skip_dag' retrieved from /home/airflow/.local/lib/python3.12/site-packages/airflow/example_dags/example_skip_dag.py
[2026-08-06T05:49:42.337+0000] {logging_mixin.py:190} INFO - [2026-08-06T05:49:42.337+0000] {dag.py:3239} INFO - Sync 1 DAGs
[2026-08-06T05:49:42.374+0000] {logging_mixin.py:190} INFO - [2026-08-06T05:49:42.374+0000] {dag.py:4180} INFO - Setting next_dagrun for example_skip_dag to 2026-08-05 00:00:00+00:00, run_after=2026-08-06 00:00:00+00:00
[2026-08-06T05:49:42.442+0000] {processor.py:208} INFO - Processing /home/airflow/.local/lib/python3.12/site-packages/airflow/example_dags/example_skip_dag.py took 0.175 seconds
[2026-08-06T05:50:12.630+0000] {processor.py:186} INFO - Started process (PID=1751) to work on /home/airflow/.local/lib/python3.12/site-packages/airflow/example_dags/example_skip_dag.py
[2026-08-06T05:50:12.632+0000] {processor.py:914} INFO - Processing file /home/airflow/.local/lib/python3.12/site-packages/airflow/example_dags/example_skip_dag.py for tasks to queue
[2026-08-06T05:50:12.636+0000] {logging_mixin.py:190} INFO - [2026-08-06T05:50:12.635+0000] {dagbag.py:588} INFO - Filling up the DagBag from /home/airflow/.local/lib/python3.12/site-packages/airflow/example_dags/example_skip_dag.py
[2026-08-06T05:50:12.651+0000] {processor.py:925} INFO - DAG(s) 'example_skip_dag' retrieved from /home/airflow/.local/lib/python3.12/site-packages/airflow/example_dags/example_skip_dag.py
[2026-08-06T05:50:12.691+0000] {logging_mixin.py:190} INFO - [2026-08-06T05:50:12.690+0000] {dag.py:3239} INFO - Sync 1 DAGs
[2026-08-06T05:50:12.734+0000] {logging_mixin.py:190} INFO - [2026-08-06T05:50:12.733+0000] {dag.py:4180} INFO - Setting next_dagrun for example_skip_dag to 2026-08-05 00:00:00+00:00, run_after=2026-08-06 00:00:00+00:00
[2026-08-06T05:50:12.805+0000] {processor.py:208} INFO - Processing /home/airflow/.local/lib/python3.12/site-packages/airflow/example_dags/example_skip_dag.py took 0.185 seconds
[2026-08-06T05:50:44.325+0000] {processor.py:186} INFO - Started process (PID=1815) to work on /home/airflow/.local/lib/python3.12/site-packages/airflow/example_dags/example_skip_dag.py
[2026-08-06T05:50:44.328+0000] {processor.py:914} INFO - Processing file /home/airflow/.local/lib/python3.12/site-packages/airflow/example_dags/example_skip_dag.py for tasks to queue
[2026-08-06T05:50:44.333+0000] {logging_mixin.py:190} INFO - [2026-08-06T05:50:44.332+0000] {dagbag.py:588} INFO - Filling up the DagBag from /home/airflow/.local/lib/python3.12/site-packages/airflow/example_dags/example_skip_dag.py
[2026-08-06T05:50:44.346+0000] {processor.py:925} INFO - DAG(s) 'example_skip_dag' retrieved from /home/airflow/.local/lib/python3.12/site-packages/airflow/example_dags/example_skip_dag.py
[2026-08-06T05:50:44.379+0000] {logging_mixin.py:190} INFO - [2026-08-06T05:50:44.378+0000] {dag.py:3239} INFO - Sync 1 DAGs
[2026-08-06T05:50:44.413+0000] {logging_mixin.py:190} INFO - [2026-08-06T05:50:44.413+0000] {dag.py:4180} INFO - Setting next_dagrun for example_skip_dag to 2026-08-05 00:00:00+00:00, run_after=2026-08-06 00:00:00+00:00
[2026-08-06T05:50:44.497+0000] {processor.py:208} INFO - Processing /home/airflow/.local/lib/python3.12/site-packages/airflow/example_dags/example_skip_dag.py took 0.184 seconds
[2026-08-06T05:51:14.855+0000] {processor.py:186} INFO - Started process (PID=1879) to work on /home/airflow/.local/lib/python3.12/site-packages/airflow/example_dags/example_skip_dag.py
[2026-08-06T05:51:14.857+0000] {processor.py:914} INFO - Processing file /home/airflow/.local/lib/python3.12/site-packages/airflow/example_dags/example_skip_dag.py for tasks to queue
[2026-08-06T05:51:14.861+0000] {logging_mixin.py:190} INFO - [2026-08-06T05:51:14.860+0000] {dagbag.py:588} INFO - Filling up the DagBag from /home/airflow/.local/lib/python3.12/site-packages/airflow/example_dags/example_skip_dag.py
[2026-08-06T05:51:14.875+0000] {processor.py:925} INFO - DAG(s) 'example_skip_dag' retrieved from /home/airflow/.local/lib/python3.12/site-packages/airflow/example_dags/example_skip_dag.py
[2026-08-06T05:51:14.919+0000] {logging_mixin.py:190} INFO - [2026-08-06T05:51:14.918+0000] {dag.py:3239} INFO - Sync 1 DAGs
[2026-08-06T05:51:14.956+0000] {logging_mixin.py:190} INFO - [2026-08-06T05:51:14.955+0000] {dag.py:4180} INFO - Setting next_dagrun for example_skip_dag to 2026-08-05 00:00:00+00:00, run_after=2026-08-06 00:00:00+00:00
[2026-08-06T05:51:15.048+0000] {processor.py:208} INFO - Processing /home/airflow/.local/lib/python3.12/site-packages/airflow/example_dags/example_skip_dag.py took 0.201 seconds
[2026-08-06T05:51:45.523+0000] {processor.py:186} INFO - Started process (PID=1943) to work on /home/airflow/.local/lib/python3.12/site-packages/airflow/example_dags/example_skip_dag.py
[2026-08-06T05:51:45.526+0000] {processor.py:914} INFO - Processing file /home/airflow/.local/lib/python3.12/site-packages/airflow/example_dags/example_skip_dag.py for tasks to queue
[2026-08-06T05:51:45.530+0000] {logging_mixin.py:190} INFO - [2026-08-06T05:51:45.530+0000] {dagbag.py:588} INFO - Filling up the DagBag from /home/airflow/.local/lib/python3.12/site-packages/airflow/example_dags/example_skip_dag.py
[2026-08-06T05:51:45.546+0000] {processor.py:925} INFO - DAG(s) 'example_skip_dag' retrieved from /home/airflow/.local/lib/python3.12/site-packages/airflow/example_dags/example_skip_dag.py
[2026-08-06T05:51:45.581+0000] {logging_mixin.py:190} INFO - [2026-08-06T05:51:45.581+0000] {dag.py:3239} INFO - Sync 1 DAGs
[2026-08-06T05:51:45.615+0000] {logging_mixin.py:190} INFO - [2026-08-06T05:51:45.614+0000] {dag.py:4180} INFO - Setting next_dagrun for example_skip_dag to 2026-08-05 00:00:00+00:00, run_after=2026-08-06 00:00:00+00:00
[2026-08-06T05:51:45.693+0000] {processor.py:208} INFO - Processing /home/airflow/.local/lib/python3.12/site-packages/airflow/example_dags/example_skip_dag.py took 0.179 seconds
[2026-08-06T05:52:16.652+0000] {processor.py:186} INFO - Started process (PID=2007) to work on /home/airflow/.local/lib/python3.12/site-packages/airflow/example_dags/example_skip_dag.py
[2026-08-06T05:52:16.654+0000] {processor.py:914} INFO - Processing file /home/airflow/.local/lib/python3.12/site-packages/airflow/example_dags/example_skip_dag.py for tasks to queue
[2026-08-06T05:52:16.657+0000] {logging_mixin.py:190} INFO - [2026-08-06T05:52:16.657+0000] {dagbag.py:588} INFO - Filling up the DagBag from /home/airflow/.local/lib/python3.12/site-packages/airflow/example_dags/example_skip_dag.py
[2026-08-06T05:52:16.667+0000] {processor.py:925} INFO - DAG(s) 'example_skip_dag' retrieved from /home/airflow/.local/lib/python3.12/site-packages/airflow/example_dags/example_skip_dag.py
[2026-08-06T05:52:16.697+0000] {logging_mixin.py:190} INFO - [2026-08-06T05:52:16.697+0000] {dag.py:3239} INFO - Sync 1 DAGs
[2026-08-06T05:52:16.729+0000] {logging_mixin.py:190} INFO - [2026-08-06T05:52:16.729+0000] {dag.py:4180} INFO - Setting next_dagrun for example_skip_dag to 2026-08-05 00:00:00+00:00, run_after=2026-08-06 00:00:00+00:00
[2026-08-06T05:52:16.789+0000] {processor.py:208} INFO - Processing /home/airflow/.local/lib/python3.12/site-packages/airflow/example_dags/example_skip_dag.py took 0.146 seconds
[2026-08-06T05:52:47.433+0000] {processor.py:186} INFO - Started process (PID=2071) to work on /home/airflow/.local/lib/python3.12/site-packages/airflow/example_dags/example_skip_dag.py
[2026-08-06T05:52:47.435+0000] {processor.py:914} INFO - Processing file /home/airflow/.local/lib/python3.12/site-packages/airflow/example_dags/example_skip_dag.py for tasks to queue
[2026-08-06T05:52:47.438+0000] {logging_mixin.py:190} INFO - [2026-08-06T05:52:47.438+0000] {dagbag.py:588} INFO - Filling up the DagBag from /home/airflow/.local/lib/python3.12/site-packages/airflow/example_dags/example_skip_dag.py
[2026-08-06T05:52:47.454+0000] {processor.py:925} INFO - DAG(s) 'example_skip_dag' retrieved from /home/airflow/.local/lib/python3.12/site-packages/airflow/example_dags/example_skip_dag.py
[2026-08-06T05:52:47.510+0000] {logging_mixin.py:190} INFO - [2026-08-06T05:52:47.510+0000] {dag.py:3239} INFO - Sync 1 DAGs
[2026-08-06T05:52:47.552+0000] {logging_mixin.py:190} INFO - [2026-08-06T05:52:47.552+0000] {dag.py:4180} INFO - Setting next_dagrun for example_skip_dag to 2026-08-05 00:00:00+00:00, run_after=2026-08-06 00:00:00+00:00
[2026-08-06T05:52:47.587+0000] {processor.py:208} INFO - Processing /home/airflow/.local/lib/python3.12/site-packages/airflow/example_dags/example_skip_dag.py took 0.163 seconds
[2026-08-06T05:53:17.899+0000] {processor.py:186} INFO - Started process (PID=2135) to work on /home/airflow/.local/lib/python3.12/site-packages/airflow/example_dags/example_skip_dag.py
[2026-08-06T05:53:17.908+0000] {processor.py:914} INFO - Processing file /home/airflow/.local/lib/python3.12/site-packages/airflow/example_dags/example_skip_dag.py for tasks to queue
[2026-08-06T05:53:17.911+0000] {logging_mixin.py:190} INFO - [2026-08-06T05:53:17.911+0000] {dagbag.py:588} INFO - Filling up the DagBag from /home/airflow/.local/lib/python3.12/site-packages/airflow/example_dags/example_skip_dag.py
[2026-08-06T05:53:17.929+0000] {processor.py:925} INFO - DAG(s) 'example_skip_dag' retrieved from /home/airflow/.local/lib/python3.12/site-packages/airflow/example_dags/example_skip_dag.py
[2026-08-06T05:53:17.982+0000] {logging_mixin.py:190} INFO - [2026-08-06T05:53:17.981+0000] {dag.py:3239} INFO - Sync 1 DAGs
[2026-08-06T05:53:18.032+0000] {logging_mixin.py:190} INFO - [2026-08-06T05:53:18.031+0000] {dag.py:4180} INFO - Setting next_dagrun for example_skip_dag to 2026-08-05 00:00:00+00:00, run_after=2026-08-06 00:00:00+00:00
[2026-08-06T05:53:18.100+0000] {processor.py:208} INFO - Processing /home/airflow/.local/lib/python3.12/site-packages/airflow/example_dags/example_skip_dag.py took 0.210 seconds
[2026-08-06T05:53:48.345+0000] {processor.py:186} INFO - Started process (PID=2207) to work on /home/airflow/.local/lib/python3.12/site-packages/airflow/example_dags/example_skip_dag.py
[2026-08-06T05:53:48.350+0000] {processor.py:914} INFO - Processing file /home/airflow/.local/lib/python3.12/site-packages/airflow/example_dags/example_skip_dag.py for tasks to queue
[2026-08-06T05:53:48.362+0000] {logging_mixin.py:190} INFO - [2026-08-06T05:53:48.360+0000] {dagbag.py:588} INFO - Filling up the DagBag from /home/airflow/.local/lib/python3.12/site-packages/airflow/example_dags/example_skip_dag.py
[2026-08-06T05:53:48.387+0000] {processor.py:925} INFO - DAG(s) 'example_skip_dag' retrieved from /home/airflow/.local/lib/python3.12/site-packages/airflow/example_dags/example_skip_dag.py
[2026-08-06T05:53:48.429+0000] {logging_mixin.py:190} INFO - [2026-08-06T05:53:48.429+0000] {dag.py:3239} INFO - Sync 1 DAGs
[2026-08-06T05:53:48.471+0000] {logging_mixin.py:190} INFO - [2026-08-06T05:53:48.471+0000] {dag.py:4180} INFO - Setting next_dagrun for example_skip_dag to 2026-08-05 00:00:00+00:00, run_after=2026-08-06 00:00:00+00:00
[2026-08-06T05:53:48.518+0000] {processor.py:208} INFO - Processing /home/airflow/.local/lib/python3.12/site-packages/airflow/example_dags/example_skip_dag.py took 0.188 seconds
[2026-08-06T05:54:19.318+0000] {processor.py:186} INFO - Started process (PID=2272) to work on /home/airflow/.local/lib/python3.12/site-packages/airflow/example_dags/example_skip_dag.py
[2026-08-06T05:54:19.320+0000] {processor.py:914} INFO - Processing file /home/airflow/.local/lib/python3.12/site-packages/airflow/example_dags/example_skip_dag.py for tasks to queue
[2026-08-06T05:54:19.324+0000] {logging_mixin.py:190} INFO - [2026-08-06T05:54:19.324+0000] {dagbag.py:588} INFO - Filling up the DagBag from /home/airflow/.local/lib/python3.12/site-packages/airflow/example_dags/example_skip_dag.py
[2026-08-06T05:54:19.342+0000] {processor.py:925} INFO - DAG(s) 'example_skip_dag' retrieved from /home/airflow/.local/lib/python3.12/site-packages/airflow/example_dags/example_skip_dag.py
[2026-08-06T05:54:19.391+0000] {logging_mixin.py:190} INFO - [2026-08-06T05:54:19.390+0000] {dag.py:3239} INFO - Sync 1 DAGs
[2026-08-06T05:54:19.431+0000] {logging_mixin.py:190} INFO - [2026-08-06T05:54:19.431+0000] {dag.py:4180} INFO - Setting next_dagrun for example_skip_dag to 2026-08-05 00:00:00+00:00, run_after=2026-08-06 00:00:00+00:00
[2026-08-06T05:54:19.497+0000] {processor.py:208} INFO - Processing /home/airflow/.local/lib/python3.12/site-packages/airflow/example_dags/example_skip_dag.py took 0.191 seconds
[2026-08-06T05:54:50.263+0000] {processor.py:186} INFO - Started process (PID=2336) to work on /home/airflow/.local/lib/python3.12/site-packages/airflow/example_dags/example_skip_dag.py
[2026-08-06T05:54:50.265+0000] {processor.py:914} INFO - Processing file /home/airflow/.local/lib/python3.12/site-packages/airflow/example_dags/example_skip_dag.py for tasks to queue
[2026-08-06T05:54:50.267+0000] {logging_mixin.py:190} INFO - [2026-08-06T05:54:50.267+0000] {dagbag.py:588} INFO - Filling up the DagBag from /home/airflow/.local/lib/python3.12/site-packages/airflow/example_dags/example_skip_dag.py
[2026-08-06T05:54:50.278+0000] {processor.py:925} INFO - DAG(s) 'example_skip_dag' retrieved from /home/airflow/.local/lib/python3.12/site-packages/airflow/example_dags/example_skip_dag.py
[2026-08-06T05:54:50.305+0000] {logging_mixin.py:190} INFO - [2026-08-06T05:54:50.305+0000] {dag.py:3239} INFO - Sync 1 DAGs
[2026-08-06T05:54:50.333+0000] {logging_mixin.py:190} INFO - [2026-08-06T05:54:50.333+0000] {dag.py:4180} INFO - Setting next_dagrun for example_skip_dag to 2026-08-05 00:00:00+00:00, run_after=2026-08-06 00:00:00+00:00
[2026-08-06T05:54:50.393+0000] {processor.py:208} INFO - Processing /home/airflow/.local/lib/python3.12/site-packages/airflow/example_dags/example_skip_dag.py took 0.138 seconds
[2026-08-06T05:55:20.570+0000] {processor.py:186} INFO - Started process (PID=2400) to work on /home/airflow/.local/lib/python3.12/site-packages/airflow/example_dags/example_skip_dag.py
[2026-08-06T05:55:20.576+0000] {processor.py:914} INFO - Processing file /home/airflow/.local/lib/python3.12/site-packages/airflow/example_dags/example_skip_dag.py for tasks to queue
[2026-08-06T05:55:20.589+0000] {logging_mixin.py:190} INFO - [2026-08-06T05:55:20.588+0000] {dagbag.py:588} INFO - Filling up the DagBag from /home/airflow/.local/lib/python3.12/site-packages/airflow/example_dags/example_skip_dag.py
[2026-08-06T05:55:20.609+0000] {processor.py:925} INFO - DAG(s) 'example_skip_dag' retrieved from /home/airflow/.local/lib/python3.12/site-packages/airflow/example_dags/example_skip_dag.py
[2026-08-06T05:55:20.647+0000] {logging_mixin.py:190} INFO - [2026-08-06T05:55:20.647+0000] {dag.py:3239} INFO - Sync 1 DAGs
[2026-08-06T05:55:20.687+0000] {logging_mixin.py:190} INFO - [2026-08-06T05:55:20.687+0000] {dag.py:4180} INFO - Setting next_dagrun for example_skip_dag to 2026-08-05 00:00:00+00:00, run_after=2026-08-06 00:00:00+00:00
[2026-08-06T05:55:20.753+0000] {processor.py:208} INFO - Processing /home/airflow/.local/lib/python3.12/site-packages/airflow/example_dags/example_skip_dag.py took 0.193 seconds
[2026-08-06T05:55:51.327+0000] {processor.py:186} INFO - Started process (PID=2464) to work on /home/airflow/.local/lib/python3.12/site-packages/airflow/example_dags/example_skip_dag.py
[2026-08-06T05:55:51.329+0000] {processor.py:914} INFO - Processing file /home/airflow/.local/lib/python3.12/site-packages/airflow/example_dags/example_skip_dag.py for tasks to queue
[2026-08-06T05:55:51.334+0000] {logging_mixin.py:190} INFO - [2026-08-06T05:55:51.333+0000] {dagbag.py:588} INFO - Filling up the DagBag from /home/airflow/.local/lib/python3.12/site-packages/airflow/example_dags/example_skip_dag.py
[2026-08-06T05:55:51.348+0000] {processor.py:925} INFO - DAG(s) 'example_skip_dag' retrieved from /home/airflow/.local/lib/python3.12/site-packages/airflow/example_dags/example_skip_dag.py
[2026-08-06T05:55:51.402+0000] {logging_mixin.py:190} INFO - [2026-08-06T05:55:51.401+0000] {dag.py:3239} INFO - Sync 1 DAGs
[2026-08-06T05:55:51.470+0000] {logging_mixin.py:190} INFO - [2026-08-06T05:55:51.470+0000] {dag.py:4180} INFO - Setting next_dagrun for example_skip_dag to 2026-08-05 00:00:00+00:00, run_after=2026-08-06 00:00:00+00:00
[2026-08-06T05:55:51.515+0000] {processor.py:208} INFO - Processing /home/airflow/.local/lib/python3.12/site-packages/airflow/example_dags/example_skip_dag.py took 0.199 seconds
[2026-08-06T05:56:23.073+0000] {processor.py:186} INFO - Started process (PID=2528) to work on /home/airflow/.local/lib/python3.12/site-packages/airflow/example_dags/example_skip_dag.py
[2026-08-06T05:56:23.074+0000] {processor.py:914} INFO - Processing file /home/airflow/.local/lib/python3.12/site-packages/airflow/example_dags/example_skip_dag.py for tasks to queue
[2026-08-06T05:56:23.096+0000] {logging_mixin.py:190} INFO - [2026-08-06T05:56:23.095+0000] {dagbag.py:588} INFO - Filling up the DagBag from /home/airflow/.local/lib/python3.12/site-packages/airflow/example_dags/example_skip_dag.py
[2026-08-06T05:56:23.113+0000] {processor.py:925} INFO - DAG(s) 'example_skip_dag' retrieved from /home/airflow/.local/lib/python3.12/site-packages/airflow/example_dags/example_skip_dag.py
[2026-08-06T05:56:23.144+0000] {logging_mixin.py:190} INFO - [2026-08-06T05:56:23.143+0000] {dag.py:3239} INFO - Sync 1 DAGs
[2026-08-06T05:56:23.175+0000] {logging_mixin.py:190} INFO - [2026-08-06T05:56:23.175+0000] {dag.py:4180} INFO - Setting next_dagrun for example_skip_dag to 2026-08-05 00:00:00+00:00, run_after=2026-08-06 00:00:00+00:00
[2026-08-06T05:56:23.206+0000] {processor.py:208} INFO - Processing /home/airflow/.local/lib/python3.12/site-packages/airflow/example_dags/example_skip_dag.py took 0.140 seconds
[2026-08-06T05:56:54.096+0000] {processor.py:186} INFO - Started process (PID=2591) to work on /home/airflow/.local/lib/python3.12/site-packages/airflow/example_dags/example_skip_dag.py
[2026-08-06T05:56:54.098+0000] {processor.py:914} INFO - Processing file /home/airflow/.local/lib/python3.12/site-packages/airflow/example_dags/example_skip_dag.py for tasks to queue
[2026-08-06T05:56:54.102+0000] {logging_mixin.py:190} INFO - [2026-08-06T05:56:54.101+0000] {dagbag.py:588} INFO - Filling up the DagBag from /home/airflow/.local/lib/python3.12/site-packages/airflow/example_dags/example_skip_dag.py
[2026-08-06T05:56:54.116+0000] {processor.py:925} INFO - DAG(s) 'example_skip_dag' retrieved from /home/airflow/.local/lib/python3.12/site-packages/airflow/example_dags/example_skip_dag.py
[2026-08-06T05:56:54.151+0000] {logging_mixin.py:190} INFO - [2026-08-06T05:56:54.151+0000] {dag.py:3239} INFO - Sync 1 DAGs
[2026-08-06T05:56:54.202+0000] {logging_mixin.py:190} INFO - [2026-08-06T05:56:54.202+0000] {dag.py:4180} INFO - Setting next_dagrun for example_skip_dag to 2026-08-05 00:00:00+00:00, run_after=2026-08-06 00:00:00+00:00
[2026-08-06T05:56:54.255+0000] {processor.py:208} INFO - Processing /home/airflow/.local/lib/python3.12/site-packages/airflow/example_dags/example_skip_dag.py took 0.168 seconds
[2026-08-06T05:57:25.136+0000] {processor.py:186} INFO - Started process (PID=2655) to work on /home/airflow/.local/lib/python3.12/site-packages/airflow/example_dags/example_skip_dag.py
[2026-08-06T05:57:25.138+0000] {processor.py:914} INFO - Processing file /home/airflow/.local/lib/python3.12/site-packages/airflow/example_dags/example_skip_dag.py for tasks to queue
[2026-08-06T05:57:25.142+0000] {logging_mixin.py:190} INFO - [2026-08-06T05:57:25.142+0000] {dagbag.py:588} INFO - Filling up the DagBag from /home/airflow/.local/lib/python3.12/site-packages/airflow/example_dags/example_skip_dag.py
[2026-08-06T05:57:25.155+0000] {processor.py:925} INFO - DAG(s) 'example_skip_dag' retrieved from /home/airflow/.local/lib/python3.12/site-packages/airflow/example_dags/example_skip_dag.py
[2026-08-06T05:57:25.193+0000] {logging_mixin.py:190} INFO - [2026-08-06T05:57:25.192+0000] {dag.py:3239} INFO - Sync 1 DAGs
[2026-08-06T05:57:25.234+0000] {logging_mixin.py:190} INFO - [2026-08-06T05:57:25.233+0000] {dag.py:4180} INFO - Setting next_dagrun for example_skip_dag to 2026-08-05 00:00:00+00:00, run_after=2026-08-06 00:00:00+00:00
[2026-08-06T05:57:25.301+0000] {processor.py:208} INFO - Processing /home/airflow/.local/lib/python3.12/site-packages/airflow/example_dags/example_skip_dag.py took 0.176 seconds
[2026-08-06T05:57:59.172+0000] {processor.py:186} INFO - Started process (PID=2741) to work on /home/airflow/.local/lib/python3.12/site-packages/airflow/example_dags/example_skip_dag.py
[2026-08-06T05:57:59.174+0000] {processor.py:914} INFO - Processing file /home/airflow/.local/lib/python3.12/site-packages/airflow/example_dags/example_skip_dag.py for tasks to queue
[2026-08-06T05:57:59.180+0000] {logging_mixin.py:190} INFO - [2026-08-06T05:57:59.179+0000] {dagbag.py:588} INFO - Filling up the DagBag from /home/airflow/.local/lib/python3.12/site-packages/airflow/example_dags/example_skip_dag.py
[2026-08-06T05:57:59.199+0000] {processor.py:925} INFO - DAG(s) 'example_skip_dag' retrieved from /home/airflow/.local/lib/python3.12/site-packages/airflow/example_dags/example_skip_dag.py
[2026-08-06T05:57:59.254+0000] {logging_mixin.py:190} INFO - [2026-08-06T05:57:59.253+0000] {dag.py:3239} INFO - Sync 1 DAGs
[2026-08-06T05:57:59.307+0000] {logging_mixin.py:190} INFO - [2026-08-06T05:57:59.307+0000] {dag.py:4180} INFO - Setting next_dagrun for example_skip_dag to 2026-08-05 00:00:00+00:00, run_after=2026-08-06 00:00:00+00:00
[2026-08-06T05:57:59.370+0000] {processor.py:208} INFO - Processing /home/airflow/.local/lib/python3.12/site-packages/airflow/example_dags/example_skip_dag.py took 0.213 seconds
[2026-08-06T05:58:29.898+0000] {processor.py:186} INFO - Started process (PID=2804) to work on /home/airflow/.local/lib/python3.12/site-packages/airflow/example_dags/example_skip_dag.py
[2026-08-06T05:58:29.899+0000] {processor.py:914} INFO - Processing file /home/airflow/.local/lib/python3.12/site-packages/airflow/example_dags/example_skip_dag.py for tasks to queue
[2026-08-06T05:58:29.907+0000] {logging_mixin.py:190} INFO - [2026-08-06T05:58:29.907+0000] {dagbag.py:588} INFO - Filling up the DagBag from /home/airflow/.local/lib/python3.12/site-packages/airflow/example_dags/example_skip_dag.py
[2026-08-06T05:58:29.918+0000] {processor.py:925} INFO - DAG(s) 'example_skip_dag' retrieved from /home/airflow/.local/lib/python3.12/site-packages/airflow/example_dags/example_skip_dag.py
[2026-08-06T05:58:29.993+0000] {logging_mixin.py:190} INFO - [2026-08-06T05:58:29.992+0000] {dag.py:3239} INFO - Sync 1 DAGs
[2026-08-06T05:58:30.033+0000] {logging_mixin.py:190} INFO - [2026-08-06T05:58:30.033+0000] {dag.py:4180} INFO - Setting next_dagrun for example_skip_dag to 2026-08-05 00:00:00+00:00, run_after=2026-08-06 00:00:00+00:00
[2026-08-06T05:58:30.087+0000] {processor.py:208} INFO - Processing /home/airflow/.local/lib/python3.12/site-packages/airflow/example_dags/example_skip_dag.py took 0.196 seconds
[2026-08-06T05:59:00.857+0000] {processor.py:186} INFO - Started process (PID=2868) to work on /home/airflow/.local/lib/python3.12/site-packages/airflow/example_dags/example_skip_dag.py
[2026-08-06T05:59:00.860+0000] {processor.py:914} INFO - Processing file /home/airflow/.local/lib/python3.12/site-packages/airflow/example_dags/example_skip_dag.py for tasks to queue
[2026-08-06T05:59:00.864+0000] {logging_mixin.py:190} INFO - [2026-08-06T05:59:00.863+0000] {dagbag.py:588} INFO - Filling up the DagBag from /home/airflow/.local/lib/python3.12/site-packages/airflow/example_dags/example_skip_dag.py
[2026-08-06T05:59:00.879+0000] {processor.py:925} INFO - DAG(s) 'example_skip_dag' retrieved from /home/airflow/.local/lib/python3.12/site-packages/airflow/example_dags/example_skip_dag.py
[2026-08-06T05:59:00.921+0000] {logging_mixin.py:190} INFO - [2026-08-06T05:59:00.920+0000] {dag.py:3239} INFO - Sync 1 DAGs
[2026-08-06T05:59:00.961+0000] {logging_mixin.py:190} INFO - [2026-08-06T05:59:00.961+0000] {dag.py:4180} INFO - Setting next_dagrun for example_skip_dag to 2026-08-05 00:00:00+00:00, run_after=2026-08-06 00:00:00+00:00
[2026-08-06T05:59:00.991+0000] {processor.py:208} INFO - Processing /home/airflow/.local/lib/python3.12/site-packages/airflow/example_dags/example_skip_dag.py took 0.144 seconds
[2026-08-06T05:59:31.339+0000] {processor.py:186} INFO - Started process (PID=2933) to work on /home/airflow/.local/lib/python3.12/site-packages/airflow/example_dags/example_skip_dag.py
[2026-08-06T05:59:31.340+0000] {processor.py:914} INFO - Processing file /home/airflow/.local/lib/python3.12/site-packages/airflow/example_dags/example_skip_dag.py for tasks to queue
[2026-08-06T05:59:31.343+0000] {logging_mixin.py:190} INFO - [2026-08-06T05:59:31.343+0000] {dagbag.py:588} INFO - Filling up the DagBag from /home/airflow/.local/lib/python3.12/site-packages/airflow/example_dags/example_skip_dag.py
[2026-08-06T05:59:31.353+0000] {processor.py:925} INFO - DAG(s) 'example_skip_dag' retrieved from /home/airflow/.local/lib/python3.12/site-packages/airflow/example_dags/example_skip_dag.py
[2026-08-06T05:59:31.380+0000] {logging_mixin.py:190} INFO - [2026-08-06T05:59:31.380+0000] {dag.py:3239} INFO - Sync 1 DAGs
[2026-08-06T05:59:31.411+0000] {logging_mixin.py:190} INFO - [2026-08-06T05:59:31.411+0000] {dag.py:4180} INFO - Setting next_dagrun for example_skip_dag to 2026-08-05 00:00:00+00:00, run_after=2026-08-06 00:00:00+00:00
[2026-08-06T05:59:31.456+0000] {processor.py:208} INFO - Processing /home/airflow/.local/lib/python3.12/site-packages/airflow/example_dags/example_skip_dag.py took 0.124 seconds
[2026-08-06T06:00:02.654+0000] {processor.py:186} INFO - Started process (PID=2998) to work on /home/airflow/.local/lib/python3.12/site-packages/airflow/example_dags/example_skip_dag.py
[2026-08-06T06:00:02.658+0000] {processor.py:914} INFO - Processing file /home/airflow/.local/lib/python3.12/site-packages/airflow/example_dags/example_skip_dag.py for tasks to queue
[2026-08-06T06:00:02.662+0000] {logging_mixin.py:190} INFO - [2026-08-06T06:00:02.662+0000] {dagbag.py:588} INFO - Filling up the DagBag from /home/airflow/.local/lib/python3.12/site-packages/airflow/example_dags/example_skip_dag.py
[2026-08-06T06:00:02.674+0000] {processor.py:925} INFO - DAG(s) 'example_skip_dag' retrieved from /home/airflow/.local/lib/python3.12/site-packages/airflow/example_dags/example_skip_dag.py
[2026-08-06T06:00:02.702+0000] {logging_mixin.py:190} INFO - [2026-08-06T06:00:02.702+0000] {dag.py:3239} INFO - Sync 1 DAGs
[2026-08-06T06:00:02.782+0000] {logging_mixin.py:190} INFO - [2026-08-06T06:00:02.781+0000] {dag.py:4180} INFO - Setting next_dagrun for example_skip_dag to 2026-08-05 00:00:00+00:00, run_after=2026-08-06 00:00:00+00:00
[2026-08-06T06:00:02.813+0000] {processor.py:208} INFO - Processing /home/airflow/.local/lib/python3.12/site-packages/airflow/example_dags/example_skip_dag.py took 0.167 seconds
[2026-08-06T06:01:57.549+0000] {processor.py:186} INFO - Started process (PID=106) to work on /home/airflow/.local/lib/python3.12/site-packages/airflow/example_dags/example_skip_dag.py
[2026-08-06T06:01:57.551+0000] {processor.py:914} INFO - Processing file /home/airflow/.local/lib/python3.12/site-packages/airflow/example_dags/example_skip_dag.py for tasks to queue
[2026-08-06T06:01:57.562+0000] {logging_mixin.py:190} INFO - [2026-08-06T06:01:57.562+0000] {dagbag.py:588} INFO - Filling up the DagBag from /home/airflow/.local/lib/python3.12/site-packages/airflow/example_dags/example_skip_dag.py
[2026-08-06T06:01:57.579+0000] {processor.py:925} INFO - DAG(s) 'example_skip_dag' retrieved from /home/airflow/.local/lib/python3.12/site-packages/airflow/example_dags/example_skip_dag.py
[2026-08-06T06:01:57.618+0000] {logging_mixin.py:190} INFO - [2026-08-06T06:01:57.617+0000] {dag.py:3239} INFO - Sync 1 DAGs
[2026-08-06T06:01:57.661+0000] {logging_mixin.py:190} INFO - [2026-08-06T06:01:57.661+0000] {dag.py:4180} INFO - Setting next_dagrun for example_skip_dag to 2026-08-05 00:00:00+00:00, run_after=2026-08-06 00:00:00+00:00
[2026-08-06T06:01:57.693+0000] {processor.py:208} INFO - Processing /home/airflow/.local/lib/python3.12/site-packages/airflow/example_dags/example_skip_dag.py took 0.157 seconds
[2026-08-06T06:02:29.933+0000] {processor.py:186} INFO - Started process (PID=170) to work on /home/airflow/.local/lib/python3.12/site-packages/airflow/example_dags/example_skip_dag.py
[2026-08-06T06:02:29.934+0000] {processor.py:914} INFO - Processing file /home/airflow/.local/lib/python3.12/site-packages/airflow/example_dags/example_skip_dag.py for tasks to queue
[2026-08-06T06:02:29.940+0000] {logging_mixin.py:190} INFO - [2026-08-06T06:02:29.940+0000] {dagbag.py:588} INFO - Filling up the DagBag from /home/airflow/.local/lib/python3.12/site-packages/airflow/example_dags/example_skip_dag.py
[2026-08-06T06:02:29.955+0000] {processor.py:925} INFO - DAG(s) 'example_skip_dag' retrieved from /home/airflow/.local/lib/python3.12/site-packages/airflow/example_dags/example_skip_dag.py
[2026-08-06T06:02:29.989+0000] {logging_mixin.py:190} INFO - [2026-08-06T06:02:29.989+0000] {dag.py:3239} INFO - Sync 1 DAGs
[2026-08-06T06:02:30.039+0000] {logging_mixin.py:190} INFO - [2026-08-06T06:02:30.039+0000] {dag.py:4180} INFO - Setting next_dagrun for example_skip_dag to 2026-08-05 00:00:00+00:00, run_after=2026-08-06 00:00:00+00:00
[2026-08-06T06:02:30.072+0000] {processor.py:208} INFO - Processing /home/airflow/.local/lib/python3.12/site-packages/airflow/example_dags/example_skip_dag.py took 0.147 seconds
[2026-08-06T06:03:00.148+0000] {processor.py:186} INFO - Started process (PID=233) to work on /home/airflow/.local/lib/python3.12/site-packages/airflow/example_dags/example_skip_dag.py
[2026-08-06T06:03:00.150+0000] {processor.py:914} INFO - Processing file /home/airflow/.local/lib/python3.12/site-packages/airflow/example_dags/example_skip_dag.py for tasks to queue
[2026-08-06T06:03:00.156+0000] {logging_mixin.py:190} INFO - [2026-08-06T06:03:00.155+0000] {dagbag.py:588} INFO - Filling up the DagBag from /home/airflow/.local/lib/python3.12/site-packages/airflow/example_dags/example_skip_dag.py
[2026-08-06T06:03:00.173+0000] {processor.py:925} INFO - DAG(s) 'example_skip_dag' retrieved from /home/airflow/.local/lib/python3.12/site-packages/airflow/example_dags/example_skip_dag.py
[2026-08-06T06:03:00.214+0000] {logging_mixin.py:190} INFO - [2026-08-06T06:03:00.214+0000] {dag.py:3239} INFO - Sync 1 DAGs
[2026-08-06T06:03:00.263+0000] {logging_mixin.py:190} INFO - [2026-08-06T06:03:00.263+0000] {dag.py:4180} INFO - Setting next_dagrun for example_skip_dag to 2026-08-05 00:00:00+00:00, run_after=2026-08-06 00:00:00+00:00
[2026-08-06T06:03:00.294+0000] {processor.py:208} INFO - Processing /home/airflow/.local/lib/python3.12/site-packages/airflow/example_dags/example_skip_dag.py took 0.154 seconds
[2026-08-06T06:03:34.017+0000] {processor.py:186} INFO - Started process (PID=297) to work on /home/airflow/.local/lib/python3.12/site-packages/airflow/example_dags/example_skip_dag.py
[2026-08-06T06:03:34.020+0000] {processor.py:914} INFO - Processing file /home/airflow/.local/lib/python3.12/site-packages/airflow/example_dags/example_skip_dag.py for tasks to queue
[2026-08-06T06:03:34.028+0000] {logging_mixin.py:190} INFO - [2026-08-06T06:03:34.027+0000] {dagbag.py:588} INFO - Filling up the DagBag from /home/airflow/.local/lib/python3.12/site-packages/airflow/example_dags/example_skip_dag.py
[2026-08-06T06:03:34.051+0000] {processor.py:925} INFO - DAG(s) 'example_skip_dag' retrieved from /home/airflow/.local/lib/python3.12/site-packages/airflow/example_dags/example_skip_dag.py
[2026-08-06T06:03:34.115+0000] {logging_mixin.py:190} INFO - [2026-08-06T06:03:34.114+0000] {dag.py:3239} INFO - Sync 1 DAGs
[2026-08-06T06:03:34.184+0000] {logging_mixin.py:190} INFO - [2026-08-06T06:03:34.184+0000] {dag.py:4180} INFO - Setting next_dagrun for example_skip_dag to 2026-08-05 00:00:00+00:00, run_after=2026-08-06 00:00:00+00:00
[2026-08-06T06:03:34.268+0000] {processor.py:208} INFO - Processing /home/airflow/.local/lib/python3.12/site-packages/airflow/example_dags/example_skip_dag.py took 0.273 seconds
[2026-08-06T06:04:05.709+0000] {processor.py:186} INFO - Started process (PID=361) to work on /home/airflow/.local/lib/python3.12/site-packages/airflow/example_dags/example_skip_dag.py
[2026-08-06T06:04:05.711+0000] {processor.py:914} INFO - Processing file /home/airflow/.local/lib/python3.12/site-packages/airflow/example_dags/example_skip_dag.py for tasks to queue
[2026-08-06T06:04:05.715+0000] {logging_mixin.py:190} INFO - [2026-08-06T06:04:05.715+0000] {dagbag.py:588} INFO - Filling up the DagBag from /home/airflow/.local/lib/python3.12/site-packages/airflow/example_dags/example_skip_dag.py
[2026-08-06T06:04:05.731+0000] {processor.py:925} INFO - DAG(s) 'example_skip_dag' retrieved from /home/airflow/.local/lib/python3.12/site-packages/airflow/example_dags/example_skip_dag.py
[2026-08-06T06:04:05.785+0000] {logging_mixin.py:190} INFO - [2026-08-06T06:04:05.784+0000] {dag.py:3239} INFO - Sync 1 DAGs
[2026-08-06T06:04:05.830+0000] {logging_mixin.py:190} INFO - [2026-08-06T06:04:05.830+0000] {dag.py:4180} INFO - Setting next_dagrun for example_skip_dag to 2026-08-05 00:00:00+00:00, run_after=2026-08-06 00:00:00+00:00
[2026-08-06T06:04:05.865+0000] {processor.py:208} INFO - Processing /home/airflow/.local/lib/python3.12/site-packages/airflow/example_dags/example_skip_dag.py took 0.167 seconds
[2026-08-06T06:04:37.447+0000] {processor.py:186} INFO - Started process (PID=425) to work on /home/airflow/.local/lib/python3.12/site-packages/airflow/example_dags/example_skip_dag.py
[2026-08-06T06:04:37.449+0000] {processor.py:914} INFO - Processing file /home/airflow/.local/lib/python3.12/site-packages/airflow/example_dags/example_skip_dag.py for tasks to queue
[2026-08-06T06:04:37.453+0000] {logging_mixin.py:190} INFO - [2026-08-06T06:04:37.452+0000] {dagbag.py:588} INFO - Filling up the DagBag from /home/airflow/.local/lib/python3.12/site-packages/airflow/example_dags/example_skip_dag.py
[2026-08-06T06:04:37.467+0000] {processor.py:925} INFO - DAG(s) 'example_skip_dag' retrieved from /home/airflow/.local/lib/python3.12/site-packages/airflow/example_dags/example_skip_dag.py
[2026-08-06T06:04:37.507+0000] {logging_mixin.py:190} INFO - [2026-08-06T06:04:37.507+0000] {dag.py:3239} INFO - Sync 1 DAGs
[2026-08-06T06:04:37.544+0000] {logging_mixin.py:190} INFO - [2026-08-06T06:04:37.544+0000] {dag.py:4180} INFO - Setting next_dagrun for example_skip_dag to 2026-08-05 00:00:00+00:00, run_after=2026-08-06 00:00:00+00:00
[2026-08-06T06:04:37.604+0000] {processor.py:208} INFO - Processing /home/airflow/.local/lib/python3.12/site-packages/airflow/example_dags/example_skip_dag.py took 0.165 seconds
[2026-08-06T06:05:09.377+0000] {processor.py:186} INFO - Started process (PID=489) to work on /home/airflow/.local/lib/python3.12/site-packages/airflow/example_dags/example_skip_dag.py
[2026-08-06T06:05:09.379+0000] {processor.py:914} INFO - Processing file /home/airflow/.local/lib/python3.12/site-packages/airflow/example_dags/example_skip_dag.py for tasks to queue
[2026-08-06T06:05:09.384+0000] {logging_mixin.py:190} INFO - [2026-08-06T06:05:09.383+0000] {dagbag.py:588} INFO - Filling up the DagBag from /home/airflow/.local/lib/python3.12/site-packages/airflow/example_dags/example_skip_dag.py
[2026-08-06T06:05:09.397+0000] {processor.py:925} INFO - DAG(s) 'example_skip_dag' retrieved from /home/airflow/.local/lib/python3.12/site-packages/airflow/example_dags/example_skip_dag.py
[2026-08-06T06:05:09.435+0000] {logging_mixin.py:190} INFO - [2026-08-06T06:05:09.434+0000] {dag.py:3239} INFO - Sync 1 DAGs
[2026-08-06T06:05:09.476+0000] {logging_mixin.py:190} INFO - [2026-08-06T06:05:09.475+0000] {dag.py:4180} INFO - Setting next_dagrun for example_skip_dag to 2026-08-05 00:00:00+00:00, run_after=2026-08-06 00:00:00+00:00
[2026-08-06T06:05:09.538+0000] {processor.py:208} INFO - Processing /home/airflow/.local/lib/python3.12/site-packages/airflow/example_dags/example_skip_dag.py took 0.167 seconds
[2026-08-06T06:05:41.447+0000] {processor.py:186} INFO - Started process (PID=553) to work on /home/airflow/.local/lib/python3.12/site-packages/airflow/example_dags/example_skip_dag.py
[2026-08-06T06:05:41.452+0000] {processor.py:914} INFO - Processing file /home/airflow/.local/lib/python3.12/site-packages/airflow/example_dags/example_skip_dag.py for tasks to queue
[2026-08-06T06:05:41.458+0000] {logging_mixin.py:190} INFO - [2026-08-06T06:05:41.457+0000] {dagbag.py:588} INFO - Filling up the DagBag from /home/airflow/.local/lib/python3.12/site-packages/airflow/example_dags/example_skip_dag.py
[2026-08-06T06:05:41.478+0000] {processor.py:925} INFO - DAG(s) 'example_skip_dag' retrieved from /home/airflow/.local/lib/python3.12/site-packages/airflow/example_dags/example_skip_dag.py
[2026-08-06T06:05:41.533+0000] {logging_mixin.py:190} INFO - [2026-08-06T06:05:41.532+0000] {dag.py:3239} INFO - Sync 1 DAGs
[2026-08-06T06:05:41.586+0000] {logging_mixin.py:190} INFO - [2026-08-06T06:05:41.586+0000] {dag.py:4180} INFO - Setting next_dagrun for example_skip_dag to 2026-08-05 00:00:00+00:00, run_after=2026-08-06 00:00:00+00:00
[2026-08-06T06:05:41.668+0000] {processor.py:208} INFO - Processing /home/airflow/.local/lib/python3.12/site-packages/airflow/example_dags/example_skip_dag.py took 0.244 seconds
[2026-08-06T06:06:13.057+0000] {processor.py:186} INFO - Started process (PID=617) to work on /home/airflow/.local/lib/python3.12/site-packages/airflow/example_dags/example_skip_dag.py
[2026-08-06T06:06:13.059+0000] {processor.py:914} INFO - Processing file /home/airflow/.local/lib/python3.12/site-packages/airflow/example_dags/example_skip_dag.py for tasks to queue
[2026-08-06T06:06:13.062+0000] {logging_mixin.py:190} INFO - [2026-08-06T06:06:13.061+0000] {dagbag.py:588} INFO - Filling up the DagBag from /home/airflow/.local/lib/python3.12/site-packages/airflow/example_dags/example_skip_dag.py
[2026-08-06T06:06:13.072+0000] {processor.py:925} INFO - DAG(s) 'example_skip_dag' retrieved from /home/airflow/.local/lib/python3.12/site-packages/airflow/example_dags/example_skip_dag.py
[2026-08-06T06:06:13.105+0000] {logging_mixin.py:190} INFO - [2026-08-06T06:06:13.104+0000] {dag.py:3239} INFO - Sync 1 DAGs
[2026-08-06T06:06:13.138+0000] {logging_mixin.py:190} INFO - [2026-08-06T06:06:13.137+0000] {dag.py:4180} INFO - Setting next_dagrun for example_skip_dag to 2026-08-05 00:00:00+00:00, run_after=2026-08-06 00:00:00+00:00
[2026-08-06T06:06:13.161+0000] {processor.py:208} INFO - Processing /home/airflow/.local/lib/python3.12/site-packages/airflow/example_dags/example_skip_dag.py took 0.112 seconds
[2026-08-06T06:06:44.930+0000] {processor.py:186} INFO - Started process (PID=681) to work on /home/airflow/.local/lib/python3.12/site-packages/airflow/example_dags/example_skip_dag.py
[2026-08-06T06:06:44.934+0000] {processor.py:914} INFO - Processing file /home/airflow/.local/lib/python3.12/site-packages/airflow/example_dags/example_skip_dag.py for tasks to queue
[2026-08-06T06:06:44.938+0000] {logging_mixin.py:190} INFO - [2026-08-06T06:06:44.937+0000] {dagbag.py:588} INFO - Filling up the DagBag from /home/airflow/.local/lib/python3.12/site-packages/airflow/example_dags/example_skip_dag.py
[2026-08-06T06:06:44.956+0000] {processor.py:925} INFO - DAG(s) 'example_skip_dag' retrieved from /home/airflow/.local/lib/python3.12/site-packages/airflow/example_dags/example_skip_dag.py
[2026-08-06T06:06:45.019+0000] {logging_mixin.py:190} INFO - [2026-08-06T06:06:45.019+0000] {dag.py:3239} INFO - Sync 1 DAGs
[2026-08-06T06:06:45.106+0000] {logging_mixin.py:190} INFO - [2026-08-06T06:06:45.106+0000] {dag.py:4180} INFO - Setting next_dagrun for example_skip_dag to 2026-08-05 00:00:00+00:00, run_after=2026-08-06 00:00:00+00:00
[2026-08-06T06:06:45.151+0000] {processor.py:208} INFO - Processing /home/airflow/.local/lib/python3.12/site-packages/airflow/example_dags/example_skip_dag.py took 0.240 seconds
[2026-08-06T06:07:16.032+0000] {processor.py:186} INFO - Started process (PID=745) to work on /home/airflow/.local/lib/python3.12/site-packages/airflow/example_dags/example_skip_dag.py
[2026-08-06T06:07:16.033+0000] {processor.py:914} INFO - Processing file /home/airflow/.local/lib/python3.12/site-packages/airflow/example_dags/example_skip_dag.py for tasks to queue
[2026-08-06T06:07:16.041+0000] {logging_mixin.py:190} INFO - [2026-08-06T06:07:16.040+0000] {dagbag.py:588} INFO - Filling up the DagBag from /home/airflow/.local/lib/python3.12/site-packages/airflow/example_dags/example_skip_dag.py
[2026-08-06T06:07:16.061+0000] {processor.py:925} INFO - DAG(s) 'example_skip_dag' retrieved from /home/airflow/.local/lib/python3.12/site-packages/airflow/example_dags/example_skip_dag.py
[2026-08-06T06:07:16.099+0000] {logging_mixin.py:190} INFO - [2026-08-06T06:07:16.098+0000] {dag.py:3239} INFO - Sync 1 DAGs
[2026-08-06T06:07:16.140+0000] {logging_mixin.py:190} INFO - [2026-08-06T06:07:16.140+0000] {dag.py:4180} INFO - Setting next_dagrun for example_skip_dag to 2026-08-05 00:00:00+00:00, run_after=2026-08-06 00:00:00+00:00
[2026-08-06T06:07:16.206+0000] {processor.py:208} INFO - Processing /home/airflow/.local/lib/python3.12/site-packages/airflow/example_dags/example_skip_dag.py took 0.183 seconds
[2026-08-06T06:07:46.679+0000] {processor.py:186} INFO - Started process (PID=815) to work on /home/airflow/.local/lib/python3.12/site-packages/airflow/example_dags/example_skip_dag.py
[2026-08-06T06:07:46.681+0000] {processor.py:914} INFO - Processing file /home/airflow/.local/lib/python3.12/site-packages/airflow/example_dags/example_skip_dag.py for tasks to queue
[2026-08-06T06:07:46.684+0000] {logging_mixin.py:190} INFO - [2026-08-06T06:07:46.684+0000] {dagbag.py:588} INFO - Filling up the DagBag from /home/airflow/.local/lib/python3.12/site-packages/airflow/example_dags/example_skip_dag.py
[2026-08-06T06:07:46.696+0000] {processor.py:925} INFO - DAG(s) 'example_skip_dag' retrieved from /home/airflow/.local/lib/python3.12/site-packages/airflow/example_dags/example_skip_dag.py
[2026-08-06T06:07:46.738+0000] {logging_mixin.py:190} INFO - [2026-08-06T06:07:46.737+0000] {dag.py:3239} INFO - Sync 1 DAGs
[2026-08-06T06:07:46.774+0000] {logging_mixin.py:190} INFO - [2026-08-06T06:07:46.774+0000] {dag.py:4180} INFO - Setting next_dagrun for example_skip_dag to 2026-08-05 00:00:00+00:00, run_after=2026-08-06 00:00:00+00:00
[2026-08-06T06:07:46.826+0000] {processor.py:208} INFO - Processing /home/airflow/.local/lib/python3.12/site-packages/airflow/example_dags/example_skip_dag.py took 0.157 seconds
[2026-08-06T06:08:18.425+0000] {processor.py:186} INFO - Started process (PID=884) to work on /home/airflow/.local/lib/python3.12/site-packages/airflow/example_dags/example_skip_dag.py
[2026-08-06T06:08:18.426+0000] {processor.py:914} INFO - Processing file /home/airflow/.local/lib/python3.12/site-packages/airflow/example_dags/example_skip_dag.py for tasks to queue
[2026-08-06T06:08:18.430+0000] {logging_mixin.py:190} INFO - [2026-08-06T06:08:18.430+0000] {dagbag.py:588} INFO - Filling up the DagBag from /home/airflow/.local/lib/python3.12/site-packages/airflow/example_dags/example_skip_dag.py
[2026-08-06T06:08:18.442+0000] {processor.py:925} INFO - DAG(s) 'example_skip_dag' retrieved from /home/airflow/.local/lib/python3.12/site-packages/airflow/example_dags/example_skip_dag.py
[2026-08-06T06:08:18.472+0000] {logging_mixin.py:190} INFO - [2026-08-06T06:08:18.471+0000] {dag.py:3239} INFO - Sync 1 DAGs
[2026-08-06T06:08:18.503+0000] {logging_mixin.py:190} INFO - [2026-08-06T06:08:18.502+0000] {dag.py:4180} INFO - Setting next_dagrun for example_skip_dag to 2026-08-05 00:00:00+00:00, run_after=2026-08-06 00:00:00+00:00
[2026-08-06T06:08:18.526+0000] {processor.py:208} INFO - Processing /home/airflow/.local/lib/python3.12/site-packages/airflow/example_dags/example_skip_dag.py took 0.110 seconds
[2026-08-06T06:08:50.228+0000] {processor.py:186} INFO - Started process (PID=948) to work on /home/airflow/.local/lib/python3.12/site-packages/airflow/example_dags/example_skip_dag.py
[2026-08-06T06:08:50.229+0000] {processor.py:914} INFO - Processing file /home/airflow/.local/lib/python3.12/site-packages/airflow/example_dags/example_skip_dag.py for tasks to queue
[2026-08-06T06:08:50.231+0000] {logging_mixin.py:190} INFO - [2026-08-06T06:08:50.231+0000] {dagbag.py:588} INFO - Filling up the DagBag from /home/airflow/.local/lib/python3.12/site-packages/airflow/example_dags/example_skip_dag.py
[2026-08-06T06:08:50.241+0000] {processor.py:925} INFO - DAG(s) 'example_skip_dag' retrieved from /home/airflow/.local/lib/python3.12/site-packages/airflow/example_dags/example_skip_dag.py
[2026-08-06T06:08:50.268+0000] {logging_mixin.py:190} INFO - [2026-08-06T06:08:50.268+0000] {dag.py:3239} INFO - Sync 1 DAGs
[2026-08-06T06:08:50.300+0000] {logging_mixin.py:190} INFO - [2026-08-06T06:08:50.300+0000] {dag.py:4180} INFO - Setting next_dagrun for example_skip_dag to 2026-08-05 00:00:00+00:00, run_after=2026-08-06 00:00:00+00:00
[2026-08-06T06:08:50.362+0000] {processor.py:208} INFO - Processing /home/airflow/.local/lib/python3.12/site-packages/airflow/example_dags/example_skip_dag.py took 0.141 seconds
[2026-08-06T06:09:21.397+0000] {processor.py:186} INFO - Started process (PID=1012) to work on /home/airflow/.local/lib/python3.12/site-packages/airflow/example_dags/example_skip_dag.py
[2026-08-06T06:09:21.399+0000] {processor.py:914} INFO - Processing file /home/airflow/.local/lib/python3.12/site-packages/airflow/example_dags/example_skip_dag.py for tasks to queue
[2026-08-06T06:09:21.404+0000] {logging_mixin.py:190} INFO - [2026-08-06T06:09:21.403+0000] {dagbag.py:588} INFO - Filling up the DagBag from /home/airflow/.local/lib/python3.12/site-packages/airflow/example_dags/example_skip_dag.py
[2026-08-06T06:09:21.415+0000] {processor.py:925} INFO - DAG(s) 'example_skip_dag' retrieved from /home/airflow/.local/lib/python3.12/site-packages/airflow/example_dags/example_skip_dag.py
[2026-08-06T06:09:21.446+0000] {logging_mixin.py:190} INFO - [2026-08-06T06:09:21.446+0000] {dag.py:3239} INFO - Sync 1 DAGs
[2026-08-06T06:09:21.480+0000] {logging_mixin.py:190} INFO - [2026-08-06T06:09:21.480+0000] {dag.py:4180} INFO - Setting next_dagrun for example_skip_dag to 2026-08-05 00:00:00+00:00, run_after=2026-08-06 00:00:00+00:00
[2026-08-06T06:09:21.537+0000] {processor.py:208} INFO - Processing /home/airflow/.local/lib/python3.12/site-packages/airflow/example_dags/example_skip_dag.py took 0.149 seconds
[2026-08-06T06:09:53.200+0000] {processor.py:186} INFO - Started process (PID=1076) to work on /home/airflow/.local/lib/python3.12/site-packages/airflow/example_dags/example_skip_dag.py
[2026-08-06T06:09:53.202+0000] {processor.py:914} INFO - Processing file /home/airflow/.local/lib/python3.12/site-packages/airflow/example_dags/example_skip_dag.py for tasks to queue
[2026-08-06T06:09:53.207+0000] {logging_mixin.py:190} INFO - [2026-08-06T06:09:53.207+0000] {dagbag.py:588} INFO - Filling up the DagBag from /home/airflow/.local/lib/python3.12/site-packages/airflow/example_dags/example_skip_dag.py
[2026-08-06T06:09:53.219+0000] {processor.py:925} INFO - DAG(s) 'example_skip_dag' retrieved from /home/airflow/.local/lib/python3.12/site-packages/airflow/example_dags/example_skip_dag.py
[2026-08-06T06:09:53.256+0000] {logging_mixin.py:190} INFO - [2026-08-06T06:09:53.255+0000] {dag.py:3239} INFO - Sync 1 DAGs
[2026-08-06T06:09:53.292+0000] {logging_mixin.py:190} INFO - [2026-08-06T06:09:53.291+0000] {dag.py:4180} INFO - Setting next_dagrun for example_skip_dag to 2026-08-05 00:00:00+00:00, run_after=2026-08-06 00:00:00+00:00
[2026-08-06T06:09:53.366+0000] {processor.py:208} INFO - Processing /home/airflow/.local/lib/python3.12/site-packages/airflow/example_dags/example_skip_dag.py took 0.176 seconds
[2026-08-06T06:10:24.455+0000] {processor.py:186} INFO - Started process (PID=1140) to work on /home/airflow/.local/lib/python3.12/site-packages/airflow/example_dags/example_skip_dag.py
[2026-08-06T06:10:24.457+0000] {processor.py:914} INFO - Processing file /home/airflow/.local/lib/python3.12/site-packages/airflow/example_dags/example_skip_dag.py for tasks to queue
[2026-08-06T06:10:24.462+0000] {logging_mixin.py:190} INFO - [2026-08-06T06:10:24.462+0000] {dagbag.py:588} INFO - Filling up the DagBag from /home/airflow/.local/lib/python3.12/site-packages/airflow/example_dags/example_skip_dag.py
[2026-08-06T06:10:24.478+0000] {processor.py:925} INFO - DAG(s) 'example_skip_dag' retrieved from /home/airflow/.local/lib/python3.12/site-packages/airflow/example_dags/example_skip_dag.py
[2026-08-06T06:10:24.511+0000] {logging_mixin.py:190} INFO - [2026-08-06T06:10:24.510+0000] {dag.py:3239} INFO - Sync 1 DAGs
[2026-08-06T06:10:24.571+0000] {logging_mixin.py:190} INFO - [2026-08-06T06:10:24.571+0000] {dag.py:4180} INFO - Setting next_dagrun for example_skip_dag to 2026-08-05 00:00:00+00:00, run_after=2026-08-06 00:00:00+00:00
[2026-08-06T06:10:24.606+0000] {processor.py:208} INFO - Processing /home/airflow/.local/lib/python3.12/site-packages/airflow/example_dags/example_skip_dag.py took 0.160 seconds
