[2026-08-06T04:46:26.664+0000] {processor.py:186} INFO - Started process (PID=75) to work on /home/airflow/.local/lib/python3.12/site-packages/airflow/example_dags/example_branch_operator.py
[2026-08-06T04:46:26.673+0000] {processor.py:914} INFO - Processing file /home/airflow/.local/lib/python3.12/site-packages/airflow/example_dags/example_branch_operator.py for tasks to queue
[2026-08-06T04:46:26.687+0000] {logging_mixin.py:190} INFO - [2026-08-06T04:46:26.685+0000] {dagbag.py:588} INFO - Filling up the DagBag from /home/airflow/.local/lib/python3.12/site-packages/airflow/example_dags/example_branch_operator.py
[2026-08-06T04:46:26.847+0000] {processor.py:925} INFO - DAG(s) 'example_branch_operator' retrieved from /home/airflow/.local/lib/python3.12/site-packages/airflow/example_dags/example_branch_operator.py
[2026-08-06T04:46:27.431+0000] {logging_mixin.py:190} INFO - [2026-08-06T04:46:27.429+0000] {override.py:1912} INFO - Created Permission View: can delete on DAG:example_branch_operator
[2026-08-06T04:46:27.454+0000] {logging_mixin.py:190} INFO - [2026-08-06T04:46:27.453+0000] {override.py:1912} INFO - Created Permission View: can read on DAG:example_branch_operator
[2026-08-06T04:46:27.467+0000] {logging_mixin.py:190} INFO - [2026-08-06T04:46:27.466+0000] {override.py:1912} INFO - Created Permission View: can edit on DAG:example_branch_operator
[2026-08-06T04:46:27.484+0000] {logging_mixin.py:190} INFO - [2026-08-06T04:46:27.483+0000] {override.py:1912} INFO - Created Permission View: can delete on DAG Run:example_branch_operator
[2026-08-06T04:46:27.499+0000] {logging_mixin.py:190} INFO - [2026-08-06T04:46:27.498+0000] {override.py:1912} INFO - Created Permission View: menu access on DAG Run:example_branch_operator
[2026-08-06T04:46:27.511+0000] {logging_mixin.py:190} INFO - [2026-08-06T04:46:27.511+0000] {override.py:1912} INFO - Created Permission View: can read on DAG Run:example_branch_operator
[2026-08-06T04:46:27.526+0000] {logging_mixin.py:190} INFO - [2026-08-06T04:46:27.525+0000] {override.py:1912} INFO - Created Permission View: can create on DAG Run:example_branch_operator
[2026-08-06T04:46:27.527+0000] {logging_mixin.py:190} INFO - [2026-08-06T04:46:27.527+0000] {dag.py:3239} INFO - Sync 1 DAGs
[2026-08-06T04:46:27.563+0000] {logging_mixin.py:190} INFO - [2026-08-06T04:46:27.562+0000] {dag.py:3262} INFO - Creating ORM DAG for example_branch_operator
[2026-08-06T04:46:27.594+0000] {logging_mixin.py:190} INFO - [2026-08-06T04:46:27.593+0000] {dag.py:4180} INFO - Setting next_dagrun for example_branch_operator to 2026-08-05 00:00:00+00:00, run_after=2026-08-06 00:00:00+00:00
[2026-08-06T04:46:27.642+0000] {processor.py:208} INFO - Processing /home/airflow/.local/lib/python3.12/site-packages/airflow/example_dags/example_branch_operator.py took 1.008 seconds
[2026-08-06T04:46:57.972+0000] {processor.py:186} INFO - Started process (PID=139) to work on /home/airflow/.local/lib/python3.12/site-packages/airflow/example_dags/example_branch_operator.py
[2026-08-06T04:46:57.975+0000] {processor.py:914} INFO - Processing file /home/airflow/.local/lib/python3.12/site-packages/airflow/example_dags/example_branch_operator.py for tasks to queue
[2026-08-06T04:46:57.980+0000] {logging_mixin.py:190} INFO - [2026-08-06T04:46:57.979+0000] {dagbag.py:588} INFO - Filling up the DagBag from /home/airflow/.local/lib/python3.12/site-packages/airflow/example_dags/example_branch_operator.py
[2026-08-06T04:46:58.016+0000] {processor.py:925} INFO - DAG(s) 'example_branch_operator' retrieved from /home/airflow/.local/lib/python3.12/site-packages/airflow/example_dags/example_branch_operator.py
[2026-08-06T04:46:58.064+0000] {logging_mixin.py:190} INFO - [2026-08-06T04:46:58.063+0000] {dag.py:3239} INFO - Sync 1 DAGs
[2026-08-06T04:46:58.116+0000] {logging_mixin.py:190} INFO - [2026-08-06T04:46:58.116+0000] {dag.py:4180} INFO - Setting next_dagrun for example_branch_operator to 2026-08-05 00:00:00+00:00, run_after=2026-08-06 00:00:00+00:00
[2026-08-06T04:46:58.192+0000] {processor.py:208} INFO - Processing /home/airflow/.local/lib/python3.12/site-packages/airflow/example_dags/example_branch_operator.py took 0.228 seconds
[2026-08-06T04:47:29.108+0000] {processor.py:186} INFO - Started process (PID=202) to work on /home/airflow/.local/lib/python3.12/site-packages/airflow/example_dags/example_branch_operator.py
[2026-08-06T04:47:29.112+0000] {processor.py:914} INFO - Processing file /home/airflow/.local/lib/python3.12/site-packages/airflow/example_dags/example_branch_operator.py for tasks to queue
[2026-08-06T04:47:29.116+0000] {logging_mixin.py:190} INFO - [2026-08-06T04:47:29.115+0000] {dagbag.py:588} INFO - Filling up the DagBag from /home/airflow/.local/lib/python3.12/site-packages/airflow/example_dags/example_branch_operator.py
[2026-08-06T04:47:29.162+0000] {processor.py:925} INFO - DAG(s) 'example_branch_operator' retrieved from /home/airflow/.local/lib/python3.12/site-packages/airflow/example_dags/example_branch_operator.py
[2026-08-06T04:47:29.243+0000] {logging_mixin.py:190} INFO - [2026-08-06T04:47:29.242+0000] {dag.py:3239} INFO - Sync 1 DAGs
[2026-08-06T04:47:29.312+0000] {logging_mixin.py:190} INFO - [2026-08-06T04:47:29.308+0000] {dag.py:4180} INFO - Setting next_dagrun for example_branch_operator to 2026-08-05 00:00:00+00:00, run_after=2026-08-06 00:00:00+00:00
[2026-08-06T04:47:29.376+0000] {processor.py:208} INFO - Processing /home/airflow/.local/lib/python3.12/site-packages/airflow/example_dags/example_branch_operator.py took 0.283 seconds
[2026-08-06T04:47:59.848+0000] {processor.py:186} INFO - Started process (PID=265) to work on /home/airflow/.local/lib/python3.12/site-packages/airflow/example_dags/example_branch_operator.py
[2026-08-06T04:47:59.851+0000] {processor.py:914} INFO - Processing file /home/airflow/.local/lib/python3.12/site-packages/airflow/example_dags/example_branch_operator.py for tasks to queue
[2026-08-06T04:47:59.856+0000] {logging_mixin.py:190} INFO - [2026-08-06T04:47:59.856+0000] {dagbag.py:588} INFO - Filling up the DagBag from /home/airflow/.local/lib/python3.12/site-packages/airflow/example_dags/example_branch_operator.py
[2026-08-06T04:47:59.888+0000] {processor.py:925} INFO - DAG(s) 'example_branch_operator' retrieved from /home/airflow/.local/lib/python3.12/site-packages/airflow/example_dags/example_branch_operator.py
[2026-08-06T04:47:59.941+0000] {logging_mixin.py:190} INFO - [2026-08-06T04:47:59.941+0000] {dag.py:3239} INFO - Sync 1 DAGs
[2026-08-06T04:47:59.983+0000] {logging_mixin.py:190} INFO - [2026-08-06T04:47:59.982+0000] {dag.py:4180} INFO - Setting next_dagrun for example_branch_operator to 2026-08-05 00:00:00+00:00, run_after=2026-08-06 00:00:00+00:00
[2026-08-06T04:48:00.020+0000] {processor.py:208} INFO - Processing /home/airflow/.local/lib/python3.12/site-packages/airflow/example_dags/example_branch_operator.py took 0.181 seconds
[2026-08-06T04:48:30.567+0000] {processor.py:186} INFO - Started process (PID=329) to work on /home/airflow/.local/lib/python3.12/site-packages/airflow/example_dags/example_branch_operator.py
[2026-08-06T04:48:30.571+0000] {processor.py:914} INFO - Processing file /home/airflow/.local/lib/python3.12/site-packages/airflow/example_dags/example_branch_operator.py for tasks to queue
[2026-08-06T04:48:30.576+0000] {logging_mixin.py:190} INFO - [2026-08-06T04:48:30.576+0000] {dagbag.py:588} INFO - Filling up the DagBag from /home/airflow/.local/lib/python3.12/site-packages/airflow/example_dags/example_branch_operator.py
[2026-08-06T04:48:30.620+0000] {processor.py:925} INFO - DAG(s) 'example_branch_operator' retrieved from /home/airflow/.local/lib/python3.12/site-packages/airflow/example_dags/example_branch_operator.py
[2026-08-06T04:48:30.671+0000] {logging_mixin.py:190} INFO - [2026-08-06T04:48:30.671+0000] {dag.py:3239} INFO - Sync 1 DAGs
[2026-08-06T04:48:30.713+0000] {logging_mixin.py:190} INFO - [2026-08-06T04:48:30.712+0000] {dag.py:4180} INFO - Setting next_dagrun for example_branch_operator to 2026-08-05 00:00:00+00:00, run_after=2026-08-06 00:00:00+00:00
[2026-08-06T04:48:30.780+0000] {processor.py:208} INFO - Processing /home/airflow/.local/lib/python3.12/site-packages/airflow/example_dags/example_branch_operator.py took 0.226 seconds
[2026-08-06T04:49:01.313+0000] {processor.py:186} INFO - Started process (PID=391) to work on /home/airflow/.local/lib/python3.12/site-packages/airflow/example_dags/example_branch_operator.py
[2026-08-06T04:49:01.316+0000] {processor.py:914} INFO - Processing file /home/airflow/.local/lib/python3.12/site-packages/airflow/example_dags/example_branch_operator.py for tasks to queue
[2026-08-06T04:49:01.321+0000] {logging_mixin.py:190} INFO - [2026-08-06T04:49:01.320+0000] {dagbag.py:588} INFO - Filling up the DagBag from /home/airflow/.local/lib/python3.12/site-packages/airflow/example_dags/example_branch_operator.py
[2026-08-06T04:49:01.348+0000] {processor.py:925} INFO - DAG(s) 'example_branch_operator' retrieved from /home/airflow/.local/lib/python3.12/site-packages/airflow/example_dags/example_branch_operator.py
[2026-08-06T04:49:01.394+0000] {logging_mixin.py:190} INFO - [2026-08-06T04:49:01.393+0000] {dag.py:3239} INFO - Sync 1 DAGs
[2026-08-06T04:49:01.436+0000] {logging_mixin.py:190} INFO - [2026-08-06T04:49:01.435+0000] {dag.py:4180} INFO - Setting next_dagrun for example_branch_operator to 2026-08-05 00:00:00+00:00, run_after=2026-08-06 00:00:00+00:00
[2026-08-06T04:49:01.473+0000] {processor.py:208} INFO - Processing /home/airflow/.local/lib/python3.12/site-packages/airflow/example_dags/example_branch_operator.py took 0.170 seconds
[2026-08-06T04:49:31.622+0000] {processor.py:186} INFO - Started process (PID=454) to work on /home/airflow/.local/lib/python3.12/site-packages/airflow/example_dags/example_branch_operator.py
[2026-08-06T04:49:31.624+0000] {processor.py:914} INFO - Processing file /home/airflow/.local/lib/python3.12/site-packages/airflow/example_dags/example_branch_operator.py for tasks to queue
[2026-08-06T04:49:31.628+0000] {logging_mixin.py:190} INFO - [2026-08-06T04:49:31.627+0000] {dagbag.py:588} INFO - Filling up the DagBag from /home/airflow/.local/lib/python3.12/site-packages/airflow/example_dags/example_branch_operator.py
[2026-08-06T04:49:31.661+0000] {processor.py:925} INFO - DAG(s) 'example_branch_operator' retrieved from /home/airflow/.local/lib/python3.12/site-packages/airflow/example_dags/example_branch_operator.py
[2026-08-06T04:49:31.720+0000] {logging_mixin.py:190} INFO - [2026-08-06T04:49:31.720+0000] {dag.py:3239} INFO - Sync 1 DAGs
[2026-08-06T04:49:31.758+0000] {logging_mixin.py:190} INFO - [2026-08-06T04:49:31.757+0000] {dag.py:4180} INFO - Setting next_dagrun for example_branch_operator to 2026-08-05 00:00:00+00:00, run_after=2026-08-06 00:00:00+00:00
[2026-08-06T04:49:31.801+0000] {processor.py:208} INFO - Processing /home/airflow/.local/lib/python3.12/site-packages/airflow/example_dags/example_branch_operator.py took 0.191 seconds
[2026-08-06T04:50:01.926+0000] {processor.py:186} INFO - Started process (PID=517) to work on /home/airflow/.local/lib/python3.12/site-packages/airflow/example_dags/example_branch_operator.py
[2026-08-06T04:50:01.927+0000] {processor.py:914} INFO - Processing file /home/airflow/.local/lib/python3.12/site-packages/airflow/example_dags/example_branch_operator.py for tasks to queue
[2026-08-06T04:50:01.932+0000] {logging_mixin.py:190} INFO - [2026-08-06T04:50:01.932+0000] {dagbag.py:588} INFO - Filling up the DagBag from /home/airflow/.local/lib/python3.12/site-packages/airflow/example_dags/example_branch_operator.py
[2026-08-06T04:50:01.969+0000] {processor.py:925} INFO - DAG(s) 'example_branch_operator' retrieved from /home/airflow/.local/lib/python3.12/site-packages/airflow/example_dags/example_branch_operator.py
[2026-08-06T04:50:02.032+0000] {logging_mixin.py:190} INFO - [2026-08-06T04:50:02.031+0000] {dag.py:3239} INFO - Sync 1 DAGs
[2026-08-06T04:50:02.071+0000] {logging_mixin.py:190} INFO - [2026-08-06T04:50:02.071+0000] {dag.py:4180} INFO - Setting next_dagrun for example_branch_operator to 2026-08-05 00:00:00+00:00, run_after=2026-08-06 00:00:00+00:00
[2026-08-06T04:50:02.104+0000] {processor.py:208} INFO - Processing /home/airflow/.local/lib/python3.12/site-packages/airflow/example_dags/example_branch_operator.py took 0.189 seconds
[2026-08-06T04:50:32.948+0000] {processor.py:186} INFO - Started process (PID=580) to work on /home/airflow/.local/lib/python3.12/site-packages/airflow/example_dags/example_branch_operator.py
[2026-08-06T04:50:32.955+0000] {processor.py:914} INFO - Processing file /home/airflow/.local/lib/python3.12/site-packages/airflow/example_dags/example_branch_operator.py for tasks to queue
[2026-08-06T04:50:32.959+0000] {logging_mixin.py:190} INFO - [2026-08-06T04:50:32.959+0000] {dagbag.py:588} INFO - Filling up the DagBag from /home/airflow/.local/lib/python3.12/site-packages/airflow/example_dags/example_branch_operator.py
[2026-08-06T04:50:32.982+0000] {processor.py:925} INFO - DAG(s) 'example_branch_operator' retrieved from /home/airflow/.local/lib/python3.12/site-packages/airflow/example_dags/example_branch_operator.py
[2026-08-06T04:50:33.044+0000] {logging_mixin.py:190} INFO - [2026-08-06T04:50:33.044+0000] {dag.py:3239} INFO - Sync 1 DAGs
[2026-08-06T04:50:33.081+0000] {logging_mixin.py:190} INFO - [2026-08-06T04:50:33.081+0000] {dag.py:4180} INFO - Setting next_dagrun for example_branch_operator to 2026-08-05 00:00:00+00:00, run_after=2026-08-06 00:00:00+00:00
[2026-08-06T04:50:33.114+0000] {processor.py:208} INFO - Processing /home/airflow/.local/lib/python3.12/site-packages/airflow/example_dags/example_branch_operator.py took 0.175 seconds
[2026-08-06T04:51:03.505+0000] {processor.py:186} INFO - Started process (PID=643) to work on /home/airflow/.local/lib/python3.12/site-packages/airflow/example_dags/example_branch_operator.py
[2026-08-06T04:51:03.508+0000] {processor.py:914} INFO - Processing file /home/airflow/.local/lib/python3.12/site-packages/airflow/example_dags/example_branch_operator.py for tasks to queue
[2026-08-06T04:51:03.514+0000] {logging_mixin.py:190} INFO - [2026-08-06T04:51:03.512+0000] {dagbag.py:588} INFO - Filling up the DagBag from /home/airflow/.local/lib/python3.12/site-packages/airflow/example_dags/example_branch_operator.py
[2026-08-06T04:51:03.542+0000] {processor.py:925} INFO - DAG(s) 'example_branch_operator' retrieved from /home/airflow/.local/lib/python3.12/site-packages/airflow/example_dags/example_branch_operator.py
[2026-08-06T04:51:03.584+0000] {logging_mixin.py:190} INFO - [2026-08-06T04:51:03.584+0000] {dag.py:3239} INFO - Sync 1 DAGs
[2026-08-06T04:51:03.617+0000] {logging_mixin.py:190} INFO - [2026-08-06T04:51:03.617+0000] {dag.py:4180} INFO - Setting next_dagrun for example_branch_operator to 2026-08-05 00:00:00+00:00, run_after=2026-08-06 00:00:00+00:00
[2026-08-06T04:51:03.646+0000] {processor.py:208} INFO - Processing /home/airflow/.local/lib/python3.12/site-packages/airflow/example_dags/example_branch_operator.py took 0.158 seconds
[2026-08-06T04:51:34.026+0000] {processor.py:186} INFO - Started process (PID=706) to work on /home/airflow/.local/lib/python3.12/site-packages/airflow/example_dags/example_branch_operator.py
[2026-08-06T04:51:34.027+0000] {processor.py:914} INFO - Processing file /home/airflow/.local/lib/python3.12/site-packages/airflow/example_dags/example_branch_operator.py for tasks to queue
[2026-08-06T04:51:34.031+0000] {logging_mixin.py:190} INFO - [2026-08-06T04:51:34.031+0000] {dagbag.py:588} INFO - Filling up the DagBag from /home/airflow/.local/lib/python3.12/site-packages/airflow/example_dags/example_branch_operator.py
[2026-08-06T04:51:34.063+0000] {processor.py:925} INFO - DAG(s) 'example_branch_operator' retrieved from /home/airflow/.local/lib/python3.12/site-packages/airflow/example_dags/example_branch_operator.py
[2026-08-06T04:51:34.111+0000] {logging_mixin.py:190} INFO - [2026-08-06T04:51:34.110+0000] {dag.py:3239} INFO - Sync 1 DAGs
[2026-08-06T04:51:34.153+0000] {logging_mixin.py:190} INFO - [2026-08-06T04:51:34.153+0000] {dag.py:4180} INFO - Setting next_dagrun for example_branch_operator to 2026-08-05 00:00:00+00:00, run_after=2026-08-06 00:00:00+00:00
[2026-08-06T04:51:34.200+0000] {processor.py:208} INFO - Processing /home/airflow/.local/lib/python3.12/site-packages/airflow/example_dags/example_branch_operator.py took 0.185 seconds
[2026-08-06T04:52:04.277+0000] {processor.py:186} INFO - Started process (PID=769) to work on /home/airflow/.local/lib/python3.12/site-packages/airflow/example_dags/example_branch_operator.py
[2026-08-06T04:52:04.279+0000] {processor.py:914} INFO - Processing file /home/airflow/.local/lib/python3.12/site-packages/airflow/example_dags/example_branch_operator.py for tasks to queue
[2026-08-06T04:52:04.285+0000] {logging_mixin.py:190} INFO - [2026-08-06T04:52:04.284+0000] {dagbag.py:588} INFO - Filling up the DagBag from /home/airflow/.local/lib/python3.12/site-packages/airflow/example_dags/example_branch_operator.py
[2026-08-06T04:52:04.327+0000] {processor.py:925} INFO - DAG(s) 'example_branch_operator' retrieved from /home/airflow/.local/lib/python3.12/site-packages/airflow/example_dags/example_branch_operator.py
[2026-08-06T04:52:04.387+0000] {logging_mixin.py:190} INFO - [2026-08-06T04:52:04.386+0000] {dag.py:3239} INFO - Sync 1 DAGs
[2026-08-06T04:52:04.431+0000] {logging_mixin.py:190} INFO - [2026-08-06T04:52:04.431+0000] {dag.py:4180} INFO - Setting next_dagrun for example_branch_operator to 2026-08-05 00:00:00+00:00, run_after=2026-08-06 00:00:00+00:00
[2026-08-06T04:52:04.462+0000] {processor.py:208} INFO - Processing /home/airflow/.local/lib/python3.12/site-packages/airflow/example_dags/example_branch_operator.py took 0.193 seconds
[2026-08-06T04:52:34.757+0000] {processor.py:186} INFO - Started process (PID=833) to work on /home/airflow/.local/lib/python3.12/site-packages/airflow/example_dags/example_branch_operator.py
[2026-08-06T04:52:34.759+0000] {processor.py:914} INFO - Processing file /home/airflow/.local/lib/python3.12/site-packages/airflow/example_dags/example_branch_operator.py for tasks to queue
[2026-08-06T04:52:34.765+0000] {logging_mixin.py:190} INFO - [2026-08-06T04:52:34.764+0000] {dagbag.py:588} INFO - Filling up the DagBag from /home/airflow/.local/lib/python3.12/site-packages/airflow/example_dags/example_branch_operator.py
[2026-08-06T04:52:34.820+0000] {processor.py:925} INFO - DAG(s) 'example_branch_operator' retrieved from /home/airflow/.local/lib/python3.12/site-packages/airflow/example_dags/example_branch_operator.py
[2026-08-06T04:52:34.890+0000] {logging_mixin.py:190} INFO - [2026-08-06T04:52:34.890+0000] {dag.py:3239} INFO - Sync 1 DAGs
[2026-08-06T04:52:34.952+0000] {logging_mixin.py:190} INFO - [2026-08-06T04:52:34.952+0000] {dag.py:4180} INFO - Setting next_dagrun for example_branch_operator to 2026-08-05 00:00:00+00:00, run_after=2026-08-06 00:00:00+00:00
[2026-08-06T04:52:35.003+0000] {processor.py:208} INFO - Processing /home/airflow/.local/lib/python3.12/site-packages/airflow/example_dags/example_branch_operator.py took 0.262 seconds
[2026-08-06T05:30:13.114+0000] {processor.py:186} INFO - Started process (PID=76) to work on /home/airflow/.local/lib/python3.12/site-packages/airflow/example_dags/example_branch_operator.py
[2026-08-06T05:30:13.117+0000] {processor.py:914} INFO - Processing file /home/airflow/.local/lib/python3.12/site-packages/airflow/example_dags/example_branch_operator.py for tasks to queue
[2026-08-06T05:30:13.124+0000] {logging_mixin.py:190} INFO - [2026-08-06T05:30:13.124+0000] {dagbag.py:588} INFO - Filling up the DagBag from /home/airflow/.local/lib/python3.12/site-packages/airflow/example_dags/example_branch_operator.py
[2026-08-06T05:30:13.173+0000] {processor.py:925} INFO - DAG(s) 'example_branch_operator' retrieved from /home/airflow/.local/lib/python3.12/site-packages/airflow/example_dags/example_branch_operator.py
[2026-08-06T05:30:13.579+0000] {logging_mixin.py:190} INFO - [2026-08-06T05:30:13.579+0000] {dag.py:3239} INFO - Sync 1 DAGs
[2026-08-06T05:30:13.639+0000] {logging_mixin.py:190} INFO - [2026-08-06T05:30:13.639+0000] {dag.py:4180} INFO - Setting next_dagrun for example_branch_operator to 2026-08-05 00:00:00+00:00, run_after=2026-08-06 00:00:00+00:00
[2026-08-06T05:30:13.703+0000] {processor.py:208} INFO - Processing /home/airflow/.local/lib/python3.12/site-packages/airflow/example_dags/example_branch_operator.py took 0.602 seconds
[2026-08-06T05:30:43.800+0000] {processor.py:186} INFO - Started process (PID=140) to work on /home/airflow/.local/lib/python3.12/site-packages/airflow/example_dags/example_branch_operator.py
[2026-08-06T05:30:43.802+0000] {processor.py:914} INFO - Processing file /home/airflow/.local/lib/python3.12/site-packages/airflow/example_dags/example_branch_operator.py for tasks to queue
[2026-08-06T05:30:43.807+0000] {logging_mixin.py:190} INFO - [2026-08-06T05:30:43.806+0000] {dagbag.py:588} INFO - Filling up the DagBag from /home/airflow/.local/lib/python3.12/site-packages/airflow/example_dags/example_branch_operator.py
[2026-08-06T05:30:43.840+0000] {processor.py:925} INFO - DAG(s) 'example_branch_operator' retrieved from /home/airflow/.local/lib/python3.12/site-packages/airflow/example_dags/example_branch_operator.py
[2026-08-06T05:30:43.893+0000] {logging_mixin.py:190} INFO - [2026-08-06T05:30:43.893+0000] {dag.py:3239} INFO - Sync 1 DAGs
[2026-08-06T05:30:43.928+0000] {logging_mixin.py:190} INFO - [2026-08-06T05:30:43.928+0000] {dag.py:4180} INFO - Setting next_dagrun for example_branch_operator to 2026-08-05 00:00:00+00:00, run_after=2026-08-06 00:00:00+00:00
[2026-08-06T05:30:43.959+0000] {processor.py:208} INFO - Processing /home/airflow/.local/lib/python3.12/site-packages/airflow/example_dags/example_branch_operator.py took 0.169 seconds
[2026-08-06T05:33:08.269+0000] {processor.py:186} INFO - Started process (PID=63) to work on /home/airflow/.local/lib/python3.12/site-packages/airflow/example_dags/example_branch_operator.py
[2026-08-06T05:33:08.272+0000] {processor.py:914} INFO - Processing file /home/airflow/.local/lib/python3.12/site-packages/airflow/example_dags/example_branch_operator.py for tasks to queue
[2026-08-06T05:33:08.278+0000] {logging_mixin.py:190} INFO - [2026-08-06T05:33:08.278+0000] {dagbag.py:588} INFO - Filling up the DagBag from /home/airflow/.local/lib/python3.12/site-packages/airflow/example_dags/example_branch_operator.py
[2026-08-06T05:33:08.313+0000] {processor.py:925} INFO - DAG(s) 'example_branch_operator' retrieved from /home/airflow/.local/lib/python3.12/site-packages/airflow/example_dags/example_branch_operator.py
[2026-08-06T05:33:08.581+0000] {logging_mixin.py:190} INFO - [2026-08-06T05:33:08.580+0000] {dag.py:3239} INFO - Sync 1 DAGs
[2026-08-06T05:33:08.634+0000] {logging_mixin.py:190} INFO - [2026-08-06T05:33:08.634+0000] {dag.py:4180} INFO - Setting next_dagrun for example_branch_operator to 2026-08-05 00:00:00+00:00, run_after=2026-08-06 00:00:00+00:00
[2026-08-06T05:33:08.678+0000] {processor.py:208} INFO - Processing /home/airflow/.local/lib/python3.12/site-packages/airflow/example_dags/example_branch_operator.py took 0.421 seconds
[2026-08-06T05:33:38.887+0000] {processor.py:186} INFO - Started process (PID=127) to work on /home/airflow/.local/lib/python3.12/site-packages/airflow/example_dags/example_branch_operator.py
[2026-08-06T05:33:38.890+0000] {processor.py:914} INFO - Processing file /home/airflow/.local/lib/python3.12/site-packages/airflow/example_dags/example_branch_operator.py for tasks to queue
[2026-08-06T05:33:38.896+0000] {logging_mixin.py:190} INFO - [2026-08-06T05:33:38.895+0000] {dagbag.py:588} INFO - Filling up the DagBag from /home/airflow/.local/lib/python3.12/site-packages/airflow/example_dags/example_branch_operator.py
[2026-08-06T05:33:38.942+0000] {processor.py:925} INFO - DAG(s) 'example_branch_operator' retrieved from /home/airflow/.local/lib/python3.12/site-packages/airflow/example_dags/example_branch_operator.py
[2026-08-06T05:33:39.019+0000] {logging_mixin.py:190} INFO - [2026-08-06T05:33:39.018+0000] {dag.py:3239} INFO - Sync 1 DAGs
[2026-08-06T05:33:39.086+0000] {logging_mixin.py:190} INFO - [2026-08-06T05:33:39.085+0000] {dag.py:4180} INFO - Setting next_dagrun for example_branch_operator to 2026-08-05 00:00:00+00:00, run_after=2026-08-06 00:00:00+00:00
[2026-08-06T05:33:39.127+0000] {processor.py:208} INFO - Processing /home/airflow/.local/lib/python3.12/site-packages/airflow/example_dags/example_branch_operator.py took 0.252 seconds
[2026-08-06T05:34:10.013+0000] {processor.py:186} INFO - Started process (PID=196) to work on /home/airflow/.local/lib/python3.12/site-packages/airflow/example_dags/example_branch_operator.py
[2026-08-06T05:34:10.102+0000] {processor.py:914} INFO - Processing file /home/airflow/.local/lib/python3.12/site-packages/airflow/example_dags/example_branch_operator.py for tasks to queue
[2026-08-06T05:34:10.109+0000] {logging_mixin.py:190} INFO - [2026-08-06T05:34:10.108+0000] {dagbag.py:588} INFO - Filling up the DagBag from /home/airflow/.local/lib/python3.12/site-packages/airflow/example_dags/example_branch_operator.py
[2026-08-06T05:34:10.147+0000] {processor.py:925} INFO - DAG(s) 'example_branch_operator' retrieved from /home/airflow/.local/lib/python3.12/site-packages/airflow/example_dags/example_branch_operator.py
[2026-08-06T05:34:10.294+0000] {logging_mixin.py:190} INFO - [2026-08-06T05:34:10.294+0000] {dag.py:3239} INFO - Sync 1 DAGs
[2026-08-06T05:34:10.417+0000] {logging_mixin.py:190} INFO - [2026-08-06T05:34:10.416+0000] {dag.py:4180} INFO - Setting next_dagrun for example_branch_operator to 2026-08-05 00:00:00+00:00, run_after=2026-08-06 00:00:00+00:00
[2026-08-06T05:34:10.443+0000] {processor.py:208} INFO - Processing /home/airflow/.local/lib/python3.12/site-packages/airflow/example_dags/example_branch_operator.py took 0.438 seconds
[2026-08-06T05:34:40.962+0000] {processor.py:186} INFO - Started process (PID=259) to work on /home/airflow/.local/lib/python3.12/site-packages/airflow/example_dags/example_branch_operator.py
[2026-08-06T05:34:40.965+0000] {processor.py:914} INFO - Processing file /home/airflow/.local/lib/python3.12/site-packages/airflow/example_dags/example_branch_operator.py for tasks to queue
[2026-08-06T05:34:40.969+0000] {logging_mixin.py:190} INFO - [2026-08-06T05:34:40.968+0000] {dagbag.py:588} INFO - Filling up the DagBag from /home/airflow/.local/lib/python3.12/site-packages/airflow/example_dags/example_branch_operator.py
[2026-08-06T05:34:40.997+0000] {processor.py:925} INFO - DAG(s) 'example_branch_operator' retrieved from /home/airflow/.local/lib/python3.12/site-packages/airflow/example_dags/example_branch_operator.py
[2026-08-06T05:34:41.035+0000] {logging_mixin.py:190} INFO - [2026-08-06T05:34:41.034+0000] {dag.py:3239} INFO - Sync 1 DAGs
[2026-08-06T05:34:41.090+0000] {logging_mixin.py:190} INFO - [2026-08-06T05:34:41.089+0000] {dag.py:4180} INFO - Setting next_dagrun for example_branch_operator to 2026-08-05 00:00:00+00:00, run_after=2026-08-06 00:00:00+00:00
[2026-08-06T05:34:41.159+0000] {processor.py:208} INFO - Processing /home/airflow/.local/lib/python3.12/site-packages/airflow/example_dags/example_branch_operator.py took 0.207 seconds
[2026-08-06T05:35:11.708+0000] {processor.py:186} INFO - Started process (PID=322) to work on /home/airflow/.local/lib/python3.12/site-packages/airflow/example_dags/example_branch_operator.py
[2026-08-06T05:35:11.709+0000] {processor.py:914} INFO - Processing file /home/airflow/.local/lib/python3.12/site-packages/airflow/example_dags/example_branch_operator.py for tasks to queue
[2026-08-06T05:35:11.713+0000] {logging_mixin.py:190} INFO - [2026-08-06T05:35:11.713+0000] {dagbag.py:588} INFO - Filling up the DagBag from /home/airflow/.local/lib/python3.12/site-packages/airflow/example_dags/example_branch_operator.py
[2026-08-06T05:35:11.757+0000] {processor.py:925} INFO - DAG(s) 'example_branch_operator' retrieved from /home/airflow/.local/lib/python3.12/site-packages/airflow/example_dags/example_branch_operator.py
[2026-08-06T05:35:11.800+0000] {logging_mixin.py:190} INFO - [2026-08-06T05:35:11.799+0000] {dag.py:3239} INFO - Sync 1 DAGs
[2026-08-06T05:35:11.835+0000] {logging_mixin.py:190} INFO - [2026-08-06T05:35:11.834+0000] {dag.py:4180} INFO - Setting next_dagrun for example_branch_operator to 2026-08-05 00:00:00+00:00, run_after=2026-08-06 00:00:00+00:00
[2026-08-06T05:35:11.880+0000] {processor.py:208} INFO - Processing /home/airflow/.local/lib/python3.12/site-packages/airflow/example_dags/example_branch_operator.py took 0.188 seconds
[2026-08-06T05:36:55.172+0000] {processor.py:186} INFO - Started process (PID=76) to work on /home/airflow/.local/lib/python3.12/site-packages/airflow/example_dags/example_branch_operator.py
[2026-08-06T05:36:55.175+0000] {processor.py:914} INFO - Processing file /home/airflow/.local/lib/python3.12/site-packages/airflow/example_dags/example_branch_operator.py for tasks to queue
[2026-08-06T05:36:55.180+0000] {logging_mixin.py:190} INFO - [2026-08-06T05:36:55.179+0000] {dagbag.py:588} INFO - Filling up the DagBag from /home/airflow/.local/lib/python3.12/site-packages/airflow/example_dags/example_branch_operator.py
[2026-08-06T05:36:55.260+0000] {processor.py:925} INFO - DAG(s) 'example_branch_operator' retrieved from /home/airflow/.local/lib/python3.12/site-packages/airflow/example_dags/example_branch_operator.py
[2026-08-06T05:36:55.801+0000] {logging_mixin.py:190} INFO - [2026-08-06T05:36:55.799+0000] {dag.py:3239} INFO - Sync 1 DAGs
[2026-08-06T05:36:55.853+0000] {logging_mixin.py:190} INFO - [2026-08-06T05:36:55.852+0000] {dag.py:4180} INFO - Setting next_dagrun for example_branch_operator to 2026-08-05 00:00:00+00:00, run_after=2026-08-06 00:00:00+00:00
[2026-08-06T05:36:55.906+0000] {processor.py:208} INFO - Processing /home/airflow/.local/lib/python3.12/site-packages/airflow/example_dags/example_branch_operator.py took 0.747 seconds
[2026-08-06T05:37:26.018+0000] {processor.py:186} INFO - Started process (PID=139) to work on /home/airflow/.local/lib/python3.12/site-packages/airflow/example_dags/example_branch_operator.py
[2026-08-06T05:37:26.019+0000] {processor.py:914} INFO - Processing file /home/airflow/.local/lib/python3.12/site-packages/airflow/example_dags/example_branch_operator.py for tasks to queue
[2026-08-06T05:37:26.025+0000] {logging_mixin.py:190} INFO - [2026-08-06T05:37:26.023+0000] {dagbag.py:588} INFO - Filling up the DagBag from /home/airflow/.local/lib/python3.12/site-packages/airflow/example_dags/example_branch_operator.py
[2026-08-06T05:37:26.054+0000] {processor.py:925} INFO - DAG(s) 'example_branch_operator' retrieved from /home/airflow/.local/lib/python3.12/site-packages/airflow/example_dags/example_branch_operator.py
[2026-08-06T05:37:26.094+0000] {logging_mixin.py:190} INFO - [2026-08-06T05:37:26.093+0000] {dag.py:3239} INFO - Sync 1 DAGs
[2026-08-06T05:37:26.137+0000] {logging_mixin.py:190} INFO - [2026-08-06T05:37:26.136+0000] {dag.py:4180} INFO - Setting next_dagrun for example_branch_operator to 2026-08-05 00:00:00+00:00, run_after=2026-08-06 00:00:00+00:00
[2026-08-06T05:37:26.198+0000] {processor.py:208} INFO - Processing /home/airflow/.local/lib/python3.12/site-packages/airflow/example_dags/example_branch_operator.py took 0.195 seconds
[2026-08-06T05:37:56.468+0000] {processor.py:186} INFO - Started process (PID=203) to work on /home/airflow/.local/lib/python3.12/site-packages/airflow/example_dags/example_branch_operator.py
[2026-08-06T05:37:56.470+0000] {processor.py:914} INFO - Processing file /home/airflow/.local/lib/python3.12/site-packages/airflow/example_dags/example_branch_operator.py for tasks to queue
[2026-08-06T05:37:56.474+0000] {logging_mixin.py:190} INFO - [2026-08-06T05:37:56.474+0000] {dagbag.py:588} INFO - Filling up the DagBag from /home/airflow/.local/lib/python3.12/site-packages/airflow/example_dags/example_branch_operator.py
[2026-08-06T05:37:56.505+0000] {processor.py:925} INFO - DAG(s) 'example_branch_operator' retrieved from /home/airflow/.local/lib/python3.12/site-packages/airflow/example_dags/example_branch_operator.py
[2026-08-06T05:37:56.543+0000] {logging_mixin.py:190} INFO - [2026-08-06T05:37:56.543+0000] {dag.py:3239} INFO - Sync 1 DAGs
[2026-08-06T05:37:56.578+0000] {logging_mixin.py:190} INFO - [2026-08-06T05:37:56.578+0000] {dag.py:4180} INFO - Setting next_dagrun for example_branch_operator to 2026-08-05 00:00:00+00:00, run_after=2026-08-06 00:00:00+00:00
[2026-08-06T05:37:56.634+0000] {processor.py:208} INFO - Processing /home/airflow/.local/lib/python3.12/site-packages/airflow/example_dags/example_branch_operator.py took 0.173 seconds
[2026-08-06T05:38:27.674+0000] {processor.py:186} INFO - Started process (PID=275) to work on /home/airflow/.local/lib/python3.12/site-packages/airflow/example_dags/example_branch_operator.py
[2026-08-06T05:38:27.678+0000] {processor.py:914} INFO - Processing file /home/airflow/.local/lib/python3.12/site-packages/airflow/example_dags/example_branch_operator.py for tasks to queue
[2026-08-06T05:38:27.688+0000] {logging_mixin.py:190} INFO - [2026-08-06T05:38:27.686+0000] {dagbag.py:588} INFO - Filling up the DagBag from /home/airflow/.local/lib/python3.12/site-packages/airflow/example_dags/example_branch_operator.py
[2026-08-06T05:38:27.752+0000] {processor.py:925} INFO - DAG(s) 'example_branch_operator' retrieved from /home/airflow/.local/lib/python3.12/site-packages/airflow/example_dags/example_branch_operator.py
[2026-08-06T05:38:27.884+0000] {logging_mixin.py:190} INFO - [2026-08-06T05:38:27.883+0000] {dag.py:3239} INFO - Sync 1 DAGs
[2026-08-06T05:38:28.011+0000] {logging_mixin.py:190} INFO - [2026-08-06T05:38:28.010+0000] {dag.py:4180} INFO - Setting next_dagrun for example_branch_operator to 2026-08-05 00:00:00+00:00, run_after=2026-08-06 00:00:00+00:00
[2026-08-06T05:38:28.076+0000] {processor.py:208} INFO - Processing /home/airflow/.local/lib/python3.12/site-packages/airflow/example_dags/example_branch_operator.py took 0.427 seconds
[2026-08-06T05:38:58.673+0000] {processor.py:186} INFO - Started process (PID=347) to work on /home/airflow/.local/lib/python3.12/site-packages/airflow/example_dags/example_branch_operator.py
[2026-08-06T05:38:58.677+0000] {processor.py:914} INFO - Processing file /home/airflow/.local/lib/python3.12/site-packages/airflow/example_dags/example_branch_operator.py for tasks to queue
[2026-08-06T05:38:58.681+0000] {logging_mixin.py:190} INFO - [2026-08-06T05:38:58.680+0000] {dagbag.py:588} INFO - Filling up the DagBag from /home/airflow/.local/lib/python3.12/site-packages/airflow/example_dags/example_branch_operator.py
[2026-08-06T05:38:58.708+0000] {processor.py:925} INFO - DAG(s) 'example_branch_operator' retrieved from /home/airflow/.local/lib/python3.12/site-packages/airflow/example_dags/example_branch_operator.py
[2026-08-06T05:38:58.767+0000] {logging_mixin.py:190} INFO - [2026-08-06T05:38:58.767+0000] {dag.py:3239} INFO - Sync 1 DAGs
[2026-08-06T05:38:58.815+0000] {logging_mixin.py:190} INFO - [2026-08-06T05:38:58.814+0000] {dag.py:4180} INFO - Setting next_dagrun for example_branch_operator to 2026-08-05 00:00:00+00:00, run_after=2026-08-06 00:00:00+00:00
[2026-08-06T05:38:58.875+0000] {processor.py:208} INFO - Processing /home/airflow/.local/lib/python3.12/site-packages/airflow/example_dags/example_branch_operator.py took 0.210 seconds
[2026-08-06T05:39:29.033+0000] {processor.py:186} INFO - Started process (PID=411) to work on /home/airflow/.local/lib/python3.12/site-packages/airflow/example_dags/example_branch_operator.py
[2026-08-06T05:39:29.034+0000] {processor.py:914} INFO - Processing file /home/airflow/.local/lib/python3.12/site-packages/airflow/example_dags/example_branch_operator.py for tasks to queue
[2026-08-06T05:39:29.038+0000] {logging_mixin.py:190} INFO - [2026-08-06T05:39:29.038+0000] {dagbag.py:588} INFO - Filling up the DagBag from /home/airflow/.local/lib/python3.12/site-packages/airflow/example_dags/example_branch_operator.py
[2026-08-06T05:39:29.068+0000] {processor.py:925} INFO - DAG(s) 'example_branch_operator' retrieved from /home/airflow/.local/lib/python3.12/site-packages/airflow/example_dags/example_branch_operator.py
[2026-08-06T05:39:29.107+0000] {logging_mixin.py:190} INFO - [2026-08-06T05:39:29.107+0000] {dag.py:3239} INFO - Sync 1 DAGs
[2026-08-06T05:39:29.142+0000] {logging_mixin.py:190} INFO - [2026-08-06T05:39:29.142+0000] {dag.py:4180} INFO - Setting next_dagrun for example_branch_operator to 2026-08-05 00:00:00+00:00, run_after=2026-08-06 00:00:00+00:00
[2026-08-06T05:39:29.216+0000] {processor.py:208} INFO - Processing /home/airflow/.local/lib/python3.12/site-packages/airflow/example_dags/example_branch_operator.py took 0.198 seconds
[2026-08-06T05:39:59.359+0000] {processor.py:186} INFO - Started process (PID=474) to work on /home/airflow/.local/lib/python3.12/site-packages/airflow/example_dags/example_branch_operator.py
[2026-08-06T05:39:59.362+0000] {processor.py:914} INFO - Processing file /home/airflow/.local/lib/python3.12/site-packages/airflow/example_dags/example_branch_operator.py for tasks to queue
[2026-08-06T05:39:59.368+0000] {logging_mixin.py:190} INFO - [2026-08-06T05:39:59.367+0000] {dagbag.py:588} INFO - Filling up the DagBag from /home/airflow/.local/lib/python3.12/site-packages/airflow/example_dags/example_branch_operator.py
[2026-08-06T05:39:59.423+0000] {processor.py:925} INFO - DAG(s) 'example_branch_operator' retrieved from /home/airflow/.local/lib/python3.12/site-packages/airflow/example_dags/example_branch_operator.py
[2026-08-06T05:39:59.476+0000] {logging_mixin.py:190} INFO - [2026-08-06T05:39:59.475+0000] {dag.py:3239} INFO - Sync 1 DAGs
[2026-08-06T05:39:59.531+0000] {logging_mixin.py:190} INFO - [2026-08-06T05:39:59.530+0000] {dag.py:4180} INFO - Setting next_dagrun for example_branch_operator to 2026-08-05 00:00:00+00:00, run_after=2026-08-06 00:00:00+00:00
[2026-08-06T05:39:59.619+0000] {processor.py:208} INFO - Processing /home/airflow/.local/lib/python3.12/site-packages/airflow/example_dags/example_branch_operator.py took 0.273 seconds
[2026-08-06T05:40:29.866+0000] {processor.py:186} INFO - Started process (PID=538) to work on /home/airflow/.local/lib/python3.12/site-packages/airflow/example_dags/example_branch_operator.py
[2026-08-06T05:40:29.869+0000] {processor.py:914} INFO - Processing file /home/airflow/.local/lib/python3.12/site-packages/airflow/example_dags/example_branch_operator.py for tasks to queue
[2026-08-06T05:40:29.875+0000] {logging_mixin.py:190} INFO - [2026-08-06T05:40:29.874+0000] {dagbag.py:588} INFO - Filling up the DagBag from /home/airflow/.local/lib/python3.12/site-packages/airflow/example_dags/example_branch_operator.py
[2026-08-06T05:40:29.907+0000] {processor.py:925} INFO - DAG(s) 'example_branch_operator' retrieved from /home/airflow/.local/lib/python3.12/site-packages/airflow/example_dags/example_branch_operator.py
[2026-08-06T05:40:29.951+0000] {logging_mixin.py:190} INFO - [2026-08-06T05:40:29.951+0000] {dag.py:3239} INFO - Sync 1 DAGs
[2026-08-06T05:40:29.990+0000] {logging_mixin.py:190} INFO - [2026-08-06T05:40:29.989+0000] {dag.py:4180} INFO - Setting next_dagrun for example_branch_operator to 2026-08-05 00:00:00+00:00, run_after=2026-08-06 00:00:00+00:00
[2026-08-06T05:40:30.029+0000] {processor.py:208} INFO - Processing /home/airflow/.local/lib/python3.12/site-packages/airflow/example_dags/example_branch_operator.py took 0.177 seconds
[2026-08-06T05:41:00.097+0000] {processor.py:186} INFO - Started process (PID=602) to work on /home/airflow/.local/lib/python3.12/site-packages/airflow/example_dags/example_branch_operator.py
[2026-08-06T05:41:00.099+0000] {processor.py:914} INFO - Processing file /home/airflow/.local/lib/python3.12/site-packages/airflow/example_dags/example_branch_operator.py for tasks to queue
[2026-08-06T05:41:00.103+0000] {logging_mixin.py:190} INFO - [2026-08-06T05:41:00.103+0000] {dagbag.py:588} INFO - Filling up the DagBag from /home/airflow/.local/lib/python3.12/site-packages/airflow/example_dags/example_branch_operator.py
[2026-08-06T05:41:00.131+0000] {processor.py:925} INFO - DAG(s) 'example_branch_operator' retrieved from /home/airflow/.local/lib/python3.12/site-packages/airflow/example_dags/example_branch_operator.py
[2026-08-06T05:41:00.184+0000] {logging_mixin.py:190} INFO - [2026-08-06T05:41:00.184+0000] {dag.py:3239} INFO - Sync 1 DAGs
[2026-08-06T05:41:00.227+0000] {logging_mixin.py:190} INFO - [2026-08-06T05:41:00.226+0000] {dag.py:4180} INFO - Setting next_dagrun for example_branch_operator to 2026-08-05 00:00:00+00:00, run_after=2026-08-06 00:00:00+00:00
[2026-08-06T05:41:00.259+0000] {processor.py:208} INFO - Processing /home/airflow/.local/lib/python3.12/site-packages/airflow/example_dags/example_branch_operator.py took 0.170 seconds
[2026-08-06T05:41:31.125+0000] {processor.py:186} INFO - Started process (PID=666) to work on /home/airflow/.local/lib/python3.12/site-packages/airflow/example_dags/example_branch_operator.py
[2026-08-06T05:41:31.128+0000] {processor.py:914} INFO - Processing file /home/airflow/.local/lib/python3.12/site-packages/airflow/example_dags/example_branch_operator.py for tasks to queue
[2026-08-06T05:41:31.134+0000] {logging_mixin.py:190} INFO - [2026-08-06T05:41:31.133+0000] {dagbag.py:588} INFO - Filling up the DagBag from /home/airflow/.local/lib/python3.12/site-packages/airflow/example_dags/example_branch_operator.py
[2026-08-06T05:41:31.173+0000] {processor.py:925} INFO - DAG(s) 'example_branch_operator' retrieved from /home/airflow/.local/lib/python3.12/site-packages/airflow/example_dags/example_branch_operator.py
[2026-08-06T05:41:31.241+0000] {logging_mixin.py:190} INFO - [2026-08-06T05:41:31.240+0000] {dag.py:3239} INFO - Sync 1 DAGs
[2026-08-06T05:41:31.298+0000] {logging_mixin.py:190} INFO - [2026-08-06T05:41:31.297+0000] {dag.py:4180} INFO - Setting next_dagrun for example_branch_operator to 2026-08-05 00:00:00+00:00, run_after=2026-08-06 00:00:00+00:00
[2026-08-06T05:41:31.342+0000] {processor.py:208} INFO - Processing /home/airflow/.local/lib/python3.12/site-packages/airflow/example_dags/example_branch_operator.py took 0.230 seconds
[2026-08-06T05:42:01.419+0000] {processor.py:186} INFO - Started process (PID=730) to work on /home/airflow/.local/lib/python3.12/site-packages/airflow/example_dags/example_branch_operator.py
[2026-08-06T05:42:01.421+0000] {processor.py:914} INFO - Processing file /home/airflow/.local/lib/python3.12/site-packages/airflow/example_dags/example_branch_operator.py for tasks to queue
[2026-08-06T05:42:01.425+0000] {logging_mixin.py:190} INFO - [2026-08-06T05:42:01.424+0000] {dagbag.py:588} INFO - Filling up the DagBag from /home/airflow/.local/lib/python3.12/site-packages/airflow/example_dags/example_branch_operator.py
[2026-08-06T05:42:01.462+0000] {processor.py:925} INFO - DAG(s) 'example_branch_operator' retrieved from /home/airflow/.local/lib/python3.12/site-packages/airflow/example_dags/example_branch_operator.py
[2026-08-06T05:42:01.511+0000] {logging_mixin.py:190} INFO - [2026-08-06T05:42:01.511+0000] {dag.py:3239} INFO - Sync 1 DAGs
[2026-08-06T05:42:01.551+0000] {logging_mixin.py:190} INFO - [2026-08-06T05:42:01.551+0000] {dag.py:4180} INFO - Setting next_dagrun for example_branch_operator to 2026-08-05 00:00:00+00:00, run_after=2026-08-06 00:00:00+00:00
[2026-08-06T05:42:01.585+0000] {processor.py:208} INFO - Processing /home/airflow/.local/lib/python3.12/site-packages/airflow/example_dags/example_branch_operator.py took 0.173 seconds
[2026-08-06T05:42:31.784+0000] {processor.py:186} INFO - Started process (PID=794) to work on /home/airflow/.local/lib/python3.12/site-packages/airflow/example_dags/example_branch_operator.py
[2026-08-06T05:42:31.787+0000] {processor.py:914} INFO - Processing file /home/airflow/.local/lib/python3.12/site-packages/airflow/example_dags/example_branch_operator.py for tasks to queue
[2026-08-06T05:42:31.793+0000] {logging_mixin.py:190} INFO - [2026-08-06T05:42:31.790+0000] {dagbag.py:588} INFO - Filling up the DagBag from /home/airflow/.local/lib/python3.12/site-packages/airflow/example_dags/example_branch_operator.py
[2026-08-06T05:42:31.826+0000] {processor.py:925} INFO - DAG(s) 'example_branch_operator' retrieved from /home/airflow/.local/lib/python3.12/site-packages/airflow/example_dags/example_branch_operator.py
[2026-08-06T05:42:31.875+0000] {logging_mixin.py:190} INFO - [2026-08-06T05:42:31.875+0000] {dag.py:3239} INFO - Sync 1 DAGs
[2026-08-06T05:42:31.912+0000] {logging_mixin.py:190} INFO - [2026-08-06T05:42:31.912+0000] {dag.py:4180} INFO - Setting next_dagrun for example_branch_operator to 2026-08-05 00:00:00+00:00, run_after=2026-08-06 00:00:00+00:00
[2026-08-06T05:42:31.952+0000] {processor.py:208} INFO - Processing /home/airflow/.local/lib/python3.12/site-packages/airflow/example_dags/example_branch_operator.py took 0.178 seconds
[2026-08-06T05:43:02.748+0000] {processor.py:186} INFO - Started process (PID=858) to work on /home/airflow/.local/lib/python3.12/site-packages/airflow/example_dags/example_branch_operator.py
[2026-08-06T05:43:02.754+0000] {processor.py:914} INFO - Processing file /home/airflow/.local/lib/python3.12/site-packages/airflow/example_dags/example_branch_operator.py for tasks to queue
[2026-08-06T05:43:02.762+0000] {logging_mixin.py:190} INFO - [2026-08-06T05:43:02.761+0000] {dagbag.py:588} INFO - Filling up the DagBag from /home/airflow/.local/lib/python3.12/site-packages/airflow/example_dags/example_branch_operator.py
[2026-08-06T05:43:02.794+0000] {processor.py:925} INFO - DAG(s) 'example_branch_operator' retrieved from /home/airflow/.local/lib/python3.12/site-packages/airflow/example_dags/example_branch_operator.py
[2026-08-06T05:43:02.833+0000] {logging_mixin.py:190} INFO - [2026-08-06T05:43:02.833+0000] {dag.py:3239} INFO - Sync 1 DAGs
[2026-08-06T05:43:02.880+0000] {logging_mixin.py:190} INFO - [2026-08-06T05:43:02.880+0000] {dag.py:4180} INFO - Setting next_dagrun for example_branch_operator to 2026-08-05 00:00:00+00:00, run_after=2026-08-06 00:00:00+00:00
[2026-08-06T05:43:02.909+0000] {processor.py:208} INFO - Processing /home/airflow/.local/lib/python3.12/site-packages/airflow/example_dags/example_branch_operator.py took 0.175 seconds
[2026-08-06T05:43:33.840+0000] {processor.py:186} INFO - Started process (PID=921) to work on /home/airflow/.local/lib/python3.12/site-packages/airflow/example_dags/example_branch_operator.py
[2026-08-06T05:43:33.842+0000] {processor.py:914} INFO - Processing file /home/airflow/.local/lib/python3.12/site-packages/airflow/example_dags/example_branch_operator.py for tasks to queue
[2026-08-06T05:43:33.849+0000] {logging_mixin.py:190} INFO - [2026-08-06T05:43:33.848+0000] {dagbag.py:588} INFO - Filling up the DagBag from /home/airflow/.local/lib/python3.12/site-packages/airflow/example_dags/example_branch_operator.py
[2026-08-06T05:43:33.887+0000] {processor.py:925} INFO - DAG(s) 'example_branch_operator' retrieved from /home/airflow/.local/lib/python3.12/site-packages/airflow/example_dags/example_branch_operator.py
[2026-08-06T05:43:33.929+0000] {logging_mixin.py:190} INFO - [2026-08-06T05:43:33.929+0000] {dag.py:3239} INFO - Sync 1 DAGs
[2026-08-06T05:43:33.981+0000] {logging_mixin.py:190} INFO - [2026-08-06T05:43:33.981+0000] {dag.py:4180} INFO - Setting next_dagrun for example_branch_operator to 2026-08-05 00:00:00+00:00, run_after=2026-08-06 00:00:00+00:00
[2026-08-06T05:43:34.011+0000] {processor.py:208} INFO - Processing /home/airflow/.local/lib/python3.12/site-packages/airflow/example_dags/example_branch_operator.py took 0.188 seconds
[2026-08-06T05:44:04.697+0000] {processor.py:186} INFO - Started process (PID=999) to work on /home/airflow/.local/lib/python3.12/site-packages/airflow/example_dags/example_branch_operator.py
[2026-08-06T05:44:04.700+0000] {processor.py:914} INFO - Processing file /home/airflow/.local/lib/python3.12/site-packages/airflow/example_dags/example_branch_operator.py for tasks to queue
[2026-08-06T05:44:04.708+0000] {logging_mixin.py:190} INFO - [2026-08-06T05:44:04.707+0000] {dagbag.py:588} INFO - Filling up the DagBag from /home/airflow/.local/lib/python3.12/site-packages/airflow/example_dags/example_branch_operator.py
[2026-08-06T05:44:04.739+0000] {processor.py:925} INFO - DAG(s) 'example_branch_operator' retrieved from /home/airflow/.local/lib/python3.12/site-packages/airflow/example_dags/example_branch_operator.py
[2026-08-06T05:44:04.788+0000] {logging_mixin.py:190} INFO - [2026-08-06T05:44:04.787+0000] {dag.py:3239} INFO - Sync 1 DAGs
[2026-08-06T05:44:04.826+0000] {logging_mixin.py:190} INFO - [2026-08-06T05:44:04.826+0000] {dag.py:4180} INFO - Setting next_dagrun for example_branch_operator to 2026-08-05 00:00:00+00:00, run_after=2026-08-06 00:00:00+00:00
[2026-08-06T05:44:04.888+0000] {processor.py:208} INFO - Processing /home/airflow/.local/lib/python3.12/site-packages/airflow/example_dags/example_branch_operator.py took 0.202 seconds
[2026-08-06T05:44:35.571+0000] {processor.py:186} INFO - Started process (PID=1063) to work on /home/airflow/.local/lib/python3.12/site-packages/airflow/example_dags/example_branch_operator.py
[2026-08-06T05:44:35.575+0000] {processor.py:914} INFO - Processing file /home/airflow/.local/lib/python3.12/site-packages/airflow/example_dags/example_branch_operator.py for tasks to queue
[2026-08-06T05:44:35.582+0000] {logging_mixin.py:190} INFO - [2026-08-06T05:44:35.581+0000] {dagbag.py:588} INFO - Filling up the DagBag from /home/airflow/.local/lib/python3.12/site-packages/airflow/example_dags/example_branch_operator.py
[2026-08-06T05:44:35.615+0000] {processor.py:925} INFO - DAG(s) 'example_branch_operator' retrieved from /home/airflow/.local/lib/python3.12/site-packages/airflow/example_dags/example_branch_operator.py
[2026-08-06T05:44:35.669+0000] {logging_mixin.py:190} INFO - [2026-08-06T05:44:35.668+0000] {dag.py:3239} INFO - Sync 1 DAGs
[2026-08-06T05:44:35.715+0000] {logging_mixin.py:190} INFO - [2026-08-06T05:44:35.715+0000] {dag.py:4180} INFO - Setting next_dagrun for example_branch_operator to 2026-08-05 00:00:00+00:00, run_after=2026-08-06 00:00:00+00:00
[2026-08-06T05:44:35.869+0000] {processor.py:208} INFO - Processing /home/airflow/.local/lib/python3.12/site-packages/airflow/example_dags/example_branch_operator.py took 0.315 seconds
[2026-08-06T05:45:06.731+0000] {processor.py:186} INFO - Started process (PID=1126) to work on /home/airflow/.local/lib/python3.12/site-packages/airflow/example_dags/example_branch_operator.py
[2026-08-06T05:45:06.734+0000] {processor.py:914} INFO - Processing file /home/airflow/.local/lib/python3.12/site-packages/airflow/example_dags/example_branch_operator.py for tasks to queue
[2026-08-06T05:45:06.741+0000] {logging_mixin.py:190} INFO - [2026-08-06T05:45:06.741+0000] {dagbag.py:588} INFO - Filling up the DagBag from /home/airflow/.local/lib/python3.12/site-packages/airflow/example_dags/example_branch_operator.py
[2026-08-06T05:45:06.777+0000] {processor.py:925} INFO - DAG(s) 'example_branch_operator' retrieved from /home/airflow/.local/lib/python3.12/site-packages/airflow/example_dags/example_branch_operator.py
[2026-08-06T05:45:06.831+0000] {logging_mixin.py:190} INFO - [2026-08-06T05:45:06.831+0000] {dag.py:3239} INFO - Sync 1 DAGs
[2026-08-06T05:45:06.879+0000] {logging_mixin.py:190} INFO - [2026-08-06T05:45:06.878+0000] {dag.py:4180} INFO - Setting next_dagrun for example_branch_operator to 2026-08-05 00:00:00+00:00, run_after=2026-08-06 00:00:00+00:00
[2026-08-06T05:45:06.918+0000] {processor.py:208} INFO - Processing /home/airflow/.local/lib/python3.12/site-packages/airflow/example_dags/example_branch_operator.py took 0.202 seconds
[2026-08-06T05:45:38.130+0000] {processor.py:186} INFO - Started process (PID=1190) to work on /home/airflow/.local/lib/python3.12/site-packages/airflow/example_dags/example_branch_operator.py
[2026-08-06T05:45:38.133+0000] {processor.py:914} INFO - Processing file /home/airflow/.local/lib/python3.12/site-packages/airflow/example_dags/example_branch_operator.py for tasks to queue
[2026-08-06T05:45:38.138+0000] {logging_mixin.py:190} INFO - [2026-08-06T05:45:38.137+0000] {dagbag.py:588} INFO - Filling up the DagBag from /home/airflow/.local/lib/python3.12/site-packages/airflow/example_dags/example_branch_operator.py
[2026-08-06T05:45:38.167+0000] {processor.py:925} INFO - DAG(s) 'example_branch_operator' retrieved from /home/airflow/.local/lib/python3.12/site-packages/airflow/example_dags/example_branch_operator.py
[2026-08-06T05:45:38.223+0000] {logging_mixin.py:190} INFO - [2026-08-06T05:45:38.222+0000] {dag.py:3239} INFO - Sync 1 DAGs
[2026-08-06T05:45:38.269+0000] {logging_mixin.py:190} INFO - [2026-08-06T05:45:38.269+0000] {dag.py:4180} INFO - Setting next_dagrun for example_branch_operator to 2026-08-05 00:00:00+00:00, run_after=2026-08-06 00:00:00+00:00
[2026-08-06T05:45:38.330+0000] {processor.py:208} INFO - Processing /home/airflow/.local/lib/python3.12/site-packages/airflow/example_dags/example_branch_operator.py took 0.213 seconds
[2026-08-06T05:46:09.192+0000] {processor.py:186} INFO - Started process (PID=1250) to work on /home/airflow/.local/lib/python3.12/site-packages/airflow/example_dags/example_branch_operator.py
[2026-08-06T05:46:09.196+0000] {processor.py:914} INFO - Processing file /home/airflow/.local/lib/python3.12/site-packages/airflow/example_dags/example_branch_operator.py for tasks to queue
[2026-08-06T05:46:09.203+0000] {logging_mixin.py:190} INFO - [2026-08-06T05:46:09.203+0000] {dagbag.py:588} INFO - Filling up the DagBag from /home/airflow/.local/lib/python3.12/site-packages/airflow/example_dags/example_branch_operator.py
[2026-08-06T05:46:09.245+0000] {processor.py:925} INFO - DAG(s) 'example_branch_operator' retrieved from /home/airflow/.local/lib/python3.12/site-packages/airflow/example_dags/example_branch_operator.py
[2026-08-06T05:46:09.308+0000] {logging_mixin.py:190} INFO - [2026-08-06T05:46:09.307+0000] {dag.py:3239} INFO - Sync 1 DAGs
[2026-08-06T05:46:09.352+0000] {logging_mixin.py:190} INFO - [2026-08-06T05:46:09.351+0000] {dag.py:4180} INFO - Setting next_dagrun for example_branch_operator to 2026-08-05 00:00:00+00:00, run_after=2026-08-06 00:00:00+00:00
[2026-08-06T05:46:09.391+0000] {processor.py:208} INFO - Processing /home/airflow/.local/lib/python3.12/site-packages/airflow/example_dags/example_branch_operator.py took 0.212 seconds
[2026-08-06T05:46:39.516+0000] {processor.py:186} INFO - Started process (PID=1314) to work on /home/airflow/.local/lib/python3.12/site-packages/airflow/example_dags/example_branch_operator.py
[2026-08-06T05:46:39.517+0000] {processor.py:914} INFO - Processing file /home/airflow/.local/lib/python3.12/site-packages/airflow/example_dags/example_branch_operator.py for tasks to queue
[2026-08-06T05:46:39.522+0000] {logging_mixin.py:190} INFO - [2026-08-06T05:46:39.522+0000] {dagbag.py:588} INFO - Filling up the DagBag from /home/airflow/.local/lib/python3.12/site-packages/airflow/example_dags/example_branch_operator.py
[2026-08-06T05:46:39.558+0000] {processor.py:925} INFO - DAG(s) 'example_branch_operator' retrieved from /home/airflow/.local/lib/python3.12/site-packages/airflow/example_dags/example_branch_operator.py
[2026-08-06T05:46:39.601+0000] {logging_mixin.py:190} INFO - [2026-08-06T05:46:39.600+0000] {dag.py:3239} INFO - Sync 1 DAGs
[2026-08-06T05:46:39.662+0000] {logging_mixin.py:190} INFO - [2026-08-06T05:46:39.661+0000] {dag.py:4180} INFO - Setting next_dagrun for example_branch_operator to 2026-08-05 00:00:00+00:00, run_after=2026-08-06 00:00:00+00:00
[2026-08-06T05:46:39.712+0000] {processor.py:208} INFO - Processing /home/airflow/.local/lib/python3.12/site-packages/airflow/example_dags/example_branch_operator.py took 0.206 seconds
[2026-08-06T05:47:12.861+0000] {processor.py:186} INFO - Started process (PID=1377) to work on /home/airflow/.local/lib/python3.12/site-packages/airflow/example_dags/example_branch_operator.py
[2026-08-06T05:47:12.862+0000] {processor.py:914} INFO - Processing file /home/airflow/.local/lib/python3.12/site-packages/airflow/example_dags/example_branch_operator.py for tasks to queue
[2026-08-06T05:47:12.868+0000] {logging_mixin.py:190} INFO - [2026-08-06T05:47:12.867+0000] {dagbag.py:588} INFO - Filling up the DagBag from /home/airflow/.local/lib/python3.12/site-packages/airflow/example_dags/example_branch_operator.py
[2026-08-06T05:47:12.912+0000] {processor.py:925} INFO - DAG(s) 'example_branch_operator' retrieved from /home/airflow/.local/lib/python3.12/site-packages/airflow/example_dags/example_branch_operator.py
[2026-08-06T05:47:12.989+0000] {logging_mixin.py:190} INFO - [2026-08-06T05:47:12.989+0000] {dag.py:3239} INFO - Sync 1 DAGs
[2026-08-06T05:47:13.031+0000] {logging_mixin.py:190} INFO - [2026-08-06T05:47:13.031+0000] {dag.py:4180} INFO - Setting next_dagrun for example_branch_operator to 2026-08-05 00:00:00+00:00, run_after=2026-08-06 00:00:00+00:00
[2026-08-06T05:47:13.075+0000] {processor.py:208} INFO - Processing /home/airflow/.local/lib/python3.12/site-packages/airflow/example_dags/example_branch_operator.py took 0.224 seconds
[2026-08-06T05:47:43.726+0000] {processor.py:186} INFO - Started process (PID=1441) to work on /home/airflow/.local/lib/python3.12/site-packages/airflow/example_dags/example_branch_operator.py
[2026-08-06T05:47:43.761+0000] {processor.py:914} INFO - Processing file /home/airflow/.local/lib/python3.12/site-packages/airflow/example_dags/example_branch_operator.py for tasks to queue
[2026-08-06T05:47:43.767+0000] {logging_mixin.py:190} INFO - [2026-08-06T05:47:43.766+0000] {dagbag.py:588} INFO - Filling up the DagBag from /home/airflow/.local/lib/python3.12/site-packages/airflow/example_dags/example_branch_operator.py
[2026-08-06T05:47:43.793+0000] {processor.py:925} INFO - DAG(s) 'example_branch_operator' retrieved from /home/airflow/.local/lib/python3.12/site-packages/airflow/example_dags/example_branch_operator.py
[2026-08-06T05:47:43.829+0000] {logging_mixin.py:190} INFO - [2026-08-06T05:47:43.829+0000] {dag.py:3239} INFO - Sync 1 DAGs
[2026-08-06T05:47:43.864+0000] {logging_mixin.py:190} INFO - [2026-08-06T05:47:43.863+0000] {dag.py:4180} INFO - Setting next_dagrun for example_branch_operator to 2026-08-05 00:00:00+00:00, run_after=2026-08-06 00:00:00+00:00
[2026-08-06T05:47:43.944+0000] {processor.py:208} INFO - Processing /home/airflow/.local/lib/python3.12/site-packages/airflow/example_dags/example_branch_operator.py took 0.235 seconds
[2026-08-06T05:48:15.351+0000] {processor.py:186} INFO - Started process (PID=1505) to work on /home/airflow/.local/lib/python3.12/site-packages/airflow/example_dags/example_branch_operator.py
[2026-08-06T05:48:15.354+0000] {processor.py:914} INFO - Processing file /home/airflow/.local/lib/python3.12/site-packages/airflow/example_dags/example_branch_operator.py for tasks to queue
[2026-08-06T05:48:15.358+0000] {logging_mixin.py:190} INFO - [2026-08-06T05:48:15.358+0000] {dagbag.py:588} INFO - Filling up the DagBag from /home/airflow/.local/lib/python3.12/site-packages/airflow/example_dags/example_branch_operator.py
[2026-08-06T05:48:15.392+0000] {processor.py:925} INFO - DAG(s) 'example_branch_operator' retrieved from /home/airflow/.local/lib/python3.12/site-packages/airflow/example_dags/example_branch_operator.py
[2026-08-06T05:48:15.455+0000] {logging_mixin.py:190} INFO - [2026-08-06T05:48:15.454+0000] {dag.py:3239} INFO - Sync 1 DAGs
[2026-08-06T05:48:15.494+0000] {logging_mixin.py:190} INFO - [2026-08-06T05:48:15.493+0000] {dag.py:4180} INFO - Setting next_dagrun for example_branch_operator to 2026-08-05 00:00:00+00:00, run_after=2026-08-06 00:00:00+00:00
[2026-08-06T05:48:15.539+0000] {processor.py:208} INFO - Processing /home/airflow/.local/lib/python3.12/site-packages/airflow/example_dags/example_branch_operator.py took 0.199 seconds
[2026-08-06T05:48:45.748+0000] {processor.py:186} INFO - Started process (PID=1571) to work on /home/airflow/.local/lib/python3.12/site-packages/airflow/example_dags/example_branch_operator.py
[2026-08-06T05:48:45.751+0000] {processor.py:914} INFO - Processing file /home/airflow/.local/lib/python3.12/site-packages/airflow/example_dags/example_branch_operator.py for tasks to queue
[2026-08-06T05:48:45.763+0000] {logging_mixin.py:190} INFO - [2026-08-06T05:48:45.760+0000] {dagbag.py:588} INFO - Filling up the DagBag from /home/airflow/.local/lib/python3.12/site-packages/airflow/example_dags/example_branch_operator.py
[2026-08-06T05:48:45.834+0000] {processor.py:925} INFO - DAG(s) 'example_branch_operator' retrieved from /home/airflow/.local/lib/python3.12/site-packages/airflow/example_dags/example_branch_operator.py
[2026-08-06T05:48:45.921+0000] {logging_mixin.py:190} INFO - [2026-08-06T05:48:45.921+0000] {dag.py:3239} INFO - Sync 1 DAGs
[2026-08-06T05:48:46.001+0000] {logging_mixin.py:190} INFO - [2026-08-06T05:48:46.001+0000] {dag.py:4180} INFO - Setting next_dagrun for example_branch_operator to 2026-08-05 00:00:00+00:00, run_after=2026-08-06 00:00:00+00:00
[2026-08-06T05:48:46.050+0000] {processor.py:208} INFO - Processing /home/airflow/.local/lib/python3.12/site-packages/airflow/example_dags/example_branch_operator.py took 0.319 seconds
[2026-08-06T05:49:16.597+0000] {processor.py:186} INFO - Started process (PID=1642) to work on /home/airflow/.local/lib/python3.12/site-packages/airflow/example_dags/example_branch_operator.py
[2026-08-06T05:49:16.599+0000] {processor.py:914} INFO - Processing file /home/airflow/.local/lib/python3.12/site-packages/airflow/example_dags/example_branch_operator.py for tasks to queue
[2026-08-06T05:49:16.602+0000] {logging_mixin.py:190} INFO - [2026-08-06T05:49:16.602+0000] {dagbag.py:588} INFO - Filling up the DagBag from /home/airflow/.local/lib/python3.12/site-packages/airflow/example_dags/example_branch_operator.py
[2026-08-06T05:49:16.634+0000] {processor.py:925} INFO - DAG(s) 'example_branch_operator' retrieved from /home/airflow/.local/lib/python3.12/site-packages/airflow/example_dags/example_branch_operator.py
[2026-08-06T05:49:16.668+0000] {logging_mixin.py:190} INFO - [2026-08-06T05:49:16.667+0000] {dag.py:3239} INFO - Sync 1 DAGs
[2026-08-06T05:49:16.700+0000] {logging_mixin.py:190} INFO - [2026-08-06T05:49:16.700+0000] {dag.py:4180} INFO - Setting next_dagrun for example_branch_operator to 2026-08-05 00:00:00+00:00, run_after=2026-08-06 00:00:00+00:00
[2026-08-06T05:49:16.785+0000] {processor.py:208} INFO - Processing /home/airflow/.local/lib/python3.12/site-packages/airflow/example_dags/example_branch_operator.py took 0.197 seconds
[2026-08-06T05:49:47.853+0000] {processor.py:186} INFO - Started process (PID=1705) to work on /home/airflow/.local/lib/python3.12/site-packages/airflow/example_dags/example_branch_operator.py
[2026-08-06T05:49:47.857+0000] {processor.py:914} INFO - Processing file /home/airflow/.local/lib/python3.12/site-packages/airflow/example_dags/example_branch_operator.py for tasks to queue
[2026-08-06T05:49:47.861+0000] {logging_mixin.py:190} INFO - [2026-08-06T05:49:47.861+0000] {dagbag.py:588} INFO - Filling up the DagBag from /home/airflow/.local/lib/python3.12/site-packages/airflow/example_dags/example_branch_operator.py
[2026-08-06T05:49:47.893+0000] {processor.py:925} INFO - DAG(s) 'example_branch_operator' retrieved from /home/airflow/.local/lib/python3.12/site-packages/airflow/example_dags/example_branch_operator.py
[2026-08-06T05:49:47.942+0000] {logging_mixin.py:190} INFO - [2026-08-06T05:49:47.942+0000] {dag.py:3239} INFO - Sync 1 DAGs
[2026-08-06T05:49:47.986+0000] {logging_mixin.py:190} INFO - [2026-08-06T05:49:47.986+0000] {dag.py:4180} INFO - Setting next_dagrun for example_branch_operator to 2026-08-05 00:00:00+00:00, run_after=2026-08-06 00:00:00+00:00
[2026-08-06T05:49:48.060+0000] {processor.py:208} INFO - Processing /home/airflow/.local/lib/python3.12/site-packages/airflow/example_dags/example_branch_operator.py took 0.228 seconds
[2026-08-06T05:50:18.665+0000] {processor.py:186} INFO - Started process (PID=1768) to work on /home/airflow/.local/lib/python3.12/site-packages/airflow/example_dags/example_branch_operator.py
[2026-08-06T05:50:18.672+0000] {processor.py:914} INFO - Processing file /home/airflow/.local/lib/python3.12/site-packages/airflow/example_dags/example_branch_operator.py for tasks to queue
[2026-08-06T05:50:18.677+0000] {logging_mixin.py:190} INFO - [2026-08-06T05:50:18.676+0000] {dagbag.py:588} INFO - Filling up the DagBag from /home/airflow/.local/lib/python3.12/site-packages/airflow/example_dags/example_branch_operator.py
[2026-08-06T05:50:18.704+0000] {processor.py:925} INFO - DAG(s) 'example_branch_operator' retrieved from /home/airflow/.local/lib/python3.12/site-packages/airflow/example_dags/example_branch_operator.py
[2026-08-06T05:50:18.748+0000] {logging_mixin.py:190} INFO - [2026-08-06T05:50:18.747+0000] {dag.py:3239} INFO - Sync 1 DAGs
[2026-08-06T05:50:18.786+0000] {logging_mixin.py:190} INFO - [2026-08-06T05:50:18.786+0000] {dag.py:4180} INFO - Setting next_dagrun for example_branch_operator to 2026-08-05 00:00:00+00:00, run_after=2026-08-06 00:00:00+00:00
[2026-08-06T05:50:18.834+0000] {processor.py:208} INFO - Processing /home/airflow/.local/lib/python3.12/site-packages/airflow/example_dags/example_branch_operator.py took 0.180 seconds
[2026-08-06T05:50:49.177+0000] {processor.py:186} INFO - Started process (PID=1833) to work on /home/airflow/.local/lib/python3.12/site-packages/airflow/example_dags/example_branch_operator.py
[2026-08-06T05:50:49.179+0000] {processor.py:914} INFO - Processing file /home/airflow/.local/lib/python3.12/site-packages/airflow/example_dags/example_branch_operator.py for tasks to queue
[2026-08-06T05:50:49.183+0000] {logging_mixin.py:190} INFO - [2026-08-06T05:50:49.182+0000] {dagbag.py:588} INFO - Filling up the DagBag from /home/airflow/.local/lib/python3.12/site-packages/airflow/example_dags/example_branch_operator.py
[2026-08-06T05:50:49.203+0000] {processor.py:925} INFO - DAG(s) 'example_branch_operator' retrieved from /home/airflow/.local/lib/python3.12/site-packages/airflow/example_dags/example_branch_operator.py
[2026-08-06T05:50:49.236+0000] {logging_mixin.py:190} INFO - [2026-08-06T05:50:49.235+0000] {dag.py:3239} INFO - Sync 1 DAGs
[2026-08-06T05:50:49.268+0000] {logging_mixin.py:190} INFO - [2026-08-06T05:50:49.268+0000] {dag.py:4180} INFO - Setting next_dagrun for example_branch_operator to 2026-08-05 00:00:00+00:00, run_after=2026-08-06 00:00:00+00:00
[2026-08-06T05:50:49.291+0000] {processor.py:208} INFO - Processing /home/airflow/.local/lib/python3.12/site-packages/airflow/example_dags/example_branch_operator.py took 0.122 seconds
[2026-08-06T05:51:19.589+0000] {processor.py:186} INFO - Started process (PID=1896) to work on /home/airflow/.local/lib/python3.12/site-packages/airflow/example_dags/example_branch_operator.py
[2026-08-06T05:51:19.591+0000] {processor.py:914} INFO - Processing file /home/airflow/.local/lib/python3.12/site-packages/airflow/example_dags/example_branch_operator.py for tasks to queue
[2026-08-06T05:51:19.595+0000] {logging_mixin.py:190} INFO - [2026-08-06T05:51:19.594+0000] {dagbag.py:588} INFO - Filling up the DagBag from /home/airflow/.local/lib/python3.12/site-packages/airflow/example_dags/example_branch_operator.py
[2026-08-06T05:51:19.630+0000] {processor.py:925} INFO - DAG(s) 'example_branch_operator' retrieved from /home/airflow/.local/lib/python3.12/site-packages/airflow/example_dags/example_branch_operator.py
[2026-08-06T05:51:19.679+0000] {logging_mixin.py:190} INFO - [2026-08-06T05:51:19.678+0000] {dag.py:3239} INFO - Sync 1 DAGs
[2026-08-06T05:51:19.715+0000] {logging_mixin.py:190} INFO - [2026-08-06T05:51:19.714+0000] {dag.py:4180} INFO - Setting next_dagrun for example_branch_operator to 2026-08-05 00:00:00+00:00, run_after=2026-08-06 00:00:00+00:00
[2026-08-06T05:51:19.759+0000] {processor.py:208} INFO - Processing /home/airflow/.local/lib/python3.12/site-packages/airflow/example_dags/example_branch_operator.py took 0.187 seconds
[2026-08-06T05:51:50.391+0000] {processor.py:186} INFO - Started process (PID=1960) to work on /home/airflow/.local/lib/python3.12/site-packages/airflow/example_dags/example_branch_operator.py
[2026-08-06T05:51:50.394+0000] {processor.py:914} INFO - Processing file /home/airflow/.local/lib/python3.12/site-packages/airflow/example_dags/example_branch_operator.py for tasks to queue
[2026-08-06T05:51:50.398+0000] {logging_mixin.py:190} INFO - [2026-08-06T05:51:50.398+0000] {dagbag.py:588} INFO - Filling up the DagBag from /home/airflow/.local/lib/python3.12/site-packages/airflow/example_dags/example_branch_operator.py
[2026-08-06T05:51:50.437+0000] {processor.py:925} INFO - DAG(s) 'example_branch_operator' retrieved from /home/airflow/.local/lib/python3.12/site-packages/airflow/example_dags/example_branch_operator.py
[2026-08-06T05:51:50.490+0000] {logging_mixin.py:190} INFO - [2026-08-06T05:51:50.490+0000] {dag.py:3239} INFO - Sync 1 DAGs
[2026-08-06T05:51:50.531+0000] {logging_mixin.py:190} INFO - [2026-08-06T05:51:50.531+0000] {dag.py:4180} INFO - Setting next_dagrun for example_branch_operator to 2026-08-05 00:00:00+00:00, run_after=2026-08-06 00:00:00+00:00
[2026-08-06T05:51:50.576+0000] {processor.py:208} INFO - Processing /home/airflow/.local/lib/python3.12/site-packages/airflow/example_dags/example_branch_operator.py took 0.196 seconds
[2026-08-06T05:52:21.186+0000] {processor.py:186} INFO - Started process (PID=2021) to work on /home/airflow/.local/lib/python3.12/site-packages/airflow/example_dags/example_branch_operator.py
[2026-08-06T05:52:21.193+0000] {processor.py:914} INFO - Processing file /home/airflow/.local/lib/python3.12/site-packages/airflow/example_dags/example_branch_operator.py for tasks to queue
[2026-08-06T05:52:21.201+0000] {logging_mixin.py:190} INFO - [2026-08-06T05:52:21.200+0000] {dagbag.py:588} INFO - Filling up the DagBag from /home/airflow/.local/lib/python3.12/site-packages/airflow/example_dags/example_branch_operator.py
[2026-08-06T05:52:21.229+0000] {processor.py:925} INFO - DAG(s) 'example_branch_operator' retrieved from /home/airflow/.local/lib/python3.12/site-packages/airflow/example_dags/example_branch_operator.py
[2026-08-06T05:52:21.279+0000] {logging_mixin.py:190} INFO - [2026-08-06T05:52:21.279+0000] {dag.py:3239} INFO - Sync 1 DAGs
[2026-08-06T05:52:21.316+0000] {logging_mixin.py:190} INFO - [2026-08-06T05:52:21.315+0000] {dag.py:4180} INFO - Setting next_dagrun for example_branch_operator to 2026-08-05 00:00:00+00:00, run_after=2026-08-06 00:00:00+00:00
[2026-08-06T05:52:21.376+0000] {processor.py:208} INFO - Processing /home/airflow/.local/lib/python3.12/site-packages/airflow/example_dags/example_branch_operator.py took 0.199 seconds
[2026-08-06T05:52:51.486+0000] {processor.py:186} INFO - Started process (PID=2083) to work on /home/airflow/.local/lib/python3.12/site-packages/airflow/example_dags/example_branch_operator.py
[2026-08-06T05:52:51.493+0000] {processor.py:914} INFO - Processing file /home/airflow/.local/lib/python3.12/site-packages/airflow/example_dags/example_branch_operator.py for tasks to queue
[2026-08-06T05:52:51.500+0000] {logging_mixin.py:190} INFO - [2026-08-06T05:52:51.499+0000] {dagbag.py:588} INFO - Filling up the DagBag from /home/airflow/.local/lib/python3.12/site-packages/airflow/example_dags/example_branch_operator.py
[2026-08-06T05:52:51.544+0000] {processor.py:925} INFO - DAG(s) 'example_branch_operator' retrieved from /home/airflow/.local/lib/python3.12/site-packages/airflow/example_dags/example_branch_operator.py
[2026-08-06T05:52:51.833+0000] {logging_mixin.py:190} INFO - [2026-08-06T05:52:51.832+0000] {dag.py:3239} INFO - Sync 1 DAGs
[2026-08-06T05:52:51.897+0000] {logging_mixin.py:190} INFO - [2026-08-06T05:52:51.897+0000] {dag.py:4180} INFO - Setting next_dagrun for example_branch_operator to 2026-08-05 00:00:00+00:00, run_after=2026-08-06 00:00:00+00:00
[2026-08-06T05:52:51.966+0000] {processor.py:208} INFO - Processing /home/airflow/.local/lib/python3.12/site-packages/airflow/example_dags/example_branch_operator.py took 0.491 seconds
[2026-08-06T05:53:22.210+0000] {processor.py:186} INFO - Started process (PID=2146) to work on /home/airflow/.local/lib/python3.12/site-packages/airflow/example_dags/example_branch_operator.py
[2026-08-06T05:53:22.223+0000] {processor.py:914} INFO - Processing file /home/airflow/.local/lib/python3.12/site-packages/airflow/example_dags/example_branch_operator.py for tasks to queue
[2026-08-06T05:53:22.228+0000] {logging_mixin.py:190} INFO - [2026-08-06T05:53:22.228+0000] {dagbag.py:588} INFO - Filling up the DagBag from /home/airflow/.local/lib/python3.12/site-packages/airflow/example_dags/example_branch_operator.py
[2026-08-06T05:53:22.262+0000] {processor.py:925} INFO - DAG(s) 'example_branch_operator' retrieved from /home/airflow/.local/lib/python3.12/site-packages/airflow/example_dags/example_branch_operator.py
[2026-08-06T05:53:22.305+0000] {logging_mixin.py:190} INFO - [2026-08-06T05:53:22.305+0000] {dag.py:3239} INFO - Sync 1 DAGs
[2026-08-06T05:53:22.348+0000] {logging_mixin.py:190} INFO - [2026-08-06T05:53:22.347+0000] {dag.py:4180} INFO - Setting next_dagrun for example_branch_operator to 2026-08-05 00:00:00+00:00, run_after=2026-08-06 00:00:00+00:00
[2026-08-06T05:53:22.387+0000] {processor.py:208} INFO - Processing /home/airflow/.local/lib/python3.12/site-packages/airflow/example_dags/example_branch_operator.py took 0.188 seconds
[2026-08-06T05:53:52.698+0000] {processor.py:186} INFO - Started process (PID=2218) to work on /home/airflow/.local/lib/python3.12/site-packages/airflow/example_dags/example_branch_operator.py
[2026-08-06T05:53:52.700+0000] {processor.py:914} INFO - Processing file /home/airflow/.local/lib/python3.12/site-packages/airflow/example_dags/example_branch_operator.py for tasks to queue
[2026-08-06T05:53:52.706+0000] {logging_mixin.py:190} INFO - [2026-08-06T05:53:52.705+0000] {dagbag.py:588} INFO - Filling up the DagBag from /home/airflow/.local/lib/python3.12/site-packages/airflow/example_dags/example_branch_operator.py
[2026-08-06T05:53:52.737+0000] {processor.py:925} INFO - DAG(s) 'example_branch_operator' retrieved from /home/airflow/.local/lib/python3.12/site-packages/airflow/example_dags/example_branch_operator.py
[2026-08-06T05:53:52.792+0000] {logging_mixin.py:190} INFO - [2026-08-06T05:53:52.791+0000] {dag.py:3239} INFO - Sync 1 DAGs
[2026-08-06T05:53:52.843+0000] {logging_mixin.py:190} INFO - [2026-08-06T05:53:52.843+0000] {dag.py:4180} INFO - Setting next_dagrun for example_branch_operator to 2026-08-05 00:00:00+00:00, run_after=2026-08-06 00:00:00+00:00
[2026-08-06T05:53:52.878+0000] {processor.py:208} INFO - Processing /home/airflow/.local/lib/python3.12/site-packages/airflow/example_dags/example_branch_operator.py took 0.190 seconds
[2026-08-06T05:54:23.576+0000] {processor.py:186} INFO - Started process (PID=2281) to work on /home/airflow/.local/lib/python3.12/site-packages/airflow/example_dags/example_branch_operator.py
[2026-08-06T05:54:23.580+0000] {processor.py:914} INFO - Processing file /home/airflow/.local/lib/python3.12/site-packages/airflow/example_dags/example_branch_operator.py for tasks to queue
[2026-08-06T05:54:23.587+0000] {logging_mixin.py:190} INFO - [2026-08-06T05:54:23.586+0000] {dagbag.py:588} INFO - Filling up the DagBag from /home/airflow/.local/lib/python3.12/site-packages/airflow/example_dags/example_branch_operator.py
[2026-08-06T05:54:23.616+0000] {processor.py:925} INFO - DAG(s) 'example_branch_operator' retrieved from /home/airflow/.local/lib/python3.12/site-packages/airflow/example_dags/example_branch_operator.py
[2026-08-06T05:54:23.659+0000] {logging_mixin.py:190} INFO - [2026-08-06T05:54:23.658+0000] {dag.py:3239} INFO - Sync 1 DAGs
[2026-08-06T05:54:23.702+0000] {logging_mixin.py:190} INFO - [2026-08-06T05:54:23.702+0000] {dag.py:4180} INFO - Setting next_dagrun for example_branch_operator to 2026-08-05 00:00:00+00:00, run_after=2026-08-06 00:00:00+00:00
[2026-08-06T05:54:23.764+0000] {processor.py:208} INFO - Processing /home/airflow/.local/lib/python3.12/site-packages/airflow/example_dags/example_branch_operator.py took 0.204 seconds
[2026-08-06T05:54:54.066+0000] {processor.py:186} INFO - Started process (PID=2345) to work on /home/airflow/.local/lib/python3.12/site-packages/airflow/example_dags/example_branch_operator.py
[2026-08-06T05:54:54.068+0000] {processor.py:914} INFO - Processing file /home/airflow/.local/lib/python3.12/site-packages/airflow/example_dags/example_branch_operator.py for tasks to queue
[2026-08-06T05:54:54.079+0000] {logging_mixin.py:190} INFO - [2026-08-06T05:54:54.078+0000] {dagbag.py:588} INFO - Filling up the DagBag from /home/airflow/.local/lib/python3.12/site-packages/airflow/example_dags/example_branch_operator.py
[2026-08-06T05:54:54.128+0000] {processor.py:925} INFO - DAG(s) 'example_branch_operator' retrieved from /home/airflow/.local/lib/python3.12/site-packages/airflow/example_dags/example_branch_operator.py
[2026-08-06T05:54:54.201+0000] {logging_mixin.py:190} INFO - [2026-08-06T05:54:54.201+0000] {dag.py:3239} INFO - Sync 1 DAGs
[2026-08-06T05:54:54.242+0000] {logging_mixin.py:190} INFO - [2026-08-06T05:54:54.242+0000] {dag.py:4180} INFO - Setting next_dagrun for example_branch_operator to 2026-08-05 00:00:00+00:00, run_after=2026-08-06 00:00:00+00:00
[2026-08-06T05:54:54.280+0000] {processor.py:208} INFO - Processing /home/airflow/.local/lib/python3.12/site-packages/airflow/example_dags/example_branch_operator.py took 0.229 seconds
[2026-08-06T05:55:24.819+0000] {processor.py:186} INFO - Started process (PID=2409) to work on /home/airflow/.local/lib/python3.12/site-packages/airflow/example_dags/example_branch_operator.py
[2026-08-06T05:55:24.821+0000] {processor.py:914} INFO - Processing file /home/airflow/.local/lib/python3.12/site-packages/airflow/example_dags/example_branch_operator.py for tasks to queue
[2026-08-06T05:55:24.825+0000] {logging_mixin.py:190} INFO - [2026-08-06T05:55:24.825+0000] {dagbag.py:588} INFO - Filling up the DagBag from /home/airflow/.local/lib/python3.12/site-packages/airflow/example_dags/example_branch_operator.py
[2026-08-06T05:55:24.852+0000] {processor.py:925} INFO - DAG(s) 'example_branch_operator' retrieved from /home/airflow/.local/lib/python3.12/site-packages/airflow/example_dags/example_branch_operator.py
[2026-08-06T05:55:24.897+0000] {logging_mixin.py:190} INFO - [2026-08-06T05:55:24.897+0000] {dag.py:3239} INFO - Sync 1 DAGs
[2026-08-06T05:55:24.935+0000] {logging_mixin.py:190} INFO - [2026-08-06T05:55:24.935+0000] {dag.py:4180} INFO - Setting next_dagrun for example_branch_operator to 2026-08-05 00:00:00+00:00, run_after=2026-08-06 00:00:00+00:00
[2026-08-06T05:55:25.012+0000] {processor.py:208} INFO - Processing /home/airflow/.local/lib/python3.12/site-packages/airflow/example_dags/example_branch_operator.py took 0.202 seconds
[2026-08-06T05:55:55.186+0000] {processor.py:186} INFO - Started process (PID=2473) to work on /home/airflow/.local/lib/python3.12/site-packages/airflow/example_dags/example_branch_operator.py
[2026-08-06T05:55:55.198+0000] {processor.py:914} INFO - Processing file /home/airflow/.local/lib/python3.12/site-packages/airflow/example_dags/example_branch_operator.py for tasks to queue
[2026-08-06T05:55:55.207+0000] {logging_mixin.py:190} INFO - [2026-08-06T05:55:55.207+0000] {dagbag.py:588} INFO - Filling up the DagBag from /home/airflow/.local/lib/python3.12/site-packages/airflow/example_dags/example_branch_operator.py
[2026-08-06T05:55:55.242+0000] {processor.py:925} INFO - DAG(s) 'example_branch_operator' retrieved from /home/airflow/.local/lib/python3.12/site-packages/airflow/example_dags/example_branch_operator.py
[2026-08-06T05:55:55.288+0000] {logging_mixin.py:190} INFO - [2026-08-06T05:55:55.287+0000] {dag.py:3239} INFO - Sync 1 DAGs
[2026-08-06T05:55:55.441+0000] {logging_mixin.py:190} INFO - [2026-08-06T05:55:55.441+0000] {dag.py:4180} INFO - Setting next_dagrun for example_branch_operator to 2026-08-05 00:00:00+00:00, run_after=2026-08-06 00:00:00+00:00
[2026-08-06T05:55:55.487+0000] {processor.py:208} INFO - Processing /home/airflow/.local/lib/python3.12/site-packages/airflow/example_dags/example_branch_operator.py took 0.312 seconds
[2026-08-06T05:56:25.772+0000] {processor.py:186} INFO - Started process (PID=2543) to work on /home/airflow/.local/lib/python3.12/site-packages/airflow/example_dags/example_branch_operator.py
[2026-08-06T05:56:25.774+0000] {processor.py:914} INFO - Processing file /home/airflow/.local/lib/python3.12/site-packages/airflow/example_dags/example_branch_operator.py for tasks to queue
[2026-08-06T05:56:25.778+0000] {logging_mixin.py:190} INFO - [2026-08-06T05:56:25.778+0000] {dagbag.py:588} INFO - Filling up the DagBag from /home/airflow/.local/lib/python3.12/site-packages/airflow/example_dags/example_branch_operator.py
[2026-08-06T05:56:25.808+0000] {processor.py:925} INFO - DAG(s) 'example_branch_operator' retrieved from /home/airflow/.local/lib/python3.12/site-packages/airflow/example_dags/example_branch_operator.py
[2026-08-06T05:56:25.849+0000] {logging_mixin.py:190} INFO - [2026-08-06T05:56:25.849+0000] {dag.py:3239} INFO - Sync 1 DAGs
[2026-08-06T05:56:25.882+0000] {logging_mixin.py:190} INFO - [2026-08-06T05:56:25.882+0000] {dag.py:4180} INFO - Setting next_dagrun for example_branch_operator to 2026-08-05 00:00:00+00:00, run_after=2026-08-06 00:00:00+00:00
[2026-08-06T05:56:25.939+0000] {processor.py:208} INFO - Processing /home/airflow/.local/lib/python3.12/site-packages/airflow/example_dags/example_branch_operator.py took 0.176 seconds
[2026-08-06T05:56:57.689+0000] {processor.py:186} INFO - Started process (PID=2607) to work on /home/airflow/.local/lib/python3.12/site-packages/airflow/example_dags/example_branch_operator.py
[2026-08-06T05:56:57.691+0000] {processor.py:914} INFO - Processing file /home/airflow/.local/lib/python3.12/site-packages/airflow/example_dags/example_branch_operator.py for tasks to queue
[2026-08-06T05:56:57.695+0000] {logging_mixin.py:190} INFO - [2026-08-06T05:56:57.695+0000] {dagbag.py:588} INFO - Filling up the DagBag from /home/airflow/.local/lib/python3.12/site-packages/airflow/example_dags/example_branch_operator.py
[2026-08-06T05:56:57.718+0000] {processor.py:925} INFO - DAG(s) 'example_branch_operator' retrieved from /home/airflow/.local/lib/python3.12/site-packages/airflow/example_dags/example_branch_operator.py
[2026-08-06T05:56:57.765+0000] {logging_mixin.py:190} INFO - [2026-08-06T05:56:57.764+0000] {dag.py:3239} INFO - Sync 1 DAGs
[2026-08-06T05:56:57.817+0000] {logging_mixin.py:190} INFO - [2026-08-06T05:56:57.817+0000] {dag.py:4180} INFO - Setting next_dagrun for example_branch_operator to 2026-08-05 00:00:00+00:00, run_after=2026-08-06 00:00:00+00:00
[2026-08-06T05:56:57.861+0000] {processor.py:208} INFO - Processing /home/airflow/.local/lib/python3.12/site-packages/airflow/example_dags/example_branch_operator.py took 0.183 seconds
[2026-08-06T05:57:29.034+0000] {processor.py:186} INFO - Started process (PID=2671) to work on /home/airflow/.local/lib/python3.12/site-packages/airflow/example_dags/example_branch_operator.py
[2026-08-06T05:57:29.036+0000] {processor.py:914} INFO - Processing file /home/airflow/.local/lib/python3.12/site-packages/airflow/example_dags/example_branch_operator.py for tasks to queue
[2026-08-06T05:57:29.042+0000] {logging_mixin.py:190} INFO - [2026-08-06T05:57:29.041+0000] {dagbag.py:588} INFO - Filling up the DagBag from /home/airflow/.local/lib/python3.12/site-packages/airflow/example_dags/example_branch_operator.py
[2026-08-06T05:57:29.070+0000] {processor.py:925} INFO - DAG(s) 'example_branch_operator' retrieved from /home/airflow/.local/lib/python3.12/site-packages/airflow/example_dags/example_branch_operator.py
[2026-08-06T05:57:29.109+0000] {logging_mixin.py:190} INFO - [2026-08-06T05:57:29.108+0000] {dag.py:3239} INFO - Sync 1 DAGs
[2026-08-06T05:57:29.147+0000] {logging_mixin.py:190} INFO - [2026-08-06T05:57:29.147+0000] {dag.py:4180} INFO - Setting next_dagrun for example_branch_operator to 2026-08-05 00:00:00+00:00, run_after=2026-08-06 00:00:00+00:00
[2026-08-06T05:57:29.179+0000] {processor.py:208} INFO - Processing /home/airflow/.local/lib/python3.12/site-packages/airflow/example_dags/example_branch_operator.py took 0.155 seconds
[2026-08-06T05:58:02.474+0000] {processor.py:186} INFO - Started process (PID=2744) to work on /home/airflow/.local/lib/python3.12/site-packages/airflow/example_dags/example_branch_operator.py
[2026-08-06T05:58:02.477+0000] {processor.py:914} INFO - Processing file /home/airflow/.local/lib/python3.12/site-packages/airflow/example_dags/example_branch_operator.py for tasks to queue
[2026-08-06T05:58:02.487+0000] {logging_mixin.py:190} INFO - [2026-08-06T05:58:02.484+0000] {dagbag.py:588} INFO - Filling up the DagBag from /home/airflow/.local/lib/python3.12/site-packages/airflow/example_dags/example_branch_operator.py
[2026-08-06T05:58:02.537+0000] {processor.py:925} INFO - DAG(s) 'example_branch_operator' retrieved from /home/airflow/.local/lib/python3.12/site-packages/airflow/example_dags/example_branch_operator.py
[2026-08-06T05:58:02.631+0000] {logging_mixin.py:190} INFO - [2026-08-06T05:58:02.630+0000] {dag.py:3239} INFO - Sync 1 DAGs
[2026-08-06T05:58:02.715+0000] {logging_mixin.py:190} INFO - [2026-08-06T05:58:02.713+0000] {dag.py:4180} INFO - Setting next_dagrun for example_branch_operator to 2026-08-05 00:00:00+00:00, run_after=2026-08-06 00:00:00+00:00
[2026-08-06T05:58:02.778+0000] {processor.py:208} INFO - Processing /home/airflow/.local/lib/python3.12/site-packages/airflow/example_dags/example_branch_operator.py took 0.321 seconds
[2026-08-06T05:58:33.245+0000] {processor.py:186} INFO - Started process (PID=2806) to work on /home/airflow/.local/lib/python3.12/site-packages/airflow/example_dags/example_branch_operator.py
[2026-08-06T05:58:33.247+0000] {processor.py:914} INFO - Processing file /home/airflow/.local/lib/python3.12/site-packages/airflow/example_dags/example_branch_operator.py for tasks to queue
[2026-08-06T05:58:33.252+0000] {logging_mixin.py:190} INFO - [2026-08-06T05:58:33.251+0000] {dagbag.py:588} INFO - Filling up the DagBag from /home/airflow/.local/lib/python3.12/site-packages/airflow/example_dags/example_branch_operator.py
[2026-08-06T05:58:33.273+0000] {processor.py:925} INFO - DAG(s) 'example_branch_operator' retrieved from /home/airflow/.local/lib/python3.12/site-packages/airflow/example_dags/example_branch_operator.py
[2026-08-06T05:58:33.319+0000] {logging_mixin.py:190} INFO - [2026-08-06T05:58:33.319+0000] {dag.py:3239} INFO - Sync 1 DAGs
[2026-08-06T05:58:33.361+0000] {logging_mixin.py:190} INFO - [2026-08-06T05:58:33.360+0000] {dag.py:4180} INFO - Setting next_dagrun for example_branch_operator to 2026-08-05 00:00:00+00:00, run_after=2026-08-06 00:00:00+00:00
[2026-08-06T05:58:33.399+0000] {processor.py:208} INFO - Processing /home/airflow/.local/lib/python3.12/site-packages/airflow/example_dags/example_branch_operator.py took 0.161 seconds
[2026-08-06T05:59:03.552+0000] {processor.py:186} INFO - Started process (PID=2870) to work on /home/airflow/.local/lib/python3.12/site-packages/airflow/example_dags/example_branch_operator.py
[2026-08-06T05:59:03.555+0000] {processor.py:914} INFO - Processing file /home/airflow/.local/lib/python3.12/site-packages/airflow/example_dags/example_branch_operator.py for tasks to queue
[2026-08-06T05:59:03.563+0000] {logging_mixin.py:190} INFO - [2026-08-06T05:59:03.562+0000] {dagbag.py:588} INFO - Filling up the DagBag from /home/airflow/.local/lib/python3.12/site-packages/airflow/example_dags/example_branch_operator.py
[2026-08-06T05:59:03.600+0000] {processor.py:925} INFO - DAG(s) 'example_branch_operator' retrieved from /home/airflow/.local/lib/python3.12/site-packages/airflow/example_dags/example_branch_operator.py
[2026-08-06T05:59:03.665+0000] {logging_mixin.py:190} INFO - [2026-08-06T05:59:03.664+0000] {dag.py:3239} INFO - Sync 1 DAGs
[2026-08-06T05:59:03.725+0000] {logging_mixin.py:190} INFO - [2026-08-06T05:59:03.725+0000] {dag.py:4180} INFO - Setting next_dagrun for example_branch_operator to 2026-08-05 00:00:00+00:00, run_after=2026-08-06 00:00:00+00:00
[2026-08-06T05:59:03.772+0000] {processor.py:208} INFO - Processing /home/airflow/.local/lib/python3.12/site-packages/airflow/example_dags/example_branch_operator.py took 0.231 seconds
[2026-08-06T05:59:34.832+0000] {processor.py:186} INFO - Started process (PID=2935) to work on /home/airflow/.local/lib/python3.12/site-packages/airflow/example_dags/example_branch_operator.py
[2026-08-06T05:59:34.838+0000] {processor.py:914} INFO - Processing file /home/airflow/.local/lib/python3.12/site-packages/airflow/example_dags/example_branch_operator.py for tasks to queue
[2026-08-06T05:59:34.848+0000] {logging_mixin.py:190} INFO - [2026-08-06T05:59:34.847+0000] {dagbag.py:588} INFO - Filling up the DagBag from /home/airflow/.local/lib/python3.12/site-packages/airflow/example_dags/example_branch_operator.py
[2026-08-06T05:59:34.907+0000] {processor.py:925} INFO - DAG(s) 'example_branch_operator' retrieved from /home/airflow/.local/lib/python3.12/site-packages/airflow/example_dags/example_branch_operator.py
[2026-08-06T05:59:34.982+0000] {logging_mixin.py:190} INFO - [2026-08-06T05:59:34.982+0000] {dag.py:3239} INFO - Sync 1 DAGs
[2026-08-06T05:59:35.040+0000] {logging_mixin.py:190} INFO - [2026-08-06T05:59:35.040+0000] {dag.py:4180} INFO - Setting next_dagrun for example_branch_operator to 2026-08-05 00:00:00+00:00, run_after=2026-08-06 00:00:00+00:00
[2026-08-06T05:59:35.072+0000] {processor.py:208} INFO - Processing /home/airflow/.local/lib/python3.12/site-packages/airflow/example_dags/example_branch_operator.py took 0.257 seconds
[2026-08-06T06:01:50.524+0000] {processor.py:186} INFO - Started process (PID=78) to work on /home/airflow/.local/lib/python3.12/site-packages/airflow/example_dags/example_branch_operator.py
[2026-08-06T06:01:50.527+0000] {processor.py:914} INFO - Processing file /home/airflow/.local/lib/python3.12/site-packages/airflow/example_dags/example_branch_operator.py for tasks to queue
[2026-08-06T06:01:50.534+0000] {logging_mixin.py:190} INFO - [2026-08-06T06:01:50.533+0000] {dagbag.py:588} INFO - Filling up the DagBag from /home/airflow/.local/lib/python3.12/site-packages/airflow/example_dags/example_branch_operator.py
[2026-08-06T06:01:50.609+0000] {processor.py:925} INFO - DAG(s) 'example_branch_operator' retrieved from /home/airflow/.local/lib/python3.12/site-packages/airflow/example_dags/example_branch_operator.py
[2026-08-06T06:01:51.021+0000] {logging_mixin.py:190} INFO - [2026-08-06T06:01:51.021+0000] {dag.py:3239} INFO - Sync 1 DAGs
[2026-08-06T06:01:51.078+0000] {logging_mixin.py:190} INFO - [2026-08-06T06:01:51.078+0000] {dag.py:4180} INFO - Setting next_dagrun for example_branch_operator to 2026-08-05 00:00:00+00:00, run_after=2026-08-06 00:00:00+00:00
[2026-08-06T06:01:51.133+0000] {processor.py:208} INFO - Processing /home/airflow/.local/lib/python3.12/site-packages/airflow/example_dags/example_branch_operator.py took 0.624 seconds
[2026-08-06T06:02:21.393+0000] {processor.py:186} INFO - Started process (PID=142) to work on /home/airflow/.local/lib/python3.12/site-packages/airflow/example_dags/example_branch_operator.py
[2026-08-06T06:02:21.400+0000] {processor.py:914} INFO - Processing file /home/airflow/.local/lib/python3.12/site-packages/airflow/example_dags/example_branch_operator.py for tasks to queue
[2026-08-06T06:02:21.405+0000] {logging_mixin.py:190} INFO - [2026-08-06T06:02:21.404+0000] {dagbag.py:588} INFO - Filling up the DagBag from /home/airflow/.local/lib/python3.12/site-packages/airflow/example_dags/example_branch_operator.py
[2026-08-06T06:02:21.437+0000] {processor.py:925} INFO - DAG(s) 'example_branch_operator' retrieved from /home/airflow/.local/lib/python3.12/site-packages/airflow/example_dags/example_branch_operator.py
[2026-08-06T06:02:21.482+0000] {logging_mixin.py:190} INFO - [2026-08-06T06:02:21.481+0000] {dag.py:3239} INFO - Sync 1 DAGs
[2026-08-06T06:02:21.522+0000] {logging_mixin.py:190} INFO - [2026-08-06T06:02:21.522+0000] {dag.py:4180} INFO - Setting next_dagrun for example_branch_operator to 2026-08-05 00:00:00+00:00, run_after=2026-08-06 00:00:00+00:00
[2026-08-06T06:02:21.594+0000] {processor.py:208} INFO - Processing /home/airflow/.local/lib/python3.12/site-packages/airflow/example_dags/example_branch_operator.py took 0.213 seconds
[2026-08-06T06:02:52.045+0000] {processor.py:186} INFO - Started process (PID=206) to work on /home/airflow/.local/lib/python3.12/site-packages/airflow/example_dags/example_branch_operator.py
[2026-08-06T06:02:52.046+0000] {processor.py:914} INFO - Processing file /home/airflow/.local/lib/python3.12/site-packages/airflow/example_dags/example_branch_operator.py for tasks to queue
[2026-08-06T06:02:52.050+0000] {logging_mixin.py:190} INFO - [2026-08-06T06:02:52.050+0000] {dagbag.py:588} INFO - Filling up the DagBag from /home/airflow/.local/lib/python3.12/site-packages/airflow/example_dags/example_branch_operator.py
[2026-08-06T06:02:52.078+0000] {processor.py:925} INFO - DAG(s) 'example_branch_operator' retrieved from /home/airflow/.local/lib/python3.12/site-packages/airflow/example_dags/example_branch_operator.py
[2026-08-06T06:02:52.124+0000] {logging_mixin.py:190} INFO - [2026-08-06T06:02:52.124+0000] {dag.py:3239} INFO - Sync 1 DAGs
[2026-08-06T06:02:52.158+0000] {logging_mixin.py:190} INFO - [2026-08-06T06:02:52.158+0000] {dag.py:4180} INFO - Setting next_dagrun for example_branch_operator to 2026-08-05 00:00:00+00:00, run_after=2026-08-06 00:00:00+00:00
[2026-08-06T06:02:52.189+0000] {processor.py:208} INFO - Processing /home/airflow/.local/lib/python3.12/site-packages/airflow/example_dags/example_branch_operator.py took 0.152 seconds
[2026-08-06T06:03:22.934+0000] {processor.py:186} INFO - Started process (PID=270) to work on /home/airflow/.local/lib/python3.12/site-packages/airflow/example_dags/example_branch_operator.py
[2026-08-06T06:03:22.936+0000] {processor.py:914} INFO - Processing file /home/airflow/.local/lib/python3.12/site-packages/airflow/example_dags/example_branch_operator.py for tasks to queue
[2026-08-06T06:03:22.948+0000] {logging_mixin.py:190} INFO - [2026-08-06T06:03:22.947+0000] {dagbag.py:588} INFO - Filling up the DagBag from /home/airflow/.local/lib/python3.12/site-packages/airflow/example_dags/example_branch_operator.py
[2026-08-06T06:03:23.048+0000] {processor.py:925} INFO - DAG(s) 'example_branch_operator' retrieved from /home/airflow/.local/lib/python3.12/site-packages/airflow/example_dags/example_branch_operator.py
[2026-08-06T06:03:23.149+0000] {logging_mixin.py:190} INFO - [2026-08-06T06:03:23.147+0000] {dag.py:3239} INFO - Sync 1 DAGs
[2026-08-06T06:03:23.219+0000] {logging_mixin.py:190} INFO - [2026-08-06T06:03:23.219+0000] {dag.py:4180} INFO - Setting next_dagrun for example_branch_operator to 2026-08-05 00:00:00+00:00, run_after=2026-08-06 00:00:00+00:00
[2026-08-06T06:03:23.265+0000] {processor.py:208} INFO - Processing /home/airflow/.local/lib/python3.12/site-packages/airflow/example_dags/example_branch_operator.py took 0.349 seconds
[2026-08-06T06:03:54.030+0000] {processor.py:186} INFO - Started process (PID=334) to work on /home/airflow/.local/lib/python3.12/site-packages/airflow/example_dags/example_branch_operator.py
[2026-08-06T06:03:54.035+0000] {processor.py:914} INFO - Processing file /home/airflow/.local/lib/python3.12/site-packages/airflow/example_dags/example_branch_operator.py for tasks to queue
[2026-08-06T06:03:54.039+0000] {logging_mixin.py:190} INFO - [2026-08-06T06:03:54.039+0000] {dagbag.py:588} INFO - Filling up the DagBag from /home/airflow/.local/lib/python3.12/site-packages/airflow/example_dags/example_branch_operator.py
[2026-08-06T06:03:54.078+0000] {processor.py:925} INFO - DAG(s) 'example_branch_operator' retrieved from /home/airflow/.local/lib/python3.12/site-packages/airflow/example_dags/example_branch_operator.py
[2026-08-06T06:03:54.138+0000] {logging_mixin.py:190} INFO - [2026-08-06T06:03:54.138+0000] {dag.py:3239} INFO - Sync 1 DAGs
[2026-08-06T06:03:54.201+0000] {logging_mixin.py:190} INFO - [2026-08-06T06:03:54.200+0000] {dag.py:4180} INFO - Setting next_dagrun for example_branch_operator to 2026-08-05 00:00:00+00:00, run_after=2026-08-06 00:00:00+00:00
[2026-08-06T06:03:54.239+0000] {processor.py:208} INFO - Processing /home/airflow/.local/lib/python3.12/site-packages/airflow/example_dags/example_branch_operator.py took 0.219 seconds
[2026-08-06T06:04:25.035+0000] {processor.py:186} INFO - Started process (PID=398) to work on /home/airflow/.local/lib/python3.12/site-packages/airflow/example_dags/example_branch_operator.py
[2026-08-06T06:04:25.038+0000] {processor.py:914} INFO - Processing file /home/airflow/.local/lib/python3.12/site-packages/airflow/example_dags/example_branch_operator.py for tasks to queue
[2026-08-06T06:04:25.045+0000] {logging_mixin.py:190} INFO - [2026-08-06T06:04:25.044+0000] {dagbag.py:588} INFO - Filling up the DagBag from /home/airflow/.local/lib/python3.12/site-packages/airflow/example_dags/example_branch_operator.py
[2026-08-06T06:04:25.094+0000] {processor.py:925} INFO - DAG(s) 'example_branch_operator' retrieved from /home/airflow/.local/lib/python3.12/site-packages/airflow/example_dags/example_branch_operator.py
[2026-08-06T06:04:25.137+0000] {logging_mixin.py:190} INFO - [2026-08-06T06:04:25.137+0000] {dag.py:3239} INFO - Sync 1 DAGs
[2026-08-06T06:04:25.171+0000] {logging_mixin.py:190} INFO - [2026-08-06T06:04:25.170+0000] {dag.py:4180} INFO - Setting next_dagrun for example_branch_operator to 2026-08-05 00:00:00+00:00, run_after=2026-08-06 00:00:00+00:00
[2026-08-06T06:04:25.215+0000] {processor.py:208} INFO - Processing /home/airflow/.local/lib/python3.12/site-packages/airflow/example_dags/example_branch_operator.py took 0.191 seconds
[2026-08-06T06:04:55.610+0000] {processor.py:186} INFO - Started process (PID=462) to work on /home/airflow/.local/lib/python3.12/site-packages/airflow/example_dags/example_branch_operator.py
[2026-08-06T06:04:55.612+0000] {processor.py:914} INFO - Processing file /home/airflow/.local/lib/python3.12/site-packages/airflow/example_dags/example_branch_operator.py for tasks to queue
[2026-08-06T06:04:55.618+0000] {logging_mixin.py:190} INFO - [2026-08-06T06:04:55.617+0000] {dagbag.py:588} INFO - Filling up the DagBag from /home/airflow/.local/lib/python3.12/site-packages/airflow/example_dags/example_branch_operator.py
[2026-08-06T06:04:55.652+0000] {processor.py:925} INFO - DAG(s) 'example_branch_operator' retrieved from /home/airflow/.local/lib/python3.12/site-packages/airflow/example_dags/example_branch_operator.py
[2026-08-06T06:04:55.698+0000] {logging_mixin.py:190} INFO - [2026-08-06T06:04:55.698+0000] {dag.py:3239} INFO - Sync 1 DAGs
[2026-08-06T06:04:55.740+0000] {logging_mixin.py:190} INFO - [2026-08-06T06:04:55.740+0000] {dag.py:4180} INFO - Setting next_dagrun for example_branch_operator to 2026-08-05 00:00:00+00:00, run_after=2026-08-06 00:00:00+00:00
[2026-08-06T06:04:55.783+0000] {processor.py:208} INFO - Processing /home/airflow/.local/lib/python3.12/site-packages/airflow/example_dags/example_branch_operator.py took 0.186 seconds
[2026-08-06T06:05:26.552+0000] {processor.py:186} INFO - Started process (PID=526) to work on /home/airflow/.local/lib/python3.12/site-packages/airflow/example_dags/example_branch_operator.py
[2026-08-06T06:05:26.633+0000] {processor.py:914} INFO - Processing file /home/airflow/.local/lib/python3.12/site-packages/airflow/example_dags/example_branch_operator.py for tasks to queue
[2026-08-06T06:05:26.662+0000] {logging_mixin.py:190} INFO - [2026-08-06T06:05:26.662+0000] {dagbag.py:588} INFO - Filling up the DagBag from /home/airflow/.local/lib/python3.12/site-packages/airflow/example_dags/example_branch_operator.py
[2026-08-06T06:05:26.717+0000] {processor.py:925} INFO - DAG(s) 'example_branch_operator' retrieved from /home/airflow/.local/lib/python3.12/site-packages/airflow/example_dags/example_branch_operator.py
[2026-08-06T06:05:26.762+0000] {logging_mixin.py:190} INFO - [2026-08-06T06:05:26.762+0000] {dag.py:3239} INFO - Sync 1 DAGs
[2026-08-06T06:05:26.803+0000] {logging_mixin.py:190} INFO - [2026-08-06T06:05:26.802+0000] {dag.py:4180} INFO - Setting next_dagrun for example_branch_operator to 2026-08-05 00:00:00+00:00, run_after=2026-08-06 00:00:00+00:00
[2026-08-06T06:05:26.862+0000] {processor.py:208} INFO - Processing /home/airflow/.local/lib/python3.12/site-packages/airflow/example_dags/example_branch_operator.py took 0.319 seconds
[2026-08-06T06:05:57.201+0000] {processor.py:186} INFO - Started process (PID=589) to work on /home/airflow/.local/lib/python3.12/site-packages/airflow/example_dags/example_branch_operator.py
[2026-08-06T06:05:57.205+0000] {processor.py:914} INFO - Processing file /home/airflow/.local/lib/python3.12/site-packages/airflow/example_dags/example_branch_operator.py for tasks to queue
[2026-08-06T06:05:57.208+0000] {logging_mixin.py:190} INFO - [2026-08-06T06:05:57.208+0000] {dagbag.py:588} INFO - Filling up the DagBag from /home/airflow/.local/lib/python3.12/site-packages/airflow/example_dags/example_branch_operator.py
[2026-08-06T06:05:57.237+0000] {processor.py:925} INFO - DAG(s) 'example_branch_operator' retrieved from /home/airflow/.local/lib/python3.12/site-packages/airflow/example_dags/example_branch_operator.py
[2026-08-06T06:05:57.280+0000] {logging_mixin.py:190} INFO - [2026-08-06T06:05:57.280+0000] {dag.py:3239} INFO - Sync 1 DAGs
[2026-08-06T06:05:57.313+0000] {logging_mixin.py:190} INFO - [2026-08-06T06:05:57.313+0000] {dag.py:4180} INFO - Setting next_dagrun for example_branch_operator to 2026-08-05 00:00:00+00:00, run_after=2026-08-06 00:00:00+00:00
[2026-08-06T06:05:57.385+0000] {processor.py:208} INFO - Processing /home/airflow/.local/lib/python3.12/site-packages/airflow/example_dags/example_branch_operator.py took 0.196 seconds
[2026-08-06T06:06:27.959+0000] {processor.py:186} INFO - Started process (PID=653) to work on /home/airflow/.local/lib/python3.12/site-packages/airflow/example_dags/example_branch_operator.py
[2026-08-06T06:06:27.961+0000] {processor.py:914} INFO - Processing file /home/airflow/.local/lib/python3.12/site-packages/airflow/example_dags/example_branch_operator.py for tasks to queue
[2026-08-06T06:06:27.966+0000] {logging_mixin.py:190} INFO - [2026-08-06T06:06:27.965+0000] {dagbag.py:588} INFO - Filling up the DagBag from /home/airflow/.local/lib/python3.12/site-packages/airflow/example_dags/example_branch_operator.py
[2026-08-06T06:06:27.994+0000] {processor.py:925} INFO - DAG(s) 'example_branch_operator' retrieved from /home/airflow/.local/lib/python3.12/site-packages/airflow/example_dags/example_branch_operator.py
[2026-08-06T06:06:28.047+0000] {logging_mixin.py:190} INFO - [2026-08-06T06:06:28.047+0000] {dag.py:3239} INFO - Sync 1 DAGs
[2026-08-06T06:06:28.083+0000] {logging_mixin.py:190} INFO - [2026-08-06T06:06:28.083+0000] {dag.py:4180} INFO - Setting next_dagrun for example_branch_operator to 2026-08-05 00:00:00+00:00, run_after=2026-08-06 00:00:00+00:00
[2026-08-06T06:06:28.146+0000] {processor.py:208} INFO - Processing /home/airflow/.local/lib/python3.12/site-packages/airflow/example_dags/example_branch_operator.py took 0.198 seconds
[2026-08-06T06:06:58.481+0000] {processor.py:186} INFO - Started process (PID=717) to work on /home/airflow/.local/lib/python3.12/site-packages/airflow/example_dags/example_branch_operator.py
[2026-08-06T06:06:58.511+0000] {processor.py:914} INFO - Processing file /home/airflow/.local/lib/python3.12/site-packages/airflow/example_dags/example_branch_operator.py for tasks to queue
[2026-08-06T06:06:58.516+0000] {logging_mixin.py:190} INFO - [2026-08-06T06:06:58.515+0000] {dagbag.py:588} INFO - Filling up the DagBag from /home/airflow/.local/lib/python3.12/site-packages/airflow/example_dags/example_branch_operator.py
[2026-08-06T06:06:58.551+0000] {processor.py:925} INFO - DAG(s) 'example_branch_operator' retrieved from /home/airflow/.local/lib/python3.12/site-packages/airflow/example_dags/example_branch_operator.py
[2026-08-06T06:06:58.603+0000] {logging_mixin.py:190} INFO - [2026-08-06T06:06:58.603+0000] {dag.py:3239} INFO - Sync 1 DAGs
[2026-08-06T06:06:58.651+0000] {logging_mixin.py:190} INFO - [2026-08-06T06:06:58.651+0000] {dag.py:4180} INFO - Setting next_dagrun for example_branch_operator to 2026-08-05 00:00:00+00:00, run_after=2026-08-06 00:00:00+00:00
[2026-08-06T06:06:58.696+0000] {processor.py:208} INFO - Processing /home/airflow/.local/lib/python3.12/site-packages/airflow/example_dags/example_branch_operator.py took 0.225 seconds
[2026-08-06T06:07:29.405+0000] {processor.py:186} INFO - Started process (PID=781) to work on /home/airflow/.local/lib/python3.12/site-packages/airflow/example_dags/example_branch_operator.py
[2026-08-06T06:07:29.407+0000] {processor.py:914} INFO - Processing file /home/airflow/.local/lib/python3.12/site-packages/airflow/example_dags/example_branch_operator.py for tasks to queue
[2026-08-06T06:07:29.411+0000] {logging_mixin.py:190} INFO - [2026-08-06T06:07:29.410+0000] {dagbag.py:588} INFO - Filling up the DagBag from /home/airflow/.local/lib/python3.12/site-packages/airflow/example_dags/example_branch_operator.py
[2026-08-06T06:07:29.434+0000] {processor.py:925} INFO - DAG(s) 'example_branch_operator' retrieved from /home/airflow/.local/lib/python3.12/site-packages/airflow/example_dags/example_branch_operator.py
[2026-08-06T06:07:29.466+0000] {logging_mixin.py:190} INFO - [2026-08-06T06:07:29.466+0000] {dag.py:3239} INFO - Sync 1 DAGs
[2026-08-06T06:07:29.495+0000] {logging_mixin.py:190} INFO - [2026-08-06T06:07:29.495+0000] {dag.py:4180} INFO - Setting next_dagrun for example_branch_operator to 2026-08-05 00:00:00+00:00, run_after=2026-08-06 00:00:00+00:00
[2026-08-06T06:07:29.531+0000] {processor.py:208} INFO - Processing /home/airflow/.local/lib/python3.12/site-packages/airflow/example_dags/example_branch_operator.py took 0.135 seconds
[2026-08-06T06:07:59.765+0000] {processor.py:186} INFO - Started process (PID=845) to work on /home/airflow/.local/lib/python3.12/site-packages/airflow/example_dags/example_branch_operator.py
[2026-08-06T06:07:59.766+0000] {processor.py:914} INFO - Processing file /home/airflow/.local/lib/python3.12/site-packages/airflow/example_dags/example_branch_operator.py for tasks to queue
[2026-08-06T06:07:59.770+0000] {logging_mixin.py:190} INFO - [2026-08-06T06:07:59.770+0000] {dagbag.py:588} INFO - Filling up the DagBag from /home/airflow/.local/lib/python3.12/site-packages/airflow/example_dags/example_branch_operator.py
[2026-08-06T06:07:59.799+0000] {processor.py:925} INFO - DAG(s) 'example_branch_operator' retrieved from /home/airflow/.local/lib/python3.12/site-packages/airflow/example_dags/example_branch_operator.py
[2026-08-06T06:07:59.843+0000] {logging_mixin.py:190} INFO - [2026-08-06T06:07:59.842+0000] {dag.py:3239} INFO - Sync 1 DAGs
[2026-08-06T06:07:59.878+0000] {logging_mixin.py:190} INFO - [2026-08-06T06:07:59.877+0000] {dag.py:4180} INFO - Setting next_dagrun for example_branch_operator to 2026-08-05 00:00:00+00:00, run_after=2026-08-06 00:00:00+00:00
[2026-08-06T06:07:59.924+0000] {processor.py:208} INFO - Processing /home/airflow/.local/lib/python3.12/site-packages/airflow/example_dags/example_branch_operator.py took 0.167 seconds
[2026-08-06T06:08:30.234+0000] {processor.py:186} INFO - Started process (PID=914) to work on /home/airflow/.local/lib/python3.12/site-packages/airflow/example_dags/example_branch_operator.py
[2026-08-06T06:08:30.236+0000] {processor.py:914} INFO - Processing file /home/airflow/.local/lib/python3.12/site-packages/airflow/example_dags/example_branch_operator.py for tasks to queue
[2026-08-06T06:08:30.241+0000] {logging_mixin.py:190} INFO - [2026-08-06T06:08:30.240+0000] {dagbag.py:588} INFO - Filling up the DagBag from /home/airflow/.local/lib/python3.12/site-packages/airflow/example_dags/example_branch_operator.py
[2026-08-06T06:08:30.269+0000] {processor.py:925} INFO - DAG(s) 'example_branch_operator' retrieved from /home/airflow/.local/lib/python3.12/site-packages/airflow/example_dags/example_branch_operator.py
[2026-08-06T06:08:30.310+0000] {logging_mixin.py:190} INFO - [2026-08-06T06:08:30.309+0000] {dag.py:3239} INFO - Sync 1 DAGs
[2026-08-06T06:08:30.343+0000] {logging_mixin.py:190} INFO - [2026-08-06T06:08:30.343+0000] {dag.py:4180} INFO - Setting next_dagrun for example_branch_operator to 2026-08-05 00:00:00+00:00, run_after=2026-08-06 00:00:00+00:00
[2026-08-06T06:08:30.383+0000] {processor.py:208} INFO - Processing /home/airflow/.local/lib/python3.12/site-packages/airflow/example_dags/example_branch_operator.py took 0.160 seconds
[2026-08-06T06:09:00.699+0000] {processor.py:186} INFO - Started process (PID=978) to work on /home/airflow/.local/lib/python3.12/site-packages/airflow/example_dags/example_branch_operator.py
[2026-08-06T06:09:00.704+0000] {processor.py:914} INFO - Processing file /home/airflow/.local/lib/python3.12/site-packages/airflow/example_dags/example_branch_operator.py for tasks to queue
[2026-08-06T06:09:00.708+0000] {logging_mixin.py:190} INFO - [2026-08-06T06:09:00.707+0000] {dagbag.py:588} INFO - Filling up the DagBag from /home/airflow/.local/lib/python3.12/site-packages/airflow/example_dags/example_branch_operator.py
[2026-08-06T06:09:00.740+0000] {processor.py:925} INFO - DAG(s) 'example_branch_operator' retrieved from /home/airflow/.local/lib/python3.12/site-packages/airflow/example_dags/example_branch_operator.py
[2026-08-06T06:09:00.792+0000] {logging_mixin.py:190} INFO - [2026-08-06T06:09:00.791+0000] {dag.py:3239} INFO - Sync 1 DAGs
[2026-08-06T06:09:00.831+0000] {logging_mixin.py:190} INFO - [2026-08-06T06:09:00.831+0000] {dag.py:4180} INFO - Setting next_dagrun for example_branch_operator to 2026-08-05 00:00:00+00:00, run_after=2026-08-06 00:00:00+00:00
[2026-08-06T06:09:00.871+0000] {processor.py:208} INFO - Processing /home/airflow/.local/lib/python3.12/site-packages/airflow/example_dags/example_branch_operator.py took 0.180 seconds
[2026-08-06T06:09:30.998+0000] {processor.py:186} INFO - Started process (PID=1042) to work on /home/airflow/.local/lib/python3.12/site-packages/airflow/example_dags/example_branch_operator.py
[2026-08-06T06:09:31.000+0000] {processor.py:914} INFO - Processing file /home/airflow/.local/lib/python3.12/site-packages/airflow/example_dags/example_branch_operator.py for tasks to queue
[2026-08-06T06:09:31.004+0000] {logging_mixin.py:190} INFO - [2026-08-06T06:09:31.004+0000] {dagbag.py:588} INFO - Filling up the DagBag from /home/airflow/.local/lib/python3.12/site-packages/airflow/example_dags/example_branch_operator.py
[2026-08-06T06:09:31.029+0000] {processor.py:925} INFO - DAG(s) 'example_branch_operator' retrieved from /home/airflow/.local/lib/python3.12/site-packages/airflow/example_dags/example_branch_operator.py
[2026-08-06T06:09:31.067+0000] {logging_mixin.py:190} INFO - [2026-08-06T06:09:31.067+0000] {dag.py:3239} INFO - Sync 1 DAGs
[2026-08-06T06:09:31.099+0000] {logging_mixin.py:190} INFO - [2026-08-06T06:09:31.099+0000] {dag.py:4180} INFO - Setting next_dagrun for example_branch_operator to 2026-08-05 00:00:00+00:00, run_after=2026-08-06 00:00:00+00:00
[2026-08-06T06:09:31.130+0000] {processor.py:208} INFO - Processing /home/airflow/.local/lib/python3.12/site-packages/airflow/example_dags/example_branch_operator.py took 0.142 seconds
[2026-08-06T06:10:01.699+0000] {processor.py:186} INFO - Started process (PID=1106) to work on /home/airflow/.local/lib/python3.12/site-packages/airflow/example_dags/example_branch_operator.py
[2026-08-06T06:10:01.701+0000] {processor.py:914} INFO - Processing file /home/airflow/.local/lib/python3.12/site-packages/airflow/example_dags/example_branch_operator.py for tasks to queue
[2026-08-06T06:10:01.704+0000] {logging_mixin.py:190} INFO - [2026-08-06T06:10:01.703+0000] {dagbag.py:588} INFO - Filling up the DagBag from /home/airflow/.local/lib/python3.12/site-packages/airflow/example_dags/example_branch_operator.py
[2026-08-06T06:10:01.728+0000] {processor.py:925} INFO - DAG(s) 'example_branch_operator' retrieved from /home/airflow/.local/lib/python3.12/site-packages/airflow/example_dags/example_branch_operator.py
[2026-08-06T06:10:01.768+0000] {logging_mixin.py:190} INFO - [2026-08-06T06:10:01.768+0000] {dag.py:3239} INFO - Sync 1 DAGs
[2026-08-06T06:10:01.800+0000] {logging_mixin.py:190} INFO - [2026-08-06T06:10:01.799+0000] {dag.py:4180} INFO - Setting next_dagrun for example_branch_operator to 2026-08-05 00:00:00+00:00, run_after=2026-08-06 00:00:00+00:00
[2026-08-06T06:10:01.821+0000] {processor.py:208} INFO - Processing /home/airflow/.local/lib/python3.12/site-packages/airflow/example_dags/example_branch_operator.py took 0.129 seconds
[2026-08-06T06:10:32.080+0000] {processor.py:186} INFO - Started process (PID=1169) to work on /home/airflow/.local/lib/python3.12/site-packages/airflow/example_dags/example_branch_operator.py
[2026-08-06T06:10:32.082+0000] {processor.py:914} INFO - Processing file /home/airflow/.local/lib/python3.12/site-packages/airflow/example_dags/example_branch_operator.py for tasks to queue
[2026-08-06T06:10:32.087+0000] {logging_mixin.py:190} INFO - [2026-08-06T06:10:32.086+0000] {dagbag.py:588} INFO - Filling up the DagBag from /home/airflow/.local/lib/python3.12/site-packages/airflow/example_dags/example_branch_operator.py
[2026-08-06T06:10:32.116+0000] {processor.py:925} INFO - DAG(s) 'example_branch_operator' retrieved from /home/airflow/.local/lib/python3.12/site-packages/airflow/example_dags/example_branch_operator.py
[2026-08-06T06:10:32.201+0000] {logging_mixin.py:190} INFO - [2026-08-06T06:10:32.201+0000] {dag.py:3239} INFO - Sync 1 DAGs
[2026-08-06T06:10:32.270+0000] {logging_mixin.py:190} INFO - [2026-08-06T06:10:32.269+0000] {dag.py:4180} INFO - Setting next_dagrun for example_branch_operator to 2026-08-05 00:00:00+00:00, run_after=2026-08-06 00:00:00+00:00
[2026-08-06T06:10:32.317+0000] {processor.py:208} INFO - Processing /home/airflow/.local/lib/python3.12/site-packages/airflow/example_dags/example_branch_operator.py took 0.247 seconds
