[2026-08-06T04:46:26.718+0000] {processor.py:186} INFO - Started process (PID=76) to work on /home/airflow/.local/lib/python3.12/site-packages/airflow/example_dags/example_latest_only.py
[2026-08-06T04:46:26.723+0000] {processor.py:914} INFO - Processing file /home/airflow/.local/lib/python3.12/site-packages/airflow/example_dags/example_latest_only.py for tasks to queue
[2026-08-06T04:46:26.734+0000] {logging_mixin.py:190} INFO - [2026-08-06T04:46:26.732+0000] {dagbag.py:588} INFO - Filling up the DagBag from /home/airflow/.local/lib/python3.12/site-packages/airflow/example_dags/example_latest_only.py
[2026-08-06T04:46:26.793+0000] {processor.py:925} INFO - DAG(s) 'latest_only' retrieved from /home/airflow/.local/lib/python3.12/site-packages/airflow/example_dags/example_latest_only.py
[2026-08-06T04:46:27.430+0000] {logging_mixin.py:190} INFO - [2026-08-06T04:46:27.428+0000] {override.py:1912} INFO - Created Permission View: can delete on DAG:latest_only
[2026-08-06T04:46:27.452+0000] {logging_mixin.py:190} INFO - [2026-08-06T04:46:27.451+0000] {override.py:1912} INFO - Created Permission View: can read on DAG:latest_only
[2026-08-06T04:46:27.466+0000] {logging_mixin.py:190} INFO - [2026-08-06T04:46:27.465+0000] {override.py:1912} INFO - Created Permission View: can edit on DAG:latest_only
[2026-08-06T04:46:27.482+0000] {logging_mixin.py:190} INFO - [2026-08-06T04:46:27.482+0000] {override.py:1912} INFO - Created Permission View: can delete on DAG Run:latest_only
[2026-08-06T04:46:27.497+0000] {logging_mixin.py:190} INFO - [2026-08-06T04:46:27.496+0000] {override.py:1912} INFO - Created Permission View: menu access on DAG Run:latest_only
[2026-08-06T04:46:27.510+0000] {logging_mixin.py:190} INFO - [2026-08-06T04:46:27.509+0000] {override.py:1912} INFO - Created Permission View: can read on DAG Run:latest_only
[2026-08-06T04:46:27.524+0000] {logging_mixin.py:190} INFO - [2026-08-06T04:46:27.523+0000] {override.py:1912} INFO - Created Permission View: can create on DAG Run:latest_only
[2026-08-06T04:46:27.525+0000] {logging_mixin.py:190} INFO - [2026-08-06T04:46:27.525+0000] {dag.py:3239} INFO - Sync 1 DAGs
[2026-08-06T04:46:27.559+0000] {logging_mixin.py:190} INFO - [2026-08-06T04:46:27.558+0000] {dag.py:3262} INFO - Creating ORM DAG for latest_only
[2026-08-06T04:46:27.590+0000] {logging_mixin.py:190} INFO - [2026-08-06T04:46:27.590+0000] {dag.py:4180} INFO - Setting next_dagrun for latest_only to 2026-08-06 00:00:00+00:00, run_after=2026-08-06 04:00:00+00:00
[2026-08-06T04:46:27.640+0000] {processor.py:208} INFO - Processing /home/airflow/.local/lib/python3.12/site-packages/airflow/example_dags/example_latest_only.py took 0.960 seconds
[2026-08-06T04:46:57.727+0000] {processor.py:186} INFO - Started process (PID=138) to work on /home/airflow/.local/lib/python3.12/site-packages/airflow/example_dags/example_latest_only.py
[2026-08-06T04:46:57.731+0000] {processor.py:914} INFO - Processing file /home/airflow/.local/lib/python3.12/site-packages/airflow/example_dags/example_latest_only.py for tasks to queue
[2026-08-06T04:46:57.736+0000] {logging_mixin.py:190} INFO - [2026-08-06T04:46:57.735+0000] {dagbag.py:588} INFO - Filling up the DagBag from /home/airflow/.local/lib/python3.12/site-packages/airflow/example_dags/example_latest_only.py
[2026-08-06T04:46:57.752+0000] {processor.py:925} INFO - DAG(s) 'latest_only' retrieved from /home/airflow/.local/lib/python3.12/site-packages/airflow/example_dags/example_latest_only.py
[2026-08-06T04:46:57.799+0000] {logging_mixin.py:190} INFO - [2026-08-06T04:46:57.798+0000] {dag.py:3239} INFO - Sync 1 DAGs
[2026-08-06T04:46:57.850+0000] {logging_mixin.py:190} INFO - [2026-08-06T04:46:57.850+0000] {dag.py:4180} INFO - Setting next_dagrun for latest_only to 2026-08-06 00:00:00+00:00, run_after=2026-08-06 04:00:00+00:00
[2026-08-06T04:46:57.885+0000] {processor.py:208} INFO - Processing /home/airflow/.local/lib/python3.12/site-packages/airflow/example_dags/example_latest_only.py took 0.168 seconds
[2026-08-06T04:47:28.007+0000] {processor.py:186} INFO - Started process (PID=201) to work on /home/airflow/.local/lib/python3.12/site-packages/airflow/example_dags/example_latest_only.py
[2026-08-06T04:47:28.010+0000] {processor.py:914} INFO - Processing file /home/airflow/.local/lib/python3.12/site-packages/airflow/example_dags/example_latest_only.py for tasks to queue
[2026-08-06T04:47:28.016+0000] {logging_mixin.py:190} INFO - [2026-08-06T04:47:28.015+0000] {dagbag.py:588} INFO - Filling up the DagBag from /home/airflow/.local/lib/python3.12/site-packages/airflow/example_dags/example_latest_only.py
[2026-08-06T04:47:28.029+0000] {processor.py:925} INFO - DAG(s) 'latest_only' retrieved from /home/airflow/.local/lib/python3.12/site-packages/airflow/example_dags/example_latest_only.py
[2026-08-06T04:47:28.067+0000] {logging_mixin.py:190} INFO - [2026-08-06T04:47:28.066+0000] {dag.py:3239} INFO - Sync 1 DAGs
[2026-08-06T04:47:28.117+0000] {logging_mixin.py:190} INFO - [2026-08-06T04:47:28.117+0000] {dag.py:4180} INFO - Setting next_dagrun for latest_only to 2026-08-06 00:00:00+00:00, run_after=2026-08-06 04:00:00+00:00
[2026-08-06T04:47:28.159+0000] {processor.py:208} INFO - Processing /home/airflow/.local/lib/python3.12/site-packages/airflow/example_dags/example_latest_only.py took 0.165 seconds
[2026-08-06T04:47:58.656+0000] {processor.py:186} INFO - Started process (PID=264) to work on /home/airflow/.local/lib/python3.12/site-packages/airflow/example_dags/example_latest_only.py
[2026-08-06T04:47:58.657+0000] {processor.py:914} INFO - Processing file /home/airflow/.local/lib/python3.12/site-packages/airflow/example_dags/example_latest_only.py for tasks to queue
[2026-08-06T04:47:58.661+0000] {logging_mixin.py:190} INFO - [2026-08-06T04:47:58.661+0000] {dagbag.py:588} INFO - Filling up the DagBag from /home/airflow/.local/lib/python3.12/site-packages/airflow/example_dags/example_latest_only.py
[2026-08-06T04:47:58.677+0000] {processor.py:925} INFO - DAG(s) 'latest_only' retrieved from /home/airflow/.local/lib/python3.12/site-packages/airflow/example_dags/example_latest_only.py
[2026-08-06T04:47:58.709+0000] {logging_mixin.py:190} INFO - [2026-08-06T04:47:58.708+0000] {dag.py:3239} INFO - Sync 1 DAGs
[2026-08-06T04:47:58.763+0000] {logging_mixin.py:190} INFO - [2026-08-06T04:47:58.763+0000] {dag.py:4180} INFO - Setting next_dagrun for latest_only to 2026-08-06 00:00:00+00:00, run_after=2026-08-06 04:00:00+00:00
[2026-08-06T04:47:58.810+0000] {processor.py:208} INFO - Processing /home/airflow/.local/lib/python3.12/site-packages/airflow/example_dags/example_latest_only.py took 0.164 seconds
[2026-08-06T04:48:29.282+0000] {processor.py:186} INFO - Started process (PID=327) to work on /home/airflow/.local/lib/python3.12/site-packages/airflow/example_dags/example_latest_only.py
[2026-08-06T04:48:29.286+0000] {processor.py:914} INFO - Processing file /home/airflow/.local/lib/python3.12/site-packages/airflow/example_dags/example_latest_only.py for tasks to queue
[2026-08-06T04:48:29.290+0000] {logging_mixin.py:190} INFO - [2026-08-06T04:48:29.290+0000] {dagbag.py:588} INFO - Filling up the DagBag from /home/airflow/.local/lib/python3.12/site-packages/airflow/example_dags/example_latest_only.py
[2026-08-06T04:48:29.301+0000] {processor.py:925} INFO - DAG(s) 'latest_only' retrieved from /home/airflow/.local/lib/python3.12/site-packages/airflow/example_dags/example_latest_only.py
[2026-08-06T04:48:29.331+0000] {logging_mixin.py:190} INFO - [2026-08-06T04:48:29.331+0000] {dag.py:3239} INFO - Sync 1 DAGs
[2026-08-06T04:48:29.364+0000] {logging_mixin.py:190} INFO - [2026-08-06T04:48:29.364+0000] {dag.py:4180} INFO - Setting next_dagrun for latest_only to 2026-08-06 00:00:00+00:00, run_after=2026-08-06 04:00:00+00:00
[2026-08-06T04:48:29.420+0000] {processor.py:208} INFO - Processing /home/airflow/.local/lib/python3.12/site-packages/airflow/example_dags/example_latest_only.py took 0.145 seconds
[2026-08-06T04:49:00.112+0000] {processor.py:186} INFO - Started process (PID=390) to work on /home/airflow/.local/lib/python3.12/site-packages/airflow/example_dags/example_latest_only.py
[2026-08-06T04:49:00.113+0000] {processor.py:914} INFO - Processing file /home/airflow/.local/lib/python3.12/site-packages/airflow/example_dags/example_latest_only.py for tasks to queue
[2026-08-06T04:49:00.117+0000] {logging_mixin.py:190} INFO - [2026-08-06T04:49:00.116+0000] {dagbag.py:588} INFO - Filling up the DagBag from /home/airflow/.local/lib/python3.12/site-packages/airflow/example_dags/example_latest_only.py
[2026-08-06T04:49:00.126+0000] {processor.py:925} INFO - DAG(s) 'latest_only' retrieved from /home/airflow/.local/lib/python3.12/site-packages/airflow/example_dags/example_latest_only.py
[2026-08-06T04:49:00.149+0000] {logging_mixin.py:190} INFO - [2026-08-06T04:49:00.148+0000] {dag.py:3239} INFO - Sync 1 DAGs
[2026-08-06T04:49:00.181+0000] {logging_mixin.py:190} INFO - [2026-08-06T04:49:00.181+0000] {dag.py:4180} INFO - Setting next_dagrun for latest_only to 2026-08-06 00:00:00+00:00, run_after=2026-08-06 04:00:00+00:00
[2026-08-06T04:49:00.208+0000] {processor.py:208} INFO - Processing /home/airflow/.local/lib/python3.12/site-packages/airflow/example_dags/example_latest_only.py took 0.105 seconds
[2026-08-06T04:49:30.372+0000] {processor.py:186} INFO - Started process (PID=453) to work on /home/airflow/.local/lib/python3.12/site-packages/airflow/example_dags/example_latest_only.py
[2026-08-06T04:49:30.374+0000] {processor.py:914} INFO - Processing file /home/airflow/.local/lib/python3.12/site-packages/airflow/example_dags/example_latest_only.py for tasks to queue
[2026-08-06T04:49:30.379+0000] {logging_mixin.py:190} INFO - [2026-08-06T04:49:30.378+0000] {dagbag.py:588} INFO - Filling up the DagBag from /home/airflow/.local/lib/python3.12/site-packages/airflow/example_dags/example_latest_only.py
[2026-08-06T04:49:30.390+0000] {processor.py:925} INFO - DAG(s) 'latest_only' retrieved from /home/airflow/.local/lib/python3.12/site-packages/airflow/example_dags/example_latest_only.py
[2026-08-06T04:49:30.419+0000] {logging_mixin.py:190} INFO - [2026-08-06T04:49:30.419+0000] {dag.py:3239} INFO - Sync 1 DAGs
[2026-08-06T04:49:30.452+0000] {logging_mixin.py:190} INFO - [2026-08-06T04:49:30.452+0000] {dag.py:4180} INFO - Setting next_dagrun for latest_only to 2026-08-06 00:00:00+00:00, run_after=2026-08-06 04:00:00+00:00
[2026-08-06T04:49:30.517+0000] {processor.py:208} INFO - Processing /home/airflow/.local/lib/python3.12/site-packages/airflow/example_dags/example_latest_only.py took 0.158 seconds
[2026-08-06T04:50:00.841+0000] {processor.py:186} INFO - Started process (PID=516) to work on /home/airflow/.local/lib/python3.12/site-packages/airflow/example_dags/example_latest_only.py
[2026-08-06T04:50:00.842+0000] {processor.py:914} INFO - Processing file /home/airflow/.local/lib/python3.12/site-packages/airflow/example_dags/example_latest_only.py for tasks to queue
[2026-08-06T04:50:00.848+0000] {logging_mixin.py:190} INFO - [2026-08-06T04:50:00.845+0000] {dagbag.py:588} INFO - Filling up the DagBag from /home/airflow/.local/lib/python3.12/site-packages/airflow/example_dags/example_latest_only.py
[2026-08-06T04:50:00.860+0000] {processor.py:925} INFO - DAG(s) 'latest_only' retrieved from /home/airflow/.local/lib/python3.12/site-packages/airflow/example_dags/example_latest_only.py
[2026-08-06T04:50:00.890+0000] {logging_mixin.py:190} INFO - [2026-08-06T04:50:00.889+0000] {dag.py:3239} INFO - Sync 1 DAGs
[2026-08-06T04:50:00.955+0000] {logging_mixin.py:190} INFO - [2026-08-06T04:50:00.955+0000] {dag.py:4180} INFO - Setting next_dagrun for latest_only to 2026-08-06 00:00:00+00:00, run_after=2026-08-06 04:00:00+00:00
[2026-08-06T04:50:00.999+0000] {processor.py:208} INFO - Processing /home/airflow/.local/lib/python3.12/site-packages/airflow/example_dags/example_latest_only.py took 0.167 seconds
[2026-08-06T04:50:31.859+0000] {processor.py:186} INFO - Started process (PID=579) to work on /home/airflow/.local/lib/python3.12/site-packages/airflow/example_dags/example_latest_only.py
[2026-08-06T04:50:31.861+0000] {processor.py:914} INFO - Processing file /home/airflow/.local/lib/python3.12/site-packages/airflow/example_dags/example_latest_only.py for tasks to queue
[2026-08-06T04:50:31.864+0000] {logging_mixin.py:190} INFO - [2026-08-06T04:50:31.864+0000] {dagbag.py:588} INFO - Filling up the DagBag from /home/airflow/.local/lib/python3.12/site-packages/airflow/example_dags/example_latest_only.py
[2026-08-06T04:50:31.874+0000] {processor.py:925} INFO - DAG(s) 'latest_only' retrieved from /home/airflow/.local/lib/python3.12/site-packages/airflow/example_dags/example_latest_only.py
[2026-08-06T04:50:31.901+0000] {logging_mixin.py:190} INFO - [2026-08-06T04:50:31.900+0000] {dag.py:3239} INFO - Sync 1 DAGs
[2026-08-06T04:50:31.937+0000] {logging_mixin.py:190} INFO - [2026-08-06T04:50:31.936+0000] {dag.py:4180} INFO - Setting next_dagrun for latest_only to 2026-08-06 00:00:00+00:00, run_after=2026-08-06 04:00:00+00:00
[2026-08-06T04:50:31.969+0000] {processor.py:208} INFO - Processing /home/airflow/.local/lib/python3.12/site-packages/airflow/example_dags/example_latest_only.py took 0.117 seconds
[2026-08-06T04:51:02.167+0000] {processor.py:186} INFO - Started process (PID=642) to work on /home/airflow/.local/lib/python3.12/site-packages/airflow/example_dags/example_latest_only.py
[2026-08-06T04:51:02.170+0000] {processor.py:914} INFO - Processing file /home/airflow/.local/lib/python3.12/site-packages/airflow/example_dags/example_latest_only.py for tasks to queue
[2026-08-06T04:51:02.176+0000] {logging_mixin.py:190} INFO - [2026-08-06T04:51:02.175+0000] {dagbag.py:588} INFO - Filling up the DagBag from /home/airflow/.local/lib/python3.12/site-packages/airflow/example_dags/example_latest_only.py
[2026-08-06T04:51:02.192+0000] {processor.py:925} INFO - DAG(s) 'latest_only' retrieved from /home/airflow/.local/lib/python3.12/site-packages/airflow/example_dags/example_latest_only.py
[2026-08-06T04:51:02.232+0000] {logging_mixin.py:190} INFO - [2026-08-06T04:51:02.232+0000] {dag.py:3239} INFO - Sync 1 DAGs
[2026-08-06T04:51:02.283+0000] {logging_mixin.py:190} INFO - [2026-08-06T04:51:02.283+0000] {dag.py:4180} INFO - Setting next_dagrun for latest_only to 2026-08-06 00:00:00+00:00, run_after=2026-08-06 04:00:00+00:00
[2026-08-06T04:51:02.354+0000] {processor.py:208} INFO - Processing /home/airflow/.local/lib/python3.12/site-packages/airflow/example_dags/example_latest_only.py took 0.199 seconds
[2026-08-06T04:51:32.964+0000] {processor.py:186} INFO - Started process (PID=705) to work on /home/airflow/.local/lib/python3.12/site-packages/airflow/example_dags/example_latest_only.py
[2026-08-06T04:51:32.986+0000] {processor.py:914} INFO - Processing file /home/airflow/.local/lib/python3.12/site-packages/airflow/example_dags/example_latest_only.py for tasks to queue
[2026-08-06T04:51:33.006+0000] {logging_mixin.py:190} INFO - [2026-08-06T04:51:33.004+0000] {dagbag.py:588} INFO - Filling up the DagBag from /home/airflow/.local/lib/python3.12/site-packages/airflow/example_dags/example_latest_only.py
[2026-08-06T04:51:33.059+0000] {processor.py:925} INFO - DAG(s) 'latest_only' retrieved from /home/airflow/.local/lib/python3.12/site-packages/airflow/example_dags/example_latest_only.py
[2026-08-06T04:51:33.111+0000] {logging_mixin.py:190} INFO - [2026-08-06T04:51:33.111+0000] {dag.py:3239} INFO - Sync 1 DAGs
[2026-08-06T04:51:33.165+0000] {logging_mixin.py:190} INFO - [2026-08-06T04:51:33.164+0000] {dag.py:4180} INFO - Setting next_dagrun for latest_only to 2026-08-06 00:00:00+00:00, run_after=2026-08-06 04:00:00+00:00
[2026-08-06T04:51:33.211+0000] {processor.py:208} INFO - Processing /home/airflow/.local/lib/python3.12/site-packages/airflow/example_dags/example_latest_only.py took 0.279 seconds
[2026-08-06T04:52:04.076+0000] {processor.py:186} INFO - Started process (PID=768) to work on /home/airflow/.local/lib/python3.12/site-packages/airflow/example_dags/example_latest_only.py
[2026-08-06T04:52:04.079+0000] {processor.py:914} INFO - Processing file /home/airflow/.local/lib/python3.12/site-packages/airflow/example_dags/example_latest_only.py for tasks to queue
[2026-08-06T04:52:04.084+0000] {logging_mixin.py:190} INFO - [2026-08-06T04:52:04.083+0000] {dagbag.py:588} INFO - Filling up the DagBag from /home/airflow/.local/lib/python3.12/site-packages/airflow/example_dags/example_latest_only.py
[2026-08-06T04:52:04.096+0000] {processor.py:925} INFO - DAG(s) 'latest_only' retrieved from /home/airflow/.local/lib/python3.12/site-packages/airflow/example_dags/example_latest_only.py
[2026-08-06T04:52:04.135+0000] {logging_mixin.py:190} INFO - [2026-08-06T04:52:04.134+0000] {dag.py:3239} INFO - Sync 1 DAGs
[2026-08-06T04:52:04.185+0000] {logging_mixin.py:190} INFO - [2026-08-06T04:52:04.185+0000] {dag.py:4180} INFO - Setting next_dagrun for latest_only to 2026-08-06 00:00:00+00:00, run_after=2026-08-06 04:00:00+00:00
[2026-08-06T04:52:04.216+0000] {processor.py:208} INFO - Processing /home/airflow/.local/lib/python3.12/site-packages/airflow/example_dags/example_latest_only.py took 0.151 seconds
[2026-08-06T04:52:34.351+0000] {processor.py:186} INFO - Started process (PID=832) to work on /home/airflow/.local/lib/python3.12/site-packages/airflow/example_dags/example_latest_only.py
[2026-08-06T04:52:34.356+0000] {processor.py:914} INFO - Processing file /home/airflow/.local/lib/python3.12/site-packages/airflow/example_dags/example_latest_only.py for tasks to queue
[2026-08-06T04:52:34.373+0000] {logging_mixin.py:190} INFO - [2026-08-06T04:52:34.372+0000] {dagbag.py:588} INFO - Filling up the DagBag from /home/airflow/.local/lib/python3.12/site-packages/airflow/example_dags/example_latest_only.py
[2026-08-06T04:52:34.398+0000] {processor.py:925} INFO - DAG(s) 'latest_only' retrieved from /home/airflow/.local/lib/python3.12/site-packages/airflow/example_dags/example_latest_only.py
[2026-08-06T04:52:34.461+0000] {logging_mixin.py:190} INFO - [2026-08-06T04:52:34.461+0000] {dag.py:3239} INFO - Sync 1 DAGs
[2026-08-06T04:52:34.524+0000] {logging_mixin.py:190} INFO - [2026-08-06T04:52:34.524+0000] {dag.py:4180} INFO - Setting next_dagrun for latest_only to 2026-08-06 00:00:00+00:00, run_after=2026-08-06 04:00:00+00:00
[2026-08-06T04:52:34.631+0000] {processor.py:208} INFO - Processing /home/airflow/.local/lib/python3.12/site-packages/airflow/example_dags/example_latest_only.py took 0.303 seconds
[2026-08-06T05:30:13.122+0000] {processor.py:186} INFO - Started process (PID=77) to work on /home/airflow/.local/lib/python3.12/site-packages/airflow/example_dags/example_latest_only.py
[2026-08-06T05:30:13.124+0000] {processor.py:914} INFO - Processing file /home/airflow/.local/lib/python3.12/site-packages/airflow/example_dags/example_latest_only.py for tasks to queue
[2026-08-06T05:30:13.131+0000] {logging_mixin.py:190} INFO - [2026-08-06T05:30:13.130+0000] {dagbag.py:588} INFO - Filling up the DagBag from /home/airflow/.local/lib/python3.12/site-packages/airflow/example_dags/example_latest_only.py
[2026-08-06T05:30:13.160+0000] {processor.py:925} INFO - DAG(s) 'latest_only' retrieved from /home/airflow/.local/lib/python3.12/site-packages/airflow/example_dags/example_latest_only.py
[2026-08-06T05:30:13.244+0000] {logging_mixin.py:190} INFO - [2026-08-06T05:30:13.244+0000] {dag.py:3239} INFO - Sync 1 DAGs
[2026-08-06T05:30:13.317+0000] {logging_mixin.py:190} INFO - [2026-08-06T05:30:13.316+0000] {dag.py:4180} INFO - Setting next_dagrun for latest_only to 2026-08-06 00:00:00+00:00, run_after=2026-08-06 04:00:00+00:00
[2026-08-06T05:30:13.367+0000] {processor.py:208} INFO - Processing /home/airflow/.local/lib/python3.12/site-packages/airflow/example_dags/example_latest_only.py took 0.262 seconds
[2026-08-06T05:30:43.694+0000] {processor.py:186} INFO - Started process (PID=139) to work on /home/airflow/.local/lib/python3.12/site-packages/airflow/example_dags/example_latest_only.py
[2026-08-06T05:30:43.696+0000] {processor.py:914} INFO - Processing file /home/airflow/.local/lib/python3.12/site-packages/airflow/example_dags/example_latest_only.py for tasks to queue
[2026-08-06T05:30:43.700+0000] {logging_mixin.py:190} INFO - [2026-08-06T05:30:43.700+0000] {dagbag.py:588} INFO - Filling up the DagBag from /home/airflow/.local/lib/python3.12/site-packages/airflow/example_dags/example_latest_only.py
[2026-08-06T05:30:43.714+0000] {processor.py:925} INFO - DAG(s) 'latest_only' retrieved from /home/airflow/.local/lib/python3.12/site-packages/airflow/example_dags/example_latest_only.py
[2026-08-06T05:30:43.792+0000] {logging_mixin.py:190} INFO - [2026-08-06T05:30:43.791+0000] {dag.py:3239} INFO - Sync 1 DAGs
[2026-08-06T05:30:43.830+0000] {logging_mixin.py:190} INFO - [2026-08-06T05:30:43.829+0000] {dag.py:4180} INFO - Setting next_dagrun for latest_only to 2026-08-06 00:00:00+00:00, run_after=2026-08-06 04:00:00+00:00
[2026-08-06T05:30:43.875+0000] {processor.py:208} INFO - Processing /home/airflow/.local/lib/python3.12/site-packages/airflow/example_dags/example_latest_only.py took 0.192 seconds
[2026-08-06T05:33:08.272+0000] {processor.py:186} INFO - Started process (PID=64) to work on /home/airflow/.local/lib/python3.12/site-packages/airflow/example_dags/example_latest_only.py
[2026-08-06T05:33:08.274+0000] {processor.py:914} INFO - Processing file /home/airflow/.local/lib/python3.12/site-packages/airflow/example_dags/example_latest_only.py for tasks to queue
[2026-08-06T05:33:08.278+0000] {logging_mixin.py:190} INFO - [2026-08-06T05:33:08.278+0000] {dagbag.py:588} INFO - Filling up the DagBag from /home/airflow/.local/lib/python3.12/site-packages/airflow/example_dags/example_latest_only.py
[2026-08-06T05:33:08.295+0000] {processor.py:925} INFO - DAG(s) 'latest_only' retrieved from /home/airflow/.local/lib/python3.12/site-packages/airflow/example_dags/example_latest_only.py
[2026-08-06T05:33:08.353+0000] {logging_mixin.py:190} INFO - [2026-08-06T05:33:08.352+0000] {dag.py:3239} INFO - Sync 1 DAGs
[2026-08-06T05:33:08.407+0000] {logging_mixin.py:190} INFO - [2026-08-06T05:33:08.407+0000] {dag.py:4180} INFO - Setting next_dagrun for latest_only to 2026-08-06 00:00:00+00:00, run_after=2026-08-06 04:00:00+00:00
[2026-08-06T05:33:08.498+0000] {processor.py:208} INFO - Processing /home/airflow/.local/lib/python3.12/site-packages/airflow/example_dags/example_latest_only.py took 0.240 seconds
[2026-08-06T05:33:38.887+0000] {processor.py:186} INFO - Started process (PID=128) to work on /home/airflow/.local/lib/python3.12/site-packages/airflow/example_dags/example_latest_only.py
[2026-08-06T05:33:38.890+0000] {processor.py:914} INFO - Processing file /home/airflow/.local/lib/python3.12/site-packages/airflow/example_dags/example_latest_only.py for tasks to queue
[2026-08-06T05:33:38.895+0000] {logging_mixin.py:190} INFO - [2026-08-06T05:33:38.895+0000] {dagbag.py:588} INFO - Filling up the DagBag from /home/airflow/.local/lib/python3.12/site-packages/airflow/example_dags/example_latest_only.py
[2026-08-06T05:33:38.910+0000] {processor.py:925} INFO - DAG(s) 'latest_only' retrieved from /home/airflow/.local/lib/python3.12/site-packages/airflow/example_dags/example_latest_only.py
[2026-08-06T05:33:38.976+0000] {logging_mixin.py:190} INFO - [2026-08-06T05:33:38.975+0000] {dag.py:3239} INFO - Sync 1 DAGs
[2026-08-06T05:33:39.037+0000] {logging_mixin.py:190} INFO - [2026-08-06T05:33:39.037+0000] {dag.py:4180} INFO - Setting next_dagrun for latest_only to 2026-08-06 00:00:00+00:00, run_after=2026-08-06 04:00:00+00:00
[2026-08-06T05:33:39.094+0000] {processor.py:208} INFO - Processing /home/airflow/.local/lib/python3.12/site-packages/airflow/example_dags/example_latest_only.py took 0.218 seconds
[2026-08-06T05:34:10.013+0000] {processor.py:186} INFO - Started process (PID=197) to work on /home/airflow/.local/lib/python3.12/site-packages/airflow/example_dags/example_latest_only.py
[2026-08-06T05:34:10.103+0000] {processor.py:914} INFO - Processing file /home/airflow/.local/lib/python3.12/site-packages/airflow/example_dags/example_latest_only.py for tasks to queue
[2026-08-06T05:34:10.110+0000] {logging_mixin.py:190} INFO - [2026-08-06T05:34:10.110+0000] {dagbag.py:588} INFO - Filling up the DagBag from /home/airflow/.local/lib/python3.12/site-packages/airflow/example_dags/example_latest_only.py
[2026-08-06T05:34:10.129+0000] {processor.py:925} INFO - DAG(s) 'latest_only' retrieved from /home/airflow/.local/lib/python3.12/site-packages/airflow/example_dags/example_latest_only.py
[2026-08-06T05:34:10.156+0000] {logging_mixin.py:190} INFO - [2026-08-06T05:34:10.156+0000] {dag.py:3239} INFO - Sync 1 DAGs
[2026-08-06T05:34:10.287+0000] {logging_mixin.py:190} INFO - [2026-08-06T05:34:10.287+0000] {dag.py:4180} INFO - Setting next_dagrun for latest_only to 2026-08-06 00:00:00+00:00, run_after=2026-08-06 04:00:00+00:00
[2026-08-06T05:34:10.446+0000] {processor.py:208} INFO - Processing /home/airflow/.local/lib/python3.12/site-packages/airflow/example_dags/example_latest_only.py took 0.440 seconds
[2026-08-06T05:34:40.962+0000] {processor.py:186} INFO - Started process (PID=260) to work on /home/airflow/.local/lib/python3.12/site-packages/airflow/example_dags/example_latest_only.py
[2026-08-06T05:34:40.965+0000] {processor.py:914} INFO - Processing file /home/airflow/.local/lib/python3.12/site-packages/airflow/example_dags/example_latest_only.py for tasks to queue
[2026-08-06T05:34:40.969+0000] {logging_mixin.py:190} INFO - [2026-08-06T05:34:40.969+0000] {dagbag.py:588} INFO - Filling up the DagBag from /home/airflow/.local/lib/python3.12/site-packages/airflow/example_dags/example_latest_only.py
[2026-08-06T05:34:40.982+0000] {processor.py:925} INFO - DAG(s) 'latest_only' retrieved from /home/airflow/.local/lib/python3.12/site-packages/airflow/example_dags/example_latest_only.py
[2026-08-06T05:34:41.014+0000] {logging_mixin.py:190} INFO - [2026-08-06T05:34:41.014+0000] {dag.py:3239} INFO - Sync 1 DAGs
[2026-08-06T05:34:41.089+0000] {logging_mixin.py:190} INFO - [2026-08-06T05:34:41.089+0000] {dag.py:4180} INFO - Setting next_dagrun for latest_only to 2026-08-06 00:00:00+00:00, run_after=2026-08-06 04:00:00+00:00
[2026-08-06T05:34:41.160+0000] {processor.py:208} INFO - Processing /home/airflow/.local/lib/python3.12/site-packages/airflow/example_dags/example_latest_only.py took 0.207 seconds
[2026-08-06T05:35:11.702+0000] {processor.py:186} INFO - Started process (PID=323) to work on /home/airflow/.local/lib/python3.12/site-packages/airflow/example_dags/example_latest_only.py
[2026-08-06T05:35:11.707+0000] {processor.py:914} INFO - Processing file /home/airflow/.local/lib/python3.12/site-packages/airflow/example_dags/example_latest_only.py for tasks to queue
[2026-08-06T05:35:11.712+0000] {logging_mixin.py:190} INFO - [2026-08-06T05:35:11.711+0000] {dagbag.py:588} INFO - Filling up the DagBag from /home/airflow/.local/lib/python3.12/site-packages/airflow/example_dags/example_latest_only.py
[2026-08-06T05:35:11.732+0000] {processor.py:925} INFO - DAG(s) 'latest_only' retrieved from /home/airflow/.local/lib/python3.12/site-packages/airflow/example_dags/example_latest_only.py
[2026-08-06T05:35:11.766+0000] {logging_mixin.py:190} INFO - [2026-08-06T05:35:11.766+0000] {dag.py:3239} INFO - Sync 1 DAGs
[2026-08-06T05:35:11.802+0000] {logging_mixin.py:190} INFO - [2026-08-06T05:35:11.802+0000] {dag.py:4180} INFO - Setting next_dagrun for latest_only to 2026-08-06 00:00:00+00:00, run_after=2026-08-06 04:00:00+00:00
[2026-08-06T05:35:11.835+0000] {processor.py:208} INFO - Processing /home/airflow/.local/lib/python3.12/site-packages/airflow/example_dags/example_latest_only.py took 0.142 seconds
[2026-08-06T05:36:55.998+0000] {processor.py:186} INFO - Started process (PID=77) to work on /home/airflow/.local/lib/python3.12/site-packages/airflow/example_dags/example_latest_only.py
[2026-08-06T05:36:56.001+0000] {processor.py:914} INFO - Processing file /home/airflow/.local/lib/python3.12/site-packages/airflow/example_dags/example_latest_only.py for tasks to queue
[2026-08-06T05:36:56.009+0000] {logging_mixin.py:190} INFO - [2026-08-06T05:36:56.008+0000] {dagbag.py:588} INFO - Filling up the DagBag from /home/airflow/.local/lib/python3.12/site-packages/airflow/example_dags/example_latest_only.py
[2026-08-06T05:36:56.032+0000] {processor.py:925} INFO - DAG(s) 'latest_only' retrieved from /home/airflow/.local/lib/python3.12/site-packages/airflow/example_dags/example_latest_only.py
[2026-08-06T05:36:56.095+0000] {logging_mixin.py:190} INFO - [2026-08-06T05:36:56.094+0000] {dag.py:3239} INFO - Sync 1 DAGs
[2026-08-06T05:36:56.158+0000] {logging_mixin.py:190} INFO - [2026-08-06T05:36:56.157+0000] {dag.py:4180} INFO - Setting next_dagrun for latest_only to 2026-08-06 00:00:00+00:00, run_after=2026-08-06 04:00:00+00:00
[2026-08-06T05:36:56.205+0000] {processor.py:208} INFO - Processing /home/airflow/.local/lib/python3.12/site-packages/airflow/example_dags/example_latest_only.py took 0.222 seconds
[2026-08-06T05:37:26.398+0000] {processor.py:186} INFO - Started process (PID=141) to work on /home/airflow/.local/lib/python3.12/site-packages/airflow/example_dags/example_latest_only.py
[2026-08-06T05:37:26.400+0000] {processor.py:914} INFO - Processing file /home/airflow/.local/lib/python3.12/site-packages/airflow/example_dags/example_latest_only.py for tasks to queue
[2026-08-06T05:37:26.404+0000] {logging_mixin.py:190} INFO - [2026-08-06T05:37:26.404+0000] {dagbag.py:588} INFO - Filling up the DagBag from /home/airflow/.local/lib/python3.12/site-packages/airflow/example_dags/example_latest_only.py
[2026-08-06T05:37:26.416+0000] {processor.py:925} INFO - DAG(s) 'latest_only' retrieved from /home/airflow/.local/lib/python3.12/site-packages/airflow/example_dags/example_latest_only.py
[2026-08-06T05:37:26.446+0000] {logging_mixin.py:190} INFO - [2026-08-06T05:37:26.445+0000] {dag.py:3239} INFO - Sync 1 DAGs
[2026-08-06T05:37:26.485+0000] {logging_mixin.py:190} INFO - [2026-08-06T05:37:26.485+0000] {dag.py:4180} INFO - Setting next_dagrun for latest_only to 2026-08-06 00:00:00+00:00, run_after=2026-08-06 04:00:00+00:00
[2026-08-06T05:37:26.553+0000] {processor.py:208} INFO - Processing /home/airflow/.local/lib/python3.12/site-packages/airflow/example_dags/example_latest_only.py took 0.164 seconds
[2026-08-06T05:37:56.763+0000] {processor.py:186} INFO - Started process (PID=205) to work on /home/airflow/.local/lib/python3.12/site-packages/airflow/example_dags/example_latest_only.py
[2026-08-06T05:37:56.765+0000] {processor.py:914} INFO - Processing file /home/airflow/.local/lib/python3.12/site-packages/airflow/example_dags/example_latest_only.py for tasks to queue
[2026-08-06T05:37:56.769+0000] {logging_mixin.py:190} INFO - [2026-08-06T05:37:56.768+0000] {dagbag.py:588} INFO - Filling up the DagBag from /home/airflow/.local/lib/python3.12/site-packages/airflow/example_dags/example_latest_only.py
[2026-08-06T05:37:56.780+0000] {processor.py:925} INFO - DAG(s) 'latest_only' retrieved from /home/airflow/.local/lib/python3.12/site-packages/airflow/example_dags/example_latest_only.py
[2026-08-06T05:37:56.815+0000] {logging_mixin.py:190} INFO - [2026-08-06T05:37:56.815+0000] {dag.py:3239} INFO - Sync 1 DAGs
[2026-08-06T05:37:56.854+0000] {logging_mixin.py:190} INFO - [2026-08-06T05:37:56.854+0000] {dag.py:4180} INFO - Setting next_dagrun for latest_only to 2026-08-06 00:00:00+00:00, run_after=2026-08-06 04:00:00+00:00
[2026-08-06T05:37:56.913+0000] {processor.py:208} INFO - Processing /home/airflow/.local/lib/python3.12/site-packages/airflow/example_dags/example_latest_only.py took 0.160 seconds
[2026-08-06T05:38:28.216+0000] {processor.py:186} INFO - Started process (PID=276) to work on /home/airflow/.local/lib/python3.12/site-packages/airflow/example_dags/example_latest_only.py
[2026-08-06T05:38:28.219+0000] {processor.py:914} INFO - Processing file /home/airflow/.local/lib/python3.12/site-packages/airflow/example_dags/example_latest_only.py for tasks to queue
[2026-08-06T05:38:28.226+0000] {logging_mixin.py:190} INFO - [2026-08-06T05:38:28.225+0000] {dagbag.py:588} INFO - Filling up the DagBag from /home/airflow/.local/lib/python3.12/site-packages/airflow/example_dags/example_latest_only.py
[2026-08-06T05:38:28.244+0000] {processor.py:925} INFO - DAG(s) 'latest_only' retrieved from /home/airflow/.local/lib/python3.12/site-packages/airflow/example_dags/example_latest_only.py
[2026-08-06T05:38:28.297+0000] {logging_mixin.py:190} INFO - [2026-08-06T05:38:28.297+0000] {dag.py:3239} INFO - Sync 1 DAGs
[2026-08-06T05:38:28.368+0000] {logging_mixin.py:190} INFO - [2026-08-06T05:38:28.367+0000] {dag.py:4180} INFO - Setting next_dagrun for latest_only to 2026-08-06 00:00:00+00:00, run_after=2026-08-06 04:00:00+00:00
[2026-08-06T05:38:28.428+0000] {processor.py:208} INFO - Processing /home/airflow/.local/lib/python3.12/site-packages/airflow/example_dags/example_latest_only.py took 0.232 seconds
[2026-08-06T05:38:58.996+0000] {processor.py:186} INFO - Started process (PID=348) to work on /home/airflow/.local/lib/python3.12/site-packages/airflow/example_dags/example_latest_only.py
[2026-08-06T05:38:58.998+0000] {processor.py:914} INFO - Processing file /home/airflow/.local/lib/python3.12/site-packages/airflow/example_dags/example_latest_only.py for tasks to queue
[2026-08-06T05:38:59.001+0000] {logging_mixin.py:190} INFO - [2026-08-06T05:38:59.001+0000] {dagbag.py:588} INFO - Filling up the DagBag from /home/airflow/.local/lib/python3.12/site-packages/airflow/example_dags/example_latest_only.py
[2026-08-06T05:38:59.011+0000] {processor.py:925} INFO - DAG(s) 'latest_only' retrieved from /home/airflow/.local/lib/python3.12/site-packages/airflow/example_dags/example_latest_only.py
[2026-08-06T05:38:59.036+0000] {logging_mixin.py:190} INFO - [2026-08-06T05:38:59.036+0000] {dag.py:3239} INFO - Sync 1 DAGs
[2026-08-06T05:38:59.068+0000] {logging_mixin.py:190} INFO - [2026-08-06T05:38:59.068+0000] {dag.py:4180} INFO - Setting next_dagrun for latest_only to 2026-08-06 00:00:00+00:00, run_after=2026-08-06 04:00:00+00:00
[2026-08-06T05:38:59.126+0000] {processor.py:208} INFO - Processing /home/airflow/.local/lib/python3.12/site-packages/airflow/example_dags/example_latest_only.py took 0.137 seconds
[2026-08-06T05:39:29.357+0000] {processor.py:186} INFO - Started process (PID=412) to work on /home/airflow/.local/lib/python3.12/site-packages/airflow/example_dags/example_latest_only.py
[2026-08-06T05:39:29.360+0000] {processor.py:914} INFO - Processing file /home/airflow/.local/lib/python3.12/site-packages/airflow/example_dags/example_latest_only.py for tasks to queue
[2026-08-06T05:39:29.366+0000] {logging_mixin.py:190} INFO - [2026-08-06T05:39:29.365+0000] {dagbag.py:588} INFO - Filling up the DagBag from /home/airflow/.local/lib/python3.12/site-packages/airflow/example_dags/example_latest_only.py
[2026-08-06T05:39:29.382+0000] {processor.py:925} INFO - DAG(s) 'latest_only' retrieved from /home/airflow/.local/lib/python3.12/site-packages/airflow/example_dags/example_latest_only.py
[2026-08-06T05:39:29.423+0000] {logging_mixin.py:190} INFO - [2026-08-06T05:39:29.423+0000] {dag.py:3239} INFO - Sync 1 DAGs
[2026-08-06T05:39:29.465+0000] {logging_mixin.py:190} INFO - [2026-08-06T05:39:29.464+0000] {dag.py:4180} INFO - Setting next_dagrun for latest_only to 2026-08-06 00:00:00+00:00, run_after=2026-08-06 04:00:00+00:00
[2026-08-06T05:39:29.511+0000] {processor.py:208} INFO - Processing /home/airflow/.local/lib/python3.12/site-packages/airflow/example_dags/example_latest_only.py took 0.167 seconds
[2026-08-06T05:39:59.756+0000] {processor.py:186} INFO - Started process (PID=476) to work on /home/airflow/.local/lib/python3.12/site-packages/airflow/example_dags/example_latest_only.py
[2026-08-06T05:39:59.758+0000] {processor.py:914} INFO - Processing file /home/airflow/.local/lib/python3.12/site-packages/airflow/example_dags/example_latest_only.py for tasks to queue
[2026-08-06T05:39:59.763+0000] {logging_mixin.py:190} INFO - [2026-08-06T05:39:59.762+0000] {dagbag.py:588} INFO - Filling up the DagBag from /home/airflow/.local/lib/python3.12/site-packages/airflow/example_dags/example_latest_only.py
[2026-08-06T05:39:59.778+0000] {processor.py:925} INFO - DAG(s) 'latest_only' retrieved from /home/airflow/.local/lib/python3.12/site-packages/airflow/example_dags/example_latest_only.py
[2026-08-06T05:39:59.821+0000] {logging_mixin.py:190} INFO - [2026-08-06T05:39:59.821+0000] {dag.py:3239} INFO - Sync 1 DAGs
[2026-08-06T05:39:59.866+0000] {logging_mixin.py:190} INFO - [2026-08-06T05:39:59.865+0000] {dag.py:4180} INFO - Setting next_dagrun for latest_only to 2026-08-06 00:00:00+00:00, run_after=2026-08-06 04:00:00+00:00
[2026-08-06T05:39:59.910+0000] {processor.py:208} INFO - Processing /home/airflow/.local/lib/python3.12/site-packages/airflow/example_dags/example_latest_only.py took 0.166 seconds
[2026-08-06T05:40:30.196+0000] {processor.py:186} INFO - Started process (PID=540) to work on /home/airflow/.local/lib/python3.12/site-packages/airflow/example_dags/example_latest_only.py
[2026-08-06T05:40:30.200+0000] {processor.py:914} INFO - Processing file /home/airflow/.local/lib/python3.12/site-packages/airflow/example_dags/example_latest_only.py for tasks to queue
[2026-08-06T05:40:30.213+0000] {logging_mixin.py:190} INFO - [2026-08-06T05:40:30.212+0000] {dagbag.py:588} INFO - Filling up the DagBag from /home/airflow/.local/lib/python3.12/site-packages/airflow/example_dags/example_latest_only.py
[2026-08-06T05:40:30.228+0000] {processor.py:925} INFO - DAG(s) 'latest_only' retrieved from /home/airflow/.local/lib/python3.12/site-packages/airflow/example_dags/example_latest_only.py
[2026-08-06T05:40:30.264+0000] {logging_mixin.py:190} INFO - [2026-08-06T05:40:30.264+0000] {dag.py:3239} INFO - Sync 1 DAGs
[2026-08-06T05:40:30.302+0000] {logging_mixin.py:190} INFO - [2026-08-06T05:40:30.302+0000] {dag.py:4180} INFO - Setting next_dagrun for latest_only to 2026-08-06 00:00:00+00:00, run_after=2026-08-06 04:00:00+00:00
[2026-08-06T05:40:30.338+0000] {processor.py:208} INFO - Processing /home/airflow/.local/lib/python3.12/site-packages/airflow/example_dags/example_latest_only.py took 0.153 seconds
[2026-08-06T05:41:01.583+0000] {processor.py:186} INFO - Started process (PID=604) to work on /home/airflow/.local/lib/python3.12/site-packages/airflow/example_dags/example_latest_only.py
[2026-08-06T05:41:01.585+0000] {processor.py:914} INFO - Processing file /home/airflow/.local/lib/python3.12/site-packages/airflow/example_dags/example_latest_only.py for tasks to queue
[2026-08-06T05:41:01.591+0000] {logging_mixin.py:190} INFO - [2026-08-06T05:41:01.589+0000] {dagbag.py:588} INFO - Filling up the DagBag from /home/airflow/.local/lib/python3.12/site-packages/airflow/example_dags/example_latest_only.py
[2026-08-06T05:41:01.603+0000] {processor.py:925} INFO - DAG(s) 'latest_only' retrieved from /home/airflow/.local/lib/python3.12/site-packages/airflow/example_dags/example_latest_only.py
[2026-08-06T05:41:01.641+0000] {logging_mixin.py:190} INFO - [2026-08-06T05:41:01.640+0000] {dag.py:3239} INFO - Sync 1 DAGs
[2026-08-06T05:41:01.684+0000] {logging_mixin.py:190} INFO - [2026-08-06T05:41:01.684+0000] {dag.py:4180} INFO - Setting next_dagrun for latest_only to 2026-08-06 00:00:00+00:00, run_after=2026-08-06 04:00:00+00:00
[2026-08-06T05:41:01.718+0000] {processor.py:208} INFO - Processing /home/airflow/.local/lib/python3.12/site-packages/airflow/example_dags/example_latest_only.py took 0.143 seconds
[2026-08-06T05:41:32.200+0000] {processor.py:186} INFO - Started process (PID=668) to work on /home/airflow/.local/lib/python3.12/site-packages/airflow/example_dags/example_latest_only.py
[2026-08-06T05:41:32.205+0000] {processor.py:914} INFO - Processing file /home/airflow/.local/lib/python3.12/site-packages/airflow/example_dags/example_latest_only.py for tasks to queue
[2026-08-06T05:41:32.209+0000] {logging_mixin.py:190} INFO - [2026-08-06T05:41:32.209+0000] {dagbag.py:588} INFO - Filling up the DagBag from /home/airflow/.local/lib/python3.12/site-packages/airflow/example_dags/example_latest_only.py
[2026-08-06T05:41:32.220+0000] {processor.py:925} INFO - DAG(s) 'latest_only' retrieved from /home/airflow/.local/lib/python3.12/site-packages/airflow/example_dags/example_latest_only.py
[2026-08-06T05:41:32.259+0000] {logging_mixin.py:190} INFO - [2026-08-06T05:41:32.258+0000] {dag.py:3239} INFO - Sync 1 DAGs
[2026-08-06T05:41:32.298+0000] {logging_mixin.py:190} INFO - [2026-08-06T05:41:32.297+0000] {dag.py:4180} INFO - Setting next_dagrun for latest_only to 2026-08-06 00:00:00+00:00, run_after=2026-08-06 04:00:00+00:00
[2026-08-06T05:41:32.408+0000] {processor.py:208} INFO - Processing /home/airflow/.local/lib/python3.12/site-packages/airflow/example_dags/example_latest_only.py took 0.217 seconds
[2026-08-06T05:42:02.712+0000] {processor.py:186} INFO - Started process (PID=732) to work on /home/airflow/.local/lib/python3.12/site-packages/airflow/example_dags/example_latest_only.py
[2026-08-06T05:42:02.718+0000] {processor.py:914} INFO - Processing file /home/airflow/.local/lib/python3.12/site-packages/airflow/example_dags/example_latest_only.py for tasks to queue
[2026-08-06T05:42:02.723+0000] {logging_mixin.py:190} INFO - [2026-08-06T05:42:02.722+0000] {dagbag.py:588} INFO - Filling up the DagBag from /home/airflow/.local/lib/python3.12/site-packages/airflow/example_dags/example_latest_only.py
[2026-08-06T05:42:02.732+0000] {processor.py:925} INFO - DAG(s) 'latest_only' retrieved from /home/airflow/.local/lib/python3.12/site-packages/airflow/example_dags/example_latest_only.py
[2026-08-06T05:42:02.762+0000] {logging_mixin.py:190} INFO - [2026-08-06T05:42:02.761+0000] {dag.py:3239} INFO - Sync 1 DAGs
[2026-08-06T05:42:02.840+0000] {logging_mixin.py:190} INFO - [2026-08-06T05:42:02.839+0000] {dag.py:4180} INFO - Setting next_dagrun for latest_only to 2026-08-06 00:00:00+00:00, run_after=2026-08-06 04:00:00+00:00
[2026-08-06T05:42:02.900+0000] {processor.py:208} INFO - Processing /home/airflow/.local/lib/python3.12/site-packages/airflow/example_dags/example_latest_only.py took 0.196 seconds
[2026-08-06T05:42:33.102+0000] {processor.py:186} INFO - Started process (PID=796) to work on /home/airflow/.local/lib/python3.12/site-packages/airflow/example_dags/example_latest_only.py
[2026-08-06T05:42:33.104+0000] {processor.py:914} INFO - Processing file /home/airflow/.local/lib/python3.12/site-packages/airflow/example_dags/example_latest_only.py for tasks to queue
[2026-08-06T05:42:33.108+0000] {logging_mixin.py:190} INFO - [2026-08-06T05:42:33.107+0000] {dagbag.py:588} INFO - Filling up the DagBag from /home/airflow/.local/lib/python3.12/site-packages/airflow/example_dags/example_latest_only.py
[2026-08-06T05:42:33.119+0000] {processor.py:925} INFO - DAG(s) 'latest_only' retrieved from /home/airflow/.local/lib/python3.12/site-packages/airflow/example_dags/example_latest_only.py
[2026-08-06T05:42:33.152+0000] {logging_mixin.py:190} INFO - [2026-08-06T05:42:33.151+0000] {dag.py:3239} INFO - Sync 1 DAGs
[2026-08-06T05:42:33.190+0000] {logging_mixin.py:190} INFO - [2026-08-06T05:42:33.189+0000] {dag.py:4180} INFO - Setting next_dagrun for latest_only to 2026-08-06 00:00:00+00:00, run_after=2026-08-06 04:00:00+00:00
[2026-08-06T05:42:33.225+0000] {processor.py:208} INFO - Processing /home/airflow/.local/lib/python3.12/site-packages/airflow/example_dags/example_latest_only.py took 0.132 seconds
[2026-08-06T05:43:04.021+0000] {processor.py:186} INFO - Started process (PID=860) to work on /home/airflow/.local/lib/python3.12/site-packages/airflow/example_dags/example_latest_only.py
[2026-08-06T05:43:04.025+0000] {processor.py:914} INFO - Processing file /home/airflow/.local/lib/python3.12/site-packages/airflow/example_dags/example_latest_only.py for tasks to queue
[2026-08-06T05:43:04.031+0000] {logging_mixin.py:190} INFO - [2026-08-06T05:43:04.030+0000] {dagbag.py:588} INFO - Filling up the DagBag from /home/airflow/.local/lib/python3.12/site-packages/airflow/example_dags/example_latest_only.py
[2026-08-06T05:43:04.045+0000] {processor.py:925} INFO - DAG(s) 'latest_only' retrieved from /home/airflow/.local/lib/python3.12/site-packages/airflow/example_dags/example_latest_only.py
[2026-08-06T05:43:04.078+0000] {logging_mixin.py:190} INFO - [2026-08-06T05:43:04.078+0000] {dag.py:3239} INFO - Sync 1 DAGs
[2026-08-06T05:43:04.111+0000] {logging_mixin.py:190} INFO - [2026-08-06T05:43:04.110+0000] {dag.py:4180} INFO - Setting next_dagrun for latest_only to 2026-08-06 00:00:00+00:00, run_after=2026-08-06 04:00:00+00:00
[2026-08-06T05:43:04.175+0000] {processor.py:208} INFO - Processing /home/airflow/.local/lib/python3.12/site-packages/airflow/example_dags/example_latest_only.py took 0.165 seconds
[2026-08-06T05:43:35.206+0000] {processor.py:186} INFO - Started process (PID=924) to work on /home/airflow/.local/lib/python3.12/site-packages/airflow/example_dags/example_latest_only.py
[2026-08-06T05:43:35.209+0000] {processor.py:914} INFO - Processing file /home/airflow/.local/lib/python3.12/site-packages/airflow/example_dags/example_latest_only.py for tasks to queue
[2026-08-06T05:43:35.215+0000] {logging_mixin.py:190} INFO - [2026-08-06T05:43:35.214+0000] {dagbag.py:588} INFO - Filling up the DagBag from /home/airflow/.local/lib/python3.12/site-packages/airflow/example_dags/example_latest_only.py
[2026-08-06T05:43:35.231+0000] {processor.py:925} INFO - DAG(s) 'latest_only' retrieved from /home/airflow/.local/lib/python3.12/site-packages/airflow/example_dags/example_latest_only.py
[2026-08-06T05:43:35.272+0000] {logging_mixin.py:190} INFO - [2026-08-06T05:43:35.272+0000] {dag.py:3239} INFO - Sync 1 DAGs
[2026-08-06T05:43:35.312+0000] {logging_mixin.py:190} INFO - [2026-08-06T05:43:35.312+0000] {dag.py:4180} INFO - Setting next_dagrun for latest_only to 2026-08-06 00:00:00+00:00, run_after=2026-08-06 04:00:00+00:00
[2026-08-06T05:43:35.353+0000] {processor.py:208} INFO - Processing /home/airflow/.local/lib/python3.12/site-packages/airflow/example_dags/example_latest_only.py took 0.162 seconds
[2026-08-06T05:44:06.070+0000] {processor.py:186} INFO - Started process (PID=1002) to work on /home/airflow/.local/lib/python3.12/site-packages/airflow/example_dags/example_latest_only.py
[2026-08-06T05:44:06.073+0000] {processor.py:914} INFO - Processing file /home/airflow/.local/lib/python3.12/site-packages/airflow/example_dags/example_latest_only.py for tasks to queue
[2026-08-06T05:44:06.078+0000] {logging_mixin.py:190} INFO - [2026-08-06T05:44:06.077+0000] {dagbag.py:588} INFO - Filling up the DagBag from /home/airflow/.local/lib/python3.12/site-packages/airflow/example_dags/example_latest_only.py
[2026-08-06T05:44:06.092+0000] {processor.py:925} INFO - DAG(s) 'latest_only' retrieved from /home/airflow/.local/lib/python3.12/site-packages/airflow/example_dags/example_latest_only.py
[2026-08-06T05:44:06.125+0000] {logging_mixin.py:190} INFO - [2026-08-06T05:44:06.125+0000] {dag.py:3239} INFO - Sync 1 DAGs
[2026-08-06T05:44:06.170+0000] {logging_mixin.py:190} INFO - [2026-08-06T05:44:06.170+0000] {dag.py:4180} INFO - Setting next_dagrun for latest_only to 2026-08-06 00:00:00+00:00, run_after=2026-08-06 04:00:00+00:00
[2026-08-06T05:44:06.205+0000] {processor.py:208} INFO - Processing /home/airflow/.local/lib/python3.12/site-packages/airflow/example_dags/example_latest_only.py took 0.145 seconds
[2026-08-06T05:44:36.934+0000] {processor.py:186} INFO - Started process (PID=1066) to work on /home/airflow/.local/lib/python3.12/site-packages/airflow/example_dags/example_latest_only.py
[2026-08-06T05:44:36.936+0000] {processor.py:914} INFO - Processing file /home/airflow/.local/lib/python3.12/site-packages/airflow/example_dags/example_latest_only.py for tasks to queue
[2026-08-06T05:44:36.942+0000] {logging_mixin.py:190} INFO - [2026-08-06T05:44:36.941+0000] {dagbag.py:588} INFO - Filling up the DagBag from /home/airflow/.local/lib/python3.12/site-packages/airflow/example_dags/example_latest_only.py
[2026-08-06T05:44:36.966+0000] {processor.py:925} INFO - DAG(s) 'latest_only' retrieved from /home/airflow/.local/lib/python3.12/site-packages/airflow/example_dags/example_latest_only.py
[2026-08-06T05:44:37.015+0000] {logging_mixin.py:190} INFO - [2026-08-06T05:44:37.014+0000] {dag.py:3239} INFO - Sync 1 DAGs
[2026-08-06T05:44:37.084+0000] {logging_mixin.py:190} INFO - [2026-08-06T05:44:37.084+0000] {dag.py:4180} INFO - Setting next_dagrun for latest_only to 2026-08-06 00:00:00+00:00, run_after=2026-08-06 04:00:00+00:00
[2026-08-06T05:44:37.160+0000] {processor.py:208} INFO - Processing /home/airflow/.local/lib/python3.12/site-packages/airflow/example_dags/example_latest_only.py took 0.238 seconds
[2026-08-06T05:45:07.367+0000] {processor.py:186} INFO - Started process (PID=1128) to work on /home/airflow/.local/lib/python3.12/site-packages/airflow/example_dags/example_latest_only.py
[2026-08-06T05:45:07.372+0000] {processor.py:914} INFO - Processing file /home/airflow/.local/lib/python3.12/site-packages/airflow/example_dags/example_latest_only.py for tasks to queue
[2026-08-06T05:45:07.376+0000] {logging_mixin.py:190} INFO - [2026-08-06T05:45:07.376+0000] {dagbag.py:588} INFO - Filling up the DagBag from /home/airflow/.local/lib/python3.12/site-packages/airflow/example_dags/example_latest_only.py
[2026-08-06T05:45:07.389+0000] {processor.py:925} INFO - DAG(s) 'latest_only' retrieved from /home/airflow/.local/lib/python3.12/site-packages/airflow/example_dags/example_latest_only.py
[2026-08-06T05:45:07.419+0000] {logging_mixin.py:190} INFO - [2026-08-06T05:45:07.418+0000] {dag.py:3239} INFO - Sync 1 DAGs
[2026-08-06T05:45:07.453+0000] {logging_mixin.py:190} INFO - [2026-08-06T05:45:07.453+0000] {dag.py:4180} INFO - Setting next_dagrun for latest_only to 2026-08-06 00:00:00+00:00, run_after=2026-08-06 04:00:00+00:00
[2026-08-06T05:45:07.490+0000] {processor.py:208} INFO - Processing /home/airflow/.local/lib/python3.12/site-packages/airflow/example_dags/example_latest_only.py took 0.138 seconds
[2026-08-06T05:45:38.458+0000] {processor.py:186} INFO - Started process (PID=1191) to work on /home/airflow/.local/lib/python3.12/site-packages/airflow/example_dags/example_latest_only.py
[2026-08-06T05:45:38.461+0000] {processor.py:914} INFO - Processing file /home/airflow/.local/lib/python3.12/site-packages/airflow/example_dags/example_latest_only.py for tasks to queue
[2026-08-06T05:45:38.466+0000] {logging_mixin.py:190} INFO - [2026-08-06T05:45:38.466+0000] {dagbag.py:588} INFO - Filling up the DagBag from /home/airflow/.local/lib/python3.12/site-packages/airflow/example_dags/example_latest_only.py
[2026-08-06T05:45:38.479+0000] {processor.py:925} INFO - DAG(s) 'latest_only' retrieved from /home/airflow/.local/lib/python3.12/site-packages/airflow/example_dags/example_latest_only.py
[2026-08-06T05:45:38.520+0000] {logging_mixin.py:190} INFO - [2026-08-06T05:45:38.519+0000] {dag.py:3239} INFO - Sync 1 DAGs
[2026-08-06T05:45:38.569+0000] {logging_mixin.py:190} INFO - [2026-08-06T05:45:38.568+0000] {dag.py:4180} INFO - Setting next_dagrun for latest_only to 2026-08-06 00:00:00+00:00, run_after=2026-08-06 04:00:00+00:00
[2026-08-06T05:45:38.616+0000] {processor.py:208} INFO - Processing /home/airflow/.local/lib/python3.12/site-packages/airflow/example_dags/example_latest_only.py took 0.172 seconds
[2026-08-06T05:46:09.476+0000] {processor.py:186} INFO - Started process (PID=1251) to work on /home/airflow/.local/lib/python3.12/site-packages/airflow/example_dags/example_latest_only.py
[2026-08-06T05:46:09.480+0000] {processor.py:914} INFO - Processing file /home/airflow/.local/lib/python3.12/site-packages/airflow/example_dags/example_latest_only.py for tasks to queue
[2026-08-06T05:46:09.485+0000] {logging_mixin.py:190} INFO - [2026-08-06T05:46:09.484+0000] {dagbag.py:588} INFO - Filling up the DagBag from /home/airflow/.local/lib/python3.12/site-packages/airflow/example_dags/example_latest_only.py
[2026-08-06T05:46:09.497+0000] {processor.py:925} INFO - DAG(s) 'latest_only' retrieved from /home/airflow/.local/lib/python3.12/site-packages/airflow/example_dags/example_latest_only.py
[2026-08-06T05:46:09.537+0000] {logging_mixin.py:190} INFO - [2026-08-06T05:46:09.536+0000] {dag.py:3239} INFO - Sync 1 DAGs
[2026-08-06T05:46:09.575+0000] {logging_mixin.py:190} INFO - [2026-08-06T05:46:09.575+0000] {dag.py:4180} INFO - Setting next_dagrun for latest_only to 2026-08-06 00:00:00+00:00, run_after=2026-08-06 04:00:00+00:00
[2026-08-06T05:46:09.610+0000] {processor.py:208} INFO - Processing /home/airflow/.local/lib/python3.12/site-packages/airflow/example_dags/example_latest_only.py took 0.144 seconds
[2026-08-06T05:46:40.833+0000] {processor.py:186} INFO - Started process (PID=1315) to work on /home/airflow/.local/lib/python3.12/site-packages/airflow/example_dags/example_latest_only.py
[2026-08-06T05:46:40.915+0000] {processor.py:914} INFO - Processing file /home/airflow/.local/lib/python3.12/site-packages/airflow/example_dags/example_latest_only.py for tasks to queue
[2026-08-06T05:46:40.923+0000] {logging_mixin.py:190} INFO - [2026-08-06T05:46:40.921+0000] {dagbag.py:588} INFO - Filling up the DagBag from /home/airflow/.local/lib/python3.12/site-packages/airflow/example_dags/example_latest_only.py
[2026-08-06T05:46:40.956+0000] {processor.py:925} INFO - DAG(s) 'latest_only' retrieved from /home/airflow/.local/lib/python3.12/site-packages/airflow/example_dags/example_latest_only.py
[2026-08-06T05:46:40.991+0000] {logging_mixin.py:190} INFO - [2026-08-06T05:46:40.991+0000] {dag.py:3239} INFO - Sync 1 DAGs
[2026-08-06T05:46:41.028+0000] {logging_mixin.py:190} INFO - [2026-08-06T05:46:41.028+0000] {dag.py:4180} INFO - Setting next_dagrun for latest_only to 2026-08-06 00:00:00+00:00, run_after=2026-08-06 04:00:00+00:00
[2026-08-06T05:46:41.144+0000] {processor.py:208} INFO - Processing /home/airflow/.local/lib/python3.12/site-packages/airflow/example_dags/example_latest_only.py took 0.327 seconds
[2026-08-06T05:47:12.864+0000] {processor.py:186} INFO - Started process (PID=1378) to work on /home/airflow/.local/lib/python3.12/site-packages/airflow/example_dags/example_latest_only.py
[2026-08-06T05:47:12.866+0000] {processor.py:914} INFO - Processing file /home/airflow/.local/lib/python3.12/site-packages/airflow/example_dags/example_latest_only.py for tasks to queue
[2026-08-06T05:47:12.874+0000] {logging_mixin.py:190} INFO - [2026-08-06T05:47:12.874+0000] {dagbag.py:588} INFO - Filling up the DagBag from /home/airflow/.local/lib/python3.12/site-packages/airflow/example_dags/example_latest_only.py
[2026-08-06T05:47:12.890+0000] {processor.py:925} INFO - DAG(s) 'latest_only' retrieved from /home/airflow/.local/lib/python3.12/site-packages/airflow/example_dags/example_latest_only.py
[2026-08-06T05:47:12.929+0000] {logging_mixin.py:190} INFO - [2026-08-06T05:47:12.929+0000] {dag.py:3239} INFO - Sync 1 DAGs
[2026-08-06T05:47:12.986+0000] {logging_mixin.py:190} INFO - [2026-08-06T05:47:12.986+0000] {dag.py:4180} INFO - Setting next_dagrun for latest_only to 2026-08-06 00:00:00+00:00, run_after=2026-08-06 04:00:00+00:00
[2026-08-06T05:47:13.053+0000] {processor.py:208} INFO - Processing /home/airflow/.local/lib/python3.12/site-packages/airflow/example_dags/example_latest_only.py took 0.200 seconds
[2026-08-06T05:47:44.066+0000] {processor.py:186} INFO - Started process (PID=1442) to work on /home/airflow/.local/lib/python3.12/site-packages/airflow/example_dags/example_latest_only.py
[2026-08-06T05:47:44.069+0000] {processor.py:914} INFO - Processing file /home/airflow/.local/lib/python3.12/site-packages/airflow/example_dags/example_latest_only.py for tasks to queue
[2026-08-06T05:47:44.075+0000] {logging_mixin.py:190} INFO - [2026-08-06T05:47:44.074+0000] {dagbag.py:588} INFO - Filling up the DagBag from /home/airflow/.local/lib/python3.12/site-packages/airflow/example_dags/example_latest_only.py
[2026-08-06T05:47:44.092+0000] {processor.py:925} INFO - DAG(s) 'latest_only' retrieved from /home/airflow/.local/lib/python3.12/site-packages/airflow/example_dags/example_latest_only.py
[2026-08-06T05:47:44.136+0000] {logging_mixin.py:190} INFO - [2026-08-06T05:47:44.136+0000] {dag.py:3239} INFO - Sync 1 DAGs
[2026-08-06T05:47:44.183+0000] {logging_mixin.py:190} INFO - [2026-08-06T05:47:44.182+0000] {dag.py:4180} INFO - Setting next_dagrun for latest_only to 2026-08-06 00:00:00+00:00, run_after=2026-08-06 04:00:00+00:00
[2026-08-06T05:47:44.252+0000] {processor.py:208} INFO - Processing /home/airflow/.local/lib/python3.12/site-packages/airflow/example_dags/example_latest_only.py took 0.200 seconds
[2026-08-06T05:48:15.791+0000] {processor.py:186} INFO - Started process (PID=1506) to work on /home/airflow/.local/lib/python3.12/site-packages/airflow/example_dags/example_latest_only.py
[2026-08-06T05:48:15.793+0000] {processor.py:914} INFO - Processing file /home/airflow/.local/lib/python3.12/site-packages/airflow/example_dags/example_latest_only.py for tasks to queue
[2026-08-06T05:48:15.797+0000] {logging_mixin.py:190} INFO - [2026-08-06T05:48:15.796+0000] {dagbag.py:588} INFO - Filling up the DagBag from /home/airflow/.local/lib/python3.12/site-packages/airflow/example_dags/example_latest_only.py
[2026-08-06T05:48:15.809+0000] {processor.py:925} INFO - DAG(s) 'latest_only' retrieved from /home/airflow/.local/lib/python3.12/site-packages/airflow/example_dags/example_latest_only.py
[2026-08-06T05:48:15.843+0000] {logging_mixin.py:190} INFO - [2026-08-06T05:48:15.843+0000] {dag.py:3239} INFO - Sync 1 DAGs
[2026-08-06T05:48:15.883+0000] {logging_mixin.py:190} INFO - [2026-08-06T05:48:15.882+0000] {dag.py:4180} INFO - Setting next_dagrun for latest_only to 2026-08-06 00:00:00+00:00, run_after=2026-08-06 04:00:00+00:00
[2026-08-06T05:48:15.957+0000] {processor.py:208} INFO - Processing /home/airflow/.local/lib/python3.12/site-packages/airflow/example_dags/example_latest_only.py took 0.176 seconds
[2026-08-06T05:48:47.098+0000] {processor.py:186} INFO - Started process (PID=1578) to work on /home/airflow/.local/lib/python3.12/site-packages/airflow/example_dags/example_latest_only.py
[2026-08-06T05:48:47.100+0000] {processor.py:914} INFO - Processing file /home/airflow/.local/lib/python3.12/site-packages/airflow/example_dags/example_latest_only.py for tasks to queue
[2026-08-06T05:48:47.109+0000] {logging_mixin.py:190} INFO - [2026-08-06T05:48:47.108+0000] {dagbag.py:588} INFO - Filling up the DagBag from /home/airflow/.local/lib/python3.12/site-packages/airflow/example_dags/example_latest_only.py
[2026-08-06T05:48:47.138+0000] {processor.py:925} INFO - DAG(s) 'latest_only' retrieved from /home/airflow/.local/lib/python3.12/site-packages/airflow/example_dags/example_latest_only.py
[2026-08-06T05:48:47.199+0000] {logging_mixin.py:190} INFO - [2026-08-06T05:48:47.198+0000] {dag.py:3239} INFO - Sync 1 DAGs
[2026-08-06T05:48:47.267+0000] {logging_mixin.py:190} INFO - [2026-08-06T05:48:47.267+0000] {dag.py:4180} INFO - Setting next_dagrun for latest_only to 2026-08-06 00:00:00+00:00, run_after=2026-08-06 04:00:00+00:00
[2026-08-06T05:48:47.348+0000] {processor.py:208} INFO - Processing /home/airflow/.local/lib/python3.12/site-packages/airflow/example_dags/example_latest_only.py took 0.269 seconds
[2026-08-06T05:49:18.106+0000] {processor.py:186} INFO - Started process (PID=1649) to work on /home/airflow/.local/lib/python3.12/site-packages/airflow/example_dags/example_latest_only.py
[2026-08-06T05:49:18.108+0000] {processor.py:914} INFO - Processing file /home/airflow/.local/lib/python3.12/site-packages/airflow/example_dags/example_latest_only.py for tasks to queue
[2026-08-06T05:49:18.112+0000] {logging_mixin.py:190} INFO - [2026-08-06T05:49:18.111+0000] {dagbag.py:588} INFO - Filling up the DagBag from /home/airflow/.local/lib/python3.12/site-packages/airflow/example_dags/example_latest_only.py
[2026-08-06T05:49:18.140+0000] {processor.py:925} INFO - DAG(s) 'latest_only' retrieved from /home/airflow/.local/lib/python3.12/site-packages/airflow/example_dags/example_latest_only.py
[2026-08-06T05:49:18.195+0000] {logging_mixin.py:190} INFO - [2026-08-06T05:49:18.195+0000] {dag.py:3239} INFO - Sync 1 DAGs
[2026-08-06T05:49:18.236+0000] {logging_mixin.py:190} INFO - [2026-08-06T05:49:18.235+0000] {dag.py:4180} INFO - Setting next_dagrun for latest_only to 2026-08-06 00:00:00+00:00, run_after=2026-08-06 04:00:00+00:00
[2026-08-06T05:49:18.319+0000] {processor.py:208} INFO - Processing /home/airflow/.local/lib/python3.12/site-packages/airflow/example_dags/example_latest_only.py took 0.232 seconds
[2026-08-06T05:49:49.722+0000] {processor.py:186} INFO - Started process (PID=1713) to work on /home/airflow/.local/lib/python3.12/site-packages/airflow/example_dags/example_latest_only.py
[2026-08-06T05:49:49.723+0000] {processor.py:914} INFO - Processing file /home/airflow/.local/lib/python3.12/site-packages/airflow/example_dags/example_latest_only.py for tasks to queue
[2026-08-06T05:49:49.729+0000] {logging_mixin.py:190} INFO - [2026-08-06T05:49:49.729+0000] {dagbag.py:588} INFO - Filling up the DagBag from /home/airflow/.local/lib/python3.12/site-packages/airflow/example_dags/example_latest_only.py
[2026-08-06T05:49:49.740+0000] {processor.py:925} INFO - DAG(s) 'latest_only' retrieved from /home/airflow/.local/lib/python3.12/site-packages/airflow/example_dags/example_latest_only.py
[2026-08-06T05:49:49.770+0000] {logging_mixin.py:190} INFO - [2026-08-06T05:49:49.769+0000] {dag.py:3239} INFO - Sync 1 DAGs
[2026-08-06T05:49:49.805+0000] {logging_mixin.py:190} INFO - [2026-08-06T05:49:49.805+0000] {dag.py:4180} INFO - Setting next_dagrun for latest_only to 2026-08-06 00:00:00+00:00, run_after=2026-08-06 04:00:00+00:00
[2026-08-06T05:49:49.869+0000] {processor.py:208} INFO - Processing /home/airflow/.local/lib/python3.12/site-packages/airflow/example_dags/example_latest_only.py took 0.156 seconds
[2026-08-06T05:50:20.206+0000] {processor.py:186} INFO - Started process (PID=1777) to work on /home/airflow/.local/lib/python3.12/site-packages/airflow/example_dags/example_latest_only.py
[2026-08-06T05:50:20.208+0000] {processor.py:914} INFO - Processing file /home/airflow/.local/lib/python3.12/site-packages/airflow/example_dags/example_latest_only.py for tasks to queue
[2026-08-06T05:50:20.215+0000] {logging_mixin.py:190} INFO - [2026-08-06T05:50:20.214+0000] {dagbag.py:588} INFO - Filling up the DagBag from /home/airflow/.local/lib/python3.12/site-packages/airflow/example_dags/example_latest_only.py
[2026-08-06T05:50:20.229+0000] {processor.py:925} INFO - DAG(s) 'latest_only' retrieved from /home/airflow/.local/lib/python3.12/site-packages/airflow/example_dags/example_latest_only.py
[2026-08-06T05:50:20.268+0000] {logging_mixin.py:190} INFO - [2026-08-06T05:50:20.267+0000] {dag.py:3239} INFO - Sync 1 DAGs
[2026-08-06T05:50:20.319+0000] {logging_mixin.py:190} INFO - [2026-08-06T05:50:20.319+0000] {dag.py:4180} INFO - Setting next_dagrun for latest_only to 2026-08-06 00:00:00+00:00, run_after=2026-08-06 04:00:00+00:00
[2026-08-06T05:50:20.357+0000] {processor.py:208} INFO - Processing /home/airflow/.local/lib/python3.12/site-packages/airflow/example_dags/example_latest_only.py took 0.161 seconds
[2026-08-06T05:50:51.195+0000] {processor.py:186} INFO - Started process (PID=1841) to work on /home/airflow/.local/lib/python3.12/site-packages/airflow/example_dags/example_latest_only.py
[2026-08-06T05:50:51.197+0000] {processor.py:914} INFO - Processing file /home/airflow/.local/lib/python3.12/site-packages/airflow/example_dags/example_latest_only.py for tasks to queue
[2026-08-06T05:50:51.201+0000] {logging_mixin.py:190} INFO - [2026-08-06T05:50:51.200+0000] {dagbag.py:588} INFO - Filling up the DagBag from /home/airflow/.local/lib/python3.12/site-packages/airflow/example_dags/example_latest_only.py
[2026-08-06T05:50:51.213+0000] {processor.py:925} INFO - DAG(s) 'latest_only' retrieved from /home/airflow/.local/lib/python3.12/site-packages/airflow/example_dags/example_latest_only.py
[2026-08-06T05:50:51.240+0000] {logging_mixin.py:190} INFO - [2026-08-06T05:50:51.240+0000] {dag.py:3239} INFO - Sync 1 DAGs
[2026-08-06T05:50:51.273+0000] {logging_mixin.py:190} INFO - [2026-08-06T05:50:51.273+0000] {dag.py:4180} INFO - Setting next_dagrun for latest_only to 2026-08-06 00:00:00+00:00, run_after=2026-08-06 04:00:00+00:00
[2026-08-06T05:50:51.329+0000] {processor.py:208} INFO - Processing /home/airflow/.local/lib/python3.12/site-packages/airflow/example_dags/example_latest_only.py took 0.143 seconds
[2026-08-06T05:51:21.909+0000] {processor.py:186} INFO - Started process (PID=1905) to work on /home/airflow/.local/lib/python3.12/site-packages/airflow/example_dags/example_latest_only.py
[2026-08-06T05:51:21.910+0000] {processor.py:914} INFO - Processing file /home/airflow/.local/lib/python3.12/site-packages/airflow/example_dags/example_latest_only.py for tasks to queue
[2026-08-06T05:51:21.914+0000] {logging_mixin.py:190} INFO - [2026-08-06T05:51:21.914+0000] {dagbag.py:588} INFO - Filling up the DagBag from /home/airflow/.local/lib/python3.12/site-packages/airflow/example_dags/example_latest_only.py
[2026-08-06T05:51:21.925+0000] {processor.py:925} INFO - DAG(s) 'latest_only' retrieved from /home/airflow/.local/lib/python3.12/site-packages/airflow/example_dags/example_latest_only.py
[2026-08-06T05:51:21.956+0000] {logging_mixin.py:190} INFO - [2026-08-06T05:51:21.956+0000] {dag.py:3239} INFO - Sync 1 DAGs
[2026-08-06T05:51:21.998+0000] {logging_mixin.py:190} INFO - [2026-08-06T05:51:21.997+0000] {dag.py:4180} INFO - Setting next_dagrun for latest_only to 2026-08-06 00:00:00+00:00, run_after=2026-08-06 04:00:00+00:00
[2026-08-06T05:51:22.073+0000] {processor.py:208} INFO - Processing /home/airflow/.local/lib/python3.12/site-packages/airflow/example_dags/example_latest_only.py took 0.173 seconds
[2026-08-06T05:51:52.366+0000] {processor.py:186} INFO - Started process (PID=1969) to work on /home/airflow/.local/lib/python3.12/site-packages/airflow/example_dags/example_latest_only.py
[2026-08-06T05:51:52.369+0000] {processor.py:914} INFO - Processing file /home/airflow/.local/lib/python3.12/site-packages/airflow/example_dags/example_latest_only.py for tasks to queue
[2026-08-06T05:51:52.375+0000] {logging_mixin.py:190} INFO - [2026-08-06T05:51:52.374+0000] {dagbag.py:588} INFO - Filling up the DagBag from /home/airflow/.local/lib/python3.12/site-packages/airflow/example_dags/example_latest_only.py
[2026-08-06T05:51:52.394+0000] {processor.py:925} INFO - DAG(s) 'latest_only' retrieved from /home/airflow/.local/lib/python3.12/site-packages/airflow/example_dags/example_latest_only.py
[2026-08-06T05:51:52.421+0000] {logging_mixin.py:190} INFO - [2026-08-06T05:51:52.420+0000] {dag.py:3239} INFO - Sync 1 DAGs
[2026-08-06T05:51:52.452+0000] {logging_mixin.py:190} INFO - [2026-08-06T05:51:52.452+0000] {dag.py:4180} INFO - Setting next_dagrun for latest_only to 2026-08-06 00:00:00+00:00, run_after=2026-08-06 04:00:00+00:00
[2026-08-06T05:51:52.519+0000] {processor.py:208} INFO - Processing /home/airflow/.local/lib/python3.12/site-packages/airflow/example_dags/example_latest_only.py took 0.162 seconds
[2026-08-06T05:52:23.155+0000] {processor.py:186} INFO - Started process (PID=2030) to work on /home/airflow/.local/lib/python3.12/site-packages/airflow/example_dags/example_latest_only.py
[2026-08-06T05:52:23.158+0000] {processor.py:914} INFO - Processing file /home/airflow/.local/lib/python3.12/site-packages/airflow/example_dags/example_latest_only.py for tasks to queue
[2026-08-06T05:52:23.162+0000] {logging_mixin.py:190} INFO - [2026-08-06T05:52:23.161+0000] {dagbag.py:588} INFO - Filling up the DagBag from /home/airflow/.local/lib/python3.12/site-packages/airflow/example_dags/example_latest_only.py
[2026-08-06T05:52:23.180+0000] {processor.py:925} INFO - DAG(s) 'latest_only' retrieved from /home/airflow/.local/lib/python3.12/site-packages/airflow/example_dags/example_latest_only.py
[2026-08-06T05:52:23.216+0000] {logging_mixin.py:190} INFO - [2026-08-06T05:52:23.216+0000] {dag.py:3239} INFO - Sync 1 DAGs
[2026-08-06T05:52:23.256+0000] {logging_mixin.py:190} INFO - [2026-08-06T05:52:23.255+0000] {dag.py:4180} INFO - Setting next_dagrun for latest_only to 2026-08-06 00:00:00+00:00, run_after=2026-08-06 04:00:00+00:00
[2026-08-06T05:52:23.305+0000] {processor.py:208} INFO - Processing /home/airflow/.local/lib/python3.12/site-packages/airflow/example_dags/example_latest_only.py took 0.164 seconds
[2026-08-06T05:52:54.042+0000] {processor.py:186} INFO - Started process (PID=2092) to work on /home/airflow/.local/lib/python3.12/site-packages/airflow/example_dags/example_latest_only.py
[2026-08-06T05:52:54.044+0000] {processor.py:914} INFO - Processing file /home/airflow/.local/lib/python3.12/site-packages/airflow/example_dags/example_latest_only.py for tasks to queue
[2026-08-06T05:52:54.048+0000] {logging_mixin.py:190} INFO - [2026-08-06T05:52:54.047+0000] {dagbag.py:588} INFO - Filling up the DagBag from /home/airflow/.local/lib/python3.12/site-packages/airflow/example_dags/example_latest_only.py
[2026-08-06T05:52:54.060+0000] {processor.py:925} INFO - DAG(s) 'latest_only' retrieved from /home/airflow/.local/lib/python3.12/site-packages/airflow/example_dags/example_latest_only.py
[2026-08-06T05:52:54.093+0000] {logging_mixin.py:190} INFO - [2026-08-06T05:52:54.093+0000] {dag.py:3239} INFO - Sync 1 DAGs
[2026-08-06T05:52:54.132+0000] {logging_mixin.py:190} INFO - [2026-08-06T05:52:54.132+0000] {dag.py:4180} INFO - Setting next_dagrun for latest_only to 2026-08-06 00:00:00+00:00, run_after=2026-08-06 04:00:00+00:00
[2026-08-06T05:52:54.193+0000] {processor.py:208} INFO - Processing /home/airflow/.local/lib/python3.12/site-packages/airflow/example_dags/example_latest_only.py took 0.163 seconds
[2026-08-06T05:53:24.566+0000] {processor.py:186} INFO - Started process (PID=2154) to work on /home/airflow/.local/lib/python3.12/site-packages/airflow/example_dags/example_latest_only.py
[2026-08-06T05:53:24.567+0000] {processor.py:914} INFO - Processing file /home/airflow/.local/lib/python3.12/site-packages/airflow/example_dags/example_latest_only.py for tasks to queue
[2026-08-06T05:53:24.570+0000] {logging_mixin.py:190} INFO - [2026-08-06T05:53:24.570+0000] {dagbag.py:588} INFO - Filling up the DagBag from /home/airflow/.local/lib/python3.12/site-packages/airflow/example_dags/example_latest_only.py
[2026-08-06T05:53:24.580+0000] {processor.py:925} INFO - DAG(s) 'latest_only' retrieved from /home/airflow/.local/lib/python3.12/site-packages/airflow/example_dags/example_latest_only.py
[2026-08-06T05:53:24.606+0000] {logging_mixin.py:190} INFO - [2026-08-06T05:53:24.606+0000] {dag.py:3239} INFO - Sync 1 DAGs
[2026-08-06T05:53:24.630+0000] {logging_mixin.py:190} INFO - [2026-08-06T05:53:24.630+0000] {dag.py:4180} INFO - Setting next_dagrun for latest_only to 2026-08-06 00:00:00+00:00, run_after=2026-08-06 04:00:00+00:00
[2026-08-06T05:53:24.693+0000] {processor.py:208} INFO - Processing /home/airflow/.local/lib/python3.12/site-packages/airflow/example_dags/example_latest_only.py took 0.134 seconds
[2026-08-06T05:53:55.191+0000] {processor.py:186} INFO - Started process (PID=2233) to work on /home/airflow/.local/lib/python3.12/site-packages/airflow/example_dags/example_latest_only.py
[2026-08-06T05:53:55.194+0000] {processor.py:914} INFO - Processing file /home/airflow/.local/lib/python3.12/site-packages/airflow/example_dags/example_latest_only.py for tasks to queue
[2026-08-06T05:53:55.200+0000] {logging_mixin.py:190} INFO - [2026-08-06T05:53:55.199+0000] {dagbag.py:588} INFO - Filling up the DagBag from /home/airflow/.local/lib/python3.12/site-packages/airflow/example_dags/example_latest_only.py
[2026-08-06T05:53:55.215+0000] {processor.py:925} INFO - DAG(s) 'latest_only' retrieved from /home/airflow/.local/lib/python3.12/site-packages/airflow/example_dags/example_latest_only.py
[2026-08-06T05:53:55.254+0000] {logging_mixin.py:190} INFO - [2026-08-06T05:53:55.253+0000] {dag.py:3239} INFO - Sync 1 DAGs
[2026-08-06T05:53:55.290+0000] {logging_mixin.py:190} INFO - [2026-08-06T05:53:55.290+0000] {dag.py:4180} INFO - Setting next_dagrun for latest_only to 2026-08-06 00:00:00+00:00, run_after=2026-08-06 04:00:00+00:00
[2026-08-06T05:53:55.331+0000] {processor.py:208} INFO - Processing /home/airflow/.local/lib/python3.12/site-packages/airflow/example_dags/example_latest_only.py took 0.153 seconds
[2026-08-06T05:54:26.106+0000] {processor.py:186} INFO - Started process (PID=2296) to work on /home/airflow/.local/lib/python3.12/site-packages/airflow/example_dags/example_latest_only.py
[2026-08-06T05:54:26.108+0000] {processor.py:914} INFO - Processing file /home/airflow/.local/lib/python3.12/site-packages/airflow/example_dags/example_latest_only.py for tasks to queue
[2026-08-06T05:54:26.115+0000] {logging_mixin.py:190} INFO - [2026-08-06T05:54:26.114+0000] {dagbag.py:588} INFO - Filling up the DagBag from /home/airflow/.local/lib/python3.12/site-packages/airflow/example_dags/example_latest_only.py
[2026-08-06T05:54:26.129+0000] {processor.py:925} INFO - DAG(s) 'latest_only' retrieved from /home/airflow/.local/lib/python3.12/site-packages/airflow/example_dags/example_latest_only.py
[2026-08-06T05:54:26.167+0000] {logging_mixin.py:190} INFO - [2026-08-06T05:54:26.166+0000] {dag.py:3239} INFO - Sync 1 DAGs
[2026-08-06T05:54:26.222+0000] {logging_mixin.py:190} INFO - [2026-08-06T05:54:26.221+0000] {dag.py:4180} INFO - Setting next_dagrun for latest_only to 2026-08-06 00:00:00+00:00, run_after=2026-08-06 04:00:00+00:00
[2026-08-06T05:54:26.263+0000] {processor.py:208} INFO - Processing /home/airflow/.local/lib/python3.12/site-packages/airflow/example_dags/example_latest_only.py took 0.173 seconds
[2026-08-06T05:54:58.471+0000] {processor.py:186} INFO - Started process (PID=2360) to work on /home/airflow/.local/lib/python3.12/site-packages/airflow/example_dags/example_latest_only.py
[2026-08-06T05:54:58.476+0000] {processor.py:914} INFO - Processing file /home/airflow/.local/lib/python3.12/site-packages/airflow/example_dags/example_latest_only.py for tasks to queue
[2026-08-06T05:54:58.491+0000] {logging_mixin.py:190} INFO - [2026-08-06T05:54:58.490+0000] {dagbag.py:588} INFO - Filling up the DagBag from /home/airflow/.local/lib/python3.12/site-packages/airflow/example_dags/example_latest_only.py
[2026-08-06T05:54:58.515+0000] {processor.py:925} INFO - DAG(s) 'latest_only' retrieved from /home/airflow/.local/lib/python3.12/site-packages/airflow/example_dags/example_latest_only.py
[2026-08-06T05:54:58.554+0000] {logging_mixin.py:190} INFO - [2026-08-06T05:54:58.554+0000] {dag.py:3239} INFO - Sync 1 DAGs
[2026-08-06T05:54:58.595+0000] {logging_mixin.py:190} INFO - [2026-08-06T05:54:58.594+0000] {dag.py:4180} INFO - Setting next_dagrun for latest_only to 2026-08-06 00:00:00+00:00, run_after=2026-08-06 04:00:00+00:00
[2026-08-06T05:54:58.666+0000] {processor.py:208} INFO - Processing /home/airflow/.local/lib/python3.12/site-packages/airflow/example_dags/example_latest_only.py took 0.224 seconds
[2026-08-06T05:55:28.982+0000] {processor.py:186} INFO - Started process (PID=2424) to work on /home/airflow/.local/lib/python3.12/site-packages/airflow/example_dags/example_latest_only.py
[2026-08-06T05:55:28.983+0000] {processor.py:914} INFO - Processing file /home/airflow/.local/lib/python3.12/site-packages/airflow/example_dags/example_latest_only.py for tasks to queue
[2026-08-06T05:55:28.987+0000] {logging_mixin.py:190} INFO - [2026-08-06T05:55:28.986+0000] {dagbag.py:588} INFO - Filling up the DagBag from /home/airflow/.local/lib/python3.12/site-packages/airflow/example_dags/example_latest_only.py
[2026-08-06T05:55:29.003+0000] {processor.py:925} INFO - DAG(s) 'latest_only' retrieved from /home/airflow/.local/lib/python3.12/site-packages/airflow/example_dags/example_latest_only.py
[2026-08-06T05:55:29.057+0000] {logging_mixin.py:190} INFO - [2026-08-06T05:55:29.056+0000] {dag.py:3239} INFO - Sync 1 DAGs
[2026-08-06T05:55:29.133+0000] {logging_mixin.py:190} INFO - [2026-08-06T05:55:29.132+0000] {dag.py:4180} INFO - Setting next_dagrun for latest_only to 2026-08-06 00:00:00+00:00, run_after=2026-08-06 04:00:00+00:00
[2026-08-06T05:55:29.176+0000] {processor.py:208} INFO - Processing /home/airflow/.local/lib/python3.12/site-packages/airflow/example_dags/example_latest_only.py took 0.207 seconds
[2026-08-06T05:56:00.049+0000] {processor.py:186} INFO - Started process (PID=2488) to work on /home/airflow/.local/lib/python3.12/site-packages/airflow/example_dags/example_latest_only.py
[2026-08-06T05:56:00.050+0000] {processor.py:914} INFO - Processing file /home/airflow/.local/lib/python3.12/site-packages/airflow/example_dags/example_latest_only.py for tasks to queue
[2026-08-06T05:56:00.055+0000] {logging_mixin.py:190} INFO - [2026-08-06T05:56:00.055+0000] {dagbag.py:588} INFO - Filling up the DagBag from /home/airflow/.local/lib/python3.12/site-packages/airflow/example_dags/example_latest_only.py
[2026-08-06T05:56:00.068+0000] {processor.py:925} INFO - DAG(s) 'latest_only' retrieved from /home/airflow/.local/lib/python3.12/site-packages/airflow/example_dags/example_latest_only.py
[2026-08-06T05:56:00.098+0000] {logging_mixin.py:190} INFO - [2026-08-06T05:56:00.097+0000] {dag.py:3239} INFO - Sync 1 DAGs
[2026-08-06T05:56:00.148+0000] {logging_mixin.py:190} INFO - [2026-08-06T05:56:00.148+0000] {dag.py:4180} INFO - Setting next_dagrun for latest_only to 2026-08-06 00:00:00+00:00, run_after=2026-08-06 04:00:00+00:00
[2026-08-06T05:56:00.210+0000] {processor.py:208} INFO - Processing /home/airflow/.local/lib/python3.12/site-packages/airflow/example_dags/example_latest_only.py took 0.196 seconds
[2026-08-06T05:56:30.783+0000] {processor.py:186} INFO - Started process (PID=2552) to work on /home/airflow/.local/lib/python3.12/site-packages/airflow/example_dags/example_latest_only.py
[2026-08-06T05:56:30.786+0000] {processor.py:914} INFO - Processing file /home/airflow/.local/lib/python3.12/site-packages/airflow/example_dags/example_latest_only.py for tasks to queue
[2026-08-06T05:56:30.792+0000] {logging_mixin.py:190} INFO - [2026-08-06T05:56:30.791+0000] {dagbag.py:588} INFO - Filling up the DagBag from /home/airflow/.local/lib/python3.12/site-packages/airflow/example_dags/example_latest_only.py
[2026-08-06T05:56:30.809+0000] {processor.py:925} INFO - DAG(s) 'latest_only' retrieved from /home/airflow/.local/lib/python3.12/site-packages/airflow/example_dags/example_latest_only.py
[2026-08-06T05:56:30.848+0000] {logging_mixin.py:190} INFO - [2026-08-06T05:56:30.847+0000] {dag.py:3239} INFO - Sync 1 DAGs
[2026-08-06T05:56:30.892+0000] {logging_mixin.py:190} INFO - [2026-08-06T05:56:30.892+0000] {dag.py:4180} INFO - Setting next_dagrun for latest_only to 2026-08-06 00:00:00+00:00, run_after=2026-08-06 04:00:00+00:00
[2026-08-06T05:56:30.939+0000] {processor.py:208} INFO - Processing /home/airflow/.local/lib/python3.12/site-packages/airflow/example_dags/example_latest_only.py took 0.164 seconds
[2026-08-06T05:57:01.502+0000] {processor.py:186} INFO - Started process (PID=2616) to work on /home/airflow/.local/lib/python3.12/site-packages/airflow/example_dags/example_latest_only.py
[2026-08-06T05:57:01.506+0000] {processor.py:914} INFO - Processing file /home/airflow/.local/lib/python3.12/site-packages/airflow/example_dags/example_latest_only.py for tasks to queue
[2026-08-06T05:57:01.517+0000] {logging_mixin.py:190} INFO - [2026-08-06T05:57:01.516+0000] {dagbag.py:588} INFO - Filling up the DagBag from /home/airflow/.local/lib/python3.12/site-packages/airflow/example_dags/example_latest_only.py
[2026-08-06T05:57:01.534+0000] {processor.py:925} INFO - DAG(s) 'latest_only' retrieved from /home/airflow/.local/lib/python3.12/site-packages/airflow/example_dags/example_latest_only.py
[2026-08-06T05:57:01.570+0000] {logging_mixin.py:190} INFO - [2026-08-06T05:57:01.569+0000] {dag.py:3239} INFO - Sync 1 DAGs
[2026-08-06T05:57:01.620+0000] {logging_mixin.py:190} INFO - [2026-08-06T05:57:01.619+0000] {dag.py:4180} INFO - Setting next_dagrun for latest_only to 2026-08-06 00:00:00+00:00, run_after=2026-08-06 04:00:00+00:00
[2026-08-06T05:57:01.669+0000] {processor.py:208} INFO - Processing /home/airflow/.local/lib/python3.12/site-packages/airflow/example_dags/example_latest_only.py took 0.183 seconds
[2026-08-06T05:57:32.671+0000] {processor.py:186} INFO - Started process (PID=2680) to work on /home/airflow/.local/lib/python3.12/site-packages/airflow/example_dags/example_latest_only.py
[2026-08-06T05:57:32.674+0000] {processor.py:914} INFO - Processing file /home/airflow/.local/lib/python3.12/site-packages/airflow/example_dags/example_latest_only.py for tasks to queue
[2026-08-06T05:57:32.677+0000] {logging_mixin.py:190} INFO - [2026-08-06T05:57:32.677+0000] {dagbag.py:588} INFO - Filling up the DagBag from /home/airflow/.local/lib/python3.12/site-packages/airflow/example_dags/example_latest_only.py
[2026-08-06T05:57:32.690+0000] {processor.py:925} INFO - DAG(s) 'latest_only' retrieved from /home/airflow/.local/lib/python3.12/site-packages/airflow/example_dags/example_latest_only.py
[2026-08-06T05:57:32.726+0000] {logging_mixin.py:190} INFO - [2026-08-06T05:57:32.725+0000] {dag.py:3239} INFO - Sync 1 DAGs
[2026-08-06T05:57:32.758+0000] {logging_mixin.py:190} INFO - [2026-08-06T05:57:32.758+0000] {dag.py:4180} INFO - Setting next_dagrun for latest_only to 2026-08-06 00:00:00+00:00, run_after=2026-08-06 04:00:00+00:00
[2026-08-06T05:57:32.782+0000] {processor.py:208} INFO - Processing /home/airflow/.local/lib/python3.12/site-packages/airflow/example_dags/example_latest_only.py took 0.123 seconds
[2026-08-06T05:58:05.834+0000] {processor.py:186} INFO - Started process (PID=2758) to work on /home/airflow/.local/lib/python3.12/site-packages/airflow/example_dags/example_latest_only.py
[2026-08-06T05:58:05.837+0000] {processor.py:914} INFO - Processing file /home/airflow/.local/lib/python3.12/site-packages/airflow/example_dags/example_latest_only.py for tasks to queue
[2026-08-06T05:58:05.841+0000] {logging_mixin.py:190} INFO - [2026-08-06T05:58:05.841+0000] {dagbag.py:588} INFO - Filling up the DagBag from /home/airflow/.local/lib/python3.12/site-packages/airflow/example_dags/example_latest_only.py
[2026-08-06T05:58:05.856+0000] {processor.py:925} INFO - DAG(s) 'latest_only' retrieved from /home/airflow/.local/lib/python3.12/site-packages/airflow/example_dags/example_latest_only.py
[2026-08-06T05:58:05.902+0000] {logging_mixin.py:190} INFO - [2026-08-06T05:58:05.902+0000] {dag.py:3239} INFO - Sync 1 DAGs
[2026-08-06T05:58:05.965+0000] {logging_mixin.py:190} INFO - [2026-08-06T05:58:05.964+0000] {dag.py:4180} INFO - Setting next_dagrun for latest_only to 2026-08-06 00:00:00+00:00, run_after=2026-08-06 04:00:00+00:00
[2026-08-06T05:58:06.010+0000] {processor.py:208} INFO - Processing /home/airflow/.local/lib/python3.12/site-packages/airflow/example_dags/example_latest_only.py took 0.188 seconds
[2026-08-06T05:58:37.164+0000] {processor.py:186} INFO - Started process (PID=2821) to work on /home/airflow/.local/lib/python3.12/site-packages/airflow/example_dags/example_latest_only.py
[2026-08-06T05:58:37.166+0000] {processor.py:914} INFO - Processing file /home/airflow/.local/lib/python3.12/site-packages/airflow/example_dags/example_latest_only.py for tasks to queue
[2026-08-06T05:58:37.169+0000] {logging_mixin.py:190} INFO - [2026-08-06T05:58:37.169+0000] {dagbag.py:588} INFO - Filling up the DagBag from /home/airflow/.local/lib/python3.12/site-packages/airflow/example_dags/example_latest_only.py
[2026-08-06T05:58:37.180+0000] {processor.py:925} INFO - DAG(s) 'latest_only' retrieved from /home/airflow/.local/lib/python3.12/site-packages/airflow/example_dags/example_latest_only.py
[2026-08-06T05:58:37.214+0000] {logging_mixin.py:190} INFO - [2026-08-06T05:58:37.214+0000] {dag.py:3239} INFO - Sync 1 DAGs
[2026-08-06T05:58:37.253+0000] {logging_mixin.py:190} INFO - [2026-08-06T05:58:37.253+0000] {dag.py:4180} INFO - Setting next_dagrun for latest_only to 2026-08-06 00:00:00+00:00, run_after=2026-08-06 04:00:00+00:00
[2026-08-06T05:58:37.295+0000] {processor.py:208} INFO - Processing /home/airflow/.local/lib/python3.12/site-packages/airflow/example_dags/example_latest_only.py took 0.141 seconds
[2026-08-06T05:59:07.949+0000] {processor.py:186} INFO - Started process (PID=2881) to work on /home/airflow/.local/lib/python3.12/site-packages/airflow/example_dags/example_latest_only.py
[2026-08-06T05:59:07.951+0000] {processor.py:914} INFO - Processing file /home/airflow/.local/lib/python3.12/site-packages/airflow/example_dags/example_latest_only.py for tasks to queue
[2026-08-06T05:59:07.956+0000] {logging_mixin.py:190} INFO - [2026-08-06T05:59:07.956+0000] {dagbag.py:588} INFO - Filling up the DagBag from /home/airflow/.local/lib/python3.12/site-packages/airflow/example_dags/example_latest_only.py
[2026-08-06T05:59:07.973+0000] {processor.py:925} INFO - DAG(s) 'latest_only' retrieved from /home/airflow/.local/lib/python3.12/site-packages/airflow/example_dags/example_latest_only.py
[2026-08-06T05:59:08.009+0000] {logging_mixin.py:190} INFO - [2026-08-06T05:59:08.009+0000] {dag.py:3239} INFO - Sync 1 DAGs
[2026-08-06T05:59:08.049+0000] {logging_mixin.py:190} INFO - [2026-08-06T05:59:08.049+0000] {dag.py:4180} INFO - Setting next_dagrun for latest_only to 2026-08-06 00:00:00+00:00, run_after=2026-08-06 04:00:00+00:00
[2026-08-06T05:59:08.082+0000] {processor.py:208} INFO - Processing /home/airflow/.local/lib/python3.12/site-packages/airflow/example_dags/example_latest_only.py took 0.143 seconds
[2026-08-06T05:59:38.707+0000] {processor.py:186} INFO - Started process (PID=2945) to work on /home/airflow/.local/lib/python3.12/site-packages/airflow/example_dags/example_latest_only.py
[2026-08-06T05:59:38.709+0000] {processor.py:914} INFO - Processing file /home/airflow/.local/lib/python3.12/site-packages/airflow/example_dags/example_latest_only.py for tasks to queue
[2026-08-06T05:59:38.713+0000] {logging_mixin.py:190} INFO - [2026-08-06T05:59:38.712+0000] {dagbag.py:588} INFO - Filling up the DagBag from /home/airflow/.local/lib/python3.12/site-packages/airflow/example_dags/example_latest_only.py
[2026-08-06T05:59:38.723+0000] {processor.py:925} INFO - DAG(s) 'latest_only' retrieved from /home/airflow/.local/lib/python3.12/site-packages/airflow/example_dags/example_latest_only.py
[2026-08-06T05:59:38.760+0000] {logging_mixin.py:190} INFO - [2026-08-06T05:59:38.759+0000] {dag.py:3239} INFO - Sync 1 DAGs
[2026-08-06T05:59:38.866+0000] {logging_mixin.py:190} INFO - [2026-08-06T05:59:38.866+0000] {dag.py:4180} INFO - Setting next_dagrun for latest_only to 2026-08-06 00:00:00+00:00, run_after=2026-08-06 04:00:00+00:00
[2026-08-06T05:59:38.918+0000] {processor.py:208} INFO - Processing /home/airflow/.local/lib/python3.12/site-packages/airflow/example_dags/example_latest_only.py took 0.220 seconds
[2026-08-06T06:01:50.830+0000] {processor.py:186} INFO - Started process (PID=79) to work on /home/airflow/.local/lib/python3.12/site-packages/airflow/example_dags/example_latest_only.py
[2026-08-06T06:01:50.833+0000] {processor.py:914} INFO - Processing file /home/airflow/.local/lib/python3.12/site-packages/airflow/example_dags/example_latest_only.py for tasks to queue
[2026-08-06T06:01:50.840+0000] {logging_mixin.py:190} INFO - [2026-08-06T06:01:50.839+0000] {dagbag.py:588} INFO - Filling up the DagBag from /home/airflow/.local/lib/python3.12/site-packages/airflow/example_dags/example_latest_only.py
[2026-08-06T06:01:50.858+0000] {processor.py:925} INFO - DAG(s) 'latest_only' retrieved from /home/airflow/.local/lib/python3.12/site-packages/airflow/example_dags/example_latest_only.py
[2026-08-06T06:01:50.922+0000] {logging_mixin.py:190} INFO - [2026-08-06T06:01:50.922+0000] {dag.py:3239} INFO - Sync 1 DAGs
[2026-08-06T06:01:50.972+0000] {logging_mixin.py:190} INFO - [2026-08-06T06:01:50.971+0000] {dag.py:4180} INFO - Setting next_dagrun for latest_only to 2026-08-06 00:00:00+00:00, run_after=2026-08-06 04:00:00+00:00
[2026-08-06T06:01:51.060+0000] {processor.py:208} INFO - Processing /home/airflow/.local/lib/python3.12/site-packages/airflow/example_dags/example_latest_only.py took 0.242 seconds
[2026-08-06T06:02:21.744+0000] {processor.py:186} INFO - Started process (PID=143) to work on /home/airflow/.local/lib/python3.12/site-packages/airflow/example_dags/example_latest_only.py
[2026-08-06T06:02:21.747+0000] {processor.py:914} INFO - Processing file /home/airflow/.local/lib/python3.12/site-packages/airflow/example_dags/example_latest_only.py for tasks to queue
[2026-08-06T06:02:21.752+0000] {logging_mixin.py:190} INFO - [2026-08-06T06:02:21.751+0000] {dagbag.py:588} INFO - Filling up the DagBag from /home/airflow/.local/lib/python3.12/site-packages/airflow/example_dags/example_latest_only.py
[2026-08-06T06:02:21.766+0000] {processor.py:925} INFO - DAG(s) 'latest_only' retrieved from /home/airflow/.local/lib/python3.12/site-packages/airflow/example_dags/example_latest_only.py
[2026-08-06T06:02:21.798+0000] {logging_mixin.py:190} INFO - [2026-08-06T06:02:21.798+0000] {dag.py:3239} INFO - Sync 1 DAGs
[2026-08-06T06:02:21.846+0000] {logging_mixin.py:190} INFO - [2026-08-06T06:02:21.846+0000] {dag.py:4180} INFO - Setting next_dagrun for latest_only to 2026-08-06 00:00:00+00:00, run_after=2026-08-06 04:00:00+00:00
[2026-08-06T06:02:21.882+0000] {processor.py:208} INFO - Processing /home/airflow/.local/lib/python3.12/site-packages/airflow/example_dags/example_latest_only.py took 0.148 seconds
[2026-08-06T06:02:52.549+0000] {processor.py:186} INFO - Started process (PID=207) to work on /home/airflow/.local/lib/python3.12/site-packages/airflow/example_dags/example_latest_only.py
[2026-08-06T06:02:52.560+0000] {processor.py:914} INFO - Processing file /home/airflow/.local/lib/python3.12/site-packages/airflow/example_dags/example_latest_only.py for tasks to queue
[2026-08-06T06:02:52.566+0000] {logging_mixin.py:190} INFO - [2026-08-06T06:02:52.565+0000] {dagbag.py:588} INFO - Filling up the DagBag from /home/airflow/.local/lib/python3.12/site-packages/airflow/example_dags/example_latest_only.py
[2026-08-06T06:02:52.583+0000] {processor.py:925} INFO - DAG(s) 'latest_only' retrieved from /home/airflow/.local/lib/python3.12/site-packages/airflow/example_dags/example_latest_only.py
[2026-08-06T06:02:52.650+0000] {logging_mixin.py:190} INFO - [2026-08-06T06:02:52.650+0000] {dag.py:3239} INFO - Sync 1 DAGs
[2026-08-06T06:02:52.772+0000] {logging_mixin.py:190} INFO - [2026-08-06T06:02:52.772+0000] {dag.py:4180} INFO - Setting next_dagrun for latest_only to 2026-08-06 00:00:00+00:00, run_after=2026-08-06 04:00:00+00:00
[2026-08-06T06:02:52.857+0000] {processor.py:208} INFO - Processing /home/airflow/.local/lib/python3.12/site-packages/airflow/example_dags/example_latest_only.py took 0.316 seconds
[2026-08-06T06:03:23.354+0000] {processor.py:186} INFO - Started process (PID=271) to work on /home/airflow/.local/lib/python3.12/site-packages/airflow/example_dags/example_latest_only.py
[2026-08-06T06:03:23.357+0000] {processor.py:914} INFO - Processing file /home/airflow/.local/lib/python3.12/site-packages/airflow/example_dags/example_latest_only.py for tasks to queue
[2026-08-06T06:03:23.362+0000] {logging_mixin.py:190} INFO - [2026-08-06T06:03:23.362+0000] {dagbag.py:588} INFO - Filling up the DagBag from /home/airflow/.local/lib/python3.12/site-packages/airflow/example_dags/example_latest_only.py
[2026-08-06T06:03:23.382+0000] {processor.py:925} INFO - DAG(s) 'latest_only' retrieved from /home/airflow/.local/lib/python3.12/site-packages/airflow/example_dags/example_latest_only.py
[2026-08-06T06:03:23.427+0000] {logging_mixin.py:190} INFO - [2026-08-06T06:03:23.427+0000] {dag.py:3239} INFO - Sync 1 DAGs
[2026-08-06T06:03:23.471+0000] {logging_mixin.py:190} INFO - [2026-08-06T06:03:23.471+0000] {dag.py:4180} INFO - Setting next_dagrun for latest_only to 2026-08-06 00:00:00+00:00, run_after=2026-08-06 04:00:00+00:00
[2026-08-06T06:03:23.517+0000] {processor.py:208} INFO - Processing /home/airflow/.local/lib/python3.12/site-packages/airflow/example_dags/example_latest_only.py took 0.177 seconds
[2026-08-06T06:03:54.302+0000] {processor.py:186} INFO - Started process (PID=335) to work on /home/airflow/.local/lib/python3.12/site-packages/airflow/example_dags/example_latest_only.py
[2026-08-06T06:03:54.304+0000] {processor.py:914} INFO - Processing file /home/airflow/.local/lib/python3.12/site-packages/airflow/example_dags/example_latest_only.py for tasks to queue
[2026-08-06T06:03:54.308+0000] {logging_mixin.py:190} INFO - [2026-08-06T06:03:54.308+0000] {dagbag.py:588} INFO - Filling up the DagBag from /home/airflow/.local/lib/python3.12/site-packages/airflow/example_dags/example_latest_only.py
[2026-08-06T06:03:54.322+0000] {processor.py:925} INFO - DAG(s) 'latest_only' retrieved from /home/airflow/.local/lib/python3.12/site-packages/airflow/example_dags/example_latest_only.py
[2026-08-06T06:03:54.361+0000] {logging_mixin.py:190} INFO - [2026-08-06T06:03:54.360+0000] {dag.py:3239} INFO - Sync 1 DAGs
[2026-08-06T06:03:54.399+0000] {logging_mixin.py:190} INFO - [2026-08-06T06:03:54.398+0000] {dag.py:4180} INFO - Setting next_dagrun for latest_only to 2026-08-06 00:00:00+00:00, run_after=2026-08-06 04:00:00+00:00
[2026-08-06T06:03:54.467+0000] {processor.py:208} INFO - Processing /home/airflow/.local/lib/python3.12/site-packages/airflow/example_dags/example_latest_only.py took 0.175 seconds
[2026-08-06T06:04:25.332+0000] {processor.py:186} INFO - Started process (PID=399) to work on /home/airflow/.local/lib/python3.12/site-packages/airflow/example_dags/example_latest_only.py
[2026-08-06T06:04:25.340+0000] {processor.py:914} INFO - Processing file /home/airflow/.local/lib/python3.12/site-packages/airflow/example_dags/example_latest_only.py for tasks to queue
[2026-08-06T06:04:25.347+0000] {logging_mixin.py:190} INFO - [2026-08-06T06:04:25.347+0000] {dagbag.py:588} INFO - Filling up the DagBag from /home/airflow/.local/lib/python3.12/site-packages/airflow/example_dags/example_latest_only.py
[2026-08-06T06:04:25.365+0000] {processor.py:925} INFO - DAG(s) 'latest_only' retrieved from /home/airflow/.local/lib/python3.12/site-packages/airflow/example_dags/example_latest_only.py
[2026-08-06T06:04:25.391+0000] {logging_mixin.py:190} INFO - [2026-08-06T06:04:25.391+0000] {dag.py:3239} INFO - Sync 1 DAGs
[2026-08-06T06:04:25.427+0000] {logging_mixin.py:190} INFO - [2026-08-06T06:04:25.427+0000] {dag.py:4180} INFO - Setting next_dagrun for latest_only to 2026-08-06 00:00:00+00:00, run_after=2026-08-06 04:00:00+00:00
[2026-08-06T06:04:25.489+0000] {processor.py:208} INFO - Processing /home/airflow/.local/lib/python3.12/site-packages/airflow/example_dags/example_latest_only.py took 0.167 seconds
[2026-08-06T06:04:56.082+0000] {processor.py:186} INFO - Started process (PID=464) to work on /home/airflow/.local/lib/python3.12/site-packages/airflow/example_dags/example_latest_only.py
[2026-08-06T06:04:56.084+0000] {processor.py:914} INFO - Processing file /home/airflow/.local/lib/python3.12/site-packages/airflow/example_dags/example_latest_only.py for tasks to queue
[2026-08-06T06:04:56.087+0000] {logging_mixin.py:190} INFO - [2026-08-06T06:04:56.086+0000] {dagbag.py:588} INFO - Filling up the DagBag from /home/airflow/.local/lib/python3.12/site-packages/airflow/example_dags/example_latest_only.py
[2026-08-06T06:04:56.099+0000] {processor.py:925} INFO - DAG(s) 'latest_only' retrieved from /home/airflow/.local/lib/python3.12/site-packages/airflow/example_dags/example_latest_only.py
[2026-08-06T06:04:56.129+0000] {logging_mixin.py:190} INFO - [2026-08-06T06:04:56.129+0000] {dag.py:3239} INFO - Sync 1 DAGs
[2026-08-06T06:04:56.175+0000] {logging_mixin.py:190} INFO - [2026-08-06T06:04:56.175+0000] {dag.py:4180} INFO - Setting next_dagrun for latest_only to 2026-08-06 00:00:00+00:00, run_after=2026-08-06 04:00:00+00:00
[2026-08-06T06:04:56.245+0000] {processor.py:208} INFO - Processing /home/airflow/.local/lib/python3.12/site-packages/airflow/example_dags/example_latest_only.py took 0.171 seconds
[2026-08-06T06:05:27.102+0000] {processor.py:186} INFO - Started process (PID=527) to work on /home/airflow/.local/lib/python3.12/site-packages/airflow/example_dags/example_latest_only.py
[2026-08-06T06:05:27.105+0000] {processor.py:914} INFO - Processing file /home/airflow/.local/lib/python3.12/site-packages/airflow/example_dags/example_latest_only.py for tasks to queue
[2026-08-06T06:05:27.109+0000] {logging_mixin.py:190} INFO - [2026-08-06T06:05:27.108+0000] {dagbag.py:588} INFO - Filling up the DagBag from /home/airflow/.local/lib/python3.12/site-packages/airflow/example_dags/example_latest_only.py
[2026-08-06T06:05:27.121+0000] {processor.py:925} INFO - DAG(s) 'latest_only' retrieved from /home/airflow/.local/lib/python3.12/site-packages/airflow/example_dags/example_latest_only.py
[2026-08-06T06:05:27.159+0000] {logging_mixin.py:190} INFO - [2026-08-06T06:05:27.158+0000] {dag.py:3239} INFO - Sync 1 DAGs
[2026-08-06T06:05:27.197+0000] {logging_mixin.py:190} INFO - [2026-08-06T06:05:27.196+0000] {dag.py:4180} INFO - Setting next_dagrun for latest_only to 2026-08-06 00:00:00+00:00, run_after=2026-08-06 04:00:00+00:00
[2026-08-06T06:05:27.246+0000] {processor.py:208} INFO - Processing /home/airflow/.local/lib/python3.12/site-packages/airflow/example_dags/example_latest_only.py took 0.153 seconds
[2026-08-06T06:05:57.605+0000] {processor.py:186} INFO - Started process (PID=591) to work on /home/airflow/.local/lib/python3.12/site-packages/airflow/example_dags/example_latest_only.py
[2026-08-06T06:05:57.607+0000] {processor.py:914} INFO - Processing file /home/airflow/.local/lib/python3.12/site-packages/airflow/example_dags/example_latest_only.py for tasks to queue
[2026-08-06T06:05:57.611+0000] {logging_mixin.py:190} INFO - [2026-08-06T06:05:57.611+0000] {dagbag.py:588} INFO - Filling up the DagBag from /home/airflow/.local/lib/python3.12/site-packages/airflow/example_dags/example_latest_only.py
[2026-08-06T06:05:57.623+0000] {processor.py:925} INFO - DAG(s) 'latest_only' retrieved from /home/airflow/.local/lib/python3.12/site-packages/airflow/example_dags/example_latest_only.py
[2026-08-06T06:05:57.662+0000] {logging_mixin.py:190} INFO - [2026-08-06T06:05:57.661+0000] {dag.py:3239} INFO - Sync 1 DAGs
[2026-08-06T06:05:57.707+0000] {logging_mixin.py:190} INFO - [2026-08-06T06:05:57.707+0000] {dag.py:4180} INFO - Setting next_dagrun for latest_only to 2026-08-06 00:00:00+00:00, run_after=2026-08-06 04:00:00+00:00
[2026-08-06T06:05:57.784+0000] {processor.py:208} INFO - Processing /home/airflow/.local/lib/python3.12/site-packages/airflow/example_dags/example_latest_only.py took 0.188 seconds
[2026-08-06T06:06:28.029+0000] {processor.py:186} INFO - Started process (PID=654) to work on /home/airflow/.local/lib/python3.12/site-packages/airflow/example_dags/example_latest_only.py
[2026-08-06T06:06:28.030+0000] {processor.py:914} INFO - Processing file /home/airflow/.local/lib/python3.12/site-packages/airflow/example_dags/example_latest_only.py for tasks to queue
[2026-08-06T06:06:28.034+0000] {logging_mixin.py:190} INFO - [2026-08-06T06:06:28.034+0000] {dagbag.py:588} INFO - Filling up the DagBag from /home/airflow/.local/lib/python3.12/site-packages/airflow/example_dags/example_latest_only.py
[2026-08-06T06:06:28.049+0000] {processor.py:925} INFO - DAG(s) 'latest_only' retrieved from /home/airflow/.local/lib/python3.12/site-packages/airflow/example_dags/example_latest_only.py
[2026-08-06T06:06:28.080+0000] {logging_mixin.py:190} INFO - [2026-08-06T06:06:28.079+0000] {dag.py:3239} INFO - Sync 1 DAGs
[2026-08-06T06:06:28.118+0000] {logging_mixin.py:190} INFO - [2026-08-06T06:06:28.117+0000] {dag.py:4180} INFO - Setting next_dagrun for latest_only to 2026-08-06 00:00:00+00:00, run_after=2026-08-06 04:00:00+00:00
[2026-08-06T06:06:28.152+0000] {processor.py:208} INFO - Processing /home/airflow/.local/lib/python3.12/site-packages/airflow/example_dags/example_latest_only.py took 0.136 seconds
[2026-08-06T06:06:58.481+0000] {processor.py:186} INFO - Started process (PID=718) to work on /home/airflow/.local/lib/python3.12/site-packages/airflow/example_dags/example_latest_only.py
[2026-08-06T06:06:58.511+0000] {processor.py:914} INFO - Processing file /home/airflow/.local/lib/python3.12/site-packages/airflow/example_dags/example_latest_only.py for tasks to queue
[2026-08-06T06:06:58.516+0000] {logging_mixin.py:190} INFO - [2026-08-06T06:06:58.515+0000] {dagbag.py:588} INFO - Filling up the DagBag from /home/airflow/.local/lib/python3.12/site-packages/airflow/example_dags/example_latest_only.py
[2026-08-06T06:06:58.530+0000] {processor.py:925} INFO - DAG(s) 'latest_only' retrieved from /home/airflow/.local/lib/python3.12/site-packages/airflow/example_dags/example_latest_only.py
[2026-08-06T06:06:58.570+0000] {logging_mixin.py:190} INFO - [2026-08-06T06:06:58.570+0000] {dag.py:3239} INFO - Sync 1 DAGs
[2026-08-06T06:06:58.620+0000] {logging_mixin.py:190} INFO - [2026-08-06T06:06:58.620+0000] {dag.py:4180} INFO - Setting next_dagrun for latest_only to 2026-08-06 00:00:00+00:00, run_after=2026-08-06 04:00:00+00:00
[2026-08-06T06:06:58.685+0000] {processor.py:208} INFO - Processing /home/airflow/.local/lib/python3.12/site-packages/airflow/example_dags/example_latest_only.py took 0.215 seconds
[2026-08-06T06:07:29.405+0000] {processor.py:186} INFO - Started process (PID=782) to work on /home/airflow/.local/lib/python3.12/site-packages/airflow/example_dags/example_latest_only.py
[2026-08-06T06:07:29.407+0000] {processor.py:914} INFO - Processing file /home/airflow/.local/lib/python3.12/site-packages/airflow/example_dags/example_latest_only.py for tasks to queue
[2026-08-06T06:07:29.411+0000] {logging_mixin.py:190} INFO - [2026-08-06T06:07:29.410+0000] {dagbag.py:588} INFO - Filling up the DagBag from /home/airflow/.local/lib/python3.12/site-packages/airflow/example_dags/example_latest_only.py
[2026-08-06T06:07:29.420+0000] {processor.py:925} INFO - DAG(s) 'latest_only' retrieved from /home/airflow/.local/lib/python3.12/site-packages/airflow/example_dags/example_latest_only.py
[2026-08-06T06:07:29.447+0000] {logging_mixin.py:190} INFO - [2026-08-06T06:07:29.447+0000] {dag.py:3239} INFO - Sync 1 DAGs
[2026-08-06T06:07:29.477+0000] {logging_mixin.py:190} INFO - [2026-08-06T06:07:29.477+0000] {dag.py:4180} INFO - Setting next_dagrun for latest_only to 2026-08-06 00:00:00+00:00, run_after=2026-08-06 04:00:00+00:00
[2026-08-06T06:07:29.531+0000] {processor.py:208} INFO - Processing /home/airflow/.local/lib/python3.12/site-packages/airflow/example_dags/example_latest_only.py took 0.134 seconds
[2026-08-06T06:07:59.771+0000] {processor.py:186} INFO - Started process (PID=846) to work on /home/airflow/.local/lib/python3.12/site-packages/airflow/example_dags/example_latest_only.py
[2026-08-06T06:07:59.772+0000] {processor.py:914} INFO - Processing file /home/airflow/.local/lib/python3.12/site-packages/airflow/example_dags/example_latest_only.py for tasks to queue
[2026-08-06T06:07:59.775+0000] {logging_mixin.py:190} INFO - [2026-08-06T06:07:59.775+0000] {dagbag.py:588} INFO - Filling up the DagBag from /home/airflow/.local/lib/python3.12/site-packages/airflow/example_dags/example_latest_only.py
[2026-08-06T06:07:59.787+0000] {processor.py:925} INFO - DAG(s) 'latest_only' retrieved from /home/airflow/.local/lib/python3.12/site-packages/airflow/example_dags/example_latest_only.py
[2026-08-06T06:07:59.819+0000] {logging_mixin.py:190} INFO - [2026-08-06T06:07:59.817+0000] {dag.py:3239} INFO - Sync 1 DAGs
[2026-08-06T06:07:59.854+0000] {logging_mixin.py:190} INFO - [2026-08-06T06:07:59.854+0000] {dag.py:4180} INFO - Setting next_dagrun for latest_only to 2026-08-06 00:00:00+00:00, run_after=2026-08-06 04:00:00+00:00
[2026-08-06T06:07:59.882+0000] {processor.py:208} INFO - Processing /home/airflow/.local/lib/python3.12/site-packages/airflow/example_dags/example_latest_only.py took 0.120 seconds
[2026-08-06T06:08:30.234+0000] {processor.py:186} INFO - Started process (PID=915) to work on /home/airflow/.local/lib/python3.12/site-packages/airflow/example_dags/example_latest_only.py
[2026-08-06T06:08:30.236+0000] {processor.py:914} INFO - Processing file /home/airflow/.local/lib/python3.12/site-packages/airflow/example_dags/example_latest_only.py for tasks to queue
[2026-08-06T06:08:30.240+0000] {logging_mixin.py:190} INFO - [2026-08-06T06:08:30.240+0000] {dagbag.py:588} INFO - Filling up the DagBag from /home/airflow/.local/lib/python3.12/site-packages/airflow/example_dags/example_latest_only.py
[2026-08-06T06:08:30.254+0000] {processor.py:925} INFO - DAG(s) 'latest_only' retrieved from /home/airflow/.local/lib/python3.12/site-packages/airflow/example_dags/example_latest_only.py
[2026-08-06T06:08:30.285+0000] {logging_mixin.py:190} INFO - [2026-08-06T06:08:30.284+0000] {dag.py:3239} INFO - Sync 1 DAGs
[2026-08-06T06:08:30.318+0000] {logging_mixin.py:190} INFO - [2026-08-06T06:08:30.317+0000] {dag.py:4180} INFO - Setting next_dagrun for latest_only to 2026-08-06 00:00:00+00:00, run_after=2026-08-06 04:00:00+00:00
[2026-08-06T06:08:30.347+0000] {processor.py:208} INFO - Processing /home/airflow/.local/lib/python3.12/site-packages/airflow/example_dags/example_latest_only.py took 0.123 seconds
[2026-08-06T06:09:00.701+0000] {processor.py:186} INFO - Started process (PID=979) to work on /home/airflow/.local/lib/python3.12/site-packages/airflow/example_dags/example_latest_only.py
[2026-08-06T06:09:00.704+0000] {processor.py:914} INFO - Processing file /home/airflow/.local/lib/python3.12/site-packages/airflow/example_dags/example_latest_only.py for tasks to queue
[2026-08-06T06:09:00.709+0000] {logging_mixin.py:190} INFO - [2026-08-06T06:09:00.708+0000] {dagbag.py:588} INFO - Filling up the DagBag from /home/airflow/.local/lib/python3.12/site-packages/airflow/example_dags/example_latest_only.py
[2026-08-06T06:09:00.720+0000] {processor.py:925} INFO - DAG(s) 'latest_only' retrieved from /home/airflow/.local/lib/python3.12/site-packages/airflow/example_dags/example_latest_only.py
[2026-08-06T06:09:00.759+0000] {logging_mixin.py:190} INFO - [2026-08-06T06:09:00.758+0000] {dag.py:3239} INFO - Sync 1 DAGs
[2026-08-06T06:09:00.801+0000] {logging_mixin.py:190} INFO - [2026-08-06T06:09:00.800+0000] {dag.py:4180} INFO - Setting next_dagrun for latest_only to 2026-08-06 00:00:00+00:00, run_after=2026-08-06 04:00:00+00:00
[2026-08-06T06:09:00.861+0000] {processor.py:208} INFO - Processing /home/airflow/.local/lib/python3.12/site-packages/airflow/example_dags/example_latest_only.py took 0.169 seconds
[2026-08-06T06:09:30.998+0000] {processor.py:186} INFO - Started process (PID=1043) to work on /home/airflow/.local/lib/python3.12/site-packages/airflow/example_dags/example_latest_only.py
[2026-08-06T06:09:31.000+0000] {processor.py:914} INFO - Processing file /home/airflow/.local/lib/python3.12/site-packages/airflow/example_dags/example_latest_only.py for tasks to queue
[2026-08-06T06:09:31.004+0000] {logging_mixin.py:190} INFO - [2026-08-06T06:09:31.003+0000] {dagbag.py:588} INFO - Filling up the DagBag from /home/airflow/.local/lib/python3.12/site-packages/airflow/example_dags/example_latest_only.py
[2026-08-06T06:09:31.013+0000] {processor.py:925} INFO - DAG(s) 'latest_only' retrieved from /home/airflow/.local/lib/python3.12/site-packages/airflow/example_dags/example_latest_only.py
[2026-08-06T06:09:31.042+0000] {logging_mixin.py:190} INFO - [2026-08-06T06:09:31.042+0000] {dag.py:3239} INFO - Sync 1 DAGs
[2026-08-06T06:09:31.072+0000] {logging_mixin.py:190} INFO - [2026-08-06T06:09:31.072+0000] {dag.py:4180} INFO - Setting next_dagrun for latest_only to 2026-08-06 00:00:00+00:00, run_after=2026-08-06 04:00:00+00:00
[2026-08-06T06:09:31.130+0000] {processor.py:208} INFO - Processing /home/airflow/.local/lib/python3.12/site-packages/airflow/example_dags/example_latest_only.py took 0.141 seconds
[2026-08-06T06:10:01.699+0000] {processor.py:186} INFO - Started process (PID=1107) to work on /home/airflow/.local/lib/python3.12/site-packages/airflow/example_dags/example_latest_only.py
[2026-08-06T06:10:01.701+0000] {processor.py:914} INFO - Processing file /home/airflow/.local/lib/python3.12/site-packages/airflow/example_dags/example_latest_only.py for tasks to queue
[2026-08-06T06:10:01.704+0000] {logging_mixin.py:190} INFO - [2026-08-06T06:10:01.703+0000] {dagbag.py:588} INFO - Filling up the DagBag from /home/airflow/.local/lib/python3.12/site-packages/airflow/example_dags/example_latest_only.py
[2026-08-06T06:10:01.712+0000] {processor.py:925} INFO - DAG(s) 'latest_only' retrieved from /home/airflow/.local/lib/python3.12/site-packages/airflow/example_dags/example_latest_only.py
[2026-08-06T06:10:01.741+0000] {logging_mixin.py:190} INFO - [2026-08-06T06:10:01.740+0000] {dag.py:3239} INFO - Sync 1 DAGs
[2026-08-06T06:10:01.770+0000] {logging_mixin.py:190} INFO - [2026-08-06T06:10:01.770+0000] {dag.py:4180} INFO - Setting next_dagrun for latest_only to 2026-08-06 00:00:00+00:00, run_after=2026-08-06 04:00:00+00:00
[2026-08-06T06:10:01.794+0000] {processor.py:208} INFO - Processing /home/airflow/.local/lib/python3.12/site-packages/airflow/example_dags/example_latest_only.py took 0.102 seconds
[2026-08-06T06:10:32.079+0000] {processor.py:186} INFO - Started process (PID=1170) to work on /home/airflow/.local/lib/python3.12/site-packages/airflow/example_dags/example_latest_only.py
[2026-08-06T06:10:32.083+0000] {processor.py:914} INFO - Processing file /home/airflow/.local/lib/python3.12/site-packages/airflow/example_dags/example_latest_only.py for tasks to queue
[2026-08-06T06:10:32.090+0000] {logging_mixin.py:190} INFO - [2026-08-06T06:10:32.090+0000] {dagbag.py:588} INFO - Filling up the DagBag from /home/airflow/.local/lib/python3.12/site-packages/airflow/example_dags/example_latest_only.py
[2026-08-06T06:10:32.102+0000] {processor.py:925} INFO - DAG(s) 'latest_only' retrieved from /home/airflow/.local/lib/python3.12/site-packages/airflow/example_dags/example_latest_only.py
[2026-08-06T06:10:32.135+0000] {logging_mixin.py:190} INFO - [2026-08-06T06:10:32.135+0000] {dag.py:3239} INFO - Sync 1 DAGs
[2026-08-06T06:10:32.206+0000] {logging_mixin.py:190} INFO - [2026-08-06T06:10:32.205+0000] {dag.py:4180} INFO - Setting next_dagrun for latest_only to 2026-08-06 00:00:00+00:00, run_after=2026-08-06 04:00:00+00:00
[2026-08-06T06:10:32.259+0000] {processor.py:208} INFO - Processing /home/airflow/.local/lib/python3.12/site-packages/airflow/example_dags/example_latest_only.py took 0.188 seconds
