[2026-08-06T04:46:36.883+0000] {processor.py:186} INFO - Started process (PID=100) to work on /home/airflow/.local/lib/python3.12/site-packages/airflow/example_dags/example_branch_datetime_operator.py
[2026-08-06T04:46:36.885+0000] {processor.py:914} INFO - Processing file /home/airflow/.local/lib/python3.12/site-packages/airflow/example_dags/example_branch_datetime_operator.py for tasks to queue
[2026-08-06T04:46:36.888+0000] {logging_mixin.py:190} INFO - [2026-08-06T04:46:36.888+0000] {dagbag.py:588} INFO - Filling up the DagBag from /home/airflow/.local/lib/python3.12/site-packages/airflow/example_dags/example_branch_datetime_operator.py
[2026-08-06T04:46:36.908+0000] {processor.py:925} INFO - DAG(s) 'example_branch_datetime_operator', 'example_branch_datetime_operator_2', 'example_branch_datetime_operator_3' retrieved from /home/airflow/.local/lib/python3.12/site-packages/airflow/example_dags/example_branch_datetime_operator.py
[2026-08-06T04:46:37.085+0000] {logging_mixin.py:190} INFO - [2026-08-06T04:46:37.084+0000] {override.py:1912} INFO - Created Permission View: can delete on DAG:example_branch_datetime_operator
[2026-08-06T04:46:37.105+0000] {logging_mixin.py:190} INFO - [2026-08-06T04:46:37.104+0000] {override.py:1912} INFO - Created Permission View: can read on DAG:example_branch_datetime_operator
[2026-08-06T04:46:37.118+0000] {logging_mixin.py:190} INFO - [2026-08-06T04:46:37.117+0000] {override.py:1912} INFO - Created Permission View: can edit on DAG:example_branch_datetime_operator
[2026-08-06T04:46:37.134+0000] {logging_mixin.py:190} INFO - [2026-08-06T04:46:37.134+0000] {override.py:1912} INFO - Created Permission View: can delete on DAG Run:example_branch_datetime_operator
[2026-08-06T04:46:37.149+0000] {logging_mixin.py:190} INFO - [2026-08-06T04:46:37.149+0000] {override.py:1912} INFO - Created Permission View: menu access on DAG Run:example_branch_datetime_operator
[2026-08-06T04:46:37.161+0000] {logging_mixin.py:190} INFO - [2026-08-06T04:46:37.160+0000] {override.py:1912} INFO - Created Permission View: can read on DAG Run:example_branch_datetime_operator
[2026-08-06T04:46:37.172+0000] {logging_mixin.py:190} INFO - [2026-08-06T04:46:37.171+0000] {override.py:1912} INFO - Created Permission View: can create on DAG Run:example_branch_datetime_operator
[2026-08-06T04:46:37.192+0000] {logging_mixin.py:190} INFO - [2026-08-06T04:46:37.191+0000] {override.py:1912} INFO - Created Permission View: can delete on DAG:example_branch_datetime_operator_2
[2026-08-06T04:46:37.225+0000] {logging_mixin.py:190} INFO - [2026-08-06T04:46:37.224+0000] {override.py:1912} INFO - Created Permission View: can read on DAG:example_branch_datetime_operator_2
[2026-08-06T04:46:37.235+0000] {logging_mixin.py:190} INFO - [2026-08-06T04:46:37.235+0000] {override.py:1912} INFO - Created Permission View: can edit on DAG:example_branch_datetime_operator_2
[2026-08-06T04:46:37.248+0000] {logging_mixin.py:190} INFO - [2026-08-06T04:46:37.248+0000] {override.py:1912} INFO - Created Permission View: can delete on DAG Run:example_branch_datetime_operator_2
[2026-08-06T04:46:37.260+0000] {logging_mixin.py:190} INFO - [2026-08-06T04:46:37.259+0000] {override.py:1912} INFO - Created Permission View: menu access on DAG Run:example_branch_datetime_operator_2
[2026-08-06T04:46:37.274+0000] {logging_mixin.py:190} INFO - [2026-08-06T04:46:37.274+0000] {override.py:1912} INFO - Created Permission View: can read on DAG Run:example_branch_datetime_operator_2
[2026-08-06T04:46:37.284+0000] {logging_mixin.py:190} INFO - [2026-08-06T04:46:37.284+0000] {override.py:1912} INFO - Created Permission View: can create on DAG Run:example_branch_datetime_operator_2
[2026-08-06T04:46:37.304+0000] {logging_mixin.py:190} INFO - [2026-08-06T04:46:37.304+0000] {override.py:1912} INFO - Created Permission View: can delete on DAG:example_branch_datetime_operator_3
[2026-08-06T04:46:37.317+0000] {logging_mixin.py:190} INFO - [2026-08-06T04:46:37.316+0000] {override.py:1912} INFO - Created Permission View: can read on DAG:example_branch_datetime_operator_3
[2026-08-06T04:46:37.328+0000] {logging_mixin.py:190} INFO - [2026-08-06T04:46:37.327+0000] {override.py:1912} INFO - Created Permission View: can edit on DAG:example_branch_datetime_operator_3
[2026-08-06T04:46:37.340+0000] {logging_mixin.py:190} INFO - [2026-08-06T04:46:37.339+0000] {override.py:1912} INFO - Created Permission View: can delete on DAG Run:example_branch_datetime_operator_3
[2026-08-06T04:46:37.351+0000] {logging_mixin.py:190} INFO - [2026-08-06T04:46:37.351+0000] {override.py:1912} INFO - Created Permission View: menu access on DAG Run:example_branch_datetime_operator_3
[2026-08-06T04:46:37.362+0000] {logging_mixin.py:190} INFO - [2026-08-06T04:46:37.361+0000] {override.py:1912} INFO - Created Permission View: can read on DAG Run:example_branch_datetime_operator_3
[2026-08-06T04:46:37.371+0000] {logging_mixin.py:190} INFO - [2026-08-06T04:46:37.371+0000] {override.py:1912} INFO - Created Permission View: can create on DAG Run:example_branch_datetime_operator_3
[2026-08-06T04:46:37.373+0000] {logging_mixin.py:190} INFO - [2026-08-06T04:46:37.372+0000] {dag.py:3239} INFO - Sync 3 DAGs
[2026-08-06T04:46:37.408+0000] {logging_mixin.py:190} INFO - [2026-08-06T04:46:37.407+0000] {dag.py:3262} INFO - Creating ORM DAG for example_branch_datetime_operator_3
[2026-08-06T04:46:37.410+0000] {logging_mixin.py:190} INFO - [2026-08-06T04:46:37.410+0000] {dag.py:3262} INFO - Creating ORM DAG for example_branch_datetime_operator_2
[2026-08-06T04:46:37.412+0000] {logging_mixin.py:190} INFO - [2026-08-06T04:46:37.412+0000] {dag.py:3262} INFO - Creating ORM DAG for example_branch_datetime_operator
[2026-08-06T04:46:37.434+0000] {logging_mixin.py:190} INFO - [2026-08-06T04:46:37.434+0000] {dag.py:4180} INFO - Setting next_dagrun for example_branch_datetime_operator to 2026-08-05 00:00:00+00:00, run_after=2026-08-06 00:00:00+00:00
[2026-08-06T04:46:37.437+0000] {logging_mixin.py:190} INFO - [2026-08-06T04:46:37.437+0000] {dag.py:4180} INFO - Setting next_dagrun for example_branch_datetime_operator_2 to 2026-08-05 00:00:00+00:00, run_after=2026-08-06 00:00:00+00:00
[2026-08-06T04:46:37.439+0000] {logging_mixin.py:190} INFO - [2026-08-06T04:46:37.439+0000] {dag.py:4180} INFO - Setting next_dagrun for example_branch_datetime_operator_3 to 2026-08-05 00:00:00+00:00, run_after=2026-08-06 00:00:00+00:00
[2026-08-06T04:46:37.478+0000] {processor.py:208} INFO - Processing /home/airflow/.local/lib/python3.12/site-packages/airflow/example_dags/example_branch_datetime_operator.py took 0.601 seconds
[2026-08-06T04:47:08.107+0000] {processor.py:186} INFO - Started process (PID=162) to work on /home/airflow/.local/lib/python3.12/site-packages/airflow/example_dags/example_branch_datetime_operator.py
[2026-08-06T04:47:08.110+0000] {processor.py:914} INFO - Processing file /home/airflow/.local/lib/python3.12/site-packages/airflow/example_dags/example_branch_datetime_operator.py for tasks to queue
[2026-08-06T04:47:08.114+0000] {logging_mixin.py:190} INFO - [2026-08-06T04:47:08.113+0000] {dagbag.py:588} INFO - Filling up the DagBag from /home/airflow/.local/lib/python3.12/site-packages/airflow/example_dags/example_branch_datetime_operator.py
[2026-08-06T04:47:08.137+0000] {processor.py:925} INFO - DAG(s) 'example_branch_datetime_operator_3', 'example_branch_datetime_operator_2', 'example_branch_datetime_operator' retrieved from /home/airflow/.local/lib/python3.12/site-packages/airflow/example_dags/example_branch_datetime_operator.py
[2026-08-06T04:47:08.192+0000] {logging_mixin.py:190} INFO - [2026-08-06T04:47:08.192+0000] {dag.py:3239} INFO - Sync 3 DAGs
[2026-08-06T04:47:08.241+0000] {logging_mixin.py:190} INFO - [2026-08-06T04:47:08.240+0000] {dag.py:4180} INFO - Setting next_dagrun for example_branch_datetime_operator to 2026-08-05 00:00:00+00:00, run_after=2026-08-06 00:00:00+00:00
[2026-08-06T04:47:08.254+0000] {logging_mixin.py:190} INFO - [2026-08-06T04:47:08.253+0000] {dag.py:4180} INFO - Setting next_dagrun for example_branch_datetime_operator_2 to 2026-08-05 00:00:00+00:00, run_after=2026-08-06 00:00:00+00:00
[2026-08-06T04:47:08.262+0000] {logging_mixin.py:190} INFO - [2026-08-06T04:47:08.261+0000] {dag.py:4180} INFO - Setting next_dagrun for example_branch_datetime_operator_3 to 2026-08-05 00:00:00+00:00, run_after=2026-08-06 00:00:00+00:00
[2026-08-06T04:47:08.297+0000] {processor.py:208} INFO - Processing /home/airflow/.local/lib/python3.12/site-packages/airflow/example_dags/example_branch_datetime_operator.py took 0.199 seconds
[2026-08-06T04:47:39.095+0000] {processor.py:186} INFO - Started process (PID=225) to work on /home/airflow/.local/lib/python3.12/site-packages/airflow/example_dags/example_branch_datetime_operator.py
[2026-08-06T04:47:39.097+0000] {processor.py:914} INFO - Processing file /home/airflow/.local/lib/python3.12/site-packages/airflow/example_dags/example_branch_datetime_operator.py for tasks to queue
[2026-08-06T04:47:39.102+0000] {logging_mixin.py:190} INFO - [2026-08-06T04:47:39.101+0000] {dagbag.py:588} INFO - Filling up the DagBag from /home/airflow/.local/lib/python3.12/site-packages/airflow/example_dags/example_branch_datetime_operator.py
[2026-08-06T04:47:39.125+0000] {processor.py:925} INFO - DAG(s) 'example_branch_datetime_operator', 'example_branch_datetime_operator_2', 'example_branch_datetime_operator_3' retrieved from /home/airflow/.local/lib/python3.12/site-packages/airflow/example_dags/example_branch_datetime_operator.py
[2026-08-06T04:47:39.183+0000] {logging_mixin.py:190} INFO - [2026-08-06T04:47:39.183+0000] {dag.py:3239} INFO - Sync 3 DAGs
[2026-08-06T04:47:39.225+0000] {logging_mixin.py:190} INFO - [2026-08-06T04:47:39.225+0000] {dag.py:4180} INFO - Setting next_dagrun for example_branch_datetime_operator to 2026-08-05 00:00:00+00:00, run_after=2026-08-06 00:00:00+00:00
[2026-08-06T04:47:39.236+0000] {logging_mixin.py:190} INFO - [2026-08-06T04:47:39.235+0000] {dag.py:4180} INFO - Setting next_dagrun for example_branch_datetime_operator_2 to 2026-08-05 00:00:00+00:00, run_after=2026-08-06 00:00:00+00:00
[2026-08-06T04:47:39.243+0000] {logging_mixin.py:190} INFO - [2026-08-06T04:47:39.243+0000] {dag.py:4180} INFO - Setting next_dagrun for example_branch_datetime_operator_3 to 2026-08-05 00:00:00+00:00, run_after=2026-08-06 00:00:00+00:00
[2026-08-06T04:47:39.287+0000] {processor.py:208} INFO - Processing /home/airflow/.local/lib/python3.12/site-packages/airflow/example_dags/example_branch_datetime_operator.py took 0.203 seconds
[2026-08-06T04:48:10.374+0000] {processor.py:186} INFO - Started process (PID=288) to work on /home/airflow/.local/lib/python3.12/site-packages/airflow/example_dags/example_branch_datetime_operator.py
[2026-08-06T04:48:10.376+0000] {processor.py:914} INFO - Processing file /home/airflow/.local/lib/python3.12/site-packages/airflow/example_dags/example_branch_datetime_operator.py for tasks to queue
[2026-08-06T04:48:10.379+0000] {logging_mixin.py:190} INFO - [2026-08-06T04:48:10.379+0000] {dagbag.py:588} INFO - Filling up the DagBag from /home/airflow/.local/lib/python3.12/site-packages/airflow/example_dags/example_branch_datetime_operator.py
[2026-08-06T04:48:10.396+0000] {processor.py:925} INFO - DAG(s) 'example_branch_datetime_operator', 'example_branch_datetime_operator_2', 'example_branch_datetime_operator_3' retrieved from /home/airflow/.local/lib/python3.12/site-packages/airflow/example_dags/example_branch_datetime_operator.py
[2026-08-06T04:48:10.435+0000] {logging_mixin.py:190} INFO - [2026-08-06T04:48:10.435+0000] {dag.py:3239} INFO - Sync 3 DAGs
[2026-08-06T04:48:10.473+0000] {logging_mixin.py:190} INFO - [2026-08-06T04:48:10.473+0000] {dag.py:4180} INFO - Setting next_dagrun for example_branch_datetime_operator to 2026-08-05 00:00:00+00:00, run_after=2026-08-06 00:00:00+00:00
[2026-08-06T04:48:10.495+0000] {logging_mixin.py:190} INFO - [2026-08-06T04:48:10.495+0000] {dag.py:4180} INFO - Setting next_dagrun for example_branch_datetime_operator_2 to 2026-08-05 00:00:00+00:00, run_after=2026-08-06 00:00:00+00:00
[2026-08-06T04:48:10.499+0000] {logging_mixin.py:190} INFO - [2026-08-06T04:48:10.499+0000] {dag.py:4180} INFO - Setting next_dagrun for example_branch_datetime_operator_3 to 2026-08-05 00:00:00+00:00, run_after=2026-08-06 00:00:00+00:00
[2026-08-06T04:48:10.530+0000] {processor.py:208} INFO - Processing /home/airflow/.local/lib/python3.12/site-packages/airflow/example_dags/example_branch_datetime_operator.py took 0.164 seconds
[2026-08-06T04:48:41.040+0000] {processor.py:186} INFO - Started process (PID=351) to work on /home/airflow/.local/lib/python3.12/site-packages/airflow/example_dags/example_branch_datetime_operator.py
[2026-08-06T04:48:41.042+0000] {processor.py:914} INFO - Processing file /home/airflow/.local/lib/python3.12/site-packages/airflow/example_dags/example_branch_datetime_operator.py for tasks to queue
[2026-08-06T04:48:41.046+0000] {logging_mixin.py:190} INFO - [2026-08-06T04:48:41.046+0000] {dagbag.py:588} INFO - Filling up the DagBag from /home/airflow/.local/lib/python3.12/site-packages/airflow/example_dags/example_branch_datetime_operator.py
[2026-08-06T04:48:41.087+0000] {processor.py:925} INFO - DAG(s) 'example_branch_datetime_operator', 'example_branch_datetime_operator_3', 'example_branch_datetime_operator_2' retrieved from /home/airflow/.local/lib/python3.12/site-packages/airflow/example_dags/example_branch_datetime_operator.py
[2026-08-06T04:48:41.176+0000] {logging_mixin.py:190} INFO - [2026-08-06T04:48:41.175+0000] {dag.py:3239} INFO - Sync 3 DAGs
[2026-08-06T04:48:41.233+0000] {logging_mixin.py:190} INFO - [2026-08-06T04:48:41.232+0000] {dag.py:4180} INFO - Setting next_dagrun for example_branch_datetime_operator to 2026-08-05 00:00:00+00:00, run_after=2026-08-06 00:00:00+00:00
[2026-08-06T04:48:41.246+0000] {logging_mixin.py:190} INFO - [2026-08-06T04:48:41.246+0000] {dag.py:4180} INFO - Setting next_dagrun for example_branch_datetime_operator_2 to 2026-08-05 00:00:00+00:00, run_after=2026-08-06 00:00:00+00:00
[2026-08-06T04:48:41.254+0000] {logging_mixin.py:190} INFO - [2026-08-06T04:48:41.254+0000] {dag.py:4180} INFO - Setting next_dagrun for example_branch_datetime_operator_3 to 2026-08-05 00:00:00+00:00, run_after=2026-08-06 00:00:00+00:00
[2026-08-06T04:48:41.306+0000] {processor.py:208} INFO - Processing /home/airflow/.local/lib/python3.12/site-packages/airflow/example_dags/example_branch_datetime_operator.py took 0.280 seconds
[2026-08-06T04:49:11.519+0000] {processor.py:186} INFO - Started process (PID=413) to work on /home/airflow/.local/lib/python3.12/site-packages/airflow/example_dags/example_branch_datetime_operator.py
[2026-08-06T04:49:11.521+0000] {processor.py:914} INFO - Processing file /home/airflow/.local/lib/python3.12/site-packages/airflow/example_dags/example_branch_datetime_operator.py for tasks to queue
[2026-08-06T04:49:11.525+0000] {logging_mixin.py:190} INFO - [2026-08-06T04:49:11.524+0000] {dagbag.py:588} INFO - Filling up the DagBag from /home/airflow/.local/lib/python3.12/site-packages/airflow/example_dags/example_branch_datetime_operator.py
[2026-08-06T04:49:11.541+0000] {processor.py:925} INFO - DAG(s) 'example_branch_datetime_operator_2', 'example_branch_datetime_operator_3', 'example_branch_datetime_operator' retrieved from /home/airflow/.local/lib/python3.12/site-packages/airflow/example_dags/example_branch_datetime_operator.py
[2026-08-06T04:49:11.583+0000] {logging_mixin.py:190} INFO - [2026-08-06T04:49:11.582+0000] {dag.py:3239} INFO - Sync 3 DAGs
[2026-08-06T04:49:11.617+0000] {logging_mixin.py:190} INFO - [2026-08-06T04:49:11.616+0000] {dag.py:4180} INFO - Setting next_dagrun for example_branch_datetime_operator to 2026-08-05 00:00:00+00:00, run_after=2026-08-06 00:00:00+00:00
[2026-08-06T04:49:11.623+0000] {logging_mixin.py:190} INFO - [2026-08-06T04:49:11.622+0000] {dag.py:4180} INFO - Setting next_dagrun for example_branch_datetime_operator_2 to 2026-08-05 00:00:00+00:00, run_after=2026-08-06 00:00:00+00:00
[2026-08-06T04:49:11.626+0000] {logging_mixin.py:190} INFO - [2026-08-06T04:49:11.626+0000] {dag.py:4180} INFO - Setting next_dagrun for example_branch_datetime_operator_3 to 2026-08-05 00:00:00+00:00, run_after=2026-08-06 00:00:00+00:00
[2026-08-06T04:49:11.668+0000] {processor.py:208} INFO - Processing /home/airflow/.local/lib/python3.12/site-packages/airflow/example_dags/example_branch_datetime_operator.py took 0.157 seconds
[2026-08-06T04:49:42.060+0000] {processor.py:186} INFO - Started process (PID=476) to work on /home/airflow/.local/lib/python3.12/site-packages/airflow/example_dags/example_branch_datetime_operator.py
[2026-08-06T04:49:42.062+0000] {processor.py:914} INFO - Processing file /home/airflow/.local/lib/python3.12/site-packages/airflow/example_dags/example_branch_datetime_operator.py for tasks to queue
[2026-08-06T04:49:42.069+0000] {logging_mixin.py:190} INFO - [2026-08-06T04:49:42.068+0000] {dagbag.py:588} INFO - Filling up the DagBag from /home/airflow/.local/lib/python3.12/site-packages/airflow/example_dags/example_branch_datetime_operator.py
[2026-08-06T04:49:42.089+0000] {processor.py:925} INFO - DAG(s) 'example_branch_datetime_operator', 'example_branch_datetime_operator_3', 'example_branch_datetime_operator_2' retrieved from /home/airflow/.local/lib/python3.12/site-packages/airflow/example_dags/example_branch_datetime_operator.py
[2026-08-06T04:49:42.166+0000] {logging_mixin.py:190} INFO - [2026-08-06T04:49:42.165+0000] {dag.py:3239} INFO - Sync 3 DAGs
[2026-08-06T04:49:42.221+0000] {logging_mixin.py:190} INFO - [2026-08-06T04:49:42.221+0000] {dag.py:4180} INFO - Setting next_dagrun for example_branch_datetime_operator to 2026-08-05 00:00:00+00:00, run_after=2026-08-06 00:00:00+00:00
[2026-08-06T04:49:42.232+0000] {logging_mixin.py:190} INFO - [2026-08-06T04:49:42.231+0000] {dag.py:4180} INFO - Setting next_dagrun for example_branch_datetime_operator_2 to 2026-08-05 00:00:00+00:00, run_after=2026-08-06 00:00:00+00:00
[2026-08-06T04:49:42.238+0000] {logging_mixin.py:190} INFO - [2026-08-06T04:49:42.237+0000] {dag.py:4180} INFO - Setting next_dagrun for example_branch_datetime_operator_3 to 2026-08-05 00:00:00+00:00, run_after=2026-08-06 00:00:00+00:00
[2026-08-06T04:49:42.277+0000] {processor.py:208} INFO - Processing /home/airflow/.local/lib/python3.12/site-packages/airflow/example_dags/example_branch_datetime_operator.py took 0.233 seconds
[2026-08-06T04:50:13.363+0000] {processor.py:186} INFO - Started process (PID=539) to work on /home/airflow/.local/lib/python3.12/site-packages/airflow/example_dags/example_branch_datetime_operator.py
[2026-08-06T04:50:13.364+0000] {processor.py:914} INFO - Processing file /home/airflow/.local/lib/python3.12/site-packages/airflow/example_dags/example_branch_datetime_operator.py for tasks to queue
[2026-08-06T04:50:13.367+0000] {logging_mixin.py:190} INFO - [2026-08-06T04:50:13.366+0000] {dagbag.py:588} INFO - Filling up the DagBag from /home/airflow/.local/lib/python3.12/site-packages/airflow/example_dags/example_branch_datetime_operator.py
[2026-08-06T04:50:13.384+0000] {processor.py:925} INFO - DAG(s) 'example_branch_datetime_operator', 'example_branch_datetime_operator_2', 'example_branch_datetime_operator_3' retrieved from /home/airflow/.local/lib/python3.12/site-packages/airflow/example_dags/example_branch_datetime_operator.py
[2026-08-06T04:50:13.424+0000] {logging_mixin.py:190} INFO - [2026-08-06T04:50:13.424+0000] {dag.py:3239} INFO - Sync 3 DAGs
[2026-08-06T04:50:13.466+0000] {logging_mixin.py:190} INFO - [2026-08-06T04:50:13.465+0000] {dag.py:4180} INFO - Setting next_dagrun for example_branch_datetime_operator to 2026-08-05 00:00:00+00:00, run_after=2026-08-06 00:00:00+00:00
[2026-08-06T04:50:13.473+0000] {logging_mixin.py:190} INFO - [2026-08-06T04:50:13.473+0000] {dag.py:4180} INFO - Setting next_dagrun for example_branch_datetime_operator_2 to 2026-08-05 00:00:00+00:00, run_after=2026-08-06 00:00:00+00:00
[2026-08-06T04:50:13.476+0000] {logging_mixin.py:190} INFO - [2026-08-06T04:50:13.476+0000] {dag.py:4180} INFO - Setting next_dagrun for example_branch_datetime_operator_3 to 2026-08-05 00:00:00+00:00, run_after=2026-08-06 00:00:00+00:00
[2026-08-06T04:50:13.504+0000] {processor.py:208} INFO - Processing /home/airflow/.local/lib/python3.12/site-packages/airflow/example_dags/example_branch_datetime_operator.py took 0.152 seconds
[2026-08-06T04:50:43.965+0000] {processor.py:186} INFO - Started process (PID=601) to work on /home/airflow/.local/lib/python3.12/site-packages/airflow/example_dags/example_branch_datetime_operator.py
[2026-08-06T04:50:43.968+0000] {processor.py:914} INFO - Processing file /home/airflow/.local/lib/python3.12/site-packages/airflow/example_dags/example_branch_datetime_operator.py for tasks to queue
[2026-08-06T04:50:43.973+0000] {logging_mixin.py:190} INFO - [2026-08-06T04:50:43.972+0000] {dagbag.py:588} INFO - Filling up the DagBag from /home/airflow/.local/lib/python3.12/site-packages/airflow/example_dags/example_branch_datetime_operator.py
[2026-08-06T04:50:43.994+0000] {processor.py:925} INFO - DAG(s) 'example_branch_datetime_operator_2', 'example_branch_datetime_operator', 'example_branch_datetime_operator_3' retrieved from /home/airflow/.local/lib/python3.12/site-packages/airflow/example_dags/example_branch_datetime_operator.py
[2026-08-06T04:50:44.047+0000] {logging_mixin.py:190} INFO - [2026-08-06T04:50:44.046+0000] {dag.py:3239} INFO - Sync 3 DAGs
[2026-08-06T04:50:44.091+0000] {logging_mixin.py:190} INFO - [2026-08-06T04:50:44.091+0000] {dag.py:4180} INFO - Setting next_dagrun for example_branch_datetime_operator to 2026-08-05 00:00:00+00:00, run_after=2026-08-06 00:00:00+00:00
[2026-08-06T04:50:44.101+0000] {logging_mixin.py:190} INFO - [2026-08-06T04:50:44.101+0000] {dag.py:4180} INFO - Setting next_dagrun for example_branch_datetime_operator_2 to 2026-08-05 00:00:00+00:00, run_after=2026-08-06 00:00:00+00:00
[2026-08-06T04:50:44.106+0000] {logging_mixin.py:190} INFO - [2026-08-06T04:50:44.106+0000] {dag.py:4180} INFO - Setting next_dagrun for example_branch_datetime_operator_3 to 2026-08-05 00:00:00+00:00, run_after=2026-08-06 00:00:00+00:00
[2026-08-06T04:50:44.147+0000] {processor.py:208} INFO - Processing /home/airflow/.local/lib/python3.12/site-packages/airflow/example_dags/example_branch_datetime_operator.py took 0.193 seconds
[2026-08-06T04:51:14.630+0000] {processor.py:186} INFO - Started process (PID=664) to work on /home/airflow/.local/lib/python3.12/site-packages/airflow/example_dags/example_branch_datetime_operator.py
[2026-08-06T04:51:14.632+0000] {processor.py:914} INFO - Processing file /home/airflow/.local/lib/python3.12/site-packages/airflow/example_dags/example_branch_datetime_operator.py for tasks to queue
[2026-08-06T04:51:14.638+0000] {logging_mixin.py:190} INFO - [2026-08-06T04:51:14.637+0000] {dagbag.py:588} INFO - Filling up the DagBag from /home/airflow/.local/lib/python3.12/site-packages/airflow/example_dags/example_branch_datetime_operator.py
[2026-08-06T04:51:14.667+0000] {processor.py:925} INFO - DAG(s) 'example_branch_datetime_operator', 'example_branch_datetime_operator_3', 'example_branch_datetime_operator_2' retrieved from /home/airflow/.local/lib/python3.12/site-packages/airflow/example_dags/example_branch_datetime_operator.py
[2026-08-06T04:51:14.743+0000] {logging_mixin.py:190} INFO - [2026-08-06T04:51:14.742+0000] {dag.py:3239} INFO - Sync 3 DAGs
[2026-08-06T04:51:14.794+0000] {logging_mixin.py:190} INFO - [2026-08-06T04:51:14.794+0000] {dag.py:4180} INFO - Setting next_dagrun for example_branch_datetime_operator to 2026-08-05 00:00:00+00:00, run_after=2026-08-06 00:00:00+00:00
[2026-08-06T04:51:14.809+0000] {logging_mixin.py:190} INFO - [2026-08-06T04:51:14.806+0000] {dag.py:4180} INFO - Setting next_dagrun for example_branch_datetime_operator_2 to 2026-08-05 00:00:00+00:00, run_after=2026-08-06 00:00:00+00:00
[2026-08-06T04:51:14.814+0000] {logging_mixin.py:190} INFO - [2026-08-06T04:51:14.814+0000] {dag.py:4180} INFO - Setting next_dagrun for example_branch_datetime_operator_3 to 2026-08-05 00:00:00+00:00, run_after=2026-08-06 00:00:00+00:00
[2026-08-06T04:51:14.865+0000] {processor.py:208} INFO - Processing /home/airflow/.local/lib/python3.12/site-packages/airflow/example_dags/example_branch_datetime_operator.py took 0.246 seconds
[2026-08-06T04:51:45.692+0000] {processor.py:186} INFO - Started process (PID=727) to work on /home/airflow/.local/lib/python3.12/site-packages/airflow/example_dags/example_branch_datetime_operator.py
[2026-08-06T04:51:45.694+0000] {processor.py:914} INFO - Processing file /home/airflow/.local/lib/python3.12/site-packages/airflow/example_dags/example_branch_datetime_operator.py for tasks to queue
[2026-08-06T04:51:45.699+0000] {logging_mixin.py:190} INFO - [2026-08-06T04:51:45.699+0000] {dagbag.py:588} INFO - Filling up the DagBag from /home/airflow/.local/lib/python3.12/site-packages/airflow/example_dags/example_branch_datetime_operator.py
[2026-08-06T04:51:45.717+0000] {processor.py:925} INFO - DAG(s) 'example_branch_datetime_operator_3', 'example_branch_datetime_operator_2', 'example_branch_datetime_operator' retrieved from /home/airflow/.local/lib/python3.12/site-packages/airflow/example_dags/example_branch_datetime_operator.py
[2026-08-06T04:51:45.753+0000] {logging_mixin.py:190} INFO - [2026-08-06T04:51:45.753+0000] {dag.py:3239} INFO - Sync 3 DAGs
[2026-08-06T04:51:45.796+0000] {logging_mixin.py:190} INFO - [2026-08-06T04:51:45.795+0000] {dag.py:4180} INFO - Setting next_dagrun for example_branch_datetime_operator to 2026-08-05 00:00:00+00:00, run_after=2026-08-06 00:00:00+00:00
[2026-08-06T04:51:45.804+0000] {logging_mixin.py:190} INFO - [2026-08-06T04:51:45.804+0000] {dag.py:4180} INFO - Setting next_dagrun for example_branch_datetime_operator_2 to 2026-08-05 00:00:00+00:00, run_after=2026-08-06 00:00:00+00:00
[2026-08-06T04:51:45.809+0000] {logging_mixin.py:190} INFO - [2026-08-06T04:51:45.808+0000] {dag.py:4180} INFO - Setting next_dagrun for example_branch_datetime_operator_3 to 2026-08-05 00:00:00+00:00, run_after=2026-08-06 00:00:00+00:00
[2026-08-06T04:51:45.845+0000] {processor.py:208} INFO - Processing /home/airflow/.local/lib/python3.12/site-packages/airflow/example_dags/example_branch_datetime_operator.py took 0.163 seconds
[2026-08-06T04:52:16.592+0000] {processor.py:186} INFO - Started process (PID=790) to work on /home/airflow/.local/lib/python3.12/site-packages/airflow/example_dags/example_branch_datetime_operator.py
[2026-08-06T04:52:16.597+0000] {processor.py:914} INFO - Processing file /home/airflow/.local/lib/python3.12/site-packages/airflow/example_dags/example_branch_datetime_operator.py for tasks to queue
[2026-08-06T04:52:16.605+0000] {logging_mixin.py:190} INFO - [2026-08-06T04:52:16.604+0000] {dagbag.py:588} INFO - Filling up the DagBag from /home/airflow/.local/lib/python3.12/site-packages/airflow/example_dags/example_branch_datetime_operator.py
[2026-08-06T04:52:16.620+0000] {processor.py:925} INFO - DAG(s) 'example_branch_datetime_operator_2', 'example_branch_datetime_operator', 'example_branch_datetime_operator_3' retrieved from /home/airflow/.local/lib/python3.12/site-packages/airflow/example_dags/example_branch_datetime_operator.py
[2026-08-06T04:52:16.655+0000] {logging_mixin.py:190} INFO - [2026-08-06T04:52:16.655+0000] {dag.py:3239} INFO - Sync 3 DAGs
[2026-08-06T04:52:16.688+0000] {logging_mixin.py:190} INFO - [2026-08-06T04:52:16.687+0000] {dag.py:4180} INFO - Setting next_dagrun for example_branch_datetime_operator to 2026-08-05 00:00:00+00:00, run_after=2026-08-06 00:00:00+00:00
[2026-08-06T04:52:16.694+0000] {logging_mixin.py:190} INFO - [2026-08-06T04:52:16.694+0000] {dag.py:4180} INFO - Setting next_dagrun for example_branch_datetime_operator_2 to 2026-08-05 00:00:00+00:00, run_after=2026-08-06 00:00:00+00:00
[2026-08-06T04:52:16.698+0000] {logging_mixin.py:190} INFO - [2026-08-06T04:52:16.698+0000] {dag.py:4180} INFO - Setting next_dagrun for example_branch_datetime_operator_3 to 2026-08-05 00:00:00+00:00, run_after=2026-08-06 00:00:00+00:00
[2026-08-06T04:52:16.720+0000] {processor.py:208} INFO - Processing /home/airflow/.local/lib/python3.12/site-packages/airflow/example_dags/example_branch_datetime_operator.py took 0.137 seconds
[2026-08-06T04:52:47.050+0000] {processor.py:186} INFO - Started process (PID=854) to work on /home/airflow/.local/lib/python3.12/site-packages/airflow/example_dags/example_branch_datetime_operator.py
[2026-08-06T04:52:47.054+0000] {processor.py:914} INFO - Processing file /home/airflow/.local/lib/python3.12/site-packages/airflow/example_dags/example_branch_datetime_operator.py for tasks to queue
[2026-08-06T04:52:47.065+0000] {logging_mixin.py:190} INFO - [2026-08-06T04:52:47.063+0000] {dagbag.py:588} INFO - Filling up the DagBag from /home/airflow/.local/lib/python3.12/site-packages/airflow/example_dags/example_branch_datetime_operator.py
[2026-08-06T04:52:47.119+0000] {processor.py:925} INFO - DAG(s) 'example_branch_datetime_operator_3', 'example_branch_datetime_operator', 'example_branch_datetime_operator_2' retrieved from /home/airflow/.local/lib/python3.12/site-packages/airflow/example_dags/example_branch_datetime_operator.py
[2026-08-06T04:52:47.221+0000] {logging_mixin.py:190} INFO - [2026-08-06T04:52:47.220+0000] {dag.py:3239} INFO - Sync 3 DAGs
[2026-08-06T05:30:19.705+0000] {processor.py:186} INFO - Started process (PID=101) to work on /home/airflow/.local/lib/python3.12/site-packages/airflow/example_dags/example_branch_datetime_operator.py
[2026-08-06T05:30:19.708+0000] {processor.py:914} INFO - Processing file /home/airflow/.local/lib/python3.12/site-packages/airflow/example_dags/example_branch_datetime_operator.py for tasks to queue
[2026-08-06T05:30:19.714+0000] {logging_mixin.py:190} INFO - [2026-08-06T05:30:19.713+0000] {dagbag.py:588} INFO - Filling up the DagBag from /home/airflow/.local/lib/python3.12/site-packages/airflow/example_dags/example_branch_datetime_operator.py
[2026-08-06T05:30:19.734+0000] {processor.py:925} INFO - DAG(s) 'example_branch_datetime_operator', 'example_branch_datetime_operator_2', 'example_branch_datetime_operator_3' retrieved from /home/airflow/.local/lib/python3.12/site-packages/airflow/example_dags/example_branch_datetime_operator.py
[2026-08-06T05:30:19.799+0000] {logging_mixin.py:190} INFO - [2026-08-06T05:30:19.798+0000] {dag.py:3239} INFO - Sync 3 DAGs
[2026-08-06T05:30:19.844+0000] {logging_mixin.py:190} INFO - [2026-08-06T05:30:19.843+0000] {dag.py:4180} INFO - Setting next_dagrun for example_branch_datetime_operator to 2026-08-05 00:00:00+00:00, run_after=2026-08-06 00:00:00+00:00
[2026-08-06T05:30:19.854+0000] {logging_mixin.py:190} INFO - [2026-08-06T05:30:19.854+0000] {dag.py:4180} INFO - Setting next_dagrun for example_branch_datetime_operator_2 to 2026-08-05 00:00:00+00:00, run_after=2026-08-06 00:00:00+00:00
[2026-08-06T05:30:19.859+0000] {logging_mixin.py:190} INFO - [2026-08-06T05:30:19.859+0000] {dag.py:4180} INFO - Setting next_dagrun for example_branch_datetime_operator_3 to 2026-08-05 00:00:00+00:00, run_after=2026-08-06 00:00:00+00:00
[2026-08-06T05:30:19.895+0000] {processor.py:208} INFO - Processing /home/airflow/.local/lib/python3.12/site-packages/airflow/example_dags/example_branch_datetime_operator.py took 0.202 seconds
[2026-08-06T05:30:50.130+0000] {processor.py:186} INFO - Started process (PID=163) to work on /home/airflow/.local/lib/python3.12/site-packages/airflow/example_dags/example_branch_datetime_operator.py
[2026-08-06T05:30:50.132+0000] {processor.py:914} INFO - Processing file /home/airflow/.local/lib/python3.12/site-packages/airflow/example_dags/example_branch_datetime_operator.py for tasks to queue
[2026-08-06T05:30:50.135+0000] {logging_mixin.py:190} INFO - [2026-08-06T05:30:50.134+0000] {dagbag.py:588} INFO - Filling up the DagBag from /home/airflow/.local/lib/python3.12/site-packages/airflow/example_dags/example_branch_datetime_operator.py
[2026-08-06T05:30:50.151+0000] {processor.py:925} INFO - DAG(s) 'example_branch_datetime_operator_3', 'example_branch_datetime_operator', 'example_branch_datetime_operator_2' retrieved from /home/airflow/.local/lib/python3.12/site-packages/airflow/example_dags/example_branch_datetime_operator.py
[2026-08-06T05:30:50.192+0000] {logging_mixin.py:190} INFO - [2026-08-06T05:30:50.192+0000] {dag.py:3239} INFO - Sync 3 DAGs
[2026-08-06T05:30:50.228+0000] {logging_mixin.py:190} INFO - [2026-08-06T05:30:50.228+0000] {dag.py:4180} INFO - Setting next_dagrun for example_branch_datetime_operator to 2026-08-05 00:00:00+00:00, run_after=2026-08-06 00:00:00+00:00
[2026-08-06T05:30:50.234+0000] {logging_mixin.py:190} INFO - [2026-08-06T05:30:50.233+0000] {dag.py:4180} INFO - Setting next_dagrun for example_branch_datetime_operator_2 to 2026-08-05 00:00:00+00:00, run_after=2026-08-06 00:00:00+00:00
[2026-08-06T05:30:50.238+0000] {logging_mixin.py:190} INFO - [2026-08-06T05:30:50.238+0000] {dag.py:4180} INFO - Setting next_dagrun for example_branch_datetime_operator_3 to 2026-08-05 00:00:00+00:00, run_after=2026-08-06 00:00:00+00:00
[2026-08-06T05:30:50.260+0000] {processor.py:208} INFO - Processing /home/airflow/.local/lib/python3.12/site-packages/airflow/example_dags/example_branch_datetime_operator.py took 0.137 seconds
[2026-08-06T05:33:13.645+0000] {processor.py:186} INFO - Started process (PID=95) to work on /home/airflow/.local/lib/python3.12/site-packages/airflow/example_dags/example_branch_datetime_operator.py
[2026-08-06T05:33:13.647+0000] {processor.py:914} INFO - Processing file /home/airflow/.local/lib/python3.12/site-packages/airflow/example_dags/example_branch_datetime_operator.py for tasks to queue
[2026-08-06T05:33:13.650+0000] {logging_mixin.py:190} INFO - [2026-08-06T05:33:13.649+0000] {dagbag.py:588} INFO - Filling up the DagBag from /home/airflow/.local/lib/python3.12/site-packages/airflow/example_dags/example_branch_datetime_operator.py
[2026-08-06T05:33:13.670+0000] {processor.py:925} INFO - DAG(s) 'example_branch_datetime_operator', 'example_branch_datetime_operator_2', 'example_branch_datetime_operator_3' retrieved from /home/airflow/.local/lib/python3.12/site-packages/airflow/example_dags/example_branch_datetime_operator.py
[2026-08-06T05:33:13.713+0000] {logging_mixin.py:190} INFO - [2026-08-06T05:33:13.713+0000] {dag.py:3239} INFO - Sync 3 DAGs
[2026-08-06T05:33:13.762+0000] {logging_mixin.py:190} INFO - [2026-08-06T05:33:13.762+0000] {dag.py:4180} INFO - Setting next_dagrun for example_branch_datetime_operator to 2026-08-05 00:00:00+00:00, run_after=2026-08-06 00:00:00+00:00
[2026-08-06T05:33:13.770+0000] {logging_mixin.py:190} INFO - [2026-08-06T05:33:13.770+0000] {dag.py:4180} INFO - Setting next_dagrun for example_branch_datetime_operator_2 to 2026-08-05 00:00:00+00:00, run_after=2026-08-06 00:00:00+00:00
[2026-08-06T05:33:13.774+0000] {logging_mixin.py:190} INFO - [2026-08-06T05:33:13.774+0000] {dag.py:4180} INFO - Setting next_dagrun for example_branch_datetime_operator_3 to 2026-08-05 00:00:00+00:00, run_after=2026-08-06 00:00:00+00:00
[2026-08-06T05:33:13.836+0000] {processor.py:208} INFO - Processing /home/airflow/.local/lib/python3.12/site-packages/airflow/example_dags/example_branch_datetime_operator.py took 0.201 seconds
[2026-08-06T05:33:44.516+0000] {processor.py:186} INFO - Started process (PID=157) to work on /home/airflow/.local/lib/python3.12/site-packages/airflow/example_dags/example_branch_datetime_operator.py
[2026-08-06T05:33:44.519+0000] {processor.py:914} INFO - Processing file /home/airflow/.local/lib/python3.12/site-packages/airflow/example_dags/example_branch_datetime_operator.py for tasks to queue
[2026-08-06T05:33:44.523+0000] {logging_mixin.py:190} INFO - [2026-08-06T05:33:44.522+0000] {dagbag.py:588} INFO - Filling up the DagBag from /home/airflow/.local/lib/python3.12/site-packages/airflow/example_dags/example_branch_datetime_operator.py
[2026-08-06T05:33:44.540+0000] {processor.py:925} INFO - DAG(s) 'example_branch_datetime_operator_3', 'example_branch_datetime_operator', 'example_branch_datetime_operator_2' retrieved from /home/airflow/.local/lib/python3.12/site-packages/airflow/example_dags/example_branch_datetime_operator.py
[2026-08-06T05:33:44.588+0000] {logging_mixin.py:190} INFO - [2026-08-06T05:33:44.587+0000] {dag.py:3239} INFO - Sync 3 DAGs
[2026-08-06T05:33:44.628+0000] {logging_mixin.py:190} INFO - [2026-08-06T05:33:44.627+0000] {dag.py:4180} INFO - Setting next_dagrun for example_branch_datetime_operator to 2026-08-05 00:00:00+00:00, run_after=2026-08-06 00:00:00+00:00
[2026-08-06T05:33:44.637+0000] {logging_mixin.py:190} INFO - [2026-08-06T05:33:44.637+0000] {dag.py:4180} INFO - Setting next_dagrun for example_branch_datetime_operator_2 to 2026-08-05 00:00:00+00:00, run_after=2026-08-06 00:00:00+00:00
[2026-08-06T05:33:44.647+0000] {logging_mixin.py:190} INFO - [2026-08-06T05:33:44.646+0000] {dag.py:4180} INFO - Setting next_dagrun for example_branch_datetime_operator_3 to 2026-08-05 00:00:00+00:00, run_after=2026-08-06 00:00:00+00:00
[2026-08-06T05:33:44.676+0000] {processor.py:208} INFO - Processing /home/airflow/.local/lib/python3.12/site-packages/airflow/example_dags/example_branch_datetime_operator.py took 0.167 seconds
[2026-08-06T05:34:15.150+0000] {processor.py:186} INFO - Started process (PID=220) to work on /home/airflow/.local/lib/python3.12/site-packages/airflow/example_dags/example_branch_datetime_operator.py
[2026-08-06T05:34:15.153+0000] {processor.py:914} INFO - Processing file /home/airflow/.local/lib/python3.12/site-packages/airflow/example_dags/example_branch_datetime_operator.py for tasks to queue
[2026-08-06T05:34:15.156+0000] {logging_mixin.py:190} INFO - [2026-08-06T05:34:15.156+0000] {dagbag.py:588} INFO - Filling up the DagBag from /home/airflow/.local/lib/python3.12/site-packages/airflow/example_dags/example_branch_datetime_operator.py
[2026-08-06T05:34:15.176+0000] {processor.py:925} INFO - DAG(s) 'example_branch_datetime_operator_3', 'example_branch_datetime_operator', 'example_branch_datetime_operator_2' retrieved from /home/airflow/.local/lib/python3.12/site-packages/airflow/example_dags/example_branch_datetime_operator.py
[2026-08-06T05:34:15.223+0000] {logging_mixin.py:190} INFO - [2026-08-06T05:34:15.222+0000] {dag.py:3239} INFO - Sync 3 DAGs
[2026-08-06T05:34:15.264+0000] {logging_mixin.py:190} INFO - [2026-08-06T05:34:15.264+0000] {dag.py:4180} INFO - Setting next_dagrun for example_branch_datetime_operator to 2026-08-05 00:00:00+00:00, run_after=2026-08-06 00:00:00+00:00
[2026-08-06T05:34:15.272+0000] {logging_mixin.py:190} INFO - [2026-08-06T05:34:15.272+0000] {dag.py:4180} INFO - Setting next_dagrun for example_branch_datetime_operator_2 to 2026-08-05 00:00:00+00:00, run_after=2026-08-06 00:00:00+00:00
[2026-08-06T05:34:15.280+0000] {logging_mixin.py:190} INFO - [2026-08-06T05:34:15.279+0000] {dag.py:4180} INFO - Setting next_dagrun for example_branch_datetime_operator_3 to 2026-08-05 00:00:00+00:00, run_after=2026-08-06 00:00:00+00:00
[2026-08-06T05:34:15.313+0000] {processor.py:208} INFO - Processing /home/airflow/.local/lib/python3.12/site-packages/airflow/example_dags/example_branch_datetime_operator.py took 0.175 seconds
[2026-08-06T05:34:46.638+0000] {processor.py:186} INFO - Started process (PID=283) to work on /home/airflow/.local/lib/python3.12/site-packages/airflow/example_dags/example_branch_datetime_operator.py
[2026-08-06T05:34:46.641+0000] {processor.py:914} INFO - Processing file /home/airflow/.local/lib/python3.12/site-packages/airflow/example_dags/example_branch_datetime_operator.py for tasks to queue
[2026-08-06T05:34:46.646+0000] {logging_mixin.py:190} INFO - [2026-08-06T05:34:46.645+0000] {dagbag.py:588} INFO - Filling up the DagBag from /home/airflow/.local/lib/python3.12/site-packages/airflow/example_dags/example_branch_datetime_operator.py
[2026-08-06T05:34:46.663+0000] {processor.py:925} INFO - DAG(s) 'example_branch_datetime_operator_2', 'example_branch_datetime_operator', 'example_branch_datetime_operator_3' retrieved from /home/airflow/.local/lib/python3.12/site-packages/airflow/example_dags/example_branch_datetime_operator.py
[2026-08-06T05:34:46.709+0000] {logging_mixin.py:190} INFO - [2026-08-06T05:34:46.708+0000] {dag.py:3239} INFO - Sync 3 DAGs
[2026-08-06T05:34:46.743+0000] {logging_mixin.py:190} INFO - [2026-08-06T05:34:46.743+0000] {dag.py:4180} INFO - Setting next_dagrun for example_branch_datetime_operator to 2026-08-05 00:00:00+00:00, run_after=2026-08-06 00:00:00+00:00
[2026-08-06T05:34:46.751+0000] {logging_mixin.py:190} INFO - [2026-08-06T05:34:46.751+0000] {dag.py:4180} INFO - Setting next_dagrun for example_branch_datetime_operator_2 to 2026-08-05 00:00:00+00:00, run_after=2026-08-06 00:00:00+00:00
[2026-08-06T05:34:46.757+0000] {logging_mixin.py:190} INFO - [2026-08-06T05:34:46.756+0000] {dag.py:4180} INFO - Setting next_dagrun for example_branch_datetime_operator_3 to 2026-08-05 00:00:00+00:00, run_after=2026-08-06 00:00:00+00:00
[2026-08-06T05:34:46.802+0000] {processor.py:208} INFO - Processing /home/airflow/.local/lib/python3.12/site-packages/airflow/example_dags/example_branch_datetime_operator.py took 0.173 seconds
[2026-08-06T05:35:18.121+0000] {processor.py:186} INFO - Started process (PID=346) to work on /home/airflow/.local/lib/python3.12/site-packages/airflow/example_dags/example_branch_datetime_operator.py
[2026-08-06T05:35:18.123+0000] {processor.py:914} INFO - Processing file /home/airflow/.local/lib/python3.12/site-packages/airflow/example_dags/example_branch_datetime_operator.py for tasks to queue
[2026-08-06T05:35:18.126+0000] {logging_mixin.py:190} INFO - [2026-08-06T05:35:18.125+0000] {dagbag.py:588} INFO - Filling up the DagBag from /home/airflow/.local/lib/python3.12/site-packages/airflow/example_dags/example_branch_datetime_operator.py
[2026-08-06T05:35:18.141+0000] {processor.py:925} INFO - DAG(s) 'example_branch_datetime_operator_2', 'example_branch_datetime_operator_3', 'example_branch_datetime_operator' retrieved from /home/airflow/.local/lib/python3.12/site-packages/airflow/example_dags/example_branch_datetime_operator.py
[2026-08-06T05:35:18.174+0000] {logging_mixin.py:190} INFO - [2026-08-06T05:35:18.173+0000] {dag.py:3239} INFO - Sync 3 DAGs
[2026-08-06T05:35:18.208+0000] {logging_mixin.py:190} INFO - [2026-08-06T05:35:18.207+0000] {dag.py:4180} INFO - Setting next_dagrun for example_branch_datetime_operator to 2026-08-05 00:00:00+00:00, run_after=2026-08-06 00:00:00+00:00
[2026-08-06T05:35:18.216+0000] {logging_mixin.py:190} INFO - [2026-08-06T05:35:18.215+0000] {dag.py:4180} INFO - Setting next_dagrun for example_branch_datetime_operator_2 to 2026-08-05 00:00:00+00:00, run_after=2026-08-06 00:00:00+00:00
[2026-08-06T05:35:18.219+0000] {logging_mixin.py:190} INFO - [2026-08-06T05:35:18.219+0000] {dag.py:4180} INFO - Setting next_dagrun for example_branch_datetime_operator_3 to 2026-08-05 00:00:00+00:00, run_after=2026-08-06 00:00:00+00:00
[2026-08-06T05:35:18.240+0000] {processor.py:208} INFO - Processing /home/airflow/.local/lib/python3.12/site-packages/airflow/example_dags/example_branch_datetime_operator.py took 0.126 seconds
[2026-08-06T05:37:02.473+0000] {processor.py:186} INFO - Started process (PID=101) to work on /home/airflow/.local/lib/python3.12/site-packages/airflow/example_dags/example_branch_datetime_operator.py
[2026-08-06T05:37:02.475+0000] {processor.py:914} INFO - Processing file /home/airflow/.local/lib/python3.12/site-packages/airflow/example_dags/example_branch_datetime_operator.py for tasks to queue
[2026-08-06T05:37:02.479+0000] {logging_mixin.py:190} INFO - [2026-08-06T05:37:02.478+0000] {dagbag.py:588} INFO - Filling up the DagBag from /home/airflow/.local/lib/python3.12/site-packages/airflow/example_dags/example_branch_datetime_operator.py
[2026-08-06T05:37:02.501+0000] {processor.py:925} INFO - DAG(s) 'example_branch_datetime_operator_3', 'example_branch_datetime_operator_2', 'example_branch_datetime_operator' retrieved from /home/airflow/.local/lib/python3.12/site-packages/airflow/example_dags/example_branch_datetime_operator.py
[2026-08-06T05:37:02.548+0000] {logging_mixin.py:190} INFO - [2026-08-06T05:37:02.548+0000] {dag.py:3239} INFO - Sync 3 DAGs
[2026-08-06T05:37:02.593+0000] {logging_mixin.py:190} INFO - [2026-08-06T05:37:02.592+0000] {dag.py:4180} INFO - Setting next_dagrun for example_branch_datetime_operator to 2026-08-05 00:00:00+00:00, run_after=2026-08-06 00:00:00+00:00
[2026-08-06T05:37:02.602+0000] {logging_mixin.py:190} INFO - [2026-08-06T05:37:02.602+0000] {dag.py:4180} INFO - Setting next_dagrun for example_branch_datetime_operator_2 to 2026-08-05 00:00:00+00:00, run_after=2026-08-06 00:00:00+00:00
[2026-08-06T05:37:02.608+0000] {logging_mixin.py:190} INFO - [2026-08-06T05:37:02.608+0000] {dag.py:4180} INFO - Setting next_dagrun for example_branch_datetime_operator_3 to 2026-08-05 00:00:00+00:00, run_after=2026-08-06 00:00:00+00:00
[2026-08-06T05:37:02.637+0000] {processor.py:208} INFO - Processing /home/airflow/.local/lib/python3.12/site-packages/airflow/example_dags/example_branch_datetime_operator.py took 0.174 seconds
[2026-08-06T05:37:32.980+0000] {processor.py:186} INFO - Started process (PID=164) to work on /home/airflow/.local/lib/python3.12/site-packages/airflow/example_dags/example_branch_datetime_operator.py
[2026-08-06T05:37:32.982+0000] {processor.py:914} INFO - Processing file /home/airflow/.local/lib/python3.12/site-packages/airflow/example_dags/example_branch_datetime_operator.py for tasks to queue
[2026-08-06T05:37:32.986+0000] {logging_mixin.py:190} INFO - [2026-08-06T05:37:32.985+0000] {dagbag.py:588} INFO - Filling up the DagBag from /home/airflow/.local/lib/python3.12/site-packages/airflow/example_dags/example_branch_datetime_operator.py
[2026-08-06T05:37:33.009+0000] {processor.py:925} INFO - DAG(s) 'example_branch_datetime_operator', 'example_branch_datetime_operator_2', 'example_branch_datetime_operator_3' retrieved from /home/airflow/.local/lib/python3.12/site-packages/airflow/example_dags/example_branch_datetime_operator.py
[2026-08-06T05:37:33.054+0000] {logging_mixin.py:190} INFO - [2026-08-06T05:37:33.053+0000] {dag.py:3239} INFO - Sync 3 DAGs
[2026-08-06T05:37:33.092+0000] {logging_mixin.py:190} INFO - [2026-08-06T05:37:33.092+0000] {dag.py:4180} INFO - Setting next_dagrun for example_branch_datetime_operator to 2026-08-05 00:00:00+00:00, run_after=2026-08-06 00:00:00+00:00
[2026-08-06T05:37:33.101+0000] {logging_mixin.py:190} INFO - [2026-08-06T05:37:33.100+0000] {dag.py:4180} INFO - Setting next_dagrun for example_branch_datetime_operator_2 to 2026-08-05 00:00:00+00:00, run_after=2026-08-06 00:00:00+00:00
[2026-08-06T05:37:33.105+0000] {logging_mixin.py:190} INFO - [2026-08-06T05:37:33.104+0000] {dag.py:4180} INFO - Setting next_dagrun for example_branch_datetime_operator_3 to 2026-08-05 00:00:00+00:00, run_after=2026-08-06 00:00:00+00:00
[2026-08-06T05:37:33.132+0000] {processor.py:208} INFO - Processing /home/airflow/.local/lib/python3.12/site-packages/airflow/example_dags/example_branch_datetime_operator.py took 0.159 seconds
[2026-08-06T05:38:03.974+0000] {processor.py:186} INFO - Started process (PID=228) to work on /home/airflow/.local/lib/python3.12/site-packages/airflow/example_dags/example_branch_datetime_operator.py
[2026-08-06T05:38:03.975+0000] {processor.py:914} INFO - Processing file /home/airflow/.local/lib/python3.12/site-packages/airflow/example_dags/example_branch_datetime_operator.py for tasks to queue
[2026-08-06T05:38:03.978+0000] {logging_mixin.py:190} INFO - [2026-08-06T05:38:03.978+0000] {dagbag.py:588} INFO - Filling up the DagBag from /home/airflow/.local/lib/python3.12/site-packages/airflow/example_dags/example_branch_datetime_operator.py
[2026-08-06T05:38:03.997+0000] {processor.py:925} INFO - DAG(s) 'example_branch_datetime_operator_2', 'example_branch_datetime_operator', 'example_branch_datetime_operator_3' retrieved from /home/airflow/.local/lib/python3.12/site-packages/airflow/example_dags/example_branch_datetime_operator.py
[2026-08-06T05:38:04.039+0000] {logging_mixin.py:190} INFO - [2026-08-06T05:38:04.039+0000] {dag.py:3239} INFO - Sync 3 DAGs
[2026-08-06T05:38:04.074+0000] {logging_mixin.py:190} INFO - [2026-08-06T05:38:04.073+0000] {dag.py:4180} INFO - Setting next_dagrun for example_branch_datetime_operator to 2026-08-05 00:00:00+00:00, run_after=2026-08-06 00:00:00+00:00
[2026-08-06T05:38:04.081+0000] {logging_mixin.py:190} INFO - [2026-08-06T05:38:04.080+0000] {dag.py:4180} INFO - Setting next_dagrun for example_branch_datetime_operator_2 to 2026-08-05 00:00:00+00:00, run_after=2026-08-06 00:00:00+00:00
[2026-08-06T05:38:04.091+0000] {logging_mixin.py:190} INFO - [2026-08-06T05:38:04.090+0000] {dag.py:4180} INFO - Setting next_dagrun for example_branch_datetime_operator_3 to 2026-08-05 00:00:00+00:00, run_after=2026-08-06 00:00:00+00:00
[2026-08-06T05:38:04.115+0000] {processor.py:208} INFO - Processing /home/airflow/.local/lib/python3.12/site-packages/airflow/example_dags/example_branch_datetime_operator.py took 0.151 seconds
[2026-08-06T05:38:39.626+0000] {processor.py:186} INFO - Started process (PID=300) to work on /home/airflow/.local/lib/python3.12/site-packages/airflow/example_dags/example_branch_datetime_operator.py
[2026-08-06T05:38:39.629+0000] {processor.py:914} INFO - Processing file /home/airflow/.local/lib/python3.12/site-packages/airflow/example_dags/example_branch_datetime_operator.py for tasks to queue
[2026-08-06T05:38:39.636+0000] {logging_mixin.py:190} INFO - [2026-08-06T05:38:39.635+0000] {dagbag.py:588} INFO - Filling up the DagBag from /home/airflow/.local/lib/python3.12/site-packages/airflow/example_dags/example_branch_datetime_operator.py
[2026-08-06T05:38:39.666+0000] {processor.py:925} INFO - DAG(s) 'example_branch_datetime_operator_3', 'example_branch_datetime_operator', 'example_branch_datetime_operator_2' retrieved from /home/airflow/.local/lib/python3.12/site-packages/airflow/example_dags/example_branch_datetime_operator.py
[2026-08-06T05:38:39.723+0000] {logging_mixin.py:190} INFO - [2026-08-06T05:38:39.722+0000] {dag.py:3239} INFO - Sync 3 DAGs
[2026-08-06T05:38:39.781+0000] {logging_mixin.py:190} INFO - [2026-08-06T05:38:39.781+0000] {dag.py:4180} INFO - Setting next_dagrun for example_branch_datetime_operator to 2026-08-05 00:00:00+00:00, run_after=2026-08-06 00:00:00+00:00
[2026-08-06T05:38:39.794+0000] {logging_mixin.py:190} INFO - [2026-08-06T05:38:39.793+0000] {dag.py:4180} INFO - Setting next_dagrun for example_branch_datetime_operator_2 to 2026-08-05 00:00:00+00:00, run_after=2026-08-06 00:00:00+00:00
[2026-08-06T05:38:39.799+0000] {logging_mixin.py:190} INFO - [2026-08-06T05:38:39.799+0000] {dag.py:4180} INFO - Setting next_dagrun for example_branch_datetime_operator_3 to 2026-08-05 00:00:00+00:00, run_after=2026-08-06 00:00:00+00:00
[2026-08-06T05:38:39.847+0000] {processor.py:208} INFO - Processing /home/airflow/.local/lib/python3.12/site-packages/airflow/example_dags/example_branch_datetime_operator.py took 0.231 seconds
[2026-08-06T05:39:10.064+0000] {processor.py:186} INFO - Started process (PID=371) to work on /home/airflow/.local/lib/python3.12/site-packages/airflow/example_dags/example_branch_datetime_operator.py
[2026-08-06T05:39:10.066+0000] {processor.py:914} INFO - Processing file /home/airflow/.local/lib/python3.12/site-packages/airflow/example_dags/example_branch_datetime_operator.py for tasks to queue
[2026-08-06T05:39:10.070+0000] {logging_mixin.py:190} INFO - [2026-08-06T05:39:10.069+0000] {dagbag.py:588} INFO - Filling up the DagBag from /home/airflow/.local/lib/python3.12/site-packages/airflow/example_dags/example_branch_datetime_operator.py
[2026-08-06T05:39:10.087+0000] {processor.py:925} INFO - DAG(s) 'example_branch_datetime_operator_3', 'example_branch_datetime_operator_2', 'example_branch_datetime_operator' retrieved from /home/airflow/.local/lib/python3.12/site-packages/airflow/example_dags/example_branch_datetime_operator.py
[2026-08-06T05:39:10.125+0000] {logging_mixin.py:190} INFO - [2026-08-06T05:39:10.124+0000] {dag.py:3239} INFO - Sync 3 DAGs
[2026-08-06T05:39:10.158+0000] {logging_mixin.py:190} INFO - [2026-08-06T05:39:10.158+0000] {dag.py:4180} INFO - Setting next_dagrun for example_branch_datetime_operator to 2026-08-05 00:00:00+00:00, run_after=2026-08-06 00:00:00+00:00
[2026-08-06T05:39:10.164+0000] {logging_mixin.py:190} INFO - [2026-08-06T05:39:10.164+0000] {dag.py:4180} INFO - Setting next_dagrun for example_branch_datetime_operator_2 to 2026-08-05 00:00:00+00:00, run_after=2026-08-06 00:00:00+00:00
[2026-08-06T05:39:10.168+0000] {logging_mixin.py:190} INFO - [2026-08-06T05:39:10.168+0000] {dag.py:4180} INFO - Setting next_dagrun for example_branch_datetime_operator_3 to 2026-08-05 00:00:00+00:00, run_after=2026-08-06 00:00:00+00:00
[2026-08-06T05:39:10.206+0000] {processor.py:208} INFO - Processing /home/airflow/.local/lib/python3.12/site-packages/airflow/example_dags/example_branch_datetime_operator.py took 0.149 seconds
[2026-08-06T05:39:44.131+0000] {processor.py:186} INFO - Started process (PID=436) to work on /home/airflow/.local/lib/python3.12/site-packages/airflow/example_dags/example_branch_datetime_operator.py
[2026-08-06T05:39:44.132+0000] {processor.py:914} INFO - Processing file /home/airflow/.local/lib/python3.12/site-packages/airflow/example_dags/example_branch_datetime_operator.py for tasks to queue
[2026-08-06T05:39:44.136+0000] {logging_mixin.py:190} INFO - [2026-08-06T05:39:44.135+0000] {dagbag.py:588} INFO - Filling up the DagBag from /home/airflow/.local/lib/python3.12/site-packages/airflow/example_dags/example_branch_datetime_operator.py
[2026-08-06T05:39:44.164+0000] {processor.py:925} INFO - DAG(s) 'example_branch_datetime_operator', 'example_branch_datetime_operator_2', 'example_branch_datetime_operator_3' retrieved from /home/airflow/.local/lib/python3.12/site-packages/airflow/example_dags/example_branch_datetime_operator.py
[2026-08-06T05:39:44.224+0000] {logging_mixin.py:190} INFO - [2026-08-06T05:39:44.223+0000] {dag.py:3239} INFO - Sync 3 DAGs
[2026-08-06T05:39:44.275+0000] {logging_mixin.py:190} INFO - [2026-08-06T05:39:44.275+0000] {dag.py:4180} INFO - Setting next_dagrun for example_branch_datetime_operator to 2026-08-05 00:00:00+00:00, run_after=2026-08-06 00:00:00+00:00
[2026-08-06T05:39:44.289+0000] {logging_mixin.py:190} INFO - [2026-08-06T05:39:44.289+0000] {dag.py:4180} INFO - Setting next_dagrun for example_branch_datetime_operator_2 to 2026-08-05 00:00:00+00:00, run_after=2026-08-06 00:00:00+00:00
[2026-08-06T05:39:44.296+0000] {logging_mixin.py:190} INFO - [2026-08-06T05:39:44.296+0000] {dag.py:4180} INFO - Setting next_dagrun for example_branch_datetime_operator_3 to 2026-08-05 00:00:00+00:00, run_after=2026-08-06 00:00:00+00:00
[2026-08-06T05:39:44.372+0000] {processor.py:208} INFO - Processing /home/airflow/.local/lib/python3.12/site-packages/airflow/example_dags/example_branch_datetime_operator.py took 0.253 seconds
[2026-08-06T05:40:14.976+0000] {processor.py:186} INFO - Started process (PID=499) to work on /home/airflow/.local/lib/python3.12/site-packages/airflow/example_dags/example_branch_datetime_operator.py
[2026-08-06T05:40:14.978+0000] {processor.py:914} INFO - Processing file /home/airflow/.local/lib/python3.12/site-packages/airflow/example_dags/example_branch_datetime_operator.py for tasks to queue
[2026-08-06T05:40:14.982+0000] {logging_mixin.py:190} INFO - [2026-08-06T05:40:14.981+0000] {dagbag.py:588} INFO - Filling up the DagBag from /home/airflow/.local/lib/python3.12/site-packages/airflow/example_dags/example_branch_datetime_operator.py
[2026-08-06T05:40:15.003+0000] {processor.py:925} INFO - DAG(s) 'example_branch_datetime_operator', 'example_branch_datetime_operator_3', 'example_branch_datetime_operator_2' retrieved from /home/airflow/.local/lib/python3.12/site-packages/airflow/example_dags/example_branch_datetime_operator.py
[2026-08-06T05:40:15.081+0000] {logging_mixin.py:190} INFO - [2026-08-06T05:40:15.080+0000] {dag.py:3239} INFO - Sync 3 DAGs
[2026-08-06T05:40:15.128+0000] {logging_mixin.py:190} INFO - [2026-08-06T05:40:15.128+0000] {dag.py:4180} INFO - Setting next_dagrun for example_branch_datetime_operator to 2026-08-05 00:00:00+00:00, run_after=2026-08-06 00:00:00+00:00
[2026-08-06T05:40:15.139+0000] {logging_mixin.py:190} INFO - [2026-08-06T05:40:15.138+0000] {dag.py:4180} INFO - Setting next_dagrun for example_branch_datetime_operator_2 to 2026-08-05 00:00:00+00:00, run_after=2026-08-06 00:00:00+00:00
[2026-08-06T05:40:15.143+0000] {logging_mixin.py:190} INFO - [2026-08-06T05:40:15.143+0000] {dag.py:4180} INFO - Setting next_dagrun for example_branch_datetime_operator_3 to 2026-08-05 00:00:00+00:00, run_after=2026-08-06 00:00:00+00:00
[2026-08-06T05:40:15.177+0000] {processor.py:208} INFO - Processing /home/airflow/.local/lib/python3.12/site-packages/airflow/example_dags/example_branch_datetime_operator.py took 0.212 seconds
[2026-08-06T05:40:46.040+0000] {processor.py:186} INFO - Started process (PID=563) to work on /home/airflow/.local/lib/python3.12/site-packages/airflow/example_dags/example_branch_datetime_operator.py
[2026-08-06T05:40:46.087+0000] {processor.py:914} INFO - Processing file /home/airflow/.local/lib/python3.12/site-packages/airflow/example_dags/example_branch_datetime_operator.py for tasks to queue
[2026-08-06T05:40:46.261+0000] {logging_mixin.py:190} INFO - [2026-08-06T05:40:46.260+0000] {dagbag.py:588} INFO - Filling up the DagBag from /home/airflow/.local/lib/python3.12/site-packages/airflow/example_dags/example_branch_datetime_operator.py
[2026-08-06T05:40:46.297+0000] {processor.py:925} INFO - DAG(s) 'example_branch_datetime_operator_3', 'example_branch_datetime_operator', 'example_branch_datetime_operator_2' retrieved from /home/airflow/.local/lib/python3.12/site-packages/airflow/example_dags/example_branch_datetime_operator.py
[2026-08-06T05:40:46.631+0000] {logging_mixin.py:190} INFO - [2026-08-06T05:40:46.630+0000] {dag.py:3239} INFO - Sync 3 DAGs
[2026-08-06T05:40:47.317+0000] {logging_mixin.py:190} INFO - [2026-08-06T05:40:47.316+0000] {dag.py:4180} INFO - Setting next_dagrun for example_branch_datetime_operator to 2026-08-05 00:00:00+00:00, run_after=2026-08-06 00:00:00+00:00
[2026-08-06T05:40:47.345+0000] {logging_mixin.py:190} INFO - [2026-08-06T05:40:47.345+0000] {dag.py:4180} INFO - Setting next_dagrun for example_branch_datetime_operator_2 to 2026-08-05 00:00:00+00:00, run_after=2026-08-06 00:00:00+00:00
[2026-08-06T05:40:47.357+0000] {logging_mixin.py:190} INFO - [2026-08-06T05:40:47.356+0000] {dag.py:4180} INFO - Setting next_dagrun for example_branch_datetime_operator_3 to 2026-08-05 00:00:00+00:00, run_after=2026-08-06 00:00:00+00:00
[2026-08-06T05:40:47.399+0000] {processor.py:208} INFO - Processing /home/airflow/.local/lib/python3.12/site-packages/airflow/example_dags/example_branch_datetime_operator.py took 1.381 seconds
[2026-08-06T05:41:17.923+0000] {processor.py:186} INFO - Started process (PID=627) to work on /home/airflow/.local/lib/python3.12/site-packages/airflow/example_dags/example_branch_datetime_operator.py
[2026-08-06T05:41:17.927+0000] {processor.py:914} INFO - Processing file /home/airflow/.local/lib/python3.12/site-packages/airflow/example_dags/example_branch_datetime_operator.py for tasks to queue
[2026-08-06T05:41:17.938+0000] {logging_mixin.py:190} INFO - [2026-08-06T05:41:17.936+0000] {dagbag.py:588} INFO - Filling up the DagBag from /home/airflow/.local/lib/python3.12/site-packages/airflow/example_dags/example_branch_datetime_operator.py
[2026-08-06T05:41:17.987+0000] {processor.py:925} INFO - DAG(s) 'example_branch_datetime_operator', 'example_branch_datetime_operator_3', 'example_branch_datetime_operator_2' retrieved from /home/airflow/.local/lib/python3.12/site-packages/airflow/example_dags/example_branch_datetime_operator.py
[2026-08-06T05:41:18.074+0000] {logging_mixin.py:190} INFO - [2026-08-06T05:41:18.074+0000] {dag.py:3239} INFO - Sync 3 DAGs
[2026-08-06T05:41:18.114+0000] {logging_mixin.py:190} INFO - [2026-08-06T05:41:18.114+0000] {dag.py:4180} INFO - Setting next_dagrun for example_branch_datetime_operator to 2026-08-05 00:00:00+00:00, run_after=2026-08-06 00:00:00+00:00
[2026-08-06T05:41:18.130+0000] {logging_mixin.py:190} INFO - [2026-08-06T05:41:18.130+0000] {dag.py:4180} INFO - Setting next_dagrun for example_branch_datetime_operator_2 to 2026-08-05 00:00:00+00:00, run_after=2026-08-06 00:00:00+00:00
[2026-08-06T05:41:18.135+0000] {logging_mixin.py:190} INFO - [2026-08-06T05:41:18.135+0000] {dag.py:4180} INFO - Setting next_dagrun for example_branch_datetime_operator_3 to 2026-08-05 00:00:00+00:00, run_after=2026-08-06 00:00:00+00:00
[2026-08-06T05:41:18.163+0000] {processor.py:208} INFO - Processing /home/airflow/.local/lib/python3.12/site-packages/airflow/example_dags/example_branch_datetime_operator.py took 0.265 seconds
[2026-08-06T05:41:48.785+0000] {processor.py:186} INFO - Started process (PID=691) to work on /home/airflow/.local/lib/python3.12/site-packages/airflow/example_dags/example_branch_datetime_operator.py
[2026-08-06T05:41:48.787+0000] {processor.py:914} INFO - Processing file /home/airflow/.local/lib/python3.12/site-packages/airflow/example_dags/example_branch_datetime_operator.py for tasks to queue
[2026-08-06T05:41:48.790+0000] {logging_mixin.py:190} INFO - [2026-08-06T05:41:48.790+0000] {dagbag.py:588} INFO - Filling up the DagBag from /home/airflow/.local/lib/python3.12/site-packages/airflow/example_dags/example_branch_datetime_operator.py
[2026-08-06T05:41:48.809+0000] {processor.py:925} INFO - DAG(s) 'example_branch_datetime_operator_3', 'example_branch_datetime_operator', 'example_branch_datetime_operator_2' retrieved from /home/airflow/.local/lib/python3.12/site-packages/airflow/example_dags/example_branch_datetime_operator.py
[2026-08-06T05:41:48.847+0000] {logging_mixin.py:190} INFO - [2026-08-06T05:41:48.846+0000] {dag.py:3239} INFO - Sync 3 DAGs
[2026-08-06T05:41:48.898+0000] {logging_mixin.py:190} INFO - [2026-08-06T05:41:48.897+0000] {dag.py:4180} INFO - Setting next_dagrun for example_branch_datetime_operator to 2026-08-05 00:00:00+00:00, run_after=2026-08-06 00:00:00+00:00
[2026-08-06T05:41:48.909+0000] {logging_mixin.py:190} INFO - [2026-08-06T05:41:48.909+0000] {dag.py:4180} INFO - Setting next_dagrun for example_branch_datetime_operator_2 to 2026-08-05 00:00:00+00:00, run_after=2026-08-06 00:00:00+00:00
[2026-08-06T05:41:48.914+0000] {logging_mixin.py:190} INFO - [2026-08-06T05:41:48.913+0000] {dag.py:4180} INFO - Setting next_dagrun for example_branch_datetime_operator_3 to 2026-08-05 00:00:00+00:00, run_after=2026-08-06 00:00:00+00:00
[2026-08-06T05:41:48.985+0000] {processor.py:208} INFO - Processing /home/airflow/.local/lib/python3.12/site-packages/airflow/example_dags/example_branch_datetime_operator.py took 0.208 seconds
[2026-08-06T05:42:20.251+0000] {processor.py:186} INFO - Started process (PID=755) to work on /home/airflow/.local/lib/python3.12/site-packages/airflow/example_dags/example_branch_datetime_operator.py
[2026-08-06T05:42:20.260+0000] {processor.py:914} INFO - Processing file /home/airflow/.local/lib/python3.12/site-packages/airflow/example_dags/example_branch_datetime_operator.py for tasks to queue
[2026-08-06T05:42:20.264+0000] {logging_mixin.py:190} INFO - [2026-08-06T05:42:20.264+0000] {dagbag.py:588} INFO - Filling up the DagBag from /home/airflow/.local/lib/python3.12/site-packages/airflow/example_dags/example_branch_datetime_operator.py
[2026-08-06T05:42:20.287+0000] {processor.py:925} INFO - DAG(s) 'example_branch_datetime_operator', 'example_branch_datetime_operator_3', 'example_branch_datetime_operator_2' retrieved from /home/airflow/.local/lib/python3.12/site-packages/airflow/example_dags/example_branch_datetime_operator.py
[2026-08-06T05:42:20.342+0000] {logging_mixin.py:190} INFO - [2026-08-06T05:42:20.341+0000] {dag.py:3239} INFO - Sync 3 DAGs
[2026-08-06T05:42:20.384+0000] {logging_mixin.py:190} INFO - [2026-08-06T05:42:20.383+0000] {dag.py:4180} INFO - Setting next_dagrun for example_branch_datetime_operator to 2026-08-05 00:00:00+00:00, run_after=2026-08-06 00:00:00+00:00
[2026-08-06T05:42:20.391+0000] {logging_mixin.py:190} INFO - [2026-08-06T05:42:20.391+0000] {dag.py:4180} INFO - Setting next_dagrun for example_branch_datetime_operator_2 to 2026-08-05 00:00:00+00:00, run_after=2026-08-06 00:00:00+00:00
[2026-08-06T05:42:20.397+0000] {logging_mixin.py:190} INFO - [2026-08-06T05:42:20.397+0000] {dag.py:4180} INFO - Setting next_dagrun for example_branch_datetime_operator_3 to 2026-08-05 00:00:00+00:00, run_after=2026-08-06 00:00:00+00:00
[2026-08-06T05:42:20.439+0000] {processor.py:208} INFO - Processing /home/airflow/.local/lib/python3.12/site-packages/airflow/example_dags/example_branch_datetime_operator.py took 0.196 seconds
[2026-08-06T05:42:54.060+0000] {processor.py:186} INFO - Started process (PID=825) to work on /home/airflow/.local/lib/python3.12/site-packages/airflow/example_dags/example_branch_datetime_operator.py
[2026-08-06T05:42:54.062+0000] {processor.py:914} INFO - Processing file /home/airflow/.local/lib/python3.12/site-packages/airflow/example_dags/example_branch_datetime_operator.py for tasks to queue
[2026-08-06T05:42:54.068+0000] {logging_mixin.py:190} INFO - [2026-08-06T05:42:54.068+0000] {dagbag.py:588} INFO - Filling up the DagBag from /home/airflow/.local/lib/python3.12/site-packages/airflow/example_dags/example_branch_datetime_operator.py
[2026-08-06T05:42:54.087+0000] {processor.py:925} INFO - DAG(s) 'example_branch_datetime_operator_3', 'example_branch_datetime_operator_2', 'example_branch_datetime_operator' retrieved from /home/airflow/.local/lib/python3.12/site-packages/airflow/example_dags/example_branch_datetime_operator.py
[2026-08-06T05:42:54.130+0000] {logging_mixin.py:190} INFO - [2026-08-06T05:42:54.129+0000] {dag.py:3239} INFO - Sync 3 DAGs
[2026-08-06T05:42:54.166+0000] {logging_mixin.py:190} INFO - [2026-08-06T05:42:54.165+0000] {dag.py:4180} INFO - Setting next_dagrun for example_branch_datetime_operator to 2026-08-05 00:00:00+00:00, run_after=2026-08-06 00:00:00+00:00
[2026-08-06T05:42:54.175+0000] {logging_mixin.py:190} INFO - [2026-08-06T05:42:54.174+0000] {dag.py:4180} INFO - Setting next_dagrun for example_branch_datetime_operator_2 to 2026-08-05 00:00:00+00:00, run_after=2026-08-06 00:00:00+00:00
[2026-08-06T05:42:54.178+0000] {logging_mixin.py:190} INFO - [2026-08-06T05:42:54.178+0000] {dag.py:4180} INFO - Setting next_dagrun for example_branch_datetime_operator_3 to 2026-08-05 00:00:00+00:00, run_after=2026-08-06 00:00:00+00:00
[2026-08-06T05:42:54.207+0000] {processor.py:208} INFO - Processing /home/airflow/.local/lib/python3.12/site-packages/airflow/example_dags/example_branch_datetime_operator.py took 0.159 seconds
[2026-08-06T05:43:24.714+0000] {processor.py:186} INFO - Started process (PID=889) to work on /home/airflow/.local/lib/python3.12/site-packages/airflow/example_dags/example_branch_datetime_operator.py
[2026-08-06T05:43:24.717+0000] {processor.py:914} INFO - Processing file /home/airflow/.local/lib/python3.12/site-packages/airflow/example_dags/example_branch_datetime_operator.py for tasks to queue
[2026-08-06T05:43:24.722+0000] {logging_mixin.py:190} INFO - [2026-08-06T05:43:24.722+0000] {dagbag.py:588} INFO - Filling up the DagBag from /home/airflow/.local/lib/python3.12/site-packages/airflow/example_dags/example_branch_datetime_operator.py
[2026-08-06T05:43:24.740+0000] {processor.py:925} INFO - DAG(s) 'example_branch_datetime_operator', 'example_branch_datetime_operator_3', 'example_branch_datetime_operator_2' retrieved from /home/airflow/.local/lib/python3.12/site-packages/airflow/example_dags/example_branch_datetime_operator.py
[2026-08-06T05:43:24.780+0000] {logging_mixin.py:190} INFO - [2026-08-06T05:43:24.779+0000] {dag.py:3239} INFO - Sync 3 DAGs
[2026-08-06T05:43:24.817+0000] {logging_mixin.py:190} INFO - [2026-08-06T05:43:24.816+0000] {dag.py:4180} INFO - Setting next_dagrun for example_branch_datetime_operator to 2026-08-05 00:00:00+00:00, run_after=2026-08-06 00:00:00+00:00
[2026-08-06T05:43:24.825+0000] {logging_mixin.py:190} INFO - [2026-08-06T05:43:24.825+0000] {dag.py:4180} INFO - Setting next_dagrun for example_branch_datetime_operator_2 to 2026-08-05 00:00:00+00:00, run_after=2026-08-06 00:00:00+00:00
[2026-08-06T05:43:24.830+0000] {logging_mixin.py:190} INFO - [2026-08-06T05:43:24.829+0000] {dag.py:4180} INFO - Setting next_dagrun for example_branch_datetime_operator_3 to 2026-08-05 00:00:00+00:00, run_after=2026-08-06 00:00:00+00:00
[2026-08-06T05:43:24.862+0000] {processor.py:208} INFO - Processing /home/airflow/.local/lib/python3.12/site-packages/airflow/example_dags/example_branch_datetime_operator.py took 0.162 seconds
[2026-08-06T05:43:56.190+0000] {processor.py:186} INFO - Started process (PID=968) to work on /home/airflow/.local/lib/python3.12/site-packages/airflow/example_dags/example_branch_datetime_operator.py
[2026-08-06T05:43:56.194+0000] {processor.py:914} INFO - Processing file /home/airflow/.local/lib/python3.12/site-packages/airflow/example_dags/example_branch_datetime_operator.py for tasks to queue
[2026-08-06T05:43:56.204+0000] {logging_mixin.py:190} INFO - [2026-08-06T05:43:56.203+0000] {dagbag.py:588} INFO - Filling up the DagBag from /home/airflow/.local/lib/python3.12/site-packages/airflow/example_dags/example_branch_datetime_operator.py
[2026-08-06T05:43:56.247+0000] {processor.py:925} INFO - DAG(s) 'example_branch_datetime_operator', 'example_branch_datetime_operator_3', 'example_branch_datetime_operator_2' retrieved from /home/airflow/.local/lib/python3.12/site-packages/airflow/example_dags/example_branch_datetime_operator.py
[2026-08-06T05:43:56.335+0000] {logging_mixin.py:190} INFO - [2026-08-06T05:43:56.334+0000] {dag.py:3239} INFO - Sync 3 DAGs
[2026-08-06T05:43:56.409+0000] {logging_mixin.py:190} INFO - [2026-08-06T05:43:56.408+0000] {dag.py:4180} INFO - Setting next_dagrun for example_branch_datetime_operator to 2026-08-05 00:00:00+00:00, run_after=2026-08-06 00:00:00+00:00
[2026-08-06T05:43:56.423+0000] {logging_mixin.py:190} INFO - [2026-08-06T05:43:56.422+0000] {dag.py:4180} INFO - Setting next_dagrun for example_branch_datetime_operator_2 to 2026-08-05 00:00:00+00:00, run_after=2026-08-06 00:00:00+00:00
[2026-08-06T05:43:56.430+0000] {logging_mixin.py:190} INFO - [2026-08-06T05:43:56.429+0000] {dag.py:4180} INFO - Setting next_dagrun for example_branch_datetime_operator_3 to 2026-08-05 00:00:00+00:00, run_after=2026-08-06 00:00:00+00:00
[2026-08-06T05:43:56.490+0000] {processor.py:208} INFO - Processing /home/airflow/.local/lib/python3.12/site-packages/airflow/example_dags/example_branch_datetime_operator.py took 0.324 seconds
[2026-08-06T05:44:27.888+0000] {processor.py:186} INFO - Started process (PID=1032) to work on /home/airflow/.local/lib/python3.12/site-packages/airflow/example_dags/example_branch_datetime_operator.py
[2026-08-06T05:44:27.891+0000] {processor.py:914} INFO - Processing file /home/airflow/.local/lib/python3.12/site-packages/airflow/example_dags/example_branch_datetime_operator.py for tasks to queue
[2026-08-06T05:44:27.899+0000] {logging_mixin.py:190} INFO - [2026-08-06T05:44:27.898+0000] {dagbag.py:588} INFO - Filling up the DagBag from /home/airflow/.local/lib/python3.12/site-packages/airflow/example_dags/example_branch_datetime_operator.py
[2026-08-06T05:44:27.919+0000] {processor.py:925} INFO - DAG(s) 'example_branch_datetime_operator_3', 'example_branch_datetime_operator_2', 'example_branch_datetime_operator' retrieved from /home/airflow/.local/lib/python3.12/site-packages/airflow/example_dags/example_branch_datetime_operator.py
[2026-08-06T05:44:27.973+0000] {logging_mixin.py:190} INFO - [2026-08-06T05:44:27.973+0000] {dag.py:3239} INFO - Sync 3 DAGs
[2026-08-06T05:44:28.029+0000] {logging_mixin.py:190} INFO - [2026-08-06T05:44:28.028+0000] {dag.py:4180} INFO - Setting next_dagrun for example_branch_datetime_operator to 2026-08-05 00:00:00+00:00, run_after=2026-08-06 00:00:00+00:00
[2026-08-06T05:44:28.041+0000] {logging_mixin.py:190} INFO - [2026-08-06T05:44:28.041+0000] {dag.py:4180} INFO - Setting next_dagrun for example_branch_datetime_operator_2 to 2026-08-05 00:00:00+00:00, run_after=2026-08-06 00:00:00+00:00
[2026-08-06T05:44:28.048+0000] {logging_mixin.py:190} INFO - [2026-08-06T05:44:28.047+0000] {dag.py:4180} INFO - Setting next_dagrun for example_branch_datetime_operator_3 to 2026-08-05 00:00:00+00:00, run_after=2026-08-06 00:00:00+00:00
[2026-08-06T05:44:28.084+0000] {processor.py:208} INFO - Processing /home/airflow/.local/lib/python3.12/site-packages/airflow/example_dags/example_branch_datetime_operator.py took 0.211 seconds
[2026-08-06T05:44:59.418+0000] {processor.py:186} INFO - Started process (PID=1095) to work on /home/airflow/.local/lib/python3.12/site-packages/airflow/example_dags/example_branch_datetime_operator.py
[2026-08-06T05:44:59.420+0000] {processor.py:914} INFO - Processing file /home/airflow/.local/lib/python3.12/site-packages/airflow/example_dags/example_branch_datetime_operator.py for tasks to queue
[2026-08-06T05:44:59.424+0000] {logging_mixin.py:190} INFO - [2026-08-06T05:44:59.423+0000] {dagbag.py:588} INFO - Filling up the DagBag from /home/airflow/.local/lib/python3.12/site-packages/airflow/example_dags/example_branch_datetime_operator.py
[2026-08-06T05:44:59.443+0000] {processor.py:925} INFO - DAG(s) 'example_branch_datetime_operator', 'example_branch_datetime_operator_2', 'example_branch_datetime_operator_3' retrieved from /home/airflow/.local/lib/python3.12/site-packages/airflow/example_dags/example_branch_datetime_operator.py
[2026-08-06T05:44:59.495+0000] {logging_mixin.py:190} INFO - [2026-08-06T05:44:59.495+0000] {dag.py:3239} INFO - Sync 3 DAGs
[2026-08-06T05:44:59.542+0000] {logging_mixin.py:190} INFO - [2026-08-06T05:44:59.542+0000] {dag.py:4180} INFO - Setting next_dagrun for example_branch_datetime_operator to 2026-08-05 00:00:00+00:00, run_after=2026-08-06 00:00:00+00:00
[2026-08-06T05:44:59.550+0000] {logging_mixin.py:190} INFO - [2026-08-06T05:44:59.550+0000] {dag.py:4180} INFO - Setting next_dagrun for example_branch_datetime_operator_2 to 2026-08-05 00:00:00+00:00, run_after=2026-08-06 00:00:00+00:00
[2026-08-06T05:44:59.555+0000] {logging_mixin.py:190} INFO - [2026-08-06T05:44:59.555+0000] {dag.py:4180} INFO - Setting next_dagrun for example_branch_datetime_operator_3 to 2026-08-05 00:00:00+00:00, run_after=2026-08-06 00:00:00+00:00
[2026-08-06T05:44:59.591+0000] {processor.py:208} INFO - Processing /home/airflow/.local/lib/python3.12/site-packages/airflow/example_dags/example_branch_datetime_operator.py took 0.181 seconds
[2026-08-06T05:45:30.335+0000] {processor.py:186} INFO - Started process (PID=1159) to work on /home/airflow/.local/lib/python3.12/site-packages/airflow/example_dags/example_branch_datetime_operator.py
[2026-08-06T05:45:30.336+0000] {processor.py:914} INFO - Processing file /home/airflow/.local/lib/python3.12/site-packages/airflow/example_dags/example_branch_datetime_operator.py for tasks to queue
[2026-08-06T05:45:30.341+0000] {logging_mixin.py:190} INFO - [2026-08-06T05:45:30.341+0000] {dagbag.py:588} INFO - Filling up the DagBag from /home/airflow/.local/lib/python3.12/site-packages/airflow/example_dags/example_branch_datetime_operator.py
[2026-08-06T05:45:30.364+0000] {processor.py:925} INFO - DAG(s) 'example_branch_datetime_operator', 'example_branch_datetime_operator_3', 'example_branch_datetime_operator_2' retrieved from /home/airflow/.local/lib/python3.12/site-packages/airflow/example_dags/example_branch_datetime_operator.py
[2026-08-06T05:45:30.409+0000] {logging_mixin.py:190} INFO - [2026-08-06T05:45:30.408+0000] {dag.py:3239} INFO - Sync 3 DAGs
[2026-08-06T05:45:30.451+0000] {logging_mixin.py:190} INFO - [2026-08-06T05:45:30.450+0000] {dag.py:4180} INFO - Setting next_dagrun for example_branch_datetime_operator to 2026-08-05 00:00:00+00:00, run_after=2026-08-06 00:00:00+00:00
[2026-08-06T05:45:30.461+0000] {logging_mixin.py:190} INFO - [2026-08-06T05:45:30.461+0000] {dag.py:4180} INFO - Setting next_dagrun for example_branch_datetime_operator_2 to 2026-08-05 00:00:00+00:00, run_after=2026-08-06 00:00:00+00:00
[2026-08-06T05:45:30.467+0000] {logging_mixin.py:190} INFO - [2026-08-06T05:45:30.466+0000] {dag.py:4180} INFO - Setting next_dagrun for example_branch_datetime_operator_3 to 2026-08-05 00:00:00+00:00, run_after=2026-08-06 00:00:00+00:00
[2026-08-06T05:45:30.507+0000] {processor.py:208} INFO - Processing /home/airflow/.local/lib/python3.12/site-packages/airflow/example_dags/example_branch_datetime_operator.py took 0.185 seconds
[2026-08-06T05:46:02.601+0000] {processor.py:186} INFO - Started process (PID=1223) to work on /home/airflow/.local/lib/python3.12/site-packages/airflow/example_dags/example_branch_datetime_operator.py
[2026-08-06T05:46:02.606+0000] {processor.py:914} INFO - Processing file /home/airflow/.local/lib/python3.12/site-packages/airflow/example_dags/example_branch_datetime_operator.py for tasks to queue
[2026-08-06T05:46:02.615+0000] {logging_mixin.py:190} INFO - [2026-08-06T05:46:02.615+0000] {dagbag.py:588} INFO - Filling up the DagBag from /home/airflow/.local/lib/python3.12/site-packages/airflow/example_dags/example_branch_datetime_operator.py
[2026-08-06T05:46:02.655+0000] {processor.py:925} INFO - DAG(s) 'example_branch_datetime_operator_2', 'example_branch_datetime_operator', 'example_branch_datetime_operator_3' retrieved from /home/airflow/.local/lib/python3.12/site-packages/airflow/example_dags/example_branch_datetime_operator.py
[2026-08-06T05:46:02.743+0000] {logging_mixin.py:190} INFO - [2026-08-06T05:46:02.742+0000] {dag.py:3239} INFO - Sync 3 DAGs
[2026-08-06T05:46:02.821+0000] {logging_mixin.py:190} INFO - [2026-08-06T05:46:02.821+0000] {dag.py:4180} INFO - Setting next_dagrun for example_branch_datetime_operator to 2026-08-05 00:00:00+00:00, run_after=2026-08-06 00:00:00+00:00
[2026-08-06T05:46:02.833+0000] {logging_mixin.py:190} INFO - [2026-08-06T05:46:02.833+0000] {dag.py:4180} INFO - Setting next_dagrun for example_branch_datetime_operator_2 to 2026-08-05 00:00:00+00:00, run_after=2026-08-06 00:00:00+00:00
[2026-08-06T05:46:02.845+0000] {logging_mixin.py:190} INFO - [2026-08-06T05:46:02.844+0000] {dag.py:4180} INFO - Setting next_dagrun for example_branch_datetime_operator_3 to 2026-08-05 00:00:00+00:00, run_after=2026-08-06 00:00:00+00:00
[2026-08-06T05:46:02.892+0000] {processor.py:208} INFO - Processing /home/airflow/.local/lib/python3.12/site-packages/airflow/example_dags/example_branch_datetime_operator.py took 0.303 seconds
[2026-08-06T05:46:34.752+0000] {processor.py:186} INFO - Started process (PID=1287) to work on /home/airflow/.local/lib/python3.12/site-packages/airflow/example_dags/example_branch_datetime_operator.py
[2026-08-06T05:46:34.755+0000] {processor.py:914} INFO - Processing file /home/airflow/.local/lib/python3.12/site-packages/airflow/example_dags/example_branch_datetime_operator.py for tasks to queue
[2026-08-06T05:46:34.760+0000] {logging_mixin.py:190} INFO - [2026-08-06T05:46:34.760+0000] {dagbag.py:588} INFO - Filling up the DagBag from /home/airflow/.local/lib/python3.12/site-packages/airflow/example_dags/example_branch_datetime_operator.py
[2026-08-06T05:46:34.779+0000] {processor.py:925} INFO - DAG(s) 'example_branch_datetime_operator_3', 'example_branch_datetime_operator_2', 'example_branch_datetime_operator' retrieved from /home/airflow/.local/lib/python3.12/site-packages/airflow/example_dags/example_branch_datetime_operator.py
[2026-08-06T05:46:34.821+0000] {logging_mixin.py:190} INFO - [2026-08-06T05:46:34.820+0000] {dag.py:3239} INFO - Sync 3 DAGs
[2026-08-06T05:46:34.858+0000] {logging_mixin.py:190} INFO - [2026-08-06T05:46:34.857+0000] {dag.py:4180} INFO - Setting next_dagrun for example_branch_datetime_operator to 2026-08-05 00:00:00+00:00, run_after=2026-08-06 00:00:00+00:00
[2026-08-06T05:46:34.866+0000] {logging_mixin.py:190} INFO - [2026-08-06T05:46:34.866+0000] {dag.py:4180} INFO - Setting next_dagrun for example_branch_datetime_operator_2 to 2026-08-05 00:00:00+00:00, run_after=2026-08-06 00:00:00+00:00
[2026-08-06T05:46:34.869+0000] {logging_mixin.py:190} INFO - [2026-08-06T05:46:34.869+0000] {dag.py:4180} INFO - Setting next_dagrun for example_branch_datetime_operator_3 to 2026-08-05 00:00:00+00:00, run_after=2026-08-06 00:00:00+00:00
[2026-08-06T05:46:34.901+0000] {processor.py:208} INFO - Processing /home/airflow/.local/lib/python3.12/site-packages/airflow/example_dags/example_branch_datetime_operator.py took 0.162 seconds
[2026-08-06T05:47:06.195+0000] {processor.py:186} INFO - Started process (PID=1351) to work on /home/airflow/.local/lib/python3.12/site-packages/airflow/example_dags/example_branch_datetime_operator.py
[2026-08-06T05:47:06.197+0000] {processor.py:914} INFO - Processing file /home/airflow/.local/lib/python3.12/site-packages/airflow/example_dags/example_branch_datetime_operator.py for tasks to queue
[2026-08-06T05:47:06.201+0000] {logging_mixin.py:190} INFO - [2026-08-06T05:47:06.201+0000] {dagbag.py:588} INFO - Filling up the DagBag from /home/airflow/.local/lib/python3.12/site-packages/airflow/example_dags/example_branch_datetime_operator.py
[2026-08-06T05:47:06.233+0000] {processor.py:925} INFO - DAG(s) 'example_branch_datetime_operator_2', 'example_branch_datetime_operator_3', 'example_branch_datetime_operator' retrieved from /home/airflow/.local/lib/python3.12/site-packages/airflow/example_dags/example_branch_datetime_operator.py
[2026-08-06T05:47:06.291+0000] {logging_mixin.py:190} INFO - [2026-08-06T05:47:06.291+0000] {dag.py:3239} INFO - Sync 3 DAGs
[2026-08-06T05:47:06.341+0000] {logging_mixin.py:190} INFO - [2026-08-06T05:47:06.340+0000] {dag.py:4180} INFO - Setting next_dagrun for example_branch_datetime_operator to 2026-08-05 00:00:00+00:00, run_after=2026-08-06 00:00:00+00:00
[2026-08-06T05:47:06.350+0000] {logging_mixin.py:190} INFO - [2026-08-06T05:47:06.350+0000] {dag.py:4180} INFO - Setting next_dagrun for example_branch_datetime_operator_2 to 2026-08-05 00:00:00+00:00, run_after=2026-08-06 00:00:00+00:00
[2026-08-06T05:47:06.356+0000] {logging_mixin.py:190} INFO - [2026-08-06T05:47:06.355+0000] {dag.py:4180} INFO - Setting next_dagrun for example_branch_datetime_operator_3 to 2026-08-05 00:00:00+00:00, run_after=2026-08-06 00:00:00+00:00
[2026-08-06T05:47:06.419+0000] {processor.py:208} INFO - Processing /home/airflow/.local/lib/python3.12/site-packages/airflow/example_dags/example_branch_datetime_operator.py took 0.234 seconds
[2026-08-06T05:47:37.233+0000] {processor.py:186} INFO - Started process (PID=1415) to work on /home/airflow/.local/lib/python3.12/site-packages/airflow/example_dags/example_branch_datetime_operator.py
[2026-08-06T05:47:37.235+0000] {processor.py:914} INFO - Processing file /home/airflow/.local/lib/python3.12/site-packages/airflow/example_dags/example_branch_datetime_operator.py for tasks to queue
[2026-08-06T05:47:37.239+0000] {logging_mixin.py:190} INFO - [2026-08-06T05:47:37.239+0000] {dagbag.py:588} INFO - Filling up the DagBag from /home/airflow/.local/lib/python3.12/site-packages/airflow/example_dags/example_branch_datetime_operator.py
[2026-08-06T05:47:37.258+0000] {processor.py:925} INFO - DAG(s) 'example_branch_datetime_operator_3', 'example_branch_datetime_operator_2', 'example_branch_datetime_operator' retrieved from /home/airflow/.local/lib/python3.12/site-packages/airflow/example_dags/example_branch_datetime_operator.py
[2026-08-06T05:47:37.300+0000] {logging_mixin.py:190} INFO - [2026-08-06T05:47:37.300+0000] {dag.py:3239} INFO - Sync 3 DAGs
[2026-08-06T05:47:37.355+0000] {logging_mixin.py:190} INFO - [2026-08-06T05:47:37.354+0000] {dag.py:4180} INFO - Setting next_dagrun for example_branch_datetime_operator to 2026-08-05 00:00:00+00:00, run_after=2026-08-06 00:00:00+00:00
[2026-08-06T05:47:37.363+0000] {logging_mixin.py:190} INFO - [2026-08-06T05:47:37.362+0000] {dag.py:4180} INFO - Setting next_dagrun for example_branch_datetime_operator_2 to 2026-08-05 00:00:00+00:00, run_after=2026-08-06 00:00:00+00:00
[2026-08-06T05:47:37.367+0000] {logging_mixin.py:190} INFO - [2026-08-06T05:47:37.367+0000] {dag.py:4180} INFO - Setting next_dagrun for example_branch_datetime_operator_3 to 2026-08-05 00:00:00+00:00, run_after=2026-08-06 00:00:00+00:00
[2026-08-06T05:47:37.398+0000] {processor.py:208} INFO - Processing /home/airflow/.local/lib/python3.12/site-packages/airflow/example_dags/example_branch_datetime_operator.py took 0.179 seconds
[2026-08-06T05:48:07.819+0000] {processor.py:186} INFO - Started process (PID=1479) to work on /home/airflow/.local/lib/python3.12/site-packages/airflow/example_dags/example_branch_datetime_operator.py
[2026-08-06T05:48:07.821+0000] {processor.py:914} INFO - Processing file /home/airflow/.local/lib/python3.12/site-packages/airflow/example_dags/example_branch_datetime_operator.py for tasks to queue
[2026-08-06T05:48:07.824+0000] {logging_mixin.py:190} INFO - [2026-08-06T05:48:07.824+0000] {dagbag.py:588} INFO - Filling up the DagBag from /home/airflow/.local/lib/python3.12/site-packages/airflow/example_dags/example_branch_datetime_operator.py
[2026-08-06T05:48:07.842+0000] {processor.py:925} INFO - DAG(s) 'example_branch_datetime_operator', 'example_branch_datetime_operator_3', 'example_branch_datetime_operator_2' retrieved from /home/airflow/.local/lib/python3.12/site-packages/airflow/example_dags/example_branch_datetime_operator.py
[2026-08-06T05:48:07.903+0000] {logging_mixin.py:190} INFO - [2026-08-06T05:48:07.902+0000] {dag.py:3239} INFO - Sync 3 DAGs
[2026-08-06T05:48:07.965+0000] {logging_mixin.py:190} INFO - [2026-08-06T05:48:07.965+0000] {dag.py:4180} INFO - Setting next_dagrun for example_branch_datetime_operator to 2026-08-05 00:00:00+00:00, run_after=2026-08-06 00:00:00+00:00
[2026-08-06T05:48:07.977+0000] {logging_mixin.py:190} INFO - [2026-08-06T05:48:07.977+0000] {dag.py:4180} INFO - Setting next_dagrun for example_branch_datetime_operator_2 to 2026-08-05 00:00:00+00:00, run_after=2026-08-06 00:00:00+00:00
[2026-08-06T05:48:07.983+0000] {logging_mixin.py:190} INFO - [2026-08-06T05:48:07.982+0000] {dag.py:4180} INFO - Setting next_dagrun for example_branch_datetime_operator_3 to 2026-08-05 00:00:00+00:00, run_after=2026-08-06 00:00:00+00:00
[2026-08-06T05:48:08.016+0000] {processor.py:208} INFO - Processing /home/airflow/.local/lib/python3.12/site-packages/airflow/example_dags/example_branch_datetime_operator.py took 0.207 seconds
[2026-08-06T05:48:40.103+0000] {processor.py:186} INFO - Started process (PID=1543) to work on /home/airflow/.local/lib/python3.12/site-packages/airflow/example_dags/example_branch_datetime_operator.py
[2026-08-06T05:48:40.111+0000] {processor.py:914} INFO - Processing file /home/airflow/.local/lib/python3.12/site-packages/airflow/example_dags/example_branch_datetime_operator.py for tasks to queue
[2026-08-06T05:48:40.129+0000] {logging_mixin.py:190} INFO - [2026-08-06T05:48:40.127+0000] {dagbag.py:588} INFO - Filling up the DagBag from /home/airflow/.local/lib/python3.12/site-packages/airflow/example_dags/example_branch_datetime_operator.py
[2026-08-06T05:48:40.195+0000] {processor.py:925} INFO - DAG(s) 'example_branch_datetime_operator_3', 'example_branch_datetime_operator_2', 'example_branch_datetime_operator' retrieved from /home/airflow/.local/lib/python3.12/site-packages/airflow/example_dags/example_branch_datetime_operator.py
[2026-08-06T05:48:40.290+0000] {logging_mixin.py:190} INFO - [2026-08-06T05:48:40.290+0000] {dag.py:3239} INFO - Sync 3 DAGs
[2026-08-06T05:48:40.360+0000] {logging_mixin.py:190} INFO - [2026-08-06T05:48:40.360+0000] {dag.py:4180} INFO - Setting next_dagrun for example_branch_datetime_operator to 2026-08-05 00:00:00+00:00, run_after=2026-08-06 00:00:00+00:00
[2026-08-06T05:48:40.372+0000] {logging_mixin.py:190} INFO - [2026-08-06T05:48:40.372+0000] {dag.py:4180} INFO - Setting next_dagrun for example_branch_datetime_operator_2 to 2026-08-05 00:00:00+00:00, run_after=2026-08-06 00:00:00+00:00
[2026-08-06T05:48:40.377+0000] {logging_mixin.py:190} INFO - [2026-08-06T05:48:40.377+0000] {dag.py:4180} INFO - Setting next_dagrun for example_branch_datetime_operator_3 to 2026-08-05 00:00:00+00:00, run_after=2026-08-06 00:00:00+00:00
[2026-08-06T05:48:40.410+0000] {processor.py:208} INFO - Processing /home/airflow/.local/lib/python3.12/site-packages/airflow/example_dags/example_branch_datetime_operator.py took 0.332 seconds
[2026-08-06T05:49:10.765+0000] {processor.py:186} INFO - Started process (PID=1622) to work on /home/airflow/.local/lib/python3.12/site-packages/airflow/example_dags/example_branch_datetime_operator.py
[2026-08-06T05:49:10.768+0000] {processor.py:914} INFO - Processing file /home/airflow/.local/lib/python3.12/site-packages/airflow/example_dags/example_branch_datetime_operator.py for tasks to queue
[2026-08-06T05:49:10.774+0000] {logging_mixin.py:190} INFO - [2026-08-06T05:49:10.773+0000] {dagbag.py:588} INFO - Filling up the DagBag from /home/airflow/.local/lib/python3.12/site-packages/airflow/example_dags/example_branch_datetime_operator.py
[2026-08-06T05:49:10.796+0000] {processor.py:925} INFO - DAG(s) 'example_branch_datetime_operator', 'example_branch_datetime_operator_3', 'example_branch_datetime_operator_2' retrieved from /home/airflow/.local/lib/python3.12/site-packages/airflow/example_dags/example_branch_datetime_operator.py
[2026-08-06T05:49:10.848+0000] {logging_mixin.py:190} INFO - [2026-08-06T05:49:10.847+0000] {dag.py:3239} INFO - Sync 3 DAGs
[2026-08-06T05:49:10.897+0000] {logging_mixin.py:190} INFO - [2026-08-06T05:49:10.896+0000] {dag.py:4180} INFO - Setting next_dagrun for example_branch_datetime_operator to 2026-08-05 00:00:00+00:00, run_after=2026-08-06 00:00:00+00:00
[2026-08-06T05:49:10.905+0000] {logging_mixin.py:190} INFO - [2026-08-06T05:49:10.905+0000] {dag.py:4180} INFO - Setting next_dagrun for example_branch_datetime_operator_2 to 2026-08-05 00:00:00+00:00, run_after=2026-08-06 00:00:00+00:00
[2026-08-06T05:49:10.911+0000] {logging_mixin.py:190} INFO - [2026-08-06T05:49:10.910+0000] {dag.py:4180} INFO - Setting next_dagrun for example_branch_datetime_operator_3 to 2026-08-05 00:00:00+00:00, run_after=2026-08-06 00:00:00+00:00
[2026-08-06T05:49:10.950+0000] {processor.py:208} INFO - Processing /home/airflow/.local/lib/python3.12/site-packages/airflow/example_dags/example_branch_datetime_operator.py took 0.202 seconds
[2026-08-06T05:49:41.407+0000] {processor.py:186} INFO - Started process (PID=1685) to work on /home/airflow/.local/lib/python3.12/site-packages/airflow/example_dags/example_branch_datetime_operator.py
[2026-08-06T05:49:41.411+0000] {processor.py:914} INFO - Processing file /home/airflow/.local/lib/python3.12/site-packages/airflow/example_dags/example_branch_datetime_operator.py for tasks to queue
[2026-08-06T05:49:41.416+0000] {logging_mixin.py:190} INFO - [2026-08-06T05:49:41.416+0000] {dagbag.py:588} INFO - Filling up the DagBag from /home/airflow/.local/lib/python3.12/site-packages/airflow/example_dags/example_branch_datetime_operator.py
[2026-08-06T05:49:41.440+0000] {processor.py:925} INFO - DAG(s) 'example_branch_datetime_operator_2', 'example_branch_datetime_operator_3', 'example_branch_datetime_operator' retrieved from /home/airflow/.local/lib/python3.12/site-packages/airflow/example_dags/example_branch_datetime_operator.py
[2026-08-06T05:49:41.500+0000] {logging_mixin.py:190} INFO - [2026-08-06T05:49:41.500+0000] {dag.py:3239} INFO - Sync 3 DAGs
[2026-08-06T05:49:41.556+0000] {logging_mixin.py:190} INFO - [2026-08-06T05:49:41.556+0000] {dag.py:4180} INFO - Setting next_dagrun for example_branch_datetime_operator to 2026-08-05 00:00:00+00:00, run_after=2026-08-06 00:00:00+00:00
[2026-08-06T05:49:41.568+0000] {logging_mixin.py:190} INFO - [2026-08-06T05:49:41.568+0000] {dag.py:4180} INFO - Setting next_dagrun for example_branch_datetime_operator_2 to 2026-08-05 00:00:00+00:00, run_after=2026-08-06 00:00:00+00:00
[2026-08-06T05:49:41.573+0000] {logging_mixin.py:190} INFO - [2026-08-06T05:49:41.573+0000] {dag.py:4180} INFO - Setting next_dagrun for example_branch_datetime_operator_3 to 2026-08-05 00:00:00+00:00, run_after=2026-08-06 00:00:00+00:00
[2026-08-06T05:49:41.635+0000] {processor.py:208} INFO - Processing /home/airflow/.local/lib/python3.12/site-packages/airflow/example_dags/example_branch_datetime_operator.py took 0.239 seconds
[2026-08-06T05:50:11.725+0000] {processor.py:186} INFO - Started process (PID=1748) to work on /home/airflow/.local/lib/python3.12/site-packages/airflow/example_dags/example_branch_datetime_operator.py
[2026-08-06T05:50:11.727+0000] {processor.py:914} INFO - Processing file /home/airflow/.local/lib/python3.12/site-packages/airflow/example_dags/example_branch_datetime_operator.py for tasks to queue
[2026-08-06T05:50:11.732+0000] {logging_mixin.py:190} INFO - [2026-08-06T05:50:11.731+0000] {dagbag.py:588} INFO - Filling up the DagBag from /home/airflow/.local/lib/python3.12/site-packages/airflow/example_dags/example_branch_datetime_operator.py
[2026-08-06T05:50:11.767+0000] {processor.py:925} INFO - DAG(s) 'example_branch_datetime_operator_3', 'example_branch_datetime_operator', 'example_branch_datetime_operator_2' retrieved from /home/airflow/.local/lib/python3.12/site-packages/airflow/example_dags/example_branch_datetime_operator.py
[2026-08-06T05:50:11.830+0000] {logging_mixin.py:190} INFO - [2026-08-06T05:50:11.829+0000] {dag.py:3239} INFO - Sync 3 DAGs
[2026-08-06T05:50:11.880+0000] {logging_mixin.py:190} INFO - [2026-08-06T05:50:11.879+0000] {dag.py:4180} INFO - Setting next_dagrun for example_branch_datetime_operator to 2026-08-05 00:00:00+00:00, run_after=2026-08-06 00:00:00+00:00
[2026-08-06T05:50:11.894+0000] {logging_mixin.py:190} INFO - [2026-08-06T05:50:11.893+0000] {dag.py:4180} INFO - Setting next_dagrun for example_branch_datetime_operator_2 to 2026-08-05 00:00:00+00:00, run_after=2026-08-06 00:00:00+00:00
[2026-08-06T05:50:11.903+0000] {logging_mixin.py:190} INFO - [2026-08-06T05:50:11.903+0000] {dag.py:4180} INFO - Setting next_dagrun for example_branch_datetime_operator_3 to 2026-08-05 00:00:00+00:00, run_after=2026-08-06 00:00:00+00:00
[2026-08-06T05:50:12.008+0000] {processor.py:208} INFO - Processing /home/airflow/.local/lib/python3.12/site-packages/airflow/example_dags/example_branch_datetime_operator.py took 0.296 seconds
[2026-08-06T05:50:43.295+0000] {processor.py:186} INFO - Started process (PID=1812) to work on /home/airflow/.local/lib/python3.12/site-packages/airflow/example_dags/example_branch_datetime_operator.py
[2026-08-06T05:50:43.317+0000] {processor.py:914} INFO - Processing file /home/airflow/.local/lib/python3.12/site-packages/airflow/example_dags/example_branch_datetime_operator.py for tasks to queue
[2026-08-06T05:50:43.332+0000] {logging_mixin.py:190} INFO - [2026-08-06T05:50:43.332+0000] {dagbag.py:588} INFO - Filling up the DagBag from /home/airflow/.local/lib/python3.12/site-packages/airflow/example_dags/example_branch_datetime_operator.py
[2026-08-06T05:50:43.370+0000] {processor.py:925} INFO - DAG(s) 'example_branch_datetime_operator_3', 'example_branch_datetime_operator_2', 'example_branch_datetime_operator' retrieved from /home/airflow/.local/lib/python3.12/site-packages/airflow/example_dags/example_branch_datetime_operator.py
[2026-08-06T05:50:43.447+0000] {logging_mixin.py:190} INFO - [2026-08-06T05:50:43.447+0000] {dag.py:3239} INFO - Sync 3 DAGs
[2026-08-06T05:50:43.503+0000] {logging_mixin.py:190} INFO - [2026-08-06T05:50:43.502+0000] {dag.py:4180} INFO - Setting next_dagrun for example_branch_datetime_operator to 2026-08-05 00:00:00+00:00, run_after=2026-08-06 00:00:00+00:00
[2026-08-06T05:50:43.517+0000] {logging_mixin.py:190} INFO - [2026-08-06T05:50:43.516+0000] {dag.py:4180} INFO - Setting next_dagrun for example_branch_datetime_operator_2 to 2026-08-05 00:00:00+00:00, run_after=2026-08-06 00:00:00+00:00
[2026-08-06T05:50:43.527+0000] {logging_mixin.py:190} INFO - [2026-08-06T05:50:43.527+0000] {dag.py:4180} INFO - Setting next_dagrun for example_branch_datetime_operator_3 to 2026-08-05 00:00:00+00:00, run_after=2026-08-06 00:00:00+00:00
[2026-08-06T05:50:43.569+0000] {processor.py:208} INFO - Processing /home/airflow/.local/lib/python3.12/site-packages/airflow/example_dags/example_branch_datetime_operator.py took 0.288 seconds
[2026-08-06T05:51:13.980+0000] {processor.py:186} INFO - Started process (PID=1876) to work on /home/airflow/.local/lib/python3.12/site-packages/airflow/example_dags/example_branch_datetime_operator.py
[2026-08-06T05:51:13.982+0000] {processor.py:914} INFO - Processing file /home/airflow/.local/lib/python3.12/site-packages/airflow/example_dags/example_branch_datetime_operator.py for tasks to queue
[2026-08-06T05:51:13.987+0000] {logging_mixin.py:190} INFO - [2026-08-06T05:51:13.986+0000] {dagbag.py:588} INFO - Filling up the DagBag from /home/airflow/.local/lib/python3.12/site-packages/airflow/example_dags/example_branch_datetime_operator.py
[2026-08-06T05:51:14.012+0000] {processor.py:925} INFO - DAG(s) 'example_branch_datetime_operator', 'example_branch_datetime_operator_3', 'example_branch_datetime_operator_2' retrieved from /home/airflow/.local/lib/python3.12/site-packages/airflow/example_dags/example_branch_datetime_operator.py
[2026-08-06T05:51:14.063+0000] {logging_mixin.py:190} INFO - [2026-08-06T05:51:14.062+0000] {dag.py:3239} INFO - Sync 3 DAGs
[2026-08-06T05:51:14.111+0000] {logging_mixin.py:190} INFO - [2026-08-06T05:51:14.110+0000] {dag.py:4180} INFO - Setting next_dagrun for example_branch_datetime_operator to 2026-08-05 00:00:00+00:00, run_after=2026-08-06 00:00:00+00:00
[2026-08-06T05:51:14.126+0000] {logging_mixin.py:190} INFO - [2026-08-06T05:51:14.125+0000] {dag.py:4180} INFO - Setting next_dagrun for example_branch_datetime_operator_2 to 2026-08-05 00:00:00+00:00, run_after=2026-08-06 00:00:00+00:00
[2026-08-06T05:51:14.135+0000] {logging_mixin.py:190} INFO - [2026-08-06T05:51:14.134+0000] {dag.py:4180} INFO - Setting next_dagrun for example_branch_datetime_operator_3 to 2026-08-05 00:00:00+00:00, run_after=2026-08-06 00:00:00+00:00
[2026-08-06T05:51:14.200+0000] {processor.py:208} INFO - Processing /home/airflow/.local/lib/python3.12/site-packages/airflow/example_dags/example_branch_datetime_operator.py took 0.231 seconds
[2026-08-06T05:51:45.076+0000] {processor.py:186} INFO - Started process (PID=1940) to work on /home/airflow/.local/lib/python3.12/site-packages/airflow/example_dags/example_branch_datetime_operator.py
[2026-08-06T05:51:45.078+0000] {processor.py:914} INFO - Processing file /home/airflow/.local/lib/python3.12/site-packages/airflow/example_dags/example_branch_datetime_operator.py for tasks to queue
[2026-08-06T05:51:45.082+0000] {logging_mixin.py:190} INFO - [2026-08-06T05:51:45.081+0000] {dagbag.py:588} INFO - Filling up the DagBag from /home/airflow/.local/lib/python3.12/site-packages/airflow/example_dags/example_branch_datetime_operator.py
[2026-08-06T05:51:45.105+0000] {processor.py:925} INFO - DAG(s) 'example_branch_datetime_operator_2', 'example_branch_datetime_operator_3', 'example_branch_datetime_operator' retrieved from /home/airflow/.local/lib/python3.12/site-packages/airflow/example_dags/example_branch_datetime_operator.py
[2026-08-06T05:51:45.146+0000] {logging_mixin.py:190} INFO - [2026-08-06T05:51:45.146+0000] {dag.py:3239} INFO - Sync 3 DAGs
[2026-08-06T05:51:45.181+0000] {logging_mixin.py:190} INFO - [2026-08-06T05:51:45.180+0000] {dag.py:4180} INFO - Setting next_dagrun for example_branch_datetime_operator to 2026-08-05 00:00:00+00:00, run_after=2026-08-06 00:00:00+00:00
[2026-08-06T05:51:45.188+0000] {logging_mixin.py:190} INFO - [2026-08-06T05:51:45.188+0000] {dag.py:4180} INFO - Setting next_dagrun for example_branch_datetime_operator_2 to 2026-08-05 00:00:00+00:00, run_after=2026-08-06 00:00:00+00:00
[2026-08-06T05:51:45.193+0000] {logging_mixin.py:190} INFO - [2026-08-06T05:51:45.193+0000] {dag.py:4180} INFO - Setting next_dagrun for example_branch_datetime_operator_3 to 2026-08-05 00:00:00+00:00, run_after=2026-08-06 00:00:00+00:00
[2026-08-06T05:51:45.225+0000] {processor.py:208} INFO - Processing /home/airflow/.local/lib/python3.12/site-packages/airflow/example_dags/example_branch_datetime_operator.py took 0.158 seconds
[2026-08-06T05:52:15.454+0000] {processor.py:186} INFO - Started process (PID=2004) to work on /home/airflow/.local/lib/python3.12/site-packages/airflow/example_dags/example_branch_datetime_operator.py
[2026-08-06T05:52:15.455+0000] {processor.py:914} INFO - Processing file /home/airflow/.local/lib/python3.12/site-packages/airflow/example_dags/example_branch_datetime_operator.py for tasks to queue
[2026-08-06T05:52:15.459+0000] {logging_mixin.py:190} INFO - [2026-08-06T05:52:15.459+0000] {dagbag.py:588} INFO - Filling up the DagBag from /home/airflow/.local/lib/python3.12/site-packages/airflow/example_dags/example_branch_datetime_operator.py
[2026-08-06T05:52:15.476+0000] {processor.py:925} INFO - DAG(s) 'example_branch_datetime_operator_3', 'example_branch_datetime_operator', 'example_branch_datetime_operator_2' retrieved from /home/airflow/.local/lib/python3.12/site-packages/airflow/example_dags/example_branch_datetime_operator.py
[2026-08-06T05:52:15.506+0000] {logging_mixin.py:190} INFO - [2026-08-06T05:52:15.506+0000] {dag.py:3239} INFO - Sync 3 DAGs
[2026-08-06T05:52:15.538+0000] {logging_mixin.py:190} INFO - [2026-08-06T05:52:15.537+0000] {dag.py:4180} INFO - Setting next_dagrun for example_branch_datetime_operator to 2026-08-05 00:00:00+00:00, run_after=2026-08-06 00:00:00+00:00
[2026-08-06T05:52:15.543+0000] {logging_mixin.py:190} INFO - [2026-08-06T05:52:15.543+0000] {dag.py:4180} INFO - Setting next_dagrun for example_branch_datetime_operator_2 to 2026-08-05 00:00:00+00:00, run_after=2026-08-06 00:00:00+00:00
[2026-08-06T05:52:15.547+0000] {logging_mixin.py:190} INFO - [2026-08-06T05:52:15.546+0000] {dag.py:4180} INFO - Setting next_dagrun for example_branch_datetime_operator_3 to 2026-08-05 00:00:00+00:00, run_after=2026-08-06 00:00:00+00:00
[2026-08-06T05:52:15.570+0000] {processor.py:208} INFO - Processing /home/airflow/.local/lib/python3.12/site-packages/airflow/example_dags/example_branch_datetime_operator.py took 0.123 seconds
[2026-08-06T05:52:46.164+0000] {processor.py:186} INFO - Started process (PID=2068) to work on /home/airflow/.local/lib/python3.12/site-packages/airflow/example_dags/example_branch_datetime_operator.py
[2026-08-06T05:52:46.167+0000] {processor.py:914} INFO - Processing file /home/airflow/.local/lib/python3.12/site-packages/airflow/example_dags/example_branch_datetime_operator.py for tasks to queue
[2026-08-06T05:52:46.171+0000] {logging_mixin.py:190} INFO - [2026-08-06T05:52:46.171+0000] {dagbag.py:588} INFO - Filling up the DagBag from /home/airflow/.local/lib/python3.12/site-packages/airflow/example_dags/example_branch_datetime_operator.py
[2026-08-06T05:52:46.190+0000] {processor.py:925} INFO - DAG(s) 'example_branch_datetime_operator_2', 'example_branch_datetime_operator', 'example_branch_datetime_operator_3' retrieved from /home/airflow/.local/lib/python3.12/site-packages/airflow/example_dags/example_branch_datetime_operator.py
[2026-08-06T05:52:46.244+0000] {logging_mixin.py:190} INFO - [2026-08-06T05:52:46.243+0000] {dag.py:3239} INFO - Sync 3 DAGs
[2026-08-06T05:52:46.287+0000] {logging_mixin.py:190} INFO - [2026-08-06T05:52:46.286+0000] {dag.py:4180} INFO - Setting next_dagrun for example_branch_datetime_operator to 2026-08-05 00:00:00+00:00, run_after=2026-08-06 00:00:00+00:00
[2026-08-06T05:52:46.297+0000] {logging_mixin.py:190} INFO - [2026-08-06T05:52:46.297+0000] {dag.py:4180} INFO - Setting next_dagrun for example_branch_datetime_operator_2 to 2026-08-05 00:00:00+00:00, run_after=2026-08-06 00:00:00+00:00
[2026-08-06T05:52:46.307+0000] {logging_mixin.py:190} INFO - [2026-08-06T05:52:46.307+0000] {dag.py:4180} INFO - Setting next_dagrun for example_branch_datetime_operator_3 to 2026-08-05 00:00:00+00:00, run_after=2026-08-06 00:00:00+00:00
[2026-08-06T05:52:46.335+0000] {processor.py:208} INFO - Processing /home/airflow/.local/lib/python3.12/site-packages/airflow/example_dags/example_branch_datetime_operator.py took 0.179 seconds
[2026-08-06T05:53:16.523+0000] {processor.py:186} INFO - Started process (PID=2132) to work on /home/airflow/.local/lib/python3.12/site-packages/airflow/example_dags/example_branch_datetime_operator.py
[2026-08-06T05:53:16.525+0000] {processor.py:914} INFO - Processing file /home/airflow/.local/lib/python3.12/site-packages/airflow/example_dags/example_branch_datetime_operator.py for tasks to queue
[2026-08-06T05:53:16.529+0000] {logging_mixin.py:190} INFO - [2026-08-06T05:53:16.528+0000] {dagbag.py:588} INFO - Filling up the DagBag from /home/airflow/.local/lib/python3.12/site-packages/airflow/example_dags/example_branch_datetime_operator.py
[2026-08-06T05:53:16.552+0000] {processor.py:925} INFO - DAG(s) 'example_branch_datetime_operator', 'example_branch_datetime_operator_3', 'example_branch_datetime_operator_2' retrieved from /home/airflow/.local/lib/python3.12/site-packages/airflow/example_dags/example_branch_datetime_operator.py
[2026-08-06T05:53:16.611+0000] {logging_mixin.py:190} INFO - [2026-08-06T05:53:16.611+0000] {dag.py:3239} INFO - Sync 3 DAGs
[2026-08-06T05:53:16.662+0000] {logging_mixin.py:190} INFO - [2026-08-06T05:53:16.662+0000] {dag.py:4180} INFO - Setting next_dagrun for example_branch_datetime_operator to 2026-08-05 00:00:00+00:00, run_after=2026-08-06 00:00:00+00:00
[2026-08-06T05:53:16.675+0000] {logging_mixin.py:190} INFO - [2026-08-06T05:53:16.675+0000] {dag.py:4180} INFO - Setting next_dagrun for example_branch_datetime_operator_2 to 2026-08-05 00:00:00+00:00, run_after=2026-08-06 00:00:00+00:00
[2026-08-06T05:53:16.687+0000] {logging_mixin.py:190} INFO - [2026-08-06T05:53:16.687+0000] {dag.py:4180} INFO - Setting next_dagrun for example_branch_datetime_operator_3 to 2026-08-05 00:00:00+00:00, run_after=2026-08-06 00:00:00+00:00
[2026-08-06T05:53:16.746+0000] {processor.py:208} INFO - Processing /home/airflow/.local/lib/python3.12/site-packages/airflow/example_dags/example_branch_datetime_operator.py took 0.233 seconds
[2026-08-06T05:53:46.898+0000] {processor.py:186} INFO - Started process (PID=2204) to work on /home/airflow/.local/lib/python3.12/site-packages/airflow/example_dags/example_branch_datetime_operator.py
[2026-08-06T05:53:46.901+0000] {processor.py:914} INFO - Processing file /home/airflow/.local/lib/python3.12/site-packages/airflow/example_dags/example_branch_datetime_operator.py for tasks to queue
[2026-08-06T05:53:46.907+0000] {logging_mixin.py:190} INFO - [2026-08-06T05:53:46.907+0000] {dagbag.py:588} INFO - Filling up the DagBag from /home/airflow/.local/lib/python3.12/site-packages/airflow/example_dags/example_branch_datetime_operator.py
[2026-08-06T05:53:46.940+0000] {processor.py:925} INFO - DAG(s) 'example_branch_datetime_operator_2', 'example_branch_datetime_operator', 'example_branch_datetime_operator_3' retrieved from /home/airflow/.local/lib/python3.12/site-packages/airflow/example_dags/example_branch_datetime_operator.py
[2026-08-06T05:53:46.992+0000] {logging_mixin.py:190} INFO - [2026-08-06T05:53:46.991+0000] {dag.py:3239} INFO - Sync 3 DAGs
[2026-08-06T05:53:47.055+0000] {logging_mixin.py:190} INFO - [2026-08-06T05:53:47.054+0000] {dag.py:4180} INFO - Setting next_dagrun for example_branch_datetime_operator to 2026-08-05 00:00:00+00:00, run_after=2026-08-06 00:00:00+00:00
[2026-08-06T05:53:47.068+0000] {logging_mixin.py:190} INFO - [2026-08-06T05:53:47.067+0000] {dag.py:4180} INFO - Setting next_dagrun for example_branch_datetime_operator_2 to 2026-08-05 00:00:00+00:00, run_after=2026-08-06 00:00:00+00:00
[2026-08-06T05:53:47.082+0000] {logging_mixin.py:190} INFO - [2026-08-06T05:53:47.081+0000] {dag.py:4180} INFO - Setting next_dagrun for example_branch_datetime_operator_3 to 2026-08-05 00:00:00+00:00, run_after=2026-08-06 00:00:00+00:00
[2026-08-06T05:53:47.145+0000] {processor.py:208} INFO - Processing /home/airflow/.local/lib/python3.12/site-packages/airflow/example_dags/example_branch_datetime_operator.py took 0.263 seconds
[2026-08-06T05:54:18.025+0000] {processor.py:186} INFO - Started process (PID=2269) to work on /home/airflow/.local/lib/python3.12/site-packages/airflow/example_dags/example_branch_datetime_operator.py
[2026-08-06T05:54:18.028+0000] {processor.py:914} INFO - Processing file /home/airflow/.local/lib/python3.12/site-packages/airflow/example_dags/example_branch_datetime_operator.py for tasks to queue
[2026-08-06T05:54:18.033+0000] {logging_mixin.py:190} INFO - [2026-08-06T05:54:18.032+0000] {dagbag.py:588} INFO - Filling up the DagBag from /home/airflow/.local/lib/python3.12/site-packages/airflow/example_dags/example_branch_datetime_operator.py
[2026-08-06T05:54:18.055+0000] {processor.py:925} INFO - DAG(s) 'example_branch_datetime_operator', 'example_branch_datetime_operator_2', 'example_branch_datetime_operator_3' retrieved from /home/airflow/.local/lib/python3.12/site-packages/airflow/example_dags/example_branch_datetime_operator.py
[2026-08-06T05:54:18.106+0000] {logging_mixin.py:190} INFO - [2026-08-06T05:54:18.106+0000] {dag.py:3239} INFO - Sync 3 DAGs
[2026-08-06T05:54:18.149+0000] {logging_mixin.py:190} INFO - [2026-08-06T05:54:18.148+0000] {dag.py:4180} INFO - Setting next_dagrun for example_branch_datetime_operator to 2026-08-05 00:00:00+00:00, run_after=2026-08-06 00:00:00+00:00
[2026-08-06T05:54:18.157+0000] {logging_mixin.py:190} INFO - [2026-08-06T05:54:18.157+0000] {dag.py:4180} INFO - Setting next_dagrun for example_branch_datetime_operator_2 to 2026-08-05 00:00:00+00:00, run_after=2026-08-06 00:00:00+00:00
[2026-08-06T05:54:18.163+0000] {logging_mixin.py:190} INFO - [2026-08-06T05:54:18.162+0000] {dag.py:4180} INFO - Setting next_dagrun for example_branch_datetime_operator_3 to 2026-08-05 00:00:00+00:00, run_after=2026-08-06 00:00:00+00:00
[2026-08-06T05:54:18.197+0000] {processor.py:208} INFO - Processing /home/airflow/.local/lib/python3.12/site-packages/airflow/example_dags/example_branch_datetime_operator.py took 0.181 seconds
[2026-08-06T05:54:48.949+0000] {processor.py:186} INFO - Started process (PID=2333) to work on /home/airflow/.local/lib/python3.12/site-packages/airflow/example_dags/example_branch_datetime_operator.py
[2026-08-06T05:54:48.951+0000] {processor.py:914} INFO - Processing file /home/airflow/.local/lib/python3.12/site-packages/airflow/example_dags/example_branch_datetime_operator.py for tasks to queue
[2026-08-06T05:54:48.956+0000] {logging_mixin.py:190} INFO - [2026-08-06T05:54:48.955+0000] {dagbag.py:588} INFO - Filling up the DagBag from /home/airflow/.local/lib/python3.12/site-packages/airflow/example_dags/example_branch_datetime_operator.py
[2026-08-06T05:54:48.980+0000] {processor.py:925} INFO - DAG(s) 'example_branch_datetime_operator_3', 'example_branch_datetime_operator_2', 'example_branch_datetime_operator' retrieved from /home/airflow/.local/lib/python3.12/site-packages/airflow/example_dags/example_branch_datetime_operator.py
[2026-08-06T05:54:49.032+0000] {logging_mixin.py:190} INFO - [2026-08-06T05:54:49.031+0000] {dag.py:3239} INFO - Sync 3 DAGs
[2026-08-06T05:54:49.084+0000] {logging_mixin.py:190} INFO - [2026-08-06T05:54:49.083+0000] {dag.py:4180} INFO - Setting next_dagrun for example_branch_datetime_operator to 2026-08-05 00:00:00+00:00, run_after=2026-08-06 00:00:00+00:00
[2026-08-06T05:54:49.090+0000] {logging_mixin.py:190} INFO - [2026-08-06T05:54:49.090+0000] {dag.py:4180} INFO - Setting next_dagrun for example_branch_datetime_operator_2 to 2026-08-05 00:00:00+00:00, run_after=2026-08-06 00:00:00+00:00
[2026-08-06T05:54:49.094+0000] {logging_mixin.py:190} INFO - [2026-08-06T05:54:49.094+0000] {dag.py:4180} INFO - Setting next_dagrun for example_branch_datetime_operator_3 to 2026-08-05 00:00:00+00:00, run_after=2026-08-06 00:00:00+00:00
[2026-08-06T05:54:49.121+0000] {processor.py:208} INFO - Processing /home/airflow/.local/lib/python3.12/site-packages/airflow/example_dags/example_branch_datetime_operator.py took 0.181 seconds
[2026-08-06T05:55:19.552+0000] {processor.py:186} INFO - Started process (PID=2397) to work on /home/airflow/.local/lib/python3.12/site-packages/airflow/example_dags/example_branch_datetime_operator.py
[2026-08-06T05:55:19.555+0000] {processor.py:914} INFO - Processing file /home/airflow/.local/lib/python3.12/site-packages/airflow/example_dags/example_branch_datetime_operator.py for tasks to queue
[2026-08-06T05:55:19.560+0000] {logging_mixin.py:190} INFO - [2026-08-06T05:55:19.559+0000] {dagbag.py:588} INFO - Filling up the DagBag from /home/airflow/.local/lib/python3.12/site-packages/airflow/example_dags/example_branch_datetime_operator.py
[2026-08-06T05:55:19.589+0000] {processor.py:925} INFO - DAG(s) 'example_branch_datetime_operator_2', 'example_branch_datetime_operator', 'example_branch_datetime_operator_3' retrieved from /home/airflow/.local/lib/python3.12/site-packages/airflow/example_dags/example_branch_datetime_operator.py
[2026-08-06T05:55:19.647+0000] {logging_mixin.py:190} INFO - [2026-08-06T05:55:19.646+0000] {dag.py:3239} INFO - Sync 3 DAGs
[2026-08-06T05:55:19.688+0000] {logging_mixin.py:190} INFO - [2026-08-06T05:55:19.687+0000] {dag.py:4180} INFO - Setting next_dagrun for example_branch_datetime_operator to 2026-08-05 00:00:00+00:00, run_after=2026-08-06 00:00:00+00:00
[2026-08-06T05:55:19.698+0000] {logging_mixin.py:190} INFO - [2026-08-06T05:55:19.697+0000] {dag.py:4180} INFO - Setting next_dagrun for example_branch_datetime_operator_2 to 2026-08-05 00:00:00+00:00, run_after=2026-08-06 00:00:00+00:00
[2026-08-06T05:55:19.702+0000] {logging_mixin.py:190} INFO - [2026-08-06T05:55:19.702+0000] {dag.py:4180} INFO - Setting next_dagrun for example_branch_datetime_operator_3 to 2026-08-05 00:00:00+00:00, run_after=2026-08-06 00:00:00+00:00
[2026-08-06T05:55:19.729+0000] {processor.py:208} INFO - Processing /home/airflow/.local/lib/python3.12/site-packages/airflow/example_dags/example_branch_datetime_operator.py took 0.190 seconds
[2026-08-06T05:55:50.820+0000] {processor.py:186} INFO - Started process (PID=2461) to work on /home/airflow/.local/lib/python3.12/site-packages/airflow/example_dags/example_branch_datetime_operator.py
[2026-08-06T05:55:50.822+0000] {processor.py:914} INFO - Processing file /home/airflow/.local/lib/python3.12/site-packages/airflow/example_dags/example_branch_datetime_operator.py for tasks to queue
[2026-08-06T05:55:50.827+0000] {logging_mixin.py:190} INFO - [2026-08-06T05:55:50.826+0000] {dagbag.py:588} INFO - Filling up the DagBag from /home/airflow/.local/lib/python3.12/site-packages/airflow/example_dags/example_branch_datetime_operator.py
[2026-08-06T05:55:50.848+0000] {processor.py:925} INFO - DAG(s) 'example_branch_datetime_operator_2', 'example_branch_datetime_operator_3', 'example_branch_datetime_operator' retrieved from /home/airflow/.local/lib/python3.12/site-packages/airflow/example_dags/example_branch_datetime_operator.py
[2026-08-06T05:55:50.899+0000] {logging_mixin.py:190} INFO - [2026-08-06T05:55:50.898+0000] {dag.py:3239} INFO - Sync 3 DAGs
[2026-08-06T05:55:50.943+0000] {logging_mixin.py:190} INFO - [2026-08-06T05:55:50.943+0000] {dag.py:4180} INFO - Setting next_dagrun for example_branch_datetime_operator to 2026-08-05 00:00:00+00:00, run_after=2026-08-06 00:00:00+00:00
[2026-08-06T05:55:50.953+0000] {logging_mixin.py:190} INFO - [2026-08-06T05:55:50.953+0000] {dag.py:4180} INFO - Setting next_dagrun for example_branch_datetime_operator_2 to 2026-08-05 00:00:00+00:00, run_after=2026-08-06 00:00:00+00:00
[2026-08-06T05:55:50.958+0000] {logging_mixin.py:190} INFO - [2026-08-06T05:55:50.958+0000] {dag.py:4180} INFO - Setting next_dagrun for example_branch_datetime_operator_3 to 2026-08-05 00:00:00+00:00, run_after=2026-08-06 00:00:00+00:00
[2026-08-06T05:55:50.996+0000] {processor.py:208} INFO - Processing /home/airflow/.local/lib/python3.12/site-packages/airflow/example_dags/example_branch_datetime_operator.py took 0.186 seconds
[2026-08-06T05:56:22.471+0000] {processor.py:186} INFO - Started process (PID=2525) to work on /home/airflow/.local/lib/python3.12/site-packages/airflow/example_dags/example_branch_datetime_operator.py
[2026-08-06T05:56:22.473+0000] {processor.py:914} INFO - Processing file /home/airflow/.local/lib/python3.12/site-packages/airflow/example_dags/example_branch_datetime_operator.py for tasks to queue
[2026-08-06T05:56:22.478+0000] {logging_mixin.py:190} INFO - [2026-08-06T05:56:22.477+0000] {dagbag.py:588} INFO - Filling up the DagBag from /home/airflow/.local/lib/python3.12/site-packages/airflow/example_dags/example_branch_datetime_operator.py
[2026-08-06T05:56:22.497+0000] {processor.py:925} INFO - DAG(s) 'example_branch_datetime_operator_3', 'example_branch_datetime_operator', 'example_branch_datetime_operator_2' retrieved from /home/airflow/.local/lib/python3.12/site-packages/airflow/example_dags/example_branch_datetime_operator.py
[2026-08-06T05:56:22.541+0000] {logging_mixin.py:190} INFO - [2026-08-06T05:56:22.540+0000] {dag.py:3239} INFO - Sync 3 DAGs
[2026-08-06T05:56:22.578+0000] {logging_mixin.py:190} INFO - [2026-08-06T05:56:22.578+0000] {dag.py:4180} INFO - Setting next_dagrun for example_branch_datetime_operator to 2026-08-05 00:00:00+00:00, run_after=2026-08-06 00:00:00+00:00
[2026-08-06T05:56:22.588+0000] {logging_mixin.py:190} INFO - [2026-08-06T05:56:22.587+0000] {dag.py:4180} INFO - Setting next_dagrun for example_branch_datetime_operator_2 to 2026-08-05 00:00:00+00:00, run_after=2026-08-06 00:00:00+00:00
[2026-08-06T05:56:22.595+0000] {logging_mixin.py:190} INFO - [2026-08-06T05:56:22.594+0000] {dag.py:4180} INFO - Setting next_dagrun for example_branch_datetime_operator_3 to 2026-08-05 00:00:00+00:00, run_after=2026-08-06 00:00:00+00:00
[2026-08-06T05:56:22.626+0000] {processor.py:208} INFO - Processing /home/airflow/.local/lib/python3.12/site-packages/airflow/example_dags/example_branch_datetime_operator.py took 0.164 seconds
[2026-08-06T05:56:53.814+0000] {processor.py:186} INFO - Started process (PID=2588) to work on /home/airflow/.local/lib/python3.12/site-packages/airflow/example_dags/example_branch_datetime_operator.py
[2026-08-06T05:56:53.816+0000] {processor.py:914} INFO - Processing file /home/airflow/.local/lib/python3.12/site-packages/airflow/example_dags/example_branch_datetime_operator.py for tasks to queue
[2026-08-06T05:56:53.821+0000] {logging_mixin.py:190} INFO - [2026-08-06T05:56:53.820+0000] {dagbag.py:588} INFO - Filling up the DagBag from /home/airflow/.local/lib/python3.12/site-packages/airflow/example_dags/example_branch_datetime_operator.py
[2026-08-06T05:56:53.843+0000] {processor.py:925} INFO - DAG(s) 'example_branch_datetime_operator_3', 'example_branch_datetime_operator', 'example_branch_datetime_operator_2' retrieved from /home/airflow/.local/lib/python3.12/site-packages/airflow/example_dags/example_branch_datetime_operator.py
[2026-08-06T05:56:53.912+0000] {logging_mixin.py:190} INFO - [2026-08-06T05:56:53.912+0000] {dag.py:3239} INFO - Sync 3 DAGs
[2026-08-06T05:56:53.960+0000] {logging_mixin.py:190} INFO - [2026-08-06T05:56:53.960+0000] {dag.py:4180} INFO - Setting next_dagrun for example_branch_datetime_operator to 2026-08-05 00:00:00+00:00, run_after=2026-08-06 00:00:00+00:00
[2026-08-06T05:56:53.978+0000] {logging_mixin.py:190} INFO - [2026-08-06T05:56:53.977+0000] {dag.py:4180} INFO - Setting next_dagrun for example_branch_datetime_operator_2 to 2026-08-05 00:00:00+00:00, run_after=2026-08-06 00:00:00+00:00
[2026-08-06T05:56:53.984+0000] {logging_mixin.py:190} INFO - [2026-08-06T05:56:53.984+0000] {dag.py:4180} INFO - Setting next_dagrun for example_branch_datetime_operator_3 to 2026-08-05 00:00:00+00:00, run_after=2026-08-06 00:00:00+00:00
[2026-08-06T05:56:54.027+0000] {processor.py:208} INFO - Processing /home/airflow/.local/lib/python3.12/site-packages/airflow/example_dags/example_branch_datetime_operator.py took 0.224 seconds
[2026-08-06T05:57:24.600+0000] {processor.py:186} INFO - Started process (PID=2652) to work on /home/airflow/.local/lib/python3.12/site-packages/airflow/example_dags/example_branch_datetime_operator.py
[2026-08-06T05:57:24.603+0000] {processor.py:914} INFO - Processing file /home/airflow/.local/lib/python3.12/site-packages/airflow/example_dags/example_branch_datetime_operator.py for tasks to queue
[2026-08-06T05:57:24.607+0000] {logging_mixin.py:190} INFO - [2026-08-06T05:57:24.606+0000] {dagbag.py:588} INFO - Filling up the DagBag from /home/airflow/.local/lib/python3.12/site-packages/airflow/example_dags/example_branch_datetime_operator.py
[2026-08-06T05:57:24.627+0000] {processor.py:925} INFO - DAG(s) 'example_branch_datetime_operator', 'example_branch_datetime_operator_2', 'example_branch_datetime_operator_3' retrieved from /home/airflow/.local/lib/python3.12/site-packages/airflow/example_dags/example_branch_datetime_operator.py
[2026-08-06T05:57:24.670+0000] {logging_mixin.py:190} INFO - [2026-08-06T05:57:24.670+0000] {dag.py:3239} INFO - Sync 3 DAGs
[2026-08-06T05:57:24.709+0000] {logging_mixin.py:190} INFO - [2026-08-06T05:57:24.708+0000] {dag.py:4180} INFO - Setting next_dagrun for example_branch_datetime_operator to 2026-08-05 00:00:00+00:00, run_after=2026-08-06 00:00:00+00:00
[2026-08-06T05:57:24.716+0000] {logging_mixin.py:190} INFO - [2026-08-06T05:57:24.716+0000] {dag.py:4180} INFO - Setting next_dagrun for example_branch_datetime_operator_2 to 2026-08-05 00:00:00+00:00, run_after=2026-08-06 00:00:00+00:00
[2026-08-06T05:57:24.720+0000] {logging_mixin.py:190} INFO - [2026-08-06T05:57:24.720+0000] {dag.py:4180} INFO - Setting next_dagrun for example_branch_datetime_operator_3 to 2026-08-05 00:00:00+00:00, run_after=2026-08-06 00:00:00+00:00
[2026-08-06T05:57:24.779+0000] {processor.py:208} INFO - Processing /home/airflow/.local/lib/python3.12/site-packages/airflow/example_dags/example_branch_datetime_operator.py took 0.188 seconds
[2026-08-06T05:57:58.261+0000] {processor.py:186} INFO - Started process (PID=2738) to work on /home/airflow/.local/lib/python3.12/site-packages/airflow/example_dags/example_branch_datetime_operator.py
[2026-08-06T05:57:58.267+0000] {processor.py:914} INFO - Processing file /home/airflow/.local/lib/python3.12/site-packages/airflow/example_dags/example_branch_datetime_operator.py for tasks to queue
[2026-08-06T05:57:58.283+0000] {logging_mixin.py:190} INFO - [2026-08-06T05:57:58.282+0000] {dagbag.py:588} INFO - Filling up the DagBag from /home/airflow/.local/lib/python3.12/site-packages/airflow/example_dags/example_branch_datetime_operator.py
[2026-08-06T05:57:58.345+0000] {processor.py:925} INFO - DAG(s) 'example_branch_datetime_operator_2', 'example_branch_datetime_operator', 'example_branch_datetime_operator_3' retrieved from /home/airflow/.local/lib/python3.12/site-packages/airflow/example_dags/example_branch_datetime_operator.py
[2026-08-06T05:57:58.445+0000] {logging_mixin.py:190} INFO - [2026-08-06T05:57:58.444+0000] {dag.py:3239} INFO - Sync 3 DAGs
[2026-08-06T05:57:58.538+0000] {logging_mixin.py:190} INFO - [2026-08-06T05:57:58.538+0000] {dag.py:4180} INFO - Setting next_dagrun for example_branch_datetime_operator to 2026-08-05 00:00:00+00:00, run_after=2026-08-06 00:00:00+00:00
[2026-08-06T05:57:58.559+0000] {logging_mixin.py:190} INFO - [2026-08-06T05:57:58.558+0000] {dag.py:4180} INFO - Setting next_dagrun for example_branch_datetime_operator_2 to 2026-08-05 00:00:00+00:00, run_after=2026-08-06 00:00:00+00:00
[2026-08-06T05:57:58.566+0000] {logging_mixin.py:190} INFO - [2026-08-06T05:57:58.566+0000] {dag.py:4180} INFO - Setting next_dagrun for example_branch_datetime_operator_3 to 2026-08-05 00:00:00+00:00, run_after=2026-08-06 00:00:00+00:00
[2026-08-06T05:57:58.614+0000] {processor.py:208} INFO - Processing /home/airflow/.local/lib/python3.12/site-packages/airflow/example_dags/example_branch_datetime_operator.py took 0.386 seconds
[2026-08-06T05:58:29.566+0000] {processor.py:186} INFO - Started process (PID=2801) to work on /home/airflow/.local/lib/python3.12/site-packages/airflow/example_dags/example_branch_datetime_operator.py
[2026-08-06T05:58:29.568+0000] {processor.py:914} INFO - Processing file /home/airflow/.local/lib/python3.12/site-packages/airflow/example_dags/example_branch_datetime_operator.py for tasks to queue
[2026-08-06T05:58:29.571+0000] {logging_mixin.py:190} INFO - [2026-08-06T05:58:29.571+0000] {dagbag.py:588} INFO - Filling up the DagBag from /home/airflow/.local/lib/python3.12/site-packages/airflow/example_dags/example_branch_datetime_operator.py
[2026-08-06T05:58:29.589+0000] {processor.py:925} INFO - DAG(s) 'example_branch_datetime_operator_2', 'example_branch_datetime_operator', 'example_branch_datetime_operator_3' retrieved from /home/airflow/.local/lib/python3.12/site-packages/airflow/example_dags/example_branch_datetime_operator.py
[2026-08-06T05:58:29.630+0000] {logging_mixin.py:190} INFO - [2026-08-06T05:58:29.629+0000] {dag.py:3239} INFO - Sync 3 DAGs
[2026-08-06T05:58:29.672+0000] {logging_mixin.py:190} INFO - [2026-08-06T05:58:29.671+0000] {dag.py:4180} INFO - Setting next_dagrun for example_branch_datetime_operator to 2026-08-05 00:00:00+00:00, run_after=2026-08-06 00:00:00+00:00
[2026-08-06T05:58:29.679+0000] {logging_mixin.py:190} INFO - [2026-08-06T05:58:29.679+0000] {dag.py:4180} INFO - Setting next_dagrun for example_branch_datetime_operator_2 to 2026-08-05 00:00:00+00:00, run_after=2026-08-06 00:00:00+00:00
[2026-08-06T05:58:29.685+0000] {logging_mixin.py:190} INFO - [2026-08-06T05:58:29.684+0000] {dag.py:4180} INFO - Setting next_dagrun for example_branch_datetime_operator_3 to 2026-08-05 00:00:00+00:00, run_after=2026-08-06 00:00:00+00:00
[2026-08-06T05:58:29.746+0000] {processor.py:208} INFO - Processing /home/airflow/.local/lib/python3.12/site-packages/airflow/example_dags/example_branch_datetime_operator.py took 0.189 seconds
[2026-08-06T05:59:00.592+0000] {processor.py:186} INFO - Started process (PID=2865) to work on /home/airflow/.local/lib/python3.12/site-packages/airflow/example_dags/example_branch_datetime_operator.py
[2026-08-06T05:59:00.595+0000] {processor.py:914} INFO - Processing file /home/airflow/.local/lib/python3.12/site-packages/airflow/example_dags/example_branch_datetime_operator.py for tasks to queue
[2026-08-06T05:59:00.604+0000] {logging_mixin.py:190} INFO - [2026-08-06T05:59:00.603+0000] {dagbag.py:588} INFO - Filling up the DagBag from /home/airflow/.local/lib/python3.12/site-packages/airflow/example_dags/example_branch_datetime_operator.py
[2026-08-06T05:59:00.630+0000] {processor.py:925} INFO - DAG(s) 'example_branch_datetime_operator', 'example_branch_datetime_operator_2', 'example_branch_datetime_operator_3' retrieved from /home/airflow/.local/lib/python3.12/site-packages/airflow/example_dags/example_branch_datetime_operator.py
[2026-08-06T05:59:00.680+0000] {logging_mixin.py:190} INFO - [2026-08-06T05:59:00.680+0000] {dag.py:3239} INFO - Sync 3 DAGs
[2026-08-06T05:59:00.722+0000] {logging_mixin.py:190} INFO - [2026-08-06T05:59:00.722+0000] {dag.py:4180} INFO - Setting next_dagrun for example_branch_datetime_operator to 2026-08-05 00:00:00+00:00, run_after=2026-08-06 00:00:00+00:00
[2026-08-06T05:59:00.731+0000] {logging_mixin.py:190} INFO - [2026-08-06T05:59:00.731+0000] {dag.py:4180} INFO - Setting next_dagrun for example_branch_datetime_operator_2 to 2026-08-05 00:00:00+00:00, run_after=2026-08-06 00:00:00+00:00
[2026-08-06T05:59:00.736+0000] {logging_mixin.py:190} INFO - [2026-08-06T05:59:00.735+0000] {dag.py:4180} INFO - Setting next_dagrun for example_branch_datetime_operator_3 to 2026-08-05 00:00:00+00:00, run_after=2026-08-06 00:00:00+00:00
[2026-08-06T05:59:00.767+0000] {processor.py:208} INFO - Processing /home/airflow/.local/lib/python3.12/site-packages/airflow/example_dags/example_branch_datetime_operator.py took 0.189 seconds
[2026-08-06T05:59:30.938+0000] {processor.py:186} INFO - Started process (PID=2930) to work on /home/airflow/.local/lib/python3.12/site-packages/airflow/example_dags/example_branch_datetime_operator.py
[2026-08-06T05:59:30.939+0000] {processor.py:914} INFO - Processing file /home/airflow/.local/lib/python3.12/site-packages/airflow/example_dags/example_branch_datetime_operator.py for tasks to queue
[2026-08-06T05:59:30.945+0000] {logging_mixin.py:190} INFO - [2026-08-06T05:59:30.944+0000] {dagbag.py:588} INFO - Filling up the DagBag from /home/airflow/.local/lib/python3.12/site-packages/airflow/example_dags/example_branch_datetime_operator.py
[2026-08-06T05:59:30.967+0000] {processor.py:925} INFO - DAG(s) 'example_branch_datetime_operator_3', 'example_branch_datetime_operator_2', 'example_branch_datetime_operator' retrieved from /home/airflow/.local/lib/python3.12/site-packages/airflow/example_dags/example_branch_datetime_operator.py
[2026-08-06T05:59:31.010+0000] {logging_mixin.py:190} INFO - [2026-08-06T05:59:31.009+0000] {dag.py:3239} INFO - Sync 3 DAGs
[2026-08-06T05:59:31.050+0000] {logging_mixin.py:190} INFO - [2026-08-06T05:59:31.049+0000] {dag.py:4180} INFO - Setting next_dagrun for example_branch_datetime_operator to 2026-08-05 00:00:00+00:00, run_after=2026-08-06 00:00:00+00:00
[2026-08-06T05:59:31.057+0000] {logging_mixin.py:190} INFO - [2026-08-06T05:59:31.057+0000] {dag.py:4180} INFO - Setting next_dagrun for example_branch_datetime_operator_2 to 2026-08-05 00:00:00+00:00, run_after=2026-08-06 00:00:00+00:00
[2026-08-06T05:59:31.062+0000] {logging_mixin.py:190} INFO - [2026-08-06T05:59:31.062+0000] {dag.py:4180} INFO - Setting next_dagrun for example_branch_datetime_operator_3 to 2026-08-05 00:00:00+00:00, run_after=2026-08-06 00:00:00+00:00
[2026-08-06T05:59:31.114+0000] {processor.py:208} INFO - Processing /home/airflow/.local/lib/python3.12/site-packages/airflow/example_dags/example_branch_datetime_operator.py took 0.185 seconds
[2026-08-06T06:00:02.411+0000] {processor.py:186} INFO - Started process (PID=2995) to work on /home/airflow/.local/lib/python3.12/site-packages/airflow/example_dags/example_branch_datetime_operator.py
[2026-08-06T06:00:02.413+0000] {processor.py:914} INFO - Processing file /home/airflow/.local/lib/python3.12/site-packages/airflow/example_dags/example_branch_datetime_operator.py for tasks to queue
[2026-08-06T06:00:02.417+0000] {logging_mixin.py:190} INFO - [2026-08-06T06:00:02.416+0000] {dagbag.py:588} INFO - Filling up the DagBag from /home/airflow/.local/lib/python3.12/site-packages/airflow/example_dags/example_branch_datetime_operator.py
[2026-08-06T06:00:02.434+0000] {processor.py:925} INFO - DAG(s) 'example_branch_datetime_operator', 'example_branch_datetime_operator_3', 'example_branch_datetime_operator_2' retrieved from /home/airflow/.local/lib/python3.12/site-packages/airflow/example_dags/example_branch_datetime_operator.py
[2026-08-06T06:00:02.471+0000] {logging_mixin.py:190} INFO - [2026-08-06T06:00:02.470+0000] {dag.py:3239} INFO - Sync 3 DAGs
[2026-08-06T06:00:02.504+0000] {logging_mixin.py:190} INFO - [2026-08-06T06:00:02.504+0000] {dag.py:4180} INFO - Setting next_dagrun for example_branch_datetime_operator to 2026-08-05 00:00:00+00:00, run_after=2026-08-06 00:00:00+00:00
[2026-08-06T06:00:02.511+0000] {logging_mixin.py:190} INFO - [2026-08-06T06:00:02.511+0000] {dag.py:4180} INFO - Setting next_dagrun for example_branch_datetime_operator_2 to 2026-08-05 00:00:00+00:00, run_after=2026-08-06 00:00:00+00:00
[2026-08-06T06:00:02.515+0000] {logging_mixin.py:190} INFO - [2026-08-06T06:00:02.514+0000] {dag.py:4180} INFO - Setting next_dagrun for example_branch_datetime_operator_3 to 2026-08-05 00:00:00+00:00, run_after=2026-08-06 00:00:00+00:00
[2026-08-06T06:00:02.547+0000] {processor.py:208} INFO - Processing /home/airflow/.local/lib/python3.12/site-packages/airflow/example_dags/example_branch_datetime_operator.py took 0.146 seconds
[2026-08-06T06:01:56.603+0000] {processor.py:186} INFO - Started process (PID=103) to work on /home/airflow/.local/lib/python3.12/site-packages/airflow/example_dags/example_branch_datetime_operator.py
[2026-08-06T06:01:56.605+0000] {processor.py:914} INFO - Processing file /home/airflow/.local/lib/python3.12/site-packages/airflow/example_dags/example_branch_datetime_operator.py for tasks to queue
[2026-08-06T06:01:56.609+0000] {logging_mixin.py:190} INFO - [2026-08-06T06:01:56.608+0000] {dagbag.py:588} INFO - Filling up the DagBag from /home/airflow/.local/lib/python3.12/site-packages/airflow/example_dags/example_branch_datetime_operator.py
[2026-08-06T06:01:56.633+0000] {processor.py:925} INFO - DAG(s) 'example_branch_datetime_operator', 'example_branch_datetime_operator_2', 'example_branch_datetime_operator_3' retrieved from /home/airflow/.local/lib/python3.12/site-packages/airflow/example_dags/example_branch_datetime_operator.py
[2026-08-06T06:01:56.692+0000] {logging_mixin.py:190} INFO - [2026-08-06T06:01:56.692+0000] {dag.py:3239} INFO - Sync 3 DAGs
[2026-08-06T06:01:56.769+0000] {logging_mixin.py:190} INFO - [2026-08-06T06:01:56.768+0000] {dag.py:4180} INFO - Setting next_dagrun for example_branch_datetime_operator to 2026-08-05 00:00:00+00:00, run_after=2026-08-06 00:00:00+00:00
[2026-08-06T06:01:56.786+0000] {logging_mixin.py:190} INFO - [2026-08-06T06:01:56.786+0000] {dag.py:4180} INFO - Setting next_dagrun for example_branch_datetime_operator_2 to 2026-08-05 00:00:00+00:00, run_after=2026-08-06 00:00:00+00:00
[2026-08-06T06:01:56.803+0000] {logging_mixin.py:190} INFO - [2026-08-06T06:01:56.803+0000] {dag.py:4180} INFO - Setting next_dagrun for example_branch_datetime_operator_3 to 2026-08-05 00:00:00+00:00, run_after=2026-08-06 00:00:00+00:00
[2026-08-06T06:01:56.867+0000] {processor.py:208} INFO - Processing /home/airflow/.local/lib/python3.12/site-packages/airflow/example_dags/example_branch_datetime_operator.py took 0.273 seconds
[2026-08-06T06:02:28.780+0000] {processor.py:186} INFO - Started process (PID=166) to work on /home/airflow/.local/lib/python3.12/site-packages/airflow/example_dags/example_branch_datetime_operator.py
[2026-08-06T06:02:28.782+0000] {processor.py:914} INFO - Processing file /home/airflow/.local/lib/python3.12/site-packages/airflow/example_dags/example_branch_datetime_operator.py for tasks to queue
[2026-08-06T06:02:28.789+0000] {logging_mixin.py:190} INFO - [2026-08-06T06:02:28.788+0000] {dagbag.py:588} INFO - Filling up the DagBag from /home/airflow/.local/lib/python3.12/site-packages/airflow/example_dags/example_branch_datetime_operator.py
[2026-08-06T06:02:28.807+0000] {processor.py:925} INFO - DAG(s) 'example_branch_datetime_operator_3', 'example_branch_datetime_operator', 'example_branch_datetime_operator_2' retrieved from /home/airflow/.local/lib/python3.12/site-packages/airflow/example_dags/example_branch_datetime_operator.py
[2026-08-06T06:02:28.849+0000] {logging_mixin.py:190} INFO - [2026-08-06T06:02:28.849+0000] {dag.py:3239} INFO - Sync 3 DAGs
[2026-08-06T06:02:28.904+0000] {logging_mixin.py:190} INFO - [2026-08-06T06:02:28.904+0000] {dag.py:4180} INFO - Setting next_dagrun for example_branch_datetime_operator to 2026-08-05 00:00:00+00:00, run_after=2026-08-06 00:00:00+00:00
[2026-08-06T06:02:28.914+0000] {logging_mixin.py:190} INFO - [2026-08-06T06:02:28.914+0000] {dag.py:4180} INFO - Setting next_dagrun for example_branch_datetime_operator_2 to 2026-08-05 00:00:00+00:00, run_after=2026-08-06 00:00:00+00:00
[2026-08-06T06:02:28.918+0000] {logging_mixin.py:190} INFO - [2026-08-06T06:02:28.918+0000] {dag.py:4180} INFO - Setting next_dagrun for example_branch_datetime_operator_3 to 2026-08-05 00:00:00+00:00, run_after=2026-08-06 00:00:00+00:00
[2026-08-06T06:02:28.974+0000] {processor.py:208} INFO - Processing /home/airflow/.local/lib/python3.12/site-packages/airflow/example_dags/example_branch_datetime_operator.py took 0.204 seconds
[2026-08-06T06:02:59.794+0000] {processor.py:186} INFO - Started process (PID=230) to work on /home/airflow/.local/lib/python3.12/site-packages/airflow/example_dags/example_branch_datetime_operator.py
[2026-08-06T06:02:59.797+0000] {processor.py:914} INFO - Processing file /home/airflow/.local/lib/python3.12/site-packages/airflow/example_dags/example_branch_datetime_operator.py for tasks to queue
[2026-08-06T06:02:59.802+0000] {logging_mixin.py:190} INFO - [2026-08-06T06:02:59.801+0000] {dagbag.py:588} INFO - Filling up the DagBag from /home/airflow/.local/lib/python3.12/site-packages/airflow/example_dags/example_branch_datetime_operator.py
[2026-08-06T06:02:59.827+0000] {processor.py:925} INFO - DAG(s) 'example_branch_datetime_operator_2', 'example_branch_datetime_operator', 'example_branch_datetime_operator_3' retrieved from /home/airflow/.local/lib/python3.12/site-packages/airflow/example_dags/example_branch_datetime_operator.py
[2026-08-06T06:02:59.896+0000] {logging_mixin.py:190} INFO - [2026-08-06T06:02:59.896+0000] {dag.py:3239} INFO - Sync 3 DAGs
[2026-08-06T06:02:59.945+0000] {logging_mixin.py:190} INFO - [2026-08-06T06:02:59.944+0000] {dag.py:4180} INFO - Setting next_dagrun for example_branch_datetime_operator to 2026-08-05 00:00:00+00:00, run_after=2026-08-06 00:00:00+00:00
[2026-08-06T06:02:59.955+0000] {logging_mixin.py:190} INFO - [2026-08-06T06:02:59.955+0000] {dag.py:4180} INFO - Setting next_dagrun for example_branch_datetime_operator_2 to 2026-08-05 00:00:00+00:00, run_after=2026-08-06 00:00:00+00:00
[2026-08-06T06:02:59.961+0000] {logging_mixin.py:190} INFO - [2026-08-06T06:02:59.960+0000] {dag.py:4180} INFO - Setting next_dagrun for example_branch_datetime_operator_3 to 2026-08-05 00:00:00+00:00, run_after=2026-08-06 00:00:00+00:00
[2026-08-06T06:02:59.992+0000] {processor.py:208} INFO - Processing /home/airflow/.local/lib/python3.12/site-packages/airflow/example_dags/example_branch_datetime_operator.py took 0.214 seconds
[2026-08-06T06:03:33.574+0000] {processor.py:186} INFO - Started process (PID=294) to work on /home/airflow/.local/lib/python3.12/site-packages/airflow/example_dags/example_branch_datetime_operator.py
[2026-08-06T06:03:33.584+0000] {processor.py:914} INFO - Processing file /home/airflow/.local/lib/python3.12/site-packages/airflow/example_dags/example_branch_datetime_operator.py for tasks to queue
[2026-08-06T06:03:33.589+0000] {logging_mixin.py:190} INFO - [2026-08-06T06:03:33.588+0000] {dagbag.py:588} INFO - Filling up the DagBag from /home/airflow/.local/lib/python3.12/site-packages/airflow/example_dags/example_branch_datetime_operator.py
[2026-08-06T06:03:33.609+0000] {processor.py:925} INFO - DAG(s) 'example_branch_datetime_operator', 'example_branch_datetime_operator_2', 'example_branch_datetime_operator_3' retrieved from /home/airflow/.local/lib/python3.12/site-packages/airflow/example_dags/example_branch_datetime_operator.py
[2026-08-06T06:03:33.660+0000] {logging_mixin.py:190} INFO - [2026-08-06T06:03:33.660+0000] {dag.py:3239} INFO - Sync 3 DAGs
[2026-08-06T06:03:33.697+0000] {logging_mixin.py:190} INFO - [2026-08-06T06:03:33.696+0000] {dag.py:4180} INFO - Setting next_dagrun for example_branch_datetime_operator to 2026-08-05 00:00:00+00:00, run_after=2026-08-06 00:00:00+00:00
[2026-08-06T06:03:33.706+0000] {logging_mixin.py:190} INFO - [2026-08-06T06:03:33.706+0000] {dag.py:4180} INFO - Setting next_dagrun for example_branch_datetime_operator_2 to 2026-08-05 00:00:00+00:00, run_after=2026-08-06 00:00:00+00:00
[2026-08-06T06:03:33.711+0000] {logging_mixin.py:190} INFO - [2026-08-06T06:03:33.710+0000] {dag.py:4180} INFO - Setting next_dagrun for example_branch_datetime_operator_3 to 2026-08-05 00:00:00+00:00, run_after=2026-08-06 00:00:00+00:00
[2026-08-06T06:03:33.747+0000] {processor.py:208} INFO - Processing /home/airflow/.local/lib/python3.12/site-packages/airflow/example_dags/example_branch_datetime_operator.py took 0.182 seconds
[2026-08-06T06:04:05.197+0000] {processor.py:186} INFO - Started process (PID=358) to work on /home/airflow/.local/lib/python3.12/site-packages/airflow/example_dags/example_branch_datetime_operator.py
[2026-08-06T06:04:05.199+0000] {processor.py:914} INFO - Processing file /home/airflow/.local/lib/python3.12/site-packages/airflow/example_dags/example_branch_datetime_operator.py for tasks to queue
[2026-08-06T06:04:05.205+0000] {logging_mixin.py:190} INFO - [2026-08-06T06:04:05.205+0000] {dagbag.py:588} INFO - Filling up the DagBag from /home/airflow/.local/lib/python3.12/site-packages/airflow/example_dags/example_branch_datetime_operator.py
[2026-08-06T06:04:05.231+0000] {processor.py:925} INFO - DAG(s) 'example_branch_datetime_operator_2', 'example_branch_datetime_operator_3', 'example_branch_datetime_operator' retrieved from /home/airflow/.local/lib/python3.12/site-packages/airflow/example_dags/example_branch_datetime_operator.py
[2026-08-06T06:04:05.283+0000] {logging_mixin.py:190} INFO - [2026-08-06T06:04:05.283+0000] {dag.py:3239} INFO - Sync 3 DAGs
[2026-08-06T06:04:05.326+0000] {logging_mixin.py:190} INFO - [2026-08-06T06:04:05.325+0000] {dag.py:4180} INFO - Setting next_dagrun for example_branch_datetime_operator to 2026-08-05 00:00:00+00:00, run_after=2026-08-06 00:00:00+00:00
[2026-08-06T06:04:05.337+0000] {logging_mixin.py:190} INFO - [2026-08-06T06:04:05.336+0000] {dag.py:4180} INFO - Setting next_dagrun for example_branch_datetime_operator_2 to 2026-08-05 00:00:00+00:00, run_after=2026-08-06 00:00:00+00:00
[2026-08-06T06:04:05.342+0000] {logging_mixin.py:190} INFO - [2026-08-06T06:04:05.342+0000] {dag.py:4180} INFO - Setting next_dagrun for example_branch_datetime_operator_3 to 2026-08-05 00:00:00+00:00, run_after=2026-08-06 00:00:00+00:00
[2026-08-06T06:04:05.383+0000] {processor.py:208} INFO - Processing /home/airflow/.local/lib/python3.12/site-packages/airflow/example_dags/example_branch_datetime_operator.py took 0.194 seconds
[2026-08-06T06:04:36.912+0000] {processor.py:186} INFO - Started process (PID=422) to work on /home/airflow/.local/lib/python3.12/site-packages/airflow/example_dags/example_branch_datetime_operator.py
[2026-08-06T06:04:36.916+0000] {processor.py:914} INFO - Processing file /home/airflow/.local/lib/python3.12/site-packages/airflow/example_dags/example_branch_datetime_operator.py for tasks to queue
[2026-08-06T06:04:36.922+0000] {logging_mixin.py:190} INFO - [2026-08-06T06:04:36.921+0000] {dagbag.py:588} INFO - Filling up the DagBag from /home/airflow/.local/lib/python3.12/site-packages/airflow/example_dags/example_branch_datetime_operator.py
[2026-08-06T06:04:36.951+0000] {processor.py:925} INFO - DAG(s) 'example_branch_datetime_operator_2', 'example_branch_datetime_operator', 'example_branch_datetime_operator_3' retrieved from /home/airflow/.local/lib/python3.12/site-packages/airflow/example_dags/example_branch_datetime_operator.py
[2026-08-06T06:04:37.012+0000] {logging_mixin.py:190} INFO - [2026-08-06T06:04:37.011+0000] {dag.py:3239} INFO - Sync 3 DAGs
[2026-08-06T06:04:37.062+0000] {logging_mixin.py:190} INFO - [2026-08-06T06:04:37.062+0000] {dag.py:4180} INFO - Setting next_dagrun for example_branch_datetime_operator to 2026-08-05 00:00:00+00:00, run_after=2026-08-06 00:00:00+00:00
[2026-08-06T06:04:37.072+0000] {logging_mixin.py:190} INFO - [2026-08-06T06:04:37.072+0000] {dag.py:4180} INFO - Setting next_dagrun for example_branch_datetime_operator_2 to 2026-08-05 00:00:00+00:00, run_after=2026-08-06 00:00:00+00:00
[2026-08-06T06:04:37.078+0000] {logging_mixin.py:190} INFO - [2026-08-06T06:04:37.078+0000] {dag.py:4180} INFO - Setting next_dagrun for example_branch_datetime_operator_3 to 2026-08-05 00:00:00+00:00, run_after=2026-08-06 00:00:00+00:00
[2026-08-06T06:04:37.143+0000] {processor.py:208} INFO - Processing /home/airflow/.local/lib/python3.12/site-packages/airflow/example_dags/example_branch_datetime_operator.py took 0.253 seconds
[2026-08-06T06:05:08.901+0000] {processor.py:186} INFO - Started process (PID=486) to work on /home/airflow/.local/lib/python3.12/site-packages/airflow/example_dags/example_branch_datetime_operator.py
[2026-08-06T06:05:08.902+0000] {processor.py:914} INFO - Processing file /home/airflow/.local/lib/python3.12/site-packages/airflow/example_dags/example_branch_datetime_operator.py for tasks to queue
[2026-08-06T06:05:08.905+0000] {logging_mixin.py:190} INFO - [2026-08-06T06:05:08.905+0000] {dagbag.py:588} INFO - Filling up the DagBag from /home/airflow/.local/lib/python3.12/site-packages/airflow/example_dags/example_branch_datetime_operator.py
[2026-08-06T06:05:08.922+0000] {processor.py:925} INFO - DAG(s) 'example_branch_datetime_operator', 'example_branch_datetime_operator_2', 'example_branch_datetime_operator_3' retrieved from /home/airflow/.local/lib/python3.12/site-packages/airflow/example_dags/example_branch_datetime_operator.py
[2026-08-06T06:05:08.959+0000] {logging_mixin.py:190} INFO - [2026-08-06T06:05:08.959+0000] {dag.py:3239} INFO - Sync 3 DAGs
[2026-08-06T06:05:08.998+0000] {logging_mixin.py:190} INFO - [2026-08-06T06:05:08.998+0000] {dag.py:4180} INFO - Setting next_dagrun for example_branch_datetime_operator to 2026-08-05 00:00:00+00:00, run_after=2026-08-06 00:00:00+00:00
[2026-08-06T06:05:09.018+0000] {logging_mixin.py:190} INFO - [2026-08-06T06:05:09.018+0000] {dag.py:4180} INFO - Setting next_dagrun for example_branch_datetime_operator_2 to 2026-08-05 00:00:00+00:00, run_after=2026-08-06 00:00:00+00:00
[2026-08-06T06:05:09.026+0000] {logging_mixin.py:190} INFO - [2026-08-06T06:05:09.025+0000] {dag.py:4180} INFO - Setting next_dagrun for example_branch_datetime_operator_3 to 2026-08-05 00:00:00+00:00, run_after=2026-08-06 00:00:00+00:00
[2026-08-06T06:05:09.053+0000] {processor.py:208} INFO - Processing /home/airflow/.local/lib/python3.12/site-packages/airflow/example_dags/example_branch_datetime_operator.py took 0.160 seconds
[2026-08-06T06:05:40.924+0000] {processor.py:186} INFO - Started process (PID=550) to work on /home/airflow/.local/lib/python3.12/site-packages/airflow/example_dags/example_branch_datetime_operator.py
[2026-08-06T06:05:40.927+0000] {processor.py:914} INFO - Processing file /home/airflow/.local/lib/python3.12/site-packages/airflow/example_dags/example_branch_datetime_operator.py for tasks to queue
[2026-08-06T06:05:40.935+0000] {logging_mixin.py:190} INFO - [2026-08-06T06:05:40.934+0000] {dagbag.py:588} INFO - Filling up the DagBag from /home/airflow/.local/lib/python3.12/site-packages/airflow/example_dags/example_branch_datetime_operator.py
[2026-08-06T06:05:40.960+0000] {processor.py:925} INFO - DAG(s) 'example_branch_datetime_operator', 'example_branch_datetime_operator_2', 'example_branch_datetime_operator_3' retrieved from /home/airflow/.local/lib/python3.12/site-packages/airflow/example_dags/example_branch_datetime_operator.py
[2026-08-06T06:05:41.034+0000] {logging_mixin.py:190} INFO - [2026-08-06T06:05:41.033+0000] {dag.py:3239} INFO - Sync 3 DAGs
[2026-08-06T06:05:41.087+0000] {logging_mixin.py:190} INFO - [2026-08-06T06:05:41.086+0000] {dag.py:4180} INFO - Setting next_dagrun for example_branch_datetime_operator to 2026-08-05 00:00:00+00:00, run_after=2026-08-06 00:00:00+00:00
[2026-08-06T06:05:41.098+0000] {logging_mixin.py:190} INFO - [2026-08-06T06:05:41.097+0000] {dag.py:4180} INFO - Setting next_dagrun for example_branch_datetime_operator_2 to 2026-08-05 00:00:00+00:00, run_after=2026-08-06 00:00:00+00:00
[2026-08-06T06:05:41.104+0000] {logging_mixin.py:190} INFO - [2026-08-06T06:05:41.103+0000] {dag.py:4180} INFO - Setting next_dagrun for example_branch_datetime_operator_3 to 2026-08-05 00:00:00+00:00, run_after=2026-08-06 00:00:00+00:00
[2026-08-06T06:05:41.152+0000] {processor.py:208} INFO - Processing /home/airflow/.local/lib/python3.12/site-packages/airflow/example_dags/example_branch_datetime_operator.py took 0.241 seconds
[2026-08-06T06:06:12.666+0000] {processor.py:186} INFO - Started process (PID=614) to work on /home/airflow/.local/lib/python3.12/site-packages/airflow/example_dags/example_branch_datetime_operator.py
[2026-08-06T06:06:12.668+0000] {processor.py:914} INFO - Processing file /home/airflow/.local/lib/python3.12/site-packages/airflow/example_dags/example_branch_datetime_operator.py for tasks to queue
[2026-08-06T06:06:12.671+0000] {logging_mixin.py:190} INFO - [2026-08-06T06:06:12.671+0000] {dagbag.py:588} INFO - Filling up the DagBag from /home/airflow/.local/lib/python3.12/site-packages/airflow/example_dags/example_branch_datetime_operator.py
[2026-08-06T06:06:12.686+0000] {processor.py:925} INFO - DAG(s) 'example_branch_datetime_operator_2', 'example_branch_datetime_operator_3', 'example_branch_datetime_operator' retrieved from /home/airflow/.local/lib/python3.12/site-packages/airflow/example_dags/example_branch_datetime_operator.py
[2026-08-06T06:06:12.732+0000] {logging_mixin.py:190} INFO - [2026-08-06T06:06:12.732+0000] {dag.py:3239} INFO - Sync 3 DAGs
[2026-08-06T06:06:12.766+0000] {logging_mixin.py:190} INFO - [2026-08-06T06:06:12.765+0000] {dag.py:4180} INFO - Setting next_dagrun for example_branch_datetime_operator to 2026-08-05 00:00:00+00:00, run_after=2026-08-06 00:00:00+00:00
[2026-08-06T06:06:12.773+0000] {logging_mixin.py:190} INFO - [2026-08-06T06:06:12.773+0000] {dag.py:4180} INFO - Setting next_dagrun for example_branch_datetime_operator_2 to 2026-08-05 00:00:00+00:00, run_after=2026-08-06 00:00:00+00:00
[2026-08-06T06:06:12.778+0000] {logging_mixin.py:190} INFO - [2026-08-06T06:06:12.778+0000] {dag.py:4180} INFO - Setting next_dagrun for example_branch_datetime_operator_3 to 2026-08-05 00:00:00+00:00, run_after=2026-08-06 00:00:00+00:00
[2026-08-06T06:06:12.808+0000] {processor.py:208} INFO - Processing /home/airflow/.local/lib/python3.12/site-packages/airflow/example_dags/example_branch_datetime_operator.py took 0.150 seconds
[2026-08-06T06:06:44.018+0000] {processor.py:186} INFO - Started process (PID=678) to work on /home/airflow/.local/lib/python3.12/site-packages/airflow/example_dags/example_branch_datetime_operator.py
[2026-08-06T06:06:44.021+0000] {processor.py:914} INFO - Processing file /home/airflow/.local/lib/python3.12/site-packages/airflow/example_dags/example_branch_datetime_operator.py for tasks to queue
[2026-08-06T06:06:44.027+0000] {logging_mixin.py:190} INFO - [2026-08-06T06:06:44.026+0000] {dagbag.py:588} INFO - Filling up the DagBag from /home/airflow/.local/lib/python3.12/site-packages/airflow/example_dags/example_branch_datetime_operator.py
[2026-08-06T06:06:44.062+0000] {processor.py:925} INFO - DAG(s) 'example_branch_datetime_operator', 'example_branch_datetime_operator_2', 'example_branch_datetime_operator_3' retrieved from /home/airflow/.local/lib/python3.12/site-packages/airflow/example_dags/example_branch_datetime_operator.py
[2026-08-06T06:06:44.155+0000] {logging_mixin.py:190} INFO - [2026-08-06T06:06:44.154+0000] {dag.py:3239} INFO - Sync 3 DAGs
[2026-08-06T06:06:44.193+0000] {logging_mixin.py:190} INFO - [2026-08-06T06:06:44.193+0000] {dag.py:4180} INFO - Setting next_dagrun for example_branch_datetime_operator to 2026-08-05 00:00:00+00:00, run_after=2026-08-06 00:00:00+00:00
[2026-08-06T06:06:44.201+0000] {logging_mixin.py:190} INFO - [2026-08-06T06:06:44.201+0000] {dag.py:4180} INFO - Setting next_dagrun for example_branch_datetime_operator_2 to 2026-08-05 00:00:00+00:00, run_after=2026-08-06 00:00:00+00:00
[2026-08-06T06:06:44.206+0000] {logging_mixin.py:190} INFO - [2026-08-06T06:06:44.206+0000] {dag.py:4180} INFO - Setting next_dagrun for example_branch_datetime_operator_3 to 2026-08-05 00:00:00+00:00, run_after=2026-08-06 00:00:00+00:00
[2026-08-06T06:06:44.277+0000] {processor.py:208} INFO - Processing /home/airflow/.local/lib/python3.12/site-packages/airflow/example_dags/example_branch_datetime_operator.py took 0.275 seconds
[2026-08-06T06:07:14.819+0000] {processor.py:186} INFO - Started process (PID=742) to work on /home/airflow/.local/lib/python3.12/site-packages/airflow/example_dags/example_branch_datetime_operator.py
[2026-08-06T06:07:14.820+0000] {processor.py:914} INFO - Processing file /home/airflow/.local/lib/python3.12/site-packages/airflow/example_dags/example_branch_datetime_operator.py for tasks to queue
[2026-08-06T06:07:14.823+0000] {logging_mixin.py:190} INFO - [2026-08-06T06:07:14.823+0000] {dagbag.py:588} INFO - Filling up the DagBag from /home/airflow/.local/lib/python3.12/site-packages/airflow/example_dags/example_branch_datetime_operator.py
[2026-08-06T06:07:14.836+0000] {processor.py:925} INFO - DAG(s) 'example_branch_datetime_operator_3', 'example_branch_datetime_operator_2', 'example_branch_datetime_operator' retrieved from /home/airflow/.local/lib/python3.12/site-packages/airflow/example_dags/example_branch_datetime_operator.py
[2026-08-06T06:07:14.865+0000] {logging_mixin.py:190} INFO - [2026-08-06T06:07:14.865+0000] {dag.py:3239} INFO - Sync 3 DAGs
[2026-08-06T06:07:14.912+0000] {logging_mixin.py:190} INFO - [2026-08-06T06:07:14.912+0000] {dag.py:4180} INFO - Setting next_dagrun for example_branch_datetime_operator to 2026-08-05 00:00:00+00:00, run_after=2026-08-06 00:00:00+00:00
[2026-08-06T06:07:14.919+0000] {logging_mixin.py:190} INFO - [2026-08-06T06:07:14.919+0000] {dag.py:4180} INFO - Setting next_dagrun for example_branch_datetime_operator_2 to 2026-08-05 00:00:00+00:00, run_after=2026-08-06 00:00:00+00:00
[2026-08-06T06:07:14.927+0000] {logging_mixin.py:190} INFO - [2026-08-06T06:07:14.927+0000] {dag.py:4180} INFO - Setting next_dagrun for example_branch_datetime_operator_3 to 2026-08-05 00:00:00+00:00, run_after=2026-08-06 00:00:00+00:00
[2026-08-06T06:07:14.949+0000] {processor.py:208} INFO - Processing /home/airflow/.local/lib/python3.12/site-packages/airflow/example_dags/example_branch_datetime_operator.py took 0.137 seconds
[2026-08-06T06:07:46.276+0000] {processor.py:186} INFO - Started process (PID=812) to work on /home/airflow/.local/lib/python3.12/site-packages/airflow/example_dags/example_branch_datetime_operator.py
[2026-08-06T06:07:46.292+0000] {processor.py:914} INFO - Processing file /home/airflow/.local/lib/python3.12/site-packages/airflow/example_dags/example_branch_datetime_operator.py for tasks to queue
[2026-08-06T06:07:46.311+0000] {logging_mixin.py:190} INFO - [2026-08-06T06:07:46.311+0000] {dagbag.py:588} INFO - Filling up the DagBag from /home/airflow/.local/lib/python3.12/site-packages/airflow/example_dags/example_branch_datetime_operator.py
[2026-08-06T06:07:46.373+0000] {processor.py:925} INFO - DAG(s) 'example_branch_datetime_operator', 'example_branch_datetime_operator_3', 'example_branch_datetime_operator_2' retrieved from /home/airflow/.local/lib/python3.12/site-packages/airflow/example_dags/example_branch_datetime_operator.py
[2026-08-06T06:07:46.434+0000] {logging_mixin.py:190} INFO - [2026-08-06T06:07:46.433+0000] {dag.py:3239} INFO - Sync 3 DAGs
[2026-08-06T06:07:46.480+0000] {logging_mixin.py:190} INFO - [2026-08-06T06:07:46.479+0000] {dag.py:4180} INFO - Setting next_dagrun for example_branch_datetime_operator to 2026-08-05 00:00:00+00:00, run_after=2026-08-06 00:00:00+00:00
[2026-08-06T06:07:46.489+0000] {logging_mixin.py:190} INFO - [2026-08-06T06:07:46.488+0000] {dag.py:4180} INFO - Setting next_dagrun for example_branch_datetime_operator_2 to 2026-08-05 00:00:00+00:00, run_after=2026-08-06 00:00:00+00:00
[2026-08-06T06:07:46.493+0000] {logging_mixin.py:190} INFO - [2026-08-06T06:07:46.492+0000] {dag.py:4180} INFO - Setting next_dagrun for example_branch_datetime_operator_3 to 2026-08-05 00:00:00+00:00, run_after=2026-08-06 00:00:00+00:00
[2026-08-06T06:07:46.589+0000] {processor.py:208} INFO - Processing /home/airflow/.local/lib/python3.12/site-packages/airflow/example_dags/example_branch_datetime_operator.py took 0.330 seconds
[2026-08-06T06:08:18.189+0000] {processor.py:186} INFO - Started process (PID=881) to work on /home/airflow/.local/lib/python3.12/site-packages/airflow/example_dags/example_branch_datetime_operator.py
[2026-08-06T06:08:18.191+0000] {processor.py:914} INFO - Processing file /home/airflow/.local/lib/python3.12/site-packages/airflow/example_dags/example_branch_datetime_operator.py for tasks to queue
[2026-08-06T06:08:18.194+0000] {logging_mixin.py:190} INFO - [2026-08-06T06:08:18.194+0000] {dagbag.py:588} INFO - Filling up the DagBag from /home/airflow/.local/lib/python3.12/site-packages/airflow/example_dags/example_branch_datetime_operator.py
[2026-08-06T06:08:18.210+0000] {processor.py:925} INFO - DAG(s) 'example_branch_datetime_operator_3', 'example_branch_datetime_operator_2', 'example_branch_datetime_operator' retrieved from /home/airflow/.local/lib/python3.12/site-packages/airflow/example_dags/example_branch_datetime_operator.py
[2026-08-06T06:08:18.244+0000] {logging_mixin.py:190} INFO - [2026-08-06T06:08:18.243+0000] {dag.py:3239} INFO - Sync 3 DAGs
[2026-08-06T06:08:18.274+0000] {logging_mixin.py:190} INFO - [2026-08-06T06:08:18.274+0000] {dag.py:4180} INFO - Setting next_dagrun for example_branch_datetime_operator to 2026-08-05 00:00:00+00:00, run_after=2026-08-06 00:00:00+00:00
[2026-08-06T06:08:18.281+0000] {logging_mixin.py:190} INFO - [2026-08-06T06:08:18.281+0000] {dag.py:4180} INFO - Setting next_dagrun for example_branch_datetime_operator_2 to 2026-08-05 00:00:00+00:00, run_after=2026-08-06 00:00:00+00:00
[2026-08-06T06:08:18.285+0000] {logging_mixin.py:190} INFO - [2026-08-06T06:08:18.284+0000] {dag.py:4180} INFO - Setting next_dagrun for example_branch_datetime_operator_3 to 2026-08-05 00:00:00+00:00, run_after=2026-08-06 00:00:00+00:00
[2026-08-06T06:08:18.310+0000] {processor.py:208} INFO - Processing /home/airflow/.local/lib/python3.12/site-packages/airflow/example_dags/example_branch_datetime_operator.py took 0.128 seconds
[2026-08-06T06:08:49.830+0000] {processor.py:186} INFO - Started process (PID=945) to work on /home/airflow/.local/lib/python3.12/site-packages/airflow/example_dags/example_branch_datetime_operator.py
[2026-08-06T06:08:49.832+0000] {processor.py:914} INFO - Processing file /home/airflow/.local/lib/python3.12/site-packages/airflow/example_dags/example_branch_datetime_operator.py for tasks to queue
[2026-08-06T06:08:49.835+0000] {logging_mixin.py:190} INFO - [2026-08-06T06:08:49.834+0000] {dagbag.py:588} INFO - Filling up the DagBag from /home/airflow/.local/lib/python3.12/site-packages/airflow/example_dags/example_branch_datetime_operator.py
[2026-08-06T06:08:49.847+0000] {processor.py:925} INFO - DAG(s) 'example_branch_datetime_operator_2', 'example_branch_datetime_operator_3', 'example_branch_datetime_operator' retrieved from /home/airflow/.local/lib/python3.12/site-packages/airflow/example_dags/example_branch_datetime_operator.py
[2026-08-06T06:08:49.877+0000] {logging_mixin.py:190} INFO - [2026-08-06T06:08:49.877+0000] {dag.py:3239} INFO - Sync 3 DAGs
[2026-08-06T06:08:49.908+0000] {logging_mixin.py:190} INFO - [2026-08-06T06:08:49.907+0000] {dag.py:4180} INFO - Setting next_dagrun for example_branch_datetime_operator to 2026-08-05 00:00:00+00:00, run_after=2026-08-06 00:00:00+00:00
[2026-08-06T06:08:49.914+0000] {logging_mixin.py:190} INFO - [2026-08-06T06:08:49.913+0000] {dag.py:4180} INFO - Setting next_dagrun for example_branch_datetime_operator_2 to 2026-08-05 00:00:00+00:00, run_after=2026-08-06 00:00:00+00:00
[2026-08-06T06:08:49.918+0000] {logging_mixin.py:190} INFO - [2026-08-06T06:08:49.917+0000] {dag.py:4180} INFO - Setting next_dagrun for example_branch_datetime_operator_3 to 2026-08-05 00:00:00+00:00, run_after=2026-08-06 00:00:00+00:00
[2026-08-06T06:08:49.946+0000] {processor.py:208} INFO - Processing /home/airflow/.local/lib/python3.12/site-packages/airflow/example_dags/example_branch_datetime_operator.py took 0.123 seconds
[2026-08-06T06:09:20.839+0000] {processor.py:186} INFO - Started process (PID=1009) to work on /home/airflow/.local/lib/python3.12/site-packages/airflow/example_dags/example_branch_datetime_operator.py
[2026-08-06T06:09:20.840+0000] {processor.py:914} INFO - Processing file /home/airflow/.local/lib/python3.12/site-packages/airflow/example_dags/example_branch_datetime_operator.py for tasks to queue
[2026-08-06T06:09:20.844+0000] {logging_mixin.py:190} INFO - [2026-08-06T06:09:20.844+0000] {dagbag.py:588} INFO - Filling up the DagBag from /home/airflow/.local/lib/python3.12/site-packages/airflow/example_dags/example_branch_datetime_operator.py
[2026-08-06T06:09:20.864+0000] {processor.py:925} INFO - DAG(s) 'example_branch_datetime_operator_2', 'example_branch_datetime_operator_3', 'example_branch_datetime_operator' retrieved from /home/airflow/.local/lib/python3.12/site-packages/airflow/example_dags/example_branch_datetime_operator.py
[2026-08-06T06:09:20.907+0000] {logging_mixin.py:190} INFO - [2026-08-06T06:09:20.906+0000] {dag.py:3239} INFO - Sync 3 DAGs
[2026-08-06T06:09:20.944+0000] {logging_mixin.py:190} INFO - [2026-08-06T06:09:20.944+0000] {dag.py:4180} INFO - Setting next_dagrun for example_branch_datetime_operator to 2026-08-05 00:00:00+00:00, run_after=2026-08-06 00:00:00+00:00
[2026-08-06T06:09:20.952+0000] {logging_mixin.py:190} INFO - [2026-08-06T06:09:20.952+0000] {dag.py:4180} INFO - Setting next_dagrun for example_branch_datetime_operator_2 to 2026-08-05 00:00:00+00:00, run_after=2026-08-06 00:00:00+00:00
[2026-08-06T06:09:20.956+0000] {logging_mixin.py:190} INFO - [2026-08-06T06:09:20.956+0000] {dag.py:4180} INFO - Setting next_dagrun for example_branch_datetime_operator_3 to 2026-08-05 00:00:00+00:00, run_after=2026-08-06 00:00:00+00:00
[2026-08-06T06:09:21.038+0000] {processor.py:208} INFO - Processing /home/airflow/.local/lib/python3.12/site-packages/airflow/example_dags/example_branch_datetime_operator.py took 0.210 seconds
[2026-08-06T06:09:52.735+0000] {processor.py:186} INFO - Started process (PID=1073) to work on /home/airflow/.local/lib/python3.12/site-packages/airflow/example_dags/example_branch_datetime_operator.py
[2026-08-06T06:09:52.737+0000] {processor.py:914} INFO - Processing file /home/airflow/.local/lib/python3.12/site-packages/airflow/example_dags/example_branch_datetime_operator.py for tasks to queue
[2026-08-06T06:09:52.742+0000] {logging_mixin.py:190} INFO - [2026-08-06T06:09:52.741+0000] {dagbag.py:588} INFO - Filling up the DagBag from /home/airflow/.local/lib/python3.12/site-packages/airflow/example_dags/example_branch_datetime_operator.py
[2026-08-06T06:09:52.761+0000] {processor.py:925} INFO - DAG(s) 'example_branch_datetime_operator_2', 'example_branch_datetime_operator', 'example_branch_datetime_operator_3' retrieved from /home/airflow/.local/lib/python3.12/site-packages/airflow/example_dags/example_branch_datetime_operator.py
[2026-08-06T06:09:52.808+0000] {logging_mixin.py:190} INFO - [2026-08-06T06:09:52.807+0000] {dag.py:3239} INFO - Sync 3 DAGs
[2026-08-06T06:09:52.850+0000] {logging_mixin.py:190} INFO - [2026-08-06T06:09:52.850+0000] {dag.py:4180} INFO - Setting next_dagrun for example_branch_datetime_operator to 2026-08-05 00:00:00+00:00, run_after=2026-08-06 00:00:00+00:00
[2026-08-06T06:09:52.861+0000] {logging_mixin.py:190} INFO - [2026-08-06T06:09:52.860+0000] {dag.py:4180} INFO - Setting next_dagrun for example_branch_datetime_operator_2 to 2026-08-05 00:00:00+00:00, run_after=2026-08-06 00:00:00+00:00
[2026-08-06T06:09:52.867+0000] {logging_mixin.py:190} INFO - [2026-08-06T06:09:52.866+0000] {dag.py:4180} INFO - Setting next_dagrun for example_branch_datetime_operator_3 to 2026-08-05 00:00:00+00:00, run_after=2026-08-06 00:00:00+00:00
[2026-08-06T06:09:52.905+0000] {processor.py:208} INFO - Processing /home/airflow/.local/lib/python3.12/site-packages/airflow/example_dags/example_branch_datetime_operator.py took 0.181 seconds
[2026-08-06T06:10:23.953+0000] {processor.py:186} INFO - Started process (PID=1137) to work on /home/airflow/.local/lib/python3.12/site-packages/airflow/example_dags/example_branch_datetime_operator.py
[2026-08-06T06:10:23.955+0000] {processor.py:914} INFO - Processing file /home/airflow/.local/lib/python3.12/site-packages/airflow/example_dags/example_branch_datetime_operator.py for tasks to queue
[2026-08-06T06:10:23.957+0000] {logging_mixin.py:190} INFO - [2026-08-06T06:10:23.957+0000] {dagbag.py:588} INFO - Filling up the DagBag from /home/airflow/.local/lib/python3.12/site-packages/airflow/example_dags/example_branch_datetime_operator.py
[2026-08-06T06:10:23.971+0000] {processor.py:925} INFO - DAG(s) 'example_branch_datetime_operator', 'example_branch_datetime_operator_3', 'example_branch_datetime_operator_2' retrieved from /home/airflow/.local/lib/python3.12/site-packages/airflow/example_dags/example_branch_datetime_operator.py
[2026-08-06T06:10:24.028+0000] {logging_mixin.py:190} INFO - [2026-08-06T06:10:24.028+0000] {dag.py:3239} INFO - Sync 3 DAGs
[2026-08-06T06:10:24.063+0000] {logging_mixin.py:190} INFO - [2026-08-06T06:10:24.063+0000] {dag.py:4180} INFO - Setting next_dagrun for example_branch_datetime_operator to 2026-08-05 00:00:00+00:00, run_after=2026-08-06 00:00:00+00:00
[2026-08-06T06:10:24.073+0000] {logging_mixin.py:190} INFO - [2026-08-06T06:10:24.073+0000] {dag.py:4180} INFO - Setting next_dagrun for example_branch_datetime_operator_2 to 2026-08-05 00:00:00+00:00, run_after=2026-08-06 00:00:00+00:00
[2026-08-06T06:10:24.079+0000] {logging_mixin.py:190} INFO - [2026-08-06T06:10:24.078+0000] {dag.py:4180} INFO - Setting next_dagrun for example_branch_datetime_operator_3 to 2026-08-05 00:00:00+00:00, run_after=2026-08-06 00:00:00+00:00
[2026-08-06T06:10:24.102+0000] {processor.py:208} INFO - Processing /home/airflow/.local/lib/python3.12/site-packages/airflow/example_dags/example_branch_datetime_operator.py took 0.157 seconds
