[2026-08-06T04:46:35.332+0000] {processor.py:186} INFO - Started process (PID=92) to work on /home/airflow/.local/lib/python3.12/site-packages/airflow/example_dags/example_branch_day_of_week_operator.py
[2026-08-06T04:46:35.335+0000] {processor.py:914} INFO - Processing file /home/airflow/.local/lib/python3.12/site-packages/airflow/example_dags/example_branch_day_of_week_operator.py for tasks to queue
[2026-08-06T04:46:35.340+0000] {logging_mixin.py:190} INFO - [2026-08-06T04:46:35.340+0000] {dagbag.py:588} INFO - Filling up the DagBag from /home/airflow/.local/lib/python3.12/site-packages/airflow/example_dags/example_branch_day_of_week_operator.py
[2026-08-06T04:46:35.354+0000] {processor.py:925} INFO - DAG(s) 'example_weekday_branch_operator' retrieved from /home/airflow/.local/lib/python3.12/site-packages/airflow/example_dags/example_branch_day_of_week_operator.py
[2026-08-06T04:46:35.489+0000] {logging_mixin.py:190} INFO - [2026-08-06T04:46:35.488+0000] {override.py:1912} INFO - Created Permission View: can delete on DAG:example_weekday_branch_operator
[2026-08-06T04:46:35.503+0000] {logging_mixin.py:190} INFO - [2026-08-06T04:46:35.503+0000] {override.py:1912} INFO - Created Permission View: can read on DAG:example_weekday_branch_operator
[2026-08-06T04:46:35.515+0000] {logging_mixin.py:190} INFO - [2026-08-06T04:46:35.514+0000] {override.py:1912} INFO - Created Permission View: can edit on DAG:example_weekday_branch_operator
[2026-08-06T04:46:35.528+0000] {logging_mixin.py:190} INFO - [2026-08-06T04:46:35.527+0000] {override.py:1912} INFO - Created Permission View: can delete on DAG Run:example_weekday_branch_operator
[2026-08-06T04:46:35.539+0000] {logging_mixin.py:190} INFO - [2026-08-06T04:46:35.538+0000] {override.py:1912} INFO - Created Permission View: menu access on DAG Run:example_weekday_branch_operator
[2026-08-06T04:46:35.549+0000] {logging_mixin.py:190} INFO - [2026-08-06T04:46:35.549+0000] {override.py:1912} INFO - Created Permission View: can read on DAG Run:example_weekday_branch_operator
[2026-08-06T04:46:35.561+0000] {logging_mixin.py:190} INFO - [2026-08-06T04:46:35.560+0000] {override.py:1912} INFO - Created Permission View: can create on DAG Run:example_weekday_branch_operator
[2026-08-06T04:46:35.562+0000] {logging_mixin.py:190} INFO - [2026-08-06T04:46:35.561+0000] {dag.py:3239} INFO - Sync 1 DAGs
[2026-08-06T04:46:35.582+0000] {logging_mixin.py:190} INFO - [2026-08-06T04:46:35.581+0000] {dag.py:3262} INFO - Creating ORM DAG for example_weekday_branch_operator
[2026-08-06T04:46:35.596+0000] {logging_mixin.py:190} INFO - [2026-08-06T04:46:35.596+0000] {dag.py:4180} INFO - Setting next_dagrun for example_weekday_branch_operator to 2026-08-05 00:00:00+00:00, run_after=2026-08-06 00:00:00+00:00
[2026-08-06T04:46:35.619+0000] {processor.py:208} INFO - Processing /home/airflow/.local/lib/python3.12/site-packages/airflow/example_dags/example_branch_day_of_week_operator.py took 0.294 seconds
[2026-08-06T04:47:06.715+0000] {processor.py:186} INFO - Started process (PID=155) to work on /home/airflow/.local/lib/python3.12/site-packages/airflow/example_dags/example_branch_day_of_week_operator.py
[2026-08-06T04:47:06.717+0000] {processor.py:914} INFO - Processing file /home/airflow/.local/lib/python3.12/site-packages/airflow/example_dags/example_branch_day_of_week_operator.py for tasks to queue
[2026-08-06T04:47:06.725+0000] {logging_mixin.py:190} INFO - [2026-08-06T04:47:06.723+0000] {dagbag.py:588} INFO - Filling up the DagBag from /home/airflow/.local/lib/python3.12/site-packages/airflow/example_dags/example_branch_day_of_week_operator.py
[2026-08-06T04:47:06.763+0000] {processor.py:925} INFO - DAG(s) 'example_weekday_branch_operator' retrieved from /home/airflow/.local/lib/python3.12/site-packages/airflow/example_dags/example_branch_day_of_week_operator.py
[2026-08-06T04:47:06.813+0000] {logging_mixin.py:190} INFO - [2026-08-06T04:47:06.812+0000] {dag.py:3239} INFO - Sync 1 DAGs
[2026-08-06T04:47:06.861+0000] {logging_mixin.py:190} INFO - [2026-08-06T04:47:06.860+0000] {dag.py:4180} INFO - Setting next_dagrun for example_weekday_branch_operator to 2026-08-05 00:00:00+00:00, run_after=2026-08-06 00:00:00+00:00
[2026-08-06T04:47:06.898+0000] {processor.py:208} INFO - Processing /home/airflow/.local/lib/python3.12/site-packages/airflow/example_dags/example_branch_day_of_week_operator.py took 0.193 seconds
[2026-08-06T04:47:37.534+0000] {processor.py:186} INFO - Started process (PID=218) to work on /home/airflow/.local/lib/python3.12/site-packages/airflow/example_dags/example_branch_day_of_week_operator.py
[2026-08-06T04:47:37.539+0000] {processor.py:914} INFO - Processing file /home/airflow/.local/lib/python3.12/site-packages/airflow/example_dags/example_branch_day_of_week_operator.py for tasks to queue
[2026-08-06T04:47:37.546+0000] {logging_mixin.py:190} INFO - [2026-08-06T04:47:37.545+0000] {dagbag.py:588} INFO - Filling up the DagBag from /home/airflow/.local/lib/python3.12/site-packages/airflow/example_dags/example_branch_day_of_week_operator.py
[2026-08-06T04:47:37.576+0000] {processor.py:925} INFO - DAG(s) 'example_weekday_branch_operator' retrieved from /home/airflow/.local/lib/python3.12/site-packages/airflow/example_dags/example_branch_day_of_week_operator.py
[2026-08-06T04:47:37.621+0000] {logging_mixin.py:190} INFO - [2026-08-06T04:47:37.620+0000] {dag.py:3239} INFO - Sync 1 DAGs
[2026-08-06T04:47:37.676+0000] {logging_mixin.py:190} INFO - [2026-08-06T04:47:37.676+0000] {dag.py:4180} INFO - Setting next_dagrun for example_weekday_branch_operator to 2026-08-05 00:00:00+00:00, run_after=2026-08-06 00:00:00+00:00
[2026-08-06T04:47:37.723+0000] {processor.py:208} INFO - Processing /home/airflow/.local/lib/python3.12/site-packages/airflow/example_dags/example_branch_day_of_week_operator.py took 0.205 seconds
[2026-08-06T04:48:07.886+0000] {processor.py:186} INFO - Started process (PID=280) to work on /home/airflow/.local/lib/python3.12/site-packages/airflow/example_dags/example_branch_day_of_week_operator.py
[2026-08-06T04:48:07.887+0000] {processor.py:914} INFO - Processing file /home/airflow/.local/lib/python3.12/site-packages/airflow/example_dags/example_branch_day_of_week_operator.py for tasks to queue
[2026-08-06T04:48:07.890+0000] {logging_mixin.py:190} INFO - [2026-08-06T04:48:07.890+0000] {dagbag.py:588} INFO - Filling up the DagBag from /home/airflow/.local/lib/python3.12/site-packages/airflow/example_dags/example_branch_day_of_week_operator.py
[2026-08-06T04:48:07.904+0000] {processor.py:925} INFO - DAG(s) 'example_weekday_branch_operator' retrieved from /home/airflow/.local/lib/python3.12/site-packages/airflow/example_dags/example_branch_day_of_week_operator.py
[2026-08-06T04:48:07.936+0000] {logging_mixin.py:190} INFO - [2026-08-06T04:48:07.936+0000] {dag.py:3239} INFO - Sync 1 DAGs
[2026-08-06T04:48:07.972+0000] {logging_mixin.py:190} INFO - [2026-08-06T04:48:07.971+0000] {dag.py:4180} INFO - Setting next_dagrun for example_weekday_branch_operator to 2026-08-05 00:00:00+00:00, run_after=2026-08-06 00:00:00+00:00
[2026-08-06T04:48:08.012+0000] {processor.py:208} INFO - Processing /home/airflow/.local/lib/python3.12/site-packages/airflow/example_dags/example_branch_day_of_week_operator.py took 0.134 seconds
[2026-08-06T04:48:39.385+0000] {processor.py:186} INFO - Started process (PID=343) to work on /home/airflow/.local/lib/python3.12/site-packages/airflow/example_dags/example_branch_day_of_week_operator.py
[2026-08-06T04:48:39.388+0000] {processor.py:914} INFO - Processing file /home/airflow/.local/lib/python3.12/site-packages/airflow/example_dags/example_branch_day_of_week_operator.py for tasks to queue
[2026-08-06T04:48:39.394+0000] {logging_mixin.py:190} INFO - [2026-08-06T04:48:39.393+0000] {dagbag.py:588} INFO - Filling up the DagBag from /home/airflow/.local/lib/python3.12/site-packages/airflow/example_dags/example_branch_day_of_week_operator.py
[2026-08-06T04:48:39.421+0000] {processor.py:925} INFO - DAG(s) 'example_weekday_branch_operator' retrieved from /home/airflow/.local/lib/python3.12/site-packages/airflow/example_dags/example_branch_day_of_week_operator.py
[2026-08-06T04:48:39.492+0000] {logging_mixin.py:190} INFO - [2026-08-06T04:48:39.492+0000] {dag.py:3239} INFO - Sync 1 DAGs
[2026-08-06T04:48:39.575+0000] {logging_mixin.py:190} INFO - [2026-08-06T04:48:39.574+0000] {dag.py:4180} INFO - Setting next_dagrun for example_weekday_branch_operator to 2026-08-05 00:00:00+00:00, run_after=2026-08-06 00:00:00+00:00
[2026-08-06T04:48:39.631+0000] {processor.py:208} INFO - Processing /home/airflow/.local/lib/python3.12/site-packages/airflow/example_dags/example_branch_day_of_week_operator.py took 0.266 seconds
[2026-08-06T04:49:10.088+0000] {processor.py:186} INFO - Started process (PID=406) to work on /home/airflow/.local/lib/python3.12/site-packages/airflow/example_dags/example_branch_day_of_week_operator.py
[2026-08-06T04:49:10.089+0000] {processor.py:914} INFO - Processing file /home/airflow/.local/lib/python3.12/site-packages/airflow/example_dags/example_branch_day_of_week_operator.py for tasks to queue
[2026-08-06T04:49:10.094+0000] {logging_mixin.py:190} INFO - [2026-08-06T04:49:10.094+0000] {dagbag.py:588} INFO - Filling up the DagBag from /home/airflow/.local/lib/python3.12/site-packages/airflow/example_dags/example_branch_day_of_week_operator.py
[2026-08-06T04:49:10.112+0000] {processor.py:925} INFO - DAG(s) 'example_weekday_branch_operator' retrieved from /home/airflow/.local/lib/python3.12/site-packages/airflow/example_dags/example_branch_day_of_week_operator.py
[2026-08-06T04:49:10.150+0000] {logging_mixin.py:190} INFO - [2026-08-06T04:49:10.150+0000] {dag.py:3239} INFO - Sync 1 DAGs
[2026-08-06T04:49:10.200+0000] {logging_mixin.py:190} INFO - [2026-08-06T04:49:10.199+0000] {dag.py:4180} INFO - Setting next_dagrun for example_weekday_branch_operator to 2026-08-05 00:00:00+00:00, run_after=2026-08-06 00:00:00+00:00
[2026-08-06T04:49:10.265+0000] {processor.py:208} INFO - Processing /home/airflow/.local/lib/python3.12/site-packages/airflow/example_dags/example_branch_day_of_week_operator.py took 0.187 seconds
[2026-08-06T04:49:40.423+0000] {processor.py:186} INFO - Started process (PID=468) to work on /home/airflow/.local/lib/python3.12/site-packages/airflow/example_dags/example_branch_day_of_week_operator.py
[2026-08-06T04:49:40.431+0000] {processor.py:914} INFO - Processing file /home/airflow/.local/lib/python3.12/site-packages/airflow/example_dags/example_branch_day_of_week_operator.py for tasks to queue
[2026-08-06T04:49:40.441+0000] {logging_mixin.py:190} INFO - [2026-08-06T04:49:40.440+0000] {dagbag.py:588} INFO - Filling up the DagBag from /home/airflow/.local/lib/python3.12/site-packages/airflow/example_dags/example_branch_day_of_week_operator.py
[2026-08-06T04:49:40.471+0000] {processor.py:925} INFO - DAG(s) 'example_weekday_branch_operator' retrieved from /home/airflow/.local/lib/python3.12/site-packages/airflow/example_dags/example_branch_day_of_week_operator.py
[2026-08-06T04:49:40.515+0000] {logging_mixin.py:190} INFO - [2026-08-06T04:49:40.514+0000] {dag.py:3239} INFO - Sync 1 DAGs
[2026-08-06T04:49:40.564+0000] {logging_mixin.py:190} INFO - [2026-08-06T04:49:40.563+0000] {dag.py:4180} INFO - Setting next_dagrun for example_weekday_branch_operator to 2026-08-05 00:00:00+00:00, run_after=2026-08-06 00:00:00+00:00
[2026-08-06T04:49:40.607+0000] {processor.py:208} INFO - Processing /home/airflow/.local/lib/python3.12/site-packages/airflow/example_dags/example_branch_day_of_week_operator.py took 0.193 seconds
[2026-08-06T04:50:10.896+0000] {processor.py:186} INFO - Started process (PID=531) to work on /home/airflow/.local/lib/python3.12/site-packages/airflow/example_dags/example_branch_day_of_week_operator.py
[2026-08-06T04:50:10.898+0000] {processor.py:914} INFO - Processing file /home/airflow/.local/lib/python3.12/site-packages/airflow/example_dags/example_branch_day_of_week_operator.py for tasks to queue
[2026-08-06T04:50:10.901+0000] {logging_mixin.py:190} INFO - [2026-08-06T04:50:10.900+0000] {dagbag.py:588} INFO - Filling up the DagBag from /home/airflow/.local/lib/python3.12/site-packages/airflow/example_dags/example_branch_day_of_week_operator.py
[2026-08-06T04:50:10.920+0000] {processor.py:925} INFO - DAG(s) 'example_weekday_branch_operator' retrieved from /home/airflow/.local/lib/python3.12/site-packages/airflow/example_dags/example_branch_day_of_week_operator.py
[2026-08-06T04:50:10.950+0000] {logging_mixin.py:190} INFO - [2026-08-06T04:50:10.950+0000] {dag.py:3239} INFO - Sync 1 DAGs
[2026-08-06T04:50:10.989+0000] {logging_mixin.py:190} INFO - [2026-08-06T04:50:10.989+0000] {dag.py:4180} INFO - Setting next_dagrun for example_weekday_branch_operator to 2026-08-05 00:00:00+00:00, run_after=2026-08-06 00:00:00+00:00
[2026-08-06T04:50:11.060+0000] {processor.py:208} INFO - Processing /home/airflow/.local/lib/python3.12/site-packages/airflow/example_dags/example_branch_day_of_week_operator.py took 0.173 seconds
[2026-08-06T04:50:41.862+0000] {processor.py:186} INFO - Started process (PID=594) to work on /home/airflow/.local/lib/python3.12/site-packages/airflow/example_dags/example_branch_day_of_week_operator.py
[2026-08-06T04:50:41.864+0000] {processor.py:914} INFO - Processing file /home/airflow/.local/lib/python3.12/site-packages/airflow/example_dags/example_branch_day_of_week_operator.py for tasks to queue
[2026-08-06T04:50:41.871+0000] {logging_mixin.py:190} INFO - [2026-08-06T04:50:41.870+0000] {dagbag.py:588} INFO - Filling up the DagBag from /home/airflow/.local/lib/python3.12/site-packages/airflow/example_dags/example_branch_day_of_week_operator.py
[2026-08-06T04:50:41.892+0000] {processor.py:925} INFO - DAG(s) 'example_weekday_branch_operator' retrieved from /home/airflow/.local/lib/python3.12/site-packages/airflow/example_dags/example_branch_day_of_week_operator.py
[2026-08-06T04:50:41.922+0000] {logging_mixin.py:190} INFO - [2026-08-06T04:50:41.922+0000] {dag.py:3239} INFO - Sync 1 DAGs
[2026-08-06T04:50:41.973+0000] {logging_mixin.py:190} INFO - [2026-08-06T04:50:41.973+0000] {dag.py:4180} INFO - Setting next_dagrun for example_weekday_branch_operator to 2026-08-05 00:00:00+00:00, run_after=2026-08-06 00:00:00+00:00
[2026-08-06T04:50:42.031+0000] {processor.py:208} INFO - Processing /home/airflow/.local/lib/python3.12/site-packages/airflow/example_dags/example_branch_day_of_week_operator.py took 0.177 seconds
[2026-08-06T04:51:12.518+0000] {processor.py:186} INFO - Started process (PID=657) to work on /home/airflow/.local/lib/python3.12/site-packages/airflow/example_dags/example_branch_day_of_week_operator.py
[2026-08-06T04:51:12.521+0000] {processor.py:914} INFO - Processing file /home/airflow/.local/lib/python3.12/site-packages/airflow/example_dags/example_branch_day_of_week_operator.py for tasks to queue
[2026-08-06T04:51:12.526+0000] {logging_mixin.py:190} INFO - [2026-08-06T04:51:12.525+0000] {dagbag.py:588} INFO - Filling up the DagBag from /home/airflow/.local/lib/python3.12/site-packages/airflow/example_dags/example_branch_day_of_week_operator.py
[2026-08-06T04:51:12.546+0000] {processor.py:925} INFO - DAG(s) 'example_weekday_branch_operator' retrieved from /home/airflow/.local/lib/python3.12/site-packages/airflow/example_dags/example_branch_day_of_week_operator.py
[2026-08-06T04:51:12.605+0000] {logging_mixin.py:190} INFO - [2026-08-06T04:51:12.604+0000] {dag.py:3239} INFO - Sync 1 DAGs
[2026-08-06T04:51:12.647+0000] {logging_mixin.py:190} INFO - [2026-08-06T04:51:12.647+0000] {dag.py:4180} INFO - Setting next_dagrun for example_weekday_branch_operator to 2026-08-05 00:00:00+00:00, run_after=2026-08-06 00:00:00+00:00
[2026-08-06T04:51:12.703+0000] {processor.py:208} INFO - Processing /home/airflow/.local/lib/python3.12/site-packages/airflow/example_dags/example_branch_day_of_week_operator.py took 0.194 seconds
[2026-08-06T04:51:43.330+0000] {processor.py:186} INFO - Started process (PID=720) to work on /home/airflow/.local/lib/python3.12/site-packages/airflow/example_dags/example_branch_day_of_week_operator.py
[2026-08-06T04:51:43.331+0000] {processor.py:914} INFO - Processing file /home/airflow/.local/lib/python3.12/site-packages/airflow/example_dags/example_branch_day_of_week_operator.py for tasks to queue
[2026-08-06T04:51:43.334+0000] {logging_mixin.py:190} INFO - [2026-08-06T04:51:43.334+0000] {dagbag.py:588} INFO - Filling up the DagBag from /home/airflow/.local/lib/python3.12/site-packages/airflow/example_dags/example_branch_day_of_week_operator.py
[2026-08-06T04:51:43.385+0000] {processor.py:925} INFO - DAG(s) 'example_weekday_branch_operator' retrieved from /home/airflow/.local/lib/python3.12/site-packages/airflow/example_dags/example_branch_day_of_week_operator.py
[2026-08-06T04:51:43.435+0000] {logging_mixin.py:190} INFO - [2026-08-06T04:51:43.435+0000] {dag.py:3239} INFO - Sync 1 DAGs
[2026-08-06T04:51:43.499+0000] {logging_mixin.py:190} INFO - [2026-08-06T04:51:43.498+0000] {dag.py:4180} INFO - Setting next_dagrun for example_weekday_branch_operator to 2026-08-05 00:00:00+00:00, run_after=2026-08-06 00:00:00+00:00
[2026-08-06T04:51:43.532+0000] {processor.py:208} INFO - Processing /home/airflow/.local/lib/python3.12/site-packages/airflow/example_dags/example_branch_day_of_week_operator.py took 0.212 seconds
[2026-08-06T04:52:13.730+0000] {processor.py:186} INFO - Started process (PID=783) to work on /home/airflow/.local/lib/python3.12/site-packages/airflow/example_dags/example_branch_day_of_week_operator.py
[2026-08-06T04:52:13.732+0000] {processor.py:914} INFO - Processing file /home/airflow/.local/lib/python3.12/site-packages/airflow/example_dags/example_branch_day_of_week_operator.py for tasks to queue
[2026-08-06T04:52:13.737+0000] {logging_mixin.py:190} INFO - [2026-08-06T04:52:13.736+0000] {dagbag.py:588} INFO - Filling up the DagBag from /home/airflow/.local/lib/python3.12/site-packages/airflow/example_dags/example_branch_day_of_week_operator.py
[2026-08-06T04:52:13.761+0000] {processor.py:925} INFO - DAG(s) 'example_weekday_branch_operator' retrieved from /home/airflow/.local/lib/python3.12/site-packages/airflow/example_dags/example_branch_day_of_week_operator.py
[2026-08-06T04:52:13.813+0000] {logging_mixin.py:190} INFO - [2026-08-06T04:52:13.812+0000] {dag.py:3239} INFO - Sync 1 DAGs
[2026-08-06T04:52:13.862+0000] {logging_mixin.py:190} INFO - [2026-08-06T04:52:13.861+0000] {dag.py:4180} INFO - Setting next_dagrun for example_weekday_branch_operator to 2026-08-05 00:00:00+00:00, run_after=2026-08-06 00:00:00+00:00
[2026-08-06T04:52:13.889+0000] {processor.py:208} INFO - Processing /home/airflow/.local/lib/python3.12/site-packages/airflow/example_dags/example_branch_day_of_week_operator.py took 0.170 seconds
[2026-08-06T04:52:44.099+0000] {processor.py:186} INFO - Started process (PID=847) to work on /home/airflow/.local/lib/python3.12/site-packages/airflow/example_dags/example_branch_day_of_week_operator.py
[2026-08-06T04:52:44.101+0000] {processor.py:914} INFO - Processing file /home/airflow/.local/lib/python3.12/site-packages/airflow/example_dags/example_branch_day_of_week_operator.py for tasks to queue
[2026-08-06T04:52:44.108+0000] {logging_mixin.py:190} INFO - [2026-08-06T04:52:44.107+0000] {dagbag.py:588} INFO - Filling up the DagBag from /home/airflow/.local/lib/python3.12/site-packages/airflow/example_dags/example_branch_day_of_week_operator.py
[2026-08-06T04:52:44.129+0000] {processor.py:925} INFO - DAG(s) 'example_weekday_branch_operator' retrieved from /home/airflow/.local/lib/python3.12/site-packages/airflow/example_dags/example_branch_day_of_week_operator.py
[2026-08-06T04:52:44.172+0000] {logging_mixin.py:190} INFO - [2026-08-06T04:52:44.171+0000] {dag.py:3239} INFO - Sync 1 DAGs
[2026-08-06T04:52:44.217+0000] {logging_mixin.py:190} INFO - [2026-08-06T04:52:44.216+0000] {dag.py:4180} INFO - Setting next_dagrun for example_weekday_branch_operator to 2026-08-05 00:00:00+00:00, run_after=2026-08-06 00:00:00+00:00
[2026-08-06T04:52:44.284+0000] {processor.py:208} INFO - Processing /home/airflow/.local/lib/python3.12/site-packages/airflow/example_dags/example_branch_day_of_week_operator.py took 0.194 seconds
[2026-08-06T05:30:18.445+0000] {processor.py:186} INFO - Started process (PID=93) to work on /home/airflow/.local/lib/python3.12/site-packages/airflow/example_dags/example_branch_day_of_week_operator.py
[2026-08-06T05:30:18.453+0000] {processor.py:914} INFO - Processing file /home/airflow/.local/lib/python3.12/site-packages/airflow/example_dags/example_branch_day_of_week_operator.py for tasks to queue
[2026-08-06T05:30:18.462+0000] {logging_mixin.py:190} INFO - [2026-08-06T05:30:18.461+0000] {dagbag.py:588} INFO - Filling up the DagBag from /home/airflow/.local/lib/python3.12/site-packages/airflow/example_dags/example_branch_day_of_week_operator.py
[2026-08-06T05:30:18.489+0000] {processor.py:925} INFO - DAG(s) 'example_weekday_branch_operator' retrieved from /home/airflow/.local/lib/python3.12/site-packages/airflow/example_dags/example_branch_day_of_week_operator.py
[2026-08-06T05:30:18.534+0000] {logging_mixin.py:190} INFO - [2026-08-06T05:30:18.534+0000] {dag.py:3239} INFO - Sync 1 DAGs
[2026-08-06T05:30:18.574+0000] {logging_mixin.py:190} INFO - [2026-08-06T05:30:18.573+0000] {dag.py:4180} INFO - Setting next_dagrun for example_weekday_branch_operator to 2026-08-05 00:00:00+00:00, run_after=2026-08-06 00:00:00+00:00
[2026-08-06T05:30:18.613+0000] {processor.py:208} INFO - Processing /home/airflow/.local/lib/python3.12/site-packages/airflow/example_dags/example_branch_day_of_week_operator.py took 0.189 seconds
[2026-08-06T05:30:48.976+0000] {processor.py:186} INFO - Started process (PID=156) to work on /home/airflow/.local/lib/python3.12/site-packages/airflow/example_dags/example_branch_day_of_week_operator.py
[2026-08-06T05:30:48.978+0000] {processor.py:914} INFO - Processing file /home/airflow/.local/lib/python3.12/site-packages/airflow/example_dags/example_branch_day_of_week_operator.py for tasks to queue
[2026-08-06T05:30:48.981+0000] {logging_mixin.py:190} INFO - [2026-08-06T05:30:48.980+0000] {dagbag.py:588} INFO - Filling up the DagBag from /home/airflow/.local/lib/python3.12/site-packages/airflow/example_dags/example_branch_day_of_week_operator.py
[2026-08-06T05:30:48.993+0000] {processor.py:925} INFO - DAG(s) 'example_weekday_branch_operator' retrieved from /home/airflow/.local/lib/python3.12/site-packages/airflow/example_dags/example_branch_day_of_week_operator.py
[2026-08-06T05:30:49.021+0000] {logging_mixin.py:190} INFO - [2026-08-06T05:30:49.019+0000] {dag.py:3239} INFO - Sync 1 DAGs
[2026-08-06T05:30:49.065+0000] {logging_mixin.py:190} INFO - [2026-08-06T05:30:49.064+0000] {dag.py:4180} INFO - Setting next_dagrun for example_weekday_branch_operator to 2026-08-05 00:00:00+00:00, run_after=2026-08-06 00:00:00+00:00
[2026-08-06T05:30:49.087+0000] {processor.py:208} INFO - Processing /home/airflow/.local/lib/python3.12/site-packages/airflow/example_dags/example_branch_day_of_week_operator.py took 0.119 seconds
[2026-08-06T05:33:12.258+0000] {processor.py:186} INFO - Started process (PID=87) to work on /home/airflow/.local/lib/python3.12/site-packages/airflow/example_dags/example_branch_day_of_week_operator.py
[2026-08-06T05:33:12.260+0000] {processor.py:914} INFO - Processing file /home/airflow/.local/lib/python3.12/site-packages/airflow/example_dags/example_branch_day_of_week_operator.py for tasks to queue
[2026-08-06T05:33:12.265+0000] {logging_mixin.py:190} INFO - [2026-08-06T05:33:12.264+0000] {dagbag.py:588} INFO - Filling up the DagBag from /home/airflow/.local/lib/python3.12/site-packages/airflow/example_dags/example_branch_day_of_week_operator.py
[2026-08-06T05:33:12.281+0000] {processor.py:925} INFO - DAG(s) 'example_weekday_branch_operator' retrieved from /home/airflow/.local/lib/python3.12/site-packages/airflow/example_dags/example_branch_day_of_week_operator.py
[2026-08-06T05:33:12.319+0000] {logging_mixin.py:190} INFO - [2026-08-06T05:33:12.318+0000] {dag.py:3239} INFO - Sync 1 DAGs
[2026-08-06T05:33:12.367+0000] {logging_mixin.py:190} INFO - [2026-08-06T05:33:12.367+0000] {dag.py:4180} INFO - Setting next_dagrun for example_weekday_branch_operator to 2026-08-05 00:00:00+00:00, run_after=2026-08-06 00:00:00+00:00
[2026-08-06T05:33:12.471+0000] {processor.py:208} INFO - Processing /home/airflow/.local/lib/python3.12/site-packages/airflow/example_dags/example_branch_day_of_week_operator.py took 0.221 seconds
[2026-08-06T05:33:42.826+0000] {processor.py:186} INFO - Started process (PID=150) to work on /home/airflow/.local/lib/python3.12/site-packages/airflow/example_dags/example_branch_day_of_week_operator.py
[2026-08-06T05:33:42.828+0000] {processor.py:914} INFO - Processing file /home/airflow/.local/lib/python3.12/site-packages/airflow/example_dags/example_branch_day_of_week_operator.py for tasks to queue
[2026-08-06T05:33:42.832+0000] {logging_mixin.py:190} INFO - [2026-08-06T05:33:42.831+0000] {dagbag.py:588} INFO - Filling up the DagBag from /home/airflow/.local/lib/python3.12/site-packages/airflow/example_dags/example_branch_day_of_week_operator.py
[2026-08-06T05:33:42.847+0000] {processor.py:925} INFO - DAG(s) 'example_weekday_branch_operator' retrieved from /home/airflow/.local/lib/python3.12/site-packages/airflow/example_dags/example_branch_day_of_week_operator.py
[2026-08-06T05:33:42.877+0000] {logging_mixin.py:190} INFO - [2026-08-06T05:33:42.877+0000] {dag.py:3239} INFO - Sync 1 DAGs
[2026-08-06T05:33:42.921+0000] {logging_mixin.py:190} INFO - [2026-08-06T05:33:42.921+0000] {dag.py:4180} INFO - Setting next_dagrun for example_weekday_branch_operator to 2026-08-05 00:00:00+00:00, run_after=2026-08-06 00:00:00+00:00
[2026-08-06T05:33:42.985+0000] {processor.py:208} INFO - Processing /home/airflow/.local/lib/python3.12/site-packages/airflow/example_dags/example_branch_day_of_week_operator.py took 0.169 seconds
[2026-08-06T05:34:13.752+0000] {processor.py:186} INFO - Started process (PID=212) to work on /home/airflow/.local/lib/python3.12/site-packages/airflow/example_dags/example_branch_day_of_week_operator.py
[2026-08-06T05:34:13.753+0000] {processor.py:914} INFO - Processing file /home/airflow/.local/lib/python3.12/site-packages/airflow/example_dags/example_branch_day_of_week_operator.py for tasks to queue
[2026-08-06T05:34:13.762+0000] {logging_mixin.py:190} INFO - [2026-08-06T05:34:13.760+0000] {dagbag.py:588} INFO - Filling up the DagBag from /home/airflow/.local/lib/python3.12/site-packages/airflow/example_dags/example_branch_day_of_week_operator.py
[2026-08-06T05:34:13.800+0000] {processor.py:925} INFO - DAG(s) 'example_weekday_branch_operator' retrieved from /home/airflow/.local/lib/python3.12/site-packages/airflow/example_dags/example_branch_day_of_week_operator.py
[2026-08-06T05:34:13.889+0000] {logging_mixin.py:190} INFO - [2026-08-06T05:34:13.889+0000] {dag.py:3239} INFO - Sync 1 DAGs
[2026-08-06T05:34:13.924+0000] {logging_mixin.py:190} INFO - [2026-08-06T05:34:13.923+0000] {dag.py:4180} INFO - Setting next_dagrun for example_weekday_branch_operator to 2026-08-05 00:00:00+00:00, run_after=2026-08-06 00:00:00+00:00
[2026-08-06T05:34:13.957+0000] {processor.py:208} INFO - Processing /home/airflow/.local/lib/python3.12/site-packages/airflow/example_dags/example_branch_day_of_week_operator.py took 0.214 seconds
[2026-08-06T05:34:45.183+0000] {processor.py:186} INFO - Started process (PID=276) to work on /home/airflow/.local/lib/python3.12/site-packages/airflow/example_dags/example_branch_day_of_week_operator.py
[2026-08-06T05:34:45.185+0000] {processor.py:914} INFO - Processing file /home/airflow/.local/lib/python3.12/site-packages/airflow/example_dags/example_branch_day_of_week_operator.py for tasks to queue
[2026-08-06T05:34:45.191+0000] {logging_mixin.py:190} INFO - [2026-08-06T05:34:45.190+0000] {dagbag.py:588} INFO - Filling up the DagBag from /home/airflow/.local/lib/python3.12/site-packages/airflow/example_dags/example_branch_day_of_week_operator.py
[2026-08-06T05:34:45.209+0000] {processor.py:925} INFO - DAG(s) 'example_weekday_branch_operator' retrieved from /home/airflow/.local/lib/python3.12/site-packages/airflow/example_dags/example_branch_day_of_week_operator.py
[2026-08-06T05:34:45.238+0000] {logging_mixin.py:190} INFO - [2026-08-06T05:34:45.237+0000] {dag.py:3239} INFO - Sync 1 DAGs
[2026-08-06T05:34:45.280+0000] {logging_mixin.py:190} INFO - [2026-08-06T05:34:45.280+0000] {dag.py:4180} INFO - Setting next_dagrun for example_weekday_branch_operator to 2026-08-05 00:00:00+00:00, run_after=2026-08-06 00:00:00+00:00
[2026-08-06T05:34:45.334+0000] {processor.py:208} INFO - Processing /home/airflow/.local/lib/python3.12/site-packages/airflow/example_dags/example_branch_day_of_week_operator.py took 0.169 seconds
[2026-08-06T05:35:16.867+0000] {processor.py:186} INFO - Started process (PID=338) to work on /home/airflow/.local/lib/python3.12/site-packages/airflow/example_dags/example_branch_day_of_week_operator.py
[2026-08-06T05:35:16.869+0000] {processor.py:914} INFO - Processing file /home/airflow/.local/lib/python3.12/site-packages/airflow/example_dags/example_branch_day_of_week_operator.py for tasks to queue
[2026-08-06T05:35:16.873+0000] {logging_mixin.py:190} INFO - [2026-08-06T05:35:16.873+0000] {dagbag.py:588} INFO - Filling up the DagBag from /home/airflow/.local/lib/python3.12/site-packages/airflow/example_dags/example_branch_day_of_week_operator.py
[2026-08-06T05:35:16.885+0000] {processor.py:925} INFO - DAG(s) 'example_weekday_branch_operator' retrieved from /home/airflow/.local/lib/python3.12/site-packages/airflow/example_dags/example_branch_day_of_week_operator.py
[2026-08-06T05:35:16.935+0000] {logging_mixin.py:190} INFO - [2026-08-06T05:35:16.934+0000] {dag.py:3239} INFO - Sync 1 DAGs
[2026-08-06T05:35:17.016+0000] {logging_mixin.py:190} INFO - [2026-08-06T05:35:17.006+0000] {dag.py:4180} INFO - Setting next_dagrun for example_weekday_branch_operator to 2026-08-05 00:00:00+00:00, run_after=2026-08-06 00:00:00+00:00
[2026-08-06T05:35:17.087+0000] {processor.py:208} INFO - Processing /home/airflow/.local/lib/python3.12/site-packages/airflow/example_dags/example_branch_day_of_week_operator.py took 0.228 seconds
[2026-08-06T05:37:01.215+0000] {processor.py:186} INFO - Started process (PID=93) to work on /home/airflow/.local/lib/python3.12/site-packages/airflow/example_dags/example_branch_day_of_week_operator.py
[2026-08-06T05:37:01.217+0000] {processor.py:914} INFO - Processing file /home/airflow/.local/lib/python3.12/site-packages/airflow/example_dags/example_branch_day_of_week_operator.py for tasks to queue
[2026-08-06T05:37:01.223+0000] {logging_mixin.py:190} INFO - [2026-08-06T05:37:01.223+0000] {dagbag.py:588} INFO - Filling up the DagBag from /home/airflow/.local/lib/python3.12/site-packages/airflow/example_dags/example_branch_day_of_week_operator.py
[2026-08-06T05:37:01.246+0000] {processor.py:925} INFO - DAG(s) 'example_weekday_branch_operator' retrieved from /home/airflow/.local/lib/python3.12/site-packages/airflow/example_dags/example_branch_day_of_week_operator.py
[2026-08-06T05:37:01.285+0000] {logging_mixin.py:190} INFO - [2026-08-06T05:37:01.284+0000] {dag.py:3239} INFO - Sync 1 DAGs
[2026-08-06T05:37:01.348+0000] {logging_mixin.py:190} INFO - [2026-08-06T05:37:01.347+0000] {dag.py:4180} INFO - Setting next_dagrun for example_weekday_branch_operator to 2026-08-05 00:00:00+00:00, run_after=2026-08-06 00:00:00+00:00
[2026-08-06T05:37:01.392+0000] {processor.py:208} INFO - Processing /home/airflow/.local/lib/python3.12/site-packages/airflow/example_dags/example_branch_day_of_week_operator.py took 0.190 seconds
[2026-08-06T05:37:31.872+0000] {processor.py:186} INFO - Started process (PID=157) to work on /home/airflow/.local/lib/python3.12/site-packages/airflow/example_dags/example_branch_day_of_week_operator.py
[2026-08-06T05:37:31.874+0000] {processor.py:914} INFO - Processing file /home/airflow/.local/lib/python3.12/site-packages/airflow/example_dags/example_branch_day_of_week_operator.py for tasks to queue
[2026-08-06T05:37:31.877+0000] {logging_mixin.py:190} INFO - [2026-08-06T05:37:31.877+0000] {dagbag.py:588} INFO - Filling up the DagBag from /home/airflow/.local/lib/python3.12/site-packages/airflow/example_dags/example_branch_day_of_week_operator.py
[2026-08-06T05:37:31.891+0000] {processor.py:925} INFO - DAG(s) 'example_weekday_branch_operator' retrieved from /home/airflow/.local/lib/python3.12/site-packages/airflow/example_dags/example_branch_day_of_week_operator.py
[2026-08-06T05:37:31.922+0000] {logging_mixin.py:190} INFO - [2026-08-06T05:37:31.921+0000] {dag.py:3239} INFO - Sync 1 DAGs
[2026-08-06T05:37:31.956+0000] {logging_mixin.py:190} INFO - [2026-08-06T05:37:31.956+0000] {dag.py:4180} INFO - Setting next_dagrun for example_weekday_branch_operator to 2026-08-05 00:00:00+00:00, run_after=2026-08-06 00:00:00+00:00
[2026-08-06T05:37:32.023+0000] {processor.py:208} INFO - Processing /home/airflow/.local/lib/python3.12/site-packages/airflow/example_dags/example_branch_day_of_week_operator.py took 0.159 seconds
[2026-08-06T05:38:02.981+0000] {processor.py:186} INFO - Started process (PID=221) to work on /home/airflow/.local/lib/python3.12/site-packages/airflow/example_dags/example_branch_day_of_week_operator.py
[2026-08-06T05:38:02.983+0000] {processor.py:914} INFO - Processing file /home/airflow/.local/lib/python3.12/site-packages/airflow/example_dags/example_branch_day_of_week_operator.py for tasks to queue
[2026-08-06T05:38:02.987+0000] {logging_mixin.py:190} INFO - [2026-08-06T05:38:02.986+0000] {dagbag.py:588} INFO - Filling up the DagBag from /home/airflow/.local/lib/python3.12/site-packages/airflow/example_dags/example_branch_day_of_week_operator.py
[2026-08-06T05:38:02.999+0000] {processor.py:925} INFO - DAG(s) 'example_weekday_branch_operator' retrieved from /home/airflow/.local/lib/python3.12/site-packages/airflow/example_dags/example_branch_day_of_week_operator.py
[2026-08-06T05:38:03.039+0000] {logging_mixin.py:190} INFO - [2026-08-06T05:38:03.038+0000] {dag.py:3239} INFO - Sync 1 DAGs
[2026-08-06T05:38:03.071+0000] {logging_mixin.py:190} INFO - [2026-08-06T05:38:03.070+0000] {dag.py:4180} INFO - Setting next_dagrun for example_weekday_branch_operator to 2026-08-05 00:00:00+00:00, run_after=2026-08-06 00:00:00+00:00
[2026-08-06T05:38:03.107+0000] {processor.py:208} INFO - Processing /home/airflow/.local/lib/python3.12/site-packages/airflow/example_dags/example_branch_day_of_week_operator.py took 0.133 seconds
[2026-08-06T05:38:36.771+0000] {processor.py:186} INFO - Started process (PID=292) to work on /home/airflow/.local/lib/python3.12/site-packages/airflow/example_dags/example_branch_day_of_week_operator.py
[2026-08-06T05:38:36.774+0000] {processor.py:914} INFO - Processing file /home/airflow/.local/lib/python3.12/site-packages/airflow/example_dags/example_branch_day_of_week_operator.py for tasks to queue
[2026-08-06T05:38:36.784+0000] {logging_mixin.py:190} INFO - [2026-08-06T05:38:36.782+0000] {dagbag.py:588} INFO - Filling up the DagBag from /home/airflow/.local/lib/python3.12/site-packages/airflow/example_dags/example_branch_day_of_week_operator.py
[2026-08-06T05:38:36.822+0000] {processor.py:925} INFO - DAG(s) 'example_weekday_branch_operator' retrieved from /home/airflow/.local/lib/python3.12/site-packages/airflow/example_dags/example_branch_day_of_week_operator.py
[2026-08-06T05:38:36.919+0000] {logging_mixin.py:190} INFO - [2026-08-06T05:38:36.918+0000] {dag.py:3239} INFO - Sync 1 DAGs
[2026-08-06T05:38:37.056+0000] {logging_mixin.py:190} INFO - [2026-08-06T05:38:37.055+0000] {dag.py:4180} INFO - Setting next_dagrun for example_weekday_branch_operator to 2026-08-05 00:00:00+00:00, run_after=2026-08-06 00:00:00+00:00
[2026-08-06T05:38:37.120+0000] {processor.py:208} INFO - Processing /home/airflow/.local/lib/python3.12/site-packages/airflow/example_dags/example_branch_day_of_week_operator.py took 0.371 seconds
[2026-08-06T05:39:07.868+0000] {processor.py:186} INFO - Started process (PID=364) to work on /home/airflow/.local/lib/python3.12/site-packages/airflow/example_dags/example_branch_day_of_week_operator.py
[2026-08-06T05:39:07.870+0000] {processor.py:914} INFO - Processing file /home/airflow/.local/lib/python3.12/site-packages/airflow/example_dags/example_branch_day_of_week_operator.py for tasks to queue
[2026-08-06T05:39:07.875+0000] {logging_mixin.py:190} INFO - [2026-08-06T05:39:07.875+0000] {dagbag.py:588} INFO - Filling up the DagBag from /home/airflow/.local/lib/python3.12/site-packages/airflow/example_dags/example_branch_day_of_week_operator.py
[2026-08-06T05:39:07.898+0000] {processor.py:925} INFO - DAG(s) 'example_weekday_branch_operator' retrieved from /home/airflow/.local/lib/python3.12/site-packages/airflow/example_dags/example_branch_day_of_week_operator.py
[2026-08-06T05:39:07.934+0000] {logging_mixin.py:190} INFO - [2026-08-06T05:39:07.933+0000] {dag.py:3239} INFO - Sync 1 DAGs
[2026-08-06T05:39:07.977+0000] {logging_mixin.py:190} INFO - [2026-08-06T05:39:07.976+0000] {dag.py:4180} INFO - Setting next_dagrun for example_weekday_branch_operator to 2026-08-05 00:00:00+00:00, run_after=2026-08-06 00:00:00+00:00
[2026-08-06T05:39:08.016+0000] {processor.py:208} INFO - Processing /home/airflow/.local/lib/python3.12/site-packages/airflow/example_dags/example_branch_day_of_week_operator.py took 0.156 seconds
[2026-08-06T05:39:42.706+0000] {processor.py:186} INFO - Started process (PID=428) to work on /home/airflow/.local/lib/python3.12/site-packages/airflow/example_dags/example_branch_day_of_week_operator.py
[2026-08-06T05:39:42.709+0000] {processor.py:914} INFO - Processing file /home/airflow/.local/lib/python3.12/site-packages/airflow/example_dags/example_branch_day_of_week_operator.py for tasks to queue
[2026-08-06T05:39:42.714+0000] {logging_mixin.py:190} INFO - [2026-08-06T05:39:42.713+0000] {dagbag.py:588} INFO - Filling up the DagBag from /home/airflow/.local/lib/python3.12/site-packages/airflow/example_dags/example_branch_day_of_week_operator.py
[2026-08-06T05:39:42.732+0000] {processor.py:925} INFO - DAG(s) 'example_weekday_branch_operator' retrieved from /home/airflow/.local/lib/python3.12/site-packages/airflow/example_dags/example_branch_day_of_week_operator.py
[2026-08-06T05:39:42.770+0000] {logging_mixin.py:190} INFO - [2026-08-06T05:39:42.769+0000] {dag.py:3239} INFO - Sync 1 DAGs
[2026-08-06T05:39:42.812+0000] {logging_mixin.py:190} INFO - [2026-08-06T05:39:42.812+0000] {dag.py:4180} INFO - Setting next_dagrun for example_weekday_branch_operator to 2026-08-05 00:00:00+00:00, run_after=2026-08-06 00:00:00+00:00
[2026-08-06T05:39:42.847+0000] {processor.py:208} INFO - Processing /home/airflow/.local/lib/python3.12/site-packages/airflow/example_dags/example_branch_day_of_week_operator.py took 0.151 seconds
[2026-08-06T05:40:13.017+0000] {processor.py:186} INFO - Started process (PID=492) to work on /home/airflow/.local/lib/python3.12/site-packages/airflow/example_dags/example_branch_day_of_week_operator.py
[2026-08-06T05:40:13.025+0000] {processor.py:914} INFO - Processing file /home/airflow/.local/lib/python3.12/site-packages/airflow/example_dags/example_branch_day_of_week_operator.py for tasks to queue
[2026-08-06T05:40:13.033+0000] {logging_mixin.py:190} INFO - [2026-08-06T05:40:13.032+0000] {dagbag.py:588} INFO - Filling up the DagBag from /home/airflow/.local/lib/python3.12/site-packages/airflow/example_dags/example_branch_day_of_week_operator.py
[2026-08-06T05:40:13.058+0000] {processor.py:925} INFO - DAG(s) 'example_weekday_branch_operator' retrieved from /home/airflow/.local/lib/python3.12/site-packages/airflow/example_dags/example_branch_day_of_week_operator.py
[2026-08-06T05:40:13.097+0000] {logging_mixin.py:190} INFO - [2026-08-06T05:40:13.096+0000] {dag.py:3239} INFO - Sync 1 DAGs
[2026-08-06T05:40:13.161+0000] {logging_mixin.py:190} INFO - [2026-08-06T05:40:13.160+0000] {dag.py:4180} INFO - Setting next_dagrun for example_weekday_branch_operator to 2026-08-05 00:00:00+00:00, run_after=2026-08-06 00:00:00+00:00
[2026-08-06T05:40:13.229+0000] {processor.py:208} INFO - Processing /home/airflow/.local/lib/python3.12/site-packages/airflow/example_dags/example_branch_day_of_week_operator.py took 0.227 seconds
[2026-08-06T05:40:44.400+0000] {processor.py:186} INFO - Started process (PID=556) to work on /home/airflow/.local/lib/python3.12/site-packages/airflow/example_dags/example_branch_day_of_week_operator.py
[2026-08-06T05:40:44.402+0000] {processor.py:914} INFO - Processing file /home/airflow/.local/lib/python3.12/site-packages/airflow/example_dags/example_branch_day_of_week_operator.py for tasks to queue
[2026-08-06T05:40:44.406+0000] {logging_mixin.py:190} INFO - [2026-08-06T05:40:44.405+0000] {dagbag.py:588} INFO - Filling up the DagBag from /home/airflow/.local/lib/python3.12/site-packages/airflow/example_dags/example_branch_day_of_week_operator.py
[2026-08-06T05:40:44.424+0000] {processor.py:925} INFO - DAG(s) 'example_weekday_branch_operator' retrieved from /home/airflow/.local/lib/python3.12/site-packages/airflow/example_dags/example_branch_day_of_week_operator.py
[2026-08-06T05:40:44.458+0000] {logging_mixin.py:190} INFO - [2026-08-06T05:40:44.457+0000] {dag.py:3239} INFO - Sync 1 DAGs
[2026-08-06T05:40:44.502+0000] {logging_mixin.py:190} INFO - [2026-08-06T05:40:44.501+0000] {dag.py:4180} INFO - Setting next_dagrun for example_weekday_branch_operator to 2026-08-05 00:00:00+00:00, run_after=2026-08-06 00:00:00+00:00
[2026-08-06T05:40:44.546+0000] {processor.py:208} INFO - Processing /home/airflow/.local/lib/python3.12/site-packages/airflow/example_dags/example_branch_day_of_week_operator.py took 0.157 seconds
[2026-08-06T05:41:14.817+0000] {processor.py:186} INFO - Started process (PID=620) to work on /home/airflow/.local/lib/python3.12/site-packages/airflow/example_dags/example_branch_day_of_week_operator.py
[2026-08-06T05:41:14.825+0000] {processor.py:914} INFO - Processing file /home/airflow/.local/lib/python3.12/site-packages/airflow/example_dags/example_branch_day_of_week_operator.py for tasks to queue
[2026-08-06T05:41:14.851+0000] {logging_mixin.py:190} INFO - [2026-08-06T05:41:14.851+0000] {dagbag.py:588} INFO - Filling up the DagBag from /home/airflow/.local/lib/python3.12/site-packages/airflow/example_dags/example_branch_day_of_week_operator.py
[2026-08-06T05:41:14.892+0000] {processor.py:925} INFO - DAG(s) 'example_weekday_branch_operator' retrieved from /home/airflow/.local/lib/python3.12/site-packages/airflow/example_dags/example_branch_day_of_week_operator.py
[2026-08-06T05:41:14.936+0000] {logging_mixin.py:190} INFO - [2026-08-06T05:41:14.935+0000] {dag.py:3239} INFO - Sync 1 DAGs
[2026-08-06T05:41:15.008+0000] {logging_mixin.py:190} INFO - [2026-08-06T05:41:15.007+0000] {dag.py:4180} INFO - Setting next_dagrun for example_weekday_branch_operator to 2026-08-05 00:00:00+00:00, run_after=2026-08-06 00:00:00+00:00
[2026-08-06T05:41:15.051+0000] {processor.py:208} INFO - Processing /home/airflow/.local/lib/python3.12/site-packages/airflow/example_dags/example_branch_day_of_week_operator.py took 0.256 seconds
[2026-08-06T05:41:46.550+0000] {processor.py:186} INFO - Started process (PID=684) to work on /home/airflow/.local/lib/python3.12/site-packages/airflow/example_dags/example_branch_day_of_week_operator.py
[2026-08-06T05:41:46.552+0000] {processor.py:914} INFO - Processing file /home/airflow/.local/lib/python3.12/site-packages/airflow/example_dags/example_branch_day_of_week_operator.py for tasks to queue
[2026-08-06T05:41:46.557+0000] {logging_mixin.py:190} INFO - [2026-08-06T05:41:46.557+0000] {dagbag.py:588} INFO - Filling up the DagBag from /home/airflow/.local/lib/python3.12/site-packages/airflow/example_dags/example_branch_day_of_week_operator.py
[2026-08-06T05:41:46.581+0000] {processor.py:925} INFO - DAG(s) 'example_weekday_branch_operator' retrieved from /home/airflow/.local/lib/python3.12/site-packages/airflow/example_dags/example_branch_day_of_week_operator.py
[2026-08-06T05:41:46.626+0000] {logging_mixin.py:190} INFO - [2026-08-06T05:41:46.626+0000] {dag.py:3239} INFO - Sync 1 DAGs
[2026-08-06T05:41:46.675+0000] {logging_mixin.py:190} INFO - [2026-08-06T05:41:46.674+0000] {dag.py:4180} INFO - Setting next_dagrun for example_weekday_branch_operator to 2026-08-05 00:00:00+00:00, run_after=2026-08-06 00:00:00+00:00
[2026-08-06T05:41:46.713+0000] {processor.py:208} INFO - Processing /home/airflow/.local/lib/python3.12/site-packages/airflow/example_dags/example_branch_day_of_week_operator.py took 0.173 seconds
[2026-08-06T05:42:18.972+0000] {processor.py:186} INFO - Started process (PID=748) to work on /home/airflow/.local/lib/python3.12/site-packages/airflow/example_dags/example_branch_day_of_week_operator.py
[2026-08-06T05:42:18.974+0000] {processor.py:914} INFO - Processing file /home/airflow/.local/lib/python3.12/site-packages/airflow/example_dags/example_branch_day_of_week_operator.py for tasks to queue
[2026-08-06T05:42:18.978+0000] {logging_mixin.py:190} INFO - [2026-08-06T05:42:18.978+0000] {dagbag.py:588} INFO - Filling up the DagBag from /home/airflow/.local/lib/python3.12/site-packages/airflow/example_dags/example_branch_day_of_week_operator.py
[2026-08-06T05:42:18.991+0000] {processor.py:925} INFO - DAG(s) 'example_weekday_branch_operator' retrieved from /home/airflow/.local/lib/python3.12/site-packages/airflow/example_dags/example_branch_day_of_week_operator.py
[2026-08-06T05:42:19.029+0000] {logging_mixin.py:190} INFO - [2026-08-06T05:42:19.028+0000] {dag.py:3239} INFO - Sync 1 DAGs
[2026-08-06T05:42:19.062+0000] {logging_mixin.py:190} INFO - [2026-08-06T05:42:19.061+0000] {dag.py:4180} INFO - Setting next_dagrun for example_weekday_branch_operator to 2026-08-05 00:00:00+00:00, run_after=2026-08-06 00:00:00+00:00
[2026-08-06T05:42:19.130+0000] {processor.py:208} INFO - Processing /home/airflow/.local/lib/python3.12/site-packages/airflow/example_dags/example_branch_day_of_week_operator.py took 0.166 seconds
[2026-08-06T05:42:51.928+0000] {processor.py:186} INFO - Started process (PID=812) to work on /home/airflow/.local/lib/python3.12/site-packages/airflow/example_dags/example_branch_day_of_week_operator.py
[2026-08-06T05:42:51.986+0000] {processor.py:914} INFO - Processing file /home/airflow/.local/lib/python3.12/site-packages/airflow/example_dags/example_branch_day_of_week_operator.py for tasks to queue
[2026-08-06T05:42:52.023+0000] {logging_mixin.py:190} INFO - [2026-08-06T05:42:52.022+0000] {dagbag.py:588} INFO - Filling up the DagBag from /home/airflow/.local/lib/python3.12/site-packages/airflow/example_dags/example_branch_day_of_week_operator.py
[2026-08-06T05:42:52.059+0000] {processor.py:925} INFO - DAG(s) 'example_weekday_branch_operator' retrieved from /home/airflow/.local/lib/python3.12/site-packages/airflow/example_dags/example_branch_day_of_week_operator.py
[2026-08-06T05:42:52.119+0000] {logging_mixin.py:190} INFO - [2026-08-06T05:42:52.118+0000] {dag.py:3239} INFO - Sync 1 DAGs
[2026-08-06T05:42:52.174+0000] {logging_mixin.py:190} INFO - [2026-08-06T05:42:52.173+0000] {dag.py:4180} INFO - Setting next_dagrun for example_weekday_branch_operator to 2026-08-05 00:00:00+00:00, run_after=2026-08-06 00:00:00+00:00
[2026-08-06T05:42:52.260+0000] {processor.py:208} INFO - Processing /home/airflow/.local/lib/python3.12/site-packages/airflow/example_dags/example_branch_day_of_week_operator.py took 0.364 seconds
[2026-08-06T05:43:22.621+0000] {processor.py:186} INFO - Started process (PID=876) to work on /home/airflow/.local/lib/python3.12/site-packages/airflow/example_dags/example_branch_day_of_week_operator.py
[2026-08-06T05:43:22.622+0000] {processor.py:914} INFO - Processing file /home/airflow/.local/lib/python3.12/site-packages/airflow/example_dags/example_branch_day_of_week_operator.py for tasks to queue
[2026-08-06T05:43:22.626+0000] {logging_mixin.py:190} INFO - [2026-08-06T05:43:22.625+0000] {dagbag.py:588} INFO - Filling up the DagBag from /home/airflow/.local/lib/python3.12/site-packages/airflow/example_dags/example_branch_day_of_week_operator.py
[2026-08-06T05:43:22.641+0000] {processor.py:925} INFO - DAG(s) 'example_weekday_branch_operator' retrieved from /home/airflow/.local/lib/python3.12/site-packages/airflow/example_dags/example_branch_day_of_week_operator.py
[2026-08-06T05:43:22.682+0000] {logging_mixin.py:190} INFO - [2026-08-06T05:43:22.681+0000] {dag.py:3239} INFO - Sync 1 DAGs
[2026-08-06T05:43:22.719+0000] {logging_mixin.py:190} INFO - [2026-08-06T05:43:22.719+0000] {dag.py:4180} INFO - Setting next_dagrun for example_weekday_branch_operator to 2026-08-05 00:00:00+00:00, run_after=2026-08-06 00:00:00+00:00
[2026-08-06T05:43:22.774+0000] {processor.py:208} INFO - Processing /home/airflow/.local/lib/python3.12/site-packages/airflow/example_dags/example_branch_day_of_week_operator.py took 0.163 seconds
[2026-08-06T05:43:54.430+0000] {processor.py:186} INFO - Started process (PID=961) to work on /home/airflow/.local/lib/python3.12/site-packages/airflow/example_dags/example_branch_day_of_week_operator.py
[2026-08-06T05:43:54.433+0000] {processor.py:914} INFO - Processing file /home/airflow/.local/lib/python3.12/site-packages/airflow/example_dags/example_branch_day_of_week_operator.py for tasks to queue
[2026-08-06T05:43:54.443+0000] {logging_mixin.py:190} INFO - [2026-08-06T05:43:54.442+0000] {dagbag.py:588} INFO - Filling up the DagBag from /home/airflow/.local/lib/python3.12/site-packages/airflow/example_dags/example_branch_day_of_week_operator.py
[2026-08-06T05:43:54.472+0000] {processor.py:925} INFO - DAG(s) 'example_weekday_branch_operator' retrieved from /home/airflow/.local/lib/python3.12/site-packages/airflow/example_dags/example_branch_day_of_week_operator.py
[2026-08-06T05:43:54.550+0000] {logging_mixin.py:190} INFO - [2026-08-06T05:43:54.549+0000] {dag.py:3239} INFO - Sync 1 DAGs
[2026-08-06T05:43:54.612+0000] {logging_mixin.py:190} INFO - [2026-08-06T05:43:54.611+0000] {dag.py:4180} INFO - Setting next_dagrun for example_weekday_branch_operator to 2026-08-05 00:00:00+00:00, run_after=2026-08-06 00:00:00+00:00
[2026-08-06T05:43:54.666+0000] {processor.py:208} INFO - Processing /home/airflow/.local/lib/python3.12/site-packages/airflow/example_dags/example_branch_day_of_week_operator.py took 0.257 seconds
[2026-08-06T05:44:26.697+0000] {processor.py:186} INFO - Started process (PID=1025) to work on /home/airflow/.local/lib/python3.12/site-packages/airflow/example_dags/example_branch_day_of_week_operator.py
[2026-08-06T05:44:26.699+0000] {processor.py:914} INFO - Processing file /home/airflow/.local/lib/python3.12/site-packages/airflow/example_dags/example_branch_day_of_week_operator.py for tasks to queue
[2026-08-06T05:44:26.705+0000] {logging_mixin.py:190} INFO - [2026-08-06T05:44:26.704+0000] {dagbag.py:588} INFO - Filling up the DagBag from /home/airflow/.local/lib/python3.12/site-packages/airflow/example_dags/example_branch_day_of_week_operator.py
[2026-08-06T05:44:26.724+0000] {processor.py:925} INFO - DAG(s) 'example_weekday_branch_operator' retrieved from /home/airflow/.local/lib/python3.12/site-packages/airflow/example_dags/example_branch_day_of_week_operator.py
[2026-08-06T05:44:26.767+0000] {logging_mixin.py:190} INFO - [2026-08-06T05:44:26.767+0000] {dag.py:3239} INFO - Sync 1 DAGs
[2026-08-06T05:44:26.814+0000] {logging_mixin.py:190} INFO - [2026-08-06T05:44:26.814+0000] {dag.py:4180} INFO - Setting next_dagrun for example_weekday_branch_operator to 2026-08-05 00:00:00+00:00, run_after=2026-08-06 00:00:00+00:00
[2026-08-06T05:44:26.855+0000] {processor.py:208} INFO - Processing /home/airflow/.local/lib/python3.12/site-packages/airflow/example_dags/example_branch_day_of_week_operator.py took 0.172 seconds
[2026-08-06T05:44:57.912+0000] {processor.py:186} INFO - Started process (PID=1088) to work on /home/airflow/.local/lib/python3.12/site-packages/airflow/example_dags/example_branch_day_of_week_operator.py
[2026-08-06T05:44:57.914+0000] {processor.py:914} INFO - Processing file /home/airflow/.local/lib/python3.12/site-packages/airflow/example_dags/example_branch_day_of_week_operator.py for tasks to queue
[2026-08-06T05:44:57.918+0000] {logging_mixin.py:190} INFO - [2026-08-06T05:44:57.918+0000] {dagbag.py:588} INFO - Filling up the DagBag from /home/airflow/.local/lib/python3.12/site-packages/airflow/example_dags/example_branch_day_of_week_operator.py
[2026-08-06T05:44:57.934+0000] {processor.py:925} INFO - DAG(s) 'example_weekday_branch_operator' retrieved from /home/airflow/.local/lib/python3.12/site-packages/airflow/example_dags/example_branch_day_of_week_operator.py
[2026-08-06T05:44:57.969+0000] {logging_mixin.py:190} INFO - [2026-08-06T05:44:57.968+0000] {dag.py:3239} INFO - Sync 1 DAGs
[2026-08-06T05:44:58.011+0000] {logging_mixin.py:190} INFO - [2026-08-06T05:44:58.010+0000] {dag.py:4180} INFO - Setting next_dagrun for example_weekday_branch_operator to 2026-08-05 00:00:00+00:00, run_after=2026-08-06 00:00:00+00:00
[2026-08-06T05:44:58.045+0000] {processor.py:208} INFO - Processing /home/airflow/.local/lib/python3.12/site-packages/airflow/example_dags/example_branch_day_of_week_operator.py took 0.143 seconds
[2026-08-06T05:45:28.981+0000] {processor.py:186} INFO - Started process (PID=1152) to work on /home/airflow/.local/lib/python3.12/site-packages/airflow/example_dags/example_branch_day_of_week_operator.py
[2026-08-06T05:45:28.983+0000] {processor.py:914} INFO - Processing file /home/airflow/.local/lib/python3.12/site-packages/airflow/example_dags/example_branch_day_of_week_operator.py for tasks to queue
[2026-08-06T05:45:28.987+0000] {logging_mixin.py:190} INFO - [2026-08-06T05:45:28.986+0000] {dagbag.py:588} INFO - Filling up the DagBag from /home/airflow/.local/lib/python3.12/site-packages/airflow/example_dags/example_branch_day_of_week_operator.py
[2026-08-06T05:45:29.001+0000] {processor.py:925} INFO - DAG(s) 'example_weekday_branch_operator' retrieved from /home/airflow/.local/lib/python3.12/site-packages/airflow/example_dags/example_branch_day_of_week_operator.py
[2026-08-06T05:45:29.048+0000] {logging_mixin.py:190} INFO - [2026-08-06T05:45:29.047+0000] {dag.py:3239} INFO - Sync 1 DAGs
[2026-08-06T05:45:29.091+0000] {logging_mixin.py:190} INFO - [2026-08-06T05:45:29.091+0000] {dag.py:4180} INFO - Setting next_dagrun for example_weekday_branch_operator to 2026-08-05 00:00:00+00:00, run_after=2026-08-06 00:00:00+00:00
[2026-08-06T05:45:29.125+0000] {processor.py:208} INFO - Processing /home/airflow/.local/lib/python3.12/site-packages/airflow/example_dags/example_branch_day_of_week_operator.py took 0.153 seconds
[2026-08-06T05:46:01.604+0000] {processor.py:186} INFO - Started process (PID=1216) to work on /home/airflow/.local/lib/python3.12/site-packages/airflow/example_dags/example_branch_day_of_week_operator.py
[2026-08-06T05:46:01.609+0000] {processor.py:914} INFO - Processing file /home/airflow/.local/lib/python3.12/site-packages/airflow/example_dags/example_branch_day_of_week_operator.py for tasks to queue
[2026-08-06T05:46:01.622+0000] {logging_mixin.py:190} INFO - [2026-08-06T05:46:01.620+0000] {dagbag.py:588} INFO - Filling up the DagBag from /home/airflow/.local/lib/python3.12/site-packages/airflow/example_dags/example_branch_day_of_week_operator.py
[2026-08-06T05:46:01.676+0000] {processor.py:925} INFO - DAG(s) 'example_weekday_branch_operator' retrieved from /home/airflow/.local/lib/python3.12/site-packages/airflow/example_dags/example_branch_day_of_week_operator.py
[2026-08-06T05:46:01.735+0000] {logging_mixin.py:190} INFO - [2026-08-06T05:46:01.734+0000] {dag.py:3239} INFO - Sync 1 DAGs
[2026-08-06T05:46:01.786+0000] {logging_mixin.py:190} INFO - [2026-08-06T05:46:01.786+0000] {dag.py:4180} INFO - Setting next_dagrun for example_weekday_branch_operator to 2026-08-05 00:00:00+00:00, run_after=2026-08-06 00:00:00+00:00
[2026-08-06T05:46:01.846+0000] {processor.py:208} INFO - Processing /home/airflow/.local/lib/python3.12/site-packages/airflow/example_dags/example_branch_day_of_week_operator.py took 0.261 seconds
[2026-08-06T05:46:33.352+0000] {processor.py:186} INFO - Started process (PID=1280) to work on /home/airflow/.local/lib/python3.12/site-packages/airflow/example_dags/example_branch_day_of_week_operator.py
[2026-08-06T05:46:33.355+0000] {processor.py:914} INFO - Processing file /home/airflow/.local/lib/python3.12/site-packages/airflow/example_dags/example_branch_day_of_week_operator.py for tasks to queue
[2026-08-06T05:46:33.361+0000] {logging_mixin.py:190} INFO - [2026-08-06T05:46:33.360+0000] {dagbag.py:588} INFO - Filling up the DagBag from /home/airflow/.local/lib/python3.12/site-packages/airflow/example_dags/example_branch_day_of_week_operator.py
[2026-08-06T05:46:33.381+0000] {processor.py:925} INFO - DAG(s) 'example_weekday_branch_operator' retrieved from /home/airflow/.local/lib/python3.12/site-packages/airflow/example_dags/example_branch_day_of_week_operator.py
[2026-08-06T05:46:33.418+0000] {logging_mixin.py:190} INFO - [2026-08-06T05:46:33.417+0000] {dag.py:3239} INFO - Sync 1 DAGs
[2026-08-06T05:46:33.457+0000] {logging_mixin.py:190} INFO - [2026-08-06T05:46:33.457+0000] {dag.py:4180} INFO - Setting next_dagrun for example_weekday_branch_operator to 2026-08-05 00:00:00+00:00, run_after=2026-08-06 00:00:00+00:00
[2026-08-06T05:46:33.533+0000] {processor.py:208} INFO - Processing /home/airflow/.local/lib/python3.12/site-packages/airflow/example_dags/example_branch_day_of_week_operator.py took 0.190 seconds
[2026-08-06T05:47:04.159+0000] {processor.py:186} INFO - Started process (PID=1344) to work on /home/airflow/.local/lib/python3.12/site-packages/airflow/example_dags/example_branch_day_of_week_operator.py
[2026-08-06T05:47:04.161+0000] {processor.py:914} INFO - Processing file /home/airflow/.local/lib/python3.12/site-packages/airflow/example_dags/example_branch_day_of_week_operator.py for tasks to queue
[2026-08-06T05:47:04.164+0000] {logging_mixin.py:190} INFO - [2026-08-06T05:47:04.164+0000] {dagbag.py:588} INFO - Filling up the DagBag from /home/airflow/.local/lib/python3.12/site-packages/airflow/example_dags/example_branch_day_of_week_operator.py
[2026-08-06T05:47:04.179+0000] {processor.py:925} INFO - DAG(s) 'example_weekday_branch_operator' retrieved from /home/airflow/.local/lib/python3.12/site-packages/airflow/example_dags/example_branch_day_of_week_operator.py
[2026-08-06T05:47:04.213+0000] {logging_mixin.py:190} INFO - [2026-08-06T05:47:04.213+0000] {dag.py:3239} INFO - Sync 1 DAGs
[2026-08-06T05:47:04.253+0000] {logging_mixin.py:190} INFO - [2026-08-06T05:47:04.253+0000] {dag.py:4180} INFO - Setting next_dagrun for example_weekday_branch_operator to 2026-08-05 00:00:00+00:00, run_after=2026-08-06 00:00:00+00:00
[2026-08-06T05:47:04.326+0000] {processor.py:208} INFO - Processing /home/airflow/.local/lib/python3.12/site-packages/airflow/example_dags/example_branch_day_of_week_operator.py took 0.178 seconds
[2026-08-06T05:47:34.489+0000] {processor.py:186} INFO - Started process (PID=1407) to work on /home/airflow/.local/lib/python3.12/site-packages/airflow/example_dags/example_branch_day_of_week_operator.py
[2026-08-06T05:47:34.491+0000] {processor.py:914} INFO - Processing file /home/airflow/.local/lib/python3.12/site-packages/airflow/example_dags/example_branch_day_of_week_operator.py for tasks to queue
[2026-08-06T05:47:34.495+0000] {logging_mixin.py:190} INFO - [2026-08-06T05:47:34.494+0000] {dagbag.py:588} INFO - Filling up the DagBag from /home/airflow/.local/lib/python3.12/site-packages/airflow/example_dags/example_branch_day_of_week_operator.py
[2026-08-06T05:47:34.513+0000] {processor.py:925} INFO - DAG(s) 'example_weekday_branch_operator' retrieved from /home/airflow/.local/lib/python3.12/site-packages/airflow/example_dags/example_branch_day_of_week_operator.py
[2026-08-06T05:47:34.554+0000] {logging_mixin.py:190} INFO - [2026-08-06T05:47:34.554+0000] {dag.py:3239} INFO - Sync 1 DAGs
[2026-08-06T05:47:34.603+0000] {logging_mixin.py:190} INFO - [2026-08-06T05:47:34.603+0000] {dag.py:4180} INFO - Setting next_dagrun for example_weekday_branch_operator to 2026-08-05 00:00:00+00:00, run_after=2026-08-06 00:00:00+00:00
[2026-08-06T05:47:34.678+0000] {processor.py:208} INFO - Processing /home/airflow/.local/lib/python3.12/site-packages/airflow/example_dags/example_branch_day_of_week_operator.py took 0.199 seconds
[2026-08-06T05:48:06.327+0000] {processor.py:186} INFO - Started process (PID=1471) to work on /home/airflow/.local/lib/python3.12/site-packages/airflow/example_dags/example_branch_day_of_week_operator.py
[2026-08-06T05:48:06.329+0000] {processor.py:914} INFO - Processing file /home/airflow/.local/lib/python3.12/site-packages/airflow/example_dags/example_branch_day_of_week_operator.py for tasks to queue
[2026-08-06T05:48:06.333+0000] {logging_mixin.py:190} INFO - [2026-08-06T05:48:06.332+0000] {dagbag.py:588} INFO - Filling up the DagBag from /home/airflow/.local/lib/python3.12/site-packages/airflow/example_dags/example_branch_day_of_week_operator.py
[2026-08-06T05:48:06.349+0000] {processor.py:925} INFO - DAG(s) 'example_weekday_branch_operator' retrieved from /home/airflow/.local/lib/python3.12/site-packages/airflow/example_dags/example_branch_day_of_week_operator.py
[2026-08-06T05:48:06.390+0000] {logging_mixin.py:190} INFO - [2026-08-06T05:48:06.390+0000] {dag.py:3239} INFO - Sync 1 DAGs
[2026-08-06T05:48:06.429+0000] {logging_mixin.py:190} INFO - [2026-08-06T05:48:06.428+0000] {dag.py:4180} INFO - Setting next_dagrun for example_weekday_branch_operator to 2026-08-05 00:00:00+00:00, run_after=2026-08-06 00:00:00+00:00
[2026-08-06T05:48:06.501+0000] {processor.py:208} INFO - Processing /home/airflow/.local/lib/python3.12/site-packages/airflow/example_dags/example_branch_day_of_week_operator.py took 0.185 seconds
[2026-08-06T05:48:36.842+0000] {processor.py:186} INFO - Started process (PID=1534) to work on /home/airflow/.local/lib/python3.12/site-packages/airflow/example_dags/example_branch_day_of_week_operator.py
[2026-08-06T05:48:36.843+0000] {processor.py:914} INFO - Processing file /home/airflow/.local/lib/python3.12/site-packages/airflow/example_dags/example_branch_day_of_week_operator.py for tasks to queue
[2026-08-06T05:48:36.846+0000] {logging_mixin.py:190} INFO - [2026-08-06T05:48:36.846+0000] {dagbag.py:588} INFO - Filling up the DagBag from /home/airflow/.local/lib/python3.12/site-packages/airflow/example_dags/example_branch_day_of_week_operator.py
[2026-08-06T05:48:36.858+0000] {processor.py:925} INFO - DAG(s) 'example_weekday_branch_operator' retrieved from /home/airflow/.local/lib/python3.12/site-packages/airflow/example_dags/example_branch_day_of_week_operator.py
[2026-08-06T05:48:36.885+0000] {logging_mixin.py:190} INFO - [2026-08-06T05:48:36.885+0000] {dag.py:3239} INFO - Sync 1 DAGs
[2026-08-06T05:48:36.919+0000] {logging_mixin.py:190} INFO - [2026-08-06T05:48:36.918+0000] {dag.py:4180} INFO - Setting next_dagrun for example_weekday_branch_operator to 2026-08-05 00:00:00+00:00, run_after=2026-08-06 00:00:00+00:00
[2026-08-06T05:48:36.973+0000] {processor.py:208} INFO - Processing /home/airflow/.local/lib/python3.12/site-packages/airflow/example_dags/example_branch_day_of_week_operator.py took 0.142 seconds
[2026-08-06T05:49:07.936+0000] {processor.py:186} INFO - Started process (PID=1613) to work on /home/airflow/.local/lib/python3.12/site-packages/airflow/example_dags/example_branch_day_of_week_operator.py
[2026-08-06T05:49:07.939+0000] {processor.py:914} INFO - Processing file /home/airflow/.local/lib/python3.12/site-packages/airflow/example_dags/example_branch_day_of_week_operator.py for tasks to queue
[2026-08-06T05:49:07.944+0000] {logging_mixin.py:190} INFO - [2026-08-06T05:49:07.942+0000] {dagbag.py:588} INFO - Filling up the DagBag from /home/airflow/.local/lib/python3.12/site-packages/airflow/example_dags/example_branch_day_of_week_operator.py
[2026-08-06T05:49:07.961+0000] {processor.py:925} INFO - DAG(s) 'example_weekday_branch_operator' retrieved from /home/airflow/.local/lib/python3.12/site-packages/airflow/example_dags/example_branch_day_of_week_operator.py
[2026-08-06T05:49:08.000+0000] {logging_mixin.py:190} INFO - [2026-08-06T05:49:08.000+0000] {dag.py:3239} INFO - Sync 1 DAGs
[2026-08-06T05:49:08.044+0000] {logging_mixin.py:190} INFO - [2026-08-06T05:49:08.044+0000] {dag.py:4180} INFO - Setting next_dagrun for example_weekday_branch_operator to 2026-08-05 00:00:00+00:00, run_after=2026-08-06 00:00:00+00:00
[2026-08-06T05:49:08.108+0000] {processor.py:208} INFO - Processing /home/airflow/.local/lib/python3.12/site-packages/airflow/example_dags/example_branch_day_of_week_operator.py took 0.182 seconds
[2026-08-06T05:49:38.512+0000] {processor.py:186} INFO - Started process (PID=1677) to work on /home/airflow/.local/lib/python3.12/site-packages/airflow/example_dags/example_branch_day_of_week_operator.py
[2026-08-06T05:49:38.514+0000] {processor.py:914} INFO - Processing file /home/airflow/.local/lib/python3.12/site-packages/airflow/example_dags/example_branch_day_of_week_operator.py for tasks to queue
[2026-08-06T05:49:38.518+0000] {logging_mixin.py:190} INFO - [2026-08-06T05:49:38.518+0000] {dagbag.py:588} INFO - Filling up the DagBag from /home/airflow/.local/lib/python3.12/site-packages/airflow/example_dags/example_branch_day_of_week_operator.py
[2026-08-06T05:49:38.535+0000] {processor.py:925} INFO - DAG(s) 'example_weekday_branch_operator' retrieved from /home/airflow/.local/lib/python3.12/site-packages/airflow/example_dags/example_branch_day_of_week_operator.py
[2026-08-06T05:49:38.570+0000] {logging_mixin.py:190} INFO - [2026-08-06T05:49:38.570+0000] {dag.py:3239} INFO - Sync 1 DAGs
[2026-08-06T05:49:38.624+0000] {logging_mixin.py:190} INFO - [2026-08-06T05:49:38.623+0000] {dag.py:4180} INFO - Setting next_dagrun for example_weekday_branch_operator to 2026-08-05 00:00:00+00:00, run_after=2026-08-06 00:00:00+00:00
[2026-08-06T05:49:38.729+0000] {processor.py:208} INFO - Processing /home/airflow/.local/lib/python3.12/site-packages/airflow/example_dags/example_branch_day_of_week_operator.py took 0.226 seconds
[2026-08-06T05:50:09.347+0000] {processor.py:186} INFO - Started process (PID=1741) to work on /home/airflow/.local/lib/python3.12/site-packages/airflow/example_dags/example_branch_day_of_week_operator.py
[2026-08-06T05:50:09.350+0000] {processor.py:914} INFO - Processing file /home/airflow/.local/lib/python3.12/site-packages/airflow/example_dags/example_branch_day_of_week_operator.py for tasks to queue
[2026-08-06T05:50:09.356+0000] {logging_mixin.py:190} INFO - [2026-08-06T05:50:09.355+0000] {dagbag.py:588} INFO - Filling up the DagBag from /home/airflow/.local/lib/python3.12/site-packages/airflow/example_dags/example_branch_day_of_week_operator.py
[2026-08-06T05:50:09.377+0000] {processor.py:925} INFO - DAG(s) 'example_weekday_branch_operator' retrieved from /home/airflow/.local/lib/python3.12/site-packages/airflow/example_dags/example_branch_day_of_week_operator.py
[2026-08-06T05:50:09.415+0000] {logging_mixin.py:190} INFO - [2026-08-06T05:50:09.415+0000] {dag.py:3239} INFO - Sync 1 DAGs
[2026-08-06T05:50:09.459+0000] {logging_mixin.py:190} INFO - [2026-08-06T05:50:09.458+0000] {dag.py:4180} INFO - Setting next_dagrun for example_weekday_branch_operator to 2026-08-05 00:00:00+00:00, run_after=2026-08-06 00:00:00+00:00
[2026-08-06T05:50:09.527+0000] {processor.py:208} INFO - Processing /home/airflow/.local/lib/python3.12/site-packages/airflow/example_dags/example_branch_day_of_week_operator.py took 0.192 seconds
[2026-08-06T05:50:40.454+0000] {processor.py:186} INFO - Started process (PID=1805) to work on /home/airflow/.local/lib/python3.12/site-packages/airflow/example_dags/example_branch_day_of_week_operator.py
[2026-08-06T05:50:40.456+0000] {processor.py:914} INFO - Processing file /home/airflow/.local/lib/python3.12/site-packages/airflow/example_dags/example_branch_day_of_week_operator.py for tasks to queue
[2026-08-06T05:50:40.460+0000] {logging_mixin.py:190} INFO - [2026-08-06T05:50:40.459+0000] {dagbag.py:588} INFO - Filling up the DagBag from /home/airflow/.local/lib/python3.12/site-packages/airflow/example_dags/example_branch_day_of_week_operator.py
[2026-08-06T05:50:40.475+0000] {processor.py:925} INFO - DAG(s) 'example_weekday_branch_operator' retrieved from /home/airflow/.local/lib/python3.12/site-packages/airflow/example_dags/example_branch_day_of_week_operator.py
[2026-08-06T05:50:40.510+0000] {logging_mixin.py:190} INFO - [2026-08-06T05:50:40.509+0000] {dag.py:3239} INFO - Sync 1 DAGs
[2026-08-06T05:50:40.548+0000] {logging_mixin.py:190} INFO - [2026-08-06T05:50:40.547+0000] {dag.py:4180} INFO - Setting next_dagrun for example_weekday_branch_operator to 2026-08-05 00:00:00+00:00, run_after=2026-08-06 00:00:00+00:00
[2026-08-06T05:50:40.595+0000] {processor.py:208} INFO - Processing /home/airflow/.local/lib/python3.12/site-packages/airflow/example_dags/example_branch_day_of_week_operator.py took 0.149 seconds
[2026-08-06T05:51:11.272+0000] {processor.py:186} INFO - Started process (PID=1869) to work on /home/airflow/.local/lib/python3.12/site-packages/airflow/example_dags/example_branch_day_of_week_operator.py
[2026-08-06T05:51:11.275+0000] {processor.py:914} INFO - Processing file /home/airflow/.local/lib/python3.12/site-packages/airflow/example_dags/example_branch_day_of_week_operator.py for tasks to queue
[2026-08-06T05:51:11.280+0000] {logging_mixin.py:190} INFO - [2026-08-06T05:51:11.279+0000] {dagbag.py:588} INFO - Filling up the DagBag from /home/airflow/.local/lib/python3.12/site-packages/airflow/example_dags/example_branch_day_of_week_operator.py
[2026-08-06T05:51:11.300+0000] {processor.py:925} INFO - DAG(s) 'example_weekday_branch_operator' retrieved from /home/airflow/.local/lib/python3.12/site-packages/airflow/example_dags/example_branch_day_of_week_operator.py
[2026-08-06T05:51:11.339+0000] {logging_mixin.py:190} INFO - [2026-08-06T05:51:11.339+0000] {dag.py:3239} INFO - Sync 1 DAGs
[2026-08-06T05:51:11.389+0000] {logging_mixin.py:190} INFO - [2026-08-06T05:51:11.388+0000] {dag.py:4180} INFO - Setting next_dagrun for example_weekday_branch_operator to 2026-08-05 00:00:00+00:00, run_after=2026-08-06 00:00:00+00:00
[2026-08-06T05:51:11.419+0000] {processor.py:208} INFO - Processing /home/airflow/.local/lib/python3.12/site-packages/airflow/example_dags/example_branch_day_of_week_operator.py took 0.167 seconds
[2026-08-06T05:51:41.527+0000] {processor.py:186} INFO - Started process (PID=1933) to work on /home/airflow/.local/lib/python3.12/site-packages/airflow/example_dags/example_branch_day_of_week_operator.py
[2026-08-06T05:51:41.529+0000] {processor.py:914} INFO - Processing file /home/airflow/.local/lib/python3.12/site-packages/airflow/example_dags/example_branch_day_of_week_operator.py for tasks to queue
[2026-08-06T05:51:41.533+0000] {logging_mixin.py:190} INFO - [2026-08-06T05:51:41.532+0000] {dagbag.py:588} INFO - Filling up the DagBag from /home/airflow/.local/lib/python3.12/site-packages/airflow/example_dags/example_branch_day_of_week_operator.py
[2026-08-06T05:51:41.547+0000] {processor.py:925} INFO - DAG(s) 'example_weekday_branch_operator' retrieved from /home/airflow/.local/lib/python3.12/site-packages/airflow/example_dags/example_branch_day_of_week_operator.py
[2026-08-06T05:51:41.579+0000] {logging_mixin.py:190} INFO - [2026-08-06T05:51:41.579+0000] {dag.py:3239} INFO - Sync 1 DAGs
[2026-08-06T05:51:41.611+0000] {logging_mixin.py:190} INFO - [2026-08-06T05:51:41.610+0000] {dag.py:4180} INFO - Setting next_dagrun for example_weekday_branch_operator to 2026-08-05 00:00:00+00:00, run_after=2026-08-06 00:00:00+00:00
[2026-08-06T05:51:41.658+0000] {processor.py:208} INFO - Processing /home/airflow/.local/lib/python3.12/site-packages/airflow/example_dags/example_branch_day_of_week_operator.py took 0.138 seconds
[2026-08-06T05:52:11.900+0000] {processor.py:186} INFO - Started process (PID=1997) to work on /home/airflow/.local/lib/python3.12/site-packages/airflow/example_dags/example_branch_day_of_week_operator.py
[2026-08-06T05:52:11.902+0000] {processor.py:914} INFO - Processing file /home/airflow/.local/lib/python3.12/site-packages/airflow/example_dags/example_branch_day_of_week_operator.py for tasks to queue
[2026-08-06T05:52:11.905+0000] {logging_mixin.py:190} INFO - [2026-08-06T05:52:11.904+0000] {dagbag.py:588} INFO - Filling up the DagBag from /home/airflow/.local/lib/python3.12/site-packages/airflow/example_dags/example_branch_day_of_week_operator.py
[2026-08-06T05:52:11.918+0000] {processor.py:925} INFO - DAG(s) 'example_weekday_branch_operator' retrieved from /home/airflow/.local/lib/python3.12/site-packages/airflow/example_dags/example_branch_day_of_week_operator.py
[2026-08-06T05:52:11.958+0000] {logging_mixin.py:190} INFO - [2026-08-06T05:52:11.957+0000] {dag.py:3239} INFO - Sync 1 DAGs
[2026-08-06T05:52:11.987+0000] {logging_mixin.py:190} INFO - [2026-08-06T05:52:11.986+0000] {dag.py:4180} INFO - Setting next_dagrun for example_weekday_branch_operator to 2026-08-05 00:00:00+00:00, run_after=2026-08-06 00:00:00+00:00
[2026-08-06T05:52:12.019+0000] {processor.py:208} INFO - Processing /home/airflow/.local/lib/python3.12/site-packages/airflow/example_dags/example_branch_day_of_week_operator.py took 0.126 seconds
[2026-08-06T05:52:42.406+0000] {processor.py:186} INFO - Started process (PID=2061) to work on /home/airflow/.local/lib/python3.12/site-packages/airflow/example_dags/example_branch_day_of_week_operator.py
[2026-08-06T05:52:42.408+0000] {processor.py:914} INFO - Processing file /home/airflow/.local/lib/python3.12/site-packages/airflow/example_dags/example_branch_day_of_week_operator.py for tasks to queue
[2026-08-06T05:52:42.413+0000] {logging_mixin.py:190} INFO - [2026-08-06T05:52:42.412+0000] {dagbag.py:588} INFO - Filling up the DagBag from /home/airflow/.local/lib/python3.12/site-packages/airflow/example_dags/example_branch_day_of_week_operator.py
[2026-08-06T05:52:42.449+0000] {processor.py:925} INFO - DAG(s) 'example_weekday_branch_operator' retrieved from /home/airflow/.local/lib/python3.12/site-packages/airflow/example_dags/example_branch_day_of_week_operator.py
[2026-08-06T05:52:42.506+0000] {logging_mixin.py:190} INFO - [2026-08-06T05:52:42.505+0000] {dag.py:3239} INFO - Sync 1 DAGs
[2026-08-06T05:52:42.580+0000] {logging_mixin.py:190} INFO - [2026-08-06T05:52:42.579+0000] {dag.py:4180} INFO - Setting next_dagrun for example_weekday_branch_operator to 2026-08-05 00:00:00+00:00, run_after=2026-08-06 00:00:00+00:00
[2026-08-06T05:52:42.642+0000] {processor.py:208} INFO - Processing /home/airflow/.local/lib/python3.12/site-packages/airflow/example_dags/example_branch_day_of_week_operator.py took 0.249 seconds
[2026-08-06T05:53:12.793+0000] {processor.py:186} INFO - Started process (PID=2125) to work on /home/airflow/.local/lib/python3.12/site-packages/airflow/example_dags/example_branch_day_of_week_operator.py
[2026-08-06T05:53:12.796+0000] {processor.py:914} INFO - Processing file /home/airflow/.local/lib/python3.12/site-packages/airflow/example_dags/example_branch_day_of_week_operator.py for tasks to queue
[2026-08-06T05:53:12.800+0000] {logging_mixin.py:190} INFO - [2026-08-06T05:53:12.799+0000] {dagbag.py:588} INFO - Filling up the DagBag from /home/airflow/.local/lib/python3.12/site-packages/airflow/example_dags/example_branch_day_of_week_operator.py
[2026-08-06T05:53:12.813+0000] {processor.py:925} INFO - DAG(s) 'example_weekday_branch_operator' retrieved from /home/airflow/.local/lib/python3.12/site-packages/airflow/example_dags/example_branch_day_of_week_operator.py
[2026-08-06T05:53:12.844+0000] {logging_mixin.py:190} INFO - [2026-08-06T05:53:12.844+0000] {dag.py:3239} INFO - Sync 1 DAGs
[2026-08-06T05:53:12.882+0000] {logging_mixin.py:190} INFO - [2026-08-06T05:53:12.882+0000] {dag.py:4180} INFO - Setting next_dagrun for example_weekday_branch_operator to 2026-08-05 00:00:00+00:00, run_after=2026-08-06 00:00:00+00:00
[2026-08-06T05:53:12.929+0000] {processor.py:208} INFO - Processing /home/airflow/.local/lib/python3.12/site-packages/airflow/example_dags/example_branch_day_of_week_operator.py took 0.146 seconds
[2026-08-06T05:53:43.505+0000] {processor.py:186} INFO - Started process (PID=2197) to work on /home/airflow/.local/lib/python3.12/site-packages/airflow/example_dags/example_branch_day_of_week_operator.py
[2026-08-06T05:53:43.508+0000] {processor.py:914} INFO - Processing file /home/airflow/.local/lib/python3.12/site-packages/airflow/example_dags/example_branch_day_of_week_operator.py for tasks to queue
[2026-08-06T05:53:43.516+0000] {logging_mixin.py:190} INFO - [2026-08-06T05:53:43.515+0000] {dagbag.py:588} INFO - Filling up the DagBag from /home/airflow/.local/lib/python3.12/site-packages/airflow/example_dags/example_branch_day_of_week_operator.py
[2026-08-06T05:53:43.557+0000] {processor.py:925} INFO - DAG(s) 'example_weekday_branch_operator' retrieved from /home/airflow/.local/lib/python3.12/site-packages/airflow/example_dags/example_branch_day_of_week_operator.py
[2026-08-06T05:53:43.627+0000] {logging_mixin.py:190} INFO - [2026-08-06T05:53:43.626+0000] {dag.py:3239} INFO - Sync 1 DAGs
[2026-08-06T05:53:43.694+0000] {logging_mixin.py:190} INFO - [2026-08-06T05:53:43.694+0000] {dag.py:4180} INFO - Setting next_dagrun for example_weekday_branch_operator to 2026-08-05 00:00:00+00:00, run_after=2026-08-06 00:00:00+00:00
[2026-08-06T05:53:43.767+0000] {processor.py:208} INFO - Processing /home/airflow/.local/lib/python3.12/site-packages/airflow/example_dags/example_branch_day_of_week_operator.py took 0.280 seconds
[2026-08-06T05:54:14.418+0000] {processor.py:186} INFO - Started process (PID=2262) to work on /home/airflow/.local/lib/python3.12/site-packages/airflow/example_dags/example_branch_day_of_week_operator.py
[2026-08-06T05:54:14.420+0000] {processor.py:914} INFO - Processing file /home/airflow/.local/lib/python3.12/site-packages/airflow/example_dags/example_branch_day_of_week_operator.py for tasks to queue
[2026-08-06T05:54:14.424+0000] {logging_mixin.py:190} INFO - [2026-08-06T05:54:14.423+0000] {dagbag.py:588} INFO - Filling up the DagBag from /home/airflow/.local/lib/python3.12/site-packages/airflow/example_dags/example_branch_day_of_week_operator.py
[2026-08-06T05:54:14.441+0000] {processor.py:925} INFO - DAG(s) 'example_weekday_branch_operator' retrieved from /home/airflow/.local/lib/python3.12/site-packages/airflow/example_dags/example_branch_day_of_week_operator.py
[2026-08-06T05:54:14.475+0000] {logging_mixin.py:190} INFO - [2026-08-06T05:54:14.475+0000] {dag.py:3239} INFO - Sync 1 DAGs
[2026-08-06T05:54:14.517+0000] {logging_mixin.py:190} INFO - [2026-08-06T05:54:14.516+0000] {dag.py:4180} INFO - Setting next_dagrun for example_weekday_branch_operator to 2026-08-05 00:00:00+00:00, run_after=2026-08-06 00:00:00+00:00
[2026-08-06T05:54:14.575+0000] {processor.py:208} INFO - Processing /home/airflow/.local/lib/python3.12/site-packages/airflow/example_dags/example_branch_day_of_week_operator.py took 0.167 seconds
[2026-08-06T05:54:45.742+0000] {processor.py:186} INFO - Started process (PID=2327) to work on /home/airflow/.local/lib/python3.12/site-packages/airflow/example_dags/example_branch_day_of_week_operator.py
[2026-08-06T05:54:45.754+0000] {processor.py:914} INFO - Processing file /home/airflow/.local/lib/python3.12/site-packages/airflow/example_dags/example_branch_day_of_week_operator.py for tasks to queue
[2026-08-06T05:54:45.771+0000] {logging_mixin.py:190} INFO - [2026-08-06T05:54:45.769+0000] {dagbag.py:588} INFO - Filling up the DagBag from /home/airflow/.local/lib/python3.12/site-packages/airflow/example_dags/example_branch_day_of_week_operator.py
[2026-08-06T05:54:45.817+0000] {processor.py:925} INFO - DAG(s) 'example_weekday_branch_operator' retrieved from /home/airflow/.local/lib/python3.12/site-packages/airflow/example_dags/example_branch_day_of_week_operator.py
[2026-08-06T05:54:45.886+0000] {logging_mixin.py:190} INFO - [2026-08-06T05:54:45.884+0000] {dag.py:3239} INFO - Sync 1 DAGs
[2026-08-06T05:54:45.941+0000] {logging_mixin.py:190} INFO - [2026-08-06T05:54:45.940+0000] {dag.py:4180} INFO - Setting next_dagrun for example_weekday_branch_operator to 2026-08-05 00:00:00+00:00, run_after=2026-08-06 00:00:00+00:00
[2026-08-06T05:54:46.016+0000] {processor.py:208} INFO - Processing /home/airflow/.local/lib/python3.12/site-packages/airflow/example_dags/example_branch_day_of_week_operator.py took 0.307 seconds
[2026-08-06T05:55:16.507+0000] {processor.py:186} INFO - Started process (PID=2390) to work on /home/airflow/.local/lib/python3.12/site-packages/airflow/example_dags/example_branch_day_of_week_operator.py
[2026-08-06T05:55:16.510+0000] {processor.py:914} INFO - Processing file /home/airflow/.local/lib/python3.12/site-packages/airflow/example_dags/example_branch_day_of_week_operator.py for tasks to queue
[2026-08-06T05:55:16.515+0000] {logging_mixin.py:190} INFO - [2026-08-06T05:55:16.514+0000] {dagbag.py:588} INFO - Filling up the DagBag from /home/airflow/.local/lib/python3.12/site-packages/airflow/example_dags/example_branch_day_of_week_operator.py
[2026-08-06T05:55:16.532+0000] {processor.py:925} INFO - DAG(s) 'example_weekday_branch_operator' retrieved from /home/airflow/.local/lib/python3.12/site-packages/airflow/example_dags/example_branch_day_of_week_operator.py
[2026-08-06T05:55:16.567+0000] {logging_mixin.py:190} INFO - [2026-08-06T05:55:16.567+0000] {dag.py:3239} INFO - Sync 1 DAGs
[2026-08-06T05:55:16.606+0000] {logging_mixin.py:190} INFO - [2026-08-06T05:55:16.605+0000] {dag.py:4180} INFO - Setting next_dagrun for example_weekday_branch_operator to 2026-08-05 00:00:00+00:00, run_after=2026-08-06 00:00:00+00:00
[2026-08-06T05:55:16.641+0000] {processor.py:208} INFO - Processing /home/airflow/.local/lib/python3.12/site-packages/airflow/example_dags/example_branch_day_of_week_operator.py took 0.146 seconds
[2026-08-06T05:55:46.765+0000] {processor.py:186} INFO - Started process (PID=2454) to work on /home/airflow/.local/lib/python3.12/site-packages/airflow/example_dags/example_branch_day_of_week_operator.py
[2026-08-06T05:55:46.766+0000] {processor.py:914} INFO - Processing file /home/airflow/.local/lib/python3.12/site-packages/airflow/example_dags/example_branch_day_of_week_operator.py for tasks to queue
[2026-08-06T05:55:46.771+0000] {logging_mixin.py:190} INFO - [2026-08-06T05:55:46.770+0000] {dagbag.py:588} INFO - Filling up the DagBag from /home/airflow/.local/lib/python3.12/site-packages/airflow/example_dags/example_branch_day_of_week_operator.py
[2026-08-06T05:55:46.785+0000] {processor.py:925} INFO - DAG(s) 'example_weekday_branch_operator' retrieved from /home/airflow/.local/lib/python3.12/site-packages/airflow/example_dags/example_branch_day_of_week_operator.py
[2026-08-06T05:55:46.815+0000] {logging_mixin.py:190} INFO - [2026-08-06T05:55:46.814+0000] {dag.py:3239} INFO - Sync 1 DAGs
[2026-08-06T05:55:46.858+0000] {logging_mixin.py:190} INFO - [2026-08-06T05:55:46.857+0000] {dag.py:4180} INFO - Setting next_dagrun for example_weekday_branch_operator to 2026-08-05 00:00:00+00:00, run_after=2026-08-06 00:00:00+00:00
[2026-08-06T05:55:46.886+0000] {processor.py:208} INFO - Processing /home/airflow/.local/lib/python3.12/site-packages/airflow/example_dags/example_branch_day_of_week_operator.py took 0.130 seconds
[2026-08-06T05:56:20.827+0000] {processor.py:186} INFO - Started process (PID=2517) to work on /home/airflow/.local/lib/python3.12/site-packages/airflow/example_dags/example_branch_day_of_week_operator.py
[2026-08-06T05:56:20.829+0000] {processor.py:914} INFO - Processing file /home/airflow/.local/lib/python3.12/site-packages/airflow/example_dags/example_branch_day_of_week_operator.py for tasks to queue
[2026-08-06T05:56:20.838+0000] {logging_mixin.py:190} INFO - [2026-08-06T05:56:20.837+0000] {dagbag.py:588} INFO - Filling up the DagBag from /home/airflow/.local/lib/python3.12/site-packages/airflow/example_dags/example_branch_day_of_week_operator.py
[2026-08-06T05:56:20.861+0000] {processor.py:925} INFO - DAG(s) 'example_weekday_branch_operator' retrieved from /home/airflow/.local/lib/python3.12/site-packages/airflow/example_dags/example_branch_day_of_week_operator.py
[2026-08-06T05:56:20.897+0000] {logging_mixin.py:190} INFO - [2026-08-06T05:56:20.897+0000] {dag.py:3239} INFO - Sync 1 DAGs
[2026-08-06T05:56:20.979+0000] {logging_mixin.py:190} INFO - [2026-08-06T05:56:20.978+0000] {dag.py:4180} INFO - Setting next_dagrun for example_weekday_branch_operator to 2026-08-05 00:00:00+00:00, run_after=2026-08-06 00:00:00+00:00
[2026-08-06T05:56:21.050+0000] {processor.py:208} INFO - Processing /home/airflow/.local/lib/python3.12/site-packages/airflow/example_dags/example_branch_day_of_week_operator.py took 0.237 seconds
[2026-08-06T05:56:51.404+0000] {processor.py:186} INFO - Started process (PID=2580) to work on /home/airflow/.local/lib/python3.12/site-packages/airflow/example_dags/example_branch_day_of_week_operator.py
[2026-08-06T05:56:51.406+0000] {processor.py:914} INFO - Processing file /home/airflow/.local/lib/python3.12/site-packages/airflow/example_dags/example_branch_day_of_week_operator.py for tasks to queue
[2026-08-06T05:56:51.412+0000] {logging_mixin.py:190} INFO - [2026-08-06T05:56:51.411+0000] {dagbag.py:588} INFO - Filling up the DagBag from /home/airflow/.local/lib/python3.12/site-packages/airflow/example_dags/example_branch_day_of_week_operator.py
[2026-08-06T05:56:51.433+0000] {processor.py:925} INFO - DAG(s) 'example_weekday_branch_operator' retrieved from /home/airflow/.local/lib/python3.12/site-packages/airflow/example_dags/example_branch_day_of_week_operator.py
[2026-08-06T05:56:51.473+0000] {logging_mixin.py:190} INFO - [2026-08-06T05:56:51.473+0000] {dag.py:3239} INFO - Sync 1 DAGs
[2026-08-06T05:56:51.519+0000] {logging_mixin.py:190} INFO - [2026-08-06T05:56:51.518+0000] {dag.py:4180} INFO - Setting next_dagrun for example_weekday_branch_operator to 2026-08-05 00:00:00+00:00, run_after=2026-08-06 00:00:00+00:00
[2026-08-06T05:56:51.583+0000] {processor.py:208} INFO - Processing /home/airflow/.local/lib/python3.12/site-packages/airflow/example_dags/example_branch_day_of_week_operator.py took 0.189 seconds
[2026-08-06T05:57:22.066+0000] {processor.py:186} INFO - Started process (PID=2643) to work on /home/airflow/.local/lib/python3.12/site-packages/airflow/example_dags/example_branch_day_of_week_operator.py
[2026-08-06T05:57:22.069+0000] {processor.py:914} INFO - Processing file /home/airflow/.local/lib/python3.12/site-packages/airflow/example_dags/example_branch_day_of_week_operator.py for tasks to queue
[2026-08-06T05:57:22.075+0000] {logging_mixin.py:190} INFO - [2026-08-06T05:57:22.074+0000] {dagbag.py:588} INFO - Filling up the DagBag from /home/airflow/.local/lib/python3.12/site-packages/airflow/example_dags/example_branch_day_of_week_operator.py
[2026-08-06T05:57:22.097+0000] {processor.py:925} INFO - DAG(s) 'example_weekday_branch_operator' retrieved from /home/airflow/.local/lib/python3.12/site-packages/airflow/example_dags/example_branch_day_of_week_operator.py
[2026-08-06T05:57:22.136+0000] {logging_mixin.py:190} INFO - [2026-08-06T05:57:22.136+0000] {dag.py:3239} INFO - Sync 1 DAGs
[2026-08-06T05:57:22.171+0000] {logging_mixin.py:190} INFO - [2026-08-06T05:57:22.170+0000] {dag.py:4180} INFO - Setting next_dagrun for example_weekday_branch_operator to 2026-08-05 00:00:00+00:00, run_after=2026-08-06 00:00:00+00:00
[2026-08-06T05:57:22.212+0000] {processor.py:208} INFO - Processing /home/airflow/.local/lib/python3.12/site-packages/airflow/example_dags/example_branch_day_of_week_operator.py took 0.158 seconds
[2026-08-06T05:57:53.818+0000] {processor.py:186} INFO - Started process (PID=2720) to work on /home/airflow/.local/lib/python3.12/site-packages/airflow/example_dags/example_branch_day_of_week_operator.py
[2026-08-06T05:57:53.832+0000] {processor.py:914} INFO - Processing file /home/airflow/.local/lib/python3.12/site-packages/airflow/example_dags/example_branch_day_of_week_operator.py for tasks to queue
[2026-08-06T05:57:53.848+0000] {logging_mixin.py:190} INFO - [2026-08-06T05:57:53.846+0000] {dagbag.py:588} INFO - Filling up the DagBag from /home/airflow/.local/lib/python3.12/site-packages/airflow/example_dags/example_branch_day_of_week_operator.py
[2026-08-06T05:57:53.991+0000] {processor.py:925} INFO - DAG(s) 'example_weekday_branch_operator' retrieved from /home/airflow/.local/lib/python3.12/site-packages/airflow/example_dags/example_branch_day_of_week_operator.py
[2026-08-06T05:57:54.254+0000] {logging_mixin.py:190} INFO - [2026-08-06T05:57:54.253+0000] {dag.py:3239} INFO - Sync 1 DAGs
[2026-08-06T05:57:54.508+0000] {logging_mixin.py:190} INFO - [2026-08-06T05:57:54.507+0000] {dag.py:4180} INFO - Setting next_dagrun for example_weekday_branch_operator to 2026-08-05 00:00:00+00:00, run_after=2026-08-06 00:00:00+00:00
[2026-08-06T05:57:54.698+0000] {processor.py:208} INFO - Processing /home/airflow/.local/lib/python3.12/site-packages/airflow/example_dags/example_branch_day_of_week_operator.py took 0.930 seconds
[2026-08-06T05:58:24.970+0000] {processor.py:186} INFO - Started process (PID=2787) to work on /home/airflow/.local/lib/python3.12/site-packages/airflow/example_dags/example_branch_day_of_week_operator.py
[2026-08-06T05:58:24.972+0000] {processor.py:914} INFO - Processing file /home/airflow/.local/lib/python3.12/site-packages/airflow/example_dags/example_branch_day_of_week_operator.py for tasks to queue
[2026-08-06T05:58:24.978+0000] {logging_mixin.py:190} INFO - [2026-08-06T05:58:24.977+0000] {dagbag.py:588} INFO - Filling up the DagBag from /home/airflow/.local/lib/python3.12/site-packages/airflow/example_dags/example_branch_day_of_week_operator.py
[2026-08-06T05:58:24.996+0000] {processor.py:925} INFO - DAG(s) 'example_weekday_branch_operator' retrieved from /home/airflow/.local/lib/python3.12/site-packages/airflow/example_dags/example_branch_day_of_week_operator.py
[2026-08-06T05:58:25.030+0000] {logging_mixin.py:190} INFO - [2026-08-06T05:58:25.029+0000] {dag.py:3239} INFO - Sync 1 DAGs
[2026-08-06T05:58:25.077+0000] {logging_mixin.py:190} INFO - [2026-08-06T05:58:25.077+0000] {dag.py:4180} INFO - Setting next_dagrun for example_weekday_branch_operator to 2026-08-05 00:00:00+00:00, run_after=2026-08-06 00:00:00+00:00
[2026-08-06T05:58:25.119+0000] {processor.py:208} INFO - Processing /home/airflow/.local/lib/python3.12/site-packages/airflow/example_dags/example_branch_day_of_week_operator.py took 0.159 seconds
[2026-08-06T05:58:55.354+0000] {processor.py:186} INFO - Started process (PID=2851) to work on /home/airflow/.local/lib/python3.12/site-packages/airflow/example_dags/example_branch_day_of_week_operator.py
[2026-08-06T05:58:55.356+0000] {processor.py:914} INFO - Processing file /home/airflow/.local/lib/python3.12/site-packages/airflow/example_dags/example_branch_day_of_week_operator.py for tasks to queue
[2026-08-06T05:58:55.360+0000] {logging_mixin.py:190} INFO - [2026-08-06T05:58:55.359+0000] {dagbag.py:588} INFO - Filling up the DagBag from /home/airflow/.local/lib/python3.12/site-packages/airflow/example_dags/example_branch_day_of_week_operator.py
[2026-08-06T05:58:55.375+0000] {processor.py:925} INFO - DAG(s) 'example_weekday_branch_operator' retrieved from /home/airflow/.local/lib/python3.12/site-packages/airflow/example_dags/example_branch_day_of_week_operator.py
[2026-08-06T05:58:55.407+0000] {logging_mixin.py:190} INFO - [2026-08-06T05:58:55.407+0000] {dag.py:3239} INFO - Sync 1 DAGs
[2026-08-06T05:58:55.435+0000] {logging_mixin.py:190} INFO - [2026-08-06T05:58:55.435+0000] {dag.py:4180} INFO - Setting next_dagrun for example_weekday_branch_operator to 2026-08-05 00:00:00+00:00, run_after=2026-08-06 00:00:00+00:00
[2026-08-06T05:58:55.512+0000] {processor.py:208} INFO - Processing /home/airflow/.local/lib/python3.12/site-packages/airflow/example_dags/example_branch_day_of_week_operator.py took 0.167 seconds
[2026-08-06T05:59:26.148+0000] {processor.py:186} INFO - Started process (PID=2916) to work on /home/airflow/.local/lib/python3.12/site-packages/airflow/example_dags/example_branch_day_of_week_operator.py
[2026-08-06T05:59:26.178+0000] {processor.py:914} INFO - Processing file /home/airflow/.local/lib/python3.12/site-packages/airflow/example_dags/example_branch_day_of_week_operator.py for tasks to queue
[2026-08-06T05:59:26.185+0000] {logging_mixin.py:190} INFO - [2026-08-06T05:59:26.185+0000] {dagbag.py:588} INFO - Filling up the DagBag from /home/airflow/.local/lib/python3.12/site-packages/airflow/example_dags/example_branch_day_of_week_operator.py
[2026-08-06T05:59:26.205+0000] {processor.py:925} INFO - DAG(s) 'example_weekday_branch_operator' retrieved from /home/airflow/.local/lib/python3.12/site-packages/airflow/example_dags/example_branch_day_of_week_operator.py
[2026-08-06T05:59:26.234+0000] {logging_mixin.py:190} INFO - [2026-08-06T05:59:26.233+0000] {dag.py:3239} INFO - Sync 1 DAGs
[2026-08-06T05:59:26.263+0000] {logging_mixin.py:190} INFO - [2026-08-06T05:59:26.262+0000] {dag.py:4180} INFO - Setting next_dagrun for example_weekday_branch_operator to 2026-08-05 00:00:00+00:00, run_after=2026-08-06 00:00:00+00:00
[2026-08-06T05:59:26.287+0000] {processor.py:208} INFO - Processing /home/airflow/.local/lib/python3.12/site-packages/airflow/example_dags/example_branch_day_of_week_operator.py took 0.148 seconds
[2026-08-06T05:59:57.106+0000] {processor.py:186} INFO - Started process (PID=2988) to work on /home/airflow/.local/lib/python3.12/site-packages/airflow/example_dags/example_branch_day_of_week_operator.py
[2026-08-06T05:59:57.108+0000] {processor.py:914} INFO - Processing file /home/airflow/.local/lib/python3.12/site-packages/airflow/example_dags/example_branch_day_of_week_operator.py for tasks to queue
[2026-08-06T05:59:57.111+0000] {logging_mixin.py:190} INFO - [2026-08-06T05:59:57.110+0000] {dagbag.py:588} INFO - Filling up the DagBag from /home/airflow/.local/lib/python3.12/site-packages/airflow/example_dags/example_branch_day_of_week_operator.py
[2026-08-06T05:59:57.122+0000] {processor.py:925} INFO - DAG(s) 'example_weekday_branch_operator' retrieved from /home/airflow/.local/lib/python3.12/site-packages/airflow/example_dags/example_branch_day_of_week_operator.py
[2026-08-06T05:59:57.148+0000] {logging_mixin.py:190} INFO - [2026-08-06T05:59:57.147+0000] {dag.py:3239} INFO - Sync 1 DAGs
[2026-08-06T05:59:57.178+0000] {logging_mixin.py:190} INFO - [2026-08-06T05:59:57.178+0000] {dag.py:4180} INFO - Setting next_dagrun for example_weekday_branch_operator to 2026-08-05 00:00:00+00:00, run_after=2026-08-06 00:00:00+00:00
[2026-08-06T05:59:57.225+0000] {processor.py:208} INFO - Processing /home/airflow/.local/lib/python3.12/site-packages/airflow/example_dags/example_branch_day_of_week_operator.py took 0.125 seconds
[2026-08-06T06:01:55.122+0000] {processor.py:186} INFO - Started process (PID=95) to work on /home/airflow/.local/lib/python3.12/site-packages/airflow/example_dags/example_branch_day_of_week_operator.py
[2026-08-06T06:01:55.124+0000] {processor.py:914} INFO - Processing file /home/airflow/.local/lib/python3.12/site-packages/airflow/example_dags/example_branch_day_of_week_operator.py for tasks to queue
[2026-08-06T06:01:55.129+0000] {logging_mixin.py:190} INFO - [2026-08-06T06:01:55.128+0000] {dagbag.py:588} INFO - Filling up the DagBag from /home/airflow/.local/lib/python3.12/site-packages/airflow/example_dags/example_branch_day_of_week_operator.py
[2026-08-06T06:01:55.143+0000] {processor.py:925} INFO - DAG(s) 'example_weekday_branch_operator' retrieved from /home/airflow/.local/lib/python3.12/site-packages/airflow/example_dags/example_branch_day_of_week_operator.py
[2026-08-06T06:01:55.175+0000] {logging_mixin.py:190} INFO - [2026-08-06T06:01:55.175+0000] {dag.py:3239} INFO - Sync 1 DAGs
[2026-08-06T06:01:55.219+0000] {logging_mixin.py:190} INFO - [2026-08-06T06:01:55.218+0000] {dag.py:4180} INFO - Setting next_dagrun for example_weekday_branch_operator to 2026-08-05 00:00:00+00:00, run_after=2026-08-06 00:00:00+00:00
[2026-08-06T06:01:55.249+0000] {processor.py:208} INFO - Processing /home/airflow/.local/lib/python3.12/site-packages/airflow/example_dags/example_branch_day_of_week_operator.py took 0.137 seconds
[2026-08-06T06:02:27.702+0000] {processor.py:186} INFO - Started process (PID=159) to work on /home/airflow/.local/lib/python3.12/site-packages/airflow/example_dags/example_branch_day_of_week_operator.py
[2026-08-06T06:02:27.704+0000] {processor.py:914} INFO - Processing file /home/airflow/.local/lib/python3.12/site-packages/airflow/example_dags/example_branch_day_of_week_operator.py for tasks to queue
[2026-08-06T06:02:27.708+0000] {logging_mixin.py:190} INFO - [2026-08-06T06:02:27.708+0000] {dagbag.py:588} INFO - Filling up the DagBag from /home/airflow/.local/lib/python3.12/site-packages/airflow/example_dags/example_branch_day_of_week_operator.py
[2026-08-06T06:02:27.724+0000] {processor.py:925} INFO - DAG(s) 'example_weekday_branch_operator' retrieved from /home/airflow/.local/lib/python3.12/site-packages/airflow/example_dags/example_branch_day_of_week_operator.py
[2026-08-06T06:02:27.751+0000] {logging_mixin.py:190} INFO - [2026-08-06T06:02:27.750+0000] {dag.py:3239} INFO - Sync 1 DAGs
[2026-08-06T06:02:27.784+0000] {logging_mixin.py:190} INFO - [2026-08-06T06:02:27.784+0000] {dag.py:4180} INFO - Setting next_dagrun for example_weekday_branch_operator to 2026-08-05 00:00:00+00:00, run_after=2026-08-06 00:00:00+00:00
[2026-08-06T06:02:27.835+0000] {processor.py:208} INFO - Processing /home/airflow/.local/lib/python3.12/site-packages/airflow/example_dags/example_branch_day_of_week_operator.py took 0.141 seconds
[2026-08-06T06:02:59.048+0000] {processor.py:186} INFO - Started process (PID=223) to work on /home/airflow/.local/lib/python3.12/site-packages/airflow/example_dags/example_branch_day_of_week_operator.py
[2026-08-06T06:02:59.050+0000] {processor.py:914} INFO - Processing file /home/airflow/.local/lib/python3.12/site-packages/airflow/example_dags/example_branch_day_of_week_operator.py for tasks to queue
[2026-08-06T06:02:59.056+0000] {logging_mixin.py:190} INFO - [2026-08-06T06:02:59.055+0000] {dagbag.py:588} INFO - Filling up the DagBag from /home/airflow/.local/lib/python3.12/site-packages/airflow/example_dags/example_branch_day_of_week_operator.py
[2026-08-06T06:02:59.073+0000] {processor.py:925} INFO - DAG(s) 'example_weekday_branch_operator' retrieved from /home/airflow/.local/lib/python3.12/site-packages/airflow/example_dags/example_branch_day_of_week_operator.py
[2026-08-06T06:02:59.113+0000] {logging_mixin.py:190} INFO - [2026-08-06T06:02:59.113+0000] {dag.py:3239} INFO - Sync 1 DAGs
[2026-08-06T06:02:59.165+0000] {logging_mixin.py:190} INFO - [2026-08-06T06:02:59.164+0000] {dag.py:4180} INFO - Setting next_dagrun for example_weekday_branch_operator to 2026-08-05 00:00:00+00:00, run_after=2026-08-06 00:00:00+00:00
[2026-08-06T06:02:59.205+0000] {processor.py:208} INFO - Processing /home/airflow/.local/lib/python3.12/site-packages/airflow/example_dags/example_branch_day_of_week_operator.py took 0.173 seconds
[2026-08-06T06:03:31.951+0000] {processor.py:186} INFO - Started process (PID=287) to work on /home/airflow/.local/lib/python3.12/site-packages/airflow/example_dags/example_branch_day_of_week_operator.py
[2026-08-06T06:03:31.955+0000] {processor.py:914} INFO - Processing file /home/airflow/.local/lib/python3.12/site-packages/airflow/example_dags/example_branch_day_of_week_operator.py for tasks to queue
[2026-08-06T06:03:31.960+0000] {logging_mixin.py:190} INFO - [2026-08-06T06:03:31.959+0000] {dagbag.py:588} INFO - Filling up the DagBag from /home/airflow/.local/lib/python3.12/site-packages/airflow/example_dags/example_branch_day_of_week_operator.py
[2026-08-06T06:03:31.984+0000] {processor.py:925} INFO - DAG(s) 'example_weekday_branch_operator' retrieved from /home/airflow/.local/lib/python3.12/site-packages/airflow/example_dags/example_branch_day_of_week_operator.py
[2026-08-06T06:03:32.046+0000] {logging_mixin.py:190} INFO - [2026-08-06T06:03:32.046+0000] {dag.py:3239} INFO - Sync 1 DAGs
[2026-08-06T06:03:32.126+0000] {logging_mixin.py:190} INFO - [2026-08-06T06:03:32.125+0000] {dag.py:4180} INFO - Setting next_dagrun for example_weekday_branch_operator to 2026-08-05 00:00:00+00:00, run_after=2026-08-06 00:00:00+00:00
[2026-08-06T06:03:32.255+0000] {processor.py:208} INFO - Processing /home/airflow/.local/lib/python3.12/site-packages/airflow/example_dags/example_branch_day_of_week_operator.py took 0.319 seconds
[2026-08-06T06:04:03.751+0000] {processor.py:186} INFO - Started process (PID=351) to work on /home/airflow/.local/lib/python3.12/site-packages/airflow/example_dags/example_branch_day_of_week_operator.py
[2026-08-06T06:04:03.754+0000] {processor.py:914} INFO - Processing file /home/airflow/.local/lib/python3.12/site-packages/airflow/example_dags/example_branch_day_of_week_operator.py for tasks to queue
[2026-08-06T06:04:03.762+0000] {logging_mixin.py:190} INFO - [2026-08-06T06:04:03.761+0000] {dagbag.py:588} INFO - Filling up the DagBag from /home/airflow/.local/lib/python3.12/site-packages/airflow/example_dags/example_branch_day_of_week_operator.py
[2026-08-06T06:04:03.783+0000] {processor.py:925} INFO - DAG(s) 'example_weekday_branch_operator' retrieved from /home/airflow/.local/lib/python3.12/site-packages/airflow/example_dags/example_branch_day_of_week_operator.py
[2026-08-06T06:04:03.831+0000] {logging_mixin.py:190} INFO - [2026-08-06T06:04:03.830+0000] {dag.py:3239} INFO - Sync 1 DAGs
[2026-08-06T06:04:03.887+0000] {logging_mixin.py:190} INFO - [2026-08-06T06:04:03.886+0000] {dag.py:4180} INFO - Setting next_dagrun for example_weekday_branch_operator to 2026-08-05 00:00:00+00:00, run_after=2026-08-06 00:00:00+00:00
[2026-08-06T06:04:03.936+0000] {processor.py:208} INFO - Processing /home/airflow/.local/lib/python3.12/site-packages/airflow/example_dags/example_branch_day_of_week_operator.py took 0.205 seconds
[2026-08-06T06:04:35.617+0000] {processor.py:186} INFO - Started process (PID=415) to work on /home/airflow/.local/lib/python3.12/site-packages/airflow/example_dags/example_branch_day_of_week_operator.py
[2026-08-06T06:04:35.623+0000] {processor.py:914} INFO - Processing file /home/airflow/.local/lib/python3.12/site-packages/airflow/example_dags/example_branch_day_of_week_operator.py for tasks to queue
[2026-08-06T06:04:35.627+0000] {logging_mixin.py:190} INFO - [2026-08-06T06:04:35.626+0000] {dagbag.py:588} INFO - Filling up the DagBag from /home/airflow/.local/lib/python3.12/site-packages/airflow/example_dags/example_branch_day_of_week_operator.py
[2026-08-06T06:04:35.642+0000] {processor.py:925} INFO - DAG(s) 'example_weekday_branch_operator' retrieved from /home/airflow/.local/lib/python3.12/site-packages/airflow/example_dags/example_branch_day_of_week_operator.py
[2026-08-06T06:04:35.673+0000] {logging_mixin.py:190} INFO - [2026-08-06T06:04:35.672+0000] {dag.py:3239} INFO - Sync 1 DAGs
[2026-08-06T06:04:35.714+0000] {logging_mixin.py:190} INFO - [2026-08-06T06:04:35.714+0000] {dag.py:4180} INFO - Setting next_dagrun for example_weekday_branch_operator to 2026-08-05 00:00:00+00:00, run_after=2026-08-06 00:00:00+00:00
[2026-08-06T06:04:35.782+0000] {processor.py:208} INFO - Processing /home/airflow/.local/lib/python3.12/site-packages/airflow/example_dags/example_branch_day_of_week_operator.py took 0.175 seconds
[2026-08-06T06:05:07.554+0000] {processor.py:186} INFO - Started process (PID=479) to work on /home/airflow/.local/lib/python3.12/site-packages/airflow/example_dags/example_branch_day_of_week_operator.py
[2026-08-06T06:05:07.556+0000] {processor.py:914} INFO - Processing file /home/airflow/.local/lib/python3.12/site-packages/airflow/example_dags/example_branch_day_of_week_operator.py for tasks to queue
[2026-08-06T06:05:07.559+0000] {logging_mixin.py:190} INFO - [2026-08-06T06:05:07.559+0000] {dagbag.py:588} INFO - Filling up the DagBag from /home/airflow/.local/lib/python3.12/site-packages/airflow/example_dags/example_branch_day_of_week_operator.py
[2026-08-06T06:05:07.575+0000] {processor.py:925} INFO - DAG(s) 'example_weekday_branch_operator' retrieved from /home/airflow/.local/lib/python3.12/site-packages/airflow/example_dags/example_branch_day_of_week_operator.py
[2026-08-06T06:05:07.606+0000] {logging_mixin.py:190} INFO - [2026-08-06T06:05:07.606+0000] {dag.py:3239} INFO - Sync 1 DAGs
[2026-08-06T06:05:07.645+0000] {logging_mixin.py:190} INFO - [2026-08-06T06:05:07.645+0000] {dag.py:4180} INFO - Setting next_dagrun for example_weekday_branch_operator to 2026-08-05 00:00:00+00:00, run_after=2026-08-06 00:00:00+00:00
[2026-08-06T06:05:07.682+0000] {processor.py:208} INFO - Processing /home/airflow/.local/lib/python3.12/site-packages/airflow/example_dags/example_branch_day_of_week_operator.py took 0.140 seconds
[2026-08-06T06:05:39.320+0000] {processor.py:186} INFO - Started process (PID=543) to work on /home/airflow/.local/lib/python3.12/site-packages/airflow/example_dags/example_branch_day_of_week_operator.py
[2026-08-06T06:05:39.321+0000] {processor.py:914} INFO - Processing file /home/airflow/.local/lib/python3.12/site-packages/airflow/example_dags/example_branch_day_of_week_operator.py for tasks to queue
[2026-08-06T06:05:39.327+0000] {logging_mixin.py:190} INFO - [2026-08-06T06:05:39.326+0000] {dagbag.py:588} INFO - Filling up the DagBag from /home/airflow/.local/lib/python3.12/site-packages/airflow/example_dags/example_branch_day_of_week_operator.py
[2026-08-06T06:05:39.347+0000] {processor.py:925} INFO - DAG(s) 'example_weekday_branch_operator' retrieved from /home/airflow/.local/lib/python3.12/site-packages/airflow/example_dags/example_branch_day_of_week_operator.py
[2026-08-06T06:05:39.384+0000] {logging_mixin.py:190} INFO - [2026-08-06T06:05:39.384+0000] {dag.py:3239} INFO - Sync 1 DAGs
[2026-08-06T06:05:39.426+0000] {logging_mixin.py:190} INFO - [2026-08-06T06:05:39.425+0000] {dag.py:4180} INFO - Setting next_dagrun for example_weekday_branch_operator to 2026-08-05 00:00:00+00:00, run_after=2026-08-06 00:00:00+00:00
[2026-08-06T06:05:39.459+0000] {processor.py:208} INFO - Processing /home/airflow/.local/lib/python3.12/site-packages/airflow/example_dags/example_branch_day_of_week_operator.py took 0.150 seconds
[2026-08-06T06:06:10.784+0000] {processor.py:186} INFO - Started process (PID=607) to work on /home/airflow/.local/lib/python3.12/site-packages/airflow/example_dags/example_branch_day_of_week_operator.py
[2026-08-06T06:06:10.786+0000] {processor.py:914} INFO - Processing file /home/airflow/.local/lib/python3.12/site-packages/airflow/example_dags/example_branch_day_of_week_operator.py for tasks to queue
[2026-08-06T06:06:10.790+0000] {logging_mixin.py:190} INFO - [2026-08-06T06:06:10.789+0000] {dagbag.py:588} INFO - Filling up the DagBag from /home/airflow/.local/lib/python3.12/site-packages/airflow/example_dags/example_branch_day_of_week_operator.py
[2026-08-06T06:06:10.804+0000] {processor.py:925} INFO - DAG(s) 'example_weekday_branch_operator' retrieved from /home/airflow/.local/lib/python3.12/site-packages/airflow/example_dags/example_branch_day_of_week_operator.py
[2026-08-06T06:06:10.840+0000] {logging_mixin.py:190} INFO - [2026-08-06T06:06:10.839+0000] {dag.py:3239} INFO - Sync 1 DAGs
[2026-08-06T06:06:10.874+0000] {logging_mixin.py:190} INFO - [2026-08-06T06:06:10.874+0000] {dag.py:4180} INFO - Setting next_dagrun for example_weekday_branch_operator to 2026-08-05 00:00:00+00:00, run_after=2026-08-06 00:00:00+00:00
[2026-08-06T06:06:10.904+0000] {processor.py:208} INFO - Processing /home/airflow/.local/lib/python3.12/site-packages/airflow/example_dags/example_branch_day_of_week_operator.py took 0.129 seconds
[2026-08-06T06:06:42.965+0000] {processor.py:186} INFO - Started process (PID=671) to work on /home/airflow/.local/lib/python3.12/site-packages/airflow/example_dags/example_branch_day_of_week_operator.py
[2026-08-06T06:06:42.967+0000] {processor.py:914} INFO - Processing file /home/airflow/.local/lib/python3.12/site-packages/airflow/example_dags/example_branch_day_of_week_operator.py for tasks to queue
[2026-08-06T06:06:42.976+0000] {logging_mixin.py:190} INFO - [2026-08-06T06:06:42.975+0000] {dagbag.py:588} INFO - Filling up the DagBag from /home/airflow/.local/lib/python3.12/site-packages/airflow/example_dags/example_branch_day_of_week_operator.py
[2026-08-06T06:06:43.001+0000] {processor.py:925} INFO - DAG(s) 'example_weekday_branch_operator' retrieved from /home/airflow/.local/lib/python3.12/site-packages/airflow/example_dags/example_branch_day_of_week_operator.py
[2026-08-06T06:06:43.045+0000] {logging_mixin.py:190} INFO - [2026-08-06T06:06:43.044+0000] {dag.py:3239} INFO - Sync 1 DAGs
[2026-08-06T06:06:43.090+0000] {logging_mixin.py:190} INFO - [2026-08-06T06:06:43.089+0000] {dag.py:4180} INFO - Setting next_dagrun for example_weekday_branch_operator to 2026-08-05 00:00:00+00:00, run_after=2026-08-06 00:00:00+00:00
[2026-08-06T06:06:43.129+0000] {processor.py:208} INFO - Processing /home/airflow/.local/lib/python3.12/site-packages/airflow/example_dags/example_branch_day_of_week_operator.py took 0.173 seconds
[2026-08-06T06:07:13.463+0000] {processor.py:186} INFO - Started process (PID=735) to work on /home/airflow/.local/lib/python3.12/site-packages/airflow/example_dags/example_branch_day_of_week_operator.py
[2026-08-06T06:07:13.465+0000] {processor.py:914} INFO - Processing file /home/airflow/.local/lib/python3.12/site-packages/airflow/example_dags/example_branch_day_of_week_operator.py for tasks to queue
[2026-08-06T06:07:13.468+0000] {logging_mixin.py:190} INFO - [2026-08-06T06:07:13.467+0000] {dagbag.py:588} INFO - Filling up the DagBag from /home/airflow/.local/lib/python3.12/site-packages/airflow/example_dags/example_branch_day_of_week_operator.py
[2026-08-06T06:07:13.480+0000] {processor.py:925} INFO - DAG(s) 'example_weekday_branch_operator' retrieved from /home/airflow/.local/lib/python3.12/site-packages/airflow/example_dags/example_branch_day_of_week_operator.py
[2026-08-06T06:07:13.508+0000] {logging_mixin.py:190} INFO - [2026-08-06T06:07:13.508+0000] {dag.py:3239} INFO - Sync 1 DAGs
[2026-08-06T06:07:13.548+0000] {logging_mixin.py:190} INFO - [2026-08-06T06:07:13.547+0000] {dag.py:4180} INFO - Setting next_dagrun for example_weekday_branch_operator to 2026-08-05 00:00:00+00:00, run_after=2026-08-06 00:00:00+00:00
[2026-08-06T06:07:13.625+0000] {processor.py:208} INFO - Processing /home/airflow/.local/lib/python3.12/site-packages/airflow/example_dags/example_branch_day_of_week_operator.py took 0.171 seconds
[2026-08-06T06:07:44.813+0000] {processor.py:186} INFO - Started process (PID=799) to work on /home/airflow/.local/lib/python3.12/site-packages/airflow/example_dags/example_branch_day_of_week_operator.py
[2026-08-06T06:07:44.815+0000] {processor.py:914} INFO - Processing file /home/airflow/.local/lib/python3.12/site-packages/airflow/example_dags/example_branch_day_of_week_operator.py for tasks to queue
[2026-08-06T06:07:44.819+0000] {logging_mixin.py:190} INFO - [2026-08-06T06:07:44.818+0000] {dagbag.py:588} INFO - Filling up the DagBag from /home/airflow/.local/lib/python3.12/site-packages/airflow/example_dags/example_branch_day_of_week_operator.py
[2026-08-06T06:07:44.834+0000] {processor.py:925} INFO - DAG(s) 'example_weekday_branch_operator' retrieved from /home/airflow/.local/lib/python3.12/site-packages/airflow/example_dags/example_branch_day_of_week_operator.py
[2026-08-06T06:07:44.870+0000] {logging_mixin.py:190} INFO - [2026-08-06T06:07:44.869+0000] {dag.py:3239} INFO - Sync 1 DAGs
[2026-08-06T06:07:44.905+0000] {logging_mixin.py:190} INFO - [2026-08-06T06:07:44.905+0000] {dag.py:4180} INFO - Setting next_dagrun for example_weekday_branch_operator to 2026-08-05 00:00:00+00:00, run_after=2026-08-06 00:00:00+00:00
[2026-08-06T06:07:44.977+0000] {processor.py:208} INFO - Processing /home/airflow/.local/lib/python3.12/site-packages/airflow/example_dags/example_branch_day_of_week_operator.py took 0.172 seconds
[2026-08-06T06:08:16.252+0000] {processor.py:186} INFO - Started process (PID=867) to work on /home/airflow/.local/lib/python3.12/site-packages/airflow/example_dags/example_branch_day_of_week_operator.py
[2026-08-06T06:08:16.280+0000] {processor.py:914} INFO - Processing file /home/airflow/.local/lib/python3.12/site-packages/airflow/example_dags/example_branch_day_of_week_operator.py for tasks to queue
[2026-08-06T06:08:16.301+0000] {logging_mixin.py:190} INFO - [2026-08-06T06:08:16.301+0000] {dagbag.py:588} INFO - Filling up the DagBag from /home/airflow/.local/lib/python3.12/site-packages/airflow/example_dags/example_branch_day_of_week_operator.py
[2026-08-06T06:08:16.325+0000] {processor.py:925} INFO - DAG(s) 'example_weekday_branch_operator' retrieved from /home/airflow/.local/lib/python3.12/site-packages/airflow/example_dags/example_branch_day_of_week_operator.py
[2026-08-06T06:08:16.364+0000] {logging_mixin.py:190} INFO - [2026-08-06T06:08:16.363+0000] {dag.py:3239} INFO - Sync 1 DAGs
[2026-08-06T06:08:16.471+0000] {logging_mixin.py:190} INFO - [2026-08-06T06:08:16.471+0000] {dag.py:4180} INFO - Setting next_dagrun for example_weekday_branch_operator to 2026-08-05 00:00:00+00:00, run_after=2026-08-06 00:00:00+00:00
[2026-08-06T06:08:16.549+0000] {processor.py:208} INFO - Processing /home/airflow/.local/lib/python3.12/site-packages/airflow/example_dags/example_branch_day_of_week_operator.py took 0.305 seconds
[2026-08-06T06:08:46.789+0000] {processor.py:186} INFO - Started process (PID=936) to work on /home/airflow/.local/lib/python3.12/site-packages/airflow/example_dags/example_branch_day_of_week_operator.py
[2026-08-06T06:08:46.791+0000] {processor.py:914} INFO - Processing file /home/airflow/.local/lib/python3.12/site-packages/airflow/example_dags/example_branch_day_of_week_operator.py for tasks to queue
[2026-08-06T06:08:46.795+0000] {logging_mixin.py:190} INFO - [2026-08-06T06:08:46.794+0000] {dagbag.py:588} INFO - Filling up the DagBag from /home/airflow/.local/lib/python3.12/site-packages/airflow/example_dags/example_branch_day_of_week_operator.py
[2026-08-06T06:08:46.807+0000] {processor.py:925} INFO - DAG(s) 'example_weekday_branch_operator' retrieved from /home/airflow/.local/lib/python3.12/site-packages/airflow/example_dags/example_branch_day_of_week_operator.py
[2026-08-06T06:08:46.831+0000] {logging_mixin.py:190} INFO - [2026-08-06T06:08:46.830+0000] {dag.py:3239} INFO - Sync 1 DAGs
[2026-08-06T06:08:46.859+0000] {logging_mixin.py:190} INFO - [2026-08-06T06:08:46.859+0000] {dag.py:4180} INFO - Setting next_dagrun for example_weekday_branch_operator to 2026-08-05 00:00:00+00:00, run_after=2026-08-06 00:00:00+00:00
[2026-08-06T06:08:46.923+0000] {processor.py:208} INFO - Processing /home/airflow/.local/lib/python3.12/site-packages/airflow/example_dags/example_branch_day_of_week_operator.py took 0.143 seconds
[2026-08-06T06:09:17.809+0000] {processor.py:186} INFO - Started process (PID=1000) to work on /home/airflow/.local/lib/python3.12/site-packages/airflow/example_dags/example_branch_day_of_week_operator.py
[2026-08-06T06:09:17.811+0000] {processor.py:914} INFO - Processing file /home/airflow/.local/lib/python3.12/site-packages/airflow/example_dags/example_branch_day_of_week_operator.py for tasks to queue
[2026-08-06T06:09:17.817+0000] {logging_mixin.py:190} INFO - [2026-08-06T06:09:17.816+0000] {dagbag.py:588} INFO - Filling up the DagBag from /home/airflow/.local/lib/python3.12/site-packages/airflow/example_dags/example_branch_day_of_week_operator.py
[2026-08-06T06:09:17.835+0000] {processor.py:925} INFO - DAG(s) 'example_weekday_branch_operator' retrieved from /home/airflow/.local/lib/python3.12/site-packages/airflow/example_dags/example_branch_day_of_week_operator.py
[2026-08-06T06:09:17.885+0000] {logging_mixin.py:190} INFO - [2026-08-06T06:09:17.885+0000] {dag.py:3239} INFO - Sync 1 DAGs
[2026-08-06T06:09:17.925+0000] {logging_mixin.py:190} INFO - [2026-08-06T06:09:17.924+0000] {dag.py:4180} INFO - Setting next_dagrun for example_weekday_branch_operator to 2026-08-05 00:00:00+00:00, run_after=2026-08-06 00:00:00+00:00
[2026-08-06T06:09:17.987+0000] {processor.py:208} INFO - Processing /home/airflow/.local/lib/python3.12/site-packages/airflow/example_dags/example_branch_day_of_week_operator.py took 0.193 seconds
[2026-08-06T06:09:48.280+0000] {processor.py:186} INFO - Started process (PID=1064) to work on /home/airflow/.local/lib/python3.12/site-packages/airflow/example_dags/example_branch_day_of_week_operator.py
[2026-08-06T06:09:48.281+0000] {processor.py:914} INFO - Processing file /home/airflow/.local/lib/python3.12/site-packages/airflow/example_dags/example_branch_day_of_week_operator.py for tasks to queue
[2026-08-06T06:09:48.284+0000] {logging_mixin.py:190} INFO - [2026-08-06T06:09:48.284+0000] {dagbag.py:588} INFO - Filling up the DagBag from /home/airflow/.local/lib/python3.12/site-packages/airflow/example_dags/example_branch_day_of_week_operator.py
[2026-08-06T06:09:48.296+0000] {processor.py:925} INFO - DAG(s) 'example_weekday_branch_operator' retrieved from /home/airflow/.local/lib/python3.12/site-packages/airflow/example_dags/example_branch_day_of_week_operator.py
[2026-08-06T06:09:48.321+0000] {logging_mixin.py:190} INFO - [2026-08-06T06:09:48.321+0000] {dag.py:3239} INFO - Sync 1 DAGs
[2026-08-06T06:09:48.375+0000] {logging_mixin.py:190} INFO - [2026-08-06T06:09:48.375+0000] {dag.py:4180} INFO - Setting next_dagrun for example_weekday_branch_operator to 2026-08-05 00:00:00+00:00, run_after=2026-08-06 00:00:00+00:00
[2026-08-06T06:09:48.433+0000] {processor.py:208} INFO - Processing /home/airflow/.local/lib/python3.12/site-packages/airflow/example_dags/example_branch_day_of_week_operator.py took 0.161 seconds
[2026-08-06T06:10:18.587+0000] {processor.py:186} INFO - Started process (PID=1128) to work on /home/airflow/.local/lib/python3.12/site-packages/airflow/example_dags/example_branch_day_of_week_operator.py
[2026-08-06T06:10:18.589+0000] {processor.py:914} INFO - Processing file /home/airflow/.local/lib/python3.12/site-packages/airflow/example_dags/example_branch_day_of_week_operator.py for tasks to queue
[2026-08-06T06:10:18.596+0000] {logging_mixin.py:190} INFO - [2026-08-06T06:10:18.595+0000] {dagbag.py:588} INFO - Filling up the DagBag from /home/airflow/.local/lib/python3.12/site-packages/airflow/example_dags/example_branch_day_of_week_operator.py
[2026-08-06T06:10:18.620+0000] {processor.py:925} INFO - DAG(s) 'example_weekday_branch_operator' retrieved from /home/airflow/.local/lib/python3.12/site-packages/airflow/example_dags/example_branch_day_of_week_operator.py
[2026-08-06T06:10:18.665+0000] {logging_mixin.py:190} INFO - [2026-08-06T06:10:18.664+0000] {dag.py:3239} INFO - Sync 1 DAGs
[2026-08-06T06:10:18.720+0000] {logging_mixin.py:190} INFO - [2026-08-06T06:10:18.720+0000] {dag.py:4180} INFO - Setting next_dagrun for example_weekday_branch_operator to 2026-08-05 00:00:00+00:00, run_after=2026-08-06 00:00:00+00:00
[2026-08-06T06:10:18.857+0000] {processor.py:208} INFO - Processing /home/airflow/.local/lib/python3.12/site-packages/airflow/example_dags/example_branch_day_of_week_operator.py took 0.284 seconds
[2026-08-06T06:16:31.174+0000] {processor.py:186} INFO - Started process (PID=94) to work on /home/airflow/.local/lib/python3.12/site-packages/airflow/example_dags/example_branch_day_of_week_operator.py
[2026-08-06T06:16:31.176+0000] {processor.py:914} INFO - Processing file /home/airflow/.local/lib/python3.12/site-packages/airflow/example_dags/example_branch_day_of_week_operator.py for tasks to queue
[2026-08-06T06:16:31.181+0000] {logging_mixin.py:190} INFO - [2026-08-06T06:16:31.180+0000] {dagbag.py:588} INFO - Filling up the DagBag from /home/airflow/.local/lib/python3.12/site-packages/airflow/example_dags/example_branch_day_of_week_operator.py
[2026-08-06T06:16:31.194+0000] {processor.py:925} INFO - DAG(s) 'example_weekday_branch_operator' retrieved from /home/airflow/.local/lib/python3.12/site-packages/airflow/example_dags/example_branch_day_of_week_operator.py
[2026-08-06T06:16:31.226+0000] {logging_mixin.py:190} INFO - [2026-08-06T06:16:31.226+0000] {dag.py:3239} INFO - Sync 1 DAGs
[2026-08-06T06:16:31.275+0000] {logging_mixin.py:190} INFO - [2026-08-06T06:16:31.275+0000] {dag.py:4180} INFO - Setting next_dagrun for example_weekday_branch_operator to 2026-08-05 00:00:00+00:00, run_after=2026-08-06 00:00:00+00:00
[2026-08-06T06:16:31.300+0000] {processor.py:208} INFO - Processing /home/airflow/.local/lib/python3.12/site-packages/airflow/example_dags/example_branch_day_of_week_operator.py took 0.133 seconds
[2026-08-06T06:17:02.089+0000] {processor.py:186} INFO - Started process (PID=158) to work on /home/airflow/.local/lib/python3.12/site-packages/airflow/example_dags/example_branch_day_of_week_operator.py
[2026-08-06T06:17:02.091+0000] {processor.py:914} INFO - Processing file /home/airflow/.local/lib/python3.12/site-packages/airflow/example_dags/example_branch_day_of_week_operator.py for tasks to queue
[2026-08-06T06:17:02.096+0000] {logging_mixin.py:190} INFO - [2026-08-06T06:17:02.096+0000] {dagbag.py:588} INFO - Filling up the DagBag from /home/airflow/.local/lib/python3.12/site-packages/airflow/example_dags/example_branch_day_of_week_operator.py
[2026-08-06T06:17:02.110+0000] {processor.py:925} INFO - DAG(s) 'example_weekday_branch_operator' retrieved from /home/airflow/.local/lib/python3.12/site-packages/airflow/example_dags/example_branch_day_of_week_operator.py
[2026-08-06T06:17:02.154+0000] {logging_mixin.py:190} INFO - [2026-08-06T06:17:02.154+0000] {dag.py:3239} INFO - Sync 1 DAGs
[2026-08-06T06:17:02.211+0000] {logging_mixin.py:190} INFO - [2026-08-06T06:17:02.211+0000] {dag.py:4180} INFO - Setting next_dagrun for example_weekday_branch_operator to 2026-08-05 00:00:00+00:00, run_after=2026-08-06 00:00:00+00:00
[2026-08-06T06:17:02.257+0000] {processor.py:208} INFO - Processing /home/airflow/.local/lib/python3.12/site-packages/airflow/example_dags/example_branch_day_of_week_operator.py took 0.176 seconds
[2026-08-06T06:17:33.031+0000] {processor.py:186} INFO - Started process (PID=222) to work on /home/airflow/.local/lib/python3.12/site-packages/airflow/example_dags/example_branch_day_of_week_operator.py
[2026-08-06T06:17:33.034+0000] {processor.py:914} INFO - Processing file /home/airflow/.local/lib/python3.12/site-packages/airflow/example_dags/example_branch_day_of_week_operator.py for tasks to queue
[2026-08-06T06:17:33.038+0000] {logging_mixin.py:190} INFO - [2026-08-06T06:17:33.037+0000] {dagbag.py:588} INFO - Filling up the DagBag from /home/airflow/.local/lib/python3.12/site-packages/airflow/example_dags/example_branch_day_of_week_operator.py
[2026-08-06T06:17:33.054+0000] {processor.py:925} INFO - DAG(s) 'example_weekday_branch_operator' retrieved from /home/airflow/.local/lib/python3.12/site-packages/airflow/example_dags/example_branch_day_of_week_operator.py
[2026-08-06T06:17:33.091+0000] {logging_mixin.py:190} INFO - [2026-08-06T06:17:33.091+0000] {dag.py:3239} INFO - Sync 1 DAGs
[2026-08-06T06:17:33.139+0000] {logging_mixin.py:190} INFO - [2026-08-06T06:17:33.139+0000] {dag.py:4180} INFO - Setting next_dagrun for example_weekday_branch_operator to 2026-08-05 00:00:00+00:00, run_after=2026-08-06 00:00:00+00:00
[2026-08-06T06:17:33.216+0000] {processor.py:208} INFO - Processing /home/airflow/.local/lib/python3.12/site-packages/airflow/example_dags/example_branch_day_of_week_operator.py took 0.193 seconds
[2026-08-06T06:18:04.040+0000] {processor.py:186} INFO - Started process (PID=285) to work on /home/airflow/.local/lib/python3.12/site-packages/airflow/example_dags/example_branch_day_of_week_operator.py
[2026-08-06T06:18:04.042+0000] {processor.py:914} INFO - Processing file /home/airflow/.local/lib/python3.12/site-packages/airflow/example_dags/example_branch_day_of_week_operator.py for tasks to queue
[2026-08-06T06:18:04.048+0000] {logging_mixin.py:190} INFO - [2026-08-06T06:18:04.047+0000] {dagbag.py:588} INFO - Filling up the DagBag from /home/airflow/.local/lib/python3.12/site-packages/airflow/example_dags/example_branch_day_of_week_operator.py
[2026-08-06T06:18:04.070+0000] {processor.py:925} INFO - DAG(s) 'example_weekday_branch_operator' retrieved from /home/airflow/.local/lib/python3.12/site-packages/airflow/example_dags/example_branch_day_of_week_operator.py
[2026-08-06T06:18:04.117+0000] {logging_mixin.py:190} INFO - [2026-08-06T06:18:04.116+0000] {dag.py:3239} INFO - Sync 1 DAGs
[2026-08-06T06:18:04.170+0000] {logging_mixin.py:190} INFO - [2026-08-06T06:18:04.169+0000] {dag.py:4180} INFO - Setting next_dagrun for example_weekday_branch_operator to 2026-08-05 00:00:00+00:00, run_after=2026-08-06 00:00:00+00:00
[2026-08-06T06:18:04.243+0000] {processor.py:208} INFO - Processing /home/airflow/.local/lib/python3.12/site-packages/airflow/example_dags/example_branch_day_of_week_operator.py took 0.217 seconds
[2026-08-06T06:18:34.716+0000] {processor.py:186} INFO - Started process (PID=349) to work on /home/airflow/.local/lib/python3.12/site-packages/airflow/example_dags/example_branch_day_of_week_operator.py
[2026-08-06T06:18:34.718+0000] {processor.py:914} INFO - Processing file /home/airflow/.local/lib/python3.12/site-packages/airflow/example_dags/example_branch_day_of_week_operator.py for tasks to queue
[2026-08-06T06:18:34.721+0000] {logging_mixin.py:190} INFO - [2026-08-06T06:18:34.721+0000] {dagbag.py:588} INFO - Filling up the DagBag from /home/airflow/.local/lib/python3.12/site-packages/airflow/example_dags/example_branch_day_of_week_operator.py
[2026-08-06T06:18:34.735+0000] {processor.py:925} INFO - DAG(s) 'example_weekday_branch_operator' retrieved from /home/airflow/.local/lib/python3.12/site-packages/airflow/example_dags/example_branch_day_of_week_operator.py
[2026-08-06T06:18:34.760+0000] {logging_mixin.py:190} INFO - [2026-08-06T06:18:34.760+0000] {dag.py:3239} INFO - Sync 1 DAGs
[2026-08-06T06:18:34.794+0000] {logging_mixin.py:190} INFO - [2026-08-06T06:18:34.794+0000] {dag.py:4180} INFO - Setting next_dagrun for example_weekday_branch_operator to 2026-08-05 00:00:00+00:00, run_after=2026-08-06 00:00:00+00:00
[2026-08-06T06:18:34.868+0000] {processor.py:208} INFO - Processing /home/airflow/.local/lib/python3.12/site-packages/airflow/example_dags/example_branch_day_of_week_operator.py took 0.158 seconds
[2026-08-06T06:19:05.108+0000] {processor.py:186} INFO - Started process (PID=411) to work on /home/airflow/.local/lib/python3.12/site-packages/airflow/example_dags/example_branch_day_of_week_operator.py
[2026-08-06T06:19:05.111+0000] {processor.py:914} INFO - Processing file /home/airflow/.local/lib/python3.12/site-packages/airflow/example_dags/example_branch_day_of_week_operator.py for tasks to queue
[2026-08-06T06:19:05.115+0000] {logging_mixin.py:190} INFO - [2026-08-06T06:19:05.115+0000] {dagbag.py:588} INFO - Filling up the DagBag from /home/airflow/.local/lib/python3.12/site-packages/airflow/example_dags/example_branch_day_of_week_operator.py
[2026-08-06T06:19:05.140+0000] {processor.py:925} INFO - DAG(s) 'example_weekday_branch_operator' retrieved from /home/airflow/.local/lib/python3.12/site-packages/airflow/example_dags/example_branch_day_of_week_operator.py
[2026-08-06T06:19:05.203+0000] {logging_mixin.py:190} INFO - [2026-08-06T06:19:05.202+0000] {dag.py:3239} INFO - Sync 1 DAGs
[2026-08-06T06:19:05.272+0000] {logging_mixin.py:190} INFO - [2026-08-06T06:19:05.271+0000] {dag.py:4180} INFO - Setting next_dagrun for example_weekday_branch_operator to 2026-08-05 00:00:00+00:00, run_after=2026-08-06 00:00:00+00:00
[2026-08-06T06:19:05.318+0000] {processor.py:208} INFO - Processing /home/airflow/.local/lib/python3.12/site-packages/airflow/example_dags/example_branch_day_of_week_operator.py took 0.220 seconds
[2026-08-06T06:19:35.581+0000] {processor.py:186} INFO - Started process (PID=480) to work on /home/airflow/.local/lib/python3.12/site-packages/airflow/example_dags/example_branch_day_of_week_operator.py
[2026-08-06T06:19:35.584+0000] {processor.py:914} INFO - Processing file /home/airflow/.local/lib/python3.12/site-packages/airflow/example_dags/example_branch_day_of_week_operator.py for tasks to queue
[2026-08-06T06:19:35.588+0000] {logging_mixin.py:190} INFO - [2026-08-06T06:19:35.587+0000] {dagbag.py:588} INFO - Filling up the DagBag from /home/airflow/.local/lib/python3.12/site-packages/airflow/example_dags/example_branch_day_of_week_operator.py
[2026-08-06T06:19:35.609+0000] {processor.py:925} INFO - DAG(s) 'example_weekday_branch_operator' retrieved from /home/airflow/.local/lib/python3.12/site-packages/airflow/example_dags/example_branch_day_of_week_operator.py
[2026-08-06T06:19:35.651+0000] {logging_mixin.py:190} INFO - [2026-08-06T06:19:35.651+0000] {dag.py:3239} INFO - Sync 1 DAGs
[2026-08-06T06:19:35.705+0000] {logging_mixin.py:190} INFO - [2026-08-06T06:19:35.704+0000] {dag.py:4180} INFO - Setting next_dagrun for example_weekday_branch_operator to 2026-08-05 00:00:00+00:00, run_after=2026-08-06 00:00:00+00:00
[2026-08-06T06:19:35.744+0000] {processor.py:208} INFO - Processing /home/airflow/.local/lib/python3.12/site-packages/airflow/example_dags/example_branch_day_of_week_operator.py took 0.183 seconds
[2026-08-06T06:20:06.454+0000] {processor.py:186} INFO - Started process (PID=544) to work on /home/airflow/.local/lib/python3.12/site-packages/airflow/example_dags/example_branch_day_of_week_operator.py
[2026-08-06T06:20:06.456+0000] {processor.py:914} INFO - Processing file /home/airflow/.local/lib/python3.12/site-packages/airflow/example_dags/example_branch_day_of_week_operator.py for tasks to queue
[2026-08-06T06:20:06.459+0000] {logging_mixin.py:190} INFO - [2026-08-06T06:20:06.459+0000] {dagbag.py:588} INFO - Filling up the DagBag from /home/airflow/.local/lib/python3.12/site-packages/airflow/example_dags/example_branch_day_of_week_operator.py
[2026-08-06T06:20:06.475+0000] {processor.py:925} INFO - DAG(s) 'example_weekday_branch_operator' retrieved from /home/airflow/.local/lib/python3.12/site-packages/airflow/example_dags/example_branch_day_of_week_operator.py
[2026-08-06T06:20:06.507+0000] {logging_mixin.py:190} INFO - [2026-08-06T06:20:06.507+0000] {dag.py:3239} INFO - Sync 1 DAGs
[2026-08-06T06:20:06.540+0000] {logging_mixin.py:190} INFO - [2026-08-06T06:20:06.539+0000] {dag.py:4180} INFO - Setting next_dagrun for example_weekday_branch_operator to 2026-08-05 00:00:00+00:00, run_after=2026-08-06 00:00:00+00:00
[2026-08-06T06:20:06.619+0000] {processor.py:208} INFO - Processing /home/airflow/.local/lib/python3.12/site-packages/airflow/example_dags/example_branch_day_of_week_operator.py took 0.175 seconds
[2026-08-06T06:20:36.932+0000] {processor.py:186} INFO - Started process (PID=608) to work on /home/airflow/.local/lib/python3.12/site-packages/airflow/example_dags/example_branch_day_of_week_operator.py
[2026-08-06T06:20:36.935+0000] {processor.py:914} INFO - Processing file /home/airflow/.local/lib/python3.12/site-packages/airflow/example_dags/example_branch_day_of_week_operator.py for tasks to queue
[2026-08-06T06:20:36.938+0000] {logging_mixin.py:190} INFO - [2026-08-06T06:20:36.938+0000] {dagbag.py:588} INFO - Filling up the DagBag from /home/airflow/.local/lib/python3.12/site-packages/airflow/example_dags/example_branch_day_of_week_operator.py
[2026-08-06T06:20:36.956+0000] {processor.py:925} INFO - DAG(s) 'example_weekday_branch_operator' retrieved from /home/airflow/.local/lib/python3.12/site-packages/airflow/example_dags/example_branch_day_of_week_operator.py
[2026-08-06T06:20:36.989+0000] {logging_mixin.py:190} INFO - [2026-08-06T06:20:36.988+0000] {dag.py:3239} INFO - Sync 1 DAGs
[2026-08-06T06:20:37.032+0000] {logging_mixin.py:190} INFO - [2026-08-06T06:20:37.031+0000] {dag.py:4180} INFO - Setting next_dagrun for example_weekday_branch_operator to 2026-08-05 00:00:00+00:00, run_after=2026-08-06 00:00:00+00:00
[2026-08-06T06:20:37.074+0000] {processor.py:208} INFO - Processing /home/airflow/.local/lib/python3.12/site-packages/airflow/example_dags/example_branch_day_of_week_operator.py took 0.155 seconds
[2026-08-06T06:21:08.399+0000] {processor.py:186} INFO - Started process (PID=672) to work on /home/airflow/.local/lib/python3.12/site-packages/airflow/example_dags/example_branch_day_of_week_operator.py
[2026-08-06T06:21:08.401+0000] {processor.py:914} INFO - Processing file /home/airflow/.local/lib/python3.12/site-packages/airflow/example_dags/example_branch_day_of_week_operator.py for tasks to queue
[2026-08-06T06:21:08.405+0000] {logging_mixin.py:190} INFO - [2026-08-06T06:21:08.404+0000] {dagbag.py:588} INFO - Filling up the DagBag from /home/airflow/.local/lib/python3.12/site-packages/airflow/example_dags/example_branch_day_of_week_operator.py
[2026-08-06T06:21:08.422+0000] {processor.py:925} INFO - DAG(s) 'example_weekday_branch_operator' retrieved from /home/airflow/.local/lib/python3.12/site-packages/airflow/example_dags/example_branch_day_of_week_operator.py
[2026-08-06T06:21:08.464+0000] {logging_mixin.py:190} INFO - [2026-08-06T06:21:08.463+0000] {dag.py:3239} INFO - Sync 1 DAGs
[2026-08-06T06:21:08.497+0000] {logging_mixin.py:190} INFO - [2026-08-06T06:21:08.497+0000] {dag.py:4180} INFO - Setting next_dagrun for example_weekday_branch_operator to 2026-08-05 00:00:00+00:00, run_after=2026-08-06 00:00:00+00:00
[2026-08-06T06:21:08.560+0000] {processor.py:208} INFO - Processing /home/airflow/.local/lib/python3.12/site-packages/airflow/example_dags/example_branch_day_of_week_operator.py took 0.172 seconds
[2026-08-06T06:21:39.506+0000] {processor.py:186} INFO - Started process (PID=736) to work on /home/airflow/.local/lib/python3.12/site-packages/airflow/example_dags/example_branch_day_of_week_operator.py
[2026-08-06T06:21:39.519+0000] {processor.py:914} INFO - Processing file /home/airflow/.local/lib/python3.12/site-packages/airflow/example_dags/example_branch_day_of_week_operator.py for tasks to queue
[2026-08-06T06:21:39.528+0000] {logging_mixin.py:190} INFO - [2026-08-06T06:21:39.528+0000] {dagbag.py:588} INFO - Filling up the DagBag from /home/airflow/.local/lib/python3.12/site-packages/airflow/example_dags/example_branch_day_of_week_operator.py
[2026-08-06T06:21:39.546+0000] {processor.py:925} INFO - DAG(s) 'example_weekday_branch_operator' retrieved from /home/airflow/.local/lib/python3.12/site-packages/airflow/example_dags/example_branch_day_of_week_operator.py
[2026-08-06T06:21:39.577+0000] {logging_mixin.py:190} INFO - [2026-08-06T06:21:39.577+0000] {dag.py:3239} INFO - Sync 1 DAGs
[2026-08-06T06:21:39.614+0000] {logging_mixin.py:190} INFO - [2026-08-06T06:21:39.614+0000] {dag.py:4180} INFO - Setting next_dagrun for example_weekday_branch_operator to 2026-08-05 00:00:00+00:00, run_after=2026-08-06 00:00:00+00:00
[2026-08-06T06:21:39.662+0000] {processor.py:208} INFO - Processing /home/airflow/.local/lib/python3.12/site-packages/airflow/example_dags/example_branch_day_of_week_operator.py took 0.164 seconds
[2026-08-06T06:22:09.960+0000] {processor.py:186} INFO - Started process (PID=800) to work on /home/airflow/.local/lib/python3.12/site-packages/airflow/example_dags/example_branch_day_of_week_operator.py
[2026-08-06T06:22:09.962+0000] {processor.py:914} INFO - Processing file /home/airflow/.local/lib/python3.12/site-packages/airflow/example_dags/example_branch_day_of_week_operator.py for tasks to queue
[2026-08-06T06:22:09.966+0000] {logging_mixin.py:190} INFO - [2026-08-06T06:22:09.965+0000] {dagbag.py:588} INFO - Filling up the DagBag from /home/airflow/.local/lib/python3.12/site-packages/airflow/example_dags/example_branch_day_of_week_operator.py
[2026-08-06T06:22:09.984+0000] {processor.py:925} INFO - DAG(s) 'example_weekday_branch_operator' retrieved from /home/airflow/.local/lib/python3.12/site-packages/airflow/example_dags/example_branch_day_of_week_operator.py
[2026-08-06T06:22:10.031+0000] {logging_mixin.py:190} INFO - [2026-08-06T06:22:10.030+0000] {dag.py:3239} INFO - Sync 1 DAGs
[2026-08-06T06:22:10.116+0000] {logging_mixin.py:190} INFO - [2026-08-06T06:22:10.115+0000] {dag.py:4180} INFO - Setting next_dagrun for example_weekday_branch_operator to 2026-08-05 00:00:00+00:00, run_after=2026-08-06 00:00:00+00:00
[2026-08-06T06:22:10.194+0000] {processor.py:208} INFO - Processing /home/airflow/.local/lib/python3.12/site-packages/airflow/example_dags/example_branch_day_of_week_operator.py took 0.245 seconds
[2026-08-06T06:22:40.798+0000] {processor.py:186} INFO - Started process (PID=864) to work on /home/airflow/.local/lib/python3.12/site-packages/airflow/example_dags/example_branch_day_of_week_operator.py
[2026-08-06T06:22:40.801+0000] {processor.py:914} INFO - Processing file /home/airflow/.local/lib/python3.12/site-packages/airflow/example_dags/example_branch_day_of_week_operator.py for tasks to queue
[2026-08-06T06:22:40.806+0000] {logging_mixin.py:190} INFO - [2026-08-06T06:22:40.805+0000] {dagbag.py:588} INFO - Filling up the DagBag from /home/airflow/.local/lib/python3.12/site-packages/airflow/example_dags/example_branch_day_of_week_operator.py
[2026-08-06T06:22:40.825+0000] {processor.py:925} INFO - DAG(s) 'example_weekday_branch_operator' retrieved from /home/airflow/.local/lib/python3.12/site-packages/airflow/example_dags/example_branch_day_of_week_operator.py
[2026-08-06T06:22:40.865+0000] {logging_mixin.py:190} INFO - [2026-08-06T06:22:40.864+0000] {dag.py:3239} INFO - Sync 1 DAGs
[2026-08-06T06:22:40.899+0000] {logging_mixin.py:190} INFO - [2026-08-06T06:22:40.899+0000] {dag.py:4180} INFO - Setting next_dagrun for example_weekday_branch_operator to 2026-08-05 00:00:00+00:00, run_after=2026-08-06 00:00:00+00:00
[2026-08-06T06:22:40.937+0000] {processor.py:208} INFO - Processing /home/airflow/.local/lib/python3.12/site-packages/airflow/example_dags/example_branch_day_of_week_operator.py took 0.147 seconds
[2026-08-06T06:23:11.191+0000] {processor.py:186} INFO - Started process (PID=928) to work on /home/airflow/.local/lib/python3.12/site-packages/airflow/example_dags/example_branch_day_of_week_operator.py
[2026-08-06T06:23:11.193+0000] {processor.py:914} INFO - Processing file /home/airflow/.local/lib/python3.12/site-packages/airflow/example_dags/example_branch_day_of_week_operator.py for tasks to queue
[2026-08-06T06:23:11.196+0000] {logging_mixin.py:190} INFO - [2026-08-06T06:23:11.196+0000] {dagbag.py:588} INFO - Filling up the DagBag from /home/airflow/.local/lib/python3.12/site-packages/airflow/example_dags/example_branch_day_of_week_operator.py
[2026-08-06T06:23:11.212+0000] {processor.py:925} INFO - DAG(s) 'example_weekday_branch_operator' retrieved from /home/airflow/.local/lib/python3.12/site-packages/airflow/example_dags/example_branch_day_of_week_operator.py
[2026-08-06T06:23:11.241+0000] {logging_mixin.py:190} INFO - [2026-08-06T06:23:11.241+0000] {dag.py:3239} INFO - Sync 1 DAGs
[2026-08-06T06:23:11.276+0000] {logging_mixin.py:190} INFO - [2026-08-06T06:23:11.275+0000] {dag.py:4180} INFO - Setting next_dagrun for example_weekday_branch_operator to 2026-08-05 00:00:00+00:00, run_after=2026-08-06 00:00:00+00:00
[2026-08-06T06:23:11.320+0000] {processor.py:208} INFO - Processing /home/airflow/.local/lib/python3.12/site-packages/airflow/example_dags/example_branch_day_of_week_operator.py took 0.141 seconds
[2026-08-06T06:23:41.686+0000] {processor.py:186} INFO - Started process (PID=992) to work on /home/airflow/.local/lib/python3.12/site-packages/airflow/example_dags/example_branch_day_of_week_operator.py
[2026-08-06T06:23:41.687+0000] {processor.py:914} INFO - Processing file /home/airflow/.local/lib/python3.12/site-packages/airflow/example_dags/example_branch_day_of_week_operator.py for tasks to queue
[2026-08-06T06:23:41.691+0000] {logging_mixin.py:190} INFO - [2026-08-06T06:23:41.690+0000] {dagbag.py:588} INFO - Filling up the DagBag from /home/airflow/.local/lib/python3.12/site-packages/airflow/example_dags/example_branch_day_of_week_operator.py
[2026-08-06T06:23:41.701+0000] {processor.py:925} INFO - DAG(s) 'example_weekday_branch_operator' retrieved from /home/airflow/.local/lib/python3.12/site-packages/airflow/example_dags/example_branch_day_of_week_operator.py
[2026-08-06T06:23:41.725+0000] {logging_mixin.py:190} INFO - [2026-08-06T06:23:41.725+0000] {dag.py:3239} INFO - Sync 1 DAGs
[2026-08-06T06:23:41.752+0000] {logging_mixin.py:190} INFO - [2026-08-06T06:23:41.752+0000] {dag.py:4180} INFO - Setting next_dagrun for example_weekday_branch_operator to 2026-08-05 00:00:00+00:00, run_after=2026-08-06 00:00:00+00:00
[2026-08-06T06:23:41.776+0000] {processor.py:208} INFO - Processing /home/airflow/.local/lib/python3.12/site-packages/airflow/example_dags/example_branch_day_of_week_operator.py took 0.099 seconds
[2026-08-06T06:24:12.473+0000] {processor.py:186} INFO - Started process (PID=1056) to work on /home/airflow/.local/lib/python3.12/site-packages/airflow/example_dags/example_branch_day_of_week_operator.py
[2026-08-06T06:24:12.475+0000] {processor.py:914} INFO - Processing file /home/airflow/.local/lib/python3.12/site-packages/airflow/example_dags/example_branch_day_of_week_operator.py for tasks to queue
[2026-08-06T06:24:12.479+0000] {logging_mixin.py:190} INFO - [2026-08-06T06:24:12.478+0000] {dagbag.py:588} INFO - Filling up the DagBag from /home/airflow/.local/lib/python3.12/site-packages/airflow/example_dags/example_branch_day_of_week_operator.py
[2026-08-06T06:24:12.493+0000] {processor.py:925} INFO - DAG(s) 'example_weekday_branch_operator' retrieved from /home/airflow/.local/lib/python3.12/site-packages/airflow/example_dags/example_branch_day_of_week_operator.py
[2026-08-06T06:24:12.527+0000] {logging_mixin.py:190} INFO - [2026-08-06T06:24:12.527+0000] {dag.py:3239} INFO - Sync 1 DAGs
[2026-08-06T06:24:12.569+0000] {logging_mixin.py:190} INFO - [2026-08-06T06:24:12.569+0000] {dag.py:4180} INFO - Setting next_dagrun for example_weekday_branch_operator to 2026-08-05 00:00:00+00:00, run_after=2026-08-06 00:00:00+00:00
[2026-08-06T06:24:12.622+0000] {processor.py:208} INFO - Processing /home/airflow/.local/lib/python3.12/site-packages/airflow/example_dags/example_branch_day_of_week_operator.py took 0.156 seconds
[2026-08-06T06:24:43.769+0000] {processor.py:186} INFO - Started process (PID=1125) to work on /home/airflow/.local/lib/python3.12/site-packages/airflow/example_dags/example_branch_day_of_week_operator.py
[2026-08-06T06:24:43.770+0000] {processor.py:914} INFO - Processing file /home/airflow/.local/lib/python3.12/site-packages/airflow/example_dags/example_branch_day_of_week_operator.py for tasks to queue
[2026-08-06T06:24:43.779+0000] {logging_mixin.py:190} INFO - [2026-08-06T06:24:43.779+0000] {dagbag.py:588} INFO - Filling up the DagBag from /home/airflow/.local/lib/python3.12/site-packages/airflow/example_dags/example_branch_day_of_week_operator.py
[2026-08-06T06:24:43.797+0000] {processor.py:925} INFO - DAG(s) 'example_weekday_branch_operator' retrieved from /home/airflow/.local/lib/python3.12/site-packages/airflow/example_dags/example_branch_day_of_week_operator.py
[2026-08-06T06:24:43.832+0000] {logging_mixin.py:190} INFO - [2026-08-06T06:24:43.831+0000] {dag.py:3239} INFO - Sync 1 DAGs
[2026-08-06T06:24:43.878+0000] {logging_mixin.py:190} INFO - [2026-08-06T06:24:43.878+0000] {dag.py:4180} INFO - Setting next_dagrun for example_weekday_branch_operator to 2026-08-05 00:00:00+00:00, run_after=2026-08-06 00:00:00+00:00
[2026-08-06T06:24:43.925+0000] {processor.py:208} INFO - Processing /home/airflow/.local/lib/python3.12/site-packages/airflow/example_dags/example_branch_day_of_week_operator.py took 0.163 seconds
[2026-08-06T06:25:14.898+0000] {processor.py:186} INFO - Started process (PID=1198) to work on /home/airflow/.local/lib/python3.12/site-packages/airflow/example_dags/example_branch_day_of_week_operator.py
[2026-08-06T06:25:14.899+0000] {processor.py:914} INFO - Processing file /home/airflow/.local/lib/python3.12/site-packages/airflow/example_dags/example_branch_day_of_week_operator.py for tasks to queue
[2026-08-06T06:25:14.904+0000] {logging_mixin.py:190} INFO - [2026-08-06T06:25:14.904+0000] {dagbag.py:588} INFO - Filling up the DagBag from /home/airflow/.local/lib/python3.12/site-packages/airflow/example_dags/example_branch_day_of_week_operator.py
[2026-08-06T06:25:14.916+0000] {processor.py:925} INFO - DAG(s) 'example_weekday_branch_operator' retrieved from /home/airflow/.local/lib/python3.12/site-packages/airflow/example_dags/example_branch_day_of_week_operator.py
[2026-08-06T06:25:14.943+0000] {logging_mixin.py:190} INFO - [2026-08-06T06:25:14.943+0000] {dag.py:3239} INFO - Sync 1 DAGs
[2026-08-06T06:25:14.981+0000] {logging_mixin.py:190} INFO - [2026-08-06T06:25:14.980+0000] {dag.py:4180} INFO - Setting next_dagrun for example_weekday_branch_operator to 2026-08-05 00:00:00+00:00, run_after=2026-08-06 00:00:00+00:00
[2026-08-06T06:25:15.013+0000] {processor.py:208} INFO - Processing /home/airflow/.local/lib/python3.12/site-packages/airflow/example_dags/example_branch_day_of_week_operator.py took 0.123 seconds
[2026-08-06T06:25:45.651+0000] {processor.py:186} INFO - Started process (PID=1263) to work on /home/airflow/.local/lib/python3.12/site-packages/airflow/example_dags/example_branch_day_of_week_operator.py
[2026-08-06T06:25:45.655+0000] {processor.py:914} INFO - Processing file /home/airflow/.local/lib/python3.12/site-packages/airflow/example_dags/example_branch_day_of_week_operator.py for tasks to queue
[2026-08-06T06:25:45.659+0000] {logging_mixin.py:190} INFO - [2026-08-06T06:25:45.658+0000] {dagbag.py:588} INFO - Filling up the DagBag from /home/airflow/.local/lib/python3.12/site-packages/airflow/example_dags/example_branch_day_of_week_operator.py
[2026-08-06T06:25:45.674+0000] {processor.py:925} INFO - DAG(s) 'example_weekday_branch_operator' retrieved from /home/airflow/.local/lib/python3.12/site-packages/airflow/example_dags/example_branch_day_of_week_operator.py
[2026-08-06T06:25:45.706+0000] {logging_mixin.py:190} INFO - [2026-08-06T06:25:45.706+0000] {dag.py:3239} INFO - Sync 1 DAGs
[2026-08-06T06:25:45.742+0000] {logging_mixin.py:190} INFO - [2026-08-06T06:25:45.742+0000] {dag.py:4180} INFO - Setting next_dagrun for example_weekday_branch_operator to 2026-08-05 00:00:00+00:00, run_after=2026-08-06 00:00:00+00:00
[2026-08-06T06:25:45.822+0000] {processor.py:208} INFO - Processing /home/airflow/.local/lib/python3.12/site-packages/airflow/example_dags/example_branch_day_of_week_operator.py took 0.183 seconds
[2026-08-06T06:26:16.599+0000] {processor.py:186} INFO - Started process (PID=1327) to work on /home/airflow/.local/lib/python3.12/site-packages/airflow/example_dags/example_branch_day_of_week_operator.py
[2026-08-06T06:26:16.601+0000] {processor.py:914} INFO - Processing file /home/airflow/.local/lib/python3.12/site-packages/airflow/example_dags/example_branch_day_of_week_operator.py for tasks to queue
[2026-08-06T06:26:16.604+0000] {logging_mixin.py:190} INFO - [2026-08-06T06:26:16.603+0000] {dagbag.py:588} INFO - Filling up the DagBag from /home/airflow/.local/lib/python3.12/site-packages/airflow/example_dags/example_branch_day_of_week_operator.py
[2026-08-06T06:26:16.617+0000] {processor.py:925} INFO - DAG(s) 'example_weekday_branch_operator' retrieved from /home/airflow/.local/lib/python3.12/site-packages/airflow/example_dags/example_branch_day_of_week_operator.py
[2026-08-06T06:26:16.646+0000] {logging_mixin.py:190} INFO - [2026-08-06T06:26:16.646+0000] {dag.py:3239} INFO - Sync 1 DAGs
[2026-08-06T06:26:16.675+0000] {logging_mixin.py:190} INFO - [2026-08-06T06:26:16.675+0000] {dag.py:4180} INFO - Setting next_dagrun for example_weekday_branch_operator to 2026-08-05 00:00:00+00:00, run_after=2026-08-06 00:00:00+00:00
[2026-08-06T06:26:16.730+0000] {processor.py:208} INFO - Processing /home/airflow/.local/lib/python3.12/site-packages/airflow/example_dags/example_branch_day_of_week_operator.py took 0.138 seconds
[2026-08-06T06:26:47.838+0000] {processor.py:186} INFO - Started process (PID=1390) to work on /home/airflow/.local/lib/python3.12/site-packages/airflow/example_dags/example_branch_day_of_week_operator.py
[2026-08-06T06:26:47.841+0000] {processor.py:914} INFO - Processing file /home/airflow/.local/lib/python3.12/site-packages/airflow/example_dags/example_branch_day_of_week_operator.py for tasks to queue
[2026-08-06T06:26:47.845+0000] {logging_mixin.py:190} INFO - [2026-08-06T06:26:47.844+0000] {dagbag.py:588} INFO - Filling up the DagBag from /home/airflow/.local/lib/python3.12/site-packages/airflow/example_dags/example_branch_day_of_week_operator.py
[2026-08-06T06:26:47.859+0000] {processor.py:925} INFO - DAG(s) 'example_weekday_branch_operator' retrieved from /home/airflow/.local/lib/python3.12/site-packages/airflow/example_dags/example_branch_day_of_week_operator.py
[2026-08-06T06:26:47.888+0000] {logging_mixin.py:190} INFO - [2026-08-06T06:26:47.887+0000] {dag.py:3239} INFO - Sync 1 DAGs
[2026-08-06T06:26:47.920+0000] {logging_mixin.py:190} INFO - [2026-08-06T06:26:47.920+0000] {dag.py:4180} INFO - Setting next_dagrun for example_weekday_branch_operator to 2026-08-05 00:00:00+00:00, run_after=2026-08-06 00:00:00+00:00
[2026-08-06T06:26:47.980+0000] {processor.py:208} INFO - Processing /home/airflow/.local/lib/python3.12/site-packages/airflow/example_dags/example_branch_day_of_week_operator.py took 0.151 seconds
[2026-08-06T06:28:49.517+0000] {processor.py:186} INFO - Started process (PID=92) to work on /home/airflow/.local/lib/python3.12/site-packages/airflow/example_dags/example_branch_day_of_week_operator.py
[2026-08-06T06:28:49.519+0000] {processor.py:914} INFO - Processing file /home/airflow/.local/lib/python3.12/site-packages/airflow/example_dags/example_branch_day_of_week_operator.py for tasks to queue
[2026-08-06T06:28:49.522+0000] {logging_mixin.py:190} INFO - [2026-08-06T06:28:49.522+0000] {dagbag.py:588} INFO - Filling up the DagBag from /home/airflow/.local/lib/python3.12/site-packages/airflow/example_dags/example_branch_day_of_week_operator.py
[2026-08-06T06:28:49.533+0000] {processor.py:925} INFO - DAG(s) 'example_weekday_branch_operator' retrieved from /home/airflow/.local/lib/python3.12/site-packages/airflow/example_dags/example_branch_day_of_week_operator.py
[2026-08-06T06:28:49.557+0000] {logging_mixin.py:190} INFO - [2026-08-06T06:28:49.557+0000] {dag.py:3239} INFO - Sync 1 DAGs
[2026-08-06T06:28:49.589+0000] {logging_mixin.py:190} INFO - [2026-08-06T06:28:49.589+0000] {dag.py:4180} INFO - Setting next_dagrun for example_weekday_branch_operator to 2026-08-05 00:00:00+00:00, run_after=2026-08-06 00:00:00+00:00
[2026-08-06T06:28:49.616+0000] {processor.py:208} INFO - Processing /home/airflow/.local/lib/python3.12/site-packages/airflow/example_dags/example_branch_day_of_week_operator.py took 0.105 seconds
[2026-08-06T06:29:21.100+0000] {processor.py:186} INFO - Started process (PID=155) to work on /home/airflow/.local/lib/python3.12/site-packages/airflow/example_dags/example_branch_day_of_week_operator.py
[2026-08-06T06:29:21.102+0000] {processor.py:914} INFO - Processing file /home/airflow/.local/lib/python3.12/site-packages/airflow/example_dags/example_branch_day_of_week_operator.py for tasks to queue
[2026-08-06T06:29:21.106+0000] {logging_mixin.py:190} INFO - [2026-08-06T06:29:21.106+0000] {dagbag.py:588} INFO - Filling up the DagBag from /home/airflow/.local/lib/python3.12/site-packages/airflow/example_dags/example_branch_day_of_week_operator.py
[2026-08-06T06:29:21.127+0000] {processor.py:925} INFO - DAG(s) 'example_weekday_branch_operator' retrieved from /home/airflow/.local/lib/python3.12/site-packages/airflow/example_dags/example_branch_day_of_week_operator.py
[2026-08-06T06:29:21.178+0000] {logging_mixin.py:190} INFO - [2026-08-06T06:29:21.177+0000] {dag.py:3239} INFO - Sync 1 DAGs
[2026-08-06T06:29:21.229+0000] {logging_mixin.py:190} INFO - [2026-08-06T06:29:21.229+0000] {dag.py:4180} INFO - Setting next_dagrun for example_weekday_branch_operator to 2026-08-05 00:00:00+00:00, run_after=2026-08-06 00:00:00+00:00
[2026-08-06T06:29:21.269+0000] {processor.py:208} INFO - Processing /home/airflow/.local/lib/python3.12/site-packages/airflow/example_dags/example_branch_day_of_week_operator.py took 0.179 seconds
[2026-08-06T06:29:51.738+0000] {processor.py:186} INFO - Started process (PID=218) to work on /home/airflow/.local/lib/python3.12/site-packages/airflow/example_dags/example_branch_day_of_week_operator.py
[2026-08-06T06:29:51.740+0000] {processor.py:914} INFO - Processing file /home/airflow/.local/lib/python3.12/site-packages/airflow/example_dags/example_branch_day_of_week_operator.py for tasks to queue
[2026-08-06T06:29:51.744+0000] {logging_mixin.py:190} INFO - [2026-08-06T06:29:51.743+0000] {dagbag.py:588} INFO - Filling up the DagBag from /home/airflow/.local/lib/python3.12/site-packages/airflow/example_dags/example_branch_day_of_week_operator.py
[2026-08-06T06:29:51.758+0000] {processor.py:925} INFO - DAG(s) 'example_weekday_branch_operator' retrieved from /home/airflow/.local/lib/python3.12/site-packages/airflow/example_dags/example_branch_day_of_week_operator.py
[2026-08-06T06:29:51.785+0000] {logging_mixin.py:190} INFO - [2026-08-06T06:29:51.785+0000] {dag.py:3239} INFO - Sync 1 DAGs
[2026-08-06T06:29:51.813+0000] {logging_mixin.py:190} INFO - [2026-08-06T06:29:51.813+0000] {dag.py:4180} INFO - Setting next_dagrun for example_weekday_branch_operator to 2026-08-05 00:00:00+00:00, run_after=2026-08-06 00:00:00+00:00
[2026-08-06T06:29:51.859+0000] {processor.py:208} INFO - Processing /home/airflow/.local/lib/python3.12/site-packages/airflow/example_dags/example_branch_day_of_week_operator.py took 0.129 seconds
[2026-08-06T06:31:53.148+0000] {processor.py:186} INFO - Started process (PID=98) to work on /home/airflow/.local/lib/python3.12/site-packages/airflow/example_dags/example_branch_day_of_week_operator.py
[2026-08-06T06:31:53.152+0000] {processor.py:914} INFO - Processing file /home/airflow/.local/lib/python3.12/site-packages/airflow/example_dags/example_branch_day_of_week_operator.py for tasks to queue
[2026-08-06T06:31:53.162+0000] {logging_mixin.py:190} INFO - [2026-08-06T06:31:53.160+0000] {dagbag.py:588} INFO - Filling up the DagBag from /home/airflow/.local/lib/python3.12/site-packages/airflow/example_dags/example_branch_day_of_week_operator.py
[2026-08-06T06:31:53.194+0000] {processor.py:925} INFO - DAG(s) 'example_weekday_branch_operator' retrieved from /home/airflow/.local/lib/python3.12/site-packages/airflow/example_dags/example_branch_day_of_week_operator.py
[2026-08-06T06:31:53.269+0000] {logging_mixin.py:190} INFO - [2026-08-06T06:31:53.269+0000] {dag.py:3239} INFO - Sync 1 DAGs
[2026-08-06T06:31:53.319+0000] {logging_mixin.py:190} INFO - [2026-08-06T06:31:53.319+0000] {dag.py:4180} INFO - Setting next_dagrun for example_weekday_branch_operator to 2026-08-05 00:00:00+00:00, run_after=2026-08-06 00:00:00+00:00
[2026-08-06T06:31:53.437+0000] {processor.py:208} INFO - Processing /home/airflow/.local/lib/python3.12/site-packages/airflow/example_dags/example_branch_day_of_week_operator.py took 0.304 seconds
[2026-08-06T06:32:25.210+0000] {processor.py:186} INFO - Started process (PID=162) to work on /home/airflow/.local/lib/python3.12/site-packages/airflow/example_dags/example_branch_day_of_week_operator.py
[2026-08-06T06:32:25.214+0000] {processor.py:914} INFO - Processing file /home/airflow/.local/lib/python3.12/site-packages/airflow/example_dags/example_branch_day_of_week_operator.py for tasks to queue
[2026-08-06T06:32:25.220+0000] {logging_mixin.py:190} INFO - [2026-08-06T06:32:25.219+0000] {dagbag.py:588} INFO - Filling up the DagBag from /home/airflow/.local/lib/python3.12/site-packages/airflow/example_dags/example_branch_day_of_week_operator.py
[2026-08-06T06:32:25.261+0000] {processor.py:925} INFO - DAG(s) 'example_weekday_branch_operator' retrieved from /home/airflow/.local/lib/python3.12/site-packages/airflow/example_dags/example_branch_day_of_week_operator.py
[2026-08-06T06:32:25.313+0000] {logging_mixin.py:190} INFO - [2026-08-06T06:32:25.313+0000] {dag.py:3239} INFO - Sync 1 DAGs
[2026-08-06T06:32:25.361+0000] {logging_mixin.py:190} INFO - [2026-08-06T06:32:25.361+0000] {dag.py:4180} INFO - Setting next_dagrun for example_weekday_branch_operator to 2026-08-05 00:00:00+00:00, run_after=2026-08-06 00:00:00+00:00
[2026-08-06T06:32:25.399+0000] {processor.py:208} INFO - Processing /home/airflow/.local/lib/python3.12/site-packages/airflow/example_dags/example_branch_day_of_week_operator.py took 0.204 seconds
[2026-08-06T06:32:57.641+0000] {processor.py:186} INFO - Started process (PID=226) to work on /home/airflow/.local/lib/python3.12/site-packages/airflow/example_dags/example_branch_day_of_week_operator.py
[2026-08-06T06:32:57.646+0000] {processor.py:914} INFO - Processing file /home/airflow/.local/lib/python3.12/site-packages/airflow/example_dags/example_branch_day_of_week_operator.py for tasks to queue
[2026-08-06T06:32:57.652+0000] {logging_mixin.py:190} INFO - [2026-08-06T06:32:57.652+0000] {dagbag.py:588} INFO - Filling up the DagBag from /home/airflow/.local/lib/python3.12/site-packages/airflow/example_dags/example_branch_day_of_week_operator.py
[2026-08-06T06:32:57.692+0000] {processor.py:925} INFO - DAG(s) 'example_weekday_branch_operator' retrieved from /home/airflow/.local/lib/python3.12/site-packages/airflow/example_dags/example_branch_day_of_week_operator.py
[2026-08-06T06:32:57.757+0000] {logging_mixin.py:190} INFO - [2026-08-06T06:32:57.755+0000] {dag.py:3239} INFO - Sync 1 DAGs
[2026-08-06T06:32:57.835+0000] {logging_mixin.py:190} INFO - [2026-08-06T06:32:57.835+0000] {dag.py:4180} INFO - Setting next_dagrun for example_weekday_branch_operator to 2026-08-05 00:00:00+00:00, run_after=2026-08-06 00:00:00+00:00
[2026-08-06T06:32:57.915+0000] {processor.py:208} INFO - Processing /home/airflow/.local/lib/python3.12/site-packages/airflow/example_dags/example_branch_day_of_week_operator.py took 0.294 seconds
[2026-08-06T06:33:30.535+0000] {processor.py:186} INFO - Started process (PID=290) to work on /home/airflow/.local/lib/python3.12/site-packages/airflow/example_dags/example_branch_day_of_week_operator.py
[2026-08-06T06:33:30.545+0000] {processor.py:914} INFO - Processing file /home/airflow/.local/lib/python3.12/site-packages/airflow/example_dags/example_branch_day_of_week_operator.py for tasks to queue
[2026-08-06T06:33:30.552+0000] {logging_mixin.py:190} INFO - [2026-08-06T06:33:30.551+0000] {dagbag.py:588} INFO - Filling up the DagBag from /home/airflow/.local/lib/python3.12/site-packages/airflow/example_dags/example_branch_day_of_week_operator.py
[2026-08-06T06:33:30.584+0000] {processor.py:925} INFO - DAG(s) 'example_weekday_branch_operator' retrieved from /home/airflow/.local/lib/python3.12/site-packages/airflow/example_dags/example_branch_day_of_week_operator.py
[2026-08-06T06:33:30.660+0000] {logging_mixin.py:190} INFO - [2026-08-06T06:33:30.659+0000] {dag.py:3239} INFO - Sync 1 DAGs
[2026-08-06T06:33:30.749+0000] {logging_mixin.py:190} INFO - [2026-08-06T06:33:30.749+0000] {dag.py:4180} INFO - Setting next_dagrun for example_weekday_branch_operator to 2026-08-05 00:00:00+00:00, run_after=2026-08-06 00:00:00+00:00
[2026-08-06T06:33:30.808+0000] {processor.py:208} INFO - Processing /home/airflow/.local/lib/python3.12/site-packages/airflow/example_dags/example_branch_day_of_week_operator.py took 0.291 seconds
[2026-08-06T06:34:02.222+0000] {processor.py:186} INFO - Started process (PID=355) to work on /home/airflow/.local/lib/python3.12/site-packages/airflow/example_dags/example_branch_day_of_week_operator.py
[2026-08-06T06:34:02.228+0000] {processor.py:914} INFO - Processing file /home/airflow/.local/lib/python3.12/site-packages/airflow/example_dags/example_branch_day_of_week_operator.py for tasks to queue
[2026-08-06T06:34:02.246+0000] {logging_mixin.py:190} INFO - [2026-08-06T06:34:02.245+0000] {dagbag.py:588} INFO - Filling up the DagBag from /home/airflow/.local/lib/python3.12/site-packages/airflow/example_dags/example_branch_day_of_week_operator.py
[2026-08-06T06:34:02.275+0000] {processor.py:925} INFO - DAG(s) 'example_weekday_branch_operator' retrieved from /home/airflow/.local/lib/python3.12/site-packages/airflow/example_dags/example_branch_day_of_week_operator.py
[2026-08-06T06:34:02.352+0000] {logging_mixin.py:190} INFO - [2026-08-06T06:34:02.351+0000] {dag.py:3239} INFO - Sync 1 DAGs
[2026-08-06T06:34:02.468+0000] {logging_mixin.py:190} INFO - [2026-08-06T06:34:02.468+0000] {dag.py:4180} INFO - Setting next_dagrun for example_weekday_branch_operator to 2026-08-05 00:00:00+00:00, run_after=2026-08-06 00:00:00+00:00
[2026-08-06T06:34:02.512+0000] {processor.py:208} INFO - Processing /home/airflow/.local/lib/python3.12/site-packages/airflow/example_dags/example_branch_day_of_week_operator.py took 0.309 seconds
[2026-08-06T06:34:33.954+0000] {processor.py:186} INFO - Started process (PID=419) to work on /home/airflow/.local/lib/python3.12/site-packages/airflow/example_dags/example_branch_day_of_week_operator.py
[2026-08-06T06:34:33.956+0000] {processor.py:914} INFO - Processing file /home/airflow/.local/lib/python3.12/site-packages/airflow/example_dags/example_branch_day_of_week_operator.py for tasks to queue
[2026-08-06T06:34:33.962+0000] {logging_mixin.py:190} INFO - [2026-08-06T06:34:33.961+0000] {dagbag.py:588} INFO - Filling up the DagBag from /home/airflow/.local/lib/python3.12/site-packages/airflow/example_dags/example_branch_day_of_week_operator.py
[2026-08-06T06:34:33.980+0000] {processor.py:925} INFO - DAG(s) 'example_weekday_branch_operator' retrieved from /home/airflow/.local/lib/python3.12/site-packages/airflow/example_dags/example_branch_day_of_week_operator.py
[2026-08-06T06:34:34.026+0000] {logging_mixin.py:190} INFO - [2026-08-06T06:34:34.025+0000] {dag.py:3239} INFO - Sync 1 DAGs
[2026-08-06T06:34:34.080+0000] {logging_mixin.py:190} INFO - [2026-08-06T06:34:34.079+0000] {dag.py:4180} INFO - Setting next_dagrun for example_weekday_branch_operator to 2026-08-05 00:00:00+00:00, run_after=2026-08-06 00:00:00+00:00
[2026-08-06T06:34:34.123+0000] {processor.py:208} INFO - Processing /home/airflow/.local/lib/python3.12/site-packages/airflow/example_dags/example_branch_day_of_week_operator.py took 0.180 seconds
[2026-08-06T06:35:06.141+0000] {processor.py:186} INFO - Started process (PID=483) to work on /home/airflow/.local/lib/python3.12/site-packages/airflow/example_dags/example_branch_day_of_week_operator.py
[2026-08-06T06:35:06.144+0000] {processor.py:914} INFO - Processing file /home/airflow/.local/lib/python3.12/site-packages/airflow/example_dags/example_branch_day_of_week_operator.py for tasks to queue
[2026-08-06T06:35:06.156+0000] {logging_mixin.py:190} INFO - [2026-08-06T06:35:06.154+0000] {dagbag.py:588} INFO - Filling up the DagBag from /home/airflow/.local/lib/python3.12/site-packages/airflow/example_dags/example_branch_day_of_week_operator.py
[2026-08-06T06:35:06.193+0000] {processor.py:925} INFO - DAG(s) 'example_weekday_branch_operator' retrieved from /home/airflow/.local/lib/python3.12/site-packages/airflow/example_dags/example_branch_day_of_week_operator.py
[2026-08-06T06:35:06.250+0000] {logging_mixin.py:190} INFO - [2026-08-06T06:35:06.249+0000] {dag.py:3239} INFO - Sync 1 DAGs
[2026-08-06T06:35:06.301+0000] {logging_mixin.py:190} INFO - [2026-08-06T06:35:06.301+0000] {dag.py:4180} INFO - Setting next_dagrun for example_weekday_branch_operator to 2026-08-05 00:00:00+00:00, run_after=2026-08-06 00:00:00+00:00
[2026-08-06T06:35:06.355+0000] {processor.py:208} INFO - Processing /home/airflow/.local/lib/python3.12/site-packages/airflow/example_dags/example_branch_day_of_week_operator.py took 0.233 seconds
[2026-08-06T06:35:37.846+0000] {processor.py:186} INFO - Started process (PID=547) to work on /home/airflow/.local/lib/python3.12/site-packages/airflow/example_dags/example_branch_day_of_week_operator.py
[2026-08-06T06:35:37.848+0000] {processor.py:914} INFO - Processing file /home/airflow/.local/lib/python3.12/site-packages/airflow/example_dags/example_branch_day_of_week_operator.py for tasks to queue
[2026-08-06T06:35:37.852+0000] {logging_mixin.py:190} INFO - [2026-08-06T06:35:37.851+0000] {dagbag.py:588} INFO - Filling up the DagBag from /home/airflow/.local/lib/python3.12/site-packages/airflow/example_dags/example_branch_day_of_week_operator.py
[2026-08-06T06:35:37.866+0000] {processor.py:925} INFO - DAG(s) 'example_weekday_branch_operator' retrieved from /home/airflow/.local/lib/python3.12/site-packages/airflow/example_dags/example_branch_day_of_week_operator.py
[2026-08-06T06:35:37.896+0000] {logging_mixin.py:190} INFO - [2026-08-06T06:35:37.896+0000] {dag.py:3239} INFO - Sync 1 DAGs
[2026-08-06T06:35:37.931+0000] {logging_mixin.py:190} INFO - [2026-08-06T06:35:37.930+0000] {dag.py:4180} INFO - Setting next_dagrun for example_weekday_branch_operator to 2026-08-05 00:00:00+00:00, run_after=2026-08-06 00:00:00+00:00
[2026-08-06T06:35:37.964+0000] {processor.py:208} INFO - Processing /home/airflow/.local/lib/python3.12/site-packages/airflow/example_dags/example_branch_day_of_week_operator.py took 0.126 seconds
[2026-08-06T06:36:09.761+0000] {processor.py:186} INFO - Started process (PID=611) to work on /home/airflow/.local/lib/python3.12/site-packages/airflow/example_dags/example_branch_day_of_week_operator.py
[2026-08-06T06:36:09.763+0000] {processor.py:914} INFO - Processing file /home/airflow/.local/lib/python3.12/site-packages/airflow/example_dags/example_branch_day_of_week_operator.py for tasks to queue
[2026-08-06T06:36:09.768+0000] {logging_mixin.py:190} INFO - [2026-08-06T06:36:09.767+0000] {dagbag.py:588} INFO - Filling up the DagBag from /home/airflow/.local/lib/python3.12/site-packages/airflow/example_dags/example_branch_day_of_week_operator.py
[2026-08-06T06:36:09.787+0000] {processor.py:925} INFO - DAG(s) 'example_weekday_branch_operator' retrieved from /home/airflow/.local/lib/python3.12/site-packages/airflow/example_dags/example_branch_day_of_week_operator.py
[2026-08-06T06:36:09.829+0000] {logging_mixin.py:190} INFO - [2026-08-06T06:36:09.828+0000] {dag.py:3239} INFO - Sync 1 DAGs
[2026-08-06T06:36:09.878+0000] {logging_mixin.py:190} INFO - [2026-08-06T06:36:09.878+0000] {dag.py:4180} INFO - Setting next_dagrun for example_weekday_branch_operator to 2026-08-05 00:00:00+00:00, run_after=2026-08-06 00:00:00+00:00
[2026-08-06T06:36:09.968+0000] {processor.py:208} INFO - Processing /home/airflow/.local/lib/python3.12/site-packages/airflow/example_dags/example_branch_day_of_week_operator.py took 0.218 seconds
[2026-08-06T06:36:41.724+0000] {processor.py:186} INFO - Started process (PID=682) to work on /home/airflow/.local/lib/python3.12/site-packages/airflow/example_dags/example_branch_day_of_week_operator.py
[2026-08-06T06:36:41.726+0000] {processor.py:914} INFO - Processing file /home/airflow/.local/lib/python3.12/site-packages/airflow/example_dags/example_branch_day_of_week_operator.py for tasks to queue
[2026-08-06T06:36:41.730+0000] {logging_mixin.py:190} INFO - [2026-08-06T06:36:41.729+0000] {dagbag.py:588} INFO - Filling up the DagBag from /home/airflow/.local/lib/python3.12/site-packages/airflow/example_dags/example_branch_day_of_week_operator.py
[2026-08-06T06:36:41.771+0000] {processor.py:925} INFO - DAG(s) 'example_weekday_branch_operator' retrieved from /home/airflow/.local/lib/python3.12/site-packages/airflow/example_dags/example_branch_day_of_week_operator.py
[2026-08-06T06:36:41.813+0000] {logging_mixin.py:190} INFO - [2026-08-06T06:36:41.812+0000] {dag.py:3239} INFO - Sync 1 DAGs
[2026-08-06T06:36:41.854+0000] {logging_mixin.py:190} INFO - [2026-08-06T06:36:41.853+0000] {dag.py:4180} INFO - Setting next_dagrun for example_weekday_branch_operator to 2026-08-05 00:00:00+00:00, run_after=2026-08-06 00:00:00+00:00
[2026-08-06T06:36:41.895+0000] {processor.py:208} INFO - Processing /home/airflow/.local/lib/python3.12/site-packages/airflow/example_dags/example_branch_day_of_week_operator.py took 0.184 seconds
[2026-08-06T06:37:13.096+0000] {processor.py:186} INFO - Started process (PID=746) to work on /home/airflow/.local/lib/python3.12/site-packages/airflow/example_dags/example_branch_day_of_week_operator.py
[2026-08-06T06:37:13.098+0000] {processor.py:914} INFO - Processing file /home/airflow/.local/lib/python3.12/site-packages/airflow/example_dags/example_branch_day_of_week_operator.py for tasks to queue
[2026-08-06T06:37:13.102+0000] {logging_mixin.py:190} INFO - [2026-08-06T06:37:13.102+0000] {dagbag.py:588} INFO - Filling up the DagBag from /home/airflow/.local/lib/python3.12/site-packages/airflow/example_dags/example_branch_day_of_week_operator.py
[2026-08-06T06:37:13.122+0000] {processor.py:925} INFO - DAG(s) 'example_weekday_branch_operator' retrieved from /home/airflow/.local/lib/python3.12/site-packages/airflow/example_dags/example_branch_day_of_week_operator.py
[2026-08-06T06:37:13.160+0000] {logging_mixin.py:190} INFO - [2026-08-06T06:37:13.159+0000] {dag.py:3239} INFO - Sync 1 DAGs
[2026-08-06T06:37:13.211+0000] {logging_mixin.py:190} INFO - [2026-08-06T06:37:13.210+0000] {dag.py:4180} INFO - Setting next_dagrun for example_weekday_branch_operator to 2026-08-05 00:00:00+00:00, run_after=2026-08-06 00:00:00+00:00
[2026-08-06T06:37:13.277+0000] {processor.py:208} INFO - Processing /home/airflow/.local/lib/python3.12/site-packages/airflow/example_dags/example_branch_day_of_week_operator.py took 0.192 seconds
[2026-08-06T06:37:45.198+0000] {processor.py:186} INFO - Started process (PID=810) to work on /home/airflow/.local/lib/python3.12/site-packages/airflow/example_dags/example_branch_day_of_week_operator.py
[2026-08-06T06:37:45.201+0000] {processor.py:914} INFO - Processing file /home/airflow/.local/lib/python3.12/site-packages/airflow/example_dags/example_branch_day_of_week_operator.py for tasks to queue
[2026-08-06T06:37:45.207+0000] {logging_mixin.py:190} INFO - [2026-08-06T06:37:45.206+0000] {dagbag.py:588} INFO - Filling up the DagBag from /home/airflow/.local/lib/python3.12/site-packages/airflow/example_dags/example_branch_day_of_week_operator.py
[2026-08-06T06:37:45.226+0000] {processor.py:925} INFO - DAG(s) 'example_weekday_branch_operator' retrieved from /home/airflow/.local/lib/python3.12/site-packages/airflow/example_dags/example_branch_day_of_week_operator.py
[2026-08-06T06:37:45.265+0000] {logging_mixin.py:190} INFO - [2026-08-06T06:37:45.265+0000] {dag.py:3239} INFO - Sync 1 DAGs
[2026-08-06T06:37:45.313+0000] {logging_mixin.py:190} INFO - [2026-08-06T06:37:45.313+0000] {dag.py:4180} INFO - Setting next_dagrun for example_weekday_branch_operator to 2026-08-05 00:00:00+00:00, run_after=2026-08-06 00:00:00+00:00
[2026-08-06T06:37:45.353+0000] {processor.py:208} INFO - Processing /home/airflow/.local/lib/python3.12/site-packages/airflow/example_dags/example_branch_day_of_week_operator.py took 0.165 seconds
[2026-08-06T06:38:16.785+0000] {processor.py:186} INFO - Started process (PID=873) to work on /home/airflow/.local/lib/python3.12/site-packages/airflow/example_dags/example_branch_day_of_week_operator.py
[2026-08-06T06:38:16.787+0000] {processor.py:914} INFO - Processing file /home/airflow/.local/lib/python3.12/site-packages/airflow/example_dags/example_branch_day_of_week_operator.py for tasks to queue
[2026-08-06T06:38:16.792+0000] {logging_mixin.py:190} INFO - [2026-08-06T06:38:16.791+0000] {dagbag.py:588} INFO - Filling up the DagBag from /home/airflow/.local/lib/python3.12/site-packages/airflow/example_dags/example_branch_day_of_week_operator.py
[2026-08-06T06:38:16.809+0000] {processor.py:925} INFO - DAG(s) 'example_weekday_branch_operator' retrieved from /home/airflow/.local/lib/python3.12/site-packages/airflow/example_dags/example_branch_day_of_week_operator.py
[2026-08-06T06:38:16.843+0000] {logging_mixin.py:190} INFO - [2026-08-06T06:38:16.843+0000] {dag.py:3239} INFO - Sync 1 DAGs
[2026-08-06T06:38:16.884+0000] {logging_mixin.py:190} INFO - [2026-08-06T06:38:16.884+0000] {dag.py:4180} INFO - Setting next_dagrun for example_weekday_branch_operator to 2026-08-05 00:00:00+00:00, run_after=2026-08-06 00:00:00+00:00
[2026-08-06T06:38:16.914+0000] {processor.py:208} INFO - Processing /home/airflow/.local/lib/python3.12/site-packages/airflow/example_dags/example_branch_day_of_week_operator.py took 0.143 seconds
[2026-08-06T15:28:41.528+0000] {processor.py:186} INFO - Started process (PID=101) to work on /home/airflow/.local/lib/python3.12/site-packages/airflow/example_dags/example_branch_day_of_week_operator.py
[2026-08-06T15:28:41.532+0000] {processor.py:914} INFO - Processing file /home/airflow/.local/lib/python3.12/site-packages/airflow/example_dags/example_branch_day_of_week_operator.py for tasks to queue
[2026-08-06T15:28:41.537+0000] {logging_mixin.py:190} INFO - [2026-08-06T15:28:41.537+0000] {dagbag.py:588} INFO - Filling up the DagBag from /home/airflow/.local/lib/python3.12/site-packages/airflow/example_dags/example_branch_day_of_week_operator.py
[2026-08-06T15:28:41.555+0000] {processor.py:925} INFO - DAG(s) 'example_weekday_branch_operator' retrieved from /home/airflow/.local/lib/python3.12/site-packages/airflow/example_dags/example_branch_day_of_week_operator.py
[2026-08-06T15:28:41.592+0000] {logging_mixin.py:190} INFO - [2026-08-06T15:28:41.592+0000] {dag.py:3239} INFO - Sync 1 DAGs
[2026-08-06T15:28:41.626+0000] {logging_mixin.py:190} INFO - [2026-08-06T15:28:41.625+0000] {dag.py:4180} INFO - Setting next_dagrun for example_weekday_branch_operator to 2026-08-05 00:00:00+00:00, run_after=2026-08-06 00:00:00+00:00
[2026-08-06T15:28:41.659+0000] {processor.py:208} INFO - Processing /home/airflow/.local/lib/python3.12/site-packages/airflow/example_dags/example_branch_day_of_week_operator.py took 0.141 seconds
[2026-08-06T15:29:12.668+0000] {processor.py:186} INFO - Started process (PID=165) to work on /home/airflow/.local/lib/python3.12/site-packages/airflow/example_dags/example_branch_day_of_week_operator.py
[2026-08-06T15:29:12.674+0000] {processor.py:914} INFO - Processing file /home/airflow/.local/lib/python3.12/site-packages/airflow/example_dags/example_branch_day_of_week_operator.py for tasks to queue
[2026-08-06T15:29:12.680+0000] {logging_mixin.py:190} INFO - [2026-08-06T15:29:12.679+0000] {dagbag.py:588} INFO - Filling up the DagBag from /home/airflow/.local/lib/python3.12/site-packages/airflow/example_dags/example_branch_day_of_week_operator.py
[2026-08-06T15:29:12.713+0000] {processor.py:925} INFO - DAG(s) 'example_weekday_branch_operator' retrieved from /home/airflow/.local/lib/python3.12/site-packages/airflow/example_dags/example_branch_day_of_week_operator.py
[2026-08-06T15:29:12.780+0000] {logging_mixin.py:190} INFO - [2026-08-06T15:29:12.780+0000] {dag.py:3239} INFO - Sync 1 DAGs
[2026-08-06T15:29:12.839+0000] {logging_mixin.py:190} INFO - [2026-08-06T15:29:12.838+0000] {dag.py:4180} INFO - Setting next_dagrun for example_weekday_branch_operator to 2026-08-05 00:00:00+00:00, run_after=2026-08-06 00:00:00+00:00
[2026-08-06T15:29:12.895+0000] {processor.py:208} INFO - Processing /home/airflow/.local/lib/python3.12/site-packages/airflow/example_dags/example_branch_day_of_week_operator.py took 0.250 seconds
[2026-08-06T15:29:43.964+0000] {processor.py:186} INFO - Started process (PID=229) to work on /home/airflow/.local/lib/python3.12/site-packages/airflow/example_dags/example_branch_day_of_week_operator.py
[2026-08-06T15:29:43.966+0000] {processor.py:914} INFO - Processing file /home/airflow/.local/lib/python3.12/site-packages/airflow/example_dags/example_branch_day_of_week_operator.py for tasks to queue
[2026-08-06T15:29:43.970+0000] {logging_mixin.py:190} INFO - [2026-08-06T15:29:43.969+0000] {dagbag.py:588} INFO - Filling up the DagBag from /home/airflow/.local/lib/python3.12/site-packages/airflow/example_dags/example_branch_day_of_week_operator.py
[2026-08-06T15:29:43.986+0000] {processor.py:925} INFO - DAG(s) 'example_weekday_branch_operator' retrieved from /home/airflow/.local/lib/python3.12/site-packages/airflow/example_dags/example_branch_day_of_week_operator.py
[2026-08-06T15:29:44.023+0000] {logging_mixin.py:190} INFO - [2026-08-06T15:29:44.023+0000] {dag.py:3239} INFO - Sync 1 DAGs
[2026-08-06T15:29:44.066+0000] {logging_mixin.py:190} INFO - [2026-08-06T15:29:44.065+0000] {dag.py:4180} INFO - Setting next_dagrun for example_weekday_branch_operator to 2026-08-05 00:00:00+00:00, run_after=2026-08-06 00:00:00+00:00
[2026-08-06T15:29:44.100+0000] {processor.py:208} INFO - Processing /home/airflow/.local/lib/python3.12/site-packages/airflow/example_dags/example_branch_day_of_week_operator.py took 0.147 seconds
[2026-08-06T15:30:17.474+0000] {processor.py:186} INFO - Started process (PID=293) to work on /home/airflow/.local/lib/python3.12/site-packages/airflow/example_dags/example_branch_day_of_week_operator.py
[2026-08-06T15:30:17.479+0000] {processor.py:914} INFO - Processing file /home/airflow/.local/lib/python3.12/site-packages/airflow/example_dags/example_branch_day_of_week_operator.py for tasks to queue
[2026-08-06T15:30:17.488+0000] {logging_mixin.py:190} INFO - [2026-08-06T15:30:17.487+0000] {dagbag.py:588} INFO - Filling up the DagBag from /home/airflow/.local/lib/python3.12/site-packages/airflow/example_dags/example_branch_day_of_week_operator.py
[2026-08-06T15:30:17.537+0000] {processor.py:925} INFO - DAG(s) 'example_weekday_branch_operator' retrieved from /home/airflow/.local/lib/python3.12/site-packages/airflow/example_dags/example_branch_day_of_week_operator.py
[2026-08-06T15:30:17.605+0000] {logging_mixin.py:190} INFO - [2026-08-06T15:30:17.604+0000] {dag.py:3239} INFO - Sync 1 DAGs
[2026-08-06T15:30:17.708+0000] {logging_mixin.py:190} INFO - [2026-08-06T15:30:17.707+0000] {dag.py:4180} INFO - Setting next_dagrun for example_weekday_branch_operator to 2026-08-05 00:00:00+00:00, run_after=2026-08-06 00:00:00+00:00
[2026-08-06T15:30:17.788+0000] {processor.py:208} INFO - Processing /home/airflow/.local/lib/python3.12/site-packages/airflow/example_dags/example_branch_day_of_week_operator.py took 0.339 seconds
[2026-08-06T15:30:49.450+0000] {processor.py:186} INFO - Started process (PID=357) to work on /home/airflow/.local/lib/python3.12/site-packages/airflow/example_dags/example_branch_day_of_week_operator.py
[2026-08-06T15:30:49.453+0000] {processor.py:914} INFO - Processing file /home/airflow/.local/lib/python3.12/site-packages/airflow/example_dags/example_branch_day_of_week_operator.py for tasks to queue
[2026-08-06T15:30:49.461+0000] {logging_mixin.py:190} INFO - [2026-08-06T15:30:49.460+0000] {dagbag.py:588} INFO - Filling up the DagBag from /home/airflow/.local/lib/python3.12/site-packages/airflow/example_dags/example_branch_day_of_week_operator.py
[2026-08-06T15:30:49.482+0000] {processor.py:925} INFO - DAG(s) 'example_weekday_branch_operator' retrieved from /home/airflow/.local/lib/python3.12/site-packages/airflow/example_dags/example_branch_day_of_week_operator.py
[2026-08-06T15:30:49.540+0000] {logging_mixin.py:190} INFO - [2026-08-06T15:30:49.539+0000] {dag.py:3239} INFO - Sync 1 DAGs
[2026-08-06T15:30:49.599+0000] {logging_mixin.py:190} INFO - [2026-08-06T15:30:49.599+0000] {dag.py:4180} INFO - Setting next_dagrun for example_weekday_branch_operator to 2026-08-05 00:00:00+00:00, run_after=2026-08-06 00:00:00+00:00
[2026-08-06T15:30:49.659+0000] {processor.py:208} INFO - Processing /home/airflow/.local/lib/python3.12/site-packages/airflow/example_dags/example_branch_day_of_week_operator.py took 0.228 seconds
[2026-08-06T15:31:21.232+0000] {processor.py:186} INFO - Started process (PID=422) to work on /home/airflow/.local/lib/python3.12/site-packages/airflow/example_dags/example_branch_day_of_week_operator.py
[2026-08-06T15:31:21.235+0000] {processor.py:914} INFO - Processing file /home/airflow/.local/lib/python3.12/site-packages/airflow/example_dags/example_branch_day_of_week_operator.py for tasks to queue
[2026-08-06T15:31:21.241+0000] {logging_mixin.py:190} INFO - [2026-08-06T15:31:21.240+0000] {dagbag.py:588} INFO - Filling up the DagBag from /home/airflow/.local/lib/python3.12/site-packages/airflow/example_dags/example_branch_day_of_week_operator.py
[2026-08-06T15:31:21.263+0000] {processor.py:925} INFO - DAG(s) 'example_weekday_branch_operator' retrieved from /home/airflow/.local/lib/python3.12/site-packages/airflow/example_dags/example_branch_day_of_week_operator.py
[2026-08-06T15:31:21.299+0000] {logging_mixin.py:190} INFO - [2026-08-06T15:31:21.298+0000] {dag.py:3239} INFO - Sync 1 DAGs
[2026-08-06T15:31:21.343+0000] {logging_mixin.py:190} INFO - [2026-08-06T15:31:21.343+0000] {dag.py:4180} INFO - Setting next_dagrun for example_weekday_branch_operator to 2026-08-05 00:00:00+00:00, run_after=2026-08-06 00:00:00+00:00
[2026-08-06T15:31:21.412+0000] {processor.py:208} INFO - Processing /home/airflow/.local/lib/python3.12/site-packages/airflow/example_dags/example_branch_day_of_week_operator.py took 0.194 seconds
[2026-08-06T15:31:53.808+0000] {processor.py:186} INFO - Started process (PID=486) to work on /home/airflow/.local/lib/python3.12/site-packages/airflow/example_dags/example_branch_day_of_week_operator.py
[2026-08-06T15:31:53.811+0000] {processor.py:914} INFO - Processing file /home/airflow/.local/lib/python3.12/site-packages/airflow/example_dags/example_branch_day_of_week_operator.py for tasks to queue
[2026-08-06T15:31:53.816+0000] {logging_mixin.py:190} INFO - [2026-08-06T15:31:53.815+0000] {dagbag.py:588} INFO - Filling up the DagBag from /home/airflow/.local/lib/python3.12/site-packages/airflow/example_dags/example_branch_day_of_week_operator.py
[2026-08-06T15:31:53.836+0000] {processor.py:925} INFO - DAG(s) 'example_weekday_branch_operator' retrieved from /home/airflow/.local/lib/python3.12/site-packages/airflow/example_dags/example_branch_day_of_week_operator.py
[2026-08-06T15:31:53.884+0000] {logging_mixin.py:190} INFO - [2026-08-06T15:31:53.883+0000] {dag.py:3239} INFO - Sync 1 DAGs
[2026-08-06T15:31:53.943+0000] {logging_mixin.py:190} INFO - [2026-08-06T15:31:53.943+0000] {dag.py:4180} INFO - Setting next_dagrun for example_weekday_branch_operator to 2026-08-05 00:00:00+00:00, run_after=2026-08-06 00:00:00+00:00
[2026-08-06T15:31:53.994+0000] {processor.py:208} INFO - Processing /home/airflow/.local/lib/python3.12/site-packages/airflow/example_dags/example_branch_day_of_week_operator.py took 0.204 seconds
[2026-08-06T15:32:25.532+0000] {processor.py:186} INFO - Started process (PID=550) to work on /home/airflow/.local/lib/python3.12/site-packages/airflow/example_dags/example_branch_day_of_week_operator.py
[2026-08-06T15:32:25.534+0000] {processor.py:914} INFO - Processing file /home/airflow/.local/lib/python3.12/site-packages/airflow/example_dags/example_branch_day_of_week_operator.py for tasks to queue
[2026-08-06T15:32:25.540+0000] {logging_mixin.py:190} INFO - [2026-08-06T15:32:25.539+0000] {dagbag.py:588} INFO - Filling up the DagBag from /home/airflow/.local/lib/python3.12/site-packages/airflow/example_dags/example_branch_day_of_week_operator.py
[2026-08-06T15:32:25.560+0000] {processor.py:925} INFO - DAG(s) 'example_weekday_branch_operator' retrieved from /home/airflow/.local/lib/python3.12/site-packages/airflow/example_dags/example_branch_day_of_week_operator.py
[2026-08-06T15:32:25.621+0000] {logging_mixin.py:190} INFO - [2026-08-06T15:32:25.621+0000] {dag.py:3239} INFO - Sync 1 DAGs
[2026-08-06T15:32:25.687+0000] {logging_mixin.py:190} INFO - [2026-08-06T15:32:25.686+0000] {dag.py:4180} INFO - Setting next_dagrun for example_weekday_branch_operator to 2026-08-05 00:00:00+00:00, run_after=2026-08-06 00:00:00+00:00
[2026-08-06T15:32:25.737+0000] {processor.py:208} INFO - Processing /home/airflow/.local/lib/python3.12/site-packages/airflow/example_dags/example_branch_day_of_week_operator.py took 0.217 seconds
[2026-08-06T15:32:58.794+0000] {processor.py:186} INFO - Started process (PID=621) to work on /home/airflow/.local/lib/python3.12/site-packages/airflow/example_dags/example_branch_day_of_week_operator.py
[2026-08-06T15:32:58.798+0000] {processor.py:914} INFO - Processing file /home/airflow/.local/lib/python3.12/site-packages/airflow/example_dags/example_branch_day_of_week_operator.py for tasks to queue
[2026-08-06T15:32:58.811+0000] {logging_mixin.py:190} INFO - [2026-08-06T15:32:58.808+0000] {dagbag.py:588} INFO - Filling up the DagBag from /home/airflow/.local/lib/python3.12/site-packages/airflow/example_dags/example_branch_day_of_week_operator.py
[2026-08-06T15:32:58.860+0000] {processor.py:925} INFO - DAG(s) 'example_weekday_branch_operator' retrieved from /home/airflow/.local/lib/python3.12/site-packages/airflow/example_dags/example_branch_day_of_week_operator.py
[2026-08-06T15:32:58.944+0000] {logging_mixin.py:190} INFO - [2026-08-06T15:32:58.943+0000] {dag.py:3239} INFO - Sync 1 DAGs
[2026-08-06T15:32:59.013+0000] {logging_mixin.py:190} INFO - [2026-08-06T15:32:59.013+0000] {dag.py:4180} INFO - Setting next_dagrun for example_weekday_branch_operator to 2026-08-05 00:00:00+00:00, run_after=2026-08-06 00:00:00+00:00
[2026-08-06T15:32:59.085+0000] {processor.py:208} INFO - Processing /home/airflow/.local/lib/python3.12/site-packages/airflow/example_dags/example_branch_day_of_week_operator.py took 0.322 seconds
[2026-08-06T15:33:30.757+0000] {processor.py:186} INFO - Started process (PID=685) to work on /home/airflow/.local/lib/python3.12/site-packages/airflow/example_dags/example_branch_day_of_week_operator.py
[2026-08-06T15:33:30.763+0000] {processor.py:914} INFO - Processing file /home/airflow/.local/lib/python3.12/site-packages/airflow/example_dags/example_branch_day_of_week_operator.py for tasks to queue
[2026-08-06T15:33:30.771+0000] {logging_mixin.py:190} INFO - [2026-08-06T15:33:30.770+0000] {dagbag.py:588} INFO - Filling up the DagBag from /home/airflow/.local/lib/python3.12/site-packages/airflow/example_dags/example_branch_day_of_week_operator.py
[2026-08-06T15:33:30.794+0000] {processor.py:925} INFO - DAG(s) 'example_weekday_branch_operator' retrieved from /home/airflow/.local/lib/python3.12/site-packages/airflow/example_dags/example_branch_day_of_week_operator.py
[2026-08-06T15:33:30.844+0000] {logging_mixin.py:190} INFO - [2026-08-06T15:33:30.843+0000] {dag.py:3239} INFO - Sync 1 DAGs
[2026-08-06T15:33:30.898+0000] {logging_mixin.py:190} INFO - [2026-08-06T15:33:30.898+0000] {dag.py:4180} INFO - Setting next_dagrun for example_weekday_branch_operator to 2026-08-05 00:00:00+00:00, run_after=2026-08-06 00:00:00+00:00
[2026-08-06T15:33:30.949+0000] {processor.py:208} INFO - Processing /home/airflow/.local/lib/python3.12/site-packages/airflow/example_dags/example_branch_day_of_week_operator.py took 0.204 seconds
[2026-08-06T15:34:04.588+0000] {processor.py:186} INFO - Started process (PID=749) to work on /home/airflow/.local/lib/python3.12/site-packages/airflow/example_dags/example_branch_day_of_week_operator.py
[2026-08-06T15:34:04.597+0000] {processor.py:914} INFO - Processing file /home/airflow/.local/lib/python3.12/site-packages/airflow/example_dags/example_branch_day_of_week_operator.py for tasks to queue
[2026-08-06T15:34:04.605+0000] {logging_mixin.py:190} INFO - [2026-08-06T15:34:04.604+0000] {dagbag.py:588} INFO - Filling up the DagBag from /home/airflow/.local/lib/python3.12/site-packages/airflow/example_dags/example_branch_day_of_week_operator.py
[2026-08-06T15:34:04.640+0000] {processor.py:925} INFO - DAG(s) 'example_weekday_branch_operator' retrieved from /home/airflow/.local/lib/python3.12/site-packages/airflow/example_dags/example_branch_day_of_week_operator.py
[2026-08-06T15:34:04.701+0000] {logging_mixin.py:190} INFO - [2026-08-06T15:34:04.700+0000] {dag.py:3239} INFO - Sync 1 DAGs
[2026-08-06T15:34:04.785+0000] {logging_mixin.py:190} INFO - [2026-08-06T15:34:04.784+0000] {dag.py:4180} INFO - Setting next_dagrun for example_weekday_branch_operator to 2026-08-05 00:00:00+00:00, run_after=2026-08-06 00:00:00+00:00
[2026-08-06T15:34:04.852+0000] {processor.py:208} INFO - Processing /home/airflow/.local/lib/python3.12/site-packages/airflow/example_dags/example_branch_day_of_week_operator.py took 0.285 seconds
[2026-08-06T15:34:37.394+0000] {processor.py:186} INFO - Started process (PID=819) to work on /home/airflow/.local/lib/python3.12/site-packages/airflow/example_dags/example_branch_day_of_week_operator.py
[2026-08-06T15:34:37.397+0000] {processor.py:914} INFO - Processing file /home/airflow/.local/lib/python3.12/site-packages/airflow/example_dags/example_branch_day_of_week_operator.py for tasks to queue
[2026-08-06T15:34:37.404+0000] {logging_mixin.py:190} INFO - [2026-08-06T15:34:37.403+0000] {dagbag.py:588} INFO - Filling up the DagBag from /home/airflow/.local/lib/python3.12/site-packages/airflow/example_dags/example_branch_day_of_week_operator.py
[2026-08-06T15:34:37.427+0000] {processor.py:925} INFO - DAG(s) 'example_weekday_branch_operator' retrieved from /home/airflow/.local/lib/python3.12/site-packages/airflow/example_dags/example_branch_day_of_week_operator.py
[2026-08-06T15:34:37.479+0000] {logging_mixin.py:190} INFO - [2026-08-06T15:34:37.478+0000] {dag.py:3239} INFO - Sync 1 DAGs
[2026-08-06T15:34:37.550+0000] {logging_mixin.py:190} INFO - [2026-08-06T15:34:37.549+0000] {dag.py:4180} INFO - Setting next_dagrun for example_weekday_branch_operator to 2026-08-05 00:00:00+00:00, run_after=2026-08-06 00:00:00+00:00
[2026-08-06T15:34:37.606+0000] {processor.py:208} INFO - Processing /home/airflow/.local/lib/python3.12/site-packages/airflow/example_dags/example_branch_day_of_week_operator.py took 0.226 seconds
[2026-08-06T15:35:09.888+0000] {processor.py:186} INFO - Started process (PID=883) to work on /home/airflow/.local/lib/python3.12/site-packages/airflow/example_dags/example_branch_day_of_week_operator.py
[2026-08-06T15:35:09.891+0000] {processor.py:914} INFO - Processing file /home/airflow/.local/lib/python3.12/site-packages/airflow/example_dags/example_branch_day_of_week_operator.py for tasks to queue
[2026-08-06T15:35:09.900+0000] {logging_mixin.py:190} INFO - [2026-08-06T15:35:09.898+0000] {dagbag.py:588} INFO - Filling up the DagBag from /home/airflow/.local/lib/python3.12/site-packages/airflow/example_dags/example_branch_day_of_week_operator.py
[2026-08-06T15:35:09.929+0000] {processor.py:925} INFO - DAG(s) 'example_weekday_branch_operator' retrieved from /home/airflow/.local/lib/python3.12/site-packages/airflow/example_dags/example_branch_day_of_week_operator.py
[2026-08-06T15:35:09.978+0000] {logging_mixin.py:190} INFO - [2026-08-06T15:35:09.977+0000] {dag.py:3239} INFO - Sync 1 DAGs
[2026-08-06T15:35:10.037+0000] {logging_mixin.py:190} INFO - [2026-08-06T15:35:10.036+0000] {dag.py:4180} INFO - Setting next_dagrun for example_weekday_branch_operator to 2026-08-05 00:00:00+00:00, run_after=2026-08-06 00:00:00+00:00
[2026-08-06T15:35:10.101+0000] {processor.py:208} INFO - Processing /home/airflow/.local/lib/python3.12/site-packages/airflow/example_dags/example_branch_day_of_week_operator.py took 0.229 seconds
[2026-08-06T15:35:42.681+0000] {processor.py:186} INFO - Started process (PID=947) to work on /home/airflow/.local/lib/python3.12/site-packages/airflow/example_dags/example_branch_day_of_week_operator.py
[2026-08-06T15:35:42.688+0000] {processor.py:914} INFO - Processing file /home/airflow/.local/lib/python3.12/site-packages/airflow/example_dags/example_branch_day_of_week_operator.py for tasks to queue
[2026-08-06T15:35:42.704+0000] {logging_mixin.py:190} INFO - [2026-08-06T15:35:42.702+0000] {dagbag.py:588} INFO - Filling up the DagBag from /home/airflow/.local/lib/python3.12/site-packages/airflow/example_dags/example_branch_day_of_week_operator.py
[2026-08-06T15:35:42.748+0000] {processor.py:925} INFO - DAG(s) 'example_weekday_branch_operator' retrieved from /home/airflow/.local/lib/python3.12/site-packages/airflow/example_dags/example_branch_day_of_week_operator.py
[2026-08-06T15:35:42.813+0000] {logging_mixin.py:190} INFO - [2026-08-06T15:35:42.812+0000] {dag.py:3239} INFO - Sync 1 DAGs
[2026-08-06T15:35:42.876+0000] {logging_mixin.py:190} INFO - [2026-08-06T15:35:42.876+0000] {dag.py:4180} INFO - Setting next_dagrun for example_weekday_branch_operator to 2026-08-05 00:00:00+00:00, run_after=2026-08-06 00:00:00+00:00
[2026-08-06T15:35:42.953+0000] {processor.py:208} INFO - Processing /home/airflow/.local/lib/python3.12/site-packages/airflow/example_dags/example_branch_day_of_week_operator.py took 0.311 seconds
[2026-08-06T15:36:15.570+0000] {processor.py:186} INFO - Started process (PID=1011) to work on /home/airflow/.local/lib/python3.12/site-packages/airflow/example_dags/example_branch_day_of_week_operator.py
[2026-08-06T15:36:15.577+0000] {processor.py:914} INFO - Processing file /home/airflow/.local/lib/python3.12/site-packages/airflow/example_dags/example_branch_day_of_week_operator.py for tasks to queue
[2026-08-06T15:36:15.586+0000] {logging_mixin.py:190} INFO - [2026-08-06T15:36:15.585+0000] {dagbag.py:588} INFO - Filling up the DagBag from /home/airflow/.local/lib/python3.12/site-packages/airflow/example_dags/example_branch_day_of_week_operator.py
[2026-08-06T15:36:15.629+0000] {processor.py:925} INFO - DAG(s) 'example_weekday_branch_operator' retrieved from /home/airflow/.local/lib/python3.12/site-packages/airflow/example_dags/example_branch_day_of_week_operator.py
[2026-08-06T15:36:15.693+0000] {logging_mixin.py:190} INFO - [2026-08-06T15:36:15.692+0000] {dag.py:3239} INFO - Sync 1 DAGs
[2026-08-06T15:36:15.772+0000] {logging_mixin.py:190} INFO - [2026-08-06T15:36:15.769+0000] {dag.py:4180} INFO - Setting next_dagrun for example_weekday_branch_operator to 2026-08-05 00:00:00+00:00, run_after=2026-08-06 00:00:00+00:00
[2026-08-06T15:36:15.835+0000] {processor.py:208} INFO - Processing /home/airflow/.local/lib/python3.12/site-packages/airflow/example_dags/example_branch_day_of_week_operator.py took 0.296 seconds
[2026-08-06T15:36:47.578+0000] {processor.py:186} INFO - Started process (PID=1075) to work on /home/airflow/.local/lib/python3.12/site-packages/airflow/example_dags/example_branch_day_of_week_operator.py
[2026-08-06T15:36:47.582+0000] {processor.py:914} INFO - Processing file /home/airflow/.local/lib/python3.12/site-packages/airflow/example_dags/example_branch_day_of_week_operator.py for tasks to queue
[2026-08-06T15:36:47.588+0000] {logging_mixin.py:190} INFO - [2026-08-06T15:36:47.587+0000] {dagbag.py:588} INFO - Filling up the DagBag from /home/airflow/.local/lib/python3.12/site-packages/airflow/example_dags/example_branch_day_of_week_operator.py
[2026-08-06T15:36:47.637+0000] {processor.py:925} INFO - DAG(s) 'example_weekday_branch_operator' retrieved from /home/airflow/.local/lib/python3.12/site-packages/airflow/example_dags/example_branch_day_of_week_operator.py
[2026-08-06T15:36:47.694+0000] {logging_mixin.py:190} INFO - [2026-08-06T15:36:47.693+0000] {dag.py:3239} INFO - Sync 1 DAGs
[2026-08-06T15:36:47.797+0000] {logging_mixin.py:190} INFO - [2026-08-06T15:36:47.797+0000] {dag.py:4180} INFO - Setting next_dagrun for example_weekday_branch_operator to 2026-08-05 00:00:00+00:00, run_after=2026-08-06 00:00:00+00:00
[2026-08-06T15:36:47.917+0000] {processor.py:208} INFO - Processing /home/airflow/.local/lib/python3.12/site-packages/airflow/example_dags/example_branch_day_of_week_operator.py took 0.362 seconds
[2026-08-06T15:37:20.188+0000] {processor.py:186} INFO - Started process (PID=1143) to work on /home/airflow/.local/lib/python3.12/site-packages/airflow/example_dags/example_branch_day_of_week_operator.py
[2026-08-06T15:37:20.225+0000] {processor.py:914} INFO - Processing file /home/airflow/.local/lib/python3.12/site-packages/airflow/example_dags/example_branch_day_of_week_operator.py for tasks to queue
[2026-08-06T15:37:20.233+0000] {logging_mixin.py:190} INFO - [2026-08-06T15:37:20.232+0000] {dagbag.py:588} INFO - Filling up the DagBag from /home/airflow/.local/lib/python3.12/site-packages/airflow/example_dags/example_branch_day_of_week_operator.py
[2026-08-06T15:37:20.263+0000] {processor.py:925} INFO - DAG(s) 'example_weekday_branch_operator' retrieved from /home/airflow/.local/lib/python3.12/site-packages/airflow/example_dags/example_branch_day_of_week_operator.py
[2026-08-06T15:37:20.331+0000] {logging_mixin.py:190} INFO - [2026-08-06T15:37:20.330+0000] {dag.py:3239} INFO - Sync 1 DAGs
[2026-08-06T15:37:20.428+0000] {logging_mixin.py:190} INFO - [2026-08-06T15:37:20.428+0000] {dag.py:4180} INFO - Setting next_dagrun for example_weekday_branch_operator to 2026-08-05 00:00:00+00:00, run_after=2026-08-06 00:00:00+00:00
[2026-08-06T15:37:20.516+0000] {processor.py:208} INFO - Processing /home/airflow/.local/lib/python3.12/site-packages/airflow/example_dags/example_branch_day_of_week_operator.py took 0.347 seconds
[2026-08-06T15:37:52.035+0000] {processor.py:186} INFO - Started process (PID=1207) to work on /home/airflow/.local/lib/python3.12/site-packages/airflow/example_dags/example_branch_day_of_week_operator.py
[2026-08-06T15:37:52.038+0000] {processor.py:914} INFO - Processing file /home/airflow/.local/lib/python3.12/site-packages/airflow/example_dags/example_branch_day_of_week_operator.py for tasks to queue
[2026-08-06T15:37:52.045+0000] {logging_mixin.py:190} INFO - [2026-08-06T15:37:52.043+0000] {dagbag.py:588} INFO - Filling up the DagBag from /home/airflow/.local/lib/python3.12/site-packages/airflow/example_dags/example_branch_day_of_week_operator.py
[2026-08-06T15:37:52.072+0000] {processor.py:925} INFO - DAG(s) 'example_weekday_branch_operator' retrieved from /home/airflow/.local/lib/python3.12/site-packages/airflow/example_dags/example_branch_day_of_week_operator.py
[2026-08-06T15:37:52.135+0000] {logging_mixin.py:190} INFO - [2026-08-06T15:37:52.134+0000] {dag.py:3239} INFO - Sync 1 DAGs
[2026-08-06T15:37:52.208+0000] {logging_mixin.py:190} INFO - [2026-08-06T15:37:52.207+0000] {dag.py:4180} INFO - Setting next_dagrun for example_weekday_branch_operator to 2026-08-05 00:00:00+00:00, run_after=2026-08-06 00:00:00+00:00
[2026-08-06T15:37:52.264+0000] {processor.py:208} INFO - Processing /home/airflow/.local/lib/python3.12/site-packages/airflow/example_dags/example_branch_day_of_week_operator.py took 0.243 seconds
[2026-08-06T15:38:24.234+0000] {processor.py:186} INFO - Started process (PID=1272) to work on /home/airflow/.local/lib/python3.12/site-packages/airflow/example_dags/example_branch_day_of_week_operator.py
[2026-08-06T15:38:24.250+0000] {processor.py:914} INFO - Processing file /home/airflow/.local/lib/python3.12/site-packages/airflow/example_dags/example_branch_day_of_week_operator.py for tasks to queue
[2026-08-06T15:38:24.267+0000] {logging_mixin.py:190} INFO - [2026-08-06T15:38:24.266+0000] {dagbag.py:588} INFO - Filling up the DagBag from /home/airflow/.local/lib/python3.12/site-packages/airflow/example_dags/example_branch_day_of_week_operator.py
[2026-08-06T15:38:24.313+0000] {processor.py:925} INFO - DAG(s) 'example_weekday_branch_operator' retrieved from /home/airflow/.local/lib/python3.12/site-packages/airflow/example_dags/example_branch_day_of_week_operator.py
[2026-08-06T15:38:24.367+0000] {logging_mixin.py:190} INFO - [2026-08-06T15:38:24.366+0000] {dag.py:3239} INFO - Sync 1 DAGs
[2026-08-06T15:38:24.417+0000] {logging_mixin.py:190} INFO - [2026-08-06T15:38:24.417+0000] {dag.py:4180} INFO - Setting next_dagrun for example_weekday_branch_operator to 2026-08-05 00:00:00+00:00, run_after=2026-08-06 00:00:00+00:00
[2026-08-06T15:38:24.469+0000] {processor.py:208} INFO - Processing /home/airflow/.local/lib/python3.12/site-packages/airflow/example_dags/example_branch_day_of_week_operator.py took 0.251 seconds
[2026-08-06T15:38:55.878+0000] {processor.py:186} INFO - Started process (PID=1336) to work on /home/airflow/.local/lib/python3.12/site-packages/airflow/example_dags/example_branch_day_of_week_operator.py
[2026-08-06T15:38:55.880+0000] {processor.py:914} INFO - Processing file /home/airflow/.local/lib/python3.12/site-packages/airflow/example_dags/example_branch_day_of_week_operator.py for tasks to queue
[2026-08-06T15:38:55.889+0000] {logging_mixin.py:190} INFO - [2026-08-06T15:38:55.888+0000] {dagbag.py:588} INFO - Filling up the DagBag from /home/airflow/.local/lib/python3.12/site-packages/airflow/example_dags/example_branch_day_of_week_operator.py
[2026-08-06T15:38:55.921+0000] {processor.py:925} INFO - DAG(s) 'example_weekday_branch_operator' retrieved from /home/airflow/.local/lib/python3.12/site-packages/airflow/example_dags/example_branch_day_of_week_operator.py
[2026-08-06T15:38:55.993+0000] {logging_mixin.py:190} INFO - [2026-08-06T15:38:55.992+0000] {dag.py:3239} INFO - Sync 1 DAGs
[2026-08-06T15:38:56.067+0000] {logging_mixin.py:190} INFO - [2026-08-06T15:38:56.066+0000] {dag.py:4180} INFO - Setting next_dagrun for example_weekday_branch_operator to 2026-08-05 00:00:00+00:00, run_after=2026-08-06 00:00:00+00:00
[2026-08-06T15:38:56.169+0000] {processor.py:208} INFO - Processing /home/airflow/.local/lib/python3.12/site-packages/airflow/example_dags/example_branch_day_of_week_operator.py took 0.305 seconds
[2026-08-06T15:39:26.269+0000] {processor.py:186} INFO - Started process (PID=1399) to work on /home/airflow/.local/lib/python3.12/site-packages/airflow/example_dags/example_branch_day_of_week_operator.py
[2026-08-06T15:39:26.271+0000] {processor.py:914} INFO - Processing file /home/airflow/.local/lib/python3.12/site-packages/airflow/example_dags/example_branch_day_of_week_operator.py for tasks to queue
[2026-08-06T15:39:26.278+0000] {logging_mixin.py:190} INFO - [2026-08-06T15:39:26.277+0000] {dagbag.py:588} INFO - Filling up the DagBag from /home/airflow/.local/lib/python3.12/site-packages/airflow/example_dags/example_branch_day_of_week_operator.py
[2026-08-06T15:39:26.310+0000] {processor.py:925} INFO - DAG(s) 'example_weekday_branch_operator' retrieved from /home/airflow/.local/lib/python3.12/site-packages/airflow/example_dags/example_branch_day_of_week_operator.py
[2026-08-06T15:39:26.368+0000] {logging_mixin.py:190} INFO - [2026-08-06T15:39:26.367+0000] {dag.py:3239} INFO - Sync 1 DAGs
[2026-08-06T15:39:26.469+0000] {logging_mixin.py:190} INFO - [2026-08-06T15:39:26.469+0000] {dag.py:4180} INFO - Setting next_dagrun for example_weekday_branch_operator to 2026-08-05 00:00:00+00:00, run_after=2026-08-06 00:00:00+00:00
[2026-08-06T15:39:26.547+0000] {processor.py:208} INFO - Processing /home/airflow/.local/lib/python3.12/site-packages/airflow/example_dags/example_branch_day_of_week_operator.py took 0.293 seconds
[2026-08-06T15:39:56.935+0000] {processor.py:186} INFO - Started process (PID=1462) to work on /home/airflow/.local/lib/python3.12/site-packages/airflow/example_dags/example_branch_day_of_week_operator.py
[2026-08-06T15:39:56.938+0000] {processor.py:914} INFO - Processing file /home/airflow/.local/lib/python3.12/site-packages/airflow/example_dags/example_branch_day_of_week_operator.py for tasks to queue
[2026-08-06T15:39:56.943+0000] {logging_mixin.py:190} INFO - [2026-08-06T15:39:56.942+0000] {dagbag.py:588} INFO - Filling up the DagBag from /home/airflow/.local/lib/python3.12/site-packages/airflow/example_dags/example_branch_day_of_week_operator.py
[2026-08-06T15:39:56.966+0000] {processor.py:925} INFO - DAG(s) 'example_weekday_branch_operator' retrieved from /home/airflow/.local/lib/python3.12/site-packages/airflow/example_dags/example_branch_day_of_week_operator.py
[2026-08-06T15:39:57.000+0000] {logging_mixin.py:190} INFO - [2026-08-06T15:39:57.000+0000] {dag.py:3239} INFO - Sync 1 DAGs
[2026-08-06T15:39:57.045+0000] {logging_mixin.py:190} INFO - [2026-08-06T15:39:57.045+0000] {dag.py:4180} INFO - Setting next_dagrun for example_weekday_branch_operator to 2026-08-05 00:00:00+00:00, run_after=2026-08-06 00:00:00+00:00
[2026-08-06T15:39:57.114+0000] {processor.py:208} INFO - Processing /home/airflow/.local/lib/python3.12/site-packages/airflow/example_dags/example_branch_day_of_week_operator.py took 0.190 seconds
[2026-08-06T15:40:28.368+0000] {processor.py:186} INFO - Started process (PID=1526) to work on /home/airflow/.local/lib/python3.12/site-packages/airflow/example_dags/example_branch_day_of_week_operator.py
[2026-08-06T15:40:28.375+0000] {processor.py:914} INFO - Processing file /home/airflow/.local/lib/python3.12/site-packages/airflow/example_dags/example_branch_day_of_week_operator.py for tasks to queue
[2026-08-06T15:40:28.384+0000] {logging_mixin.py:190} INFO - [2026-08-06T15:40:28.383+0000] {dagbag.py:588} INFO - Filling up the DagBag from /home/airflow/.local/lib/python3.12/site-packages/airflow/example_dags/example_branch_day_of_week_operator.py
[2026-08-06T15:40:28.421+0000] {processor.py:925} INFO - DAG(s) 'example_weekday_branch_operator' retrieved from /home/airflow/.local/lib/python3.12/site-packages/airflow/example_dags/example_branch_day_of_week_operator.py
[2026-08-06T15:40:28.481+0000] {logging_mixin.py:190} INFO - [2026-08-06T15:40:28.480+0000] {dag.py:3239} INFO - Sync 1 DAGs
[2026-08-06T15:40:28.578+0000] {logging_mixin.py:190} INFO - [2026-08-06T15:40:28.576+0000] {dag.py:4180} INFO - Setting next_dagrun for example_weekday_branch_operator to 2026-08-05 00:00:00+00:00, run_after=2026-08-06 00:00:00+00:00
[2026-08-06T15:40:28.679+0000] {processor.py:208} INFO - Processing /home/airflow/.local/lib/python3.12/site-packages/airflow/example_dags/example_branch_day_of_week_operator.py took 0.330 seconds
[2026-08-06T15:43:26.792+0000] {processor.py:186} INFO - Started process (PID=110) to work on /home/airflow/.local/lib/python3.12/site-packages/airflow/example_dags/example_branch_day_of_week_operator.py
[2026-08-06T15:43:26.794+0000] {processor.py:914} INFO - Processing file /home/airflow/.local/lib/python3.12/site-packages/airflow/example_dags/example_branch_day_of_week_operator.py for tasks to queue
[2026-08-06T15:43:26.807+0000] {logging_mixin.py:190} INFO - [2026-08-06T15:43:26.806+0000] {dagbag.py:588} INFO - Filling up the DagBag from /home/airflow/.local/lib/python3.12/site-packages/airflow/example_dags/example_branch_day_of_week_operator.py
[2026-08-06T15:43:26.842+0000] {processor.py:925} INFO - DAG(s) 'example_weekday_branch_operator' retrieved from /home/airflow/.local/lib/python3.12/site-packages/airflow/example_dags/example_branch_day_of_week_operator.py
[2026-08-06T15:43:26.903+0000] {logging_mixin.py:190} INFO - [2026-08-06T15:43:26.902+0000] {dag.py:3239} INFO - Sync 1 DAGs
[2026-08-06T15:43:26.984+0000] {logging_mixin.py:190} INFO - [2026-08-06T15:43:26.983+0000] {dag.py:4180} INFO - Setting next_dagrun for example_weekday_branch_operator to 2026-08-05 00:00:00+00:00, run_after=2026-08-06 00:00:00+00:00
[2026-08-06T15:43:27.051+0000] {processor.py:208} INFO - Processing /home/airflow/.local/lib/python3.12/site-packages/airflow/example_dags/example_branch_day_of_week_operator.py took 0.281 seconds
[2026-08-06T15:43:57.238+0000] {processor.py:186} INFO - Started process (PID=183) to work on /home/airflow/.local/lib/python3.12/site-packages/airflow/example_dags/example_branch_day_of_week_operator.py
[2026-08-06T15:43:57.240+0000] {processor.py:914} INFO - Processing file /home/airflow/.local/lib/python3.12/site-packages/airflow/example_dags/example_branch_day_of_week_operator.py for tasks to queue
[2026-08-06T15:43:57.243+0000] {logging_mixin.py:190} INFO - [2026-08-06T15:43:57.243+0000] {dagbag.py:588} INFO - Filling up the DagBag from /home/airflow/.local/lib/python3.12/site-packages/airflow/example_dags/example_branch_day_of_week_operator.py
[2026-08-06T15:43:57.262+0000] {processor.py:925} INFO - DAG(s) 'example_weekday_branch_operator' retrieved from /home/airflow/.local/lib/python3.12/site-packages/airflow/example_dags/example_branch_day_of_week_operator.py
[2026-08-06T15:43:57.293+0000] {logging_mixin.py:190} INFO - [2026-08-06T15:43:57.293+0000] {dag.py:3239} INFO - Sync 1 DAGs
[2026-08-06T15:43:57.327+0000] {logging_mixin.py:190} INFO - [2026-08-06T15:43:57.327+0000] {dag.py:4180} INFO - Setting next_dagrun for example_weekday_branch_operator to 2026-08-05 00:00:00+00:00, run_after=2026-08-06 00:00:00+00:00
[2026-08-06T15:43:57.357+0000] {processor.py:208} INFO - Processing /home/airflow/.local/lib/python3.12/site-packages/airflow/example_dags/example_branch_day_of_week_operator.py took 0.127 seconds
[2026-08-06T15:44:30.381+0000] {processor.py:186} INFO - Started process (PID=247) to work on /home/airflow/.local/lib/python3.12/site-packages/airflow/example_dags/example_branch_day_of_week_operator.py
[2026-08-06T15:44:30.384+0000] {processor.py:914} INFO - Processing file /home/airflow/.local/lib/python3.12/site-packages/airflow/example_dags/example_branch_day_of_week_operator.py for tasks to queue
[2026-08-06T15:44:30.390+0000] {logging_mixin.py:190} INFO - [2026-08-06T15:44:30.389+0000] {dagbag.py:588} INFO - Filling up the DagBag from /home/airflow/.local/lib/python3.12/site-packages/airflow/example_dags/example_branch_day_of_week_operator.py
[2026-08-06T15:44:30.409+0000] {processor.py:925} INFO - DAG(s) 'example_weekday_branch_operator' retrieved from /home/airflow/.local/lib/python3.12/site-packages/airflow/example_dags/example_branch_day_of_week_operator.py
[2026-08-06T15:44:30.461+0000] {logging_mixin.py:190} INFO - [2026-08-06T15:44:30.461+0000] {dag.py:3239} INFO - Sync 1 DAGs
[2026-08-06T15:44:30.512+0000] {logging_mixin.py:190} INFO - [2026-08-06T15:44:30.512+0000] {dag.py:4180} INFO - Setting next_dagrun for example_weekday_branch_operator to 2026-08-05 00:00:00+00:00, run_after=2026-08-06 00:00:00+00:00
[2026-08-06T15:44:30.557+0000] {processor.py:208} INFO - Processing /home/airflow/.local/lib/python3.12/site-packages/airflow/example_dags/example_branch_day_of_week_operator.py took 0.186 seconds
[2026-08-06T15:45:01.484+0000] {processor.py:186} INFO - Started process (PID=311) to work on /home/airflow/.local/lib/python3.12/site-packages/airflow/example_dags/example_branch_day_of_week_operator.py
[2026-08-06T15:45:01.486+0000] {processor.py:914} INFO - Processing file /home/airflow/.local/lib/python3.12/site-packages/airflow/example_dags/example_branch_day_of_week_operator.py for tasks to queue
[2026-08-06T15:45:01.495+0000] {logging_mixin.py:190} INFO - [2026-08-06T15:45:01.492+0000] {dagbag.py:588} INFO - Filling up the DagBag from /home/airflow/.local/lib/python3.12/site-packages/airflow/example_dags/example_branch_day_of_week_operator.py
[2026-08-06T15:45:01.529+0000] {processor.py:925} INFO - DAG(s) 'example_weekday_branch_operator' retrieved from /home/airflow/.local/lib/python3.12/site-packages/airflow/example_dags/example_branch_day_of_week_operator.py
[2026-08-06T15:45:01.574+0000] {logging_mixin.py:190} INFO - [2026-08-06T15:45:01.574+0000] {dag.py:3239} INFO - Sync 1 DAGs
[2026-08-06T15:45:01.625+0000] {logging_mixin.py:190} INFO - [2026-08-06T15:45:01.624+0000] {dag.py:4180} INFO - Setting next_dagrun for example_weekday_branch_operator to 2026-08-05 00:00:00+00:00, run_after=2026-08-06 00:00:00+00:00
[2026-08-06T15:45:01.673+0000] {processor.py:208} INFO - Processing /home/airflow/.local/lib/python3.12/site-packages/airflow/example_dags/example_branch_day_of_week_operator.py took 0.201 seconds
[2026-08-06T15:45:31.789+0000] {processor.py:186} INFO - Started process (PID=374) to work on /home/airflow/.local/lib/python3.12/site-packages/airflow/example_dags/example_branch_day_of_week_operator.py
[2026-08-06T15:45:31.791+0000] {processor.py:914} INFO - Processing file /home/airflow/.local/lib/python3.12/site-packages/airflow/example_dags/example_branch_day_of_week_operator.py for tasks to queue
[2026-08-06T15:45:31.796+0000] {logging_mixin.py:190} INFO - [2026-08-06T15:45:31.796+0000] {dagbag.py:588} INFO - Filling up the DagBag from /home/airflow/.local/lib/python3.12/site-packages/airflow/example_dags/example_branch_day_of_week_operator.py
[2026-08-06T15:45:31.813+0000] {processor.py:925} INFO - DAG(s) 'example_weekday_branch_operator' retrieved from /home/airflow/.local/lib/python3.12/site-packages/airflow/example_dags/example_branch_day_of_week_operator.py
[2026-08-06T15:45:31.847+0000] {logging_mixin.py:190} INFO - [2026-08-06T15:45:31.846+0000] {dag.py:3239} INFO - Sync 1 DAGs
[2026-08-06T15:45:31.891+0000] {logging_mixin.py:190} INFO - [2026-08-06T15:45:31.891+0000] {dag.py:4180} INFO - Setting next_dagrun for example_weekday_branch_operator to 2026-08-05 00:00:00+00:00, run_after=2026-08-06 00:00:00+00:00
[2026-08-06T15:45:31.960+0000] {processor.py:208} INFO - Processing /home/airflow/.local/lib/python3.12/site-packages/airflow/example_dags/example_branch_day_of_week_operator.py took 0.183 seconds
[2026-08-06T15:47:58.249+0000] {processor.py:186} INFO - Started process (PID=93) to work on /home/airflow/.local/lib/python3.12/site-packages/airflow/example_dags/example_branch_day_of_week_operator.py
[2026-08-06T15:47:58.252+0000] {processor.py:914} INFO - Processing file /home/airflow/.local/lib/python3.12/site-packages/airflow/example_dags/example_branch_day_of_week_operator.py for tasks to queue
[2026-08-06T15:47:58.259+0000] {logging_mixin.py:190} INFO - [2026-08-06T15:47:58.258+0000] {dagbag.py:588} INFO - Filling up the DagBag from /home/airflow/.local/lib/python3.12/site-packages/airflow/example_dags/example_branch_day_of_week_operator.py
[2026-08-06T15:47:58.280+0000] {processor.py:925} INFO - DAG(s) 'example_weekday_branch_operator' retrieved from /home/airflow/.local/lib/python3.12/site-packages/airflow/example_dags/example_branch_day_of_week_operator.py
[2026-08-06T15:47:58.328+0000] {logging_mixin.py:190} INFO - [2026-08-06T15:47:58.327+0000] {dag.py:3239} INFO - Sync 1 DAGs
[2026-08-06T15:47:58.399+0000] {logging_mixin.py:190} INFO - [2026-08-06T15:47:58.398+0000] {dag.py:4180} INFO - Setting next_dagrun for example_weekday_branch_operator to 2026-08-05 00:00:00+00:00, run_after=2026-08-06 00:00:00+00:00
[2026-08-06T15:47:58.460+0000] {processor.py:208} INFO - Processing /home/airflow/.local/lib/python3.12/site-packages/airflow/example_dags/example_branch_day_of_week_operator.py took 0.223 seconds
[2026-08-06T15:48:30.372+0000] {processor.py:186} INFO - Started process (PID=175) to work on /home/airflow/.local/lib/python3.12/site-packages/airflow/example_dags/example_branch_day_of_week_operator.py
[2026-08-06T15:48:30.375+0000] {processor.py:914} INFO - Processing file /home/airflow/.local/lib/python3.12/site-packages/airflow/example_dags/example_branch_day_of_week_operator.py for tasks to queue
[2026-08-06T15:48:30.381+0000] {logging_mixin.py:190} INFO - [2026-08-06T15:48:30.380+0000] {dagbag.py:588} INFO - Filling up the DagBag from /home/airflow/.local/lib/python3.12/site-packages/airflow/example_dags/example_branch_day_of_week_operator.py
[2026-08-06T15:48:30.399+0000] {processor.py:925} INFO - DAG(s) 'example_weekday_branch_operator' retrieved from /home/airflow/.local/lib/python3.12/site-packages/airflow/example_dags/example_branch_day_of_week_operator.py
[2026-08-06T15:48:30.434+0000] {logging_mixin.py:190} INFO - [2026-08-06T15:48:30.434+0000] {dag.py:3239} INFO - Sync 1 DAGs
[2026-08-06T15:48:30.476+0000] {logging_mixin.py:190} INFO - [2026-08-06T15:48:30.476+0000] {dag.py:4180} INFO - Setting next_dagrun for example_weekday_branch_operator to 2026-08-05 00:00:00+00:00, run_after=2026-08-06 00:00:00+00:00
[2026-08-06T15:48:30.508+0000] {processor.py:208} INFO - Processing /home/airflow/.local/lib/python3.12/site-packages/airflow/example_dags/example_branch_day_of_week_operator.py took 0.147 seconds
[2026-08-06T15:49:02.467+0000] {processor.py:186} INFO - Started process (PID=247) to work on /home/airflow/.local/lib/python3.12/site-packages/airflow/example_dags/example_branch_day_of_week_operator.py
[2026-08-06T15:49:02.470+0000] {processor.py:914} INFO - Processing file /home/airflow/.local/lib/python3.12/site-packages/airflow/example_dags/example_branch_day_of_week_operator.py for tasks to queue
[2026-08-06T15:49:02.476+0000] {logging_mixin.py:190} INFO - [2026-08-06T15:49:02.475+0000] {dagbag.py:588} INFO - Filling up the DagBag from /home/airflow/.local/lib/python3.12/site-packages/airflow/example_dags/example_branch_day_of_week_operator.py
[2026-08-06T15:49:02.508+0000] {processor.py:925} INFO - DAG(s) 'example_weekday_branch_operator' retrieved from /home/airflow/.local/lib/python3.12/site-packages/airflow/example_dags/example_branch_day_of_week_operator.py
[2026-08-06T15:49:02.557+0000] {logging_mixin.py:190} INFO - [2026-08-06T15:49:02.555+0000] {dag.py:3239} INFO - Sync 1 DAGs
[2026-08-06T15:49:02.628+0000] {logging_mixin.py:190} INFO - [2026-08-06T15:49:02.627+0000] {dag.py:4180} INFO - Setting next_dagrun for example_weekday_branch_operator to 2026-08-05 00:00:00+00:00, run_after=2026-08-06 00:00:00+00:00
[2026-08-06T15:49:02.702+0000] {processor.py:208} INFO - Processing /home/airflow/.local/lib/python3.12/site-packages/airflow/example_dags/example_branch_day_of_week_operator.py took 0.248 seconds
[2026-08-06T15:49:34.373+0000] {processor.py:186} INFO - Started process (PID=312) to work on /home/airflow/.local/lib/python3.12/site-packages/airflow/example_dags/example_branch_day_of_week_operator.py
[2026-08-06T15:49:34.375+0000] {processor.py:914} INFO - Processing file /home/airflow/.local/lib/python3.12/site-packages/airflow/example_dags/example_branch_day_of_week_operator.py for tasks to queue
[2026-08-06T15:49:34.379+0000] {logging_mixin.py:190} INFO - [2026-08-06T15:49:34.379+0000] {dagbag.py:588} INFO - Filling up the DagBag from /home/airflow/.local/lib/python3.12/site-packages/airflow/example_dags/example_branch_day_of_week_operator.py
[2026-08-06T15:49:34.399+0000] {processor.py:925} INFO - DAG(s) 'example_weekday_branch_operator' retrieved from /home/airflow/.local/lib/python3.12/site-packages/airflow/example_dags/example_branch_day_of_week_operator.py
[2026-08-06T15:49:34.441+0000] {logging_mixin.py:190} INFO - [2026-08-06T15:49:34.441+0000] {dag.py:3239} INFO - Sync 1 DAGs
[2026-08-06T15:49:34.493+0000] {logging_mixin.py:190} INFO - [2026-08-06T15:49:34.492+0000] {dag.py:4180} INFO - Setting next_dagrun for example_weekday_branch_operator to 2026-08-05 00:00:00+00:00, run_after=2026-08-06 00:00:00+00:00
[2026-08-06T15:49:34.534+0000] {processor.py:208} INFO - Processing /home/airflow/.local/lib/python3.12/site-packages/airflow/example_dags/example_branch_day_of_week_operator.py took 0.175 seconds
[2026-08-06T15:50:06.374+0000] {processor.py:186} INFO - Started process (PID=382) to work on /home/airflow/.local/lib/python3.12/site-packages/airflow/example_dags/example_branch_day_of_week_operator.py
[2026-08-06T15:50:06.378+0000] {processor.py:914} INFO - Processing file /home/airflow/.local/lib/python3.12/site-packages/airflow/example_dags/example_branch_day_of_week_operator.py for tasks to queue
[2026-08-06T15:50:06.384+0000] {logging_mixin.py:190} INFO - [2026-08-06T15:50:06.383+0000] {dagbag.py:588} INFO - Filling up the DagBag from /home/airflow/.local/lib/python3.12/site-packages/airflow/example_dags/example_branch_day_of_week_operator.py
[2026-08-06T15:50:06.408+0000] {processor.py:925} INFO - DAG(s) 'example_weekday_branch_operator' retrieved from /home/airflow/.local/lib/python3.12/site-packages/airflow/example_dags/example_branch_day_of_week_operator.py
[2026-08-06T15:50:06.456+0000] {logging_mixin.py:190} INFO - [2026-08-06T15:50:06.456+0000] {dag.py:3239} INFO - Sync 1 DAGs
[2026-08-06T15:50:06.501+0000] {logging_mixin.py:190} INFO - [2026-08-06T15:50:06.500+0000] {dag.py:4180} INFO - Setting next_dagrun for example_weekday_branch_operator to 2026-08-05 00:00:00+00:00, run_after=2026-08-06 00:00:00+00:00
[2026-08-06T15:50:06.551+0000] {processor.py:208} INFO - Processing /home/airflow/.local/lib/python3.12/site-packages/airflow/example_dags/example_branch_day_of_week_operator.py took 0.191 seconds
[2026-08-06T15:50:39.491+0000] {processor.py:186} INFO - Started process (PID=446) to work on /home/airflow/.local/lib/python3.12/site-packages/airflow/example_dags/example_branch_day_of_week_operator.py
[2026-08-06T15:50:39.494+0000] {processor.py:914} INFO - Processing file /home/airflow/.local/lib/python3.12/site-packages/airflow/example_dags/example_branch_day_of_week_operator.py for tasks to queue
[2026-08-06T15:50:39.500+0000] {logging_mixin.py:190} INFO - [2026-08-06T15:50:39.499+0000] {dagbag.py:588} INFO - Filling up the DagBag from /home/airflow/.local/lib/python3.12/site-packages/airflow/example_dags/example_branch_day_of_week_operator.py
[2026-08-06T15:50:39.516+0000] {processor.py:925} INFO - DAG(s) 'example_weekday_branch_operator' retrieved from /home/airflow/.local/lib/python3.12/site-packages/airflow/example_dags/example_branch_day_of_week_operator.py
[2026-08-06T15:50:39.561+0000] {logging_mixin.py:190} INFO - [2026-08-06T15:50:39.560+0000] {dag.py:3239} INFO - Sync 1 DAGs
[2026-08-06T15:50:39.640+0000] {logging_mixin.py:190} INFO - [2026-08-06T15:50:39.639+0000] {dag.py:4180} INFO - Setting next_dagrun for example_weekday_branch_operator to 2026-08-05 00:00:00+00:00, run_after=2026-08-06 00:00:00+00:00
[2026-08-06T15:50:39.681+0000] {processor.py:208} INFO - Processing /home/airflow/.local/lib/python3.12/site-packages/airflow/example_dags/example_branch_day_of_week_operator.py took 0.198 seconds
[2026-08-06T15:51:11.347+0000] {processor.py:186} INFO - Started process (PID=516) to work on /home/airflow/.local/lib/python3.12/site-packages/airflow/example_dags/example_branch_day_of_week_operator.py
[2026-08-06T15:51:11.349+0000] {processor.py:914} INFO - Processing file /home/airflow/.local/lib/python3.12/site-packages/airflow/example_dags/example_branch_day_of_week_operator.py for tasks to queue
[2026-08-06T15:51:11.354+0000] {logging_mixin.py:190} INFO - [2026-08-06T15:51:11.353+0000] {dagbag.py:588} INFO - Filling up the DagBag from /home/airflow/.local/lib/python3.12/site-packages/airflow/example_dags/example_branch_day_of_week_operator.py
[2026-08-06T15:51:11.370+0000] {processor.py:925} INFO - DAG(s) 'example_weekday_branch_operator' retrieved from /home/airflow/.local/lib/python3.12/site-packages/airflow/example_dags/example_branch_day_of_week_operator.py
[2026-08-06T15:51:11.403+0000] {logging_mixin.py:190} INFO - [2026-08-06T15:51:11.402+0000] {dag.py:3239} INFO - Sync 1 DAGs
[2026-08-06T15:51:11.435+0000] {logging_mixin.py:190} INFO - [2026-08-06T15:51:11.434+0000] {dag.py:4180} INFO - Setting next_dagrun for example_weekday_branch_operator to 2026-08-05 00:00:00+00:00, run_after=2026-08-06 00:00:00+00:00
[2026-08-06T15:51:11.474+0000] {processor.py:208} INFO - Processing /home/airflow/.local/lib/python3.12/site-packages/airflow/example_dags/example_branch_day_of_week_operator.py took 0.138 seconds
[2026-08-06T15:51:42.280+0000] {processor.py:186} INFO - Started process (PID=584) to work on /home/airflow/.local/lib/python3.12/site-packages/airflow/example_dags/example_branch_day_of_week_operator.py
[2026-08-06T15:51:42.282+0000] {processor.py:914} INFO - Processing file /home/airflow/.local/lib/python3.12/site-packages/airflow/example_dags/example_branch_day_of_week_operator.py for tasks to queue
[2026-08-06T15:51:42.286+0000] {logging_mixin.py:190} INFO - [2026-08-06T15:51:42.285+0000] {dagbag.py:588} INFO - Filling up the DagBag from /home/airflow/.local/lib/python3.12/site-packages/airflow/example_dags/example_branch_day_of_week_operator.py
[2026-08-06T15:51:42.304+0000] {processor.py:925} INFO - DAG(s) 'example_weekday_branch_operator' retrieved from /home/airflow/.local/lib/python3.12/site-packages/airflow/example_dags/example_branch_day_of_week_operator.py
[2026-08-06T15:51:42.346+0000] {logging_mixin.py:190} INFO - [2026-08-06T15:51:42.346+0000] {dag.py:3239} INFO - Sync 1 DAGs
[2026-08-06T15:51:42.390+0000] {logging_mixin.py:190} INFO - [2026-08-06T15:51:42.389+0000] {dag.py:4180} INFO - Setting next_dagrun for example_weekday_branch_operator to 2026-08-05 00:00:00+00:00, run_after=2026-08-06 00:00:00+00:00
[2026-08-06T15:51:42.440+0000] {processor.py:208} INFO - Processing /home/airflow/.local/lib/python3.12/site-packages/airflow/example_dags/example_branch_day_of_week_operator.py took 0.170 seconds
[2026-08-06T15:52:14.853+0000] {processor.py:186} INFO - Started process (PID=675) to work on /home/airflow/.local/lib/python3.12/site-packages/airflow/example_dags/example_branch_day_of_week_operator.py
[2026-08-06T15:52:14.855+0000] {processor.py:914} INFO - Processing file /home/airflow/.local/lib/python3.12/site-packages/airflow/example_dags/example_branch_day_of_week_operator.py for tasks to queue
[2026-08-06T15:52:14.867+0000] {logging_mixin.py:190} INFO - [2026-08-06T15:52:14.865+0000] {dagbag.py:588} INFO - Filling up the DagBag from /home/airflow/.local/lib/python3.12/site-packages/airflow/example_dags/example_branch_day_of_week_operator.py
[2026-08-06T15:52:14.906+0000] {processor.py:925} INFO - DAG(s) 'example_weekday_branch_operator' retrieved from /home/airflow/.local/lib/python3.12/site-packages/airflow/example_dags/example_branch_day_of_week_operator.py
[2026-08-06T15:52:14.987+0000] {logging_mixin.py:190} INFO - [2026-08-06T15:52:14.986+0000] {dag.py:3239} INFO - Sync 1 DAGs
[2026-08-06T15:52:15.055+0000] {logging_mixin.py:190} INFO - [2026-08-06T15:52:15.055+0000] {dag.py:4180} INFO - Setting next_dagrun for example_weekday_branch_operator to 2026-08-05 00:00:00+00:00, run_after=2026-08-06 00:00:00+00:00
[2026-08-06T15:52:15.090+0000] {processor.py:208} INFO - Processing /home/airflow/.local/lib/python3.12/site-packages/airflow/example_dags/example_branch_day_of_week_operator.py took 0.259 seconds
[2026-08-06T15:54:36.095+0000] {processor.py:186} INFO - Started process (PID=94) to work on /home/airflow/.local/lib/python3.12/site-packages/airflow/example_dags/example_branch_day_of_week_operator.py
[2026-08-06T15:54:36.098+0000] {processor.py:914} INFO - Processing file /home/airflow/.local/lib/python3.12/site-packages/airflow/example_dags/example_branch_day_of_week_operator.py for tasks to queue
[2026-08-06T15:54:36.107+0000] {logging_mixin.py:190} INFO - [2026-08-06T15:54:36.106+0000] {dagbag.py:588} INFO - Filling up the DagBag from /home/airflow/.local/lib/python3.12/site-packages/airflow/example_dags/example_branch_day_of_week_operator.py
[2026-08-06T15:54:36.133+0000] {processor.py:925} INFO - DAG(s) 'example_weekday_branch_operator' retrieved from /home/airflow/.local/lib/python3.12/site-packages/airflow/example_dags/example_branch_day_of_week_operator.py
[2026-08-06T15:54:36.200+0000] {logging_mixin.py:190} INFO - [2026-08-06T15:54:36.199+0000] {dag.py:3239} INFO - Sync 1 DAGs
[2026-08-06T15:54:36.258+0000] {logging_mixin.py:190} INFO - [2026-08-06T15:54:36.258+0000] {dag.py:4180} INFO - Setting next_dagrun for example_weekday_branch_operator to 2026-08-05 00:00:00+00:00, run_after=2026-08-06 00:00:00+00:00
[2026-08-06T15:54:36.307+0000] {processor.py:208} INFO - Processing /home/airflow/.local/lib/python3.12/site-packages/airflow/example_dags/example_branch_day_of_week_operator.py took 0.225 seconds
[2026-08-06T15:55:08.045+0000] {processor.py:186} INFO - Started process (PID=158) to work on /home/airflow/.local/lib/python3.12/site-packages/airflow/example_dags/example_branch_day_of_week_operator.py
[2026-08-06T15:55:08.047+0000] {processor.py:914} INFO - Processing file /home/airflow/.local/lib/python3.12/site-packages/airflow/example_dags/example_branch_day_of_week_operator.py for tasks to queue
[2026-08-06T15:55:08.054+0000] {logging_mixin.py:190} INFO - [2026-08-06T15:55:08.053+0000] {dagbag.py:588} INFO - Filling up the DagBag from /home/airflow/.local/lib/python3.12/site-packages/airflow/example_dags/example_branch_day_of_week_operator.py
[2026-08-06T15:55:08.077+0000] {processor.py:925} INFO - DAG(s) 'example_weekday_branch_operator' retrieved from /home/airflow/.local/lib/python3.12/site-packages/airflow/example_dags/example_branch_day_of_week_operator.py
[2026-08-06T15:55:08.121+0000] {logging_mixin.py:190} INFO - [2026-08-06T15:55:08.121+0000] {dag.py:3239} INFO - Sync 1 DAGs
[2026-08-06T15:55:08.181+0000] {logging_mixin.py:190} INFO - [2026-08-06T15:55:08.181+0000] {dag.py:4180} INFO - Setting next_dagrun for example_weekday_branch_operator to 2026-08-05 00:00:00+00:00, run_after=2026-08-06 00:00:00+00:00
[2026-08-06T15:55:08.226+0000] {processor.py:208} INFO - Processing /home/airflow/.local/lib/python3.12/site-packages/airflow/example_dags/example_branch_day_of_week_operator.py took 0.193 seconds
[2026-08-06T15:55:40.070+0000] {processor.py:186} INFO - Started process (PID=222) to work on /home/airflow/.local/lib/python3.12/site-packages/airflow/example_dags/example_branch_day_of_week_operator.py
[2026-08-06T15:55:40.072+0000] {processor.py:914} INFO - Processing file /home/airflow/.local/lib/python3.12/site-packages/airflow/example_dags/example_branch_day_of_week_operator.py for tasks to queue
[2026-08-06T15:55:40.077+0000] {logging_mixin.py:190} INFO - [2026-08-06T15:55:40.077+0000] {dagbag.py:588} INFO - Filling up the DagBag from /home/airflow/.local/lib/python3.12/site-packages/airflow/example_dags/example_branch_day_of_week_operator.py
[2026-08-06T15:55:40.110+0000] {processor.py:925} INFO - DAG(s) 'example_weekday_branch_operator' retrieved from /home/airflow/.local/lib/python3.12/site-packages/airflow/example_dags/example_branch_day_of_week_operator.py
[2026-08-06T15:55:40.162+0000] {logging_mixin.py:190} INFO - [2026-08-06T15:55:40.162+0000] {dag.py:3239} INFO - Sync 1 DAGs
[2026-08-06T15:55:40.209+0000] {logging_mixin.py:190} INFO - [2026-08-06T15:55:40.209+0000] {dag.py:4180} INFO - Setting next_dagrun for example_weekday_branch_operator to 2026-08-05 00:00:00+00:00, run_after=2026-08-06 00:00:00+00:00
[2026-08-06T15:55:40.265+0000] {processor.py:208} INFO - Processing /home/airflow/.local/lib/python3.12/site-packages/airflow/example_dags/example_branch_day_of_week_operator.py took 0.207 seconds
[2026-08-06T15:56:12.491+0000] {processor.py:186} INFO - Started process (PID=286) to work on /home/airflow/.local/lib/python3.12/site-packages/airflow/example_dags/example_branch_day_of_week_operator.py
[2026-08-06T15:56:12.495+0000] {processor.py:914} INFO - Processing file /home/airflow/.local/lib/python3.12/site-packages/airflow/example_dags/example_branch_day_of_week_operator.py for tasks to queue
[2026-08-06T15:56:12.503+0000] {logging_mixin.py:190} INFO - [2026-08-06T15:56:12.502+0000] {dagbag.py:588} INFO - Filling up the DagBag from /home/airflow/.local/lib/python3.12/site-packages/airflow/example_dags/example_branch_day_of_week_operator.py
[2026-08-06T15:56:12.523+0000] {processor.py:925} INFO - DAG(s) 'example_weekday_branch_operator' retrieved from /home/airflow/.local/lib/python3.12/site-packages/airflow/example_dags/example_branch_day_of_week_operator.py
[2026-08-06T15:56:12.569+0000] {logging_mixin.py:190} INFO - [2026-08-06T15:56:12.569+0000] {dag.py:3239} INFO - Sync 1 DAGs
[2026-08-06T15:56:12.630+0000] {logging_mixin.py:190} INFO - [2026-08-06T15:56:12.630+0000] {dag.py:4180} INFO - Setting next_dagrun for example_weekday_branch_operator to 2026-08-05 00:00:00+00:00, run_after=2026-08-06 00:00:00+00:00
[2026-08-06T15:56:12.684+0000] {processor.py:208} INFO - Processing /home/airflow/.local/lib/python3.12/site-packages/airflow/example_dags/example_branch_day_of_week_operator.py took 0.210 seconds
[2026-08-06T15:56:44.087+0000] {processor.py:186} INFO - Started process (PID=350) to work on /home/airflow/.local/lib/python3.12/site-packages/airflow/example_dags/example_branch_day_of_week_operator.py
[2026-08-06T15:56:44.090+0000] {processor.py:914} INFO - Processing file /home/airflow/.local/lib/python3.12/site-packages/airflow/example_dags/example_branch_day_of_week_operator.py for tasks to queue
[2026-08-06T15:56:44.099+0000] {logging_mixin.py:190} INFO - [2026-08-06T15:56:44.098+0000] {dagbag.py:588} INFO - Filling up the DagBag from /home/airflow/.local/lib/python3.12/site-packages/airflow/example_dags/example_branch_day_of_week_operator.py
[2026-08-06T15:56:44.142+0000] {processor.py:925} INFO - DAG(s) 'example_weekday_branch_operator' retrieved from /home/airflow/.local/lib/python3.12/site-packages/airflow/example_dags/example_branch_day_of_week_operator.py
[2026-08-06T15:56:44.235+0000] {logging_mixin.py:190} INFO - [2026-08-06T15:56:44.234+0000] {dag.py:3239} INFO - Sync 1 DAGs
[2026-08-06T15:56:44.314+0000] {logging_mixin.py:190} INFO - [2026-08-06T15:56:44.313+0000] {dag.py:4180} INFO - Setting next_dagrun for example_weekday_branch_operator to 2026-08-05 00:00:00+00:00, run_after=2026-08-06 00:00:00+00:00
[2026-08-06T15:56:44.416+0000] {processor.py:208} INFO - Processing /home/airflow/.local/lib/python3.12/site-packages/airflow/example_dags/example_branch_day_of_week_operator.py took 0.344 seconds
[2026-08-06T15:57:15.133+0000] {processor.py:186} INFO - Started process (PID=420) to work on /home/airflow/.local/lib/python3.12/site-packages/airflow/example_dags/example_branch_day_of_week_operator.py
[2026-08-06T15:57:15.137+0000] {processor.py:914} INFO - Processing file /home/airflow/.local/lib/python3.12/site-packages/airflow/example_dags/example_branch_day_of_week_operator.py for tasks to queue
[2026-08-06T15:57:15.147+0000] {logging_mixin.py:190} INFO - [2026-08-06T15:57:15.146+0000] {dagbag.py:588} INFO - Filling up the DagBag from /home/airflow/.local/lib/python3.12/site-packages/airflow/example_dags/example_branch_day_of_week_operator.py
[2026-08-06T15:57:15.176+0000] {processor.py:925} INFO - DAG(s) 'example_weekday_branch_operator' retrieved from /home/airflow/.local/lib/python3.12/site-packages/airflow/example_dags/example_branch_day_of_week_operator.py
[2026-08-06T15:57:15.238+0000] {logging_mixin.py:190} INFO - [2026-08-06T15:57:15.238+0000] {dag.py:3239} INFO - Sync 1 DAGs
[2026-08-06T15:57:15.300+0000] {logging_mixin.py:190} INFO - [2026-08-06T15:57:15.299+0000] {dag.py:4180} INFO - Setting next_dagrun for example_weekday_branch_operator to 2026-08-05 00:00:00+00:00, run_after=2026-08-06 00:00:00+00:00
[2026-08-06T15:57:15.377+0000] {processor.py:208} INFO - Processing /home/airflow/.local/lib/python3.12/site-packages/airflow/example_dags/example_branch_day_of_week_operator.py took 0.267 seconds
[2026-08-06T15:57:45.787+0000] {processor.py:186} INFO - Started process (PID=483) to work on /home/airflow/.local/lib/python3.12/site-packages/airflow/example_dags/example_branch_day_of_week_operator.py
[2026-08-06T15:57:45.789+0000] {processor.py:914} INFO - Processing file /home/airflow/.local/lib/python3.12/site-packages/airflow/example_dags/example_branch_day_of_week_operator.py for tasks to queue
[2026-08-06T15:57:45.797+0000] {logging_mixin.py:190} INFO - [2026-08-06T15:57:45.796+0000] {dagbag.py:588} INFO - Filling up the DagBag from /home/airflow/.local/lib/python3.12/site-packages/airflow/example_dags/example_branch_day_of_week_operator.py
[2026-08-06T15:57:45.823+0000] {processor.py:925} INFO - DAG(s) 'example_weekday_branch_operator' retrieved from /home/airflow/.local/lib/python3.12/site-packages/airflow/example_dags/example_branch_day_of_week_operator.py
[2026-08-06T15:57:45.880+0000] {logging_mixin.py:190} INFO - [2026-08-06T15:57:45.880+0000] {dag.py:3239} INFO - Sync 1 DAGs
[2026-08-06T15:57:45.940+0000] {logging_mixin.py:190} INFO - [2026-08-06T15:57:45.940+0000] {dag.py:4180} INFO - Setting next_dagrun for example_weekday_branch_operator to 2026-08-05 00:00:00+00:00, run_after=2026-08-06 00:00:00+00:00
[2026-08-06T15:57:45.991+0000] {processor.py:208} INFO - Processing /home/airflow/.local/lib/python3.12/site-packages/airflow/example_dags/example_branch_day_of_week_operator.py took 0.218 seconds
[2026-08-06T15:58:16.652+0000] {processor.py:186} INFO - Started process (PID=547) to work on /home/airflow/.local/lib/python3.12/site-packages/airflow/example_dags/example_branch_day_of_week_operator.py
[2026-08-06T15:58:16.655+0000] {processor.py:914} INFO - Processing file /home/airflow/.local/lib/python3.12/site-packages/airflow/example_dags/example_branch_day_of_week_operator.py for tasks to queue
[2026-08-06T15:58:16.662+0000] {logging_mixin.py:190} INFO - [2026-08-06T15:58:16.661+0000] {dagbag.py:588} INFO - Filling up the DagBag from /home/airflow/.local/lib/python3.12/site-packages/airflow/example_dags/example_branch_day_of_week_operator.py
[2026-08-06T15:58:16.688+0000] {processor.py:925} INFO - DAG(s) 'example_weekday_branch_operator' retrieved from /home/airflow/.local/lib/python3.12/site-packages/airflow/example_dags/example_branch_day_of_week_operator.py
[2026-08-06T15:58:16.745+0000] {logging_mixin.py:190} INFO - [2026-08-06T15:58:16.744+0000] {dag.py:3239} INFO - Sync 1 DAGs
[2026-08-06T15:58:16.816+0000] {logging_mixin.py:190} INFO - [2026-08-06T15:58:16.816+0000] {dag.py:4180} INFO - Setting next_dagrun for example_weekday_branch_operator to 2026-08-05 00:00:00+00:00, run_after=2026-08-06 00:00:00+00:00
[2026-08-06T15:58:16.862+0000] {processor.py:208} INFO - Processing /home/airflow/.local/lib/python3.12/site-packages/airflow/example_dags/example_branch_day_of_week_operator.py took 0.220 seconds
[2026-08-06T15:58:47.098+0000] {processor.py:186} INFO - Started process (PID=610) to work on /home/airflow/.local/lib/python3.12/site-packages/airflow/example_dags/example_branch_day_of_week_operator.py
[2026-08-06T15:58:47.100+0000] {processor.py:914} INFO - Processing file /home/airflow/.local/lib/python3.12/site-packages/airflow/example_dags/example_branch_day_of_week_operator.py for tasks to queue
[2026-08-06T15:58:47.104+0000] {logging_mixin.py:190} INFO - [2026-08-06T15:58:47.103+0000] {dagbag.py:588} INFO - Filling up the DagBag from /home/airflow/.local/lib/python3.12/site-packages/airflow/example_dags/example_branch_day_of_week_operator.py
[2026-08-06T15:58:47.119+0000] {processor.py:925} INFO - DAG(s) 'example_weekday_branch_operator' retrieved from /home/airflow/.local/lib/python3.12/site-packages/airflow/example_dags/example_branch_day_of_week_operator.py
[2026-08-06T15:58:47.150+0000] {logging_mixin.py:190} INFO - [2026-08-06T15:58:47.149+0000] {dag.py:3239} INFO - Sync 1 DAGs
[2026-08-06T15:58:47.190+0000] {logging_mixin.py:190} INFO - [2026-08-06T15:58:47.190+0000] {dag.py:4180} INFO - Setting next_dagrun for example_weekday_branch_operator to 2026-08-05 00:00:00+00:00, run_after=2026-08-06 00:00:00+00:00
[2026-08-06T15:58:47.250+0000] {processor.py:208} INFO - Processing /home/airflow/.local/lib/python3.12/site-packages/airflow/example_dags/example_branch_day_of_week_operator.py took 0.165 seconds
[2026-08-06T15:59:17.733+0000] {processor.py:186} INFO - Started process (PID=673) to work on /home/airflow/.local/lib/python3.12/site-packages/airflow/example_dags/example_branch_day_of_week_operator.py
[2026-08-06T15:59:17.736+0000] {processor.py:914} INFO - Processing file /home/airflow/.local/lib/python3.12/site-packages/airflow/example_dags/example_branch_day_of_week_operator.py for tasks to queue
[2026-08-06T15:59:17.742+0000] {logging_mixin.py:190} INFO - [2026-08-06T15:59:17.741+0000] {dagbag.py:588} INFO - Filling up the DagBag from /home/airflow/.local/lib/python3.12/site-packages/airflow/example_dags/example_branch_day_of_week_operator.py
[2026-08-06T15:59:17.767+0000] {processor.py:925} INFO - DAG(s) 'example_weekday_branch_operator' retrieved from /home/airflow/.local/lib/python3.12/site-packages/airflow/example_dags/example_branch_day_of_week_operator.py
[2026-08-06T15:59:17.810+0000] {logging_mixin.py:190} INFO - [2026-08-06T15:59:17.810+0000] {dag.py:3239} INFO - Sync 1 DAGs
[2026-08-06T15:59:17.862+0000] {logging_mixin.py:190} INFO - [2026-08-06T15:59:17.862+0000] {dag.py:4180} INFO - Setting next_dagrun for example_weekday_branch_operator to 2026-08-05 00:00:00+00:00, run_after=2026-08-06 00:00:00+00:00
[2026-08-06T15:59:17.942+0000] {processor.py:208} INFO - Processing /home/airflow/.local/lib/python3.12/site-packages/airflow/example_dags/example_branch_day_of_week_operator.py took 0.221 seconds
[2026-08-06T15:59:48.391+0000] {processor.py:186} INFO - Started process (PID=737) to work on /home/airflow/.local/lib/python3.12/site-packages/airflow/example_dags/example_branch_day_of_week_operator.py
[2026-08-06T15:59:48.393+0000] {processor.py:914} INFO - Processing file /home/airflow/.local/lib/python3.12/site-packages/airflow/example_dags/example_branch_day_of_week_operator.py for tasks to queue
[2026-08-06T15:59:48.398+0000] {logging_mixin.py:190} INFO - [2026-08-06T15:59:48.397+0000] {dagbag.py:588} INFO - Filling up the DagBag from /home/airflow/.local/lib/python3.12/site-packages/airflow/example_dags/example_branch_day_of_week_operator.py
[2026-08-06T15:59:48.424+0000] {processor.py:925} INFO - DAG(s) 'example_weekday_branch_operator' retrieved from /home/airflow/.local/lib/python3.12/site-packages/airflow/example_dags/example_branch_day_of_week_operator.py
[2026-08-06T15:59:48.475+0000] {logging_mixin.py:190} INFO - [2026-08-06T15:59:48.474+0000] {dag.py:3239} INFO - Sync 1 DAGs
[2026-08-06T15:59:48.527+0000] {logging_mixin.py:190} INFO - [2026-08-06T15:59:48.526+0000] {dag.py:4180} INFO - Setting next_dagrun for example_weekday_branch_operator to 2026-08-05 00:00:00+00:00, run_after=2026-08-06 00:00:00+00:00
[2026-08-06T15:59:48.568+0000] {processor.py:208} INFO - Processing /home/airflow/.local/lib/python3.12/site-packages/airflow/example_dags/example_branch_day_of_week_operator.py took 0.191 seconds
[2026-08-06T16:00:19.373+0000] {processor.py:186} INFO - Started process (PID=801) to work on /home/airflow/.local/lib/python3.12/site-packages/airflow/example_dags/example_branch_day_of_week_operator.py
[2026-08-06T16:00:19.375+0000] {processor.py:914} INFO - Processing file /home/airflow/.local/lib/python3.12/site-packages/airflow/example_dags/example_branch_day_of_week_operator.py for tasks to queue
[2026-08-06T16:00:19.381+0000] {logging_mixin.py:190} INFO - [2026-08-06T16:00:19.381+0000] {dagbag.py:588} INFO - Filling up the DagBag from /home/airflow/.local/lib/python3.12/site-packages/airflow/example_dags/example_branch_day_of_week_operator.py
[2026-08-06T16:00:19.404+0000] {processor.py:925} INFO - DAG(s) 'example_weekday_branch_operator' retrieved from /home/airflow/.local/lib/python3.12/site-packages/airflow/example_dags/example_branch_day_of_week_operator.py
[2026-08-06T16:00:19.455+0000] {logging_mixin.py:190} INFO - [2026-08-06T16:00:19.454+0000] {dag.py:3239} INFO - Sync 1 DAGs
[2026-08-06T16:00:19.568+0000] {logging_mixin.py:190} INFO - [2026-08-06T16:00:19.568+0000] {dag.py:4180} INFO - Setting next_dagrun for example_weekday_branch_operator to 2026-08-05 00:00:00+00:00, run_after=2026-08-06 00:00:00+00:00
[2026-08-06T16:00:19.629+0000] {processor.py:208} INFO - Processing /home/airflow/.local/lib/python3.12/site-packages/airflow/example_dags/example_branch_day_of_week_operator.py took 0.268 seconds
[2026-08-06T16:00:50.268+0000] {processor.py:186} INFO - Started process (PID=865) to work on /home/airflow/.local/lib/python3.12/site-packages/airflow/example_dags/example_branch_day_of_week_operator.py
[2026-08-06T16:00:50.271+0000] {processor.py:914} INFO - Processing file /home/airflow/.local/lib/python3.12/site-packages/airflow/example_dags/example_branch_day_of_week_operator.py for tasks to queue
[2026-08-06T16:00:50.274+0000] {logging_mixin.py:190} INFO - [2026-08-06T16:00:50.274+0000] {dagbag.py:588} INFO - Filling up the DagBag from /home/airflow/.local/lib/python3.12/site-packages/airflow/example_dags/example_branch_day_of_week_operator.py
[2026-08-06T16:00:50.295+0000] {processor.py:925} INFO - DAG(s) 'example_weekday_branch_operator' retrieved from /home/airflow/.local/lib/python3.12/site-packages/airflow/example_dags/example_branch_day_of_week_operator.py
[2026-08-06T16:00:50.335+0000] {logging_mixin.py:190} INFO - [2026-08-06T16:00:50.335+0000] {dag.py:3239} INFO - Sync 1 DAGs
[2026-08-06T16:00:50.378+0000] {logging_mixin.py:190} INFO - [2026-08-06T16:00:50.378+0000] {dag.py:4180} INFO - Setting next_dagrun for example_weekday_branch_operator to 2026-08-05 00:00:00+00:00, run_after=2026-08-06 00:00:00+00:00
[2026-08-06T16:00:50.406+0000] {processor.py:208} INFO - Processing /home/airflow/.local/lib/python3.12/site-packages/airflow/example_dags/example_branch_day_of_week_operator.py took 0.148 seconds
[2026-08-06T16:03:16.837+0000] {processor.py:186} INFO - Started process (PID=92) to work on /home/airflow/.local/lib/python3.12/site-packages/airflow/example_dags/example_branch_day_of_week_operator.py
[2026-08-06T16:03:16.840+0000] {processor.py:914} INFO - Processing file /home/airflow/.local/lib/python3.12/site-packages/airflow/example_dags/example_branch_day_of_week_operator.py for tasks to queue
[2026-08-06T16:03:16.848+0000] {logging_mixin.py:190} INFO - [2026-08-06T16:03:16.847+0000] {dagbag.py:588} INFO - Filling up the DagBag from /home/airflow/.local/lib/python3.12/site-packages/airflow/example_dags/example_branch_day_of_week_operator.py
[2026-08-06T16:03:16.874+0000] {processor.py:925} INFO - DAG(s) 'example_weekday_branch_operator' retrieved from /home/airflow/.local/lib/python3.12/site-packages/airflow/example_dags/example_branch_day_of_week_operator.py
[2026-08-06T16:03:16.923+0000] {logging_mixin.py:190} INFO - [2026-08-06T16:03:16.923+0000] {dag.py:3239} INFO - Sync 1 DAGs
[2026-08-06T16:03:16.983+0000] {logging_mixin.py:190} INFO - [2026-08-06T16:03:16.982+0000] {dag.py:4180} INFO - Setting next_dagrun for example_weekday_branch_operator to 2026-08-05 00:00:00+00:00, run_after=2026-08-06 00:00:00+00:00
[2026-08-06T16:03:17.035+0000] {processor.py:208} INFO - Processing /home/airflow/.local/lib/python3.12/site-packages/airflow/example_dags/example_branch_day_of_week_operator.py took 0.216 seconds
[2026-08-06T16:03:49.184+0000] {processor.py:186} INFO - Started process (PID=156) to work on /home/airflow/.local/lib/python3.12/site-packages/airflow/example_dags/example_branch_day_of_week_operator.py
[2026-08-06T16:03:49.187+0000] {processor.py:914} INFO - Processing file /home/airflow/.local/lib/python3.12/site-packages/airflow/example_dags/example_branch_day_of_week_operator.py for tasks to queue
[2026-08-06T16:03:49.192+0000] {logging_mixin.py:190} INFO - [2026-08-06T16:03:49.191+0000] {dagbag.py:588} INFO - Filling up the DagBag from /home/airflow/.local/lib/python3.12/site-packages/airflow/example_dags/example_branch_day_of_week_operator.py
[2026-08-06T16:03:49.246+0000] {processor.py:925} INFO - DAG(s) 'example_weekday_branch_operator' retrieved from /home/airflow/.local/lib/python3.12/site-packages/airflow/example_dags/example_branch_day_of_week_operator.py
[2026-08-06T16:03:49.318+0000] {logging_mixin.py:190} INFO - [2026-08-06T16:03:49.316+0000] {dag.py:3239} INFO - Sync 1 DAGs
[2026-08-06T16:03:49.411+0000] {logging_mixin.py:190} INFO - [2026-08-06T16:03:49.406+0000] {dag.py:4180} INFO - Setting next_dagrun for example_weekday_branch_operator to 2026-08-05 00:00:00+00:00, run_after=2026-08-06 00:00:00+00:00
[2026-08-06T16:03:49.475+0000] {processor.py:208} INFO - Processing /home/airflow/.local/lib/python3.12/site-packages/airflow/example_dags/example_branch_day_of_week_operator.py took 0.310 seconds
[2026-08-06T16:04:23.904+0000] {processor.py:186} INFO - Started process (PID=227) to work on /home/airflow/.local/lib/python3.12/site-packages/airflow/example_dags/example_branch_day_of_week_operator.py
[2026-08-06T16:04:23.912+0000] {processor.py:914} INFO - Processing file /home/airflow/.local/lib/python3.12/site-packages/airflow/example_dags/example_branch_day_of_week_operator.py for tasks to queue
[2026-08-06T16:04:23.937+0000] {logging_mixin.py:190} INFO - [2026-08-06T16:04:23.931+0000] {dagbag.py:588} INFO - Filling up the DagBag from /home/airflow/.local/lib/python3.12/site-packages/airflow/example_dags/example_branch_day_of_week_operator.py
[2026-08-06T16:04:24.006+0000] {processor.py:925} INFO - DAG(s) 'example_weekday_branch_operator' retrieved from /home/airflow/.local/lib/python3.12/site-packages/airflow/example_dags/example_branch_day_of_week_operator.py
[2026-08-06T16:04:24.115+0000] {logging_mixin.py:190} INFO - [2026-08-06T16:04:24.112+0000] {dag.py:3239} INFO - Sync 1 DAGs
[2026-08-06T16:04:24.253+0000] {logging_mixin.py:190} INFO - [2026-08-06T16:04:24.252+0000] {dag.py:4180} INFO - Setting next_dagrun for example_weekday_branch_operator to 2026-08-05 00:00:00+00:00, run_after=2026-08-06 00:00:00+00:00
[2026-08-06T16:04:24.349+0000] {processor.py:208} INFO - Processing /home/airflow/.local/lib/python3.12/site-packages/airflow/example_dags/example_branch_day_of_week_operator.py took 0.499 seconds
[2026-08-06T16:04:56.782+0000] {processor.py:186} INFO - Started process (PID=291) to work on /home/airflow/.local/lib/python3.12/site-packages/airflow/example_dags/example_branch_day_of_week_operator.py
[2026-08-06T16:04:56.786+0000] {processor.py:914} INFO - Processing file /home/airflow/.local/lib/python3.12/site-packages/airflow/example_dags/example_branch_day_of_week_operator.py for tasks to queue
[2026-08-06T16:04:56.798+0000] {logging_mixin.py:190} INFO - [2026-08-06T16:04:56.797+0000] {dagbag.py:588} INFO - Filling up the DagBag from /home/airflow/.local/lib/python3.12/site-packages/airflow/example_dags/example_branch_day_of_week_operator.py
[2026-08-06T16:04:56.839+0000] {processor.py:925} INFO - DAG(s) 'example_weekday_branch_operator' retrieved from /home/airflow/.local/lib/python3.12/site-packages/airflow/example_dags/example_branch_day_of_week_operator.py
[2026-08-06T16:04:56.947+0000] {logging_mixin.py:190} INFO - [2026-08-06T16:04:56.946+0000] {dag.py:3239} INFO - Sync 1 DAGs
[2026-08-06T16:04:57.048+0000] {logging_mixin.py:190} INFO - [2026-08-06T16:04:57.047+0000] {dag.py:4180} INFO - Setting next_dagrun for example_weekday_branch_operator to 2026-08-05 00:00:00+00:00, run_after=2026-08-06 00:00:00+00:00
[2026-08-06T16:04:57.140+0000] {processor.py:208} INFO - Processing /home/airflow/.local/lib/python3.12/site-packages/airflow/example_dags/example_branch_day_of_week_operator.py took 0.383 seconds
[2026-08-06T16:05:29.834+0000] {processor.py:186} INFO - Started process (PID=355) to work on /home/airflow/.local/lib/python3.12/site-packages/airflow/example_dags/example_branch_day_of_week_operator.py
[2026-08-06T16:05:29.838+0000] {processor.py:914} INFO - Processing file /home/airflow/.local/lib/python3.12/site-packages/airflow/example_dags/example_branch_day_of_week_operator.py for tasks to queue
[2026-08-06T16:05:29.847+0000] {logging_mixin.py:190} INFO - [2026-08-06T16:05:29.846+0000] {dagbag.py:588} INFO - Filling up the DagBag from /home/airflow/.local/lib/python3.12/site-packages/airflow/example_dags/example_branch_day_of_week_operator.py
[2026-08-06T16:05:29.898+0000] {processor.py:925} INFO - DAG(s) 'example_weekday_branch_operator' retrieved from /home/airflow/.local/lib/python3.12/site-packages/airflow/example_dags/example_branch_day_of_week_operator.py
[2026-08-06T16:05:30.040+0000] {logging_mixin.py:190} INFO - [2026-08-06T16:05:30.036+0000] {dag.py:3239} INFO - Sync 1 DAGs
[2026-08-06T16:05:30.151+0000] {logging_mixin.py:190} INFO - [2026-08-06T16:05:30.150+0000] {dag.py:4180} INFO - Setting next_dagrun for example_weekday_branch_operator to 2026-08-05 00:00:00+00:00, run_after=2026-08-06 00:00:00+00:00
[2026-08-06T16:05:30.264+0000] {processor.py:208} INFO - Processing /home/airflow/.local/lib/python3.12/site-packages/airflow/example_dags/example_branch_day_of_week_operator.py took 0.465 seconds
[2026-08-06T16:06:00.763+0000] {processor.py:186} INFO - Started process (PID=418) to work on /home/airflow/.local/lib/python3.12/site-packages/airflow/example_dags/example_branch_day_of_week_operator.py
[2026-08-06T16:06:00.766+0000] {processor.py:914} INFO - Processing file /home/airflow/.local/lib/python3.12/site-packages/airflow/example_dags/example_branch_day_of_week_operator.py for tasks to queue
[2026-08-06T16:06:00.776+0000] {logging_mixin.py:190} INFO - [2026-08-06T16:06:00.775+0000] {dagbag.py:588} INFO - Filling up the DagBag from /home/airflow/.local/lib/python3.12/site-packages/airflow/example_dags/example_branch_day_of_week_operator.py
[2026-08-06T16:06:00.806+0000] {processor.py:925} INFO - DAG(s) 'example_weekday_branch_operator' retrieved from /home/airflow/.local/lib/python3.12/site-packages/airflow/example_dags/example_branch_day_of_week_operator.py
[2026-08-06T16:06:00.868+0000] {logging_mixin.py:190} INFO - [2026-08-06T16:06:00.867+0000] {dag.py:3239} INFO - Sync 1 DAGs
[2026-08-06T16:06:00.958+0000] {logging_mixin.py:190} INFO - [2026-08-06T16:06:00.957+0000] {dag.py:4180} INFO - Setting next_dagrun for example_weekday_branch_operator to 2026-08-05 00:00:00+00:00, run_after=2026-08-06 00:00:00+00:00
[2026-08-06T16:06:01.045+0000] {processor.py:208} INFO - Processing /home/airflow/.local/lib/python3.12/site-packages/airflow/example_dags/example_branch_day_of_week_operator.py took 0.306 seconds
[2026-08-06T16:06:31.754+0000] {processor.py:186} INFO - Started process (PID=482) to work on /home/airflow/.local/lib/python3.12/site-packages/airflow/example_dags/example_branch_day_of_week_operator.py
[2026-08-06T16:06:31.786+0000] {processor.py:914} INFO - Processing file /home/airflow/.local/lib/python3.12/site-packages/airflow/example_dags/example_branch_day_of_week_operator.py for tasks to queue
[2026-08-06T16:06:31.844+0000] {logging_mixin.py:190} INFO - [2026-08-06T16:06:31.831+0000] {dagbag.py:588} INFO - Filling up the DagBag from /home/airflow/.local/lib/python3.12/site-packages/airflow/example_dags/example_branch_day_of_week_operator.py
[2026-08-06T16:06:32.031+0000] {processor.py:925} INFO - DAG(s) 'example_weekday_branch_operator' retrieved from /home/airflow/.local/lib/python3.12/site-packages/airflow/example_dags/example_branch_day_of_week_operator.py
[2026-08-06T16:06:32.248+0000] {logging_mixin.py:190} INFO - [2026-08-06T16:06:32.248+0000] {dag.py:3239} INFO - Sync 1 DAGs
[2026-08-06T16:06:32.651+0000] {logging_mixin.py:190} INFO - [2026-08-06T16:06:32.647+0000] {dag.py:4180} INFO - Setting next_dagrun for example_weekday_branch_operator to 2026-08-05 00:00:00+00:00, run_after=2026-08-06 00:00:00+00:00
[2026-08-06T16:06:32.784+0000] {processor.py:208} INFO - Processing /home/airflow/.local/lib/python3.12/site-packages/airflow/example_dags/example_branch_day_of_week_operator.py took 1.081 seconds
[2026-08-06T16:07:02.995+0000] {processor.py:186} INFO - Started process (PID=545) to work on /home/airflow/.local/lib/python3.12/site-packages/airflow/example_dags/example_branch_day_of_week_operator.py
[2026-08-06T16:07:02.997+0000] {processor.py:914} INFO - Processing file /home/airflow/.local/lib/python3.12/site-packages/airflow/example_dags/example_branch_day_of_week_operator.py for tasks to queue
[2026-08-06T16:07:03.005+0000] {logging_mixin.py:190} INFO - [2026-08-06T16:07:03.004+0000] {dagbag.py:588} INFO - Filling up the DagBag from /home/airflow/.local/lib/python3.12/site-packages/airflow/example_dags/example_branch_day_of_week_operator.py
[2026-08-06T16:07:03.030+0000] {processor.py:925} INFO - DAG(s) 'example_weekday_branch_operator' retrieved from /home/airflow/.local/lib/python3.12/site-packages/airflow/example_dags/example_branch_day_of_week_operator.py
[2026-08-06T16:07:03.126+0000] {logging_mixin.py:190} INFO - [2026-08-06T16:07:03.125+0000] {dag.py:3239} INFO - Sync 1 DAGs
[2026-08-06T16:07:03.252+0000] {logging_mixin.py:190} INFO - [2026-08-06T16:07:03.251+0000] {dag.py:4180} INFO - Setting next_dagrun for example_weekday_branch_operator to 2026-08-05 00:00:00+00:00, run_after=2026-08-06 00:00:00+00:00
[2026-08-06T16:07:03.317+0000] {processor.py:208} INFO - Processing /home/airflow/.local/lib/python3.12/site-packages/airflow/example_dags/example_branch_day_of_week_operator.py took 0.337 seconds
[2026-08-06T16:07:33.519+0000] {processor.py:186} INFO - Started process (PID=609) to work on /home/airflow/.local/lib/python3.12/site-packages/airflow/example_dags/example_branch_day_of_week_operator.py
[2026-08-06T16:07:33.522+0000] {processor.py:914} INFO - Processing file /home/airflow/.local/lib/python3.12/site-packages/airflow/example_dags/example_branch_day_of_week_operator.py for tasks to queue
[2026-08-06T16:07:33.531+0000] {logging_mixin.py:190} INFO - [2026-08-06T16:07:33.530+0000] {dagbag.py:588} INFO - Filling up the DagBag from /home/airflow/.local/lib/python3.12/site-packages/airflow/example_dags/example_branch_day_of_week_operator.py
[2026-08-06T16:07:33.564+0000] {processor.py:925} INFO - DAG(s) 'example_weekday_branch_operator' retrieved from /home/airflow/.local/lib/python3.12/site-packages/airflow/example_dags/example_branch_day_of_week_operator.py
[2026-08-06T16:07:33.608+0000] {logging_mixin.py:190} INFO - [2026-08-06T16:07:33.607+0000] {dag.py:3239} INFO - Sync 1 DAGs
[2026-08-06T16:07:33.672+0000] {logging_mixin.py:190} INFO - [2026-08-06T16:07:33.671+0000] {dag.py:4180} INFO - Setting next_dagrun for example_weekday_branch_operator to 2026-08-05 00:00:00+00:00, run_after=2026-08-06 00:00:00+00:00
[2026-08-06T16:07:33.795+0000] {processor.py:208} INFO - Processing /home/airflow/.local/lib/python3.12/site-packages/airflow/example_dags/example_branch_day_of_week_operator.py took 0.294 seconds
[2026-08-06T16:08:04.648+0000] {processor.py:186} INFO - Started process (PID=673) to work on /home/airflow/.local/lib/python3.12/site-packages/airflow/example_dags/example_branch_day_of_week_operator.py
[2026-08-06T16:08:04.650+0000] {processor.py:914} INFO - Processing file /home/airflow/.local/lib/python3.12/site-packages/airflow/example_dags/example_branch_day_of_week_operator.py for tasks to queue
[2026-08-06T16:08:04.655+0000] {logging_mixin.py:190} INFO - [2026-08-06T16:08:04.655+0000] {dagbag.py:588} INFO - Filling up the DagBag from /home/airflow/.local/lib/python3.12/site-packages/airflow/example_dags/example_branch_day_of_week_operator.py
[2026-08-06T16:08:04.672+0000] {processor.py:925} INFO - DAG(s) 'example_weekday_branch_operator' retrieved from /home/airflow/.local/lib/python3.12/site-packages/airflow/example_dags/example_branch_day_of_week_operator.py
[2026-08-06T16:08:04.714+0000] {logging_mixin.py:190} INFO - [2026-08-06T16:08:04.713+0000] {dag.py:3239} INFO - Sync 1 DAGs
[2026-08-06T16:08:04.757+0000] {logging_mixin.py:190} INFO - [2026-08-06T16:08:04.757+0000] {dag.py:4180} INFO - Setting next_dagrun for example_weekday_branch_operator to 2026-08-05 00:00:00+00:00, run_after=2026-08-06 00:00:00+00:00
[2026-08-06T16:08:04.844+0000] {processor.py:208} INFO - Processing /home/airflow/.local/lib/python3.12/site-packages/airflow/example_dags/example_branch_day_of_week_operator.py took 0.211 seconds
[2026-08-06T16:08:35.000+0000] {processor.py:186} INFO - Started process (PID=737) to work on /home/airflow/.local/lib/python3.12/site-packages/airflow/example_dags/example_branch_day_of_week_operator.py
[2026-08-06T16:08:35.003+0000] {processor.py:914} INFO - Processing file /home/airflow/.local/lib/python3.12/site-packages/airflow/example_dags/example_branch_day_of_week_operator.py for tasks to queue
[2026-08-06T16:08:35.012+0000] {logging_mixin.py:190} INFO - [2026-08-06T16:08:35.011+0000] {dagbag.py:588} INFO - Filling up the DagBag from /home/airflow/.local/lib/python3.12/site-packages/airflow/example_dags/example_branch_day_of_week_operator.py
[2026-08-06T16:08:35.047+0000] {processor.py:925} INFO - DAG(s) 'example_weekday_branch_operator' retrieved from /home/airflow/.local/lib/python3.12/site-packages/airflow/example_dags/example_branch_day_of_week_operator.py
[2026-08-06T16:08:35.109+0000] {logging_mixin.py:190} INFO - [2026-08-06T16:08:35.108+0000] {dag.py:3239} INFO - Sync 1 DAGs
[2026-08-06T16:08:35.179+0000] {logging_mixin.py:190} INFO - [2026-08-06T16:08:35.179+0000] {dag.py:4180} INFO - Setting next_dagrun for example_weekday_branch_operator to 2026-08-05 00:00:00+00:00, run_after=2026-08-06 00:00:00+00:00
[2026-08-06T16:08:35.256+0000] {processor.py:208} INFO - Processing /home/airflow/.local/lib/python3.12/site-packages/airflow/example_dags/example_branch_day_of_week_operator.py took 0.273 seconds
[2026-08-06T16:09:06.657+0000] {processor.py:186} INFO - Started process (PID=801) to work on /home/airflow/.local/lib/python3.12/site-packages/airflow/example_dags/example_branch_day_of_week_operator.py
[2026-08-06T16:09:06.660+0000] {processor.py:914} INFO - Processing file /home/airflow/.local/lib/python3.12/site-packages/airflow/example_dags/example_branch_day_of_week_operator.py for tasks to queue
[2026-08-06T16:09:06.666+0000] {logging_mixin.py:190} INFO - [2026-08-06T16:09:06.666+0000] {dagbag.py:588} INFO - Filling up the DagBag from /home/airflow/.local/lib/python3.12/site-packages/airflow/example_dags/example_branch_day_of_week_operator.py
[2026-08-06T16:09:06.690+0000] {processor.py:925} INFO - DAG(s) 'example_weekday_branch_operator' retrieved from /home/airflow/.local/lib/python3.12/site-packages/airflow/example_dags/example_branch_day_of_week_operator.py
[2026-08-06T16:09:06.748+0000] {logging_mixin.py:190} INFO - [2026-08-06T16:09:06.748+0000] {dag.py:3239} INFO - Sync 1 DAGs
[2026-08-06T16:09:06.829+0000] {logging_mixin.py:190} INFO - [2026-08-06T16:09:06.828+0000] {dag.py:4180} INFO - Setting next_dagrun for example_weekday_branch_operator to 2026-08-05 00:00:00+00:00, run_after=2026-08-06 00:00:00+00:00
[2026-08-06T16:09:06.918+0000] {processor.py:208} INFO - Processing /home/airflow/.local/lib/python3.12/site-packages/airflow/example_dags/example_branch_day_of_week_operator.py took 0.270 seconds
[2026-08-06T16:09:37.911+0000] {processor.py:186} INFO - Started process (PID=865) to work on /home/airflow/.local/lib/python3.12/site-packages/airflow/example_dags/example_branch_day_of_week_operator.py
[2026-08-06T16:09:37.921+0000] {processor.py:914} INFO - Processing file /home/airflow/.local/lib/python3.12/site-packages/airflow/example_dags/example_branch_day_of_week_operator.py for tasks to queue
[2026-08-06T16:09:37.937+0000] {logging_mixin.py:190} INFO - [2026-08-06T16:09:37.936+0000] {dagbag.py:588} INFO - Filling up the DagBag from /home/airflow/.local/lib/python3.12/site-packages/airflow/example_dags/example_branch_day_of_week_operator.py
[2026-08-06T16:09:37.963+0000] {processor.py:925} INFO - DAG(s) 'example_weekday_branch_operator' retrieved from /home/airflow/.local/lib/python3.12/site-packages/airflow/example_dags/example_branch_day_of_week_operator.py
[2026-08-06T16:09:38.008+0000] {logging_mixin.py:190} INFO - [2026-08-06T16:09:38.007+0000] {dag.py:3239} INFO - Sync 1 DAGs
[2026-08-06T16:09:38.060+0000] {logging_mixin.py:190} INFO - [2026-08-06T16:09:38.060+0000] {dag.py:4180} INFO - Setting next_dagrun for example_weekday_branch_operator to 2026-08-05 00:00:00+00:00, run_after=2026-08-06 00:00:00+00:00
[2026-08-06T16:09:38.104+0000] {processor.py:208} INFO - Processing /home/airflow/.local/lib/python3.12/site-packages/airflow/example_dags/example_branch_day_of_week_operator.py took 0.205 seconds
[2026-08-06T16:10:08.556+0000] {processor.py:186} INFO - Started process (PID=930) to work on /home/airflow/.local/lib/python3.12/site-packages/airflow/example_dags/example_branch_day_of_week_operator.py
[2026-08-06T16:10:08.559+0000] {processor.py:914} INFO - Processing file /home/airflow/.local/lib/python3.12/site-packages/airflow/example_dags/example_branch_day_of_week_operator.py for tasks to queue
[2026-08-06T16:10:08.567+0000] {logging_mixin.py:190} INFO - [2026-08-06T16:10:08.566+0000] {dagbag.py:588} INFO - Filling up the DagBag from /home/airflow/.local/lib/python3.12/site-packages/airflow/example_dags/example_branch_day_of_week_operator.py
[2026-08-06T16:10:08.587+0000] {processor.py:925} INFO - DAG(s) 'example_weekday_branch_operator' retrieved from /home/airflow/.local/lib/python3.12/site-packages/airflow/example_dags/example_branch_day_of_week_operator.py
[2026-08-06T16:10:08.630+0000] {logging_mixin.py:190} INFO - [2026-08-06T16:10:08.629+0000] {dag.py:3239} INFO - Sync 1 DAGs
[2026-08-06T16:10:08.677+0000] {logging_mixin.py:190} INFO - [2026-08-06T16:10:08.677+0000] {dag.py:4180} INFO - Setting next_dagrun for example_weekday_branch_operator to 2026-08-05 00:00:00+00:00, run_after=2026-08-06 00:00:00+00:00
[2026-08-06T16:10:08.729+0000] {processor.py:208} INFO - Processing /home/airflow/.local/lib/python3.12/site-packages/airflow/example_dags/example_branch_day_of_week_operator.py took 0.191 seconds
[2026-08-06T16:12:17.633+0000] {processor.py:186} INFO - Started process (PID=92) to work on /home/airflow/.local/lib/python3.12/site-packages/airflow/example_dags/example_branch_day_of_week_operator.py
[2026-08-06T16:12:17.668+0000] {processor.py:914} INFO - Processing file /home/airflow/.local/lib/python3.12/site-packages/airflow/example_dags/example_branch_day_of_week_operator.py for tasks to queue
[2026-08-06T16:12:17.673+0000] {logging_mixin.py:190} INFO - [2026-08-06T16:12:17.673+0000] {dagbag.py:588} INFO - Filling up the DagBag from /home/airflow/.local/lib/python3.12/site-packages/airflow/example_dags/example_branch_day_of_week_operator.py
[2026-08-06T16:12:17.693+0000] {processor.py:925} INFO - DAG(s) 'example_weekday_branch_operator' retrieved from /home/airflow/.local/lib/python3.12/site-packages/airflow/example_dags/example_branch_day_of_week_operator.py
[2026-08-06T16:12:17.744+0000] {logging_mixin.py:190} INFO - [2026-08-06T16:12:17.743+0000] {dag.py:3239} INFO - Sync 1 DAGs
[2026-08-06T16:12:17.808+0000] {logging_mixin.py:190} INFO - [2026-08-06T16:12:17.807+0000] {dag.py:4180} INFO - Setting next_dagrun for example_weekday_branch_operator to 2026-08-05 00:00:00+00:00, run_after=2026-08-06 00:00:00+00:00
[2026-08-06T16:12:17.855+0000] {processor.py:208} INFO - Processing /home/airflow/.local/lib/python3.12/site-packages/airflow/example_dags/example_branch_day_of_week_operator.py took 0.237 seconds
[2026-08-06T16:12:50.292+0000] {processor.py:186} INFO - Started process (PID=156) to work on /home/airflow/.local/lib/python3.12/site-packages/airflow/example_dags/example_branch_day_of_week_operator.py
[2026-08-06T16:12:50.295+0000] {processor.py:914} INFO - Processing file /home/airflow/.local/lib/python3.12/site-packages/airflow/example_dags/example_branch_day_of_week_operator.py for tasks to queue
[2026-08-06T16:12:50.304+0000] {logging_mixin.py:190} INFO - [2026-08-06T16:12:50.303+0000] {dagbag.py:588} INFO - Filling up the DagBag from /home/airflow/.local/lib/python3.12/site-packages/airflow/example_dags/example_branch_day_of_week_operator.py
[2026-08-06T16:12:50.346+0000] {processor.py:925} INFO - DAG(s) 'example_weekday_branch_operator' retrieved from /home/airflow/.local/lib/python3.12/site-packages/airflow/example_dags/example_branch_day_of_week_operator.py
[2026-08-06T16:12:50.408+0000] {logging_mixin.py:190} INFO - [2026-08-06T16:12:50.408+0000] {dag.py:3239} INFO - Sync 1 DAGs
[2026-08-06T16:12:50.460+0000] {logging_mixin.py:190} INFO - [2026-08-06T16:12:50.459+0000] {dag.py:4180} INFO - Setting next_dagrun for example_weekday_branch_operator to 2026-08-05 00:00:00+00:00, run_after=2026-08-06 00:00:00+00:00
[2026-08-06T16:12:50.514+0000] {processor.py:208} INFO - Processing /home/airflow/.local/lib/python3.12/site-packages/airflow/example_dags/example_branch_day_of_week_operator.py took 0.239 seconds
[2026-08-06T16:13:23.687+0000] {processor.py:186} INFO - Started process (PID=219) to work on /home/airflow/.local/lib/python3.12/site-packages/airflow/example_dags/example_branch_day_of_week_operator.py
[2026-08-06T16:13:23.737+0000] {processor.py:914} INFO - Processing file /home/airflow/.local/lib/python3.12/site-packages/airflow/example_dags/example_branch_day_of_week_operator.py for tasks to queue
[2026-08-06T16:13:23.754+0000] {logging_mixin.py:190} INFO - [2026-08-06T16:13:23.753+0000] {dagbag.py:588} INFO - Filling up the DagBag from /home/airflow/.local/lib/python3.12/site-packages/airflow/example_dags/example_branch_day_of_week_operator.py
[2026-08-06T16:13:23.824+0000] {processor.py:925} INFO - DAG(s) 'example_weekday_branch_operator' retrieved from /home/airflow/.local/lib/python3.12/site-packages/airflow/example_dags/example_branch_day_of_week_operator.py
[2026-08-06T16:13:23.934+0000] {logging_mixin.py:190} INFO - [2026-08-06T16:13:23.933+0000] {dag.py:3239} INFO - Sync 1 DAGs
[2026-08-06T16:13:24.042+0000] {logging_mixin.py:190} INFO - [2026-08-06T16:13:24.041+0000] {dag.py:4180} INFO - Setting next_dagrun for example_weekday_branch_operator to 2026-08-05 00:00:00+00:00, run_after=2026-08-06 00:00:00+00:00
[2026-08-06T16:13:24.111+0000] {processor.py:208} INFO - Processing /home/airflow/.local/lib/python3.12/site-packages/airflow/example_dags/example_branch_day_of_week_operator.py took 0.458 seconds
[2026-08-06T16:13:56.065+0000] {processor.py:186} INFO - Started process (PID=284) to work on /home/airflow/.local/lib/python3.12/site-packages/airflow/example_dags/example_branch_day_of_week_operator.py
[2026-08-06T16:13:56.067+0000] {processor.py:914} INFO - Processing file /home/airflow/.local/lib/python3.12/site-packages/airflow/example_dags/example_branch_day_of_week_operator.py for tasks to queue
[2026-08-06T16:13:56.071+0000] {logging_mixin.py:190} INFO - [2026-08-06T16:13:56.070+0000] {dagbag.py:588} INFO - Filling up the DagBag from /home/airflow/.local/lib/python3.12/site-packages/airflow/example_dags/example_branch_day_of_week_operator.py
[2026-08-06T16:13:56.120+0000] {processor.py:925} INFO - DAG(s) 'example_weekday_branch_operator' retrieved from /home/airflow/.local/lib/python3.12/site-packages/airflow/example_dags/example_branch_day_of_week_operator.py
[2026-08-06T16:13:56.198+0000] {logging_mixin.py:190} INFO - [2026-08-06T16:13:56.198+0000] {dag.py:3239} INFO - Sync 1 DAGs
[2026-08-06T16:13:56.271+0000] {logging_mixin.py:190} INFO - [2026-08-06T16:13:56.270+0000] {dag.py:4180} INFO - Setting next_dagrun for example_weekday_branch_operator to 2026-08-05 00:00:00+00:00, run_after=2026-08-06 00:00:00+00:00
[2026-08-06T16:13:56.341+0000] {processor.py:208} INFO - Processing /home/airflow/.local/lib/python3.12/site-packages/airflow/example_dags/example_branch_day_of_week_operator.py took 0.299 seconds
[2026-08-06T16:14:27.834+0000] {processor.py:186} INFO - Started process (PID=354) to work on /home/airflow/.local/lib/python3.12/site-packages/airflow/example_dags/example_branch_day_of_week_operator.py
[2026-08-06T16:14:27.837+0000] {processor.py:914} INFO - Processing file /home/airflow/.local/lib/python3.12/site-packages/airflow/example_dags/example_branch_day_of_week_operator.py for tasks to queue
[2026-08-06T16:14:27.846+0000] {logging_mixin.py:190} INFO - [2026-08-06T16:14:27.844+0000] {dagbag.py:588} INFO - Filling up the DagBag from /home/airflow/.local/lib/python3.12/site-packages/airflow/example_dags/example_branch_day_of_week_operator.py
[2026-08-06T16:14:27.872+0000] {processor.py:925} INFO - DAG(s) 'example_weekday_branch_operator' retrieved from /home/airflow/.local/lib/python3.12/site-packages/airflow/example_dags/example_branch_day_of_week_operator.py
[2026-08-06T16:14:27.919+0000] {logging_mixin.py:190} INFO - [2026-08-06T16:14:27.919+0000] {dag.py:3239} INFO - Sync 1 DAGs
[2026-08-06T16:14:27.976+0000] {logging_mixin.py:190} INFO - [2026-08-06T16:14:27.976+0000] {dag.py:4180} INFO - Setting next_dagrun for example_weekday_branch_operator to 2026-08-05 00:00:00+00:00, run_after=2026-08-06 00:00:00+00:00
[2026-08-06T16:14:28.033+0000] {processor.py:208} INFO - Processing /home/airflow/.local/lib/python3.12/site-packages/airflow/example_dags/example_branch_day_of_week_operator.py took 0.213 seconds
[2026-08-06T16:15:01.002+0000] {processor.py:186} INFO - Started process (PID=418) to work on /home/airflow/.local/lib/python3.12/site-packages/airflow/example_dags/example_branch_day_of_week_operator.py
[2026-08-06T16:15:01.005+0000] {processor.py:914} INFO - Processing file /home/airflow/.local/lib/python3.12/site-packages/airflow/example_dags/example_branch_day_of_week_operator.py for tasks to queue
[2026-08-06T16:15:01.014+0000] {logging_mixin.py:190} INFO - [2026-08-06T16:15:01.012+0000] {dagbag.py:588} INFO - Filling up the DagBag from /home/airflow/.local/lib/python3.12/site-packages/airflow/example_dags/example_branch_day_of_week_operator.py
[2026-08-06T16:15:01.039+0000] {processor.py:925} INFO - DAG(s) 'example_weekday_branch_operator' retrieved from /home/airflow/.local/lib/python3.12/site-packages/airflow/example_dags/example_branch_day_of_week_operator.py
[2026-08-06T16:15:01.091+0000] {logging_mixin.py:190} INFO - [2026-08-06T16:15:01.091+0000] {dag.py:3239} INFO - Sync 1 DAGs
[2026-08-06T16:15:01.169+0000] {logging_mixin.py:190} INFO - [2026-08-06T16:15:01.168+0000] {dag.py:4180} INFO - Setting next_dagrun for example_weekday_branch_operator to 2026-08-05 00:00:00+00:00, run_after=2026-08-06 00:00:00+00:00
[2026-08-06T16:15:01.229+0000] {processor.py:208} INFO - Processing /home/airflow/.local/lib/python3.12/site-packages/airflow/example_dags/example_branch_day_of_week_operator.py took 0.248 seconds
[2026-08-06T16:15:33.947+0000] {processor.py:186} INFO - Started process (PID=482) to work on /home/airflow/.local/lib/python3.12/site-packages/airflow/example_dags/example_branch_day_of_week_operator.py
[2026-08-06T16:15:33.965+0000] {processor.py:914} INFO - Processing file /home/airflow/.local/lib/python3.12/site-packages/airflow/example_dags/example_branch_day_of_week_operator.py for tasks to queue
[2026-08-06T16:15:33.975+0000] {logging_mixin.py:190} INFO - [2026-08-06T16:15:33.974+0000] {dagbag.py:588} INFO - Filling up the DagBag from /home/airflow/.local/lib/python3.12/site-packages/airflow/example_dags/example_branch_day_of_week_operator.py
[2026-08-06T16:15:34.001+0000] {processor.py:925} INFO - DAG(s) 'example_weekday_branch_operator' retrieved from /home/airflow/.local/lib/python3.12/site-packages/airflow/example_dags/example_branch_day_of_week_operator.py
[2026-08-06T16:15:34.055+0000] {logging_mixin.py:190} INFO - [2026-08-06T16:15:34.054+0000] {dag.py:3239} INFO - Sync 1 DAGs
[2026-08-06T16:15:34.108+0000] {logging_mixin.py:190} INFO - [2026-08-06T16:15:34.107+0000] {dag.py:4180} INFO - Setting next_dagrun for example_weekday_branch_operator to 2026-08-05 00:00:00+00:00, run_after=2026-08-06 00:00:00+00:00
[2026-08-06T16:15:34.167+0000] {processor.py:208} INFO - Processing /home/airflow/.local/lib/python3.12/site-packages/airflow/example_dags/example_branch_day_of_week_operator.py took 0.241 seconds
[2026-08-06T16:16:06.814+0000] {processor.py:186} INFO - Started process (PID=546) to work on /home/airflow/.local/lib/python3.12/site-packages/airflow/example_dags/example_branch_day_of_week_operator.py
[2026-08-06T16:16:06.816+0000] {processor.py:914} INFO - Processing file /home/airflow/.local/lib/python3.12/site-packages/airflow/example_dags/example_branch_day_of_week_operator.py for tasks to queue
[2026-08-06T16:16:06.823+0000] {logging_mixin.py:190} INFO - [2026-08-06T16:16:06.823+0000] {dagbag.py:588} INFO - Filling up the DagBag from /home/airflow/.local/lib/python3.12/site-packages/airflow/example_dags/example_branch_day_of_week_operator.py
[2026-08-06T16:16:06.871+0000] {processor.py:925} INFO - DAG(s) 'example_weekday_branch_operator' retrieved from /home/airflow/.local/lib/python3.12/site-packages/airflow/example_dags/example_branch_day_of_week_operator.py
[2026-08-06T16:16:06.985+0000] {logging_mixin.py:190} INFO - [2026-08-06T16:16:06.983+0000] {dag.py:3239} INFO - Sync 1 DAGs
[2026-08-06T16:16:07.121+0000] {logging_mixin.py:190} INFO - [2026-08-06T16:16:07.120+0000] {dag.py:4180} INFO - Setting next_dagrun for example_weekday_branch_operator to 2026-08-05 00:00:00+00:00, run_after=2026-08-06 00:00:00+00:00
[2026-08-06T16:16:07.376+0000] {processor.py:208} INFO - Processing /home/airflow/.local/lib/python3.12/site-packages/airflow/example_dags/example_branch_day_of_week_operator.py took 0.578 seconds
[2026-08-06T16:16:38.435+0000] {processor.py:186} INFO - Started process (PID=609) to work on /home/airflow/.local/lib/python3.12/site-packages/airflow/example_dags/example_branch_day_of_week_operator.py
[2026-08-06T16:16:38.437+0000] {processor.py:914} INFO - Processing file /home/airflow/.local/lib/python3.12/site-packages/airflow/example_dags/example_branch_day_of_week_operator.py for tasks to queue
[2026-08-06T16:16:38.442+0000] {logging_mixin.py:190} INFO - [2026-08-06T16:16:38.441+0000] {dagbag.py:588} INFO - Filling up the DagBag from /home/airflow/.local/lib/python3.12/site-packages/airflow/example_dags/example_branch_day_of_week_operator.py
[2026-08-06T16:16:38.467+0000] {processor.py:925} INFO - DAG(s) 'example_weekday_branch_operator' retrieved from /home/airflow/.local/lib/python3.12/site-packages/airflow/example_dags/example_branch_day_of_week_operator.py
[2026-08-06T16:16:38.521+0000] {logging_mixin.py:190} INFO - [2026-08-06T16:16:38.520+0000] {dag.py:3239} INFO - Sync 1 DAGs
[2026-08-06T16:16:38.577+0000] {logging_mixin.py:190} INFO - [2026-08-06T16:16:38.576+0000] {dag.py:4180} INFO - Setting next_dagrun for example_weekday_branch_operator to 2026-08-05 00:00:00+00:00, run_after=2026-08-06 00:00:00+00:00
[2026-08-06T16:16:38.658+0000] {processor.py:208} INFO - Processing /home/airflow/.local/lib/python3.12/site-packages/airflow/example_dags/example_branch_day_of_week_operator.py took 0.236 seconds
[2026-08-06T16:17:13.095+0000] {processor.py:186} INFO - Started process (PID=673) to work on /home/airflow/.local/lib/python3.12/site-packages/airflow/example_dags/example_branch_day_of_week_operator.py
[2026-08-06T16:17:13.097+0000] {processor.py:914} INFO - Processing file /home/airflow/.local/lib/python3.12/site-packages/airflow/example_dags/example_branch_day_of_week_operator.py for tasks to queue
[2026-08-06T16:17:13.104+0000] {logging_mixin.py:190} INFO - [2026-08-06T16:17:13.103+0000] {dagbag.py:588} INFO - Filling up the DagBag from /home/airflow/.local/lib/python3.12/site-packages/airflow/example_dags/example_branch_day_of_week_operator.py
[2026-08-06T16:17:13.121+0000] {processor.py:925} INFO - DAG(s) 'example_weekday_branch_operator' retrieved from /home/airflow/.local/lib/python3.12/site-packages/airflow/example_dags/example_branch_day_of_week_operator.py
[2026-08-06T16:17:13.159+0000] {logging_mixin.py:190} INFO - [2026-08-06T16:17:13.159+0000] {dag.py:3239} INFO - Sync 1 DAGs
[2026-08-06T16:17:13.204+0000] {logging_mixin.py:190} INFO - [2026-08-06T16:17:13.204+0000] {dag.py:4180} INFO - Setting next_dagrun for example_weekday_branch_operator to 2026-08-05 00:00:00+00:00, run_after=2026-08-06 00:00:00+00:00
[2026-08-06T16:17:13.246+0000] {processor.py:208} INFO - Processing /home/airflow/.local/lib/python3.12/site-packages/airflow/example_dags/example_branch_day_of_week_operator.py took 0.161 seconds
[2026-08-06T16:17:43.804+0000] {processor.py:186} INFO - Started process (PID=737) to work on /home/airflow/.local/lib/python3.12/site-packages/airflow/example_dags/example_branch_day_of_week_operator.py
[2026-08-06T16:17:43.807+0000] {processor.py:914} INFO - Processing file /home/airflow/.local/lib/python3.12/site-packages/airflow/example_dags/example_branch_day_of_week_operator.py for tasks to queue
[2026-08-06T16:17:43.813+0000] {logging_mixin.py:190} INFO - [2026-08-06T16:17:43.813+0000] {dagbag.py:588} INFO - Filling up the DagBag from /home/airflow/.local/lib/python3.12/site-packages/airflow/example_dags/example_branch_day_of_week_operator.py
[2026-08-06T16:17:43.837+0000] {processor.py:925} INFO - DAG(s) 'example_weekday_branch_operator' retrieved from /home/airflow/.local/lib/python3.12/site-packages/airflow/example_dags/example_branch_day_of_week_operator.py
[2026-08-06T16:17:43.884+0000] {logging_mixin.py:190} INFO - [2026-08-06T16:17:43.884+0000] {dag.py:3239} INFO - Sync 1 DAGs
[2026-08-06T16:17:43.943+0000] {logging_mixin.py:190} INFO - [2026-08-06T16:17:43.943+0000] {dag.py:4180} INFO - Setting next_dagrun for example_weekday_branch_operator to 2026-08-05 00:00:00+00:00, run_after=2026-08-06 00:00:00+00:00
[2026-08-06T16:17:43.982+0000] {processor.py:208} INFO - Processing /home/airflow/.local/lib/python3.12/site-packages/airflow/example_dags/example_branch_day_of_week_operator.py took 0.192 seconds
[2026-08-06T16:18:14.561+0000] {processor.py:186} INFO - Started process (PID=802) to work on /home/airflow/.local/lib/python3.12/site-packages/airflow/example_dags/example_branch_day_of_week_operator.py
[2026-08-06T16:18:14.563+0000] {processor.py:914} INFO - Processing file /home/airflow/.local/lib/python3.12/site-packages/airflow/example_dags/example_branch_day_of_week_operator.py for tasks to queue
[2026-08-06T16:18:14.567+0000] {logging_mixin.py:190} INFO - [2026-08-06T16:18:14.566+0000] {dagbag.py:588} INFO - Filling up the DagBag from /home/airflow/.local/lib/python3.12/site-packages/airflow/example_dags/example_branch_day_of_week_operator.py
[2026-08-06T16:18:14.586+0000] {processor.py:925} INFO - DAG(s) 'example_weekday_branch_operator' retrieved from /home/airflow/.local/lib/python3.12/site-packages/airflow/example_dags/example_branch_day_of_week_operator.py
[2026-08-06T16:18:14.636+0000] {logging_mixin.py:190} INFO - [2026-08-06T16:18:14.635+0000] {dag.py:3239} INFO - Sync 1 DAGs
[2026-08-06T16:18:14.680+0000] {logging_mixin.py:190} INFO - [2026-08-06T16:18:14.679+0000] {dag.py:4180} INFO - Setting next_dagrun for example_weekday_branch_operator to 2026-08-05 00:00:00+00:00, run_after=2026-08-06 00:00:00+00:00
[2026-08-06T16:18:14.764+0000] {processor.py:208} INFO - Processing /home/airflow/.local/lib/python3.12/site-packages/airflow/example_dags/example_branch_day_of_week_operator.py took 0.213 seconds
[2026-08-06T16:21:26.512+0000] {processor.py:186} INFO - Started process (PID=93) to work on /home/airflow/.local/lib/python3.12/site-packages/airflow/example_dags/example_branch_day_of_week_operator.py
[2026-08-06T16:21:26.518+0000] {processor.py:914} INFO - Processing file /home/airflow/.local/lib/python3.12/site-packages/airflow/example_dags/example_branch_day_of_week_operator.py for tasks to queue
[2026-08-06T16:21:26.527+0000] {logging_mixin.py:190} INFO - [2026-08-06T16:21:26.526+0000] {dagbag.py:588} INFO - Filling up the DagBag from /home/airflow/.local/lib/python3.12/site-packages/airflow/example_dags/example_branch_day_of_week_operator.py
[2026-08-06T16:21:26.561+0000] {processor.py:925} INFO - DAG(s) 'example_weekday_branch_operator' retrieved from /home/airflow/.local/lib/python3.12/site-packages/airflow/example_dags/example_branch_day_of_week_operator.py
[2026-08-06T16:21:26.627+0000] {logging_mixin.py:190} INFO - [2026-08-06T16:21:26.626+0000] {dag.py:3239} INFO - Sync 1 DAGs
[2026-08-06T16:21:26.701+0000] {logging_mixin.py:190} INFO - [2026-08-06T16:21:26.700+0000] {dag.py:4180} INFO - Setting next_dagrun for example_weekday_branch_operator to 2026-08-05 00:00:00+00:00, run_after=2026-08-06 00:00:00+00:00
[2026-08-06T16:21:26.788+0000] {processor.py:208} INFO - Processing /home/airflow/.local/lib/python3.12/site-packages/airflow/example_dags/example_branch_day_of_week_operator.py took 0.289 seconds
[2026-08-06T16:21:58.570+0000] {processor.py:186} INFO - Started process (PID=164) to work on /home/airflow/.local/lib/python3.12/site-packages/airflow/example_dags/example_branch_day_of_week_operator.py
[2026-08-06T16:21:58.573+0000] {processor.py:914} INFO - Processing file /home/airflow/.local/lib/python3.12/site-packages/airflow/example_dags/example_branch_day_of_week_operator.py for tasks to queue
[2026-08-06T16:21:58.580+0000] {logging_mixin.py:190} INFO - [2026-08-06T16:21:58.580+0000] {dagbag.py:588} INFO - Filling up the DagBag from /home/airflow/.local/lib/python3.12/site-packages/airflow/example_dags/example_branch_day_of_week_operator.py
[2026-08-06T16:21:58.602+0000] {processor.py:925} INFO - DAG(s) 'example_weekday_branch_operator' retrieved from /home/airflow/.local/lib/python3.12/site-packages/airflow/example_dags/example_branch_day_of_week_operator.py
[2026-08-06T16:21:58.658+0000] {logging_mixin.py:190} INFO - [2026-08-06T16:21:58.657+0000] {dag.py:3239} INFO - Sync 1 DAGs
[2026-08-06T16:21:58.713+0000] {logging_mixin.py:190} INFO - [2026-08-06T16:21:58.712+0000] {dag.py:4180} INFO - Setting next_dagrun for example_weekday_branch_operator to 2026-08-05 00:00:00+00:00, run_after=2026-08-06 00:00:00+00:00
[2026-08-06T16:21:58.796+0000] {processor.py:208} INFO - Processing /home/airflow/.local/lib/python3.12/site-packages/airflow/example_dags/example_branch_day_of_week_operator.py took 0.237 seconds
[2026-08-06T16:22:28.939+0000] {processor.py:186} INFO - Started process (PID=228) to work on /home/airflow/.local/lib/python3.12/site-packages/airflow/example_dags/example_branch_day_of_week_operator.py
[2026-08-06T16:22:28.940+0000] {processor.py:914} INFO - Processing file /home/airflow/.local/lib/python3.12/site-packages/airflow/example_dags/example_branch_day_of_week_operator.py for tasks to queue
[2026-08-06T16:22:28.943+0000] {logging_mixin.py:190} INFO - [2026-08-06T16:22:28.943+0000] {dagbag.py:588} INFO - Filling up the DagBag from /home/airflow/.local/lib/python3.12/site-packages/airflow/example_dags/example_branch_day_of_week_operator.py
[2026-08-06T16:22:28.954+0000] {processor.py:925} INFO - DAG(s) 'example_weekday_branch_operator' retrieved from /home/airflow/.local/lib/python3.12/site-packages/airflow/example_dags/example_branch_day_of_week_operator.py
[2026-08-06T16:22:28.975+0000] {logging_mixin.py:190} INFO - [2026-08-06T16:22:28.975+0000] {dag.py:3239} INFO - Sync 1 DAGs
[2026-08-06T16:22:28.998+0000] {logging_mixin.py:190} INFO - [2026-08-06T16:22:28.998+0000] {dag.py:4180} INFO - Setting next_dagrun for example_weekday_branch_operator to 2026-08-05 00:00:00+00:00, run_after=2026-08-06 00:00:00+00:00
[2026-08-06T16:22:29.024+0000] {processor.py:208} INFO - Processing /home/airflow/.local/lib/python3.12/site-packages/airflow/example_dags/example_branch_day_of_week_operator.py took 0.091 seconds
[2026-08-06T16:22:59.753+0000] {processor.py:186} INFO - Started process (PID=292) to work on /home/airflow/.local/lib/python3.12/site-packages/airflow/example_dags/example_branch_day_of_week_operator.py
[2026-08-06T16:22:59.754+0000] {processor.py:914} INFO - Processing file /home/airflow/.local/lib/python3.12/site-packages/airflow/example_dags/example_branch_day_of_week_operator.py for tasks to queue
[2026-08-06T16:22:59.757+0000] {logging_mixin.py:190} INFO - [2026-08-06T16:22:59.757+0000] {dagbag.py:588} INFO - Filling up the DagBag from /home/airflow/.local/lib/python3.12/site-packages/airflow/example_dags/example_branch_day_of_week_operator.py
[2026-08-06T16:22:59.771+0000] {processor.py:925} INFO - DAG(s) 'example_weekday_branch_operator' retrieved from /home/airflow/.local/lib/python3.12/site-packages/airflow/example_dags/example_branch_day_of_week_operator.py
[2026-08-06T16:22:59.792+0000] {logging_mixin.py:190} INFO - [2026-08-06T16:22:59.792+0000] {dag.py:3239} INFO - Sync 1 DAGs
[2026-08-06T16:22:59.814+0000] {logging_mixin.py:190} INFO - [2026-08-06T16:22:59.814+0000] {dag.py:4180} INFO - Setting next_dagrun for example_weekday_branch_operator to 2026-08-05 00:00:00+00:00, run_after=2026-08-06 00:00:00+00:00
[2026-08-06T16:22:59.835+0000] {processor.py:208} INFO - Processing /home/airflow/.local/lib/python3.12/site-packages/airflow/example_dags/example_branch_day_of_week_operator.py took 0.088 seconds
[2026-08-06T16:23:30.525+0000] {processor.py:186} INFO - Started process (PID=356) to work on /home/airflow/.local/lib/python3.12/site-packages/airflow/example_dags/example_branch_day_of_week_operator.py
[2026-08-06T16:23:30.526+0000] {processor.py:914} INFO - Processing file /home/airflow/.local/lib/python3.12/site-packages/airflow/example_dags/example_branch_day_of_week_operator.py for tasks to queue
[2026-08-06T16:23:30.529+0000] {logging_mixin.py:190} INFO - [2026-08-06T16:23:30.528+0000] {dagbag.py:588} INFO - Filling up the DagBag from /home/airflow/.local/lib/python3.12/site-packages/airflow/example_dags/example_branch_day_of_week_operator.py
[2026-08-06T16:23:30.538+0000] {processor.py:925} INFO - DAG(s) 'example_weekday_branch_operator' retrieved from /home/airflow/.local/lib/python3.12/site-packages/airflow/example_dags/example_branch_day_of_week_operator.py
[2026-08-06T16:23:30.560+0000] {logging_mixin.py:190} INFO - [2026-08-06T16:23:30.560+0000] {dag.py:3239} INFO - Sync 1 DAGs
[2026-08-06T16:23:30.586+0000] {logging_mixin.py:190} INFO - [2026-08-06T16:23:30.586+0000] {dag.py:4180} INFO - Setting next_dagrun for example_weekday_branch_operator to 2026-08-05 00:00:00+00:00, run_after=2026-08-06 00:00:00+00:00
[2026-08-06T16:23:30.608+0000] {processor.py:208} INFO - Processing /home/airflow/.local/lib/python3.12/site-packages/airflow/example_dags/example_branch_day_of_week_operator.py took 0.088 seconds
[2026-08-06T16:24:01.439+0000] {processor.py:186} INFO - Started process (PID=420) to work on /home/airflow/.local/lib/python3.12/site-packages/airflow/example_dags/example_branch_day_of_week_operator.py
[2026-08-06T16:24:01.440+0000] {processor.py:914} INFO - Processing file /home/airflow/.local/lib/python3.12/site-packages/airflow/example_dags/example_branch_day_of_week_operator.py for tasks to queue
[2026-08-06T16:24:01.444+0000] {logging_mixin.py:190} INFO - [2026-08-06T16:24:01.443+0000] {dagbag.py:588} INFO - Filling up the DagBag from /home/airflow/.local/lib/python3.12/site-packages/airflow/example_dags/example_branch_day_of_week_operator.py
[2026-08-06T16:24:01.458+0000] {processor.py:925} INFO - DAG(s) 'example_weekday_branch_operator' retrieved from /home/airflow/.local/lib/python3.12/site-packages/airflow/example_dags/example_branch_day_of_week_operator.py
[2026-08-06T16:24:01.486+0000] {logging_mixin.py:190} INFO - [2026-08-06T16:24:01.486+0000] {dag.py:3239} INFO - Sync 1 DAGs
[2026-08-06T16:24:01.519+0000] {logging_mixin.py:190} INFO - [2026-08-06T16:24:01.518+0000] {dag.py:4180} INFO - Setting next_dagrun for example_weekday_branch_operator to 2026-08-05 00:00:00+00:00, run_after=2026-08-06 00:00:00+00:00
[2026-08-06T16:24:01.547+0000] {processor.py:208} INFO - Processing /home/airflow/.local/lib/python3.12/site-packages/airflow/example_dags/example_branch_day_of_week_operator.py took 0.116 seconds
[2026-08-06T16:24:31.656+0000] {processor.py:186} INFO - Started process (PID=483) to work on /home/airflow/.local/lib/python3.12/site-packages/airflow/example_dags/example_branch_day_of_week_operator.py
[2026-08-06T16:24:31.657+0000] {processor.py:914} INFO - Processing file /home/airflow/.local/lib/python3.12/site-packages/airflow/example_dags/example_branch_day_of_week_operator.py for tasks to queue
[2026-08-06T16:24:31.662+0000] {logging_mixin.py:190} INFO - [2026-08-06T16:24:31.661+0000] {dagbag.py:588} INFO - Filling up the DagBag from /home/airflow/.local/lib/python3.12/site-packages/airflow/example_dags/example_branch_day_of_week_operator.py
[2026-08-06T16:24:31.671+0000] {processor.py:925} INFO - DAG(s) 'example_weekday_branch_operator' retrieved from /home/airflow/.local/lib/python3.12/site-packages/airflow/example_dags/example_branch_day_of_week_operator.py
[2026-08-06T16:24:31.701+0000] {logging_mixin.py:190} INFO - [2026-08-06T16:24:31.700+0000] {dag.py:3239} INFO - Sync 1 DAGs
[2026-08-06T16:24:31.739+0000] {logging_mixin.py:190} INFO - [2026-08-06T16:24:31.739+0000] {dag.py:4180} INFO - Setting next_dagrun for example_weekday_branch_operator to 2026-08-05 00:00:00+00:00, run_after=2026-08-06 00:00:00+00:00
[2026-08-06T16:24:31.763+0000] {processor.py:208} INFO - Processing /home/airflow/.local/lib/python3.12/site-packages/airflow/example_dags/example_branch_day_of_week_operator.py took 0.113 seconds
[2026-08-06T16:25:02.438+0000] {processor.py:186} INFO - Started process (PID=546) to work on /home/airflow/.local/lib/python3.12/site-packages/airflow/example_dags/example_branch_day_of_week_operator.py
[2026-08-06T16:25:02.440+0000] {processor.py:914} INFO - Processing file /home/airflow/.local/lib/python3.12/site-packages/airflow/example_dags/example_branch_day_of_week_operator.py for tasks to queue
[2026-08-06T16:25:02.443+0000] {logging_mixin.py:190} INFO - [2026-08-06T16:25:02.443+0000] {dagbag.py:588} INFO - Filling up the DagBag from /home/airflow/.local/lib/python3.12/site-packages/airflow/example_dags/example_branch_day_of_week_operator.py
[2026-08-06T16:25:02.458+0000] {processor.py:925} INFO - DAG(s) 'example_weekday_branch_operator' retrieved from /home/airflow/.local/lib/python3.12/site-packages/airflow/example_dags/example_branch_day_of_week_operator.py
[2026-08-06T16:25:02.489+0000] {logging_mixin.py:190} INFO - [2026-08-06T16:25:02.489+0000] {dag.py:3239} INFO - Sync 1 DAGs
[2026-08-06T16:25:02.519+0000] {logging_mixin.py:190} INFO - [2026-08-06T16:25:02.519+0000] {dag.py:4180} INFO - Setting next_dagrun for example_weekday_branch_operator to 2026-08-05 00:00:00+00:00, run_after=2026-08-06 00:00:00+00:00
[2026-08-06T16:25:02.556+0000] {processor.py:208} INFO - Processing /home/airflow/.local/lib/python3.12/site-packages/airflow/example_dags/example_branch_day_of_week_operator.py took 0.126 seconds
[2026-08-06T16:25:32.625+0000] {processor.py:186} INFO - Started process (PID=610) to work on /home/airflow/.local/lib/python3.12/site-packages/airflow/example_dags/example_branch_day_of_week_operator.py
[2026-08-06T16:25:32.626+0000] {processor.py:914} INFO - Processing file /home/airflow/.local/lib/python3.12/site-packages/airflow/example_dags/example_branch_day_of_week_operator.py for tasks to queue
[2026-08-06T16:25:32.628+0000] {logging_mixin.py:190} INFO - [2026-08-06T16:25:32.628+0000] {dagbag.py:588} INFO - Filling up the DagBag from /home/airflow/.local/lib/python3.12/site-packages/airflow/example_dags/example_branch_day_of_week_operator.py
[2026-08-06T16:25:32.635+0000] {processor.py:925} INFO - DAG(s) 'example_weekday_branch_operator' retrieved from /home/airflow/.local/lib/python3.12/site-packages/airflow/example_dags/example_branch_day_of_week_operator.py
[2026-08-06T16:25:32.657+0000] {logging_mixin.py:190} INFO - [2026-08-06T16:25:32.657+0000] {dag.py:3239} INFO - Sync 1 DAGs
[2026-08-06T16:25:32.680+0000] {logging_mixin.py:190} INFO - [2026-08-06T16:25:32.680+0000] {dag.py:4180} INFO - Setting next_dagrun for example_weekday_branch_operator to 2026-08-05 00:00:00+00:00, run_after=2026-08-06 00:00:00+00:00
[2026-08-06T16:25:32.697+0000] {processor.py:208} INFO - Processing /home/airflow/.local/lib/python3.12/site-packages/airflow/example_dags/example_branch_day_of_week_operator.py took 0.077 seconds
[2026-08-06T16:26:02.913+0000] {processor.py:186} INFO - Started process (PID=674) to work on /home/airflow/.local/lib/python3.12/site-packages/airflow/example_dags/example_branch_day_of_week_operator.py
[2026-08-06T16:26:02.915+0000] {processor.py:914} INFO - Processing file /home/airflow/.local/lib/python3.12/site-packages/airflow/example_dags/example_branch_day_of_week_operator.py for tasks to queue
[2026-08-06T16:26:02.917+0000] {logging_mixin.py:190} INFO - [2026-08-06T16:26:02.917+0000] {dagbag.py:588} INFO - Filling up the DagBag from /home/airflow/.local/lib/python3.12/site-packages/airflow/example_dags/example_branch_day_of_week_operator.py
[2026-08-06T16:26:02.925+0000] {processor.py:925} INFO - DAG(s) 'example_weekday_branch_operator' retrieved from /home/airflow/.local/lib/python3.12/site-packages/airflow/example_dags/example_branch_day_of_week_operator.py
[2026-08-06T16:26:02.944+0000] {logging_mixin.py:190} INFO - [2026-08-06T16:26:02.944+0000] {dag.py:3239} INFO - Sync 1 DAGs
[2026-08-06T16:26:02.967+0000] {logging_mixin.py:190} INFO - [2026-08-06T16:26:02.967+0000] {dag.py:4180} INFO - Setting next_dagrun for example_weekday_branch_operator to 2026-08-05 00:00:00+00:00, run_after=2026-08-06 00:00:00+00:00
[2026-08-06T16:26:02.985+0000] {processor.py:208} INFO - Processing /home/airflow/.local/lib/python3.12/site-packages/airflow/example_dags/example_branch_day_of_week_operator.py took 0.076 seconds
[2026-08-06T16:26:33.388+0000] {processor.py:186} INFO - Started process (PID=738) to work on /home/airflow/.local/lib/python3.12/site-packages/airflow/example_dags/example_branch_day_of_week_operator.py
[2026-08-06T16:26:33.389+0000] {processor.py:914} INFO - Processing file /home/airflow/.local/lib/python3.12/site-packages/airflow/example_dags/example_branch_day_of_week_operator.py for tasks to queue
[2026-08-06T16:26:33.391+0000] {logging_mixin.py:190} INFO - [2026-08-06T16:26:33.390+0000] {dagbag.py:588} INFO - Filling up the DagBag from /home/airflow/.local/lib/python3.12/site-packages/airflow/example_dags/example_branch_day_of_week_operator.py
[2026-08-06T16:26:33.398+0000] {processor.py:925} INFO - DAG(s) 'example_weekday_branch_operator' retrieved from /home/airflow/.local/lib/python3.12/site-packages/airflow/example_dags/example_branch_day_of_week_operator.py
[2026-08-06T16:26:33.418+0000] {logging_mixin.py:190} INFO - [2026-08-06T16:26:33.418+0000] {dag.py:3239} INFO - Sync 1 DAGs
[2026-08-06T16:26:33.438+0000] {logging_mixin.py:190} INFO - [2026-08-06T16:26:33.437+0000] {dag.py:4180} INFO - Setting next_dagrun for example_weekday_branch_operator to 2026-08-05 00:00:00+00:00, run_after=2026-08-06 00:00:00+00:00
[2026-08-06T16:26:33.459+0000] {processor.py:208} INFO - Processing /home/airflow/.local/lib/python3.12/site-packages/airflow/example_dags/example_branch_day_of_week_operator.py took 0.076 seconds
[2026-08-06T16:28:21.734+0000] {processor.py:186} INFO - Started process (PID=87) to work on /home/airflow/.local/lib/python3.12/site-packages/airflow/example_dags/example_branch_day_of_week_operator.py
[2026-08-06T16:28:21.735+0000] {processor.py:914} INFO - Processing file /home/airflow/.local/lib/python3.12/site-packages/airflow/example_dags/example_branch_day_of_week_operator.py for tasks to queue
[2026-08-06T16:28:21.739+0000] {logging_mixin.py:190} INFO - [2026-08-06T16:28:21.738+0000] {dagbag.py:588} INFO - Filling up the DagBag from /home/airflow/.local/lib/python3.12/site-packages/airflow/example_dags/example_branch_day_of_week_operator.py
[2026-08-06T16:28:21.752+0000] {processor.py:925} INFO - DAG(s) 'example_weekday_branch_operator' retrieved from /home/airflow/.local/lib/python3.12/site-packages/airflow/example_dags/example_branch_day_of_week_operator.py
[2026-08-06T16:28:21.787+0000] {logging_mixin.py:190} INFO - [2026-08-06T16:28:21.786+0000] {dag.py:3239} INFO - Sync 1 DAGs
[2026-08-06T16:28:21.834+0000] {logging_mixin.py:190} INFO - [2026-08-06T16:28:21.833+0000] {dag.py:4180} INFO - Setting next_dagrun for example_weekday_branch_operator to 2026-08-05 00:00:00+00:00, run_after=2026-08-06 00:00:00+00:00
[2026-08-06T16:28:21.864+0000] {processor.py:208} INFO - Processing /home/airflow/.local/lib/python3.12/site-packages/airflow/example_dags/example_branch_day_of_week_operator.py took 0.136 seconds
[2026-08-06T16:28:53.007+0000] {processor.py:186} INFO - Started process (PID=151) to work on /home/airflow/.local/lib/python3.12/site-packages/airflow/example_dags/example_branch_day_of_week_operator.py
[2026-08-06T16:28:53.008+0000] {processor.py:914} INFO - Processing file /home/airflow/.local/lib/python3.12/site-packages/airflow/example_dags/example_branch_day_of_week_operator.py for tasks to queue
[2026-08-06T16:28:53.012+0000] {logging_mixin.py:190} INFO - [2026-08-06T16:28:53.011+0000] {dagbag.py:588} INFO - Filling up the DagBag from /home/airflow/.local/lib/python3.12/site-packages/airflow/example_dags/example_branch_day_of_week_operator.py
[2026-08-06T16:28:53.022+0000] {processor.py:925} INFO - DAG(s) 'example_weekday_branch_operator' retrieved from /home/airflow/.local/lib/python3.12/site-packages/airflow/example_dags/example_branch_day_of_week_operator.py
[2026-08-06T16:28:53.047+0000] {logging_mixin.py:190} INFO - [2026-08-06T16:28:53.047+0000] {dag.py:3239} INFO - Sync 1 DAGs
[2026-08-06T16:28:53.076+0000] {logging_mixin.py:190} INFO - [2026-08-06T16:28:53.076+0000] {dag.py:4180} INFO - Setting next_dagrun for example_weekday_branch_operator to 2026-08-05 00:00:00+00:00, run_after=2026-08-06 00:00:00+00:00
[2026-08-06T16:28:53.097+0000] {processor.py:208} INFO - Processing /home/airflow/.local/lib/python3.12/site-packages/airflow/example_dags/example_branch_day_of_week_operator.py took 0.096 seconds
[2026-08-06T16:29:24.046+0000] {processor.py:186} INFO - Started process (PID=215) to work on /home/airflow/.local/lib/python3.12/site-packages/airflow/example_dags/example_branch_day_of_week_operator.py
[2026-08-06T16:29:24.048+0000] {processor.py:914} INFO - Processing file /home/airflow/.local/lib/python3.12/site-packages/airflow/example_dags/example_branch_day_of_week_operator.py for tasks to queue
[2026-08-06T16:29:24.051+0000] {logging_mixin.py:190} INFO - [2026-08-06T16:29:24.050+0000] {dagbag.py:588} INFO - Filling up the DagBag from /home/airflow/.local/lib/python3.12/site-packages/airflow/example_dags/example_branch_day_of_week_operator.py
[2026-08-06T16:29:24.060+0000] {processor.py:925} INFO - DAG(s) 'example_weekday_branch_operator' retrieved from /home/airflow/.local/lib/python3.12/site-packages/airflow/example_dags/example_branch_day_of_week_operator.py
[2026-08-06T16:29:24.079+0000] {logging_mixin.py:190} INFO - [2026-08-06T16:29:24.079+0000] {dag.py:3239} INFO - Sync 1 DAGs
[2026-08-06T16:29:24.106+0000] {logging_mixin.py:190} INFO - [2026-08-06T16:29:24.106+0000] {dag.py:4180} INFO - Setting next_dagrun for example_weekday_branch_operator to 2026-08-05 00:00:00+00:00, run_after=2026-08-06 00:00:00+00:00
[2026-08-06T16:29:24.128+0000] {processor.py:208} INFO - Processing /home/airflow/.local/lib/python3.12/site-packages/airflow/example_dags/example_branch_day_of_week_operator.py took 0.087 seconds
[2026-08-06T16:29:55.325+0000] {processor.py:186} INFO - Started process (PID=279) to work on /home/airflow/.local/lib/python3.12/site-packages/airflow/example_dags/example_branch_day_of_week_operator.py
[2026-08-06T16:29:55.327+0000] {processor.py:914} INFO - Processing file /home/airflow/.local/lib/python3.12/site-packages/airflow/example_dags/example_branch_day_of_week_operator.py for tasks to queue
[2026-08-06T16:29:55.331+0000] {logging_mixin.py:190} INFO - [2026-08-06T16:29:55.331+0000] {dagbag.py:588} INFO - Filling up the DagBag from /home/airflow/.local/lib/python3.12/site-packages/airflow/example_dags/example_branch_day_of_week_operator.py
[2026-08-06T16:29:55.340+0000] {processor.py:925} INFO - DAG(s) 'example_weekday_branch_operator' retrieved from /home/airflow/.local/lib/python3.12/site-packages/airflow/example_dags/example_branch_day_of_week_operator.py
[2026-08-06T16:29:55.366+0000] {logging_mixin.py:190} INFO - [2026-08-06T16:29:55.366+0000] {dag.py:3239} INFO - Sync 1 DAGs
[2026-08-06T16:29:55.393+0000] {logging_mixin.py:190} INFO - [2026-08-06T16:29:55.392+0000] {dag.py:4180} INFO - Setting next_dagrun for example_weekday_branch_operator to 2026-08-05 00:00:00+00:00, run_after=2026-08-06 00:00:00+00:00
[2026-08-06T16:29:55.418+0000] {processor.py:208} INFO - Processing /home/airflow/.local/lib/python3.12/site-packages/airflow/example_dags/example_branch_day_of_week_operator.py took 0.099 seconds
[2026-08-06T16:30:26.507+0000] {processor.py:186} INFO - Started process (PID=343) to work on /home/airflow/.local/lib/python3.12/site-packages/airflow/example_dags/example_branch_day_of_week_operator.py
[2026-08-06T16:30:26.508+0000] {processor.py:914} INFO - Processing file /home/airflow/.local/lib/python3.12/site-packages/airflow/example_dags/example_branch_day_of_week_operator.py for tasks to queue
[2026-08-06T16:30:26.510+0000] {logging_mixin.py:190} INFO - [2026-08-06T16:30:26.510+0000] {dagbag.py:588} INFO - Filling up the DagBag from /home/airflow/.local/lib/python3.12/site-packages/airflow/example_dags/example_branch_day_of_week_operator.py
[2026-08-06T16:30:26.520+0000] {processor.py:925} INFO - DAG(s) 'example_weekday_branch_operator' retrieved from /home/airflow/.local/lib/python3.12/site-packages/airflow/example_dags/example_branch_day_of_week_operator.py
[2026-08-06T16:30:26.539+0000] {logging_mixin.py:190} INFO - [2026-08-06T16:30:26.539+0000] {dag.py:3239} INFO - Sync 1 DAGs
[2026-08-06T16:30:26.578+0000] {logging_mixin.py:190} INFO - [2026-08-06T16:30:26.578+0000] {dag.py:4180} INFO - Setting next_dagrun for example_weekday_branch_operator to 2026-08-05 00:00:00+00:00, run_after=2026-08-06 00:00:00+00:00
[2026-08-06T16:30:26.601+0000] {processor.py:208} INFO - Processing /home/airflow/.local/lib/python3.12/site-packages/airflow/example_dags/example_branch_day_of_week_operator.py took 0.101 seconds
[2026-08-06T16:30:58.032+0000] {processor.py:186} INFO - Started process (PID=407) to work on /home/airflow/.local/lib/python3.12/site-packages/airflow/example_dags/example_branch_day_of_week_operator.py
[2026-08-06T16:30:58.034+0000] {processor.py:914} INFO - Processing file /home/airflow/.local/lib/python3.12/site-packages/airflow/example_dags/example_branch_day_of_week_operator.py for tasks to queue
[2026-08-06T16:30:58.040+0000] {logging_mixin.py:190} INFO - [2026-08-06T16:30:58.039+0000] {dagbag.py:588} INFO - Filling up the DagBag from /home/airflow/.local/lib/python3.12/site-packages/airflow/example_dags/example_branch_day_of_week_operator.py
[2026-08-06T16:30:58.057+0000] {processor.py:925} INFO - DAG(s) 'example_weekday_branch_operator' retrieved from /home/airflow/.local/lib/python3.12/site-packages/airflow/example_dags/example_branch_day_of_week_operator.py
[2026-08-06T16:30:58.091+0000] {logging_mixin.py:190} INFO - [2026-08-06T16:30:58.091+0000] {dag.py:3239} INFO - Sync 1 DAGs
[2026-08-06T16:30:58.123+0000] {logging_mixin.py:190} INFO - [2026-08-06T16:30:58.123+0000] {dag.py:4180} INFO - Setting next_dagrun for example_weekday_branch_operator to 2026-08-05 00:00:00+00:00, run_after=2026-08-06 00:00:00+00:00
[2026-08-06T16:30:58.160+0000] {processor.py:208} INFO - Processing /home/airflow/.local/lib/python3.12/site-packages/airflow/example_dags/example_branch_day_of_week_operator.py took 0.135 seconds
[2026-08-06T16:31:29.480+0000] {processor.py:186} INFO - Started process (PID=470) to work on /home/airflow/.local/lib/python3.12/site-packages/airflow/example_dags/example_branch_day_of_week_operator.py
[2026-08-06T16:31:29.482+0000] {processor.py:914} INFO - Processing file /home/airflow/.local/lib/python3.12/site-packages/airflow/example_dags/example_branch_day_of_week_operator.py for tasks to queue
[2026-08-06T16:31:29.487+0000] {logging_mixin.py:190} INFO - [2026-08-06T16:31:29.486+0000] {dagbag.py:588} INFO - Filling up the DagBag from /home/airflow/.local/lib/python3.12/site-packages/airflow/example_dags/example_branch_day_of_week_operator.py
[2026-08-06T16:31:29.501+0000] {processor.py:925} INFO - DAG(s) 'example_weekday_branch_operator' retrieved from /home/airflow/.local/lib/python3.12/site-packages/airflow/example_dags/example_branch_day_of_week_operator.py
[2026-08-06T16:31:29.530+0000] {logging_mixin.py:190} INFO - [2026-08-06T16:31:29.530+0000] {dag.py:3239} INFO - Sync 1 DAGs
[2026-08-06T16:31:29.563+0000] {logging_mixin.py:190} INFO - [2026-08-06T16:31:29.563+0000] {dag.py:4180} INFO - Setting next_dagrun for example_weekday_branch_operator to 2026-08-05 00:00:00+00:00, run_after=2026-08-06 00:00:00+00:00
[2026-08-06T16:31:29.591+0000] {processor.py:208} INFO - Processing /home/airflow/.local/lib/python3.12/site-packages/airflow/example_dags/example_branch_day_of_week_operator.py took 0.120 seconds
[2026-08-06T16:32:01.334+0000] {processor.py:186} INFO - Started process (PID=533) to work on /home/airflow/.local/lib/python3.12/site-packages/airflow/example_dags/example_branch_day_of_week_operator.py
[2026-08-06T16:32:01.339+0000] {processor.py:914} INFO - Processing file /home/airflow/.local/lib/python3.12/site-packages/airflow/example_dags/example_branch_day_of_week_operator.py for tasks to queue
[2026-08-06T16:32:01.347+0000] {logging_mixin.py:190} INFO - [2026-08-06T16:32:01.346+0000] {dagbag.py:588} INFO - Filling up the DagBag from /home/airflow/.local/lib/python3.12/site-packages/airflow/example_dags/example_branch_day_of_week_operator.py
[2026-08-06T16:32:01.370+0000] {processor.py:925} INFO - DAG(s) 'example_weekday_branch_operator' retrieved from /home/airflow/.local/lib/python3.12/site-packages/airflow/example_dags/example_branch_day_of_week_operator.py
[2026-08-06T16:32:01.408+0000] {logging_mixin.py:190} INFO - [2026-08-06T16:32:01.407+0000] {dag.py:3239} INFO - Sync 1 DAGs
[2026-08-06T16:32:01.456+0000] {logging_mixin.py:190} INFO - [2026-08-06T16:32:01.456+0000] {dag.py:4180} INFO - Setting next_dagrun for example_weekday_branch_operator to 2026-08-05 00:00:00+00:00, run_after=2026-08-06 00:00:00+00:00
[2026-08-06T16:32:01.492+0000] {processor.py:208} INFO - Processing /home/airflow/.local/lib/python3.12/site-packages/airflow/example_dags/example_branch_day_of_week_operator.py took 0.166 seconds
[2026-08-06T16:32:31.645+0000] {processor.py:186} INFO - Started process (PID=597) to work on /home/airflow/.local/lib/python3.12/site-packages/airflow/example_dags/example_branch_day_of_week_operator.py
[2026-08-06T16:32:31.646+0000] {processor.py:914} INFO - Processing file /home/airflow/.local/lib/python3.12/site-packages/airflow/example_dags/example_branch_day_of_week_operator.py for tasks to queue
[2026-08-06T16:32:31.649+0000] {logging_mixin.py:190} INFO - [2026-08-06T16:32:31.649+0000] {dagbag.py:588} INFO - Filling up the DagBag from /home/airflow/.local/lib/python3.12/site-packages/airflow/example_dags/example_branch_day_of_week_operator.py
[2026-08-06T16:32:31.660+0000] {processor.py:925} INFO - DAG(s) 'example_weekday_branch_operator' retrieved from /home/airflow/.local/lib/python3.12/site-packages/airflow/example_dags/example_branch_day_of_week_operator.py
[2026-08-06T16:32:31.678+0000] {logging_mixin.py:190} INFO - [2026-08-06T16:32:31.678+0000] {dag.py:3239} INFO - Sync 1 DAGs
[2026-08-06T16:32:31.697+0000] {logging_mixin.py:190} INFO - [2026-08-06T16:32:31.697+0000] {dag.py:4180} INFO - Setting next_dagrun for example_weekday_branch_operator to 2026-08-05 00:00:00+00:00, run_after=2026-08-06 00:00:00+00:00
[2026-08-06T16:32:31.713+0000] {processor.py:208} INFO - Processing /home/airflow/.local/lib/python3.12/site-packages/airflow/example_dags/example_branch_day_of_week_operator.py took 0.073 seconds
[2026-08-06T16:33:02.915+0000] {processor.py:186} INFO - Started process (PID=661) to work on /home/airflow/.local/lib/python3.12/site-packages/airflow/example_dags/example_branch_day_of_week_operator.py
[2026-08-06T16:33:02.916+0000] {processor.py:914} INFO - Processing file /home/airflow/.local/lib/python3.12/site-packages/airflow/example_dags/example_branch_day_of_week_operator.py for tasks to queue
[2026-08-06T16:33:02.917+0000] {logging_mixin.py:190} INFO - [2026-08-06T16:33:02.917+0000] {dagbag.py:588} INFO - Filling up the DagBag from /home/airflow/.local/lib/python3.12/site-packages/airflow/example_dags/example_branch_day_of_week_operator.py
[2026-08-06T16:33:02.925+0000] {processor.py:925} INFO - DAG(s) 'example_weekday_branch_operator' retrieved from /home/airflow/.local/lib/python3.12/site-packages/airflow/example_dags/example_branch_day_of_week_operator.py
[2026-08-06T16:33:02.941+0000] {logging_mixin.py:190} INFO - [2026-08-06T16:33:02.941+0000] {dag.py:3239} INFO - Sync 1 DAGs
[2026-08-06T16:33:02.959+0000] {logging_mixin.py:190} INFO - [2026-08-06T16:33:02.959+0000] {dag.py:4180} INFO - Setting next_dagrun for example_weekday_branch_operator to 2026-08-05 00:00:00+00:00, run_after=2026-08-06 00:00:00+00:00
[2026-08-06T16:33:02.976+0000] {processor.py:208} INFO - Processing /home/airflow/.local/lib/python3.12/site-packages/airflow/example_dags/example_branch_day_of_week_operator.py took 0.067 seconds
[2026-08-06T16:33:34.082+0000] {processor.py:186} INFO - Started process (PID=725) to work on /home/airflow/.local/lib/python3.12/site-packages/airflow/example_dags/example_branch_day_of_week_operator.py
[2026-08-06T16:33:34.084+0000] {processor.py:914} INFO - Processing file /home/airflow/.local/lib/python3.12/site-packages/airflow/example_dags/example_branch_day_of_week_operator.py for tasks to queue
[2026-08-06T16:33:34.086+0000] {logging_mixin.py:190} INFO - [2026-08-06T16:33:34.085+0000] {dagbag.py:588} INFO - Filling up the DagBag from /home/airflow/.local/lib/python3.12/site-packages/airflow/example_dags/example_branch_day_of_week_operator.py
[2026-08-06T16:33:34.093+0000] {processor.py:925} INFO - DAG(s) 'example_weekday_branch_operator' retrieved from /home/airflow/.local/lib/python3.12/site-packages/airflow/example_dags/example_branch_day_of_week_operator.py
[2026-08-06T16:33:34.107+0000] {logging_mixin.py:190} INFO - [2026-08-06T16:33:34.107+0000] {dag.py:3239} INFO - Sync 1 DAGs
[2026-08-06T16:33:34.124+0000] {logging_mixin.py:190} INFO - [2026-08-06T16:33:34.124+0000] {dag.py:4180} INFO - Setting next_dagrun for example_weekday_branch_operator to 2026-08-05 00:00:00+00:00, run_after=2026-08-06 00:00:00+00:00
[2026-08-06T16:33:34.137+0000] {processor.py:208} INFO - Processing /home/airflow/.local/lib/python3.12/site-packages/airflow/example_dags/example_branch_day_of_week_operator.py took 0.060 seconds
[2026-08-06T16:34:05.287+0000] {processor.py:186} INFO - Started process (PID=789) to work on /home/airflow/.local/lib/python3.12/site-packages/airflow/example_dags/example_branch_day_of_week_operator.py
[2026-08-06T16:34:05.288+0000] {processor.py:914} INFO - Processing file /home/airflow/.local/lib/python3.12/site-packages/airflow/example_dags/example_branch_day_of_week_operator.py for tasks to queue
[2026-08-06T16:34:05.290+0000] {logging_mixin.py:190} INFO - [2026-08-06T16:34:05.290+0000] {dagbag.py:588} INFO - Filling up the DagBag from /home/airflow/.local/lib/python3.12/site-packages/airflow/example_dags/example_branch_day_of_week_operator.py
[2026-08-06T16:34:05.299+0000] {processor.py:925} INFO - DAG(s) 'example_weekday_branch_operator' retrieved from /home/airflow/.local/lib/python3.12/site-packages/airflow/example_dags/example_branch_day_of_week_operator.py
[2026-08-06T16:34:05.316+0000] {logging_mixin.py:190} INFO - [2026-08-06T16:34:05.316+0000] {dag.py:3239} INFO - Sync 1 DAGs
[2026-08-06T16:34:05.336+0000] {logging_mixin.py:190} INFO - [2026-08-06T16:34:05.336+0000] {dag.py:4180} INFO - Setting next_dagrun for example_weekday_branch_operator to 2026-08-05 00:00:00+00:00, run_after=2026-08-06 00:00:00+00:00
[2026-08-06T16:34:05.353+0000] {processor.py:208} INFO - Processing /home/airflow/.local/lib/python3.12/site-packages/airflow/example_dags/example_branch_day_of_week_operator.py took 0.072 seconds
[2026-08-06T16:34:36.247+0000] {processor.py:186} INFO - Started process (PID=853) to work on /home/airflow/.local/lib/python3.12/site-packages/airflow/example_dags/example_branch_day_of_week_operator.py
[2026-08-06T16:34:36.249+0000] {processor.py:914} INFO - Processing file /home/airflow/.local/lib/python3.12/site-packages/airflow/example_dags/example_branch_day_of_week_operator.py for tasks to queue
[2026-08-06T16:34:36.252+0000] {logging_mixin.py:190} INFO - [2026-08-06T16:34:36.251+0000] {dagbag.py:588} INFO - Filling up the DagBag from /home/airflow/.local/lib/python3.12/site-packages/airflow/example_dags/example_branch_day_of_week_operator.py
[2026-08-06T16:34:36.262+0000] {processor.py:925} INFO - DAG(s) 'example_weekday_branch_operator' retrieved from /home/airflow/.local/lib/python3.12/site-packages/airflow/example_dags/example_branch_day_of_week_operator.py
[2026-08-06T16:34:36.280+0000] {logging_mixin.py:190} INFO - [2026-08-06T16:34:36.280+0000] {dag.py:3239} INFO - Sync 1 DAGs
[2026-08-06T16:34:36.300+0000] {logging_mixin.py:190} INFO - [2026-08-06T16:34:36.300+0000] {dag.py:4180} INFO - Setting next_dagrun for example_weekday_branch_operator to 2026-08-05 00:00:00+00:00, run_after=2026-08-06 00:00:00+00:00
[2026-08-06T16:34:36.316+0000] {processor.py:208} INFO - Processing /home/airflow/.local/lib/python3.12/site-packages/airflow/example_dags/example_branch_day_of_week_operator.py took 0.075 seconds
[2026-08-06T16:35:06.930+0000] {processor.py:186} INFO - Started process (PID=917) to work on /home/airflow/.local/lib/python3.12/site-packages/airflow/example_dags/example_branch_day_of_week_operator.py
[2026-08-06T16:35:06.931+0000] {processor.py:914} INFO - Processing file /home/airflow/.local/lib/python3.12/site-packages/airflow/example_dags/example_branch_day_of_week_operator.py for tasks to queue
[2026-08-06T16:35:06.933+0000] {logging_mixin.py:190} INFO - [2026-08-06T16:35:06.933+0000] {dagbag.py:588} INFO - Filling up the DagBag from /home/airflow/.local/lib/python3.12/site-packages/airflow/example_dags/example_branch_day_of_week_operator.py
[2026-08-06T16:35:06.941+0000] {processor.py:925} INFO - DAG(s) 'example_weekday_branch_operator' retrieved from /home/airflow/.local/lib/python3.12/site-packages/airflow/example_dags/example_branch_day_of_week_operator.py
[2026-08-06T16:35:06.959+0000] {logging_mixin.py:190} INFO - [2026-08-06T16:35:06.959+0000] {dag.py:3239} INFO - Sync 1 DAGs
[2026-08-06T16:35:06.980+0000] {logging_mixin.py:190} INFO - [2026-08-06T16:35:06.980+0000] {dag.py:4180} INFO - Setting next_dagrun for example_weekday_branch_operator to 2026-08-05 00:00:00+00:00, run_after=2026-08-06 00:00:00+00:00
[2026-08-06T16:35:06.998+0000] {processor.py:208} INFO - Processing /home/airflow/.local/lib/python3.12/site-packages/airflow/example_dags/example_branch_day_of_week_operator.py took 0.072 seconds
[2026-08-06T16:35:37.854+0000] {processor.py:186} INFO - Started process (PID=981) to work on /home/airflow/.local/lib/python3.12/site-packages/airflow/example_dags/example_branch_day_of_week_operator.py
[2026-08-06T16:35:37.855+0000] {processor.py:914} INFO - Processing file /home/airflow/.local/lib/python3.12/site-packages/airflow/example_dags/example_branch_day_of_week_operator.py for tasks to queue
[2026-08-06T16:35:37.856+0000] {logging_mixin.py:190} INFO - [2026-08-06T16:35:37.856+0000] {dagbag.py:588} INFO - Filling up the DagBag from /home/airflow/.local/lib/python3.12/site-packages/airflow/example_dags/example_branch_day_of_week_operator.py
[2026-08-06T16:35:37.864+0000] {processor.py:925} INFO - DAG(s) 'example_weekday_branch_operator' retrieved from /home/airflow/.local/lib/python3.12/site-packages/airflow/example_dags/example_branch_day_of_week_operator.py
[2026-08-06T16:35:37.882+0000] {logging_mixin.py:190} INFO - [2026-08-06T16:35:37.881+0000] {dag.py:3239} INFO - Sync 1 DAGs
[2026-08-06T16:35:37.901+0000] {logging_mixin.py:190} INFO - [2026-08-06T16:35:37.901+0000] {dag.py:4180} INFO - Setting next_dagrun for example_weekday_branch_operator to 2026-08-05 00:00:00+00:00, run_after=2026-08-06 00:00:00+00:00
[2026-08-06T16:35:37.920+0000] {processor.py:208} INFO - Processing /home/airflow/.local/lib/python3.12/site-packages/airflow/example_dags/example_branch_day_of_week_operator.py took 0.070 seconds
[2026-08-06T16:36:08.799+0000] {processor.py:186} INFO - Started process (PID=1045) to work on /home/airflow/.local/lib/python3.12/site-packages/airflow/example_dags/example_branch_day_of_week_operator.py
[2026-08-06T16:36:08.801+0000] {processor.py:914} INFO - Processing file /home/airflow/.local/lib/python3.12/site-packages/airflow/example_dags/example_branch_day_of_week_operator.py for tasks to queue
[2026-08-06T16:36:08.803+0000] {logging_mixin.py:190} INFO - [2026-08-06T16:36:08.803+0000] {dagbag.py:588} INFO - Filling up the DagBag from /home/airflow/.local/lib/python3.12/site-packages/airflow/example_dags/example_branch_day_of_week_operator.py
[2026-08-06T16:36:08.810+0000] {processor.py:925} INFO - DAG(s) 'example_weekday_branch_operator' retrieved from /home/airflow/.local/lib/python3.12/site-packages/airflow/example_dags/example_branch_day_of_week_operator.py
[2026-08-06T16:36:08.826+0000] {logging_mixin.py:190} INFO - [2026-08-06T16:36:08.826+0000] {dag.py:3239} INFO - Sync 1 DAGs
[2026-08-06T16:36:08.843+0000] {logging_mixin.py:190} INFO - [2026-08-06T16:36:08.843+0000] {dag.py:4180} INFO - Setting next_dagrun for example_weekday_branch_operator to 2026-08-05 00:00:00+00:00, run_after=2026-08-06 00:00:00+00:00
[2026-08-06T16:36:08.860+0000] {processor.py:208} INFO - Processing /home/airflow/.local/lib/python3.12/site-packages/airflow/example_dags/example_branch_day_of_week_operator.py took 0.065 seconds
[2026-08-06T16:36:39.706+0000] {processor.py:186} INFO - Started process (PID=1109) to work on /home/airflow/.local/lib/python3.12/site-packages/airflow/example_dags/example_branch_day_of_week_operator.py
[2026-08-06T16:36:39.707+0000] {processor.py:914} INFO - Processing file /home/airflow/.local/lib/python3.12/site-packages/airflow/example_dags/example_branch_day_of_week_operator.py for tasks to queue
[2026-08-06T16:36:39.709+0000] {logging_mixin.py:190} INFO - [2026-08-06T16:36:39.709+0000] {dagbag.py:588} INFO - Filling up the DagBag from /home/airflow/.local/lib/python3.12/site-packages/airflow/example_dags/example_branch_day_of_week_operator.py
[2026-08-06T16:36:39.718+0000] {processor.py:925} INFO - DAG(s) 'example_weekday_branch_operator' retrieved from /home/airflow/.local/lib/python3.12/site-packages/airflow/example_dags/example_branch_day_of_week_operator.py
[2026-08-06T16:36:39.734+0000] {logging_mixin.py:190} INFO - [2026-08-06T16:36:39.734+0000] {dag.py:3239} INFO - Sync 1 DAGs
[2026-08-06T16:36:39.753+0000] {logging_mixin.py:190} INFO - [2026-08-06T16:36:39.753+0000] {dag.py:4180} INFO - Setting next_dagrun for example_weekday_branch_operator to 2026-08-05 00:00:00+00:00, run_after=2026-08-06 00:00:00+00:00
[2026-08-06T16:36:39.776+0000] {processor.py:208} INFO - Processing /home/airflow/.local/lib/python3.12/site-packages/airflow/example_dags/example_branch_day_of_week_operator.py took 0.076 seconds
[2026-08-06T16:37:10.874+0000] {processor.py:186} INFO - Started process (PID=1173) to work on /home/airflow/.local/lib/python3.12/site-packages/airflow/example_dags/example_branch_day_of_week_operator.py
[2026-08-06T16:37:10.875+0000] {processor.py:914} INFO - Processing file /home/airflow/.local/lib/python3.12/site-packages/airflow/example_dags/example_branch_day_of_week_operator.py for tasks to queue
[2026-08-06T16:37:10.877+0000] {logging_mixin.py:190} INFO - [2026-08-06T16:37:10.877+0000] {dagbag.py:588} INFO - Filling up the DagBag from /home/airflow/.local/lib/python3.12/site-packages/airflow/example_dags/example_branch_day_of_week_operator.py
[2026-08-06T16:37:10.886+0000] {processor.py:925} INFO - DAG(s) 'example_weekday_branch_operator' retrieved from /home/airflow/.local/lib/python3.12/site-packages/airflow/example_dags/example_branch_day_of_week_operator.py
[2026-08-06T16:37:10.902+0000] {logging_mixin.py:190} INFO - [2026-08-06T16:37:10.902+0000] {dag.py:3239} INFO - Sync 1 DAGs
[2026-08-06T16:37:10.921+0000] {logging_mixin.py:190} INFO - [2026-08-06T16:37:10.921+0000] {dag.py:4180} INFO - Setting next_dagrun for example_weekday_branch_operator to 2026-08-05 00:00:00+00:00, run_after=2026-08-06 00:00:00+00:00
[2026-08-06T16:37:10.936+0000] {processor.py:208} INFO - Processing /home/airflow/.local/lib/python3.12/site-packages/airflow/example_dags/example_branch_day_of_week_operator.py took 0.067 seconds
[2026-08-06T16:37:42.363+0000] {processor.py:186} INFO - Started process (PID=1237) to work on /home/airflow/.local/lib/python3.12/site-packages/airflow/example_dags/example_branch_day_of_week_operator.py
[2026-08-06T16:37:42.364+0000] {processor.py:914} INFO - Processing file /home/airflow/.local/lib/python3.12/site-packages/airflow/example_dags/example_branch_day_of_week_operator.py for tasks to queue
[2026-08-06T16:37:42.366+0000] {logging_mixin.py:190} INFO - [2026-08-06T16:37:42.366+0000] {dagbag.py:588} INFO - Filling up the DagBag from /home/airflow/.local/lib/python3.12/site-packages/airflow/example_dags/example_branch_day_of_week_operator.py
[2026-08-06T16:37:42.374+0000] {processor.py:925} INFO - DAG(s) 'example_weekday_branch_operator' retrieved from /home/airflow/.local/lib/python3.12/site-packages/airflow/example_dags/example_branch_day_of_week_operator.py
[2026-08-06T16:37:42.391+0000] {logging_mixin.py:190} INFO - [2026-08-06T16:37:42.391+0000] {dag.py:3239} INFO - Sync 1 DAGs
[2026-08-06T16:37:42.411+0000] {logging_mixin.py:190} INFO - [2026-08-06T16:37:42.411+0000] {dag.py:4180} INFO - Setting next_dagrun for example_weekday_branch_operator to 2026-08-05 00:00:00+00:00, run_after=2026-08-06 00:00:00+00:00
[2026-08-06T16:37:42.429+0000] {processor.py:208} INFO - Processing /home/airflow/.local/lib/python3.12/site-packages/airflow/example_dags/example_branch_day_of_week_operator.py took 0.070 seconds
[2026-08-06T16:38:12.916+0000] {processor.py:186} INFO - Started process (PID=1300) to work on /home/airflow/.local/lib/python3.12/site-packages/airflow/example_dags/example_branch_day_of_week_operator.py
[2026-08-06T16:38:12.917+0000] {processor.py:914} INFO - Processing file /home/airflow/.local/lib/python3.12/site-packages/airflow/example_dags/example_branch_day_of_week_operator.py for tasks to queue
[2026-08-06T16:38:12.919+0000] {logging_mixin.py:190} INFO - [2026-08-06T16:38:12.919+0000] {dagbag.py:588} INFO - Filling up the DagBag from /home/airflow/.local/lib/python3.12/site-packages/airflow/example_dags/example_branch_day_of_week_operator.py
[2026-08-06T16:38:12.926+0000] {processor.py:925} INFO - DAG(s) 'example_weekday_branch_operator' retrieved from /home/airflow/.local/lib/python3.12/site-packages/airflow/example_dags/example_branch_day_of_week_operator.py
[2026-08-06T16:38:12.940+0000] {logging_mixin.py:190} INFO - [2026-08-06T16:38:12.940+0000] {dag.py:3239} INFO - Sync 1 DAGs
[2026-08-06T16:38:12.958+0000] {logging_mixin.py:190} INFO - [2026-08-06T16:38:12.957+0000] {dag.py:4180} INFO - Setting next_dagrun for example_weekday_branch_operator to 2026-08-05 00:00:00+00:00, run_after=2026-08-06 00:00:00+00:00
[2026-08-06T16:38:12.974+0000] {processor.py:208} INFO - Processing /home/airflow/.local/lib/python3.12/site-packages/airflow/example_dags/example_branch_day_of_week_operator.py took 0.063 seconds
[2026-08-06T16:38:44.268+0000] {processor.py:186} INFO - Started process (PID=1365) to work on /home/airflow/.local/lib/python3.12/site-packages/airflow/example_dags/example_branch_day_of_week_operator.py
[2026-08-06T16:38:44.269+0000] {processor.py:914} INFO - Processing file /home/airflow/.local/lib/python3.12/site-packages/airflow/example_dags/example_branch_day_of_week_operator.py for tasks to queue
[2026-08-06T16:38:44.271+0000] {logging_mixin.py:190} INFO - [2026-08-06T16:38:44.271+0000] {dagbag.py:588} INFO - Filling up the DagBag from /home/airflow/.local/lib/python3.12/site-packages/airflow/example_dags/example_branch_day_of_week_operator.py
[2026-08-06T16:38:44.279+0000] {processor.py:925} INFO - DAG(s) 'example_weekday_branch_operator' retrieved from /home/airflow/.local/lib/python3.12/site-packages/airflow/example_dags/example_branch_day_of_week_operator.py
[2026-08-06T16:38:44.295+0000] {logging_mixin.py:190} INFO - [2026-08-06T16:38:44.295+0000] {dag.py:3239} INFO - Sync 1 DAGs
[2026-08-06T16:38:44.315+0000] {logging_mixin.py:190} INFO - [2026-08-06T16:38:44.315+0000] {dag.py:4180} INFO - Setting next_dagrun for example_weekday_branch_operator to 2026-08-05 00:00:00+00:00, run_after=2026-08-06 00:00:00+00:00
[2026-08-06T16:38:44.331+0000] {processor.py:208} INFO - Processing /home/airflow/.local/lib/python3.12/site-packages/airflow/example_dags/example_branch_day_of_week_operator.py took 0.067 seconds
[2026-08-06T16:39:15.325+0000] {processor.py:186} INFO - Started process (PID=1429) to work on /home/airflow/.local/lib/python3.12/site-packages/airflow/example_dags/example_branch_day_of_week_operator.py
[2026-08-06T16:39:15.326+0000] {processor.py:914} INFO - Processing file /home/airflow/.local/lib/python3.12/site-packages/airflow/example_dags/example_branch_day_of_week_operator.py for tasks to queue
[2026-08-06T16:39:15.328+0000] {logging_mixin.py:190} INFO - [2026-08-06T16:39:15.328+0000] {dagbag.py:588} INFO - Filling up the DagBag from /home/airflow/.local/lib/python3.12/site-packages/airflow/example_dags/example_branch_day_of_week_operator.py
[2026-08-06T16:39:15.337+0000] {processor.py:925} INFO - DAG(s) 'example_weekday_branch_operator' retrieved from /home/airflow/.local/lib/python3.12/site-packages/airflow/example_dags/example_branch_day_of_week_operator.py
[2026-08-06T16:39:15.352+0000] {logging_mixin.py:190} INFO - [2026-08-06T16:39:15.352+0000] {dag.py:3239} INFO - Sync 1 DAGs
[2026-08-06T16:39:15.372+0000] {logging_mixin.py:190} INFO - [2026-08-06T16:39:15.371+0000] {dag.py:4180} INFO - Setting next_dagrun for example_weekday_branch_operator to 2026-08-05 00:00:00+00:00, run_after=2026-08-06 00:00:00+00:00
[2026-08-06T16:39:15.387+0000] {processor.py:208} INFO - Processing /home/airflow/.local/lib/python3.12/site-packages/airflow/example_dags/example_branch_day_of_week_operator.py took 0.067 seconds
[2026-08-06T16:39:47.086+0000] {processor.py:186} INFO - Started process (PID=1493) to work on /home/airflow/.local/lib/python3.12/site-packages/airflow/example_dags/example_branch_day_of_week_operator.py
[2026-08-06T16:39:47.088+0000] {processor.py:914} INFO - Processing file /home/airflow/.local/lib/python3.12/site-packages/airflow/example_dags/example_branch_day_of_week_operator.py for tasks to queue
[2026-08-06T16:39:47.090+0000] {logging_mixin.py:190} INFO - [2026-08-06T16:39:47.090+0000] {dagbag.py:588} INFO - Filling up the DagBag from /home/airflow/.local/lib/python3.12/site-packages/airflow/example_dags/example_branch_day_of_week_operator.py
[2026-08-06T16:39:47.102+0000] {processor.py:925} INFO - DAG(s) 'example_weekday_branch_operator' retrieved from /home/airflow/.local/lib/python3.12/site-packages/airflow/example_dags/example_branch_day_of_week_operator.py
[2026-08-06T16:39:47.127+0000] {logging_mixin.py:190} INFO - [2026-08-06T16:39:47.127+0000] {dag.py:3239} INFO - Sync 1 DAGs
[2026-08-06T16:39:47.153+0000] {logging_mixin.py:190} INFO - [2026-08-06T16:39:47.152+0000] {dag.py:4180} INFO - Setting next_dagrun for example_weekday_branch_operator to 2026-08-05 00:00:00+00:00, run_after=2026-08-06 00:00:00+00:00
[2026-08-06T16:39:47.177+0000] {processor.py:208} INFO - Processing /home/airflow/.local/lib/python3.12/site-packages/airflow/example_dags/example_branch_day_of_week_operator.py took 0.098 seconds
[2026-08-06T16:41:15.150+0000] {processor.py:186} INFO - Started process (PID=87) to work on /home/airflow/.local/lib/python3.12/site-packages/airflow/example_dags/example_branch_day_of_week_operator.py
[2026-08-06T16:41:15.152+0000] {processor.py:914} INFO - Processing file /home/airflow/.local/lib/python3.12/site-packages/airflow/example_dags/example_branch_day_of_week_operator.py for tasks to queue
[2026-08-06T16:41:15.156+0000] {logging_mixin.py:190} INFO - [2026-08-06T16:41:15.156+0000] {dagbag.py:588} INFO - Filling up the DagBag from /home/airflow/.local/lib/python3.12/site-packages/airflow/example_dags/example_branch_day_of_week_operator.py
[2026-08-06T16:41:15.171+0000] {processor.py:925} INFO - DAG(s) 'example_weekday_branch_operator' retrieved from /home/airflow/.local/lib/python3.12/site-packages/airflow/example_dags/example_branch_day_of_week_operator.py
[2026-08-06T16:41:15.196+0000] {logging_mixin.py:190} INFO - [2026-08-06T16:41:15.196+0000] {dag.py:3239} INFO - Sync 1 DAGs
[2026-08-06T16:41:15.227+0000] {logging_mixin.py:190} INFO - [2026-08-06T16:41:15.226+0000] {dag.py:4180} INFO - Setting next_dagrun for example_weekday_branch_operator to 2026-08-05 00:00:00+00:00, run_after=2026-08-06 00:00:00+00:00
[2026-08-06T16:41:15.254+0000] {processor.py:208} INFO - Processing /home/airflow/.local/lib/python3.12/site-packages/airflow/example_dags/example_branch_day_of_week_operator.py took 0.111 seconds
[2026-08-06T16:41:46.027+0000] {processor.py:186} INFO - Started process (PID=151) to work on /home/airflow/.local/lib/python3.12/site-packages/airflow/example_dags/example_branch_day_of_week_operator.py
[2026-08-06T16:41:46.028+0000] {processor.py:914} INFO - Processing file /home/airflow/.local/lib/python3.12/site-packages/airflow/example_dags/example_branch_day_of_week_operator.py for tasks to queue
[2026-08-06T16:41:46.030+0000] {logging_mixin.py:190} INFO - [2026-08-06T16:41:46.030+0000] {dagbag.py:588} INFO - Filling up the DagBag from /home/airflow/.local/lib/python3.12/site-packages/airflow/example_dags/example_branch_day_of_week_operator.py
[2026-08-06T16:41:46.037+0000] {processor.py:925} INFO - DAG(s) 'example_weekday_branch_operator' retrieved from /home/airflow/.local/lib/python3.12/site-packages/airflow/example_dags/example_branch_day_of_week_operator.py
[2026-08-06T16:41:46.053+0000] {logging_mixin.py:190} INFO - [2026-08-06T16:41:46.052+0000] {dag.py:3239} INFO - Sync 1 DAGs
[2026-08-06T16:41:46.069+0000] {logging_mixin.py:190} INFO - [2026-08-06T16:41:46.069+0000] {dag.py:4180} INFO - Setting next_dagrun for example_weekday_branch_operator to 2026-08-05 00:00:00+00:00, run_after=2026-08-06 00:00:00+00:00
[2026-08-06T16:41:46.082+0000] {processor.py:208} INFO - Processing /home/airflow/.local/lib/python3.12/site-packages/airflow/example_dags/example_branch_day_of_week_operator.py took 0.060 seconds
[2026-08-06T16:42:17.190+0000] {processor.py:186} INFO - Started process (PID=215) to work on /home/airflow/.local/lib/python3.12/site-packages/airflow/example_dags/example_branch_day_of_week_operator.py
[2026-08-06T16:42:17.191+0000] {processor.py:914} INFO - Processing file /home/airflow/.local/lib/python3.12/site-packages/airflow/example_dags/example_branch_day_of_week_operator.py for tasks to queue
[2026-08-06T16:42:17.194+0000] {logging_mixin.py:190} INFO - [2026-08-06T16:42:17.193+0000] {dagbag.py:588} INFO - Filling up the DagBag from /home/airflow/.local/lib/python3.12/site-packages/airflow/example_dags/example_branch_day_of_week_operator.py
[2026-08-06T16:42:17.201+0000] {processor.py:925} INFO - DAG(s) 'example_weekday_branch_operator' retrieved from /home/airflow/.local/lib/python3.12/site-packages/airflow/example_dags/example_branch_day_of_week_operator.py
[2026-08-06T16:42:17.219+0000] {logging_mixin.py:190} INFO - [2026-08-06T16:42:17.218+0000] {dag.py:3239} INFO - Sync 1 DAGs
[2026-08-06T16:42:17.261+0000] {logging_mixin.py:190} INFO - [2026-08-06T16:42:17.261+0000] {dag.py:4180} INFO - Setting next_dagrun for example_weekday_branch_operator to 2026-08-05 00:00:00+00:00, run_after=2026-08-06 00:00:00+00:00
[2026-08-06T16:42:17.288+0000] {processor.py:208} INFO - Processing /home/airflow/.local/lib/python3.12/site-packages/airflow/example_dags/example_branch_day_of_week_operator.py took 0.102 seconds
[2026-08-06T16:42:47.690+0000] {processor.py:186} INFO - Started process (PID=279) to work on /home/airflow/.local/lib/python3.12/site-packages/airflow/example_dags/example_branch_day_of_week_operator.py
[2026-08-06T16:42:47.691+0000] {processor.py:914} INFO - Processing file /home/airflow/.local/lib/python3.12/site-packages/airflow/example_dags/example_branch_day_of_week_operator.py for tasks to queue
[2026-08-06T16:42:47.694+0000] {logging_mixin.py:190} INFO - [2026-08-06T16:42:47.694+0000] {dagbag.py:588} INFO - Filling up the DagBag from /home/airflow/.local/lib/python3.12/site-packages/airflow/example_dags/example_branch_day_of_week_operator.py
[2026-08-06T16:42:47.704+0000] {processor.py:925} INFO - DAG(s) 'example_weekday_branch_operator' retrieved from /home/airflow/.local/lib/python3.12/site-packages/airflow/example_dags/example_branch_day_of_week_operator.py
[2026-08-06T16:42:47.721+0000] {logging_mixin.py:190} INFO - [2026-08-06T16:42:47.721+0000] {dag.py:3239} INFO - Sync 1 DAGs
[2026-08-06T16:42:47.742+0000] {logging_mixin.py:190} INFO - [2026-08-06T16:42:47.742+0000] {dag.py:4180} INFO - Setting next_dagrun for example_weekday_branch_operator to 2026-08-05 00:00:00+00:00, run_after=2026-08-06 00:00:00+00:00
[2026-08-06T16:42:47.759+0000] {processor.py:208} INFO - Processing /home/airflow/.local/lib/python3.12/site-packages/airflow/example_dags/example_branch_day_of_week_operator.py took 0.075 seconds
[2026-08-06T16:43:18.468+0000] {processor.py:186} INFO - Started process (PID=343) to work on /home/airflow/.local/lib/python3.12/site-packages/airflow/example_dags/example_branch_day_of_week_operator.py
[2026-08-06T16:43:18.470+0000] {processor.py:914} INFO - Processing file /home/airflow/.local/lib/python3.12/site-packages/airflow/example_dags/example_branch_day_of_week_operator.py for tasks to queue
[2026-08-06T16:43:18.472+0000] {logging_mixin.py:190} INFO - [2026-08-06T16:43:18.472+0000] {dagbag.py:588} INFO - Filling up the DagBag from /home/airflow/.local/lib/python3.12/site-packages/airflow/example_dags/example_branch_day_of_week_operator.py
[2026-08-06T16:43:18.481+0000] {processor.py:925} INFO - DAG(s) 'example_weekday_branch_operator' retrieved from /home/airflow/.local/lib/python3.12/site-packages/airflow/example_dags/example_branch_day_of_week_operator.py
[2026-08-06T16:43:18.502+0000] {logging_mixin.py:190} INFO - [2026-08-06T16:43:18.502+0000] {dag.py:3239} INFO - Sync 1 DAGs
[2026-08-06T16:43:18.525+0000] {logging_mixin.py:190} INFO - [2026-08-06T16:43:18.525+0000] {dag.py:4180} INFO - Setting next_dagrun for example_weekday_branch_operator to 2026-08-05 00:00:00+00:00, run_after=2026-08-06 00:00:00+00:00
[2026-08-06T16:43:18.544+0000] {processor.py:208} INFO - Processing /home/airflow/.local/lib/python3.12/site-packages/airflow/example_dags/example_branch_day_of_week_operator.py took 0.081 seconds
[2026-08-06T16:43:49.539+0000] {processor.py:186} INFO - Started process (PID=407) to work on /home/airflow/.local/lib/python3.12/site-packages/airflow/example_dags/example_branch_day_of_week_operator.py
[2026-08-06T16:43:49.540+0000] {processor.py:914} INFO - Processing file /home/airflow/.local/lib/python3.12/site-packages/airflow/example_dags/example_branch_day_of_week_operator.py for tasks to queue
[2026-08-06T16:43:49.543+0000] {logging_mixin.py:190} INFO - [2026-08-06T16:43:49.543+0000] {dagbag.py:588} INFO - Filling up the DagBag from /home/airflow/.local/lib/python3.12/site-packages/airflow/example_dags/example_branch_day_of_week_operator.py
[2026-08-06T16:43:49.555+0000] {processor.py:925} INFO - DAG(s) 'example_weekday_branch_operator' retrieved from /home/airflow/.local/lib/python3.12/site-packages/airflow/example_dags/example_branch_day_of_week_operator.py
[2026-08-06T16:43:49.578+0000] {logging_mixin.py:190} INFO - [2026-08-06T16:43:49.578+0000] {dag.py:3239} INFO - Sync 1 DAGs
[2026-08-06T16:43:49.609+0000] {logging_mixin.py:190} INFO - [2026-08-06T16:43:49.608+0000] {dag.py:4180} INFO - Setting next_dagrun for example_weekday_branch_operator to 2026-08-05 00:00:00+00:00, run_after=2026-08-06 00:00:00+00:00
[2026-08-06T16:43:49.635+0000] {processor.py:208} INFO - Processing /home/airflow/.local/lib/python3.12/site-packages/airflow/example_dags/example_branch_day_of_week_operator.py took 0.104 seconds
[2026-08-06T16:44:21.394+0000] {processor.py:186} INFO - Started process (PID=471) to work on /home/airflow/.local/lib/python3.12/site-packages/airflow/example_dags/example_branch_day_of_week_operator.py
[2026-08-06T16:44:21.396+0000] {processor.py:914} INFO - Processing file /home/airflow/.local/lib/python3.12/site-packages/airflow/example_dags/example_branch_day_of_week_operator.py for tasks to queue
[2026-08-06T16:44:21.400+0000] {logging_mixin.py:190} INFO - [2026-08-06T16:44:21.399+0000] {dagbag.py:588} INFO - Filling up the DagBag from /home/airflow/.local/lib/python3.12/site-packages/airflow/example_dags/example_branch_day_of_week_operator.py
[2026-08-06T16:44:21.421+0000] {processor.py:925} INFO - DAG(s) 'example_weekday_branch_operator' retrieved from /home/airflow/.local/lib/python3.12/site-packages/airflow/example_dags/example_branch_day_of_week_operator.py
[2026-08-06T16:44:21.450+0000] {logging_mixin.py:190} INFO - [2026-08-06T16:44:21.449+0000] {dag.py:3239} INFO - Sync 1 DAGs
[2026-08-06T16:44:21.477+0000] {logging_mixin.py:190} INFO - [2026-08-06T16:44:21.477+0000] {dag.py:4180} INFO - Setting next_dagrun for example_weekday_branch_operator to 2026-08-05 00:00:00+00:00, run_after=2026-08-06 00:00:00+00:00
[2026-08-06T16:44:21.505+0000] {processor.py:208} INFO - Processing /home/airflow/.local/lib/python3.12/site-packages/airflow/example_dags/example_branch_day_of_week_operator.py took 0.122 seconds
[2026-08-06T16:44:51.634+0000] {processor.py:186} INFO - Started process (PID=535) to work on /home/airflow/.local/lib/python3.12/site-packages/airflow/example_dags/example_branch_day_of_week_operator.py
[2026-08-06T16:44:51.636+0000] {processor.py:914} INFO - Processing file /home/airflow/.local/lib/python3.12/site-packages/airflow/example_dags/example_branch_day_of_week_operator.py for tasks to queue
[2026-08-06T16:44:51.640+0000] {logging_mixin.py:190} INFO - [2026-08-06T16:44:51.639+0000] {dagbag.py:588} INFO - Filling up the DagBag from /home/airflow/.local/lib/python3.12/site-packages/airflow/example_dags/example_branch_day_of_week_operator.py
[2026-08-06T16:44:51.655+0000] {processor.py:925} INFO - DAG(s) 'example_weekday_branch_operator' retrieved from /home/airflow/.local/lib/python3.12/site-packages/airflow/example_dags/example_branch_day_of_week_operator.py
[2026-08-06T16:44:51.688+0000] {logging_mixin.py:190} INFO - [2026-08-06T16:44:51.687+0000] {dag.py:3239} INFO - Sync 1 DAGs
[2026-08-06T16:44:51.720+0000] {logging_mixin.py:190} INFO - [2026-08-06T16:44:51.719+0000] {dag.py:4180} INFO - Setting next_dagrun for example_weekday_branch_operator to 2026-08-05 00:00:00+00:00, run_after=2026-08-06 00:00:00+00:00
[2026-08-06T16:44:51.746+0000] {processor.py:208} INFO - Processing /home/airflow/.local/lib/python3.12/site-packages/airflow/example_dags/example_branch_day_of_week_operator.py took 0.124 seconds
[2026-08-06T16:45:22.410+0000] {processor.py:186} INFO - Started process (PID=598) to work on /home/airflow/.local/lib/python3.12/site-packages/airflow/example_dags/example_branch_day_of_week_operator.py
[2026-08-06T16:45:22.411+0000] {processor.py:914} INFO - Processing file /home/airflow/.local/lib/python3.12/site-packages/airflow/example_dags/example_branch_day_of_week_operator.py for tasks to queue
[2026-08-06T16:45:22.414+0000] {logging_mixin.py:190} INFO - [2026-08-06T16:45:22.414+0000] {dagbag.py:588} INFO - Filling up the DagBag from /home/airflow/.local/lib/python3.12/site-packages/airflow/example_dags/example_branch_day_of_week_operator.py
[2026-08-06T16:45:22.422+0000] {processor.py:925} INFO - DAG(s) 'example_weekday_branch_operator' retrieved from /home/airflow/.local/lib/python3.12/site-packages/airflow/example_dags/example_branch_day_of_week_operator.py
[2026-08-06T16:45:22.441+0000] {logging_mixin.py:190} INFO - [2026-08-06T16:45:22.440+0000] {dag.py:3239} INFO - Sync 1 DAGs
[2026-08-06T16:45:22.462+0000] {logging_mixin.py:190} INFO - [2026-08-06T16:45:22.462+0000] {dag.py:4180} INFO - Setting next_dagrun for example_weekday_branch_operator to 2026-08-05 00:00:00+00:00, run_after=2026-08-06 00:00:00+00:00
[2026-08-06T16:45:22.481+0000] {processor.py:208} INFO - Processing /home/airflow/.local/lib/python3.12/site-packages/airflow/example_dags/example_branch_day_of_week_operator.py took 0.076 seconds
[2026-08-06T16:45:52.882+0000] {processor.py:186} INFO - Started process (PID=662) to work on /home/airflow/.local/lib/python3.12/site-packages/airflow/example_dags/example_branch_day_of_week_operator.py
[2026-08-06T16:45:52.884+0000] {processor.py:914} INFO - Processing file /home/airflow/.local/lib/python3.12/site-packages/airflow/example_dags/example_branch_day_of_week_operator.py for tasks to queue
[2026-08-06T16:45:52.887+0000] {logging_mixin.py:190} INFO - [2026-08-06T16:45:52.886+0000] {dagbag.py:588} INFO - Filling up the DagBag from /home/airflow/.local/lib/python3.12/site-packages/airflow/example_dags/example_branch_day_of_week_operator.py
[2026-08-06T16:45:52.896+0000] {processor.py:925} INFO - DAG(s) 'example_weekday_branch_operator' retrieved from /home/airflow/.local/lib/python3.12/site-packages/airflow/example_dags/example_branch_day_of_week_operator.py
[2026-08-06T16:45:52.914+0000] {logging_mixin.py:190} INFO - [2026-08-06T16:45:52.913+0000] {dag.py:3239} INFO - Sync 1 DAGs
[2026-08-06T16:45:52.932+0000] {logging_mixin.py:190} INFO - [2026-08-06T16:45:52.932+0000] {dag.py:4180} INFO - Setting next_dagrun for example_weekday_branch_operator to 2026-08-05 00:00:00+00:00, run_after=2026-08-06 00:00:00+00:00
[2026-08-06T16:45:52.950+0000] {processor.py:208} INFO - Processing /home/airflow/.local/lib/python3.12/site-packages/airflow/example_dags/example_branch_day_of_week_operator.py took 0.073 seconds
[2026-08-06T16:46:23.310+0000] {processor.py:186} INFO - Started process (PID=726) to work on /home/airflow/.local/lib/python3.12/site-packages/airflow/example_dags/example_branch_day_of_week_operator.py
[2026-08-06T16:46:23.312+0000] {processor.py:914} INFO - Processing file /home/airflow/.local/lib/python3.12/site-packages/airflow/example_dags/example_branch_day_of_week_operator.py for tasks to queue
[2026-08-06T16:46:23.314+0000] {logging_mixin.py:190} INFO - [2026-08-06T16:46:23.313+0000] {dagbag.py:588} INFO - Filling up the DagBag from /home/airflow/.local/lib/python3.12/site-packages/airflow/example_dags/example_branch_day_of_week_operator.py
[2026-08-06T16:46:23.321+0000] {processor.py:925} INFO - DAG(s) 'example_weekday_branch_operator' retrieved from /home/airflow/.local/lib/python3.12/site-packages/airflow/example_dags/example_branch_day_of_week_operator.py
[2026-08-06T16:46:23.335+0000] {logging_mixin.py:190} INFO - [2026-08-06T16:46:23.334+0000] {dag.py:3239} INFO - Sync 1 DAGs
[2026-08-06T16:46:23.354+0000] {logging_mixin.py:190} INFO - [2026-08-06T16:46:23.354+0000] {dag.py:4180} INFO - Setting next_dagrun for example_weekday_branch_operator to 2026-08-05 00:00:00+00:00, run_after=2026-08-06 00:00:00+00:00
[2026-08-06T16:46:23.371+0000] {processor.py:208} INFO - Processing /home/airflow/.local/lib/python3.12/site-packages/airflow/example_dags/example_branch_day_of_week_operator.py took 0.065 seconds
[2026-08-06T16:46:53.933+0000] {processor.py:186} INFO - Started process (PID=790) to work on /home/airflow/.local/lib/python3.12/site-packages/airflow/example_dags/example_branch_day_of_week_operator.py
[2026-08-06T16:46:53.934+0000] {processor.py:914} INFO - Processing file /home/airflow/.local/lib/python3.12/site-packages/airflow/example_dags/example_branch_day_of_week_operator.py for tasks to queue
[2026-08-06T16:46:53.936+0000] {logging_mixin.py:190} INFO - [2026-08-06T16:46:53.936+0000] {dagbag.py:588} INFO - Filling up the DagBag from /home/airflow/.local/lib/python3.12/site-packages/airflow/example_dags/example_branch_day_of_week_operator.py
[2026-08-06T16:46:53.944+0000] {processor.py:925} INFO - DAG(s) 'example_weekday_branch_operator' retrieved from /home/airflow/.local/lib/python3.12/site-packages/airflow/example_dags/example_branch_day_of_week_operator.py
[2026-08-06T16:46:53.959+0000] {logging_mixin.py:190} INFO - [2026-08-06T16:46:53.958+0000] {dag.py:3239} INFO - Sync 1 DAGs
[2026-08-06T16:46:53.976+0000] {logging_mixin.py:190} INFO - [2026-08-06T16:46:53.976+0000] {dag.py:4180} INFO - Setting next_dagrun for example_weekday_branch_operator to 2026-08-05 00:00:00+00:00, run_after=2026-08-06 00:00:00+00:00
[2026-08-06T16:46:53.992+0000] {processor.py:208} INFO - Processing /home/airflow/.local/lib/python3.12/site-packages/airflow/example_dags/example_branch_day_of_week_operator.py took 0.064 seconds
[2026-08-06T16:48:23.749+0000] {processor.py:186} INFO - Started process (PID=94) to work on /home/airflow/.local/lib/python3.12/site-packages/airflow/example_dags/example_branch_day_of_week_operator.py
[2026-08-06T16:48:23.751+0000] {processor.py:914} INFO - Processing file /home/airflow/.local/lib/python3.12/site-packages/airflow/example_dags/example_branch_day_of_week_operator.py for tasks to queue
[2026-08-06T16:48:23.755+0000] {logging_mixin.py:190} INFO - [2026-08-06T16:48:23.755+0000] {dagbag.py:588} INFO - Filling up the DagBag from /home/airflow/.local/lib/python3.12/site-packages/airflow/example_dags/example_branch_day_of_week_operator.py
[2026-08-06T16:48:23.771+0000] {processor.py:925} INFO - DAG(s) 'example_weekday_branch_operator' retrieved from /home/airflow/.local/lib/python3.12/site-packages/airflow/example_dags/example_branch_day_of_week_operator.py
[2026-08-06T16:48:23.802+0000] {logging_mixin.py:190} INFO - [2026-08-06T16:48:23.801+0000] {dag.py:3239} INFO - Sync 1 DAGs
[2026-08-06T16:48:23.835+0000] {logging_mixin.py:190} INFO - [2026-08-06T16:48:23.835+0000] {dag.py:4180} INFO - Setting next_dagrun for example_weekday_branch_operator to 2026-08-05 00:00:00+00:00, run_after=2026-08-06 00:00:00+00:00
[2026-08-06T16:48:23.868+0000] {processor.py:208} INFO - Processing /home/airflow/.local/lib/python3.12/site-packages/airflow/example_dags/example_branch_day_of_week_operator.py took 0.127 seconds
[2026-08-06T16:48:54.446+0000] {processor.py:186} INFO - Started process (PID=158) to work on /home/airflow/.local/lib/python3.12/site-packages/airflow/example_dags/example_branch_day_of_week_operator.py
[2026-08-06T16:48:54.447+0000] {processor.py:914} INFO - Processing file /home/airflow/.local/lib/python3.12/site-packages/airflow/example_dags/example_branch_day_of_week_operator.py for tasks to queue
[2026-08-06T16:48:54.451+0000] {logging_mixin.py:190} INFO - [2026-08-06T16:48:54.451+0000] {dagbag.py:588} INFO - Filling up the DagBag from /home/airflow/.local/lib/python3.12/site-packages/airflow/example_dags/example_branch_day_of_week_operator.py
[2026-08-06T16:48:54.461+0000] {processor.py:925} INFO - DAG(s) 'example_weekday_branch_operator' retrieved from /home/airflow/.local/lib/python3.12/site-packages/airflow/example_dags/example_branch_day_of_week_operator.py
[2026-08-06T16:48:54.479+0000] {logging_mixin.py:190} INFO - [2026-08-06T16:48:54.479+0000] {dag.py:3239} INFO - Sync 1 DAGs
[2026-08-06T16:48:54.503+0000] {logging_mixin.py:190} INFO - [2026-08-06T16:48:54.503+0000] {dag.py:4180} INFO - Setting next_dagrun for example_weekday_branch_operator to 2026-08-05 00:00:00+00:00, run_after=2026-08-06 00:00:00+00:00
[2026-08-06T16:48:54.526+0000] {processor.py:208} INFO - Processing /home/airflow/.local/lib/python3.12/site-packages/airflow/example_dags/example_branch_day_of_week_operator.py took 0.085 seconds
[2026-08-06T16:49:25.721+0000] {processor.py:186} INFO - Started process (PID=222) to work on /home/airflow/.local/lib/python3.12/site-packages/airflow/example_dags/example_branch_day_of_week_operator.py
[2026-08-06T16:49:25.723+0000] {processor.py:914} INFO - Processing file /home/airflow/.local/lib/python3.12/site-packages/airflow/example_dags/example_branch_day_of_week_operator.py for tasks to queue
[2026-08-06T16:49:25.725+0000] {logging_mixin.py:190} INFO - [2026-08-06T16:49:25.725+0000] {dagbag.py:588} INFO - Filling up the DagBag from /home/airflow/.local/lib/python3.12/site-packages/airflow/example_dags/example_branch_day_of_week_operator.py
[2026-08-06T16:49:25.735+0000] {processor.py:925} INFO - DAG(s) 'example_weekday_branch_operator' retrieved from /home/airflow/.local/lib/python3.12/site-packages/airflow/example_dags/example_branch_day_of_week_operator.py
[2026-08-06T16:49:25.755+0000] {logging_mixin.py:190} INFO - [2026-08-06T16:49:25.755+0000] {dag.py:3239} INFO - Sync 1 DAGs
[2026-08-06T16:49:25.775+0000] {logging_mixin.py:190} INFO - [2026-08-06T16:49:25.775+0000] {dag.py:4180} INFO - Setting next_dagrun for example_weekday_branch_operator to 2026-08-05 00:00:00+00:00, run_after=2026-08-06 00:00:00+00:00
[2026-08-06T16:49:25.792+0000] {processor.py:208} INFO - Processing /home/airflow/.local/lib/python3.12/site-packages/airflow/example_dags/example_branch_day_of_week_operator.py took 0.076 seconds
[2026-08-06T16:49:57.306+0000] {processor.py:186} INFO - Started process (PID=287) to work on /home/airflow/.local/lib/python3.12/site-packages/airflow/example_dags/example_branch_day_of_week_operator.py
[2026-08-06T16:49:57.307+0000] {processor.py:914} INFO - Processing file /home/airflow/.local/lib/python3.12/site-packages/airflow/example_dags/example_branch_day_of_week_operator.py for tasks to queue
[2026-08-06T16:49:57.309+0000] {logging_mixin.py:190} INFO - [2026-08-06T16:49:57.309+0000] {dagbag.py:588} INFO - Filling up the DagBag from /home/airflow/.local/lib/python3.12/site-packages/airflow/example_dags/example_branch_day_of_week_operator.py
[2026-08-06T16:49:57.321+0000] {processor.py:925} INFO - DAG(s) 'example_weekday_branch_operator' retrieved from /home/airflow/.local/lib/python3.12/site-packages/airflow/example_dags/example_branch_day_of_week_operator.py
[2026-08-06T16:49:57.341+0000] {logging_mixin.py:190} INFO - [2026-08-06T16:49:57.341+0000] {dag.py:3239} INFO - Sync 1 DAGs
[2026-08-06T16:49:57.368+0000] {logging_mixin.py:190} INFO - [2026-08-06T16:49:57.368+0000] {dag.py:4180} INFO - Setting next_dagrun for example_weekday_branch_operator to 2026-08-05 00:00:00+00:00, run_after=2026-08-06 00:00:00+00:00
[2026-08-06T16:49:57.389+0000] {processor.py:208} INFO - Processing /home/airflow/.local/lib/python3.12/site-packages/airflow/example_dags/example_branch_day_of_week_operator.py took 0.089 seconds
[2026-08-06T16:50:28.904+0000] {processor.py:186} INFO - Started process (PID=352) to work on /home/airflow/.local/lib/python3.12/site-packages/airflow/example_dags/example_branch_day_of_week_operator.py
[2026-08-06T16:50:28.906+0000] {processor.py:914} INFO - Processing file /home/airflow/.local/lib/python3.12/site-packages/airflow/example_dags/example_branch_day_of_week_operator.py for tasks to queue
[2026-08-06T16:50:28.909+0000] {logging_mixin.py:190} INFO - [2026-08-06T16:50:28.909+0000] {dagbag.py:588} INFO - Filling up the DagBag from /home/airflow/.local/lib/python3.12/site-packages/airflow/example_dags/example_branch_day_of_week_operator.py
[2026-08-06T16:50:28.926+0000] {processor.py:925} INFO - DAG(s) 'example_weekday_branch_operator' retrieved from /home/airflow/.local/lib/python3.12/site-packages/airflow/example_dags/example_branch_day_of_week_operator.py
[2026-08-06T16:50:28.950+0000] {logging_mixin.py:190} INFO - [2026-08-06T16:50:28.950+0000] {dag.py:3239} INFO - Sync 1 DAGs
[2026-08-06T16:50:28.978+0000] {logging_mixin.py:190} INFO - [2026-08-06T16:50:28.977+0000] {dag.py:4180} INFO - Setting next_dagrun for example_weekday_branch_operator to 2026-08-05 00:00:00+00:00, run_after=2026-08-06 00:00:00+00:00
[2026-08-06T16:50:29.006+0000] {processor.py:208} INFO - Processing /home/airflow/.local/lib/python3.12/site-packages/airflow/example_dags/example_branch_day_of_week_operator.py took 0.109 seconds
[2026-08-06T16:51:00.704+0000] {processor.py:186} INFO - Started process (PID=416) to work on /home/airflow/.local/lib/python3.12/site-packages/airflow/example_dags/example_branch_day_of_week_operator.py
[2026-08-06T16:51:00.717+0000] {processor.py:914} INFO - Processing file /home/airflow/.local/lib/python3.12/site-packages/airflow/example_dags/example_branch_day_of_week_operator.py for tasks to queue
[2026-08-06T16:51:00.729+0000] {logging_mixin.py:190} INFO - [2026-08-06T16:51:00.728+0000] {dagbag.py:588} INFO - Filling up the DagBag from /home/airflow/.local/lib/python3.12/site-packages/airflow/example_dags/example_branch_day_of_week_operator.py
[2026-08-06T16:51:00.757+0000] {processor.py:925} INFO - DAG(s) 'example_weekday_branch_operator' retrieved from /home/airflow/.local/lib/python3.12/site-packages/airflow/example_dags/example_branch_day_of_week_operator.py
[2026-08-06T16:51:00.806+0000] {logging_mixin.py:190} INFO - [2026-08-06T16:51:00.806+0000] {dag.py:3239} INFO - Sync 1 DAGs
[2026-08-06T16:51:00.878+0000] {logging_mixin.py:190} INFO - [2026-08-06T16:51:00.878+0000] {dag.py:4180} INFO - Setting next_dagrun for example_weekday_branch_operator to 2026-08-05 00:00:00+00:00, run_after=2026-08-06 00:00:00+00:00
[2026-08-06T16:51:00.969+0000] {processor.py:208} INFO - Processing /home/airflow/.local/lib/python3.12/site-packages/airflow/example_dags/example_branch_day_of_week_operator.py took 0.277 seconds
[2026-08-06T16:51:32.900+0000] {processor.py:186} INFO - Started process (PID=480) to work on /home/airflow/.local/lib/python3.12/site-packages/airflow/example_dags/example_branch_day_of_week_operator.py
[2026-08-06T16:51:32.902+0000] {processor.py:914} INFO - Processing file /home/airflow/.local/lib/python3.12/site-packages/airflow/example_dags/example_branch_day_of_week_operator.py for tasks to queue
[2026-08-06T16:51:32.907+0000] {logging_mixin.py:190} INFO - [2026-08-06T16:51:32.907+0000] {dagbag.py:588} INFO - Filling up the DagBag from /home/airflow/.local/lib/python3.12/site-packages/airflow/example_dags/example_branch_day_of_week_operator.py
[2026-08-06T16:51:32.930+0000] {processor.py:925} INFO - DAG(s) 'example_weekday_branch_operator' retrieved from /home/airflow/.local/lib/python3.12/site-packages/airflow/example_dags/example_branch_day_of_week_operator.py
[2026-08-06T16:51:32.964+0000] {logging_mixin.py:190} INFO - [2026-08-06T16:51:32.964+0000] {dag.py:3239} INFO - Sync 1 DAGs
[2026-08-06T16:51:33.004+0000] {logging_mixin.py:190} INFO - [2026-08-06T16:51:33.003+0000] {dag.py:4180} INFO - Setting next_dagrun for example_weekday_branch_operator to 2026-08-05 00:00:00+00:00, run_after=2026-08-06 00:00:00+00:00
[2026-08-06T16:51:33.034+0000] {processor.py:208} INFO - Processing /home/airflow/.local/lib/python3.12/site-packages/airflow/example_dags/example_branch_day_of_week_operator.py took 0.147 seconds
[2026-08-06T16:52:03.529+0000] {processor.py:186} INFO - Started process (PID=544) to work on /home/airflow/.local/lib/python3.12/site-packages/airflow/example_dags/example_branch_day_of_week_operator.py
[2026-08-06T16:52:03.530+0000] {processor.py:914} INFO - Processing file /home/airflow/.local/lib/python3.12/site-packages/airflow/example_dags/example_branch_day_of_week_operator.py for tasks to queue
[2026-08-06T16:52:03.533+0000] {logging_mixin.py:190} INFO - [2026-08-06T16:52:03.533+0000] {dagbag.py:588} INFO - Filling up the DagBag from /home/airflow/.local/lib/python3.12/site-packages/airflow/example_dags/example_branch_day_of_week_operator.py
[2026-08-06T16:52:03.543+0000] {processor.py:925} INFO - DAG(s) 'example_weekday_branch_operator' retrieved from /home/airflow/.local/lib/python3.12/site-packages/airflow/example_dags/example_branch_day_of_week_operator.py
[2026-08-06T16:52:03.564+0000] {logging_mixin.py:190} INFO - [2026-08-06T16:52:03.564+0000] {dag.py:3239} INFO - Sync 1 DAGs
[2026-08-06T16:52:03.588+0000] {logging_mixin.py:190} INFO - [2026-08-06T16:52:03.588+0000] {dag.py:4180} INFO - Setting next_dagrun for example_weekday_branch_operator to 2026-08-05 00:00:00+00:00, run_after=2026-08-06 00:00:00+00:00
[2026-08-06T16:52:03.613+0000] {processor.py:208} INFO - Processing /home/airflow/.local/lib/python3.12/site-packages/airflow/example_dags/example_branch_day_of_week_operator.py took 0.090 seconds
[2026-08-06T16:52:34.682+0000] {processor.py:186} INFO - Started process (PID=608) to work on /home/airflow/.local/lib/python3.12/site-packages/airflow/example_dags/example_branch_day_of_week_operator.py
[2026-08-06T16:52:34.683+0000] {processor.py:914} INFO - Processing file /home/airflow/.local/lib/python3.12/site-packages/airflow/example_dags/example_branch_day_of_week_operator.py for tasks to queue
[2026-08-06T16:52:34.685+0000] {logging_mixin.py:190} INFO - [2026-08-06T16:52:34.685+0000] {dagbag.py:588} INFO - Filling up the DagBag from /home/airflow/.local/lib/python3.12/site-packages/airflow/example_dags/example_branch_day_of_week_operator.py
[2026-08-06T16:52:34.693+0000] {processor.py:925} INFO - DAG(s) 'example_weekday_branch_operator' retrieved from /home/airflow/.local/lib/python3.12/site-packages/airflow/example_dags/example_branch_day_of_week_operator.py
[2026-08-06T16:52:34.712+0000] {logging_mixin.py:190} INFO - [2026-08-06T16:52:34.712+0000] {dag.py:3239} INFO - Sync 1 DAGs
[2026-08-06T16:52:34.733+0000] {logging_mixin.py:190} INFO - [2026-08-06T16:52:34.732+0000] {dag.py:4180} INFO - Setting next_dagrun for example_weekday_branch_operator to 2026-08-05 00:00:00+00:00, run_after=2026-08-06 00:00:00+00:00
[2026-08-06T16:52:34.748+0000] {processor.py:208} INFO - Processing /home/airflow/.local/lib/python3.12/site-packages/airflow/example_dags/example_branch_day_of_week_operator.py took 0.071 seconds
[2026-08-06T16:53:05.897+0000] {processor.py:186} INFO - Started process (PID=672) to work on /home/airflow/.local/lib/python3.12/site-packages/airflow/example_dags/example_branch_day_of_week_operator.py
[2026-08-06T16:53:05.898+0000] {processor.py:914} INFO - Processing file /home/airflow/.local/lib/python3.12/site-packages/airflow/example_dags/example_branch_day_of_week_operator.py for tasks to queue
[2026-08-06T16:53:05.901+0000] {logging_mixin.py:190} INFO - [2026-08-06T16:53:05.900+0000] {dagbag.py:588} INFO - Filling up the DagBag from /home/airflow/.local/lib/python3.12/site-packages/airflow/example_dags/example_branch_day_of_week_operator.py
[2026-08-06T16:53:05.909+0000] {processor.py:925} INFO - DAG(s) 'example_weekday_branch_operator' retrieved from /home/airflow/.local/lib/python3.12/site-packages/airflow/example_dags/example_branch_day_of_week_operator.py
[2026-08-06T16:53:05.926+0000] {logging_mixin.py:190} INFO - [2026-08-06T16:53:05.925+0000] {dag.py:3239} INFO - Sync 1 DAGs
[2026-08-06T16:53:05.948+0000] {logging_mixin.py:190} INFO - [2026-08-06T16:53:05.948+0000] {dag.py:4180} INFO - Setting next_dagrun for example_weekday_branch_operator to 2026-08-05 00:00:00+00:00, run_after=2026-08-06 00:00:00+00:00
[2026-08-06T16:53:05.967+0000] {processor.py:208} INFO - Processing /home/airflow/.local/lib/python3.12/site-packages/airflow/example_dags/example_branch_day_of_week_operator.py took 0.075 seconds
[2026-08-06T16:53:36.578+0000] {processor.py:186} INFO - Started process (PID=736) to work on /home/airflow/.local/lib/python3.12/site-packages/airflow/example_dags/example_branch_day_of_week_operator.py
[2026-08-06T16:53:36.579+0000] {processor.py:914} INFO - Processing file /home/airflow/.local/lib/python3.12/site-packages/airflow/example_dags/example_branch_day_of_week_operator.py for tasks to queue
[2026-08-06T16:53:36.582+0000] {logging_mixin.py:190} INFO - [2026-08-06T16:53:36.582+0000] {dagbag.py:588} INFO - Filling up the DagBag from /home/airflow/.local/lib/python3.12/site-packages/airflow/example_dags/example_branch_day_of_week_operator.py
[2026-08-06T16:53:36.591+0000] {processor.py:925} INFO - DAG(s) 'example_weekday_branch_operator' retrieved from /home/airflow/.local/lib/python3.12/site-packages/airflow/example_dags/example_branch_day_of_week_operator.py
[2026-08-06T16:53:36.611+0000] {logging_mixin.py:190} INFO - [2026-08-06T16:53:36.611+0000] {dag.py:3239} INFO - Sync 1 DAGs
[2026-08-06T16:53:36.634+0000] {logging_mixin.py:190} INFO - [2026-08-06T16:53:36.634+0000] {dag.py:4180} INFO - Setting next_dagrun for example_weekday_branch_operator to 2026-08-05 00:00:00+00:00, run_after=2026-08-06 00:00:00+00:00
[2026-08-06T16:53:36.653+0000] {processor.py:208} INFO - Processing /home/airflow/.local/lib/python3.12/site-packages/airflow/example_dags/example_branch_day_of_week_operator.py took 0.080 seconds
[2026-08-06T16:54:07.372+0000] {processor.py:186} INFO - Started process (PID=800) to work on /home/airflow/.local/lib/python3.12/site-packages/airflow/example_dags/example_branch_day_of_week_operator.py
[2026-08-06T16:54:07.373+0000] {processor.py:914} INFO - Processing file /home/airflow/.local/lib/python3.12/site-packages/airflow/example_dags/example_branch_day_of_week_operator.py for tasks to queue
[2026-08-06T16:54:07.375+0000] {logging_mixin.py:190} INFO - [2026-08-06T16:54:07.375+0000] {dagbag.py:588} INFO - Filling up the DagBag from /home/airflow/.local/lib/python3.12/site-packages/airflow/example_dags/example_branch_day_of_week_operator.py
[2026-08-06T16:54:07.384+0000] {processor.py:925} INFO - DAG(s) 'example_weekday_branch_operator' retrieved from /home/airflow/.local/lib/python3.12/site-packages/airflow/example_dags/example_branch_day_of_week_operator.py
[2026-08-06T16:54:07.399+0000] {logging_mixin.py:190} INFO - [2026-08-06T16:54:07.399+0000] {dag.py:3239} INFO - Sync 1 DAGs
[2026-08-06T16:54:07.418+0000] {logging_mixin.py:190} INFO - [2026-08-06T16:54:07.418+0000] {dag.py:4180} INFO - Setting next_dagrun for example_weekday_branch_operator to 2026-08-05 00:00:00+00:00, run_after=2026-08-06 00:00:00+00:00
[2026-08-06T16:54:07.433+0000] {processor.py:208} INFO - Processing /home/airflow/.local/lib/python3.12/site-packages/airflow/example_dags/example_branch_day_of_week_operator.py took 0.066 seconds
[2026-08-06T16:55:38.263+0000] {processor.py:186} INFO - Started process (PID=88) to work on /home/airflow/.local/lib/python3.12/site-packages/airflow/example_dags/example_branch_day_of_week_operator.py
[2026-08-06T16:55:38.265+0000] {processor.py:914} INFO - Processing file /home/airflow/.local/lib/python3.12/site-packages/airflow/example_dags/example_branch_day_of_week_operator.py for tasks to queue
[2026-08-06T16:55:38.269+0000] {logging_mixin.py:190} INFO - [2026-08-06T16:55:38.268+0000] {dagbag.py:588} INFO - Filling up the DagBag from /home/airflow/.local/lib/python3.12/site-packages/airflow/example_dags/example_branch_day_of_week_operator.py
[2026-08-06T16:55:38.282+0000] {processor.py:925} INFO - DAG(s) 'example_weekday_branch_operator' retrieved from /home/airflow/.local/lib/python3.12/site-packages/airflow/example_dags/example_branch_day_of_week_operator.py
[2026-08-06T16:55:38.307+0000] {logging_mixin.py:190} INFO - [2026-08-06T16:55:38.307+0000] {dag.py:3239} INFO - Sync 1 DAGs
[2026-08-06T16:55:38.342+0000] {logging_mixin.py:190} INFO - [2026-08-06T16:55:38.342+0000] {dag.py:4180} INFO - Setting next_dagrun for example_weekday_branch_operator to 2026-08-05 00:00:00+00:00, run_after=2026-08-06 00:00:00+00:00
[2026-08-06T16:55:38.367+0000] {processor.py:208} INFO - Processing /home/airflow/.local/lib/python3.12/site-packages/airflow/example_dags/example_branch_day_of_week_operator.py took 0.110 seconds
[2026-08-06T16:56:09.179+0000] {processor.py:186} INFO - Started process (PID=152) to work on /home/airflow/.local/lib/python3.12/site-packages/airflow/example_dags/example_branch_day_of_week_operator.py
[2026-08-06T16:56:09.181+0000] {processor.py:914} INFO - Processing file /home/airflow/.local/lib/python3.12/site-packages/airflow/example_dags/example_branch_day_of_week_operator.py for tasks to queue
[2026-08-06T16:56:09.184+0000] {logging_mixin.py:190} INFO - [2026-08-06T16:56:09.183+0000] {dagbag.py:588} INFO - Filling up the DagBag from /home/airflow/.local/lib/python3.12/site-packages/airflow/example_dags/example_branch_day_of_week_operator.py
[2026-08-06T16:56:09.194+0000] {processor.py:925} INFO - DAG(s) 'example_weekday_branch_operator' retrieved from /home/airflow/.local/lib/python3.12/site-packages/airflow/example_dags/example_branch_day_of_week_operator.py
[2026-08-06T16:56:09.214+0000] {logging_mixin.py:190} INFO - [2026-08-06T16:56:09.213+0000] {dag.py:3239} INFO - Sync 1 DAGs
[2026-08-06T16:56:09.234+0000] {logging_mixin.py:190} INFO - [2026-08-06T16:56:09.234+0000] {dag.py:4180} INFO - Setting next_dagrun for example_weekday_branch_operator to 2026-08-05 00:00:00+00:00, run_after=2026-08-06 00:00:00+00:00
[2026-08-06T16:56:09.252+0000] {processor.py:208} INFO - Processing /home/airflow/.local/lib/python3.12/site-packages/airflow/example_dags/example_branch_day_of_week_operator.py took 0.080 seconds
[2026-08-06T16:56:39.768+0000] {processor.py:186} INFO - Started process (PID=217) to work on /home/airflow/.local/lib/python3.12/site-packages/airflow/example_dags/example_branch_day_of_week_operator.py
[2026-08-06T16:56:39.769+0000] {processor.py:914} INFO - Processing file /home/airflow/.local/lib/python3.12/site-packages/airflow/example_dags/example_branch_day_of_week_operator.py for tasks to queue
[2026-08-06T16:56:39.771+0000] {logging_mixin.py:190} INFO - [2026-08-06T16:56:39.771+0000] {dagbag.py:588} INFO - Filling up the DagBag from /home/airflow/.local/lib/python3.12/site-packages/airflow/example_dags/example_branch_day_of_week_operator.py
[2026-08-06T16:56:39.780+0000] {processor.py:925} INFO - DAG(s) 'example_weekday_branch_operator' retrieved from /home/airflow/.local/lib/python3.12/site-packages/airflow/example_dags/example_branch_day_of_week_operator.py
[2026-08-06T16:56:39.798+0000] {logging_mixin.py:190} INFO - [2026-08-06T16:56:39.798+0000] {dag.py:3239} INFO - Sync 1 DAGs
[2026-08-06T16:56:39.817+0000] {logging_mixin.py:190} INFO - [2026-08-06T16:56:39.816+0000] {dag.py:4180} INFO - Setting next_dagrun for example_weekday_branch_operator to 2026-08-05 00:00:00+00:00, run_after=2026-08-06 00:00:00+00:00
[2026-08-06T16:56:39.832+0000] {processor.py:208} INFO - Processing /home/airflow/.local/lib/python3.12/site-packages/airflow/example_dags/example_branch_day_of_week_operator.py took 0.068 seconds
[2026-08-06T16:57:10.727+0000] {processor.py:186} INFO - Started process (PID=281) to work on /home/airflow/.local/lib/python3.12/site-packages/airflow/example_dags/example_branch_day_of_week_operator.py
[2026-08-06T16:57:10.729+0000] {processor.py:914} INFO - Processing file /home/airflow/.local/lib/python3.12/site-packages/airflow/example_dags/example_branch_day_of_week_operator.py for tasks to queue
[2026-08-06T16:57:10.731+0000] {logging_mixin.py:190} INFO - [2026-08-06T16:57:10.731+0000] {dagbag.py:588} INFO - Filling up the DagBag from /home/airflow/.local/lib/python3.12/site-packages/airflow/example_dags/example_branch_day_of_week_operator.py
[2026-08-06T16:57:10.740+0000] {processor.py:925} INFO - DAG(s) 'example_weekday_branch_operator' retrieved from /home/airflow/.local/lib/python3.12/site-packages/airflow/example_dags/example_branch_day_of_week_operator.py
[2026-08-06T16:57:10.762+0000] {logging_mixin.py:190} INFO - [2026-08-06T16:57:10.762+0000] {dag.py:3239} INFO - Sync 1 DAGs
[2026-08-06T16:57:10.781+0000] {logging_mixin.py:190} INFO - [2026-08-06T16:57:10.781+0000] {dag.py:4180} INFO - Setting next_dagrun for example_weekday_branch_operator to 2026-08-05 00:00:00+00:00, run_after=2026-08-06 00:00:00+00:00
[2026-08-06T16:57:10.798+0000] {processor.py:208} INFO - Processing /home/airflow/.local/lib/python3.12/site-packages/airflow/example_dags/example_branch_day_of_week_operator.py took 0.076 seconds
[2026-08-06T16:57:41.042+0000] {processor.py:186} INFO - Started process (PID=344) to work on /home/airflow/.local/lib/python3.12/site-packages/airflow/example_dags/example_branch_day_of_week_operator.py
[2026-08-06T16:57:41.043+0000] {processor.py:914} INFO - Processing file /home/airflow/.local/lib/python3.12/site-packages/airflow/example_dags/example_branch_day_of_week_operator.py for tasks to queue
[2026-08-06T16:57:41.046+0000] {logging_mixin.py:190} INFO - [2026-08-06T16:57:41.046+0000] {dagbag.py:588} INFO - Filling up the DagBag from /home/airflow/.local/lib/python3.12/site-packages/airflow/example_dags/example_branch_day_of_week_operator.py
[2026-08-06T16:57:41.058+0000] {processor.py:925} INFO - DAG(s) 'example_weekday_branch_operator' retrieved from /home/airflow/.local/lib/python3.12/site-packages/airflow/example_dags/example_branch_day_of_week_operator.py
[2026-08-06T16:57:41.081+0000] {logging_mixin.py:190} INFO - [2026-08-06T16:57:41.081+0000] {dag.py:3239} INFO - Sync 1 DAGs
[2026-08-06T16:57:41.105+0000] {logging_mixin.py:190} INFO - [2026-08-06T16:57:41.104+0000] {dag.py:4180} INFO - Setting next_dagrun for example_weekday_branch_operator to 2026-08-05 00:00:00+00:00, run_after=2026-08-06 00:00:00+00:00
[2026-08-06T16:57:41.125+0000] {processor.py:208} INFO - Processing /home/airflow/.local/lib/python3.12/site-packages/airflow/example_dags/example_branch_day_of_week_operator.py took 0.091 seconds
[2026-08-06T16:58:11.652+0000] {processor.py:186} INFO - Started process (PID=408) to work on /home/airflow/.local/lib/python3.12/site-packages/airflow/example_dags/example_branch_day_of_week_operator.py
[2026-08-06T16:58:11.654+0000] {processor.py:914} INFO - Processing file /home/airflow/.local/lib/python3.12/site-packages/airflow/example_dags/example_branch_day_of_week_operator.py for tasks to queue
[2026-08-06T16:58:11.658+0000] {logging_mixin.py:190} INFO - [2026-08-06T16:58:11.657+0000] {dagbag.py:588} INFO - Filling up the DagBag from /home/airflow/.local/lib/python3.12/site-packages/airflow/example_dags/example_branch_day_of_week_operator.py
[2026-08-06T16:58:11.670+0000] {processor.py:925} INFO - DAG(s) 'example_weekday_branch_operator' retrieved from /home/airflow/.local/lib/python3.12/site-packages/airflow/example_dags/example_branch_day_of_week_operator.py
[2026-08-06T16:58:11.694+0000] {logging_mixin.py:190} INFO - [2026-08-06T16:58:11.694+0000] {dag.py:3239} INFO - Sync 1 DAGs
[2026-08-06T16:58:11.719+0000] {logging_mixin.py:190} INFO - [2026-08-06T16:58:11.719+0000] {dag.py:4180} INFO - Setting next_dagrun for example_weekday_branch_operator to 2026-08-05 00:00:00+00:00, run_after=2026-08-06 00:00:00+00:00
[2026-08-06T16:58:11.740+0000] {processor.py:208} INFO - Processing /home/airflow/.local/lib/python3.12/site-packages/airflow/example_dags/example_branch_day_of_week_operator.py took 0.095 seconds
[2026-08-06T16:58:43.515+0000] {processor.py:186} INFO - Started process (PID=473) to work on /home/airflow/.local/lib/python3.12/site-packages/airflow/example_dags/example_branch_day_of_week_operator.py
[2026-08-06T16:58:43.518+0000] {processor.py:914} INFO - Processing file /home/airflow/.local/lib/python3.12/site-packages/airflow/example_dags/example_branch_day_of_week_operator.py for tasks to queue
[2026-08-06T16:58:43.526+0000] {logging_mixin.py:190} INFO - [2026-08-06T16:58:43.525+0000] {dagbag.py:588} INFO - Filling up the DagBag from /home/airflow/.local/lib/python3.12/site-packages/airflow/example_dags/example_branch_day_of_week_operator.py
[2026-08-06T16:58:43.558+0000] {processor.py:925} INFO - DAG(s) 'example_weekday_branch_operator' retrieved from /home/airflow/.local/lib/python3.12/site-packages/airflow/example_dags/example_branch_day_of_week_operator.py
[2026-08-06T16:58:43.634+0000] {logging_mixin.py:190} INFO - [2026-08-06T16:58:43.633+0000] {dag.py:3239} INFO - Sync 1 DAGs
[2026-08-06T16:58:43.743+0000] {logging_mixin.py:190} INFO - [2026-08-06T16:58:43.743+0000] {dag.py:4180} INFO - Setting next_dagrun for example_weekday_branch_operator to 2026-08-05 00:00:00+00:00, run_after=2026-08-06 00:00:00+00:00
[2026-08-06T16:58:43.828+0000] {processor.py:208} INFO - Processing /home/airflow/.local/lib/python3.12/site-packages/airflow/example_dags/example_branch_day_of_week_operator.py took 0.332 seconds
[2026-08-06T16:59:14.495+0000] {processor.py:186} INFO - Started process (PID=536) to work on /home/airflow/.local/lib/python3.12/site-packages/airflow/example_dags/example_branch_day_of_week_operator.py
[2026-08-06T16:59:14.497+0000] {processor.py:914} INFO - Processing file /home/airflow/.local/lib/python3.12/site-packages/airflow/example_dags/example_branch_day_of_week_operator.py for tasks to queue
[2026-08-06T16:59:14.507+0000] {logging_mixin.py:190} INFO - [2026-08-06T16:59:14.506+0000] {dagbag.py:588} INFO - Filling up the DagBag from /home/airflow/.local/lib/python3.12/site-packages/airflow/example_dags/example_branch_day_of_week_operator.py
[2026-08-06T16:59:14.538+0000] {processor.py:925} INFO - DAG(s) 'example_weekday_branch_operator' retrieved from /home/airflow/.local/lib/python3.12/site-packages/airflow/example_dags/example_branch_day_of_week_operator.py
[2026-08-06T16:59:14.575+0000] {logging_mixin.py:190} INFO - [2026-08-06T16:59:14.574+0000] {dag.py:3239} INFO - Sync 1 DAGs
[2026-08-06T16:59:14.618+0000] {logging_mixin.py:190} INFO - [2026-08-06T16:59:14.618+0000] {dag.py:4180} INFO - Setting next_dagrun for example_weekday_branch_operator to 2026-08-05 00:00:00+00:00, run_after=2026-08-06 00:00:00+00:00
[2026-08-06T16:59:14.659+0000] {processor.py:208} INFO - Processing /home/airflow/.local/lib/python3.12/site-packages/airflow/example_dags/example_branch_day_of_week_operator.py took 0.176 seconds
[2026-08-06T16:59:45.425+0000] {processor.py:186} INFO - Started process (PID=600) to work on /home/airflow/.local/lib/python3.12/site-packages/airflow/example_dags/example_branch_day_of_week_operator.py
[2026-08-06T16:59:45.426+0000] {processor.py:914} INFO - Processing file /home/airflow/.local/lib/python3.12/site-packages/airflow/example_dags/example_branch_day_of_week_operator.py for tasks to queue
[2026-08-06T16:59:45.428+0000] {logging_mixin.py:190} INFO - [2026-08-06T16:59:45.428+0000] {dagbag.py:588} INFO - Filling up the DagBag from /home/airflow/.local/lib/python3.12/site-packages/airflow/example_dags/example_branch_day_of_week_operator.py
[2026-08-06T16:59:45.438+0000] {processor.py:925} INFO - DAG(s) 'example_weekday_branch_operator' retrieved from /home/airflow/.local/lib/python3.12/site-packages/airflow/example_dags/example_branch_day_of_week_operator.py
[2026-08-06T16:59:45.460+0000] {logging_mixin.py:190} INFO - [2026-08-06T16:59:45.460+0000] {dag.py:3239} INFO - Sync 1 DAGs
[2026-08-06T16:59:45.491+0000] {logging_mixin.py:190} INFO - [2026-08-06T16:59:45.491+0000] {dag.py:4180} INFO - Setting next_dagrun for example_weekday_branch_operator to 2026-08-05 00:00:00+00:00, run_after=2026-08-06 00:00:00+00:00
[2026-08-06T16:59:45.515+0000] {processor.py:208} INFO - Processing /home/airflow/.local/lib/python3.12/site-packages/airflow/example_dags/example_branch_day_of_week_operator.py took 0.095 seconds
[2026-08-06T17:00:15.769+0000] {processor.py:186} INFO - Started process (PID=663) to work on /home/airflow/.local/lib/python3.12/site-packages/airflow/example_dags/example_branch_day_of_week_operator.py
[2026-08-06T17:00:15.771+0000] {processor.py:914} INFO - Processing file /home/airflow/.local/lib/python3.12/site-packages/airflow/example_dags/example_branch_day_of_week_operator.py for tasks to queue
[2026-08-06T17:00:15.773+0000] {logging_mixin.py:190} INFO - [2026-08-06T17:00:15.773+0000] {dagbag.py:588} INFO - Filling up the DagBag from /home/airflow/.local/lib/python3.12/site-packages/airflow/example_dags/example_branch_day_of_week_operator.py
[2026-08-06T17:00:15.781+0000] {processor.py:925} INFO - DAG(s) 'example_weekday_branch_operator' retrieved from /home/airflow/.local/lib/python3.12/site-packages/airflow/example_dags/example_branch_day_of_week_operator.py
[2026-08-06T17:00:15.800+0000] {logging_mixin.py:190} INFO - [2026-08-06T17:00:15.799+0000] {dag.py:3239} INFO - Sync 1 DAGs
[2026-08-06T17:00:15.820+0000] {logging_mixin.py:190} INFO - [2026-08-06T17:00:15.820+0000] {dag.py:4180} INFO - Setting next_dagrun for example_weekday_branch_operator to 2026-08-05 00:00:00+00:00, run_after=2026-08-06 00:00:00+00:00
[2026-08-06T17:00:15.837+0000] {processor.py:208} INFO - Processing /home/airflow/.local/lib/python3.12/site-packages/airflow/example_dags/example_branch_day_of_week_operator.py took 0.073 seconds
[2026-08-06T17:00:46.413+0000] {processor.py:186} INFO - Started process (PID=727) to work on /home/airflow/.local/lib/python3.12/site-packages/airflow/example_dags/example_branch_day_of_week_operator.py
[2026-08-06T17:00:46.414+0000] {processor.py:914} INFO - Processing file /home/airflow/.local/lib/python3.12/site-packages/airflow/example_dags/example_branch_day_of_week_operator.py for tasks to queue
[2026-08-06T17:00:46.417+0000] {logging_mixin.py:190} INFO - [2026-08-06T17:00:46.417+0000] {dagbag.py:588} INFO - Filling up the DagBag from /home/airflow/.local/lib/python3.12/site-packages/airflow/example_dags/example_branch_day_of_week_operator.py
[2026-08-06T17:00:46.424+0000] {processor.py:925} INFO - DAG(s) 'example_weekday_branch_operator' retrieved from /home/airflow/.local/lib/python3.12/site-packages/airflow/example_dags/example_branch_day_of_week_operator.py
[2026-08-06T17:00:46.440+0000] {logging_mixin.py:190} INFO - [2026-08-06T17:00:46.440+0000] {dag.py:3239} INFO - Sync 1 DAGs
[2026-08-06T17:00:46.459+0000] {logging_mixin.py:190} INFO - [2026-08-06T17:00:46.458+0000] {dag.py:4180} INFO - Setting next_dagrun for example_weekday_branch_operator to 2026-08-05 00:00:00+00:00, run_after=2026-08-06 00:00:00+00:00
[2026-08-06T17:00:46.476+0000] {processor.py:208} INFO - Processing /home/airflow/.local/lib/python3.12/site-packages/airflow/example_dags/example_branch_day_of_week_operator.py took 0.067 seconds
[2026-08-06T17:01:17.096+0000] {processor.py:186} INFO - Started process (PID=791) to work on /home/airflow/.local/lib/python3.12/site-packages/airflow/example_dags/example_branch_day_of_week_operator.py
[2026-08-06T17:01:17.097+0000] {processor.py:914} INFO - Processing file /home/airflow/.local/lib/python3.12/site-packages/airflow/example_dags/example_branch_day_of_week_operator.py for tasks to queue
[2026-08-06T17:01:17.099+0000] {logging_mixin.py:190} INFO - [2026-08-06T17:01:17.099+0000] {dagbag.py:588} INFO - Filling up the DagBag from /home/airflow/.local/lib/python3.12/site-packages/airflow/example_dags/example_branch_day_of_week_operator.py
[2026-08-06T17:01:17.106+0000] {processor.py:925} INFO - DAG(s) 'example_weekday_branch_operator' retrieved from /home/airflow/.local/lib/python3.12/site-packages/airflow/example_dags/example_branch_day_of_week_operator.py
[2026-08-06T17:01:17.123+0000] {logging_mixin.py:190} INFO - [2026-08-06T17:01:17.122+0000] {dag.py:3239} INFO - Sync 1 DAGs
[2026-08-06T17:01:17.141+0000] {logging_mixin.py:190} INFO - [2026-08-06T17:01:17.141+0000] {dag.py:4180} INFO - Setting next_dagrun for example_weekday_branch_operator to 2026-08-05 00:00:00+00:00, run_after=2026-08-06 00:00:00+00:00
[2026-08-06T17:01:17.158+0000] {processor.py:208} INFO - Processing /home/airflow/.local/lib/python3.12/site-packages/airflow/example_dags/example_branch_day_of_week_operator.py took 0.067 seconds
[2026-08-06T17:01:47.575+0000] {processor.py:186} INFO - Started process (PID=855) to work on /home/airflow/.local/lib/python3.12/site-packages/airflow/example_dags/example_branch_day_of_week_operator.py
[2026-08-06T17:01:47.576+0000] {processor.py:914} INFO - Processing file /home/airflow/.local/lib/python3.12/site-packages/airflow/example_dags/example_branch_day_of_week_operator.py for tasks to queue
[2026-08-06T17:01:47.578+0000] {logging_mixin.py:190} INFO - [2026-08-06T17:01:47.578+0000] {dagbag.py:588} INFO - Filling up the DagBag from /home/airflow/.local/lib/python3.12/site-packages/airflow/example_dags/example_branch_day_of_week_operator.py
[2026-08-06T17:01:47.586+0000] {processor.py:925} INFO - DAG(s) 'example_weekday_branch_operator' retrieved from /home/airflow/.local/lib/python3.12/site-packages/airflow/example_dags/example_branch_day_of_week_operator.py
[2026-08-06T17:01:47.602+0000] {logging_mixin.py:190} INFO - [2026-08-06T17:01:47.602+0000] {dag.py:3239} INFO - Sync 1 DAGs
[2026-08-06T17:01:47.622+0000] {logging_mixin.py:190} INFO - [2026-08-06T17:01:47.622+0000] {dag.py:4180} INFO - Setting next_dagrun for example_weekday_branch_operator to 2026-08-05 00:00:00+00:00, run_after=2026-08-06 00:00:00+00:00
[2026-08-06T17:01:47.643+0000] {processor.py:208} INFO - Processing /home/airflow/.local/lib/python3.12/site-packages/airflow/example_dags/example_branch_day_of_week_operator.py took 0.074 seconds
[2026-08-06T17:02:18.124+0000] {processor.py:186} INFO - Started process (PID=919) to work on /home/airflow/.local/lib/python3.12/site-packages/airflow/example_dags/example_branch_day_of_week_operator.py
[2026-08-06T17:02:18.126+0000] {processor.py:914} INFO - Processing file /home/airflow/.local/lib/python3.12/site-packages/airflow/example_dags/example_branch_day_of_week_operator.py for tasks to queue
[2026-08-06T17:02:18.128+0000] {logging_mixin.py:190} INFO - [2026-08-06T17:02:18.128+0000] {dagbag.py:588} INFO - Filling up the DagBag from /home/airflow/.local/lib/python3.12/site-packages/airflow/example_dags/example_branch_day_of_week_operator.py
[2026-08-06T17:02:18.136+0000] {processor.py:925} INFO - DAG(s) 'example_weekday_branch_operator' retrieved from /home/airflow/.local/lib/python3.12/site-packages/airflow/example_dags/example_branch_day_of_week_operator.py
[2026-08-06T17:02:18.153+0000] {logging_mixin.py:190} INFO - [2026-08-06T17:02:18.152+0000] {dag.py:3239} INFO - Sync 1 DAGs
[2026-08-06T17:02:18.172+0000] {logging_mixin.py:190} INFO - [2026-08-06T17:02:18.172+0000] {dag.py:4180} INFO - Setting next_dagrun for example_weekday_branch_operator to 2026-08-05 00:00:00+00:00, run_after=2026-08-06 00:00:00+00:00
[2026-08-06T17:02:18.191+0000] {processor.py:208} INFO - Processing /home/airflow/.local/lib/python3.12/site-packages/airflow/example_dags/example_branch_day_of_week_operator.py took 0.071 seconds
[2026-08-06T17:02:49.120+0000] {processor.py:186} INFO - Started process (PID=983) to work on /home/airflow/.local/lib/python3.12/site-packages/airflow/example_dags/example_branch_day_of_week_operator.py
[2026-08-06T17:02:49.121+0000] {processor.py:914} INFO - Processing file /home/airflow/.local/lib/python3.12/site-packages/airflow/example_dags/example_branch_day_of_week_operator.py for tasks to queue
[2026-08-06T17:02:49.126+0000] {logging_mixin.py:190} INFO - [2026-08-06T17:02:49.125+0000] {dagbag.py:588} INFO - Filling up the DagBag from /home/airflow/.local/lib/python3.12/site-packages/airflow/example_dags/example_branch_day_of_week_operator.py
[2026-08-06T17:02:49.133+0000] {processor.py:925} INFO - DAG(s) 'example_weekday_branch_operator' retrieved from /home/airflow/.local/lib/python3.12/site-packages/airflow/example_dags/example_branch_day_of_week_operator.py
[2026-08-06T17:02:49.153+0000] {logging_mixin.py:190} INFO - [2026-08-06T17:02:49.153+0000] {dag.py:3239} INFO - Sync 1 DAGs
[2026-08-06T17:02:49.182+0000] {logging_mixin.py:190} INFO - [2026-08-06T17:02:49.182+0000] {dag.py:4180} INFO - Setting next_dagrun for example_weekday_branch_operator to 2026-08-05 00:00:00+00:00, run_after=2026-08-06 00:00:00+00:00
[2026-08-06T17:02:49.207+0000] {processor.py:208} INFO - Processing /home/airflow/.local/lib/python3.12/site-packages/airflow/example_dags/example_branch_day_of_week_operator.py took 0.092 seconds
[2026-08-06T17:03:19.960+0000] {processor.py:186} INFO - Started process (PID=1047) to work on /home/airflow/.local/lib/python3.12/site-packages/airflow/example_dags/example_branch_day_of_week_operator.py
[2026-08-06T17:03:19.961+0000] {processor.py:914} INFO - Processing file /home/airflow/.local/lib/python3.12/site-packages/airflow/example_dags/example_branch_day_of_week_operator.py for tasks to queue
[2026-08-06T17:03:19.964+0000] {logging_mixin.py:190} INFO - [2026-08-06T17:03:19.963+0000] {dagbag.py:588} INFO - Filling up the DagBag from /home/airflow/.local/lib/python3.12/site-packages/airflow/example_dags/example_branch_day_of_week_operator.py
[2026-08-06T17:03:19.976+0000] {processor.py:925} INFO - DAG(s) 'example_weekday_branch_operator' retrieved from /home/airflow/.local/lib/python3.12/site-packages/airflow/example_dags/example_branch_day_of_week_operator.py
[2026-08-06T17:03:19.995+0000] {logging_mixin.py:190} INFO - [2026-08-06T17:03:19.995+0000] {dag.py:3239} INFO - Sync 1 DAGs
[2026-08-06T17:03:20.015+0000] {logging_mixin.py:190} INFO - [2026-08-06T17:03:20.015+0000] {dag.py:4180} INFO - Setting next_dagrun for example_weekday_branch_operator to 2026-08-05 00:00:00+00:00, run_after=2026-08-06 00:00:00+00:00
[2026-08-06T17:03:20.030+0000] {processor.py:208} INFO - Processing /home/airflow/.local/lib/python3.12/site-packages/airflow/example_dags/example_branch_day_of_week_operator.py took 0.076 seconds
[2026-08-06T17:03:50.522+0000] {processor.py:186} INFO - Started process (PID=1111) to work on /home/airflow/.local/lib/python3.12/site-packages/airflow/example_dags/example_branch_day_of_week_operator.py
[2026-08-06T17:03:50.524+0000] {processor.py:914} INFO - Processing file /home/airflow/.local/lib/python3.12/site-packages/airflow/example_dags/example_branch_day_of_week_operator.py for tasks to queue
[2026-08-06T17:03:50.526+0000] {logging_mixin.py:190} INFO - [2026-08-06T17:03:50.525+0000] {dagbag.py:588} INFO - Filling up the DagBag from /home/airflow/.local/lib/python3.12/site-packages/airflow/example_dags/example_branch_day_of_week_operator.py
[2026-08-06T17:03:50.534+0000] {processor.py:925} INFO - DAG(s) 'example_weekday_branch_operator' retrieved from /home/airflow/.local/lib/python3.12/site-packages/airflow/example_dags/example_branch_day_of_week_operator.py
[2026-08-06T17:03:50.552+0000] {logging_mixin.py:190} INFO - [2026-08-06T17:03:50.551+0000] {dag.py:3239} INFO - Sync 1 DAGs
[2026-08-06T17:03:50.573+0000] {logging_mixin.py:190} INFO - [2026-08-06T17:03:50.573+0000] {dag.py:4180} INFO - Setting next_dagrun for example_weekday_branch_operator to 2026-08-05 00:00:00+00:00, run_after=2026-08-06 00:00:00+00:00
[2026-08-06T17:03:50.590+0000] {processor.py:208} INFO - Processing /home/airflow/.local/lib/python3.12/site-packages/airflow/example_dags/example_branch_day_of_week_operator.py took 0.072 seconds
[2026-08-06T17:05:24.158+0000] {processor.py:186} INFO - Started process (PID=88) to work on /home/airflow/.local/lib/python3.12/site-packages/airflow/example_dags/example_branch_day_of_week_operator.py
[2026-08-06T17:05:24.159+0000] {processor.py:914} INFO - Processing file /home/airflow/.local/lib/python3.12/site-packages/airflow/example_dags/example_branch_day_of_week_operator.py for tasks to queue
[2026-08-06T17:05:24.163+0000] {logging_mixin.py:190} INFO - [2026-08-06T17:05:24.163+0000] {dagbag.py:588} INFO - Filling up the DagBag from /home/airflow/.local/lib/python3.12/site-packages/airflow/example_dags/example_branch_day_of_week_operator.py
[2026-08-06T17:05:24.176+0000] {processor.py:925} INFO - DAG(s) 'example_weekday_branch_operator' retrieved from /home/airflow/.local/lib/python3.12/site-packages/airflow/example_dags/example_branch_day_of_week_operator.py
[2026-08-06T17:05:24.205+0000] {logging_mixin.py:190} INFO - [2026-08-06T17:05:24.205+0000] {dag.py:3239} INFO - Sync 1 DAGs
[2026-08-06T17:05:24.236+0000] {logging_mixin.py:190} INFO - [2026-08-06T17:05:24.235+0000] {dag.py:4180} INFO - Setting next_dagrun for example_weekday_branch_operator to 2026-08-05 00:00:00+00:00, run_after=2026-08-06 00:00:00+00:00
[2026-08-06T17:05:24.263+0000] {processor.py:208} INFO - Processing /home/airflow/.local/lib/python3.12/site-packages/airflow/example_dags/example_branch_day_of_week_operator.py took 0.114 seconds
[2026-08-06T17:05:55.351+0000] {processor.py:186} INFO - Started process (PID=152) to work on /home/airflow/.local/lib/python3.12/site-packages/airflow/example_dags/example_branch_day_of_week_operator.py
[2026-08-06T17:05:55.352+0000] {processor.py:914} INFO - Processing file /home/airflow/.local/lib/python3.12/site-packages/airflow/example_dags/example_branch_day_of_week_operator.py for tasks to queue
[2026-08-06T17:05:55.354+0000] {logging_mixin.py:190} INFO - [2026-08-06T17:05:55.354+0000] {dagbag.py:588} INFO - Filling up the DagBag from /home/airflow/.local/lib/python3.12/site-packages/airflow/example_dags/example_branch_day_of_week_operator.py
[2026-08-06T17:05:55.364+0000] {processor.py:925} INFO - DAG(s) 'example_weekday_branch_operator' retrieved from /home/airflow/.local/lib/python3.12/site-packages/airflow/example_dags/example_branch_day_of_week_operator.py
[2026-08-06T17:05:55.381+0000] {logging_mixin.py:190} INFO - [2026-08-06T17:05:55.381+0000] {dag.py:3239} INFO - Sync 1 DAGs
[2026-08-06T17:05:55.401+0000] {logging_mixin.py:190} INFO - [2026-08-06T17:05:55.401+0000] {dag.py:4180} INFO - Setting next_dagrun for example_weekday_branch_operator to 2026-08-05 00:00:00+00:00, run_after=2026-08-06 00:00:00+00:00
[2026-08-06T17:05:55.417+0000] {processor.py:208} INFO - Processing /home/airflow/.local/lib/python3.12/site-packages/airflow/example_dags/example_branch_day_of_week_operator.py took 0.071 seconds
[2026-08-06T17:06:26.364+0000] {processor.py:186} INFO - Started process (PID=216) to work on /home/airflow/.local/lib/python3.12/site-packages/airflow/example_dags/example_branch_day_of_week_operator.py
[2026-08-06T17:06:26.366+0000] {processor.py:914} INFO - Processing file /home/airflow/.local/lib/python3.12/site-packages/airflow/example_dags/example_branch_day_of_week_operator.py for tasks to queue
[2026-08-06T17:06:26.368+0000] {logging_mixin.py:190} INFO - [2026-08-06T17:06:26.368+0000] {dagbag.py:588} INFO - Filling up the DagBag from /home/airflow/.local/lib/python3.12/site-packages/airflow/example_dags/example_branch_day_of_week_operator.py
[2026-08-06T17:06:26.377+0000] {processor.py:925} INFO - DAG(s) 'example_weekday_branch_operator' retrieved from /home/airflow/.local/lib/python3.12/site-packages/airflow/example_dags/example_branch_day_of_week_operator.py
[2026-08-06T17:06:26.396+0000] {logging_mixin.py:190} INFO - [2026-08-06T17:06:26.396+0000] {dag.py:3239} INFO - Sync 1 DAGs
[2026-08-06T17:06:26.416+0000] {logging_mixin.py:190} INFO - [2026-08-06T17:06:26.416+0000] {dag.py:4180} INFO - Setting next_dagrun for example_weekday_branch_operator to 2026-08-05 00:00:00+00:00, run_after=2026-08-06 00:00:00+00:00
[2026-08-06T17:06:26.435+0000] {processor.py:208} INFO - Processing /home/airflow/.local/lib/python3.12/site-packages/airflow/example_dags/example_branch_day_of_week_operator.py took 0.076 seconds
[2026-08-06T17:06:57.537+0000] {processor.py:186} INFO - Started process (PID=280) to work on /home/airflow/.local/lib/python3.12/site-packages/airflow/example_dags/example_branch_day_of_week_operator.py
[2026-08-06T17:06:57.539+0000] {processor.py:914} INFO - Processing file /home/airflow/.local/lib/python3.12/site-packages/airflow/example_dags/example_branch_day_of_week_operator.py for tasks to queue
[2026-08-06T17:06:57.543+0000] {logging_mixin.py:190} INFO - [2026-08-06T17:06:57.543+0000] {dagbag.py:588} INFO - Filling up the DagBag from /home/airflow/.local/lib/python3.12/site-packages/airflow/example_dags/example_branch_day_of_week_operator.py
[2026-08-06T17:06:57.553+0000] {processor.py:925} INFO - DAG(s) 'example_weekday_branch_operator' retrieved from /home/airflow/.local/lib/python3.12/site-packages/airflow/example_dags/example_branch_day_of_week_operator.py
[2026-08-06T17:06:57.575+0000] {logging_mixin.py:190} INFO - [2026-08-06T17:06:57.575+0000] {dag.py:3239} INFO - Sync 1 DAGs
[2026-08-06T17:06:57.597+0000] {logging_mixin.py:190} INFO - [2026-08-06T17:06:57.597+0000] {dag.py:4180} INFO - Setting next_dagrun for example_weekday_branch_operator to 2026-08-05 00:00:00+00:00, run_after=2026-08-06 00:00:00+00:00
[2026-08-06T17:06:57.619+0000] {processor.py:208} INFO - Processing /home/airflow/.local/lib/python3.12/site-packages/airflow/example_dags/example_branch_day_of_week_operator.py took 0.086 seconds
[2026-08-06T17:07:28.534+0000] {processor.py:186} INFO - Started process (PID=344) to work on /home/airflow/.local/lib/python3.12/site-packages/airflow/example_dags/example_branch_day_of_week_operator.py
[2026-08-06T17:07:28.536+0000] {processor.py:914} INFO - Processing file /home/airflow/.local/lib/python3.12/site-packages/airflow/example_dags/example_branch_day_of_week_operator.py for tasks to queue
[2026-08-06T17:07:28.542+0000] {logging_mixin.py:190} INFO - [2026-08-06T17:07:28.541+0000] {dagbag.py:588} INFO - Filling up the DagBag from /home/airflow/.local/lib/python3.12/site-packages/airflow/example_dags/example_branch_day_of_week_operator.py
[2026-08-06T17:07:28.550+0000] {processor.py:925} INFO - DAG(s) 'example_weekday_branch_operator' retrieved from /home/airflow/.local/lib/python3.12/site-packages/airflow/example_dags/example_branch_day_of_week_operator.py
[2026-08-06T17:07:28.572+0000] {logging_mixin.py:190} INFO - [2026-08-06T17:07:28.572+0000] {dag.py:3239} INFO - Sync 1 DAGs
[2026-08-06T17:07:28.599+0000] {logging_mixin.py:190} INFO - [2026-08-06T17:07:28.598+0000] {dag.py:4180} INFO - Setting next_dagrun for example_weekday_branch_operator to 2026-08-05 00:00:00+00:00, run_after=2026-08-06 00:00:00+00:00
[2026-08-06T17:07:28.619+0000] {processor.py:208} INFO - Processing /home/airflow/.local/lib/python3.12/site-packages/airflow/example_dags/example_branch_day_of_week_operator.py took 0.089 seconds
[2026-08-06T17:08:01.275+0000] {processor.py:186} INFO - Started process (PID=408) to work on /home/airflow/.local/lib/python3.12/site-packages/airflow/example_dags/example_branch_day_of_week_operator.py
[2026-08-06T17:08:01.278+0000] {processor.py:914} INFO - Processing file /home/airflow/.local/lib/python3.12/site-packages/airflow/example_dags/example_branch_day_of_week_operator.py for tasks to queue
[2026-08-06T17:08:01.289+0000] {logging_mixin.py:190} INFO - [2026-08-06T17:08:01.288+0000] {dagbag.py:588} INFO - Filling up the DagBag from /home/airflow/.local/lib/python3.12/site-packages/airflow/example_dags/example_branch_day_of_week_operator.py
[2026-08-06T17:08:01.327+0000] {processor.py:925} INFO - DAG(s) 'example_weekday_branch_operator' retrieved from /home/airflow/.local/lib/python3.12/site-packages/airflow/example_dags/example_branch_day_of_week_operator.py
[2026-08-06T17:08:01.389+0000] {logging_mixin.py:190} INFO - [2026-08-06T17:08:01.388+0000] {dag.py:3239} INFO - Sync 1 DAGs
[2026-08-06T17:08:01.481+0000] {logging_mixin.py:190} INFO - [2026-08-06T17:08:01.481+0000] {dag.py:4180} INFO - Setting next_dagrun for example_weekday_branch_operator to 2026-08-05 00:00:00+00:00, run_after=2026-08-06 00:00:00+00:00
[2026-08-06T17:08:01.548+0000] {processor.py:208} INFO - Processing /home/airflow/.local/lib/python3.12/site-packages/airflow/example_dags/example_branch_day_of_week_operator.py took 0.287 seconds
[2026-08-06T17:08:32.613+0000] {processor.py:186} INFO - Started process (PID=472) to work on /home/airflow/.local/lib/python3.12/site-packages/airflow/example_dags/example_branch_day_of_week_operator.py
[2026-08-06T17:08:32.615+0000] {processor.py:914} INFO - Processing file /home/airflow/.local/lib/python3.12/site-packages/airflow/example_dags/example_branch_day_of_week_operator.py for tasks to queue
[2026-08-06T17:08:32.620+0000] {logging_mixin.py:190} INFO - [2026-08-06T17:08:32.620+0000] {dagbag.py:588} INFO - Filling up the DagBag from /home/airflow/.local/lib/python3.12/site-packages/airflow/example_dags/example_branch_day_of_week_operator.py
[2026-08-06T17:08:32.638+0000] {processor.py:925} INFO - DAG(s) 'example_weekday_branch_operator' retrieved from /home/airflow/.local/lib/python3.12/site-packages/airflow/example_dags/example_branch_day_of_week_operator.py
[2026-08-06T17:08:32.688+0000] {logging_mixin.py:190} INFO - [2026-08-06T17:08:32.688+0000] {dag.py:3239} INFO - Sync 1 DAGs
[2026-08-06T17:08:32.734+0000] {logging_mixin.py:190} INFO - [2026-08-06T17:08:32.733+0000] {dag.py:4180} INFO - Setting next_dagrun for example_weekday_branch_operator to 2026-08-05 00:00:00+00:00, run_after=2026-08-06 00:00:00+00:00
[2026-08-06T17:08:32.788+0000] {processor.py:208} INFO - Processing /home/airflow/.local/lib/python3.12/site-packages/airflow/example_dags/example_branch_day_of_week_operator.py took 0.190 seconds
[2026-08-06T17:09:03.431+0000] {processor.py:186} INFO - Started process (PID=536) to work on /home/airflow/.local/lib/python3.12/site-packages/airflow/example_dags/example_branch_day_of_week_operator.py
[2026-08-06T17:09:03.433+0000] {processor.py:914} INFO - Processing file /home/airflow/.local/lib/python3.12/site-packages/airflow/example_dags/example_branch_day_of_week_operator.py for tasks to queue
[2026-08-06T17:09:03.437+0000] {logging_mixin.py:190} INFO - [2026-08-06T17:09:03.436+0000] {dagbag.py:588} INFO - Filling up the DagBag from /home/airflow/.local/lib/python3.12/site-packages/airflow/example_dags/example_branch_day_of_week_operator.py
[2026-08-06T17:09:03.447+0000] {processor.py:925} INFO - DAG(s) 'example_weekday_branch_operator' retrieved from /home/airflow/.local/lib/python3.12/site-packages/airflow/example_dags/example_branch_day_of_week_operator.py
[2026-08-06T17:09:03.471+0000] {logging_mixin.py:190} INFO - [2026-08-06T17:09:03.471+0000] {dag.py:3239} INFO - Sync 1 DAGs
[2026-08-06T17:09:03.505+0000] {logging_mixin.py:190} INFO - [2026-08-06T17:09:03.504+0000] {dag.py:4180} INFO - Setting next_dagrun for example_weekday_branch_operator to 2026-08-05 00:00:00+00:00, run_after=2026-08-06 00:00:00+00:00
[2026-08-06T17:09:03.533+0000] {processor.py:208} INFO - Processing /home/airflow/.local/lib/python3.12/site-packages/airflow/example_dags/example_branch_day_of_week_operator.py took 0.107 seconds
[2026-08-06T17:09:34.303+0000] {processor.py:186} INFO - Started process (PID=600) to work on /home/airflow/.local/lib/python3.12/site-packages/airflow/example_dags/example_branch_day_of_week_operator.py
[2026-08-06T17:09:34.305+0000] {processor.py:914} INFO - Processing file /home/airflow/.local/lib/python3.12/site-packages/airflow/example_dags/example_branch_day_of_week_operator.py for tasks to queue
[2026-08-06T17:09:34.307+0000] {logging_mixin.py:190} INFO - [2026-08-06T17:09:34.307+0000] {dagbag.py:588} INFO - Filling up the DagBag from /home/airflow/.local/lib/python3.12/site-packages/airflow/example_dags/example_branch_day_of_week_operator.py
[2026-08-06T17:09:34.316+0000] {processor.py:925} INFO - DAG(s) 'example_weekday_branch_operator' retrieved from /home/airflow/.local/lib/python3.12/site-packages/airflow/example_dags/example_branch_day_of_week_operator.py
[2026-08-06T17:09:34.335+0000] {logging_mixin.py:190} INFO - [2026-08-06T17:09:34.335+0000] {dag.py:3239} INFO - Sync 1 DAGs
[2026-08-06T17:09:34.368+0000] {logging_mixin.py:190} INFO - [2026-08-06T17:09:34.368+0000] {dag.py:4180} INFO - Setting next_dagrun for example_weekday_branch_operator to 2026-08-05 00:00:00+00:00, run_after=2026-08-06 00:00:00+00:00
[2026-08-06T17:09:34.386+0000] {processor.py:208} INFO - Processing /home/airflow/.local/lib/python3.12/site-packages/airflow/example_dags/example_branch_day_of_week_operator.py took 0.088 seconds
[2026-08-06T17:10:05.768+0000] {processor.py:186} INFO - Started process (PID=664) to work on /home/airflow/.local/lib/python3.12/site-packages/airflow/example_dags/example_branch_day_of_week_operator.py
[2026-08-06T17:10:05.769+0000] {processor.py:914} INFO - Processing file /home/airflow/.local/lib/python3.12/site-packages/airflow/example_dags/example_branch_day_of_week_operator.py for tasks to queue
[2026-08-06T17:10:05.771+0000] {logging_mixin.py:190} INFO - [2026-08-06T17:10:05.771+0000] {dagbag.py:588} INFO - Filling up the DagBag from /home/airflow/.local/lib/python3.12/site-packages/airflow/example_dags/example_branch_day_of_week_operator.py
[2026-08-06T17:10:05.779+0000] {processor.py:925} INFO - DAG(s) 'example_weekday_branch_operator' retrieved from /home/airflow/.local/lib/python3.12/site-packages/airflow/example_dags/example_branch_day_of_week_operator.py
[2026-08-06T17:10:05.797+0000] {logging_mixin.py:190} INFO - [2026-08-06T17:10:05.796+0000] {dag.py:3239} INFO - Sync 1 DAGs
[2026-08-06T17:10:05.819+0000] {logging_mixin.py:190} INFO - [2026-08-06T17:10:05.819+0000] {dag.py:4180} INFO - Setting next_dagrun for example_weekday_branch_operator to 2026-08-05 00:00:00+00:00, run_after=2026-08-06 00:00:00+00:00
[2026-08-06T17:10:05.837+0000] {processor.py:208} INFO - Processing /home/airflow/.local/lib/python3.12/site-packages/airflow/example_dags/example_branch_day_of_week_operator.py took 0.075 seconds
[2026-08-06T17:10:36.442+0000] {processor.py:186} INFO - Started process (PID=728) to work on /home/airflow/.local/lib/python3.12/site-packages/airflow/example_dags/example_branch_day_of_week_operator.py
[2026-08-06T17:10:36.444+0000] {processor.py:914} INFO - Processing file /home/airflow/.local/lib/python3.12/site-packages/airflow/example_dags/example_branch_day_of_week_operator.py for tasks to queue
[2026-08-06T17:10:36.446+0000] {logging_mixin.py:190} INFO - [2026-08-06T17:10:36.445+0000] {dagbag.py:588} INFO - Filling up the DagBag from /home/airflow/.local/lib/python3.12/site-packages/airflow/example_dags/example_branch_day_of_week_operator.py
[2026-08-06T17:10:36.454+0000] {processor.py:925} INFO - DAG(s) 'example_weekday_branch_operator' retrieved from /home/airflow/.local/lib/python3.12/site-packages/airflow/example_dags/example_branch_day_of_week_operator.py
[2026-08-06T17:10:36.471+0000] {logging_mixin.py:190} INFO - [2026-08-06T17:10:36.471+0000] {dag.py:3239} INFO - Sync 1 DAGs
[2026-08-06T17:10:36.490+0000] {logging_mixin.py:190} INFO - [2026-08-06T17:10:36.490+0000] {dag.py:4180} INFO - Setting next_dagrun for example_weekday_branch_operator to 2026-08-05 00:00:00+00:00, run_after=2026-08-06 00:00:00+00:00
[2026-08-06T17:10:36.505+0000] {processor.py:208} INFO - Processing /home/airflow/.local/lib/python3.12/site-packages/airflow/example_dags/example_branch_day_of_week_operator.py took 0.067 seconds
[2026-08-06T17:11:07.574+0000] {processor.py:186} INFO - Started process (PID=792) to work on /home/airflow/.local/lib/python3.12/site-packages/airflow/example_dags/example_branch_day_of_week_operator.py
[2026-08-06T17:11:07.576+0000] {processor.py:914} INFO - Processing file /home/airflow/.local/lib/python3.12/site-packages/airflow/example_dags/example_branch_day_of_week_operator.py for tasks to queue
[2026-08-06T17:11:07.579+0000] {logging_mixin.py:190} INFO - [2026-08-06T17:11:07.579+0000] {dagbag.py:588} INFO - Filling up the DagBag from /home/airflow/.local/lib/python3.12/site-packages/airflow/example_dags/example_branch_day_of_week_operator.py
[2026-08-06T17:11:07.589+0000] {processor.py:925} INFO - DAG(s) 'example_weekday_branch_operator' retrieved from /home/airflow/.local/lib/python3.12/site-packages/airflow/example_dags/example_branch_day_of_week_operator.py
[2026-08-06T17:11:07.612+0000] {logging_mixin.py:190} INFO - [2026-08-06T17:11:07.612+0000] {dag.py:3239} INFO - Sync 1 DAGs
[2026-08-06T17:11:07.640+0000] {logging_mixin.py:190} INFO - [2026-08-06T17:11:07.640+0000] {dag.py:4180} INFO - Setting next_dagrun for example_weekday_branch_operator to 2026-08-05 00:00:00+00:00, run_after=2026-08-06 00:00:00+00:00
[2026-08-06T17:11:07.656+0000] {processor.py:208} INFO - Processing /home/airflow/.local/lib/python3.12/site-packages/airflow/example_dags/example_branch_day_of_week_operator.py took 0.090 seconds
[2026-08-06T17:12:37.510+0000] {processor.py:186} INFO - Started process (PID=88) to work on /home/airflow/.local/lib/python3.12/site-packages/airflow/example_dags/example_branch_day_of_week_operator.py
[2026-08-06T17:12:37.512+0000] {processor.py:914} INFO - Processing file /home/airflow/.local/lib/python3.12/site-packages/airflow/example_dags/example_branch_day_of_week_operator.py for tasks to queue
[2026-08-06T17:12:37.516+0000] {logging_mixin.py:190} INFO - [2026-08-06T17:12:37.515+0000] {dagbag.py:588} INFO - Filling up the DagBag from /home/airflow/.local/lib/python3.12/site-packages/airflow/example_dags/example_branch_day_of_week_operator.py
[2026-08-06T17:12:37.531+0000] {processor.py:925} INFO - DAG(s) 'example_weekday_branch_operator' retrieved from /home/airflow/.local/lib/python3.12/site-packages/airflow/example_dags/example_branch_day_of_week_operator.py
[2026-08-06T17:12:37.558+0000] {logging_mixin.py:190} INFO - [2026-08-06T17:12:37.558+0000] {dag.py:3239} INFO - Sync 1 DAGs
[2026-08-06T17:12:37.588+0000] {logging_mixin.py:190} INFO - [2026-08-06T17:12:37.588+0000] {dag.py:4180} INFO - Setting next_dagrun for example_weekday_branch_operator to 2026-08-05 00:00:00+00:00, run_after=2026-08-06 00:00:00+00:00
[2026-08-06T17:12:37.654+0000] {processor.py:208} INFO - Processing /home/airflow/.local/lib/python3.12/site-packages/airflow/example_dags/example_branch_day_of_week_operator.py took 0.156 seconds
[2026-08-06T17:13:08.907+0000] {processor.py:186} INFO - Started process (PID=152) to work on /home/airflow/.local/lib/python3.12/site-packages/airflow/example_dags/example_branch_day_of_week_operator.py
[2026-08-06T17:13:08.908+0000] {processor.py:914} INFO - Processing file /home/airflow/.local/lib/python3.12/site-packages/airflow/example_dags/example_branch_day_of_week_operator.py for tasks to queue
[2026-08-06T17:13:08.914+0000] {logging_mixin.py:190} INFO - [2026-08-06T17:13:08.911+0000] {dagbag.py:588} INFO - Filling up the DagBag from /home/airflow/.local/lib/python3.12/site-packages/airflow/example_dags/example_branch_day_of_week_operator.py
[2026-08-06T17:13:08.930+0000] {processor.py:925} INFO - DAG(s) 'example_weekday_branch_operator' retrieved from /home/airflow/.local/lib/python3.12/site-packages/airflow/example_dags/example_branch_day_of_week_operator.py
[2026-08-06T17:13:08.954+0000] {logging_mixin.py:190} INFO - [2026-08-06T17:13:08.953+0000] {dag.py:3239} INFO - Sync 1 DAGs
[2026-08-06T17:13:08.982+0000] {logging_mixin.py:190} INFO - [2026-08-06T17:13:08.982+0000] {dag.py:4180} INFO - Setting next_dagrun for example_weekday_branch_operator to 2026-08-05 00:00:00+00:00, run_after=2026-08-06 00:00:00+00:00
[2026-08-06T17:13:09.008+0000] {processor.py:208} INFO - Processing /home/airflow/.local/lib/python3.12/site-packages/airflow/example_dags/example_branch_day_of_week_operator.py took 0.108 seconds
[2026-08-06T17:13:39.756+0000] {processor.py:186} INFO - Started process (PID=216) to work on /home/airflow/.local/lib/python3.12/site-packages/airflow/example_dags/example_branch_day_of_week_operator.py
[2026-08-06T17:13:39.758+0000] {processor.py:914} INFO - Processing file /home/airflow/.local/lib/python3.12/site-packages/airflow/example_dags/example_branch_day_of_week_operator.py for tasks to queue
[2026-08-06T17:13:39.760+0000] {logging_mixin.py:190} INFO - [2026-08-06T17:13:39.760+0000] {dagbag.py:588} INFO - Filling up the DagBag from /home/airflow/.local/lib/python3.12/site-packages/airflow/example_dags/example_branch_day_of_week_operator.py
[2026-08-06T17:13:39.773+0000] {processor.py:925} INFO - DAG(s) 'example_weekday_branch_operator' retrieved from /home/airflow/.local/lib/python3.12/site-packages/airflow/example_dags/example_branch_day_of_week_operator.py
[2026-08-06T17:13:39.797+0000] {logging_mixin.py:190} INFO - [2026-08-06T17:13:39.797+0000] {dag.py:3239} INFO - Sync 1 DAGs
[2026-08-06T17:13:39.820+0000] {logging_mixin.py:190} INFO - [2026-08-06T17:13:39.819+0000] {dag.py:4180} INFO - Setting next_dagrun for example_weekday_branch_operator to 2026-08-05 00:00:00+00:00, run_after=2026-08-06 00:00:00+00:00
[2026-08-06T17:13:39.842+0000] {processor.py:208} INFO - Processing /home/airflow/.local/lib/python3.12/site-packages/airflow/example_dags/example_branch_day_of_week_operator.py took 0.092 seconds
[2026-08-06T17:14:11.820+0000] {processor.py:186} INFO - Started process (PID=280) to work on /home/airflow/.local/lib/python3.12/site-packages/airflow/example_dags/example_branch_day_of_week_operator.py
[2026-08-06T17:14:11.824+0000] {processor.py:914} INFO - Processing file /home/airflow/.local/lib/python3.12/site-packages/airflow/example_dags/example_branch_day_of_week_operator.py for tasks to queue
[2026-08-06T17:14:11.830+0000] {logging_mixin.py:190} INFO - [2026-08-06T17:14:11.829+0000] {dagbag.py:588} INFO - Filling up the DagBag from /home/airflow/.local/lib/python3.12/site-packages/airflow/example_dags/example_branch_day_of_week_operator.py
[2026-08-06T17:14:11.851+0000] {processor.py:925} INFO - DAG(s) 'example_weekday_branch_operator' retrieved from /home/airflow/.local/lib/python3.12/site-packages/airflow/example_dags/example_branch_day_of_week_operator.py
[2026-08-06T17:14:11.893+0000] {logging_mixin.py:190} INFO - [2026-08-06T17:14:11.892+0000] {dag.py:3239} INFO - Sync 1 DAGs
[2026-08-06T17:14:11.954+0000] {logging_mixin.py:190} INFO - [2026-08-06T17:14:11.953+0000] {dag.py:4180} INFO - Setting next_dagrun for example_weekday_branch_operator to 2026-08-05 00:00:00+00:00, run_after=2026-08-06 00:00:00+00:00
[2026-08-06T17:14:11.995+0000] {processor.py:208} INFO - Processing /home/airflow/.local/lib/python3.12/site-packages/airflow/example_dags/example_branch_day_of_week_operator.py took 0.186 seconds
[2026-08-06T17:14:43.557+0000] {processor.py:186} INFO - Started process (PID=344) to work on /home/airflow/.local/lib/python3.12/site-packages/airflow/example_dags/example_branch_day_of_week_operator.py
[2026-08-06T17:14:43.560+0000] {processor.py:914} INFO - Processing file /home/airflow/.local/lib/python3.12/site-packages/airflow/example_dags/example_branch_day_of_week_operator.py for tasks to queue
[2026-08-06T17:14:43.569+0000] {logging_mixin.py:190} INFO - [2026-08-06T17:14:43.568+0000] {dagbag.py:588} INFO - Filling up the DagBag from /home/airflow/.local/lib/python3.12/site-packages/airflow/example_dags/example_branch_day_of_week_operator.py
[2026-08-06T17:14:43.595+0000] {processor.py:925} INFO - DAG(s) 'example_weekday_branch_operator' retrieved from /home/airflow/.local/lib/python3.12/site-packages/airflow/example_dags/example_branch_day_of_week_operator.py
[2026-08-06T17:14:43.644+0000] {logging_mixin.py:190} INFO - [2026-08-06T17:14:43.643+0000] {dag.py:3239} INFO - Sync 1 DAGs
[2026-08-06T17:14:43.687+0000] {logging_mixin.py:190} INFO - [2026-08-06T17:14:43.686+0000] {dag.py:4180} INFO - Setting next_dagrun for example_weekday_branch_operator to 2026-08-05 00:00:00+00:00, run_after=2026-08-06 00:00:00+00:00
[2026-08-06T17:14:43.729+0000] {processor.py:208} INFO - Processing /home/airflow/.local/lib/python3.12/site-packages/airflow/example_dags/example_branch_day_of_week_operator.py took 0.182 seconds
[2026-08-06T17:15:15.106+0000] {processor.py:186} INFO - Started process (PID=408) to work on /home/airflow/.local/lib/python3.12/site-packages/airflow/example_dags/example_branch_day_of_week_operator.py
[2026-08-06T17:15:15.107+0000] {processor.py:914} INFO - Processing file /home/airflow/.local/lib/python3.12/site-packages/airflow/example_dags/example_branch_day_of_week_operator.py for tasks to queue
[2026-08-06T17:15:15.111+0000] {logging_mixin.py:190} INFO - [2026-08-06T17:15:15.111+0000] {dagbag.py:588} INFO - Filling up the DagBag from /home/airflow/.local/lib/python3.12/site-packages/airflow/example_dags/example_branch_day_of_week_operator.py
[2026-08-06T17:15:15.123+0000] {processor.py:925} INFO - DAG(s) 'example_weekday_branch_operator' retrieved from /home/airflow/.local/lib/python3.12/site-packages/airflow/example_dags/example_branch_day_of_week_operator.py
[2026-08-06T17:15:15.153+0000] {logging_mixin.py:190} INFO - [2026-08-06T17:15:15.152+0000] {dag.py:3239} INFO - Sync 1 DAGs
[2026-08-06T17:15:15.182+0000] {logging_mixin.py:190} INFO - [2026-08-06T17:15:15.181+0000] {dag.py:4180} INFO - Setting next_dagrun for example_weekday_branch_operator to 2026-08-05 00:00:00+00:00, run_after=2026-08-06 00:00:00+00:00
[2026-08-06T17:15:15.214+0000] {processor.py:208} INFO - Processing /home/airflow/.local/lib/python3.12/site-packages/airflow/example_dags/example_branch_day_of_week_operator.py took 0.114 seconds
[2026-08-06T17:15:46.669+0000] {processor.py:186} INFO - Started process (PID=472) to work on /home/airflow/.local/lib/python3.12/site-packages/airflow/example_dags/example_branch_day_of_week_operator.py
[2026-08-06T17:15:46.671+0000] {processor.py:914} INFO - Processing file /home/airflow/.local/lib/python3.12/site-packages/airflow/example_dags/example_branch_day_of_week_operator.py for tasks to queue
[2026-08-06T17:15:46.674+0000] {logging_mixin.py:190} INFO - [2026-08-06T17:15:46.674+0000] {dagbag.py:588} INFO - Filling up the DagBag from /home/airflow/.local/lib/python3.12/site-packages/airflow/example_dags/example_branch_day_of_week_operator.py
[2026-08-06T17:15:46.685+0000] {processor.py:925} INFO - DAG(s) 'example_weekday_branch_operator' retrieved from /home/airflow/.local/lib/python3.12/site-packages/airflow/example_dags/example_branch_day_of_week_operator.py
[2026-08-06T17:15:46.709+0000] {logging_mixin.py:190} INFO - [2026-08-06T17:15:46.708+0000] {dag.py:3239} INFO - Sync 1 DAGs
[2026-08-06T17:15:46.736+0000] {logging_mixin.py:190} INFO - [2026-08-06T17:15:46.735+0000] {dag.py:4180} INFO - Setting next_dagrun for example_weekday_branch_operator to 2026-08-05 00:00:00+00:00, run_after=2026-08-06 00:00:00+00:00
[2026-08-06T17:15:46.760+0000] {processor.py:208} INFO - Processing /home/airflow/.local/lib/python3.12/site-packages/airflow/example_dags/example_branch_day_of_week_operator.py took 0.097 seconds
[2026-08-06T17:16:17.766+0000] {processor.py:186} INFO - Started process (PID=536) to work on /home/airflow/.local/lib/python3.12/site-packages/airflow/example_dags/example_branch_day_of_week_operator.py
[2026-08-06T17:16:17.767+0000] {processor.py:914} INFO - Processing file /home/airflow/.local/lib/python3.12/site-packages/airflow/example_dags/example_branch_day_of_week_operator.py for tasks to queue
[2026-08-06T17:16:17.770+0000] {logging_mixin.py:190} INFO - [2026-08-06T17:16:17.769+0000] {dagbag.py:588} INFO - Filling up the DagBag from /home/airflow/.local/lib/python3.12/site-packages/airflow/example_dags/example_branch_day_of_week_operator.py
[2026-08-06T17:16:17.779+0000] {processor.py:925} INFO - DAG(s) 'example_weekday_branch_operator' retrieved from /home/airflow/.local/lib/python3.12/site-packages/airflow/example_dags/example_branch_day_of_week_operator.py
[2026-08-06T17:16:17.800+0000] {logging_mixin.py:190} INFO - [2026-08-06T17:16:17.799+0000] {dag.py:3239} INFO - Sync 1 DAGs
[2026-08-06T17:16:17.822+0000] {logging_mixin.py:190} INFO - [2026-08-06T17:16:17.822+0000] {dag.py:4180} INFO - Setting next_dagrun for example_weekday_branch_operator to 2026-08-05 00:00:00+00:00, run_after=2026-08-06 00:00:00+00:00
[2026-08-06T17:16:17.843+0000] {processor.py:208} INFO - Processing /home/airflow/.local/lib/python3.12/site-packages/airflow/example_dags/example_branch_day_of_week_operator.py took 0.083 seconds
[2026-08-06T17:16:48.947+0000] {processor.py:186} INFO - Started process (PID=600) to work on /home/airflow/.local/lib/python3.12/site-packages/airflow/example_dags/example_branch_day_of_week_operator.py
[2026-08-06T17:16:48.948+0000] {processor.py:914} INFO - Processing file /home/airflow/.local/lib/python3.12/site-packages/airflow/example_dags/example_branch_day_of_week_operator.py for tasks to queue
[2026-08-06T17:16:48.950+0000] {logging_mixin.py:190} INFO - [2026-08-06T17:16:48.950+0000] {dagbag.py:588} INFO - Filling up the DagBag from /home/airflow/.local/lib/python3.12/site-packages/airflow/example_dags/example_branch_day_of_week_operator.py
[2026-08-06T17:16:48.960+0000] {processor.py:925} INFO - DAG(s) 'example_weekday_branch_operator' retrieved from /home/airflow/.local/lib/python3.12/site-packages/airflow/example_dags/example_branch_day_of_week_operator.py
[2026-08-06T17:16:48.982+0000] {logging_mixin.py:190} INFO - [2026-08-06T17:16:48.982+0000] {dag.py:3239} INFO - Sync 1 DAGs
[2026-08-06T17:16:49.006+0000] {logging_mixin.py:190} INFO - [2026-08-06T17:16:49.005+0000] {dag.py:4180} INFO - Setting next_dagrun for example_weekday_branch_operator to 2026-08-05 00:00:00+00:00, run_after=2026-08-06 00:00:00+00:00
[2026-08-06T17:16:49.027+0000] {processor.py:208} INFO - Processing /home/airflow/.local/lib/python3.12/site-packages/airflow/example_dags/example_branch_day_of_week_operator.py took 0.086 seconds
[2026-08-06T17:17:19.671+0000] {processor.py:186} INFO - Started process (PID=664) to work on /home/airflow/.local/lib/python3.12/site-packages/airflow/example_dags/example_branch_day_of_week_operator.py
[2026-08-06T17:17:19.672+0000] {processor.py:914} INFO - Processing file /home/airflow/.local/lib/python3.12/site-packages/airflow/example_dags/example_branch_day_of_week_operator.py for tasks to queue
[2026-08-06T17:17:19.674+0000] {logging_mixin.py:190} INFO - [2026-08-06T17:17:19.673+0000] {dagbag.py:588} INFO - Filling up the DagBag from /home/airflow/.local/lib/python3.12/site-packages/airflow/example_dags/example_branch_day_of_week_operator.py
[2026-08-06T17:17:19.682+0000] {processor.py:925} INFO - DAG(s) 'example_weekday_branch_operator' retrieved from /home/airflow/.local/lib/python3.12/site-packages/airflow/example_dags/example_branch_day_of_week_operator.py
[2026-08-06T17:17:19.700+0000] {logging_mixin.py:190} INFO - [2026-08-06T17:17:19.700+0000] {dag.py:3239} INFO - Sync 1 DAGs
[2026-08-06T17:17:19.720+0000] {logging_mixin.py:190} INFO - [2026-08-06T17:17:19.720+0000] {dag.py:4180} INFO - Setting next_dagrun for example_weekday_branch_operator to 2026-08-05 00:00:00+00:00, run_after=2026-08-06 00:00:00+00:00
[2026-08-06T17:17:19.737+0000] {processor.py:208} INFO - Processing /home/airflow/.local/lib/python3.12/site-packages/airflow/example_dags/example_branch_day_of_week_operator.py took 0.072 seconds
[2026-08-06T17:17:50.749+0000] {processor.py:186} INFO - Started process (PID=728) to work on /home/airflow/.local/lib/python3.12/site-packages/airflow/example_dags/example_branch_day_of_week_operator.py
[2026-08-06T17:17:50.750+0000] {processor.py:914} INFO - Processing file /home/airflow/.local/lib/python3.12/site-packages/airflow/example_dags/example_branch_day_of_week_operator.py for tasks to queue
[2026-08-06T17:17:50.753+0000] {logging_mixin.py:190} INFO - [2026-08-06T17:17:50.753+0000] {dagbag.py:588} INFO - Filling up the DagBag from /home/airflow/.local/lib/python3.12/site-packages/airflow/example_dags/example_branch_day_of_week_operator.py
[2026-08-06T17:17:50.765+0000] {processor.py:925} INFO - DAG(s) 'example_weekday_branch_operator' retrieved from /home/airflow/.local/lib/python3.12/site-packages/airflow/example_dags/example_branch_day_of_week_operator.py
[2026-08-06T17:17:50.785+0000] {logging_mixin.py:190} INFO - [2026-08-06T17:17:50.785+0000] {dag.py:3239} INFO - Sync 1 DAGs
[2026-08-06T17:17:50.821+0000] {logging_mixin.py:190} INFO - [2026-08-06T17:17:50.821+0000] {dag.py:4180} INFO - Setting next_dagrun for example_weekday_branch_operator to 2026-08-05 00:00:00+00:00, run_after=2026-08-06 00:00:00+00:00
[2026-08-06T17:17:50.845+0000] {processor.py:208} INFO - Processing /home/airflow/.local/lib/python3.12/site-packages/airflow/example_dags/example_branch_day_of_week_operator.py took 0.103 seconds
[2026-08-06T17:18:22.100+0000] {processor.py:186} INFO - Started process (PID=792) to work on /home/airflow/.local/lib/python3.12/site-packages/airflow/example_dags/example_branch_day_of_week_operator.py
[2026-08-06T17:18:22.102+0000] {processor.py:914} INFO - Processing file /home/airflow/.local/lib/python3.12/site-packages/airflow/example_dags/example_branch_day_of_week_operator.py for tasks to queue
[2026-08-06T17:18:22.104+0000] {logging_mixin.py:190} INFO - [2026-08-06T17:18:22.104+0000] {dagbag.py:588} INFO - Filling up the DagBag from /home/airflow/.local/lib/python3.12/site-packages/airflow/example_dags/example_branch_day_of_week_operator.py
[2026-08-06T17:18:22.114+0000] {processor.py:925} INFO - DAG(s) 'example_weekday_branch_operator' retrieved from /home/airflow/.local/lib/python3.12/site-packages/airflow/example_dags/example_branch_day_of_week_operator.py
[2026-08-06T17:18:22.135+0000] {logging_mixin.py:190} INFO - [2026-08-06T17:18:22.134+0000] {dag.py:3239} INFO - Sync 1 DAGs
[2026-08-06T17:18:22.156+0000] {logging_mixin.py:190} INFO - [2026-08-06T17:18:22.156+0000] {dag.py:4180} INFO - Setting next_dagrun for example_weekday_branch_operator to 2026-08-05 00:00:00+00:00, run_after=2026-08-06 00:00:00+00:00
[2026-08-06T17:18:22.172+0000] {processor.py:208} INFO - Processing /home/airflow/.local/lib/python3.12/site-packages/airflow/example_dags/example_branch_day_of_week_operator.py took 0.077 seconds
[2026-08-06T17:20:01.070+0000] {processor.py:186} INFO - Started process (PID=88) to work on /home/airflow/.local/lib/python3.12/site-packages/airflow/example_dags/example_branch_day_of_week_operator.py
[2026-08-06T17:20:01.072+0000] {processor.py:914} INFO - Processing file /home/airflow/.local/lib/python3.12/site-packages/airflow/example_dags/example_branch_day_of_week_operator.py for tasks to queue
[2026-08-06T17:20:01.076+0000] {logging_mixin.py:190} INFO - [2026-08-06T17:20:01.076+0000] {dagbag.py:588} INFO - Filling up the DagBag from /home/airflow/.local/lib/python3.12/site-packages/airflow/example_dags/example_branch_day_of_week_operator.py
[2026-08-06T17:20:01.089+0000] {processor.py:925} INFO - DAG(s) 'example_weekday_branch_operator' retrieved from /home/airflow/.local/lib/python3.12/site-packages/airflow/example_dags/example_branch_day_of_week_operator.py
[2026-08-06T17:20:01.122+0000] {logging_mixin.py:190} INFO - [2026-08-06T17:20:01.121+0000] {dag.py:3239} INFO - Sync 1 DAGs
[2026-08-06T17:20:01.159+0000] {logging_mixin.py:190} INFO - [2026-08-06T17:20:01.159+0000] {dag.py:4180} INFO - Setting next_dagrun for example_weekday_branch_operator to 2026-08-05 00:00:00+00:00, run_after=2026-08-06 00:00:00+00:00
[2026-08-06T17:20:01.190+0000] {processor.py:208} INFO - Processing /home/airflow/.local/lib/python3.12/site-packages/airflow/example_dags/example_branch_day_of_week_operator.py took 0.128 seconds
[2026-08-06T17:20:32.227+0000] {processor.py:186} INFO - Started process (PID=152) to work on /home/airflow/.local/lib/python3.12/site-packages/airflow/example_dags/example_branch_day_of_week_operator.py
[2026-08-06T17:20:32.228+0000] {processor.py:914} INFO - Processing file /home/airflow/.local/lib/python3.12/site-packages/airflow/example_dags/example_branch_day_of_week_operator.py for tasks to queue
[2026-08-06T17:20:32.231+0000] {logging_mixin.py:190} INFO - [2026-08-06T17:20:32.231+0000] {dagbag.py:588} INFO - Filling up the DagBag from /home/airflow/.local/lib/python3.12/site-packages/airflow/example_dags/example_branch_day_of_week_operator.py
[2026-08-06T17:20:32.239+0000] {processor.py:925} INFO - DAG(s) 'example_weekday_branch_operator' retrieved from /home/airflow/.local/lib/python3.12/site-packages/airflow/example_dags/example_branch_day_of_week_operator.py
[2026-08-06T17:20:32.257+0000] {logging_mixin.py:190} INFO - [2026-08-06T17:20:32.257+0000] {dag.py:3239} INFO - Sync 1 DAGs
[2026-08-06T17:20:32.277+0000] {logging_mixin.py:190} INFO - [2026-08-06T17:20:32.277+0000] {dag.py:4180} INFO - Setting next_dagrun for example_weekday_branch_operator to 2026-08-05 00:00:00+00:00, run_after=2026-08-06 00:00:00+00:00
[2026-08-06T17:20:32.295+0000] {processor.py:208} INFO - Processing /home/airflow/.local/lib/python3.12/site-packages/airflow/example_dags/example_branch_day_of_week_operator.py took 0.072 seconds
[2026-08-06T17:21:03.708+0000] {processor.py:186} INFO - Started process (PID=216) to work on /home/airflow/.local/lib/python3.12/site-packages/airflow/example_dags/example_branch_day_of_week_operator.py
[2026-08-06T17:21:03.710+0000] {processor.py:914} INFO - Processing file /home/airflow/.local/lib/python3.12/site-packages/airflow/example_dags/example_branch_day_of_week_operator.py for tasks to queue
[2026-08-06T17:21:03.712+0000] {logging_mixin.py:190} INFO - [2026-08-06T17:21:03.712+0000] {dagbag.py:588} INFO - Filling up the DagBag from /home/airflow/.local/lib/python3.12/site-packages/airflow/example_dags/example_branch_day_of_week_operator.py
[2026-08-06T17:21:03.724+0000] {processor.py:925} INFO - DAG(s) 'example_weekday_branch_operator' retrieved from /home/airflow/.local/lib/python3.12/site-packages/airflow/example_dags/example_branch_day_of_week_operator.py
[2026-08-06T17:21:03.744+0000] {logging_mixin.py:190} INFO - [2026-08-06T17:21:03.744+0000] {dag.py:3239} INFO - Sync 1 DAGs
[2026-08-06T17:21:03.770+0000] {logging_mixin.py:190} INFO - [2026-08-06T17:21:03.770+0000] {dag.py:4180} INFO - Setting next_dagrun for example_weekday_branch_operator to 2026-08-05 00:00:00+00:00, run_after=2026-08-06 00:00:00+00:00
[2026-08-06T17:21:03.792+0000] {processor.py:208} INFO - Processing /home/airflow/.local/lib/python3.12/site-packages/airflow/example_dags/example_branch_day_of_week_operator.py took 0.089 seconds
[2026-08-06T17:21:34.536+0000] {processor.py:186} INFO - Started process (PID=280) to work on /home/airflow/.local/lib/python3.12/site-packages/airflow/example_dags/example_branch_day_of_week_operator.py
[2026-08-06T17:21:34.537+0000] {processor.py:914} INFO - Processing file /home/airflow/.local/lib/python3.12/site-packages/airflow/example_dags/example_branch_day_of_week_operator.py for tasks to queue
[2026-08-06T17:21:34.539+0000] {logging_mixin.py:190} INFO - [2026-08-06T17:21:34.539+0000] {dagbag.py:588} INFO - Filling up the DagBag from /home/airflow/.local/lib/python3.12/site-packages/airflow/example_dags/example_branch_day_of_week_operator.py
[2026-08-06T17:21:34.551+0000] {processor.py:925} INFO - DAG(s) 'example_weekday_branch_operator' retrieved from /home/airflow/.local/lib/python3.12/site-packages/airflow/example_dags/example_branch_day_of_week_operator.py
[2026-08-06T17:21:34.572+0000] {logging_mixin.py:190} INFO - [2026-08-06T17:21:34.572+0000] {dag.py:3239} INFO - Sync 1 DAGs
[2026-08-06T17:21:34.595+0000] {logging_mixin.py:190} INFO - [2026-08-06T17:21:34.595+0000] {dag.py:4180} INFO - Setting next_dagrun for example_weekday_branch_operator to 2026-08-05 00:00:00+00:00, run_after=2026-08-06 00:00:00+00:00
[2026-08-06T17:21:34.619+0000] {processor.py:208} INFO - Processing /home/airflow/.local/lib/python3.12/site-packages/airflow/example_dags/example_branch_day_of_week_operator.py took 0.089 seconds
[2026-08-06T17:22:05.779+0000] {processor.py:186} INFO - Started process (PID=344) to work on /home/airflow/.local/lib/python3.12/site-packages/airflow/example_dags/example_branch_day_of_week_operator.py
[2026-08-06T17:22:05.781+0000] {processor.py:914} INFO - Processing file /home/airflow/.local/lib/python3.12/site-packages/airflow/example_dags/example_branch_day_of_week_operator.py for tasks to queue
[2026-08-06T17:22:05.785+0000] {logging_mixin.py:190} INFO - [2026-08-06T17:22:05.784+0000] {dagbag.py:588} INFO - Filling up the DagBag from /home/airflow/.local/lib/python3.12/site-packages/airflow/example_dags/example_branch_day_of_week_operator.py
[2026-08-06T17:22:05.800+0000] {processor.py:925} INFO - DAG(s) 'example_weekday_branch_operator' retrieved from /home/airflow/.local/lib/python3.12/site-packages/airflow/example_dags/example_branch_day_of_week_operator.py
[2026-08-06T17:22:05.830+0000] {logging_mixin.py:190} INFO - [2026-08-06T17:22:05.829+0000] {dag.py:3239} INFO - Sync 1 DAGs
[2026-08-06T17:22:05.869+0000] {logging_mixin.py:190} INFO - [2026-08-06T17:22:05.869+0000] {dag.py:4180} INFO - Setting next_dagrun for example_weekday_branch_operator to 2026-08-05 00:00:00+00:00, run_after=2026-08-06 00:00:00+00:00
[2026-08-06T17:22:05.904+0000] {processor.py:208} INFO - Processing /home/airflow/.local/lib/python3.12/site-packages/airflow/example_dags/example_branch_day_of_week_operator.py took 0.131 seconds
[2026-08-06T17:22:37.371+0000] {processor.py:186} INFO - Started process (PID=408) to work on /home/airflow/.local/lib/python3.12/site-packages/airflow/example_dags/example_branch_day_of_week_operator.py
[2026-08-06T17:22:37.373+0000] {processor.py:914} INFO - Processing file /home/airflow/.local/lib/python3.12/site-packages/airflow/example_dags/example_branch_day_of_week_operator.py for tasks to queue
[2026-08-06T17:22:37.378+0000] {logging_mixin.py:190} INFO - [2026-08-06T17:22:37.378+0000] {dagbag.py:588} INFO - Filling up the DagBag from /home/airflow/.local/lib/python3.12/site-packages/airflow/example_dags/example_branch_day_of_week_operator.py
[2026-08-06T17:22:37.402+0000] {processor.py:925} INFO - DAG(s) 'example_weekday_branch_operator' retrieved from /home/airflow/.local/lib/python3.12/site-packages/airflow/example_dags/example_branch_day_of_week_operator.py
[2026-08-06T17:22:37.446+0000] {logging_mixin.py:190} INFO - [2026-08-06T17:22:37.445+0000] {dag.py:3239} INFO - Sync 1 DAGs
[2026-08-06T17:22:37.524+0000] {logging_mixin.py:190} INFO - [2026-08-06T17:22:37.524+0000] {dag.py:4180} INFO - Setting next_dagrun for example_weekday_branch_operator to 2026-08-05 00:00:00+00:00, run_after=2026-08-06 00:00:00+00:00
[2026-08-06T17:22:37.571+0000] {processor.py:208} INFO - Processing /home/airflow/.local/lib/python3.12/site-packages/airflow/example_dags/example_branch_day_of_week_operator.py took 0.212 seconds
[2026-08-06T17:23:08.976+0000] {processor.py:186} INFO - Started process (PID=472) to work on /home/airflow/.local/lib/python3.12/site-packages/airflow/example_dags/example_branch_day_of_week_operator.py
[2026-08-06T17:23:08.977+0000] {processor.py:914} INFO - Processing file /home/airflow/.local/lib/python3.12/site-packages/airflow/example_dags/example_branch_day_of_week_operator.py for tasks to queue
[2026-08-06T17:23:08.982+0000] {logging_mixin.py:190} INFO - [2026-08-06T17:23:08.981+0000] {dagbag.py:588} INFO - Filling up the DagBag from /home/airflow/.local/lib/python3.12/site-packages/airflow/example_dags/example_branch_day_of_week_operator.py
[2026-08-06T17:23:08.999+0000] {processor.py:925} INFO - DAG(s) 'example_weekday_branch_operator' retrieved from /home/airflow/.local/lib/python3.12/site-packages/airflow/example_dags/example_branch_day_of_week_operator.py
[2026-08-06T17:23:09.031+0000] {logging_mixin.py:190} INFO - [2026-08-06T17:23:09.031+0000] {dag.py:3239} INFO - Sync 1 DAGs
[2026-08-06T17:23:09.064+0000] {logging_mixin.py:190} INFO - [2026-08-06T17:23:09.064+0000] {dag.py:4180} INFO - Setting next_dagrun for example_weekday_branch_operator to 2026-08-05 00:00:00+00:00, run_after=2026-08-06 00:00:00+00:00
[2026-08-06T17:23:09.094+0000] {processor.py:208} INFO - Processing /home/airflow/.local/lib/python3.12/site-packages/airflow/example_dags/example_branch_day_of_week_operator.py took 0.127 seconds
[2026-08-06T17:23:40.212+0000] {processor.py:186} INFO - Started process (PID=536) to work on /home/airflow/.local/lib/python3.12/site-packages/airflow/example_dags/example_branch_day_of_week_operator.py
[2026-08-06T17:23:40.213+0000] {processor.py:914} INFO - Processing file /home/airflow/.local/lib/python3.12/site-packages/airflow/example_dags/example_branch_day_of_week_operator.py for tasks to queue
[2026-08-06T17:23:40.215+0000] {logging_mixin.py:190} INFO - [2026-08-06T17:23:40.215+0000] {dagbag.py:588} INFO - Filling up the DagBag from /home/airflow/.local/lib/python3.12/site-packages/airflow/example_dags/example_branch_day_of_week_operator.py
[2026-08-06T17:23:40.225+0000] {processor.py:925} INFO - DAG(s) 'example_weekday_branch_operator' retrieved from /home/airflow/.local/lib/python3.12/site-packages/airflow/example_dags/example_branch_day_of_week_operator.py
[2026-08-06T17:23:40.245+0000] {logging_mixin.py:190} INFO - [2026-08-06T17:23:40.245+0000] {dag.py:3239} INFO - Sync 1 DAGs
[2026-08-06T17:23:40.267+0000] {logging_mixin.py:190} INFO - [2026-08-06T17:23:40.267+0000] {dag.py:4180} INFO - Setting next_dagrun for example_weekday_branch_operator to 2026-08-05 00:00:00+00:00, run_after=2026-08-06 00:00:00+00:00
[2026-08-06T17:23:40.285+0000] {processor.py:208} INFO - Processing /home/airflow/.local/lib/python3.12/site-packages/airflow/example_dags/example_branch_day_of_week_operator.py took 0.078 seconds
[2026-08-06T17:24:11.083+0000] {processor.py:186} INFO - Started process (PID=600) to work on /home/airflow/.local/lib/python3.12/site-packages/airflow/example_dags/example_branch_day_of_week_operator.py
[2026-08-06T17:24:11.085+0000] {processor.py:914} INFO - Processing file /home/airflow/.local/lib/python3.12/site-packages/airflow/example_dags/example_branch_day_of_week_operator.py for tasks to queue
[2026-08-06T17:24:11.087+0000] {logging_mixin.py:190} INFO - [2026-08-06T17:24:11.087+0000] {dagbag.py:588} INFO - Filling up the DagBag from /home/airflow/.local/lib/python3.12/site-packages/airflow/example_dags/example_branch_day_of_week_operator.py
[2026-08-06T17:24:11.096+0000] {processor.py:925} INFO - DAG(s) 'example_weekday_branch_operator' retrieved from /home/airflow/.local/lib/python3.12/site-packages/airflow/example_dags/example_branch_day_of_week_operator.py
[2026-08-06T17:24:11.115+0000] {logging_mixin.py:190} INFO - [2026-08-06T17:24:11.115+0000] {dag.py:3239} INFO - Sync 1 DAGs
[2026-08-06T17:24:11.142+0000] {logging_mixin.py:190} INFO - [2026-08-06T17:24:11.141+0000] {dag.py:4180} INFO - Setting next_dagrun for example_weekday_branch_operator to 2026-08-05 00:00:00+00:00, run_after=2026-08-06 00:00:00+00:00
[2026-08-06T17:24:11.165+0000] {processor.py:208} INFO - Processing /home/airflow/.local/lib/python3.12/site-packages/airflow/example_dags/example_branch_day_of_week_operator.py took 0.087 seconds
[2026-08-06T17:24:42.501+0000] {processor.py:186} INFO - Started process (PID=664) to work on /home/airflow/.local/lib/python3.12/site-packages/airflow/example_dags/example_branch_day_of_week_operator.py
[2026-08-06T17:24:42.503+0000] {processor.py:914} INFO - Processing file /home/airflow/.local/lib/python3.12/site-packages/airflow/example_dags/example_branch_day_of_week_operator.py for tasks to queue
[2026-08-06T17:24:42.505+0000] {logging_mixin.py:190} INFO - [2026-08-06T17:24:42.505+0000] {dagbag.py:588} INFO - Filling up the DagBag from /home/airflow/.local/lib/python3.12/site-packages/airflow/example_dags/example_branch_day_of_week_operator.py
[2026-08-06T17:24:42.518+0000] {processor.py:925} INFO - DAG(s) 'example_weekday_branch_operator' retrieved from /home/airflow/.local/lib/python3.12/site-packages/airflow/example_dags/example_branch_day_of_week_operator.py
[2026-08-06T17:24:42.535+0000] {logging_mixin.py:190} INFO - [2026-08-06T17:24:42.535+0000] {dag.py:3239} INFO - Sync 1 DAGs
[2026-08-06T17:24:42.554+0000] {logging_mixin.py:190} INFO - [2026-08-06T17:24:42.554+0000] {dag.py:4180} INFO - Setting next_dagrun for example_weekday_branch_operator to 2026-08-05 00:00:00+00:00, run_after=2026-08-06 00:00:00+00:00
[2026-08-06T17:24:42.569+0000] {processor.py:208} INFO - Processing /home/airflow/.local/lib/python3.12/site-packages/airflow/example_dags/example_branch_day_of_week_operator.py took 0.073 seconds
[2026-08-06T17:25:13.903+0000] {processor.py:186} INFO - Started process (PID=728) to work on /home/airflow/.local/lib/python3.12/site-packages/airflow/example_dags/example_branch_day_of_week_operator.py
[2026-08-06T17:25:13.904+0000] {processor.py:914} INFO - Processing file /home/airflow/.local/lib/python3.12/site-packages/airflow/example_dags/example_branch_day_of_week_operator.py for tasks to queue
[2026-08-06T17:25:13.907+0000] {logging_mixin.py:190} INFO - [2026-08-06T17:25:13.906+0000] {dagbag.py:588} INFO - Filling up the DagBag from /home/airflow/.local/lib/python3.12/site-packages/airflow/example_dags/example_branch_day_of_week_operator.py
[2026-08-06T17:25:13.916+0000] {processor.py:925} INFO - DAG(s) 'example_weekday_branch_operator' retrieved from /home/airflow/.local/lib/python3.12/site-packages/airflow/example_dags/example_branch_day_of_week_operator.py
[2026-08-06T17:25:13.933+0000] {logging_mixin.py:190} INFO - [2026-08-06T17:25:13.933+0000] {dag.py:3239} INFO - Sync 1 DAGs
[2026-08-06T17:25:13.956+0000] {logging_mixin.py:190} INFO - [2026-08-06T17:25:13.955+0000] {dag.py:4180} INFO - Setting next_dagrun for example_weekday_branch_operator to 2026-08-05 00:00:00+00:00, run_after=2026-08-06 00:00:00+00:00
[2026-08-06T17:25:13.973+0000] {processor.py:208} INFO - Processing /home/airflow/.local/lib/python3.12/site-packages/airflow/example_dags/example_branch_day_of_week_operator.py took 0.076 seconds
[2026-08-06T17:25:45.039+0000] {processor.py:186} INFO - Started process (PID=792) to work on /home/airflow/.local/lib/python3.12/site-packages/airflow/example_dags/example_branch_day_of_week_operator.py
[2026-08-06T17:25:45.040+0000] {processor.py:914} INFO - Processing file /home/airflow/.local/lib/python3.12/site-packages/airflow/example_dags/example_branch_day_of_week_operator.py for tasks to queue
[2026-08-06T17:25:45.043+0000] {logging_mixin.py:190} INFO - [2026-08-06T17:25:45.043+0000] {dagbag.py:588} INFO - Filling up the DagBag from /home/airflow/.local/lib/python3.12/site-packages/airflow/example_dags/example_branch_day_of_week_operator.py
[2026-08-06T17:25:45.055+0000] {processor.py:925} INFO - DAG(s) 'example_weekday_branch_operator' retrieved from /home/airflow/.local/lib/python3.12/site-packages/airflow/example_dags/example_branch_day_of_week_operator.py
[2026-08-06T17:25:45.075+0000] {logging_mixin.py:190} INFO - [2026-08-06T17:25:45.075+0000] {dag.py:3239} INFO - Sync 1 DAGs
[2026-08-06T17:25:45.097+0000] {logging_mixin.py:190} INFO - [2026-08-06T17:25:45.097+0000] {dag.py:4180} INFO - Setting next_dagrun for example_weekday_branch_operator to 2026-08-05 00:00:00+00:00, run_after=2026-08-06 00:00:00+00:00
[2026-08-06T17:25:45.117+0000] {processor.py:208} INFO - Processing /home/airflow/.local/lib/python3.12/site-packages/airflow/example_dags/example_branch_day_of_week_operator.py took 0.084 seconds
[2026-08-06T17:26:15.911+0000] {processor.py:186} INFO - Started process (PID=856) to work on /home/airflow/.local/lib/python3.12/site-packages/airflow/example_dags/example_branch_day_of_week_operator.py
[2026-08-06T17:26:15.913+0000] {processor.py:914} INFO - Processing file /home/airflow/.local/lib/python3.12/site-packages/airflow/example_dags/example_branch_day_of_week_operator.py for tasks to queue
[2026-08-06T17:26:15.917+0000] {logging_mixin.py:190} INFO - [2026-08-06T17:26:15.916+0000] {dagbag.py:588} INFO - Filling up the DagBag from /home/airflow/.local/lib/python3.12/site-packages/airflow/example_dags/example_branch_day_of_week_operator.py
[2026-08-06T17:26:15.926+0000] {processor.py:925} INFO - DAG(s) 'example_weekday_branch_operator' retrieved from /home/airflow/.local/lib/python3.12/site-packages/airflow/example_dags/example_branch_day_of_week_operator.py
[2026-08-06T17:26:15.950+0000] {logging_mixin.py:190} INFO - [2026-08-06T17:26:15.949+0000] {dag.py:3239} INFO - Sync 1 DAGs
[2026-08-06T17:26:15.974+0000] {logging_mixin.py:190} INFO - [2026-08-06T17:26:15.973+0000] {dag.py:4180} INFO - Setting next_dagrun for example_weekday_branch_operator to 2026-08-05 00:00:00+00:00, run_after=2026-08-06 00:00:00+00:00
[2026-08-06T17:26:15.995+0000] {processor.py:208} INFO - Processing /home/airflow/.local/lib/python3.12/site-packages/airflow/example_dags/example_branch_day_of_week_operator.py took 0.090 seconds
[2026-08-06T17:26:46.604+0000] {processor.py:186} INFO - Started process (PID=920) to work on /home/airflow/.local/lib/python3.12/site-packages/airflow/example_dags/example_branch_day_of_week_operator.py
[2026-08-06T17:26:46.606+0000] {processor.py:914} INFO - Processing file /home/airflow/.local/lib/python3.12/site-packages/airflow/example_dags/example_branch_day_of_week_operator.py for tasks to queue
[2026-08-06T17:26:46.608+0000] {logging_mixin.py:190} INFO - [2026-08-06T17:26:46.608+0000] {dagbag.py:588} INFO - Filling up the DagBag from /home/airflow/.local/lib/python3.12/site-packages/airflow/example_dags/example_branch_day_of_week_operator.py
[2026-08-06T17:26:46.619+0000] {processor.py:925} INFO - DAG(s) 'example_weekday_branch_operator' retrieved from /home/airflow/.local/lib/python3.12/site-packages/airflow/example_dags/example_branch_day_of_week_operator.py
[2026-08-06T17:26:46.644+0000] {logging_mixin.py:190} INFO - [2026-08-06T17:26:46.643+0000] {dag.py:3239} INFO - Sync 1 DAGs
[2026-08-06T17:26:46.672+0000] {logging_mixin.py:190} INFO - [2026-08-06T17:26:46.672+0000] {dag.py:4180} INFO - Setting next_dagrun for example_weekday_branch_operator to 2026-08-05 00:00:00+00:00, run_after=2026-08-06 00:00:00+00:00
[2026-08-06T17:26:46.696+0000] {processor.py:208} INFO - Processing /home/airflow/.local/lib/python3.12/site-packages/airflow/example_dags/example_branch_day_of_week_operator.py took 0.096 seconds
[2026-08-06T17:27:17.466+0000] {processor.py:186} INFO - Started process (PID=984) to work on /home/airflow/.local/lib/python3.12/site-packages/airflow/example_dags/example_branch_day_of_week_operator.py
[2026-08-06T17:27:17.468+0000] {processor.py:914} INFO - Processing file /home/airflow/.local/lib/python3.12/site-packages/airflow/example_dags/example_branch_day_of_week_operator.py for tasks to queue
[2026-08-06T17:27:17.470+0000] {logging_mixin.py:190} INFO - [2026-08-06T17:27:17.469+0000] {dagbag.py:588} INFO - Filling up the DagBag from /home/airflow/.local/lib/python3.12/site-packages/airflow/example_dags/example_branch_day_of_week_operator.py
[2026-08-06T17:27:17.479+0000] {processor.py:925} INFO - DAG(s) 'example_weekday_branch_operator' retrieved from /home/airflow/.local/lib/python3.12/site-packages/airflow/example_dags/example_branch_day_of_week_operator.py
[2026-08-06T17:27:17.496+0000] {logging_mixin.py:190} INFO - [2026-08-06T17:27:17.495+0000] {dag.py:3239} INFO - Sync 1 DAGs
[2026-08-06T17:27:17.516+0000] {logging_mixin.py:190} INFO - [2026-08-06T17:27:17.516+0000] {dag.py:4180} INFO - Setting next_dagrun for example_weekday_branch_operator to 2026-08-05 00:00:00+00:00, run_after=2026-08-06 00:00:00+00:00
[2026-08-06T17:27:17.533+0000] {processor.py:208} INFO - Processing /home/airflow/.local/lib/python3.12/site-packages/airflow/example_dags/example_branch_day_of_week_operator.py took 0.071 seconds
[2026-08-06T17:27:48.792+0000] {processor.py:186} INFO - Started process (PID=1048) to work on /home/airflow/.local/lib/python3.12/site-packages/airflow/example_dags/example_branch_day_of_week_operator.py
[2026-08-06T17:27:48.794+0000] {processor.py:914} INFO - Processing file /home/airflow/.local/lib/python3.12/site-packages/airflow/example_dags/example_branch_day_of_week_operator.py for tasks to queue
[2026-08-06T17:27:48.797+0000] {logging_mixin.py:190} INFO - [2026-08-06T17:27:48.797+0000] {dagbag.py:588} INFO - Filling up the DagBag from /home/airflow/.local/lib/python3.12/site-packages/airflow/example_dags/example_branch_day_of_week_operator.py
[2026-08-06T17:27:48.806+0000] {processor.py:925} INFO - DAG(s) 'example_weekday_branch_operator' retrieved from /home/airflow/.local/lib/python3.12/site-packages/airflow/example_dags/example_branch_day_of_week_operator.py
[2026-08-06T17:27:48.822+0000] {logging_mixin.py:190} INFO - [2026-08-06T17:27:48.822+0000] {dag.py:3239} INFO - Sync 1 DAGs
[2026-08-06T17:27:48.842+0000] {logging_mixin.py:190} INFO - [2026-08-06T17:27:48.842+0000] {dag.py:4180} INFO - Setting next_dagrun for example_weekday_branch_operator to 2026-08-05 00:00:00+00:00, run_after=2026-08-06 00:00:00+00:00
[2026-08-06T17:27:48.859+0000] {processor.py:208} INFO - Processing /home/airflow/.local/lib/python3.12/site-packages/airflow/example_dags/example_branch_day_of_week_operator.py took 0.072 seconds
[2026-08-06T17:29:50.946+0000] {processor.py:186} INFO - Started process (PID=80) to work on /home/airflow/.local/lib/python3.12/site-packages/airflow/example_dags/example_branch_day_of_week_operator.py
[2026-08-06T17:29:50.949+0000] {processor.py:914} INFO - Processing file /home/airflow/.local/lib/python3.12/site-packages/airflow/example_dags/example_branch_day_of_week_operator.py for tasks to queue
[2026-08-06T17:29:50.954+0000] {logging_mixin.py:190} INFO - [2026-08-06T17:29:50.953+0000] {dagbag.py:588} INFO - Filling up the DagBag from /home/airflow/.local/lib/python3.12/site-packages/airflow/example_dags/example_branch_day_of_week_operator.py
[2026-08-06T17:29:50.974+0000] {processor.py:925} INFO - DAG(s) 'example_weekday_branch_operator' retrieved from /home/airflow/.local/lib/python3.12/site-packages/airflow/example_dags/example_branch_day_of_week_operator.py
[2026-08-06T17:29:51.016+0000] {logging_mixin.py:190} INFO - [2026-08-06T17:29:51.016+0000] {dag.py:3239} INFO - Sync 1 DAGs
[2026-08-06T17:29:51.062+0000] {logging_mixin.py:190} INFO - [2026-08-06T17:29:51.061+0000] {dag.py:4180} INFO - Setting next_dagrun for example_weekday_branch_operator to 2026-08-05 00:00:00+00:00, run_after=2026-08-06 00:00:00+00:00
[2026-08-06T17:29:51.098+0000] {processor.py:208} INFO - Processing /home/airflow/.local/lib/python3.12/site-packages/airflow/example_dags/example_branch_day_of_week_operator.py took 0.161 seconds
[2026-08-06T17:30:21.627+0000] {processor.py:186} INFO - Started process (PID=150) to work on /home/airflow/.local/lib/python3.12/site-packages/airflow/example_dags/example_branch_day_of_week_operator.py
[2026-08-06T17:30:21.628+0000] {processor.py:914} INFO - Processing file /home/airflow/.local/lib/python3.12/site-packages/airflow/example_dags/example_branch_day_of_week_operator.py for tasks to queue
[2026-08-06T17:30:21.631+0000] {logging_mixin.py:190} INFO - [2026-08-06T17:30:21.630+0000] {dagbag.py:588} INFO - Filling up the DagBag from /home/airflow/.local/lib/python3.12/site-packages/airflow/example_dags/example_branch_day_of_week_operator.py
[2026-08-06T17:30:21.639+0000] {processor.py:925} INFO - DAG(s) 'example_weekday_branch_operator' retrieved from /home/airflow/.local/lib/python3.12/site-packages/airflow/example_dags/example_branch_day_of_week_operator.py
[2026-08-06T17:30:21.654+0000] {logging_mixin.py:190} INFO - [2026-08-06T17:30:21.654+0000] {dag.py:3239} INFO - Sync 1 DAGs
[2026-08-06T17:30:21.673+0000] {logging_mixin.py:190} INFO - [2026-08-06T17:30:21.672+0000] {dag.py:4180} INFO - Setting next_dagrun for example_weekday_branch_operator to 2026-08-05 00:00:00+00:00, run_after=2026-08-06 00:00:00+00:00
[2026-08-06T17:30:21.692+0000] {processor.py:208} INFO - Processing /home/airflow/.local/lib/python3.12/site-packages/airflow/example_dags/example_branch_day_of_week_operator.py took 0.070 seconds
[2026-08-06T17:30:53.031+0000] {processor.py:186} INFO - Started process (PID=214) to work on /home/airflow/.local/lib/python3.12/site-packages/airflow/example_dags/example_branch_day_of_week_operator.py
[2026-08-06T17:30:53.033+0000] {processor.py:914} INFO - Processing file /home/airflow/.local/lib/python3.12/site-packages/airflow/example_dags/example_branch_day_of_week_operator.py for tasks to queue
[2026-08-06T17:30:53.037+0000] {logging_mixin.py:190} INFO - [2026-08-06T17:30:53.037+0000] {dagbag.py:588} INFO - Filling up the DagBag from /home/airflow/.local/lib/python3.12/site-packages/airflow/example_dags/example_branch_day_of_week_operator.py
[2026-08-06T17:30:53.054+0000] {processor.py:925} INFO - DAG(s) 'example_weekday_branch_operator' retrieved from /home/airflow/.local/lib/python3.12/site-packages/airflow/example_dags/example_branch_day_of_week_operator.py
[2026-08-06T17:30:53.087+0000] {logging_mixin.py:190} INFO - [2026-08-06T17:30:53.086+0000] {dag.py:3239} INFO - Sync 1 DAGs
[2026-08-06T17:30:53.121+0000] {logging_mixin.py:190} INFO - [2026-08-06T17:30:53.121+0000] {dag.py:4180} INFO - Setting next_dagrun for example_weekday_branch_operator to 2026-08-05 00:00:00+00:00, run_after=2026-08-06 00:00:00+00:00
[2026-08-06T17:30:53.154+0000] {processor.py:208} INFO - Processing /home/airflow/.local/lib/python3.12/site-packages/airflow/example_dags/example_branch_day_of_week_operator.py took 0.132 seconds
[2026-08-06T17:31:23.993+0000] {processor.py:186} INFO - Started process (PID=278) to work on /home/airflow/.local/lib/python3.12/site-packages/airflow/example_dags/example_branch_day_of_week_operator.py
[2026-08-06T17:31:23.995+0000] {processor.py:914} INFO - Processing file /home/airflow/.local/lib/python3.12/site-packages/airflow/example_dags/example_branch_day_of_week_operator.py for tasks to queue
[2026-08-06T17:31:23.997+0000] {logging_mixin.py:190} INFO - [2026-08-06T17:31:23.996+0000] {dagbag.py:588} INFO - Filling up the DagBag from /home/airflow/.local/lib/python3.12/site-packages/airflow/example_dags/example_branch_day_of_week_operator.py
[2026-08-06T17:31:24.006+0000] {processor.py:925} INFO - DAG(s) 'example_weekday_branch_operator' retrieved from /home/airflow/.local/lib/python3.12/site-packages/airflow/example_dags/example_branch_day_of_week_operator.py
[2026-08-06T17:31:24.026+0000] {logging_mixin.py:190} INFO - [2026-08-06T17:31:24.026+0000] {dag.py:3239} INFO - Sync 1 DAGs
[2026-08-06T17:31:24.047+0000] {logging_mixin.py:190} INFO - [2026-08-06T17:31:24.047+0000] {dag.py:4180} INFO - Setting next_dagrun for example_weekday_branch_operator to 2026-08-05 00:00:00+00:00, run_after=2026-08-06 00:00:00+00:00
[2026-08-06T17:31:24.069+0000] {processor.py:208} INFO - Processing /home/airflow/.local/lib/python3.12/site-packages/airflow/example_dags/example_branch_day_of_week_operator.py took 0.081 seconds
[2026-08-06T17:31:55.849+0000] {processor.py:186} INFO - Started process (PID=342) to work on /home/airflow/.local/lib/python3.12/site-packages/airflow/example_dags/example_branch_day_of_week_operator.py
[2026-08-06T17:31:55.851+0000] {processor.py:914} INFO - Processing file /home/airflow/.local/lib/python3.12/site-packages/airflow/example_dags/example_branch_day_of_week_operator.py for tasks to queue
[2026-08-06T17:31:55.853+0000] {logging_mixin.py:190} INFO - [2026-08-06T17:31:55.853+0000] {dagbag.py:588} INFO - Filling up the DagBag from /home/airflow/.local/lib/python3.12/site-packages/airflow/example_dags/example_branch_day_of_week_operator.py
[2026-08-06T17:31:55.863+0000] {processor.py:925} INFO - DAG(s) 'example_weekday_branch_operator' retrieved from /home/airflow/.local/lib/python3.12/site-packages/airflow/example_dags/example_branch_day_of_week_operator.py
[2026-08-06T17:31:55.889+0000] {logging_mixin.py:190} INFO - [2026-08-06T17:31:55.888+0000] {dag.py:3239} INFO - Sync 1 DAGs
[2026-08-06T17:31:55.918+0000] {logging_mixin.py:190} INFO - [2026-08-06T17:31:55.918+0000] {dag.py:4180} INFO - Setting next_dagrun for example_weekday_branch_operator to 2026-08-05 00:00:00+00:00, run_after=2026-08-06 00:00:00+00:00
[2026-08-06T17:31:55.941+0000] {processor.py:208} INFO - Processing /home/airflow/.local/lib/python3.12/site-packages/airflow/example_dags/example_branch_day_of_week_operator.py took 0.098 seconds
[2026-08-06T17:32:26.690+0000] {processor.py:186} INFO - Started process (PID=406) to work on /home/airflow/.local/lib/python3.12/site-packages/airflow/example_dags/example_branch_day_of_week_operator.py
[2026-08-06T17:32:26.692+0000] {processor.py:914} INFO - Processing file /home/airflow/.local/lib/python3.12/site-packages/airflow/example_dags/example_branch_day_of_week_operator.py for tasks to queue
[2026-08-06T17:32:26.698+0000] {logging_mixin.py:190} INFO - [2026-08-06T17:32:26.697+0000] {dagbag.py:588} INFO - Filling up the DagBag from /home/airflow/.local/lib/python3.12/site-packages/airflow/example_dags/example_branch_day_of_week_operator.py
[2026-08-06T17:32:26.714+0000] {processor.py:925} INFO - DAG(s) 'example_weekday_branch_operator' retrieved from /home/airflow/.local/lib/python3.12/site-packages/airflow/example_dags/example_branch_day_of_week_operator.py
[2026-08-06T17:32:26.751+0000] {logging_mixin.py:190} INFO - [2026-08-06T17:32:26.750+0000] {dag.py:3239} INFO - Sync 1 DAGs
[2026-08-06T17:32:26.796+0000] {logging_mixin.py:190} INFO - [2026-08-06T17:32:26.795+0000] {dag.py:4180} INFO - Setting next_dagrun for example_weekday_branch_operator to 2026-08-05 00:00:00+00:00, run_after=2026-08-06 00:00:00+00:00
[2026-08-06T17:32:26.831+0000] {processor.py:208} INFO - Processing /home/airflow/.local/lib/python3.12/site-packages/airflow/example_dags/example_branch_day_of_week_operator.py took 0.148 seconds
[2026-08-06T17:32:57.462+0000] {processor.py:186} INFO - Started process (PID=469) to work on /home/airflow/.local/lib/python3.12/site-packages/airflow/example_dags/example_branch_day_of_week_operator.py
[2026-08-06T17:32:57.464+0000] {processor.py:914} INFO - Processing file /home/airflow/.local/lib/python3.12/site-packages/airflow/example_dags/example_branch_day_of_week_operator.py for tasks to queue
[2026-08-06T17:32:57.467+0000] {logging_mixin.py:190} INFO - [2026-08-06T17:32:57.467+0000] {dagbag.py:588} INFO - Filling up the DagBag from /home/airflow/.local/lib/python3.12/site-packages/airflow/example_dags/example_branch_day_of_week_operator.py
[2026-08-06T17:32:57.478+0000] {processor.py:925} INFO - DAG(s) 'example_weekday_branch_operator' retrieved from /home/airflow/.local/lib/python3.12/site-packages/airflow/example_dags/example_branch_day_of_week_operator.py
[2026-08-06T17:32:57.497+0000] {logging_mixin.py:190} INFO - [2026-08-06T17:32:57.497+0000] {dag.py:3239} INFO - Sync 1 DAGs
[2026-08-06T17:32:57.520+0000] {logging_mixin.py:190} INFO - [2026-08-06T17:32:57.520+0000] {dag.py:4180} INFO - Setting next_dagrun for example_weekday_branch_operator to 2026-08-05 00:00:00+00:00, run_after=2026-08-06 00:00:00+00:00
[2026-08-06T17:32:57.543+0000] {processor.py:208} INFO - Processing /home/airflow/.local/lib/python3.12/site-packages/airflow/example_dags/example_branch_day_of_week_operator.py took 0.088 seconds
[2026-08-06T17:33:28.851+0000] {processor.py:186} INFO - Started process (PID=533) to work on /home/airflow/.local/lib/python3.12/site-packages/airflow/example_dags/example_branch_day_of_week_operator.py
[2026-08-06T17:33:28.852+0000] {processor.py:914} INFO - Processing file /home/airflow/.local/lib/python3.12/site-packages/airflow/example_dags/example_branch_day_of_week_operator.py for tasks to queue
[2026-08-06T17:33:28.855+0000] {logging_mixin.py:190} INFO - [2026-08-06T17:33:28.854+0000] {dagbag.py:588} INFO - Filling up the DagBag from /home/airflow/.local/lib/python3.12/site-packages/airflow/example_dags/example_branch_day_of_week_operator.py
[2026-08-06T17:33:28.863+0000] {processor.py:925} INFO - DAG(s) 'example_weekday_branch_operator' retrieved from /home/airflow/.local/lib/python3.12/site-packages/airflow/example_dags/example_branch_day_of_week_operator.py
[2026-08-06T17:33:28.880+0000] {logging_mixin.py:190} INFO - [2026-08-06T17:33:28.879+0000] {dag.py:3239} INFO - Sync 1 DAGs
[2026-08-06T17:33:28.900+0000] {logging_mixin.py:190} INFO - [2026-08-06T17:33:28.900+0000] {dag.py:4180} INFO - Setting next_dagrun for example_weekday_branch_operator to 2026-08-05 00:00:00+00:00, run_after=2026-08-06 00:00:00+00:00
[2026-08-06T17:33:28.921+0000] {processor.py:208} INFO - Processing /home/airflow/.local/lib/python3.12/site-packages/airflow/example_dags/example_branch_day_of_week_operator.py took 0.075 seconds
[2026-08-06T17:33:59.597+0000] {processor.py:186} INFO - Started process (PID=597) to work on /home/airflow/.local/lib/python3.12/site-packages/airflow/example_dags/example_branch_day_of_week_operator.py
[2026-08-06T17:33:59.598+0000] {processor.py:914} INFO - Processing file /home/airflow/.local/lib/python3.12/site-packages/airflow/example_dags/example_branch_day_of_week_operator.py for tasks to queue
[2026-08-06T17:33:59.601+0000] {logging_mixin.py:190} INFO - [2026-08-06T17:33:59.600+0000] {dagbag.py:588} INFO - Filling up the DagBag from /home/airflow/.local/lib/python3.12/site-packages/airflow/example_dags/example_branch_day_of_week_operator.py
[2026-08-06T17:33:59.611+0000] {processor.py:925} INFO - DAG(s) 'example_weekday_branch_operator' retrieved from /home/airflow/.local/lib/python3.12/site-packages/airflow/example_dags/example_branch_day_of_week_operator.py
[2026-08-06T17:33:59.631+0000] {logging_mixin.py:190} INFO - [2026-08-06T17:33:59.631+0000] {dag.py:3239} INFO - Sync 1 DAGs
[2026-08-06T17:33:59.654+0000] {logging_mixin.py:190} INFO - [2026-08-06T17:33:59.654+0000] {dag.py:4180} INFO - Setting next_dagrun for example_weekday_branch_operator to 2026-08-05 00:00:00+00:00, run_after=2026-08-06 00:00:00+00:00
[2026-08-06T17:33:59.675+0000] {processor.py:208} INFO - Processing /home/airflow/.local/lib/python3.12/site-packages/airflow/example_dags/example_branch_day_of_week_operator.py took 0.085 seconds
[2026-08-06T17:34:31.140+0000] {processor.py:186} INFO - Started process (PID=661) to work on /home/airflow/.local/lib/python3.12/site-packages/airflow/example_dags/example_branch_day_of_week_operator.py
[2026-08-06T17:34:31.141+0000] {processor.py:914} INFO - Processing file /home/airflow/.local/lib/python3.12/site-packages/airflow/example_dags/example_branch_day_of_week_operator.py for tasks to queue
[2026-08-06T17:34:31.144+0000] {logging_mixin.py:190} INFO - [2026-08-06T17:34:31.143+0000] {dagbag.py:588} INFO - Filling up the DagBag from /home/airflow/.local/lib/python3.12/site-packages/airflow/example_dags/example_branch_day_of_week_operator.py
[2026-08-06T17:34:31.157+0000] {processor.py:925} INFO - DAG(s) 'example_weekday_branch_operator' retrieved from /home/airflow/.local/lib/python3.12/site-packages/airflow/example_dags/example_branch_day_of_week_operator.py
[2026-08-06T17:34:31.177+0000] {logging_mixin.py:190} INFO - [2026-08-06T17:34:31.177+0000] {dag.py:3239} INFO - Sync 1 DAGs
[2026-08-06T17:34:31.197+0000] {logging_mixin.py:190} INFO - [2026-08-06T17:34:31.197+0000] {dag.py:4180} INFO - Setting next_dagrun for example_weekday_branch_operator to 2026-08-05 00:00:00+00:00, run_after=2026-08-06 00:00:00+00:00
[2026-08-06T17:34:31.223+0000] {processor.py:208} INFO - Processing /home/airflow/.local/lib/python3.12/site-packages/airflow/example_dags/example_branch_day_of_week_operator.py took 0.091 seconds
[2026-08-06T17:35:02.272+0000] {processor.py:186} INFO - Started process (PID=725) to work on /home/airflow/.local/lib/python3.12/site-packages/airflow/example_dags/example_branch_day_of_week_operator.py
[2026-08-06T17:35:02.273+0000] {processor.py:914} INFO - Processing file /home/airflow/.local/lib/python3.12/site-packages/airflow/example_dags/example_branch_day_of_week_operator.py for tasks to queue
[2026-08-06T17:35:02.276+0000] {logging_mixin.py:190} INFO - [2026-08-06T17:35:02.275+0000] {dagbag.py:588} INFO - Filling up the DagBag from /home/airflow/.local/lib/python3.12/site-packages/airflow/example_dags/example_branch_day_of_week_operator.py
[2026-08-06T17:35:02.284+0000] {processor.py:925} INFO - DAG(s) 'example_weekday_branch_operator' retrieved from /home/airflow/.local/lib/python3.12/site-packages/airflow/example_dags/example_branch_day_of_week_operator.py
[2026-08-06T17:35:02.299+0000] {logging_mixin.py:190} INFO - [2026-08-06T17:35:02.299+0000] {dag.py:3239} INFO - Sync 1 DAGs
[2026-08-06T17:35:02.318+0000] {logging_mixin.py:190} INFO - [2026-08-06T17:35:02.318+0000] {dag.py:4180} INFO - Setting next_dagrun for example_weekday_branch_operator to 2026-08-05 00:00:00+00:00, run_after=2026-08-06 00:00:00+00:00
[2026-08-06T17:35:02.335+0000] {processor.py:208} INFO - Processing /home/airflow/.local/lib/python3.12/site-packages/airflow/example_dags/example_branch_day_of_week_operator.py took 0.067 seconds
[2026-08-06T17:35:33.134+0000] {processor.py:186} INFO - Started process (PID=789) to work on /home/airflow/.local/lib/python3.12/site-packages/airflow/example_dags/example_branch_day_of_week_operator.py
[2026-08-06T17:35:33.135+0000] {processor.py:914} INFO - Processing file /home/airflow/.local/lib/python3.12/site-packages/airflow/example_dags/example_branch_day_of_week_operator.py for tasks to queue
[2026-08-06T17:35:33.137+0000] {logging_mixin.py:190} INFO - [2026-08-06T17:35:33.137+0000] {dagbag.py:588} INFO - Filling up the DagBag from /home/airflow/.local/lib/python3.12/site-packages/airflow/example_dags/example_branch_day_of_week_operator.py
[2026-08-06T17:35:33.146+0000] {processor.py:925} INFO - DAG(s) 'example_weekday_branch_operator' retrieved from /home/airflow/.local/lib/python3.12/site-packages/airflow/example_dags/example_branch_day_of_week_operator.py
[2026-08-06T17:35:33.164+0000] {logging_mixin.py:190} INFO - [2026-08-06T17:35:33.164+0000] {dag.py:3239} INFO - Sync 1 DAGs
[2026-08-06T17:35:33.187+0000] {logging_mixin.py:190} INFO - [2026-08-06T17:35:33.187+0000] {dag.py:4180} INFO - Setting next_dagrun for example_weekday_branch_operator to 2026-08-05 00:00:00+00:00, run_after=2026-08-06 00:00:00+00:00
[2026-08-06T17:35:33.207+0000] {processor.py:208} INFO - Processing /home/airflow/.local/lib/python3.12/site-packages/airflow/example_dags/example_branch_day_of_week_operator.py took 0.078 seconds
[2026-08-06T17:37:03.846+0000] {processor.py:186} INFO - Started process (PID=87) to work on /home/airflow/.local/lib/python3.12/site-packages/airflow/example_dags/example_branch_day_of_week_operator.py
[2026-08-06T17:37:03.848+0000] {processor.py:914} INFO - Processing file /home/airflow/.local/lib/python3.12/site-packages/airflow/example_dags/example_branch_day_of_week_operator.py for tasks to queue
[2026-08-06T17:37:03.853+0000] {logging_mixin.py:190} INFO - [2026-08-06T17:37:03.853+0000] {dagbag.py:588} INFO - Filling up the DagBag from /home/airflow/.local/lib/python3.12/site-packages/airflow/example_dags/example_branch_day_of_week_operator.py
[2026-08-06T17:37:03.869+0000] {processor.py:925} INFO - DAG(s) 'example_weekday_branch_operator' retrieved from /home/airflow/.local/lib/python3.12/site-packages/airflow/example_dags/example_branch_day_of_week_operator.py
[2026-08-06T17:37:03.895+0000] {logging_mixin.py:190} INFO - [2026-08-06T17:37:03.895+0000] {dag.py:3239} INFO - Sync 1 DAGs
[2026-08-06T17:37:03.930+0000] {logging_mixin.py:190} INFO - [2026-08-06T17:37:03.929+0000] {dag.py:4180} INFO - Setting next_dagrun for example_weekday_branch_operator to 2026-08-05 00:00:00+00:00, run_after=2026-08-06 00:00:00+00:00
[2026-08-06T17:37:03.958+0000] {processor.py:208} INFO - Processing /home/airflow/.local/lib/python3.12/site-packages/airflow/example_dags/example_branch_day_of_week_operator.py took 0.121 seconds
[2026-08-06T17:37:34.616+0000] {processor.py:186} INFO - Started process (PID=151) to work on /home/airflow/.local/lib/python3.12/site-packages/airflow/example_dags/example_branch_day_of_week_operator.py
[2026-08-06T17:37:34.617+0000] {processor.py:914} INFO - Processing file /home/airflow/.local/lib/python3.12/site-packages/airflow/example_dags/example_branch_day_of_week_operator.py for tasks to queue
[2026-08-06T17:37:34.620+0000] {logging_mixin.py:190} INFO - [2026-08-06T17:37:34.620+0000] {dagbag.py:588} INFO - Filling up the DagBag from /home/airflow/.local/lib/python3.12/site-packages/airflow/example_dags/example_branch_day_of_week_operator.py
[2026-08-06T17:37:34.630+0000] {processor.py:925} INFO - DAG(s) 'example_weekday_branch_operator' retrieved from /home/airflow/.local/lib/python3.12/site-packages/airflow/example_dags/example_branch_day_of_week_operator.py
[2026-08-06T17:37:34.661+0000] {logging_mixin.py:190} INFO - [2026-08-06T17:37:34.661+0000] {dag.py:3239} INFO - Sync 1 DAGs
[2026-08-06T17:37:34.688+0000] {logging_mixin.py:190} INFO - [2026-08-06T17:37:34.687+0000] {dag.py:4180} INFO - Setting next_dagrun for example_weekday_branch_operator to 2026-08-05 00:00:00+00:00, run_after=2026-08-06 00:00:00+00:00
[2026-08-06T17:37:34.714+0000] {processor.py:208} INFO - Processing /home/airflow/.local/lib/python3.12/site-packages/airflow/example_dags/example_branch_day_of_week_operator.py took 0.105 seconds
[2026-08-06T17:38:05.332+0000] {processor.py:186} INFO - Started process (PID=215) to work on /home/airflow/.local/lib/python3.12/site-packages/airflow/example_dags/example_branch_day_of_week_operator.py
[2026-08-06T17:38:05.333+0000] {processor.py:914} INFO - Processing file /home/airflow/.local/lib/python3.12/site-packages/airflow/example_dags/example_branch_day_of_week_operator.py for tasks to queue
[2026-08-06T17:38:05.336+0000] {logging_mixin.py:190} INFO - [2026-08-06T17:38:05.335+0000] {dagbag.py:588} INFO - Filling up the DagBag from /home/airflow/.local/lib/python3.12/site-packages/airflow/example_dags/example_branch_day_of_week_operator.py
[2026-08-06T17:38:05.345+0000] {processor.py:925} INFO - DAG(s) 'example_weekday_branch_operator' retrieved from /home/airflow/.local/lib/python3.12/site-packages/airflow/example_dags/example_branch_day_of_week_operator.py
[2026-08-06T17:38:05.367+0000] {logging_mixin.py:190} INFO - [2026-08-06T17:38:05.366+0000] {dag.py:3239} INFO - Sync 1 DAGs
[2026-08-06T17:38:05.391+0000] {logging_mixin.py:190} INFO - [2026-08-06T17:38:05.390+0000] {dag.py:4180} INFO - Setting next_dagrun for example_weekday_branch_operator to 2026-08-05 00:00:00+00:00, run_after=2026-08-06 00:00:00+00:00
[2026-08-06T17:38:05.412+0000] {processor.py:208} INFO - Processing /home/airflow/.local/lib/python3.12/site-packages/airflow/example_dags/example_branch_day_of_week_operator.py took 0.085 seconds
[2026-08-06T17:38:36.567+0000] {processor.py:186} INFO - Started process (PID=279) to work on /home/airflow/.local/lib/python3.12/site-packages/airflow/example_dags/example_branch_day_of_week_operator.py
[2026-08-06T17:38:36.568+0000] {processor.py:914} INFO - Processing file /home/airflow/.local/lib/python3.12/site-packages/airflow/example_dags/example_branch_day_of_week_operator.py for tasks to queue
[2026-08-06T17:38:36.573+0000] {logging_mixin.py:190} INFO - [2026-08-06T17:38:36.572+0000] {dagbag.py:588} INFO - Filling up the DagBag from /home/airflow/.local/lib/python3.12/site-packages/airflow/example_dags/example_branch_day_of_week_operator.py
[2026-08-06T17:38:36.584+0000] {processor.py:925} INFO - DAG(s) 'example_weekday_branch_operator' retrieved from /home/airflow/.local/lib/python3.12/site-packages/airflow/example_dags/example_branch_day_of_week_operator.py
[2026-08-06T17:38:36.611+0000] {logging_mixin.py:190} INFO - [2026-08-06T17:38:36.611+0000] {dag.py:3239} INFO - Sync 1 DAGs
[2026-08-06T17:38:36.647+0000] {logging_mixin.py:190} INFO - [2026-08-06T17:38:36.647+0000] {dag.py:4180} INFO - Setting next_dagrun for example_weekday_branch_operator to 2026-08-05 00:00:00+00:00, run_after=2026-08-06 00:00:00+00:00
[2026-08-06T17:38:36.677+0000] {processor.py:208} INFO - Processing /home/airflow/.local/lib/python3.12/site-packages/airflow/example_dags/example_branch_day_of_week_operator.py took 0.120 seconds
[2026-08-06T17:39:08.315+0000] {processor.py:186} INFO - Started process (PID=343) to work on /home/airflow/.local/lib/python3.12/site-packages/airflow/example_dags/example_branch_day_of_week_operator.py
[2026-08-06T17:39:08.317+0000] {processor.py:914} INFO - Processing file /home/airflow/.local/lib/python3.12/site-packages/airflow/example_dags/example_branch_day_of_week_operator.py for tasks to queue
[2026-08-06T17:39:08.321+0000] {logging_mixin.py:190} INFO - [2026-08-06T17:39:08.321+0000] {dagbag.py:588} INFO - Filling up the DagBag from /home/airflow/.local/lib/python3.12/site-packages/airflow/example_dags/example_branch_day_of_week_operator.py
[2026-08-06T17:39:08.333+0000] {processor.py:925} INFO - DAG(s) 'example_weekday_branch_operator' retrieved from /home/airflow/.local/lib/python3.12/site-packages/airflow/example_dags/example_branch_day_of_week_operator.py
[2026-08-06T17:39:08.360+0000] {logging_mixin.py:190} INFO - [2026-08-06T17:39:08.360+0000] {dag.py:3239} INFO - Sync 1 DAGs
[2026-08-06T17:39:08.394+0000] {logging_mixin.py:190} INFO - [2026-08-06T17:39:08.394+0000] {dag.py:4180} INFO - Setting next_dagrun for example_weekday_branch_operator to 2026-08-05 00:00:00+00:00, run_after=2026-08-06 00:00:00+00:00
[2026-08-06T17:39:08.419+0000] {processor.py:208} INFO - Processing /home/airflow/.local/lib/python3.12/site-packages/airflow/example_dags/example_branch_day_of_week_operator.py took 0.111 seconds
[2026-08-06T17:39:40.144+0000] {processor.py:186} INFO - Started process (PID=407) to work on /home/airflow/.local/lib/python3.12/site-packages/airflow/example_dags/example_branch_day_of_week_operator.py
[2026-08-06T17:39:40.146+0000] {processor.py:914} INFO - Processing file /home/airflow/.local/lib/python3.12/site-packages/airflow/example_dags/example_branch_day_of_week_operator.py for tasks to queue
[2026-08-06T17:39:40.151+0000] {logging_mixin.py:190} INFO - [2026-08-06T17:39:40.150+0000] {dagbag.py:588} INFO - Filling up the DagBag from /home/airflow/.local/lib/python3.12/site-packages/airflow/example_dags/example_branch_day_of_week_operator.py
[2026-08-06T17:39:40.166+0000] {processor.py:925} INFO - DAG(s) 'example_weekday_branch_operator' retrieved from /home/airflow/.local/lib/python3.12/site-packages/airflow/example_dags/example_branch_day_of_week_operator.py
[2026-08-06T17:39:40.198+0000] {logging_mixin.py:190} INFO - [2026-08-06T17:39:40.198+0000] {dag.py:3239} INFO - Sync 1 DAGs
[2026-08-06T17:39:40.236+0000] {logging_mixin.py:190} INFO - [2026-08-06T17:39:40.236+0000] {dag.py:4180} INFO - Setting next_dagrun for example_weekday_branch_operator to 2026-08-05 00:00:00+00:00, run_after=2026-08-06 00:00:00+00:00
[2026-08-06T17:39:40.263+0000] {processor.py:208} INFO - Processing /home/airflow/.local/lib/python3.12/site-packages/airflow/example_dags/example_branch_day_of_week_operator.py took 0.125 seconds
[2026-08-06T17:40:10.856+0000] {processor.py:186} INFO - Started process (PID=471) to work on /home/airflow/.local/lib/python3.12/site-packages/airflow/example_dags/example_branch_day_of_week_operator.py
[2026-08-06T17:40:10.858+0000] {processor.py:914} INFO - Processing file /home/airflow/.local/lib/python3.12/site-packages/airflow/example_dags/example_branch_day_of_week_operator.py for tasks to queue
[2026-08-06T17:40:10.862+0000] {logging_mixin.py:190} INFO - [2026-08-06T17:40:10.861+0000] {dagbag.py:588} INFO - Filling up the DagBag from /home/airflow/.local/lib/python3.12/site-packages/airflow/example_dags/example_branch_day_of_week_operator.py
[2026-08-06T17:40:10.872+0000] {processor.py:925} INFO - DAG(s) 'example_weekday_branch_operator' retrieved from /home/airflow/.local/lib/python3.12/site-packages/airflow/example_dags/example_branch_day_of_week_operator.py
[2026-08-06T17:40:10.896+0000] {logging_mixin.py:190} INFO - [2026-08-06T17:40:10.896+0000] {dag.py:3239} INFO - Sync 1 DAGs
[2026-08-06T17:40:10.923+0000] {logging_mixin.py:190} INFO - [2026-08-06T17:40:10.923+0000] {dag.py:4180} INFO - Setting next_dagrun for example_weekday_branch_operator to 2026-08-05 00:00:00+00:00, run_after=2026-08-06 00:00:00+00:00
[2026-08-06T17:40:10.947+0000] {processor.py:208} INFO - Processing /home/airflow/.local/lib/python3.12/site-packages/airflow/example_dags/example_branch_day_of_week_operator.py took 0.100 seconds
[2026-08-06T17:40:42.508+0000] {processor.py:186} INFO - Started process (PID=535) to work on /home/airflow/.local/lib/python3.12/site-packages/airflow/example_dags/example_branch_day_of_week_operator.py
[2026-08-06T17:40:42.509+0000] {processor.py:914} INFO - Processing file /home/airflow/.local/lib/python3.12/site-packages/airflow/example_dags/example_branch_day_of_week_operator.py for tasks to queue
[2026-08-06T17:40:42.511+0000] {logging_mixin.py:190} INFO - [2026-08-06T17:40:42.511+0000] {dagbag.py:588} INFO - Filling up the DagBag from /home/airflow/.local/lib/python3.12/site-packages/airflow/example_dags/example_branch_day_of_week_operator.py
[2026-08-06T17:40:42.519+0000] {processor.py:925} INFO - DAG(s) 'example_weekday_branch_operator' retrieved from /home/airflow/.local/lib/python3.12/site-packages/airflow/example_dags/example_branch_day_of_week_operator.py
[2026-08-06T17:40:42.537+0000] {logging_mixin.py:190} INFO - [2026-08-06T17:40:42.537+0000] {dag.py:3239} INFO - Sync 1 DAGs
[2026-08-06T17:40:42.557+0000] {logging_mixin.py:190} INFO - [2026-08-06T17:40:42.556+0000] {dag.py:4180} INFO - Setting next_dagrun for example_weekday_branch_operator to 2026-08-05 00:00:00+00:00, run_after=2026-08-06 00:00:00+00:00
[2026-08-06T17:40:42.572+0000] {processor.py:208} INFO - Processing /home/airflow/.local/lib/python3.12/site-packages/airflow/example_dags/example_branch_day_of_week_operator.py took 0.068 seconds
[2026-08-06T17:41:13.682+0000] {processor.py:186} INFO - Started process (PID=599) to work on /home/airflow/.local/lib/python3.12/site-packages/airflow/example_dags/example_branch_day_of_week_operator.py
[2026-08-06T17:41:13.683+0000] {processor.py:914} INFO - Processing file /home/airflow/.local/lib/python3.12/site-packages/airflow/example_dags/example_branch_day_of_week_operator.py for tasks to queue
[2026-08-06T17:41:13.685+0000] {logging_mixin.py:190} INFO - [2026-08-06T17:41:13.685+0000] {dagbag.py:588} INFO - Filling up the DagBag from /home/airflow/.local/lib/python3.12/site-packages/airflow/example_dags/example_branch_day_of_week_operator.py
[2026-08-06T17:41:13.694+0000] {processor.py:925} INFO - DAG(s) 'example_weekday_branch_operator' retrieved from /home/airflow/.local/lib/python3.12/site-packages/airflow/example_dags/example_branch_day_of_week_operator.py
[2026-08-06T17:41:13.714+0000] {logging_mixin.py:190} INFO - [2026-08-06T17:41:13.714+0000] {dag.py:3239} INFO - Sync 1 DAGs
[2026-08-06T17:41:13.736+0000] {logging_mixin.py:190} INFO - [2026-08-06T17:41:13.735+0000] {dag.py:4180} INFO - Setting next_dagrun for example_weekday_branch_operator to 2026-08-05 00:00:00+00:00, run_after=2026-08-06 00:00:00+00:00
[2026-08-06T17:41:13.756+0000] {processor.py:208} INFO - Processing /home/airflow/.local/lib/python3.12/site-packages/airflow/example_dags/example_branch_day_of_week_operator.py took 0.080 seconds
[2026-08-06T17:41:44.607+0000] {processor.py:186} INFO - Started process (PID=663) to work on /home/airflow/.local/lib/python3.12/site-packages/airflow/example_dags/example_branch_day_of_week_operator.py
[2026-08-06T17:41:44.609+0000] {processor.py:914} INFO - Processing file /home/airflow/.local/lib/python3.12/site-packages/airflow/example_dags/example_branch_day_of_week_operator.py for tasks to queue
[2026-08-06T17:41:44.611+0000] {logging_mixin.py:190} INFO - [2026-08-06T17:41:44.611+0000] {dagbag.py:588} INFO - Filling up the DagBag from /home/airflow/.local/lib/python3.12/site-packages/airflow/example_dags/example_branch_day_of_week_operator.py
[2026-08-06T17:41:44.622+0000] {processor.py:925} INFO - DAG(s) 'example_weekday_branch_operator' retrieved from /home/airflow/.local/lib/python3.12/site-packages/airflow/example_dags/example_branch_day_of_week_operator.py
[2026-08-06T17:41:44.644+0000] {logging_mixin.py:190} INFO - [2026-08-06T17:41:44.644+0000] {dag.py:3239} INFO - Sync 1 DAGs
[2026-08-06T17:41:44.666+0000] {logging_mixin.py:190} INFO - [2026-08-06T17:41:44.666+0000] {dag.py:4180} INFO - Setting next_dagrun for example_weekday_branch_operator to 2026-08-05 00:00:00+00:00, run_after=2026-08-06 00:00:00+00:00
[2026-08-06T17:41:44.691+0000] {processor.py:208} INFO - Processing /home/airflow/.local/lib/python3.12/site-packages/airflow/example_dags/example_branch_day_of_week_operator.py took 0.089 seconds
[2026-08-06T17:42:15.960+0000] {processor.py:186} INFO - Started process (PID=727) to work on /home/airflow/.local/lib/python3.12/site-packages/airflow/example_dags/example_branch_day_of_week_operator.py
[2026-08-06T17:42:15.962+0000] {processor.py:914} INFO - Processing file /home/airflow/.local/lib/python3.12/site-packages/airflow/example_dags/example_branch_day_of_week_operator.py for tasks to queue
[2026-08-06T17:42:15.966+0000] {logging_mixin.py:190} INFO - [2026-08-06T17:42:15.965+0000] {dagbag.py:588} INFO - Filling up the DagBag from /home/airflow/.local/lib/python3.12/site-packages/airflow/example_dags/example_branch_day_of_week_operator.py
[2026-08-06T17:42:15.974+0000] {processor.py:925} INFO - DAG(s) 'example_weekday_branch_operator' retrieved from /home/airflow/.local/lib/python3.12/site-packages/airflow/example_dags/example_branch_day_of_week_operator.py
[2026-08-06T17:42:15.994+0000] {logging_mixin.py:190} INFO - [2026-08-06T17:42:15.994+0000] {dag.py:3239} INFO - Sync 1 DAGs
[2026-08-06T17:42:16.017+0000] {logging_mixin.py:190} INFO - [2026-08-06T17:42:16.016+0000] {dag.py:4180} INFO - Setting next_dagrun for example_weekday_branch_operator to 2026-08-05 00:00:00+00:00, run_after=2026-08-06 00:00:00+00:00
[2026-08-06T17:42:16.036+0000] {processor.py:208} INFO - Processing /home/airflow/.local/lib/python3.12/site-packages/airflow/example_dags/example_branch_day_of_week_operator.py took 0.081 seconds
[2026-08-06T17:42:46.773+0000] {processor.py:186} INFO - Started process (PID=791) to work on /home/airflow/.local/lib/python3.12/site-packages/airflow/example_dags/example_branch_day_of_week_operator.py
[2026-08-06T17:42:46.774+0000] {processor.py:914} INFO - Processing file /home/airflow/.local/lib/python3.12/site-packages/airflow/example_dags/example_branch_day_of_week_operator.py for tasks to queue
[2026-08-06T17:42:46.777+0000] {logging_mixin.py:190} INFO - [2026-08-06T17:42:46.776+0000] {dagbag.py:588} INFO - Filling up the DagBag from /home/airflow/.local/lib/python3.12/site-packages/airflow/example_dags/example_branch_day_of_week_operator.py
[2026-08-06T17:42:46.785+0000] {processor.py:925} INFO - DAG(s) 'example_weekday_branch_operator' retrieved from /home/airflow/.local/lib/python3.12/site-packages/airflow/example_dags/example_branch_day_of_week_operator.py
[2026-08-06T17:42:46.801+0000] {logging_mixin.py:190} INFO - [2026-08-06T17:42:46.801+0000] {dag.py:3239} INFO - Sync 1 DAGs
[2026-08-06T17:42:46.819+0000] {logging_mixin.py:190} INFO - [2026-08-06T17:42:46.819+0000] {dag.py:4180} INFO - Setting next_dagrun for example_weekday_branch_operator to 2026-08-05 00:00:00+00:00, run_after=2026-08-06 00:00:00+00:00
[2026-08-06T17:42:46.835+0000] {processor.py:208} INFO - Processing /home/airflow/.local/lib/python3.12/site-packages/airflow/example_dags/example_branch_day_of_week_operator.py took 0.066 seconds
[2026-08-06T17:43:17.764+0000] {processor.py:186} INFO - Started process (PID=855) to work on /home/airflow/.local/lib/python3.12/site-packages/airflow/example_dags/example_branch_day_of_week_operator.py
[2026-08-06T17:43:17.766+0000] {processor.py:914} INFO - Processing file /home/airflow/.local/lib/python3.12/site-packages/airflow/example_dags/example_branch_day_of_week_operator.py for tasks to queue
[2026-08-06T17:43:17.768+0000] {logging_mixin.py:190} INFO - [2026-08-06T17:43:17.768+0000] {dagbag.py:588} INFO - Filling up the DagBag from /home/airflow/.local/lib/python3.12/site-packages/airflow/example_dags/example_branch_day_of_week_operator.py
[2026-08-06T17:43:17.777+0000] {processor.py:925} INFO - DAG(s) 'example_weekday_branch_operator' retrieved from /home/airflow/.local/lib/python3.12/site-packages/airflow/example_dags/example_branch_day_of_week_operator.py
[2026-08-06T17:43:17.794+0000] {logging_mixin.py:190} INFO - [2026-08-06T17:43:17.794+0000] {dag.py:3239} INFO - Sync 1 DAGs
[2026-08-06T17:43:17.818+0000] {logging_mixin.py:190} INFO - [2026-08-06T17:43:17.818+0000] {dag.py:4180} INFO - Setting next_dagrun for example_weekday_branch_operator to 2026-08-05 00:00:00+00:00, run_after=2026-08-06 00:00:00+00:00
[2026-08-06T17:43:17.834+0000] {processor.py:208} INFO - Processing /home/airflow/.local/lib/python3.12/site-packages/airflow/example_dags/example_branch_day_of_week_operator.py took 0.077 seconds
[2026-08-06T17:43:49.046+0000] {processor.py:186} INFO - Started process (PID=919) to work on /home/airflow/.local/lib/python3.12/site-packages/airflow/example_dags/example_branch_day_of_week_operator.py
[2026-08-06T17:43:49.047+0000] {processor.py:914} INFO - Processing file /home/airflow/.local/lib/python3.12/site-packages/airflow/example_dags/example_branch_day_of_week_operator.py for tasks to queue
[2026-08-06T17:43:49.049+0000] {logging_mixin.py:190} INFO - [2026-08-06T17:43:49.049+0000] {dagbag.py:588} INFO - Filling up the DagBag from /home/airflow/.local/lib/python3.12/site-packages/airflow/example_dags/example_branch_day_of_week_operator.py
[2026-08-06T17:43:49.056+0000] {processor.py:925} INFO - DAG(s) 'example_weekday_branch_operator' retrieved from /home/airflow/.local/lib/python3.12/site-packages/airflow/example_dags/example_branch_day_of_week_operator.py
[2026-08-06T17:43:49.070+0000] {logging_mixin.py:190} INFO - [2026-08-06T17:43:49.070+0000] {dag.py:3239} INFO - Sync 1 DAGs
[2026-08-06T17:43:49.086+0000] {logging_mixin.py:190} INFO - [2026-08-06T17:43:49.085+0000] {dag.py:4180} INFO - Setting next_dagrun for example_weekday_branch_operator to 2026-08-05 00:00:00+00:00, run_after=2026-08-06 00:00:00+00:00
[2026-08-06T17:43:49.100+0000] {processor.py:208} INFO - Processing /home/airflow/.local/lib/python3.12/site-packages/airflow/example_dags/example_branch_day_of_week_operator.py took 0.060 seconds
[2026-08-06T17:44:19.705+0000] {processor.py:186} INFO - Started process (PID=983) to work on /home/airflow/.local/lib/python3.12/site-packages/airflow/example_dags/example_branch_day_of_week_operator.py
[2026-08-06T17:44:19.706+0000] {processor.py:914} INFO - Processing file /home/airflow/.local/lib/python3.12/site-packages/airflow/example_dags/example_branch_day_of_week_operator.py for tasks to queue
[2026-08-06T17:44:19.708+0000] {logging_mixin.py:190} INFO - [2026-08-06T17:44:19.708+0000] {dagbag.py:588} INFO - Filling up the DagBag from /home/airflow/.local/lib/python3.12/site-packages/airflow/example_dags/example_branch_day_of_week_operator.py
[2026-08-06T17:44:19.715+0000] {processor.py:925} INFO - DAG(s) 'example_weekday_branch_operator' retrieved from /home/airflow/.local/lib/python3.12/site-packages/airflow/example_dags/example_branch_day_of_week_operator.py
[2026-08-06T17:44:19.730+0000] {logging_mixin.py:190} INFO - [2026-08-06T17:44:19.730+0000] {dag.py:3239} INFO - Sync 1 DAGs
[2026-08-06T17:44:19.748+0000] {logging_mixin.py:190} INFO - [2026-08-06T17:44:19.748+0000] {dag.py:4180} INFO - Setting next_dagrun for example_weekday_branch_operator to 2026-08-05 00:00:00+00:00, run_after=2026-08-06 00:00:00+00:00
[2026-08-06T17:44:19.764+0000] {processor.py:208} INFO - Processing /home/airflow/.local/lib/python3.12/site-packages/airflow/example_dags/example_branch_day_of_week_operator.py took 0.064 seconds
[2026-08-06T17:44:50.397+0000] {processor.py:186} INFO - Started process (PID=1047) to work on /home/airflow/.local/lib/python3.12/site-packages/airflow/example_dags/example_branch_day_of_week_operator.py
[2026-08-06T17:44:50.399+0000] {processor.py:914} INFO - Processing file /home/airflow/.local/lib/python3.12/site-packages/airflow/example_dags/example_branch_day_of_week_operator.py for tasks to queue
[2026-08-06T17:44:50.401+0000] {logging_mixin.py:190} INFO - [2026-08-06T17:44:50.401+0000] {dagbag.py:588} INFO - Filling up the DagBag from /home/airflow/.local/lib/python3.12/site-packages/airflow/example_dags/example_branch_day_of_week_operator.py
[2026-08-06T17:44:50.408+0000] {processor.py:925} INFO - DAG(s) 'example_weekday_branch_operator' retrieved from /home/airflow/.local/lib/python3.12/site-packages/airflow/example_dags/example_branch_day_of_week_operator.py
[2026-08-06T17:44:50.423+0000] {logging_mixin.py:190} INFO - [2026-08-06T17:44:50.422+0000] {dag.py:3239} INFO - Sync 1 DAGs
[2026-08-06T17:44:50.438+0000] {logging_mixin.py:190} INFO - [2026-08-06T17:44:50.438+0000] {dag.py:4180} INFO - Setting next_dagrun for example_weekday_branch_operator to 2026-08-05 00:00:00+00:00, run_after=2026-08-06 00:00:00+00:00
[2026-08-06T17:44:50.454+0000] {processor.py:208} INFO - Processing /home/airflow/.local/lib/python3.12/site-packages/airflow/example_dags/example_branch_day_of_week_operator.py took 0.062 seconds
[2026-08-06T17:45:21.291+0000] {processor.py:186} INFO - Started process (PID=1111) to work on /home/airflow/.local/lib/python3.12/site-packages/airflow/example_dags/example_branch_day_of_week_operator.py
[2026-08-06T17:45:21.292+0000] {processor.py:914} INFO - Processing file /home/airflow/.local/lib/python3.12/site-packages/airflow/example_dags/example_branch_day_of_week_operator.py for tasks to queue
[2026-08-06T17:45:21.294+0000] {logging_mixin.py:190} INFO - [2026-08-06T17:45:21.294+0000] {dagbag.py:588} INFO - Filling up the DagBag from /home/airflow/.local/lib/python3.12/site-packages/airflow/example_dags/example_branch_day_of_week_operator.py
[2026-08-06T17:45:21.304+0000] {processor.py:925} INFO - DAG(s) 'example_weekday_branch_operator' retrieved from /home/airflow/.local/lib/python3.12/site-packages/airflow/example_dags/example_branch_day_of_week_operator.py
[2026-08-06T17:45:21.322+0000] {logging_mixin.py:190} INFO - [2026-08-06T17:45:21.322+0000] {dag.py:3239} INFO - Sync 1 DAGs
[2026-08-06T17:45:21.339+0000] {logging_mixin.py:190} INFO - [2026-08-06T17:45:21.339+0000] {dag.py:4180} INFO - Setting next_dagrun for example_weekday_branch_operator to 2026-08-05 00:00:00+00:00, run_after=2026-08-06 00:00:00+00:00
[2026-08-06T17:45:21.354+0000] {processor.py:208} INFO - Processing /home/airflow/.local/lib/python3.12/site-packages/airflow/example_dags/example_branch_day_of_week_operator.py took 0.068 seconds
[2026-08-06T17:45:52.685+0000] {processor.py:186} INFO - Started process (PID=1175) to work on /home/airflow/.local/lib/python3.12/site-packages/airflow/example_dags/example_branch_day_of_week_operator.py
[2026-08-06T17:45:52.686+0000] {processor.py:914} INFO - Processing file /home/airflow/.local/lib/python3.12/site-packages/airflow/example_dags/example_branch_day_of_week_operator.py for tasks to queue
[2026-08-06T17:45:52.688+0000] {logging_mixin.py:190} INFO - [2026-08-06T17:45:52.688+0000] {dagbag.py:588} INFO - Filling up the DagBag from /home/airflow/.local/lib/python3.12/site-packages/airflow/example_dags/example_branch_day_of_week_operator.py
[2026-08-06T17:45:52.698+0000] {processor.py:925} INFO - DAG(s) 'example_weekday_branch_operator' retrieved from /home/airflow/.local/lib/python3.12/site-packages/airflow/example_dags/example_branch_day_of_week_operator.py
[2026-08-06T17:45:52.723+0000] {logging_mixin.py:190} INFO - [2026-08-06T17:45:52.722+0000] {dag.py:3239} INFO - Sync 1 DAGs
[2026-08-06T17:45:52.744+0000] {logging_mixin.py:190} INFO - [2026-08-06T17:45:52.744+0000] {dag.py:4180} INFO - Setting next_dagrun for example_weekday_branch_operator to 2026-08-05 00:00:00+00:00, run_after=2026-08-06 00:00:00+00:00
[2026-08-06T17:45:52.766+0000] {processor.py:208} INFO - Processing /home/airflow/.local/lib/python3.12/site-packages/airflow/example_dags/example_branch_day_of_week_operator.py took 0.088 seconds
[2026-08-06T17:46:23.985+0000] {processor.py:186} INFO - Started process (PID=1239) to work on /home/airflow/.local/lib/python3.12/site-packages/airflow/example_dags/example_branch_day_of_week_operator.py
[2026-08-06T17:46:23.986+0000] {processor.py:914} INFO - Processing file /home/airflow/.local/lib/python3.12/site-packages/airflow/example_dags/example_branch_day_of_week_operator.py for tasks to queue
[2026-08-06T17:46:23.988+0000] {logging_mixin.py:190} INFO - [2026-08-06T17:46:23.988+0000] {dagbag.py:588} INFO - Filling up the DagBag from /home/airflow/.local/lib/python3.12/site-packages/airflow/example_dags/example_branch_day_of_week_operator.py
[2026-08-06T17:46:23.996+0000] {processor.py:925} INFO - DAG(s) 'example_weekday_branch_operator' retrieved from /home/airflow/.local/lib/python3.12/site-packages/airflow/example_dags/example_branch_day_of_week_operator.py
[2026-08-06T17:46:24.011+0000] {logging_mixin.py:190} INFO - [2026-08-06T17:46:24.010+0000] {dag.py:3239} INFO - Sync 1 DAGs
[2026-08-06T17:46:24.029+0000] {logging_mixin.py:190} INFO - [2026-08-06T17:46:24.029+0000] {dag.py:4180} INFO - Setting next_dagrun for example_weekday_branch_operator to 2026-08-05 00:00:00+00:00, run_after=2026-08-06 00:00:00+00:00
[2026-08-06T17:46:24.044+0000] {processor.py:208} INFO - Processing /home/airflow/.local/lib/python3.12/site-packages/airflow/example_dags/example_branch_day_of_week_operator.py took 0.063 seconds
[2026-08-06T17:46:54.987+0000] {processor.py:186} INFO - Started process (PID=1303) to work on /home/airflow/.local/lib/python3.12/site-packages/airflow/example_dags/example_branch_day_of_week_operator.py
[2026-08-06T17:46:54.988+0000] {processor.py:914} INFO - Processing file /home/airflow/.local/lib/python3.12/site-packages/airflow/example_dags/example_branch_day_of_week_operator.py for tasks to queue
[2026-08-06T17:46:54.990+0000] {logging_mixin.py:190} INFO - [2026-08-06T17:46:54.990+0000] {dagbag.py:588} INFO - Filling up the DagBag from /home/airflow/.local/lib/python3.12/site-packages/airflow/example_dags/example_branch_day_of_week_operator.py
[2026-08-06T17:46:54.998+0000] {processor.py:925} INFO - DAG(s) 'example_weekday_branch_operator' retrieved from /home/airflow/.local/lib/python3.12/site-packages/airflow/example_dags/example_branch_day_of_week_operator.py
[2026-08-06T17:46:55.015+0000] {logging_mixin.py:190} INFO - [2026-08-06T17:46:55.015+0000] {dag.py:3239} INFO - Sync 1 DAGs
[2026-08-06T17:46:55.033+0000] {logging_mixin.py:190} INFO - [2026-08-06T17:46:55.032+0000] {dag.py:4180} INFO - Setting next_dagrun for example_weekday_branch_operator to 2026-08-05 00:00:00+00:00, run_after=2026-08-06 00:00:00+00:00
[2026-08-06T17:46:55.049+0000] {processor.py:208} INFO - Processing /home/airflow/.local/lib/python3.12/site-packages/airflow/example_dags/example_branch_day_of_week_operator.py took 0.066 seconds
[2026-08-06T17:47:25.777+0000] {processor.py:186} INFO - Started process (PID=1367) to work on /home/airflow/.local/lib/python3.12/site-packages/airflow/example_dags/example_branch_day_of_week_operator.py
[2026-08-06T17:47:25.778+0000] {processor.py:914} INFO - Processing file /home/airflow/.local/lib/python3.12/site-packages/airflow/example_dags/example_branch_day_of_week_operator.py for tasks to queue
[2026-08-06T17:47:25.781+0000] {logging_mixin.py:190} INFO - [2026-08-06T17:47:25.780+0000] {dagbag.py:588} INFO - Filling up the DagBag from /home/airflow/.local/lib/python3.12/site-packages/airflow/example_dags/example_branch_day_of_week_operator.py
[2026-08-06T17:47:25.789+0000] {processor.py:925} INFO - DAG(s) 'example_weekday_branch_operator' retrieved from /home/airflow/.local/lib/python3.12/site-packages/airflow/example_dags/example_branch_day_of_week_operator.py
[2026-08-06T17:47:25.807+0000] {logging_mixin.py:190} INFO - [2026-08-06T17:47:25.807+0000] {dag.py:3239} INFO - Sync 1 DAGs
[2026-08-06T17:47:25.825+0000] {logging_mixin.py:190} INFO - [2026-08-06T17:47:25.825+0000] {dag.py:4180} INFO - Setting next_dagrun for example_weekday_branch_operator to 2026-08-05 00:00:00+00:00, run_after=2026-08-06 00:00:00+00:00
[2026-08-06T17:47:25.841+0000] {processor.py:208} INFO - Processing /home/airflow/.local/lib/python3.12/site-packages/airflow/example_dags/example_branch_day_of_week_operator.py took 0.069 seconds
[2026-08-06T17:47:57.130+0000] {processor.py:186} INFO - Started process (PID=1431) to work on /home/airflow/.local/lib/python3.12/site-packages/airflow/example_dags/example_branch_day_of_week_operator.py
[2026-08-06T17:47:57.132+0000] {processor.py:914} INFO - Processing file /home/airflow/.local/lib/python3.12/site-packages/airflow/example_dags/example_branch_day_of_week_operator.py for tasks to queue
[2026-08-06T17:47:57.134+0000] {logging_mixin.py:190} INFO - [2026-08-06T17:47:57.134+0000] {dagbag.py:588} INFO - Filling up the DagBag from /home/airflow/.local/lib/python3.12/site-packages/airflow/example_dags/example_branch_day_of_week_operator.py
[2026-08-06T17:47:57.143+0000] {processor.py:925} INFO - DAG(s) 'example_weekday_branch_operator' retrieved from /home/airflow/.local/lib/python3.12/site-packages/airflow/example_dags/example_branch_day_of_week_operator.py
[2026-08-06T17:47:57.159+0000] {logging_mixin.py:190} INFO - [2026-08-06T17:47:57.158+0000] {dag.py:3239} INFO - Sync 1 DAGs
[2026-08-06T17:47:57.203+0000] {logging_mixin.py:190} INFO - [2026-08-06T17:47:57.202+0000] {dag.py:4180} INFO - Setting next_dagrun for example_weekday_branch_operator to 2026-08-05 00:00:00+00:00, run_after=2026-08-06 00:00:00+00:00
[2026-08-06T17:47:57.235+0000] {processor.py:208} INFO - Processing /home/airflow/.local/lib/python3.12/site-packages/airflow/example_dags/example_branch_day_of_week_operator.py took 0.109 seconds
[2026-08-06T17:48:28.224+0000] {processor.py:186} INFO - Started process (PID=1494) to work on /home/airflow/.local/lib/python3.12/site-packages/airflow/example_dags/example_branch_day_of_week_operator.py
[2026-08-06T17:48:28.226+0000] {processor.py:914} INFO - Processing file /home/airflow/.local/lib/python3.12/site-packages/airflow/example_dags/example_branch_day_of_week_operator.py for tasks to queue
[2026-08-06T17:48:28.231+0000] {logging_mixin.py:190} INFO - [2026-08-06T17:48:28.230+0000] {dagbag.py:588} INFO - Filling up the DagBag from /home/airflow/.local/lib/python3.12/site-packages/airflow/example_dags/example_branch_day_of_week_operator.py
[2026-08-06T17:48:28.243+0000] {processor.py:925} INFO - DAG(s) 'example_weekday_branch_operator' retrieved from /home/airflow/.local/lib/python3.12/site-packages/airflow/example_dags/example_branch_day_of_week_operator.py
[2026-08-06T17:48:28.262+0000] {logging_mixin.py:190} INFO - [2026-08-06T17:48:28.262+0000] {dag.py:3239} INFO - Sync 1 DAGs
[2026-08-06T17:48:28.286+0000] {logging_mixin.py:190} INFO - [2026-08-06T17:48:28.286+0000] {dag.py:4180} INFO - Setting next_dagrun for example_weekday_branch_operator to 2026-08-05 00:00:00+00:00, run_after=2026-08-06 00:00:00+00:00
[2026-08-06T17:48:28.306+0000] {processor.py:208} INFO - Processing /home/airflow/.local/lib/python3.12/site-packages/airflow/example_dags/example_branch_day_of_week_operator.py took 0.087 seconds
[2026-08-06T17:48:59.343+0000] {processor.py:186} INFO - Started process (PID=1558) to work on /home/airflow/.local/lib/python3.12/site-packages/airflow/example_dags/example_branch_day_of_week_operator.py
[2026-08-06T17:48:59.344+0000] {processor.py:914} INFO - Processing file /home/airflow/.local/lib/python3.12/site-packages/airflow/example_dags/example_branch_day_of_week_operator.py for tasks to queue
[2026-08-06T17:48:59.346+0000] {logging_mixin.py:190} INFO - [2026-08-06T17:48:59.346+0000] {dagbag.py:588} INFO - Filling up the DagBag from /home/airflow/.local/lib/python3.12/site-packages/airflow/example_dags/example_branch_day_of_week_operator.py
[2026-08-06T17:48:59.357+0000] {processor.py:925} INFO - DAG(s) 'example_weekday_branch_operator' retrieved from /home/airflow/.local/lib/python3.12/site-packages/airflow/example_dags/example_branch_day_of_week_operator.py
[2026-08-06T17:48:59.375+0000] {logging_mixin.py:190} INFO - [2026-08-06T17:48:59.374+0000] {dag.py:3239} INFO - Sync 1 DAGs
[2026-08-06T17:48:59.397+0000] {logging_mixin.py:190} INFO - [2026-08-06T17:48:59.397+0000] {dag.py:4180} INFO - Setting next_dagrun for example_weekday_branch_operator to 2026-08-05 00:00:00+00:00, run_after=2026-08-06 00:00:00+00:00
[2026-08-06T17:48:59.416+0000] {processor.py:208} INFO - Processing /home/airflow/.local/lib/python3.12/site-packages/airflow/example_dags/example_branch_day_of_week_operator.py took 0.078 seconds
[2026-08-06T17:49:30.632+0000] {processor.py:186} INFO - Started process (PID=1622) to work on /home/airflow/.local/lib/python3.12/site-packages/airflow/example_dags/example_branch_day_of_week_operator.py
[2026-08-06T17:49:30.633+0000] {processor.py:914} INFO - Processing file /home/airflow/.local/lib/python3.12/site-packages/airflow/example_dags/example_branch_day_of_week_operator.py for tasks to queue
[2026-08-06T17:49:30.636+0000] {logging_mixin.py:190} INFO - [2026-08-06T17:49:30.635+0000] {dagbag.py:588} INFO - Filling up the DagBag from /home/airflow/.local/lib/python3.12/site-packages/airflow/example_dags/example_branch_day_of_week_operator.py
[2026-08-06T17:49:30.646+0000] {processor.py:925} INFO - DAG(s) 'example_weekday_branch_operator' retrieved from /home/airflow/.local/lib/python3.12/site-packages/airflow/example_dags/example_branch_day_of_week_operator.py
[2026-08-06T17:49:30.666+0000] {logging_mixin.py:190} INFO - [2026-08-06T17:49:30.665+0000] {dag.py:3239} INFO - Sync 1 DAGs
[2026-08-06T17:49:30.685+0000] {logging_mixin.py:190} INFO - [2026-08-06T17:49:30.685+0000] {dag.py:4180} INFO - Setting next_dagrun for example_weekday_branch_operator to 2026-08-05 00:00:00+00:00, run_after=2026-08-06 00:00:00+00:00
[2026-08-06T17:49:30.702+0000] {processor.py:208} INFO - Processing /home/airflow/.local/lib/python3.12/site-packages/airflow/example_dags/example_branch_day_of_week_operator.py took 0.075 seconds
[2026-08-06T17:50:02.042+0000] {processor.py:186} INFO - Started process (PID=1686) to work on /home/airflow/.local/lib/python3.12/site-packages/airflow/example_dags/example_branch_day_of_week_operator.py
[2026-08-06T17:50:02.044+0000] {processor.py:914} INFO - Processing file /home/airflow/.local/lib/python3.12/site-packages/airflow/example_dags/example_branch_day_of_week_operator.py for tasks to queue
[2026-08-06T17:50:02.046+0000] {logging_mixin.py:190} INFO - [2026-08-06T17:50:02.046+0000] {dagbag.py:588} INFO - Filling up the DagBag from /home/airflow/.local/lib/python3.12/site-packages/airflow/example_dags/example_branch_day_of_week_operator.py
[2026-08-06T17:50:02.054+0000] {processor.py:925} INFO - DAG(s) 'example_weekday_branch_operator' retrieved from /home/airflow/.local/lib/python3.12/site-packages/airflow/example_dags/example_branch_day_of_week_operator.py
[2026-08-06T17:50:02.074+0000] {logging_mixin.py:190} INFO - [2026-08-06T17:50:02.073+0000] {dag.py:3239} INFO - Sync 1 DAGs
[2026-08-06T17:50:02.096+0000] {logging_mixin.py:190} INFO - [2026-08-06T17:50:02.096+0000] {dag.py:4180} INFO - Setting next_dagrun for example_weekday_branch_operator to 2026-08-05 00:00:00+00:00, run_after=2026-08-06 00:00:00+00:00
[2026-08-06T17:50:02.114+0000] {processor.py:208} INFO - Processing /home/airflow/.local/lib/python3.12/site-packages/airflow/example_dags/example_branch_day_of_week_operator.py took 0.076 seconds
[2026-08-06T17:50:33.444+0000] {processor.py:186} INFO - Started process (PID=1757) to work on /home/airflow/.local/lib/python3.12/site-packages/airflow/example_dags/example_branch_day_of_week_operator.py
[2026-08-06T17:50:33.445+0000] {processor.py:914} INFO - Processing file /home/airflow/.local/lib/python3.12/site-packages/airflow/example_dags/example_branch_day_of_week_operator.py for tasks to queue
[2026-08-06T17:50:33.448+0000] {logging_mixin.py:190} INFO - [2026-08-06T17:50:33.447+0000] {dagbag.py:588} INFO - Filling up the DagBag from /home/airflow/.local/lib/python3.12/site-packages/airflow/example_dags/example_branch_day_of_week_operator.py
[2026-08-06T17:50:33.456+0000] {processor.py:925} INFO - DAG(s) 'example_weekday_branch_operator' retrieved from /home/airflow/.local/lib/python3.12/site-packages/airflow/example_dags/example_branch_day_of_week_operator.py
[2026-08-06T17:50:33.476+0000] {logging_mixin.py:190} INFO - [2026-08-06T17:50:33.476+0000] {dag.py:3239} INFO - Sync 1 DAGs
[2026-08-06T17:50:33.496+0000] {logging_mixin.py:190} INFO - [2026-08-06T17:50:33.496+0000] {dag.py:4180} INFO - Setting next_dagrun for example_weekday_branch_operator to 2026-08-05 00:00:00+00:00, run_after=2026-08-06 00:00:00+00:00
[2026-08-06T17:50:33.514+0000] {processor.py:208} INFO - Processing /home/airflow/.local/lib/python3.12/site-packages/airflow/example_dags/example_branch_day_of_week_operator.py took 0.075 seconds
[2026-08-06T17:51:04.751+0000] {processor.py:186} INFO - Started process (PID=1821) to work on /home/airflow/.local/lib/python3.12/site-packages/airflow/example_dags/example_branch_day_of_week_operator.py
[2026-08-06T17:51:04.753+0000] {processor.py:914} INFO - Processing file /home/airflow/.local/lib/python3.12/site-packages/airflow/example_dags/example_branch_day_of_week_operator.py for tasks to queue
[2026-08-06T17:51:04.756+0000] {logging_mixin.py:190} INFO - [2026-08-06T17:51:04.755+0000] {dagbag.py:588} INFO - Filling up the DagBag from /home/airflow/.local/lib/python3.12/site-packages/airflow/example_dags/example_branch_day_of_week_operator.py
[2026-08-06T17:51:04.764+0000] {processor.py:925} INFO - DAG(s) 'example_weekday_branch_operator' retrieved from /home/airflow/.local/lib/python3.12/site-packages/airflow/example_dags/example_branch_day_of_week_operator.py
[2026-08-06T17:51:04.782+0000] {logging_mixin.py:190} INFO - [2026-08-06T17:51:04.782+0000] {dag.py:3239} INFO - Sync 1 DAGs
[2026-08-06T17:51:04.804+0000] {logging_mixin.py:190} INFO - [2026-08-06T17:51:04.804+0000] {dag.py:4180} INFO - Setting next_dagrun for example_weekday_branch_operator to 2026-08-05 00:00:00+00:00, run_after=2026-08-06 00:00:00+00:00
[2026-08-06T17:51:04.823+0000] {processor.py:208} INFO - Processing /home/airflow/.local/lib/python3.12/site-packages/airflow/example_dags/example_branch_day_of_week_operator.py took 0.078 seconds
[2026-08-06T17:51:36.013+0000] {processor.py:186} INFO - Started process (PID=1886) to work on /home/airflow/.local/lib/python3.12/site-packages/airflow/example_dags/example_branch_day_of_week_operator.py
[2026-08-06T17:51:36.014+0000] {processor.py:914} INFO - Processing file /home/airflow/.local/lib/python3.12/site-packages/airflow/example_dags/example_branch_day_of_week_operator.py for tasks to queue
[2026-08-06T17:51:36.016+0000] {logging_mixin.py:190} INFO - [2026-08-06T17:51:36.016+0000] {dagbag.py:588} INFO - Filling up the DagBag from /home/airflow/.local/lib/python3.12/site-packages/airflow/example_dags/example_branch_day_of_week_operator.py
[2026-08-06T17:51:36.025+0000] {processor.py:925} INFO - DAG(s) 'example_weekday_branch_operator' retrieved from /home/airflow/.local/lib/python3.12/site-packages/airflow/example_dags/example_branch_day_of_week_operator.py
[2026-08-06T17:51:36.040+0000] {logging_mixin.py:190} INFO - [2026-08-06T17:51:36.040+0000] {dag.py:3239} INFO - Sync 1 DAGs
[2026-08-06T17:51:36.057+0000] {logging_mixin.py:190} INFO - [2026-08-06T17:51:36.057+0000] {dag.py:4180} INFO - Setting next_dagrun for example_weekday_branch_operator to 2026-08-05 00:00:00+00:00, run_after=2026-08-06 00:00:00+00:00
[2026-08-06T17:51:36.074+0000] {processor.py:208} INFO - Processing /home/airflow/.local/lib/python3.12/site-packages/airflow/example_dags/example_branch_day_of_week_operator.py took 0.067 seconds
[2026-08-06T17:52:07.171+0000] {processor.py:186} INFO - Started process (PID=1950) to work on /home/airflow/.local/lib/python3.12/site-packages/airflow/example_dags/example_branch_day_of_week_operator.py
[2026-08-06T17:52:07.172+0000] {processor.py:914} INFO - Processing file /home/airflow/.local/lib/python3.12/site-packages/airflow/example_dags/example_branch_day_of_week_operator.py for tasks to queue
[2026-08-06T17:52:07.174+0000] {logging_mixin.py:190} INFO - [2026-08-06T17:52:07.174+0000] {dagbag.py:588} INFO - Filling up the DagBag from /home/airflow/.local/lib/python3.12/site-packages/airflow/example_dags/example_branch_day_of_week_operator.py
[2026-08-06T17:52:07.181+0000] {processor.py:925} INFO - DAG(s) 'example_weekday_branch_operator' retrieved from /home/airflow/.local/lib/python3.12/site-packages/airflow/example_dags/example_branch_day_of_week_operator.py
[2026-08-06T17:52:07.195+0000] {logging_mixin.py:190} INFO - [2026-08-06T17:52:07.195+0000] {dag.py:3239} INFO - Sync 1 DAGs
[2026-08-06T17:52:07.213+0000] {logging_mixin.py:190} INFO - [2026-08-06T17:52:07.213+0000] {dag.py:4180} INFO - Setting next_dagrun for example_weekday_branch_operator to 2026-08-05 00:00:00+00:00, run_after=2026-08-06 00:00:00+00:00
[2026-08-06T17:52:07.230+0000] {processor.py:208} INFO - Processing /home/airflow/.local/lib/python3.12/site-packages/airflow/example_dags/example_branch_day_of_week_operator.py took 0.063 seconds
[2026-08-06T17:52:38.176+0000] {processor.py:186} INFO - Started process (PID=2013) to work on /home/airflow/.local/lib/python3.12/site-packages/airflow/example_dags/example_branch_day_of_week_operator.py
[2026-08-06T17:52:38.177+0000] {processor.py:914} INFO - Processing file /home/airflow/.local/lib/python3.12/site-packages/airflow/example_dags/example_branch_day_of_week_operator.py for tasks to queue
[2026-08-06T17:52:38.179+0000] {logging_mixin.py:190} INFO - [2026-08-06T17:52:38.179+0000] {dagbag.py:588} INFO - Filling up the DagBag from /home/airflow/.local/lib/python3.12/site-packages/airflow/example_dags/example_branch_day_of_week_operator.py
[2026-08-06T17:52:38.188+0000] {processor.py:925} INFO - DAG(s) 'example_weekday_branch_operator' retrieved from /home/airflow/.local/lib/python3.12/site-packages/airflow/example_dags/example_branch_day_of_week_operator.py
[2026-08-06T17:52:38.209+0000] {logging_mixin.py:190} INFO - [2026-08-06T17:52:38.208+0000] {dag.py:3239} INFO - Sync 1 DAGs
[2026-08-06T17:52:38.228+0000] {logging_mixin.py:190} INFO - [2026-08-06T17:52:38.228+0000] {dag.py:4180} INFO - Setting next_dagrun for example_weekday_branch_operator to 2026-08-05 00:00:00+00:00, run_after=2026-08-06 00:00:00+00:00
[2026-08-06T17:52:38.249+0000] {processor.py:208} INFO - Processing /home/airflow/.local/lib/python3.12/site-packages/airflow/example_dags/example_branch_day_of_week_operator.py took 0.078 seconds
[2026-08-06T17:53:09.267+0000] {processor.py:186} INFO - Started process (PID=2077) to work on /home/airflow/.local/lib/python3.12/site-packages/airflow/example_dags/example_branch_day_of_week_operator.py
[2026-08-06T17:53:09.268+0000] {processor.py:914} INFO - Processing file /home/airflow/.local/lib/python3.12/site-packages/airflow/example_dags/example_branch_day_of_week_operator.py for tasks to queue
[2026-08-06T17:53:09.271+0000] {logging_mixin.py:190} INFO - [2026-08-06T17:53:09.270+0000] {dagbag.py:588} INFO - Filling up the DagBag from /home/airflow/.local/lib/python3.12/site-packages/airflow/example_dags/example_branch_day_of_week_operator.py
[2026-08-06T17:53:09.279+0000] {processor.py:925} INFO - DAG(s) 'example_weekday_branch_operator' retrieved from /home/airflow/.local/lib/python3.12/site-packages/airflow/example_dags/example_branch_day_of_week_operator.py
[2026-08-06T17:53:09.298+0000] {logging_mixin.py:190} INFO - [2026-08-06T17:53:09.298+0000] {dag.py:3239} INFO - Sync 1 DAGs
[2026-08-06T17:53:09.320+0000] {logging_mixin.py:190} INFO - [2026-08-06T17:53:09.319+0000] {dag.py:4180} INFO - Setting next_dagrun for example_weekday_branch_operator to 2026-08-05 00:00:00+00:00, run_after=2026-08-06 00:00:00+00:00
[2026-08-06T17:53:09.347+0000] {processor.py:208} INFO - Processing /home/airflow/.local/lib/python3.12/site-packages/airflow/example_dags/example_branch_day_of_week_operator.py took 0.085 seconds
[2026-08-06T17:53:40.784+0000] {processor.py:186} INFO - Started process (PID=2141) to work on /home/airflow/.local/lib/python3.12/site-packages/airflow/example_dags/example_branch_day_of_week_operator.py
[2026-08-06T17:53:40.785+0000] {processor.py:914} INFO - Processing file /home/airflow/.local/lib/python3.12/site-packages/airflow/example_dags/example_branch_day_of_week_operator.py for tasks to queue
[2026-08-06T17:53:40.788+0000] {logging_mixin.py:190} INFO - [2026-08-06T17:53:40.788+0000] {dagbag.py:588} INFO - Filling up the DagBag from /home/airflow/.local/lib/python3.12/site-packages/airflow/example_dags/example_branch_day_of_week_operator.py
[2026-08-06T17:53:40.799+0000] {processor.py:925} INFO - DAG(s) 'example_weekday_branch_operator' retrieved from /home/airflow/.local/lib/python3.12/site-packages/airflow/example_dags/example_branch_day_of_week_operator.py
[2026-08-06T17:53:40.820+0000] {logging_mixin.py:190} INFO - [2026-08-06T17:53:40.820+0000] {dag.py:3239} INFO - Sync 1 DAGs
[2026-08-06T17:53:40.843+0000] {logging_mixin.py:190} INFO - [2026-08-06T17:53:40.842+0000] {dag.py:4180} INFO - Setting next_dagrun for example_weekday_branch_operator to 2026-08-05 00:00:00+00:00, run_after=2026-08-06 00:00:00+00:00
[2026-08-06T17:53:40.866+0000] {processor.py:208} INFO - Processing /home/airflow/.local/lib/python3.12/site-packages/airflow/example_dags/example_branch_day_of_week_operator.py took 0.087 seconds
[2026-08-06T17:54:12.026+0000] {processor.py:186} INFO - Started process (PID=2205) to work on /home/airflow/.local/lib/python3.12/site-packages/airflow/example_dags/example_branch_day_of_week_operator.py
[2026-08-06T17:54:12.027+0000] {processor.py:914} INFO - Processing file /home/airflow/.local/lib/python3.12/site-packages/airflow/example_dags/example_branch_day_of_week_operator.py for tasks to queue
[2026-08-06T17:54:12.029+0000] {logging_mixin.py:190} INFO - [2026-08-06T17:54:12.029+0000] {dagbag.py:588} INFO - Filling up the DagBag from /home/airflow/.local/lib/python3.12/site-packages/airflow/example_dags/example_branch_day_of_week_operator.py
[2026-08-06T17:54:12.038+0000] {processor.py:925} INFO - DAG(s) 'example_weekday_branch_operator' retrieved from /home/airflow/.local/lib/python3.12/site-packages/airflow/example_dags/example_branch_day_of_week_operator.py
[2026-08-06T17:54:12.054+0000] {logging_mixin.py:190} INFO - [2026-08-06T17:54:12.054+0000] {dag.py:3239} INFO - Sync 1 DAGs
[2026-08-06T17:54:12.073+0000] {logging_mixin.py:190} INFO - [2026-08-06T17:54:12.073+0000] {dag.py:4180} INFO - Setting next_dagrun for example_weekday_branch_operator to 2026-08-05 00:00:00+00:00, run_after=2026-08-06 00:00:00+00:00
[2026-08-06T17:54:12.091+0000] {processor.py:208} INFO - Processing /home/airflow/.local/lib/python3.12/site-packages/airflow/example_dags/example_branch_day_of_week_operator.py took 0.070 seconds
[2026-08-06T17:54:43.315+0000] {processor.py:186} INFO - Started process (PID=2269) to work on /home/airflow/.local/lib/python3.12/site-packages/airflow/example_dags/example_branch_day_of_week_operator.py
[2026-08-06T17:54:43.316+0000] {processor.py:914} INFO - Processing file /home/airflow/.local/lib/python3.12/site-packages/airflow/example_dags/example_branch_day_of_week_operator.py for tasks to queue
[2026-08-06T17:54:43.318+0000] {logging_mixin.py:190} INFO - [2026-08-06T17:54:43.318+0000] {dagbag.py:588} INFO - Filling up the DagBag from /home/airflow/.local/lib/python3.12/site-packages/airflow/example_dags/example_branch_day_of_week_operator.py
[2026-08-06T17:54:43.326+0000] {processor.py:925} INFO - DAG(s) 'example_weekday_branch_operator' retrieved from /home/airflow/.local/lib/python3.12/site-packages/airflow/example_dags/example_branch_day_of_week_operator.py
[2026-08-06T17:54:43.341+0000] {logging_mixin.py:190} INFO - [2026-08-06T17:54:43.341+0000] {dag.py:3239} INFO - Sync 1 DAGs
[2026-08-06T17:54:43.359+0000] {logging_mixin.py:190} INFO - [2026-08-06T17:54:43.359+0000] {dag.py:4180} INFO - Setting next_dagrun for example_weekday_branch_operator to 2026-08-05 00:00:00+00:00, run_after=2026-08-06 00:00:00+00:00
[2026-08-06T17:54:43.375+0000] {processor.py:208} INFO - Processing /home/airflow/.local/lib/python3.12/site-packages/airflow/example_dags/example_branch_day_of_week_operator.py took 0.064 seconds
[2026-08-06T17:55:14.093+0000] {processor.py:186} INFO - Started process (PID=2333) to work on /home/airflow/.local/lib/python3.12/site-packages/airflow/example_dags/example_branch_day_of_week_operator.py
[2026-08-06T17:55:14.094+0000] {processor.py:914} INFO - Processing file /home/airflow/.local/lib/python3.12/site-packages/airflow/example_dags/example_branch_day_of_week_operator.py for tasks to queue
[2026-08-06T17:55:14.096+0000] {logging_mixin.py:190} INFO - [2026-08-06T17:55:14.096+0000] {dagbag.py:588} INFO - Filling up the DagBag from /home/airflow/.local/lib/python3.12/site-packages/airflow/example_dags/example_branch_day_of_week_operator.py
[2026-08-06T17:55:14.107+0000] {processor.py:925} INFO - DAG(s) 'example_weekday_branch_operator' retrieved from /home/airflow/.local/lib/python3.12/site-packages/airflow/example_dags/example_branch_day_of_week_operator.py
[2026-08-06T17:55:14.124+0000] {logging_mixin.py:190} INFO - [2026-08-06T17:55:14.123+0000] {dag.py:3239} INFO - Sync 1 DAGs
[2026-08-06T17:55:14.143+0000] {logging_mixin.py:190} INFO - [2026-08-06T17:55:14.143+0000] {dag.py:4180} INFO - Setting next_dagrun for example_weekday_branch_operator to 2026-08-05 00:00:00+00:00, run_after=2026-08-06 00:00:00+00:00
[2026-08-06T17:55:14.161+0000] {processor.py:208} INFO - Processing /home/airflow/.local/lib/python3.12/site-packages/airflow/example_dags/example_branch_day_of_week_operator.py took 0.072 seconds
[2026-08-06T17:55:45.039+0000] {processor.py:186} INFO - Started process (PID=2397) to work on /home/airflow/.local/lib/python3.12/site-packages/airflow/example_dags/example_branch_day_of_week_operator.py
[2026-08-06T17:55:45.041+0000] {processor.py:914} INFO - Processing file /home/airflow/.local/lib/python3.12/site-packages/airflow/example_dags/example_branch_day_of_week_operator.py for tasks to queue
[2026-08-06T17:55:45.044+0000] {logging_mixin.py:190} INFO - [2026-08-06T17:55:45.043+0000] {dagbag.py:588} INFO - Filling up the DagBag from /home/airflow/.local/lib/python3.12/site-packages/airflow/example_dags/example_branch_day_of_week_operator.py
[2026-08-06T17:55:45.060+0000] {processor.py:925} INFO - DAG(s) 'example_weekday_branch_operator' retrieved from /home/airflow/.local/lib/python3.12/site-packages/airflow/example_dags/example_branch_day_of_week_operator.py
[2026-08-06T17:55:45.084+0000] {logging_mixin.py:190} INFO - [2026-08-06T17:55:45.083+0000] {dag.py:3239} INFO - Sync 1 DAGs
[2026-08-06T17:55:45.106+0000] {logging_mixin.py:190} INFO - [2026-08-06T17:55:45.106+0000] {dag.py:4180} INFO - Setting next_dagrun for example_weekday_branch_operator to 2026-08-05 00:00:00+00:00, run_after=2026-08-06 00:00:00+00:00
[2026-08-06T17:55:45.132+0000] {processor.py:208} INFO - Processing /home/airflow/.local/lib/python3.12/site-packages/airflow/example_dags/example_branch_day_of_week_operator.py took 0.101 seconds
[2026-08-06T17:56:16.187+0000] {processor.py:186} INFO - Started process (PID=2461) to work on /home/airflow/.local/lib/python3.12/site-packages/airflow/example_dags/example_branch_day_of_week_operator.py
[2026-08-06T17:56:16.189+0000] {processor.py:914} INFO - Processing file /home/airflow/.local/lib/python3.12/site-packages/airflow/example_dags/example_branch_day_of_week_operator.py for tasks to queue
[2026-08-06T17:56:16.191+0000] {logging_mixin.py:190} INFO - [2026-08-06T17:56:16.191+0000] {dagbag.py:588} INFO - Filling up the DagBag from /home/airflow/.local/lib/python3.12/site-packages/airflow/example_dags/example_branch_day_of_week_operator.py
[2026-08-06T17:56:16.199+0000] {processor.py:925} INFO - DAG(s) 'example_weekday_branch_operator' retrieved from /home/airflow/.local/lib/python3.12/site-packages/airflow/example_dags/example_branch_day_of_week_operator.py
[2026-08-06T17:56:16.218+0000] {logging_mixin.py:190} INFO - [2026-08-06T17:56:16.218+0000] {dag.py:3239} INFO - Sync 1 DAGs
[2026-08-06T17:56:16.242+0000] {logging_mixin.py:190} INFO - [2026-08-06T17:56:16.242+0000] {dag.py:4180} INFO - Setting next_dagrun for example_weekday_branch_operator to 2026-08-05 00:00:00+00:00, run_after=2026-08-06 00:00:00+00:00
[2026-08-06T17:56:16.264+0000] {processor.py:208} INFO - Processing /home/airflow/.local/lib/python3.12/site-packages/airflow/example_dags/example_branch_day_of_week_operator.py took 0.082 seconds
[2026-08-06T17:56:46.815+0000] {processor.py:186} INFO - Started process (PID=2525) to work on /home/airflow/.local/lib/python3.12/site-packages/airflow/example_dags/example_branch_day_of_week_operator.py
[2026-08-06T17:56:46.816+0000] {processor.py:914} INFO - Processing file /home/airflow/.local/lib/python3.12/site-packages/airflow/example_dags/example_branch_day_of_week_operator.py for tasks to queue
[2026-08-06T17:56:46.819+0000] {logging_mixin.py:190} INFO - [2026-08-06T17:56:46.819+0000] {dagbag.py:588} INFO - Filling up the DagBag from /home/airflow/.local/lib/python3.12/site-packages/airflow/example_dags/example_branch_day_of_week_operator.py
[2026-08-06T17:56:46.828+0000] {processor.py:925} INFO - DAG(s) 'example_weekday_branch_operator' retrieved from /home/airflow/.local/lib/python3.12/site-packages/airflow/example_dags/example_branch_day_of_week_operator.py
[2026-08-06T17:56:46.845+0000] {logging_mixin.py:190} INFO - [2026-08-06T17:56:46.845+0000] {dag.py:3239} INFO - Sync 1 DAGs
[2026-08-06T17:56:46.865+0000] {logging_mixin.py:190} INFO - [2026-08-06T17:56:46.865+0000] {dag.py:4180} INFO - Setting next_dagrun for example_weekday_branch_operator to 2026-08-05 00:00:00+00:00, run_after=2026-08-06 00:00:00+00:00
[2026-08-06T17:56:46.883+0000] {processor.py:208} INFO - Processing /home/airflow/.local/lib/python3.12/site-packages/airflow/example_dags/example_branch_day_of_week_operator.py took 0.072 seconds
[2026-08-06T17:57:17.598+0000] {processor.py:186} INFO - Started process (PID=2589) to work on /home/airflow/.local/lib/python3.12/site-packages/airflow/example_dags/example_branch_day_of_week_operator.py
[2026-08-06T17:57:17.600+0000] {processor.py:914} INFO - Processing file /home/airflow/.local/lib/python3.12/site-packages/airflow/example_dags/example_branch_day_of_week_operator.py for tasks to queue
[2026-08-06T17:57:17.603+0000] {logging_mixin.py:190} INFO - [2026-08-06T17:57:17.602+0000] {dagbag.py:588} INFO - Filling up the DagBag from /home/airflow/.local/lib/python3.12/site-packages/airflow/example_dags/example_branch_day_of_week_operator.py
[2026-08-06T17:57:17.612+0000] {processor.py:925} INFO - DAG(s) 'example_weekday_branch_operator' retrieved from /home/airflow/.local/lib/python3.12/site-packages/airflow/example_dags/example_branch_day_of_week_operator.py
[2026-08-06T17:57:17.631+0000] {logging_mixin.py:190} INFO - [2026-08-06T17:57:17.631+0000] {dag.py:3239} INFO - Sync 1 DAGs
[2026-08-06T17:57:17.653+0000] {logging_mixin.py:190} INFO - [2026-08-06T17:57:17.652+0000] {dag.py:4180} INFO - Setting next_dagrun for example_weekday_branch_operator to 2026-08-05 00:00:00+00:00, run_after=2026-08-06 00:00:00+00:00
[2026-08-06T17:57:17.672+0000] {processor.py:208} INFO - Processing /home/airflow/.local/lib/python3.12/site-packages/airflow/example_dags/example_branch_day_of_week_operator.py took 0.081 seconds
[2026-08-06T17:57:49.001+0000] {processor.py:186} INFO - Started process (PID=2653) to work on /home/airflow/.local/lib/python3.12/site-packages/airflow/example_dags/example_branch_day_of_week_operator.py
[2026-08-06T17:57:49.002+0000] {processor.py:914} INFO - Processing file /home/airflow/.local/lib/python3.12/site-packages/airflow/example_dags/example_branch_day_of_week_operator.py for tasks to queue
[2026-08-06T17:57:49.004+0000] {logging_mixin.py:190} INFO - [2026-08-06T17:57:49.004+0000] {dagbag.py:588} INFO - Filling up the DagBag from /home/airflow/.local/lib/python3.12/site-packages/airflow/example_dags/example_branch_day_of_week_operator.py
[2026-08-06T17:57:49.012+0000] {processor.py:925} INFO - DAG(s) 'example_weekday_branch_operator' retrieved from /home/airflow/.local/lib/python3.12/site-packages/airflow/example_dags/example_branch_day_of_week_operator.py
[2026-08-06T17:57:49.030+0000] {logging_mixin.py:190} INFO - [2026-08-06T17:57:49.029+0000] {dag.py:3239} INFO - Sync 1 DAGs
[2026-08-06T17:57:49.053+0000] {logging_mixin.py:190} INFO - [2026-08-06T17:57:49.053+0000] {dag.py:4180} INFO - Setting next_dagrun for example_weekday_branch_operator to 2026-08-05 00:00:00+00:00, run_after=2026-08-06 00:00:00+00:00
[2026-08-06T17:57:49.070+0000] {processor.py:208} INFO - Processing /home/airflow/.local/lib/python3.12/site-packages/airflow/example_dags/example_branch_day_of_week_operator.py took 0.073 seconds
[2026-08-06T17:58:20.300+0000] {processor.py:186} INFO - Started process (PID=2717) to work on /home/airflow/.local/lib/python3.12/site-packages/airflow/example_dags/example_branch_day_of_week_operator.py
[2026-08-06T17:58:20.301+0000] {processor.py:914} INFO - Processing file /home/airflow/.local/lib/python3.12/site-packages/airflow/example_dags/example_branch_day_of_week_operator.py for tasks to queue
[2026-08-06T17:58:20.304+0000] {logging_mixin.py:190} INFO - [2026-08-06T17:58:20.304+0000] {dagbag.py:588} INFO - Filling up the DagBag from /home/airflow/.local/lib/python3.12/site-packages/airflow/example_dags/example_branch_day_of_week_operator.py
[2026-08-06T17:58:20.318+0000] {processor.py:925} INFO - DAG(s) 'example_weekday_branch_operator' retrieved from /home/airflow/.local/lib/python3.12/site-packages/airflow/example_dags/example_branch_day_of_week_operator.py
[2026-08-06T17:58:20.342+0000] {logging_mixin.py:190} INFO - [2026-08-06T17:58:20.342+0000] {dag.py:3239} INFO - Sync 1 DAGs
[2026-08-06T17:58:20.368+0000] {logging_mixin.py:190} INFO - [2026-08-06T17:58:20.368+0000] {dag.py:4180} INFO - Setting next_dagrun for example_weekday_branch_operator to 2026-08-05 00:00:00+00:00, run_after=2026-08-06 00:00:00+00:00
[2026-08-06T17:58:20.391+0000] {processor.py:208} INFO - Processing /home/airflow/.local/lib/python3.12/site-packages/airflow/example_dags/example_branch_day_of_week_operator.py took 0.098 seconds
[2026-08-06T17:58:51.691+0000] {processor.py:186} INFO - Started process (PID=2781) to work on /home/airflow/.local/lib/python3.12/site-packages/airflow/example_dags/example_branch_day_of_week_operator.py
[2026-08-06T17:58:51.692+0000] {processor.py:914} INFO - Processing file /home/airflow/.local/lib/python3.12/site-packages/airflow/example_dags/example_branch_day_of_week_operator.py for tasks to queue
[2026-08-06T17:58:51.696+0000] {logging_mixin.py:190} INFO - [2026-08-06T17:58:51.696+0000] {dagbag.py:588} INFO - Filling up the DagBag from /home/airflow/.local/lib/python3.12/site-packages/airflow/example_dags/example_branch_day_of_week_operator.py
[2026-08-06T17:58:51.706+0000] {processor.py:925} INFO - DAG(s) 'example_weekday_branch_operator' retrieved from /home/airflow/.local/lib/python3.12/site-packages/airflow/example_dags/example_branch_day_of_week_operator.py
[2026-08-06T17:58:51.728+0000] {logging_mixin.py:190} INFO - [2026-08-06T17:58:51.727+0000] {dag.py:3239} INFO - Sync 1 DAGs
[2026-08-06T17:58:51.750+0000] {logging_mixin.py:190} INFO - [2026-08-06T17:58:51.750+0000] {dag.py:4180} INFO - Setting next_dagrun for example_weekday_branch_operator to 2026-08-05 00:00:00+00:00, run_after=2026-08-06 00:00:00+00:00
[2026-08-06T17:58:51.770+0000] {processor.py:208} INFO - Processing /home/airflow/.local/lib/python3.12/site-packages/airflow/example_dags/example_branch_day_of_week_operator.py took 0.084 seconds
[2026-08-06T17:59:22.707+0000] {processor.py:186} INFO - Started process (PID=2845) to work on /home/airflow/.local/lib/python3.12/site-packages/airflow/example_dags/example_branch_day_of_week_operator.py
[2026-08-06T17:59:22.708+0000] {processor.py:914} INFO - Processing file /home/airflow/.local/lib/python3.12/site-packages/airflow/example_dags/example_branch_day_of_week_operator.py for tasks to queue
[2026-08-06T17:59:22.711+0000] {logging_mixin.py:190} INFO - [2026-08-06T17:59:22.710+0000] {dagbag.py:588} INFO - Filling up the DagBag from /home/airflow/.local/lib/python3.12/site-packages/airflow/example_dags/example_branch_day_of_week_operator.py
[2026-08-06T17:59:22.719+0000] {processor.py:925} INFO - DAG(s) 'example_weekday_branch_operator' retrieved from /home/airflow/.local/lib/python3.12/site-packages/airflow/example_dags/example_branch_day_of_week_operator.py
[2026-08-06T17:59:22.740+0000] {logging_mixin.py:190} INFO - [2026-08-06T17:59:22.740+0000] {dag.py:3239} INFO - Sync 1 DAGs
[2026-08-06T17:59:22.763+0000] {logging_mixin.py:190} INFO - [2026-08-06T17:59:22.763+0000] {dag.py:4180} INFO - Setting next_dagrun for example_weekday_branch_operator to 2026-08-05 00:00:00+00:00, run_after=2026-08-06 00:00:00+00:00
[2026-08-06T17:59:22.782+0000] {processor.py:208} INFO - Processing /home/airflow/.local/lib/python3.12/site-packages/airflow/example_dags/example_branch_day_of_week_operator.py took 0.080 seconds
[2026-08-06T17:59:53.728+0000] {processor.py:186} INFO - Started process (PID=2909) to work on /home/airflow/.local/lib/python3.12/site-packages/airflow/example_dags/example_branch_day_of_week_operator.py
[2026-08-06T17:59:53.729+0000] {processor.py:914} INFO - Processing file /home/airflow/.local/lib/python3.12/site-packages/airflow/example_dags/example_branch_day_of_week_operator.py for tasks to queue
[2026-08-06T17:59:53.732+0000] {logging_mixin.py:190} INFO - [2026-08-06T17:59:53.731+0000] {dagbag.py:588} INFO - Filling up the DagBag from /home/airflow/.local/lib/python3.12/site-packages/airflow/example_dags/example_branch_day_of_week_operator.py
[2026-08-06T17:59:53.742+0000] {processor.py:925} INFO - DAG(s) 'example_weekday_branch_operator' retrieved from /home/airflow/.local/lib/python3.12/site-packages/airflow/example_dags/example_branch_day_of_week_operator.py
[2026-08-06T17:59:53.762+0000] {logging_mixin.py:190} INFO - [2026-08-06T17:59:53.762+0000] {dag.py:3239} INFO - Sync 1 DAGs
[2026-08-06T17:59:53.785+0000] {logging_mixin.py:190} INFO - [2026-08-06T17:59:53.785+0000] {dag.py:4180} INFO - Setting next_dagrun for example_weekday_branch_operator to 2026-08-05 00:00:00+00:00, run_after=2026-08-06 00:00:00+00:00
[2026-08-06T17:59:53.805+0000] {processor.py:208} INFO - Processing /home/airflow/.local/lib/python3.12/site-packages/airflow/example_dags/example_branch_day_of_week_operator.py took 0.082 seconds
[2026-08-06T18:00:24.582+0000] {processor.py:186} INFO - Started process (PID=2973) to work on /home/airflow/.local/lib/python3.12/site-packages/airflow/example_dags/example_branch_day_of_week_operator.py
[2026-08-06T18:00:24.583+0000] {processor.py:914} INFO - Processing file /home/airflow/.local/lib/python3.12/site-packages/airflow/example_dags/example_branch_day_of_week_operator.py for tasks to queue
[2026-08-06T18:00:24.585+0000] {logging_mixin.py:190} INFO - [2026-08-06T18:00:24.585+0000] {dagbag.py:588} INFO - Filling up the DagBag from /home/airflow/.local/lib/python3.12/site-packages/airflow/example_dags/example_branch_day_of_week_operator.py
[2026-08-06T18:00:24.595+0000] {processor.py:925} INFO - DAG(s) 'example_weekday_branch_operator' retrieved from /home/airflow/.local/lib/python3.12/site-packages/airflow/example_dags/example_branch_day_of_week_operator.py
[2026-08-06T18:00:24.615+0000] {logging_mixin.py:190} INFO - [2026-08-06T18:00:24.615+0000] {dag.py:3239} INFO - Sync 1 DAGs
[2026-08-06T18:00:24.637+0000] {logging_mixin.py:190} INFO - [2026-08-06T18:00:24.637+0000] {dag.py:4180} INFO - Setting next_dagrun for example_weekday_branch_operator to 2026-08-05 00:00:00+00:00, run_after=2026-08-06 00:00:00+00:00
[2026-08-06T18:00:24.658+0000] {processor.py:208} INFO - Processing /home/airflow/.local/lib/python3.12/site-packages/airflow/example_dags/example_branch_day_of_week_operator.py took 0.082 seconds
[2026-08-06T18:00:55.684+0000] {processor.py:186} INFO - Started process (PID=3037) to work on /home/airflow/.local/lib/python3.12/site-packages/airflow/example_dags/example_branch_day_of_week_operator.py
[2026-08-06T18:00:55.686+0000] {processor.py:914} INFO - Processing file /home/airflow/.local/lib/python3.12/site-packages/airflow/example_dags/example_branch_day_of_week_operator.py for tasks to queue
[2026-08-06T18:00:55.689+0000] {logging_mixin.py:190} INFO - [2026-08-06T18:00:55.689+0000] {dagbag.py:588} INFO - Filling up the DagBag from /home/airflow/.local/lib/python3.12/site-packages/airflow/example_dags/example_branch_day_of_week_operator.py
[2026-08-06T18:00:55.698+0000] {processor.py:925} INFO - DAG(s) 'example_weekday_branch_operator' retrieved from /home/airflow/.local/lib/python3.12/site-packages/airflow/example_dags/example_branch_day_of_week_operator.py
[2026-08-06T18:00:55.716+0000] {logging_mixin.py:190} INFO - [2026-08-06T18:00:55.715+0000] {dag.py:3239} INFO - Sync 1 DAGs
[2026-08-06T18:00:55.737+0000] {logging_mixin.py:190} INFO - [2026-08-06T18:00:55.737+0000] {dag.py:4180} INFO - Setting next_dagrun for example_weekday_branch_operator to 2026-08-05 00:00:00+00:00, run_after=2026-08-06 00:00:00+00:00
[2026-08-06T18:00:55.755+0000] {processor.py:208} INFO - Processing /home/airflow/.local/lib/python3.12/site-packages/airflow/example_dags/example_branch_day_of_week_operator.py took 0.076 seconds
[2026-08-06T18:01:26.912+0000] {processor.py:186} INFO - Started process (PID=3101) to work on /home/airflow/.local/lib/python3.12/site-packages/airflow/example_dags/example_branch_day_of_week_operator.py
[2026-08-06T18:01:26.913+0000] {processor.py:914} INFO - Processing file /home/airflow/.local/lib/python3.12/site-packages/airflow/example_dags/example_branch_day_of_week_operator.py for tasks to queue
[2026-08-06T18:01:26.917+0000] {logging_mixin.py:190} INFO - [2026-08-06T18:01:26.916+0000] {dagbag.py:588} INFO - Filling up the DagBag from /home/airflow/.local/lib/python3.12/site-packages/airflow/example_dags/example_branch_day_of_week_operator.py
[2026-08-06T18:01:26.927+0000] {processor.py:925} INFO - DAG(s) 'example_weekday_branch_operator' retrieved from /home/airflow/.local/lib/python3.12/site-packages/airflow/example_dags/example_branch_day_of_week_operator.py
[2026-08-06T18:01:26.947+0000] {logging_mixin.py:190} INFO - [2026-08-06T18:01:26.946+0000] {dag.py:3239} INFO - Sync 1 DAGs
[2026-08-06T18:01:26.971+0000] {logging_mixin.py:190} INFO - [2026-08-06T18:01:26.971+0000] {dag.py:4180} INFO - Setting next_dagrun for example_weekday_branch_operator to 2026-08-05 00:00:00+00:00, run_after=2026-08-06 00:00:00+00:00
[2026-08-06T18:01:26.993+0000] {processor.py:208} INFO - Processing /home/airflow/.local/lib/python3.12/site-packages/airflow/example_dags/example_branch_day_of_week_operator.py took 0.086 seconds
[2026-08-06T18:01:58.068+0000] {processor.py:186} INFO - Started process (PID=3165) to work on /home/airflow/.local/lib/python3.12/site-packages/airflow/example_dags/example_branch_day_of_week_operator.py
[2026-08-06T18:01:58.069+0000] {processor.py:914} INFO - Processing file /home/airflow/.local/lib/python3.12/site-packages/airflow/example_dags/example_branch_day_of_week_operator.py for tasks to queue
[2026-08-06T18:01:58.072+0000] {logging_mixin.py:190} INFO - [2026-08-06T18:01:58.072+0000] {dagbag.py:588} INFO - Filling up the DagBag from /home/airflow/.local/lib/python3.12/site-packages/airflow/example_dags/example_branch_day_of_week_operator.py
[2026-08-06T18:01:58.079+0000] {processor.py:925} INFO - DAG(s) 'example_weekday_branch_operator' retrieved from /home/airflow/.local/lib/python3.12/site-packages/airflow/example_dags/example_branch_day_of_week_operator.py
[2026-08-06T18:01:58.094+0000] {logging_mixin.py:190} INFO - [2026-08-06T18:01:58.094+0000] {dag.py:3239} INFO - Sync 1 DAGs
[2026-08-06T18:01:58.113+0000] {logging_mixin.py:190} INFO - [2026-08-06T18:01:58.113+0000] {dag.py:4180} INFO - Setting next_dagrun for example_weekday_branch_operator to 2026-08-05 00:00:00+00:00, run_after=2026-08-06 00:00:00+00:00
[2026-08-06T18:01:58.132+0000] {processor.py:208} INFO - Processing /home/airflow/.local/lib/python3.12/site-packages/airflow/example_dags/example_branch_day_of_week_operator.py took 0.069 seconds
[2026-08-06T18:02:28.887+0000] {processor.py:186} INFO - Started process (PID=3229) to work on /home/airflow/.local/lib/python3.12/site-packages/airflow/example_dags/example_branch_day_of_week_operator.py
[2026-08-06T18:02:28.888+0000] {processor.py:914} INFO - Processing file /home/airflow/.local/lib/python3.12/site-packages/airflow/example_dags/example_branch_day_of_week_operator.py for tasks to queue
[2026-08-06T18:02:28.891+0000] {logging_mixin.py:190} INFO - [2026-08-06T18:02:28.891+0000] {dagbag.py:588} INFO - Filling up the DagBag from /home/airflow/.local/lib/python3.12/site-packages/airflow/example_dags/example_branch_day_of_week_operator.py
[2026-08-06T18:02:28.901+0000] {processor.py:925} INFO - DAG(s) 'example_weekday_branch_operator' retrieved from /home/airflow/.local/lib/python3.12/site-packages/airflow/example_dags/example_branch_day_of_week_operator.py
[2026-08-06T18:02:28.919+0000] {logging_mixin.py:190} INFO - [2026-08-06T18:02:28.919+0000] {dag.py:3239} INFO - Sync 1 DAGs
[2026-08-06T18:02:28.939+0000] {logging_mixin.py:190} INFO - [2026-08-06T18:02:28.939+0000] {dag.py:4180} INFO - Setting next_dagrun for example_weekday_branch_operator to 2026-08-05 00:00:00+00:00, run_after=2026-08-06 00:00:00+00:00
[2026-08-06T18:02:28.956+0000] {processor.py:208} INFO - Processing /home/airflow/.local/lib/python3.12/site-packages/airflow/example_dags/example_branch_day_of_week_operator.py took 0.074 seconds
[2026-08-06T18:02:59.714+0000] {processor.py:186} INFO - Started process (PID=3293) to work on /home/airflow/.local/lib/python3.12/site-packages/airflow/example_dags/example_branch_day_of_week_operator.py
[2026-08-06T18:02:59.716+0000] {processor.py:914} INFO - Processing file /home/airflow/.local/lib/python3.12/site-packages/airflow/example_dags/example_branch_day_of_week_operator.py for tasks to queue
[2026-08-06T18:02:59.717+0000] {logging_mixin.py:190} INFO - [2026-08-06T18:02:59.717+0000] {dagbag.py:588} INFO - Filling up the DagBag from /home/airflow/.local/lib/python3.12/site-packages/airflow/example_dags/example_branch_day_of_week_operator.py
[2026-08-06T18:02:59.725+0000] {processor.py:925} INFO - DAG(s) 'example_weekday_branch_operator' retrieved from /home/airflow/.local/lib/python3.12/site-packages/airflow/example_dags/example_branch_day_of_week_operator.py
[2026-08-06T18:02:59.740+0000] {logging_mixin.py:190} INFO - [2026-08-06T18:02:59.740+0000] {dag.py:3239} INFO - Sync 1 DAGs
[2026-08-06T18:02:59.758+0000] {logging_mixin.py:190} INFO - [2026-08-06T18:02:59.757+0000] {dag.py:4180} INFO - Setting next_dagrun for example_weekday_branch_operator to 2026-08-05 00:00:00+00:00, run_after=2026-08-06 00:00:00+00:00
[2026-08-06T18:02:59.773+0000] {processor.py:208} INFO - Processing /home/airflow/.local/lib/python3.12/site-packages/airflow/example_dags/example_branch_day_of_week_operator.py took 0.064 seconds
[2026-08-06T18:03:30.921+0000] {processor.py:186} INFO - Started process (PID=3357) to work on /home/airflow/.local/lib/python3.12/site-packages/airflow/example_dags/example_branch_day_of_week_operator.py
[2026-08-06T18:03:30.922+0000] {processor.py:914} INFO - Processing file /home/airflow/.local/lib/python3.12/site-packages/airflow/example_dags/example_branch_day_of_week_operator.py for tasks to queue
[2026-08-06T18:03:30.925+0000] {logging_mixin.py:190} INFO - [2026-08-06T18:03:30.925+0000] {dagbag.py:588} INFO - Filling up the DagBag from /home/airflow/.local/lib/python3.12/site-packages/airflow/example_dags/example_branch_day_of_week_operator.py
[2026-08-06T18:03:30.937+0000] {processor.py:925} INFO - DAG(s) 'example_weekday_branch_operator' retrieved from /home/airflow/.local/lib/python3.12/site-packages/airflow/example_dags/example_branch_day_of_week_operator.py
[2026-08-06T18:03:30.961+0000] {logging_mixin.py:190} INFO - [2026-08-06T18:03:30.960+0000] {dag.py:3239} INFO - Sync 1 DAGs
[2026-08-06T18:03:30.986+0000] {logging_mixin.py:190} INFO - [2026-08-06T18:03:30.986+0000] {dag.py:4180} INFO - Setting next_dagrun for example_weekday_branch_operator to 2026-08-05 00:00:00+00:00, run_after=2026-08-06 00:00:00+00:00
[2026-08-06T18:03:31.013+0000] {processor.py:208} INFO - Processing /home/airflow/.local/lib/python3.12/site-packages/airflow/example_dags/example_branch_day_of_week_operator.py took 0.098 seconds
[2026-08-06T18:04:01.764+0000] {processor.py:186} INFO - Started process (PID=3421) to work on /home/airflow/.local/lib/python3.12/site-packages/airflow/example_dags/example_branch_day_of_week_operator.py
[2026-08-06T18:04:01.765+0000] {processor.py:914} INFO - Processing file /home/airflow/.local/lib/python3.12/site-packages/airflow/example_dags/example_branch_day_of_week_operator.py for tasks to queue
[2026-08-06T18:04:01.767+0000] {logging_mixin.py:190} INFO - [2026-08-06T18:04:01.767+0000] {dagbag.py:588} INFO - Filling up the DagBag from /home/airflow/.local/lib/python3.12/site-packages/airflow/example_dags/example_branch_day_of_week_operator.py
[2026-08-06T18:04:01.775+0000] {processor.py:925} INFO - DAG(s) 'example_weekday_branch_operator' retrieved from /home/airflow/.local/lib/python3.12/site-packages/airflow/example_dags/example_branch_day_of_week_operator.py
[2026-08-06T18:04:01.796+0000] {logging_mixin.py:190} INFO - [2026-08-06T18:04:01.796+0000] {dag.py:3239} INFO - Sync 1 DAGs
[2026-08-06T18:04:01.817+0000] {logging_mixin.py:190} INFO - [2026-08-06T18:04:01.817+0000] {dag.py:4180} INFO - Setting next_dagrun for example_weekday_branch_operator to 2026-08-05 00:00:00+00:00, run_after=2026-08-06 00:00:00+00:00
[2026-08-06T18:04:01.837+0000] {processor.py:208} INFO - Processing /home/airflow/.local/lib/python3.12/site-packages/airflow/example_dags/example_branch_day_of_week_operator.py took 0.079 seconds
[2026-08-06T18:04:32.830+0000] {processor.py:186} INFO - Started process (PID=3485) to work on /home/airflow/.local/lib/python3.12/site-packages/airflow/example_dags/example_branch_day_of_week_operator.py
[2026-08-06T18:04:32.831+0000] {processor.py:914} INFO - Processing file /home/airflow/.local/lib/python3.12/site-packages/airflow/example_dags/example_branch_day_of_week_operator.py for tasks to queue
[2026-08-06T18:04:32.833+0000] {logging_mixin.py:190} INFO - [2026-08-06T18:04:32.833+0000] {dagbag.py:588} INFO - Filling up the DagBag from /home/airflow/.local/lib/python3.12/site-packages/airflow/example_dags/example_branch_day_of_week_operator.py
[2026-08-06T18:04:32.842+0000] {processor.py:925} INFO - DAG(s) 'example_weekday_branch_operator' retrieved from /home/airflow/.local/lib/python3.12/site-packages/airflow/example_dags/example_branch_day_of_week_operator.py
[2026-08-06T18:04:32.857+0000] {logging_mixin.py:190} INFO - [2026-08-06T18:04:32.857+0000] {dag.py:3239} INFO - Sync 1 DAGs
[2026-08-06T18:04:32.874+0000] {logging_mixin.py:190} INFO - [2026-08-06T18:04:32.873+0000] {dag.py:4180} INFO - Setting next_dagrun for example_weekday_branch_operator to 2026-08-05 00:00:00+00:00, run_after=2026-08-06 00:00:00+00:00
[2026-08-06T18:04:32.889+0000] {processor.py:208} INFO - Processing /home/airflow/.local/lib/python3.12/site-packages/airflow/example_dags/example_branch_day_of_week_operator.py took 0.064 seconds
[2026-08-06T18:05:03.721+0000] {processor.py:186} INFO - Started process (PID=3549) to work on /home/airflow/.local/lib/python3.12/site-packages/airflow/example_dags/example_branch_day_of_week_operator.py
[2026-08-06T18:05:03.722+0000] {processor.py:914} INFO - Processing file /home/airflow/.local/lib/python3.12/site-packages/airflow/example_dags/example_branch_day_of_week_operator.py for tasks to queue
[2026-08-06T18:05:03.724+0000] {logging_mixin.py:190} INFO - [2026-08-06T18:05:03.724+0000] {dagbag.py:588} INFO - Filling up the DagBag from /home/airflow/.local/lib/python3.12/site-packages/airflow/example_dags/example_branch_day_of_week_operator.py
[2026-08-06T18:05:03.733+0000] {processor.py:925} INFO - DAG(s) 'example_weekday_branch_operator' retrieved from /home/airflow/.local/lib/python3.12/site-packages/airflow/example_dags/example_branch_day_of_week_operator.py
[2026-08-06T18:05:03.748+0000] {logging_mixin.py:190} INFO - [2026-08-06T18:05:03.748+0000] {dag.py:3239} INFO - Sync 1 DAGs
[2026-08-06T18:05:03.766+0000] {logging_mixin.py:190} INFO - [2026-08-06T18:05:03.766+0000] {dag.py:4180} INFO - Setting next_dagrun for example_weekday_branch_operator to 2026-08-05 00:00:00+00:00, run_after=2026-08-06 00:00:00+00:00
[2026-08-06T18:05:03.782+0000] {processor.py:208} INFO - Processing /home/airflow/.local/lib/python3.12/site-packages/airflow/example_dags/example_branch_day_of_week_operator.py took 0.066 seconds
[2026-08-06T18:05:34.971+0000] {processor.py:186} INFO - Started process (PID=3619) to work on /home/airflow/.local/lib/python3.12/site-packages/airflow/example_dags/example_branch_day_of_week_operator.py
[2026-08-06T18:05:34.972+0000] {processor.py:914} INFO - Processing file /home/airflow/.local/lib/python3.12/site-packages/airflow/example_dags/example_branch_day_of_week_operator.py for tasks to queue
[2026-08-06T18:05:34.975+0000] {logging_mixin.py:190} INFO - [2026-08-06T18:05:34.974+0000] {dagbag.py:588} INFO - Filling up the DagBag from /home/airflow/.local/lib/python3.12/site-packages/airflow/example_dags/example_branch_day_of_week_operator.py
[2026-08-06T18:05:34.986+0000] {processor.py:925} INFO - DAG(s) 'example_weekday_branch_operator' retrieved from /home/airflow/.local/lib/python3.12/site-packages/airflow/example_dags/example_branch_day_of_week_operator.py
[2026-08-06T18:05:35.010+0000] {logging_mixin.py:190} INFO - [2026-08-06T18:05:35.010+0000] {dag.py:3239} INFO - Sync 1 DAGs
[2026-08-06T18:05:35.032+0000] {logging_mixin.py:190} INFO - [2026-08-06T18:05:35.032+0000] {dag.py:4180} INFO - Setting next_dagrun for example_weekday_branch_operator to 2026-08-05 00:00:00+00:00, run_after=2026-08-06 00:00:00+00:00
[2026-08-06T18:05:35.052+0000] {processor.py:208} INFO - Processing /home/airflow/.local/lib/python3.12/site-packages/airflow/example_dags/example_branch_day_of_week_operator.py took 0.087 seconds
[2026-08-06T18:06:06.285+0000] {processor.py:186} INFO - Started process (PID=3683) to work on /home/airflow/.local/lib/python3.12/site-packages/airflow/example_dags/example_branch_day_of_week_operator.py
[2026-08-06T18:06:06.287+0000] {processor.py:914} INFO - Processing file /home/airflow/.local/lib/python3.12/site-packages/airflow/example_dags/example_branch_day_of_week_operator.py for tasks to queue
[2026-08-06T18:06:06.291+0000] {logging_mixin.py:190} INFO - [2026-08-06T18:06:06.290+0000] {dagbag.py:588} INFO - Filling up the DagBag from /home/airflow/.local/lib/python3.12/site-packages/airflow/example_dags/example_branch_day_of_week_operator.py
[2026-08-06T18:06:06.303+0000] {processor.py:925} INFO - DAG(s) 'example_weekday_branch_operator' retrieved from /home/airflow/.local/lib/python3.12/site-packages/airflow/example_dags/example_branch_day_of_week_operator.py
[2026-08-06T18:06:06.323+0000] {logging_mixin.py:190} INFO - [2026-08-06T18:06:06.323+0000] {dag.py:3239} INFO - Sync 1 DAGs
[2026-08-06T18:06:06.345+0000] {logging_mixin.py:190} INFO - [2026-08-06T18:06:06.345+0000] {dag.py:4180} INFO - Setting next_dagrun for example_weekday_branch_operator to 2026-08-05 00:00:00+00:00, run_after=2026-08-06 00:00:00+00:00
[2026-08-06T18:06:06.363+0000] {processor.py:208} INFO - Processing /home/airflow/.local/lib/python3.12/site-packages/airflow/example_dags/example_branch_day_of_week_operator.py took 0.083 seconds
[2026-08-06T18:06:37.182+0000] {processor.py:186} INFO - Started process (PID=3747) to work on /home/airflow/.local/lib/python3.12/site-packages/airflow/example_dags/example_branch_day_of_week_operator.py
[2026-08-06T18:06:37.184+0000] {processor.py:914} INFO - Processing file /home/airflow/.local/lib/python3.12/site-packages/airflow/example_dags/example_branch_day_of_week_operator.py for tasks to queue
[2026-08-06T18:06:37.188+0000] {logging_mixin.py:190} INFO - [2026-08-06T18:06:37.187+0000] {dagbag.py:588} INFO - Filling up the DagBag from /home/airflow/.local/lib/python3.12/site-packages/airflow/example_dags/example_branch_day_of_week_operator.py
[2026-08-06T18:06:37.202+0000] {processor.py:925} INFO - DAG(s) 'example_weekday_branch_operator' retrieved from /home/airflow/.local/lib/python3.12/site-packages/airflow/example_dags/example_branch_day_of_week_operator.py
[2026-08-06T18:06:37.226+0000] {logging_mixin.py:190} INFO - [2026-08-06T18:06:37.225+0000] {dag.py:3239} INFO - Sync 1 DAGs
[2026-08-06T18:06:37.254+0000] {logging_mixin.py:190} INFO - [2026-08-06T18:06:37.254+0000] {dag.py:4180} INFO - Setting next_dagrun for example_weekday_branch_operator to 2026-08-05 00:00:00+00:00, run_after=2026-08-06 00:00:00+00:00
[2026-08-06T18:06:37.281+0000] {processor.py:208} INFO - Processing /home/airflow/.local/lib/python3.12/site-packages/airflow/example_dags/example_branch_day_of_week_operator.py took 0.104 seconds
[2026-08-06T18:07:08.507+0000] {processor.py:186} INFO - Started process (PID=3811) to work on /home/airflow/.local/lib/python3.12/site-packages/airflow/example_dags/example_branch_day_of_week_operator.py
[2026-08-06T18:07:08.509+0000] {processor.py:914} INFO - Processing file /home/airflow/.local/lib/python3.12/site-packages/airflow/example_dags/example_branch_day_of_week_operator.py for tasks to queue
[2026-08-06T18:07:08.511+0000] {logging_mixin.py:190} INFO - [2026-08-06T18:07:08.511+0000] {dagbag.py:588} INFO - Filling up the DagBag from /home/airflow/.local/lib/python3.12/site-packages/airflow/example_dags/example_branch_day_of_week_operator.py
[2026-08-06T18:07:08.521+0000] {processor.py:925} INFO - DAG(s) 'example_weekday_branch_operator' retrieved from /home/airflow/.local/lib/python3.12/site-packages/airflow/example_dags/example_branch_day_of_week_operator.py
[2026-08-06T18:07:08.544+0000] {logging_mixin.py:190} INFO - [2026-08-06T18:07:08.543+0000] {dag.py:3239} INFO - Sync 1 DAGs
[2026-08-06T18:07:08.568+0000] {logging_mixin.py:190} INFO - [2026-08-06T18:07:08.568+0000] {dag.py:4180} INFO - Setting next_dagrun for example_weekday_branch_operator to 2026-08-05 00:00:00+00:00, run_after=2026-08-06 00:00:00+00:00
[2026-08-06T18:07:08.589+0000] {processor.py:208} INFO - Processing /home/airflow/.local/lib/python3.12/site-packages/airflow/example_dags/example_branch_day_of_week_operator.py took 0.087 seconds
[2026-08-06T18:07:39.698+0000] {processor.py:186} INFO - Started process (PID=3875) to work on /home/airflow/.local/lib/python3.12/site-packages/airflow/example_dags/example_branch_day_of_week_operator.py
[2026-08-06T18:07:39.700+0000] {processor.py:914} INFO - Processing file /home/airflow/.local/lib/python3.12/site-packages/airflow/example_dags/example_branch_day_of_week_operator.py for tasks to queue
[2026-08-06T18:07:39.702+0000] {logging_mixin.py:190} INFO - [2026-08-06T18:07:39.702+0000] {dagbag.py:588} INFO - Filling up the DagBag from /home/airflow/.local/lib/python3.12/site-packages/airflow/example_dags/example_branch_day_of_week_operator.py
[2026-08-06T18:07:39.710+0000] {processor.py:925} INFO - DAG(s) 'example_weekday_branch_operator' retrieved from /home/airflow/.local/lib/python3.12/site-packages/airflow/example_dags/example_branch_day_of_week_operator.py
[2026-08-06T18:07:39.728+0000] {logging_mixin.py:190} INFO - [2026-08-06T18:07:39.728+0000] {dag.py:3239} INFO - Sync 1 DAGs
[2026-08-06T18:07:39.746+0000] {logging_mixin.py:190} INFO - [2026-08-06T18:07:39.746+0000] {dag.py:4180} INFO - Setting next_dagrun for example_weekday_branch_operator to 2026-08-05 00:00:00+00:00, run_after=2026-08-06 00:00:00+00:00
[2026-08-06T18:07:39.764+0000] {processor.py:208} INFO - Processing /home/airflow/.local/lib/python3.12/site-packages/airflow/example_dags/example_branch_day_of_week_operator.py took 0.071 seconds
[2026-08-06T18:08:10.229+0000] {processor.py:186} INFO - Started process (PID=3939) to work on /home/airflow/.local/lib/python3.12/site-packages/airflow/example_dags/example_branch_day_of_week_operator.py
[2026-08-06T18:08:10.230+0000] {processor.py:914} INFO - Processing file /home/airflow/.local/lib/python3.12/site-packages/airflow/example_dags/example_branch_day_of_week_operator.py for tasks to queue
[2026-08-06T18:08:10.233+0000] {logging_mixin.py:190} INFO - [2026-08-06T18:08:10.232+0000] {dagbag.py:588} INFO - Filling up the DagBag from /home/airflow/.local/lib/python3.12/site-packages/airflow/example_dags/example_branch_day_of_week_operator.py
[2026-08-06T18:08:10.241+0000] {processor.py:925} INFO - DAG(s) 'example_weekday_branch_operator' retrieved from /home/airflow/.local/lib/python3.12/site-packages/airflow/example_dags/example_branch_day_of_week_operator.py
[2026-08-06T18:08:10.257+0000] {logging_mixin.py:190} INFO - [2026-08-06T18:08:10.257+0000] {dag.py:3239} INFO - Sync 1 DAGs
[2026-08-06T18:08:10.278+0000] {logging_mixin.py:190} INFO - [2026-08-06T18:08:10.277+0000] {dag.py:4180} INFO - Setting next_dagrun for example_weekday_branch_operator to 2026-08-05 00:00:00+00:00, run_after=2026-08-06 00:00:00+00:00
[2026-08-06T18:08:10.297+0000] {processor.py:208} INFO - Processing /home/airflow/.local/lib/python3.12/site-packages/airflow/example_dags/example_branch_day_of_week_operator.py took 0.073 seconds
[2026-08-06T18:08:41.393+0000] {processor.py:186} INFO - Started process (PID=4003) to work on /home/airflow/.local/lib/python3.12/site-packages/airflow/example_dags/example_branch_day_of_week_operator.py
[2026-08-06T18:08:41.395+0000] {processor.py:914} INFO - Processing file /home/airflow/.local/lib/python3.12/site-packages/airflow/example_dags/example_branch_day_of_week_operator.py for tasks to queue
[2026-08-06T18:08:41.400+0000] {logging_mixin.py:190} INFO - [2026-08-06T18:08:41.400+0000] {dagbag.py:588} INFO - Filling up the DagBag from /home/airflow/.local/lib/python3.12/site-packages/airflow/example_dags/example_branch_day_of_week_operator.py
[2026-08-06T18:08:41.411+0000] {processor.py:925} INFO - DAG(s) 'example_weekday_branch_operator' retrieved from /home/airflow/.local/lib/python3.12/site-packages/airflow/example_dags/example_branch_day_of_week_operator.py
[2026-08-06T18:08:41.434+0000] {logging_mixin.py:190} INFO - [2026-08-06T18:08:41.433+0000] {dag.py:3239} INFO - Sync 1 DAGs
[2026-08-06T18:08:41.455+0000] {logging_mixin.py:190} INFO - [2026-08-06T18:08:41.455+0000] {dag.py:4180} INFO - Setting next_dagrun for example_weekday_branch_operator to 2026-08-05 00:00:00+00:00, run_after=2026-08-06 00:00:00+00:00
[2026-08-06T18:08:41.476+0000] {processor.py:208} INFO - Processing /home/airflow/.local/lib/python3.12/site-packages/airflow/example_dags/example_branch_day_of_week_operator.py took 0.091 seconds
[2026-08-06T18:09:14.783+0000] {processor.py:186} INFO - Started process (PID=4067) to work on /home/airflow/.local/lib/python3.12/site-packages/airflow/example_dags/example_branch_day_of_week_operator.py
[2026-08-06T18:09:14.787+0000] {processor.py:914} INFO - Processing file /home/airflow/.local/lib/python3.12/site-packages/airflow/example_dags/example_branch_day_of_week_operator.py for tasks to queue
[2026-08-06T18:09:14.798+0000] {logging_mixin.py:190} INFO - [2026-08-06T18:09:14.797+0000] {dagbag.py:588} INFO - Filling up the DagBag from /home/airflow/.local/lib/python3.12/site-packages/airflow/example_dags/example_branch_day_of_week_operator.py
[2026-08-06T18:09:14.834+0000] {processor.py:925} INFO - DAG(s) 'example_weekday_branch_operator' retrieved from /home/airflow/.local/lib/python3.12/site-packages/airflow/example_dags/example_branch_day_of_week_operator.py
[2026-08-06T18:09:14.910+0000] {logging_mixin.py:190} INFO - [2026-08-06T18:09:14.909+0000] {dag.py:3239} INFO - Sync 1 DAGs
[2026-08-06T18:09:14.990+0000] {logging_mixin.py:190} INFO - [2026-08-06T18:09:14.990+0000] {dag.py:4180} INFO - Setting next_dagrun for example_weekday_branch_operator to 2026-08-05 00:00:00+00:00, run_after=2026-08-06 00:00:00+00:00
[2026-08-06T18:09:15.051+0000] {processor.py:208} INFO - Processing /home/airflow/.local/lib/python3.12/site-packages/airflow/example_dags/example_branch_day_of_week_operator.py took 0.290 seconds
[2026-08-06T18:09:45.168+0000] {processor.py:186} INFO - Started process (PID=4131) to work on /home/airflow/.local/lib/python3.12/site-packages/airflow/example_dags/example_branch_day_of_week_operator.py
[2026-08-06T18:09:45.169+0000] {processor.py:914} INFO - Processing file /home/airflow/.local/lib/python3.12/site-packages/airflow/example_dags/example_branch_day_of_week_operator.py for tasks to queue
[2026-08-06T18:09:45.171+0000] {logging_mixin.py:190} INFO - [2026-08-06T18:09:45.171+0000] {dagbag.py:588} INFO - Filling up the DagBag from /home/airflow/.local/lib/python3.12/site-packages/airflow/example_dags/example_branch_day_of_week_operator.py
[2026-08-06T18:09:45.179+0000] {processor.py:925} INFO - DAG(s) 'example_weekday_branch_operator' retrieved from /home/airflow/.local/lib/python3.12/site-packages/airflow/example_dags/example_branch_day_of_week_operator.py
[2026-08-06T18:09:45.192+0000] {logging_mixin.py:190} INFO - [2026-08-06T18:09:45.192+0000] {dag.py:3239} INFO - Sync 1 DAGs
[2026-08-06T18:09:45.209+0000] {logging_mixin.py:190} INFO - [2026-08-06T18:09:45.208+0000] {dag.py:4180} INFO - Setting next_dagrun for example_weekday_branch_operator to 2026-08-05 00:00:00+00:00, run_after=2026-08-06 00:00:00+00:00
[2026-08-06T18:09:45.222+0000] {processor.py:208} INFO - Processing /home/airflow/.local/lib/python3.12/site-packages/airflow/example_dags/example_branch_day_of_week_operator.py took 0.059 seconds
[2026-08-06T18:10:16.434+0000] {processor.py:186} INFO - Started process (PID=4195) to work on /home/airflow/.local/lib/python3.12/site-packages/airflow/example_dags/example_branch_day_of_week_operator.py
[2026-08-06T18:10:16.435+0000] {processor.py:914} INFO - Processing file /home/airflow/.local/lib/python3.12/site-packages/airflow/example_dags/example_branch_day_of_week_operator.py for tasks to queue
[2026-08-06T18:10:16.439+0000] {logging_mixin.py:190} INFO - [2026-08-06T18:10:16.438+0000] {dagbag.py:588} INFO - Filling up the DagBag from /home/airflow/.local/lib/python3.12/site-packages/airflow/example_dags/example_branch_day_of_week_operator.py
[2026-08-06T18:10:16.452+0000] {processor.py:925} INFO - DAG(s) 'example_weekday_branch_operator' retrieved from /home/airflow/.local/lib/python3.12/site-packages/airflow/example_dags/example_branch_day_of_week_operator.py
[2026-08-06T18:10:16.482+0000] {logging_mixin.py:190} INFO - [2026-08-06T18:10:16.482+0000] {dag.py:3239} INFO - Sync 1 DAGs
[2026-08-06T18:10:16.504+0000] {logging_mixin.py:190} INFO - [2026-08-06T18:10:16.504+0000] {dag.py:4180} INFO - Setting next_dagrun for example_weekday_branch_operator to 2026-08-05 00:00:00+00:00, run_after=2026-08-06 00:00:00+00:00
[2026-08-06T18:10:16.525+0000] {processor.py:208} INFO - Processing /home/airflow/.local/lib/python3.12/site-packages/airflow/example_dags/example_branch_day_of_week_operator.py took 0.098 seconds
[2026-08-06T18:10:48.258+0000] {processor.py:186} INFO - Started process (PID=4261) to work on /home/airflow/.local/lib/python3.12/site-packages/airflow/example_dags/example_branch_day_of_week_operator.py
[2026-08-06T18:10:48.260+0000] {processor.py:914} INFO - Processing file /home/airflow/.local/lib/python3.12/site-packages/airflow/example_dags/example_branch_day_of_week_operator.py for tasks to queue
[2026-08-06T18:10:48.262+0000] {logging_mixin.py:190} INFO - [2026-08-06T18:10:48.262+0000] {dagbag.py:588} INFO - Filling up the DagBag from /home/airflow/.local/lib/python3.12/site-packages/airflow/example_dags/example_branch_day_of_week_operator.py
[2026-08-06T18:10:48.269+0000] {processor.py:925} INFO - DAG(s) 'example_weekday_branch_operator' retrieved from /home/airflow/.local/lib/python3.12/site-packages/airflow/example_dags/example_branch_day_of_week_operator.py
[2026-08-06T18:10:48.288+0000] {logging_mixin.py:190} INFO - [2026-08-06T18:10:48.288+0000] {dag.py:3239} INFO - Sync 1 DAGs
[2026-08-06T18:10:48.447+0000] {logging_mixin.py:190} INFO - [2026-08-06T18:10:48.447+0000] {dag.py:4180} INFO - Setting next_dagrun for example_weekday_branch_operator to 2026-08-05 00:00:00+00:00, run_after=2026-08-06 00:00:00+00:00
[2026-08-06T18:10:48.463+0000] {processor.py:208} INFO - Processing /home/airflow/.local/lib/python3.12/site-packages/airflow/example_dags/example_branch_day_of_week_operator.py took 0.209 seconds
[2026-08-06T18:11:18.721+0000] {processor.py:186} INFO - Started process (PID=4325) to work on /home/airflow/.local/lib/python3.12/site-packages/airflow/example_dags/example_branch_day_of_week_operator.py
[2026-08-06T18:11:18.723+0000] {processor.py:914} INFO - Processing file /home/airflow/.local/lib/python3.12/site-packages/airflow/example_dags/example_branch_day_of_week_operator.py for tasks to queue
[2026-08-06T18:11:18.725+0000] {logging_mixin.py:190} INFO - [2026-08-06T18:11:18.725+0000] {dagbag.py:588} INFO - Filling up the DagBag from /home/airflow/.local/lib/python3.12/site-packages/airflow/example_dags/example_branch_day_of_week_operator.py
[2026-08-06T18:11:18.733+0000] {processor.py:925} INFO - DAG(s) 'example_weekday_branch_operator' retrieved from /home/airflow/.local/lib/python3.12/site-packages/airflow/example_dags/example_branch_day_of_week_operator.py
[2026-08-06T18:11:18.749+0000] {logging_mixin.py:190} INFO - [2026-08-06T18:11:18.749+0000] {dag.py:3239} INFO - Sync 1 DAGs
[2026-08-06T18:11:18.768+0000] {logging_mixin.py:190} INFO - [2026-08-06T18:11:18.768+0000] {dag.py:4180} INFO - Setting next_dagrun for example_weekday_branch_operator to 2026-08-05 00:00:00+00:00, run_after=2026-08-06 00:00:00+00:00
[2026-08-06T18:11:18.786+0000] {processor.py:208} INFO - Processing /home/airflow/.local/lib/python3.12/site-packages/airflow/example_dags/example_branch_day_of_week_operator.py took 0.069 seconds
[2026-08-06T18:11:49.784+0000] {processor.py:186} INFO - Started process (PID=4392) to work on /home/airflow/.local/lib/python3.12/site-packages/airflow/example_dags/example_branch_day_of_week_operator.py
[2026-08-06T18:11:49.785+0000] {processor.py:914} INFO - Processing file /home/airflow/.local/lib/python3.12/site-packages/airflow/example_dags/example_branch_day_of_week_operator.py for tasks to queue
[2026-08-06T18:11:49.788+0000] {logging_mixin.py:190} INFO - [2026-08-06T18:11:49.787+0000] {dagbag.py:588} INFO - Filling up the DagBag from /home/airflow/.local/lib/python3.12/site-packages/airflow/example_dags/example_branch_day_of_week_operator.py
[2026-08-06T18:11:49.796+0000] {processor.py:925} INFO - DAG(s) 'example_weekday_branch_operator' retrieved from /home/airflow/.local/lib/python3.12/site-packages/airflow/example_dags/example_branch_day_of_week_operator.py
[2026-08-06T18:11:49.815+0000] {logging_mixin.py:190} INFO - [2026-08-06T18:11:49.815+0000] {dag.py:3239} INFO - Sync 1 DAGs
[2026-08-06T18:11:49.836+0000] {logging_mixin.py:190} INFO - [2026-08-06T18:11:49.835+0000] {dag.py:4180} INFO - Setting next_dagrun for example_weekday_branch_operator to 2026-08-05 00:00:00+00:00, run_after=2026-08-06 00:00:00+00:00
[2026-08-06T18:11:49.855+0000] {processor.py:208} INFO - Processing /home/airflow/.local/lib/python3.12/site-packages/airflow/example_dags/example_branch_day_of_week_operator.py took 0.076 seconds
[2026-08-06T18:12:20.360+0000] {processor.py:186} INFO - Started process (PID=4456) to work on /home/airflow/.local/lib/python3.12/site-packages/airflow/example_dags/example_branch_day_of_week_operator.py
[2026-08-06T18:12:20.361+0000] {processor.py:914} INFO - Processing file /home/airflow/.local/lib/python3.12/site-packages/airflow/example_dags/example_branch_day_of_week_operator.py for tasks to queue
[2026-08-06T18:12:20.365+0000] {logging_mixin.py:190} INFO - [2026-08-06T18:12:20.364+0000] {dagbag.py:588} INFO - Filling up the DagBag from /home/airflow/.local/lib/python3.12/site-packages/airflow/example_dags/example_branch_day_of_week_operator.py
[2026-08-06T18:12:20.376+0000] {processor.py:925} INFO - DAG(s) 'example_weekday_branch_operator' retrieved from /home/airflow/.local/lib/python3.12/site-packages/airflow/example_dags/example_branch_day_of_week_operator.py
[2026-08-06T18:12:20.398+0000] {logging_mixin.py:190} INFO - [2026-08-06T18:12:20.398+0000] {dag.py:3239} INFO - Sync 1 DAGs
[2026-08-06T18:12:20.420+0000] {logging_mixin.py:190} INFO - [2026-08-06T18:12:20.420+0000] {dag.py:4180} INFO - Setting next_dagrun for example_weekday_branch_operator to 2026-08-05 00:00:00+00:00, run_after=2026-08-06 00:00:00+00:00
[2026-08-06T18:12:20.438+0000] {processor.py:208} INFO - Processing /home/airflow/.local/lib/python3.12/site-packages/airflow/example_dags/example_branch_day_of_week_operator.py took 0.083 seconds
[2026-08-06T18:12:50.969+0000] {processor.py:186} INFO - Started process (PID=4520) to work on /home/airflow/.local/lib/python3.12/site-packages/airflow/example_dags/example_branch_day_of_week_operator.py
[2026-08-06T18:12:50.970+0000] {processor.py:914} INFO - Processing file /home/airflow/.local/lib/python3.12/site-packages/airflow/example_dags/example_branch_day_of_week_operator.py for tasks to queue
[2026-08-06T18:12:50.972+0000] {logging_mixin.py:190} INFO - [2026-08-06T18:12:50.972+0000] {dagbag.py:588} INFO - Filling up the DagBag from /home/airflow/.local/lib/python3.12/site-packages/airflow/example_dags/example_branch_day_of_week_operator.py
[2026-08-06T18:12:50.981+0000] {processor.py:925} INFO - DAG(s) 'example_weekday_branch_operator' retrieved from /home/airflow/.local/lib/python3.12/site-packages/airflow/example_dags/example_branch_day_of_week_operator.py
[2026-08-06T18:12:50.998+0000] {logging_mixin.py:190} INFO - [2026-08-06T18:12:50.998+0000] {dag.py:3239} INFO - Sync 1 DAGs
[2026-08-06T18:12:51.018+0000] {logging_mixin.py:190} INFO - [2026-08-06T18:12:51.018+0000] {dag.py:4180} INFO - Setting next_dagrun for example_weekday_branch_operator to 2026-08-05 00:00:00+00:00, run_after=2026-08-06 00:00:00+00:00
[2026-08-06T18:12:51.035+0000] {processor.py:208} INFO - Processing /home/airflow/.local/lib/python3.12/site-packages/airflow/example_dags/example_branch_day_of_week_operator.py took 0.071 seconds
[2026-08-06T18:13:22.619+0000] {processor.py:186} INFO - Started process (PID=4584) to work on /home/airflow/.local/lib/python3.12/site-packages/airflow/example_dags/example_branch_day_of_week_operator.py
[2026-08-06T18:13:22.620+0000] {processor.py:914} INFO - Processing file /home/airflow/.local/lib/python3.12/site-packages/airflow/example_dags/example_branch_day_of_week_operator.py for tasks to queue
[2026-08-06T18:13:22.624+0000] {logging_mixin.py:190} INFO - [2026-08-06T18:13:22.624+0000] {dagbag.py:588} INFO - Filling up the DagBag from /home/airflow/.local/lib/python3.12/site-packages/airflow/example_dags/example_branch_day_of_week_operator.py
[2026-08-06T18:13:22.634+0000] {processor.py:925} INFO - DAG(s) 'example_weekday_branch_operator' retrieved from /home/airflow/.local/lib/python3.12/site-packages/airflow/example_dags/example_branch_day_of_week_operator.py
[2026-08-06T18:13:22.657+0000] {logging_mixin.py:190} INFO - [2026-08-06T18:13:22.656+0000] {dag.py:3239} INFO - Sync 1 DAGs
[2026-08-06T18:13:22.681+0000] {logging_mixin.py:190} INFO - [2026-08-06T18:13:22.680+0000] {dag.py:4180} INFO - Setting next_dagrun for example_weekday_branch_operator to 2026-08-05 00:00:00+00:00, run_after=2026-08-06 00:00:00+00:00
[2026-08-06T18:13:22.703+0000] {processor.py:208} INFO - Processing /home/airflow/.local/lib/python3.12/site-packages/airflow/example_dags/example_branch_day_of_week_operator.py took 0.089 seconds
[2026-08-06T18:13:53.099+0000] {processor.py:186} INFO - Started process (PID=4649) to work on /home/airflow/.local/lib/python3.12/site-packages/airflow/example_dags/example_branch_day_of_week_operator.py
[2026-08-06T18:13:53.100+0000] {processor.py:914} INFO - Processing file /home/airflow/.local/lib/python3.12/site-packages/airflow/example_dags/example_branch_day_of_week_operator.py for tasks to queue
[2026-08-06T18:13:53.104+0000] {logging_mixin.py:190} INFO - [2026-08-06T18:13:53.104+0000] {dagbag.py:588} INFO - Filling up the DagBag from /home/airflow/.local/lib/python3.12/site-packages/airflow/example_dags/example_branch_day_of_week_operator.py
[2026-08-06T18:13:53.116+0000] {processor.py:925} INFO - DAG(s) 'example_weekday_branch_operator' retrieved from /home/airflow/.local/lib/python3.12/site-packages/airflow/example_dags/example_branch_day_of_week_operator.py
[2026-08-06T18:13:53.135+0000] {logging_mixin.py:190} INFO - [2026-08-06T18:13:53.135+0000] {dag.py:3239} INFO - Sync 1 DAGs
[2026-08-06T18:13:53.160+0000] {logging_mixin.py:190} INFO - [2026-08-06T18:13:53.160+0000] {dag.py:4180} INFO - Setting next_dagrun for example_weekday_branch_operator to 2026-08-05 00:00:00+00:00, run_after=2026-08-06 00:00:00+00:00
[2026-08-06T18:13:53.186+0000] {processor.py:208} INFO - Processing /home/airflow/.local/lib/python3.12/site-packages/airflow/example_dags/example_branch_day_of_week_operator.py took 0.093 seconds
[2026-08-06T18:14:24.164+0000] {processor.py:186} INFO - Started process (PID=4718) to work on /home/airflow/.local/lib/python3.12/site-packages/airflow/example_dags/example_branch_day_of_week_operator.py
[2026-08-06T18:14:24.166+0000] {processor.py:914} INFO - Processing file /home/airflow/.local/lib/python3.12/site-packages/airflow/example_dags/example_branch_day_of_week_operator.py for tasks to queue
[2026-08-06T18:14:24.168+0000] {logging_mixin.py:190} INFO - [2026-08-06T18:14:24.167+0000] {dagbag.py:588} INFO - Filling up the DagBag from /home/airflow/.local/lib/python3.12/site-packages/airflow/example_dags/example_branch_day_of_week_operator.py
[2026-08-06T18:14:24.175+0000] {processor.py:925} INFO - DAG(s) 'example_weekday_branch_operator' retrieved from /home/airflow/.local/lib/python3.12/site-packages/airflow/example_dags/example_branch_day_of_week_operator.py
[2026-08-06T18:14:24.191+0000] {logging_mixin.py:190} INFO - [2026-08-06T18:14:24.190+0000] {dag.py:3239} INFO - Sync 1 DAGs
[2026-08-06T18:14:24.209+0000] {logging_mixin.py:190} INFO - [2026-08-06T18:14:24.209+0000] {dag.py:4180} INFO - Setting next_dagrun for example_weekday_branch_operator to 2026-08-05 00:00:00+00:00, run_after=2026-08-06 00:00:00+00:00
[2026-08-06T18:14:24.224+0000] {processor.py:208} INFO - Processing /home/airflow/.local/lib/python3.12/site-packages/airflow/example_dags/example_branch_day_of_week_operator.py took 0.064 seconds
[2026-08-06T18:14:55.023+0000] {processor.py:186} INFO - Started process (PID=4782) to work on /home/airflow/.local/lib/python3.12/site-packages/airflow/example_dags/example_branch_day_of_week_operator.py
[2026-08-06T18:14:55.024+0000] {processor.py:914} INFO - Processing file /home/airflow/.local/lib/python3.12/site-packages/airflow/example_dags/example_branch_day_of_week_operator.py for tasks to queue
[2026-08-06T18:14:55.029+0000] {logging_mixin.py:190} INFO - [2026-08-06T18:14:55.028+0000] {dagbag.py:588} INFO - Filling up the DagBag from /home/airflow/.local/lib/python3.12/site-packages/airflow/example_dags/example_branch_day_of_week_operator.py
[2026-08-06T18:14:55.041+0000] {processor.py:925} INFO - DAG(s) 'example_weekday_branch_operator' retrieved from /home/airflow/.local/lib/python3.12/site-packages/airflow/example_dags/example_branch_day_of_week_operator.py
[2026-08-06T18:14:55.070+0000] {logging_mixin.py:190} INFO - [2026-08-06T18:14:55.070+0000] {dag.py:3239} INFO - Sync 1 DAGs
[2026-08-06T18:14:55.094+0000] {logging_mixin.py:190} INFO - [2026-08-06T18:14:55.094+0000] {dag.py:4180} INFO - Setting next_dagrun for example_weekday_branch_operator to 2026-08-05 00:00:00+00:00, run_after=2026-08-06 00:00:00+00:00
[2026-08-06T18:14:55.118+0000] {processor.py:208} INFO - Processing /home/airflow/.local/lib/python3.12/site-packages/airflow/example_dags/example_branch_day_of_week_operator.py took 0.101 seconds
[2026-08-06T18:15:25.551+0000] {processor.py:186} INFO - Started process (PID=4846) to work on /home/airflow/.local/lib/python3.12/site-packages/airflow/example_dags/example_branch_day_of_week_operator.py
[2026-08-06T18:15:25.552+0000] {processor.py:914} INFO - Processing file /home/airflow/.local/lib/python3.12/site-packages/airflow/example_dags/example_branch_day_of_week_operator.py for tasks to queue
[2026-08-06T18:15:25.554+0000] {logging_mixin.py:190} INFO - [2026-08-06T18:15:25.553+0000] {dagbag.py:588} INFO - Filling up the DagBag from /home/airflow/.local/lib/python3.12/site-packages/airflow/example_dags/example_branch_day_of_week_operator.py
[2026-08-06T18:15:25.564+0000] {processor.py:925} INFO - DAG(s) 'example_weekday_branch_operator' retrieved from /home/airflow/.local/lib/python3.12/site-packages/airflow/example_dags/example_branch_day_of_week_operator.py
[2026-08-06T18:15:25.581+0000] {logging_mixin.py:190} INFO - [2026-08-06T18:15:25.581+0000] {dag.py:3239} INFO - Sync 1 DAGs
[2026-08-06T18:15:25.601+0000] {logging_mixin.py:190} INFO - [2026-08-06T18:15:25.600+0000] {dag.py:4180} INFO - Setting next_dagrun for example_weekday_branch_operator to 2026-08-05 00:00:00+00:00, run_after=2026-08-06 00:00:00+00:00
[2026-08-06T18:15:25.619+0000] {processor.py:208} INFO - Processing /home/airflow/.local/lib/python3.12/site-packages/airflow/example_dags/example_branch_day_of_week_operator.py took 0.073 seconds
[2026-08-06T18:15:56.380+0000] {processor.py:186} INFO - Started process (PID=4910) to work on /home/airflow/.local/lib/python3.12/site-packages/airflow/example_dags/example_branch_day_of_week_operator.py
[2026-08-06T18:15:56.381+0000] {processor.py:914} INFO - Processing file /home/airflow/.local/lib/python3.12/site-packages/airflow/example_dags/example_branch_day_of_week_operator.py for tasks to queue
[2026-08-06T18:15:56.384+0000] {logging_mixin.py:190} INFO - [2026-08-06T18:15:56.384+0000] {dagbag.py:588} INFO - Filling up the DagBag from /home/airflow/.local/lib/python3.12/site-packages/airflow/example_dags/example_branch_day_of_week_operator.py
[2026-08-06T18:15:56.394+0000] {processor.py:925} INFO - DAG(s) 'example_weekday_branch_operator' retrieved from /home/airflow/.local/lib/python3.12/site-packages/airflow/example_dags/example_branch_day_of_week_operator.py
[2026-08-06T18:15:56.419+0000] {logging_mixin.py:190} INFO - [2026-08-06T18:15:56.418+0000] {dag.py:3239} INFO - Sync 1 DAGs
[2026-08-06T18:15:56.443+0000] {logging_mixin.py:190} INFO - [2026-08-06T18:15:56.443+0000] {dag.py:4180} INFO - Setting next_dagrun for example_weekday_branch_operator to 2026-08-05 00:00:00+00:00, run_after=2026-08-06 00:00:00+00:00
[2026-08-06T18:15:56.469+0000] {processor.py:208} INFO - Processing /home/airflow/.local/lib/python3.12/site-packages/airflow/example_dags/example_branch_day_of_week_operator.py took 0.096 seconds
[2026-08-06T18:16:26.993+0000] {processor.py:186} INFO - Started process (PID=4974) to work on /home/airflow/.local/lib/python3.12/site-packages/airflow/example_dags/example_branch_day_of_week_operator.py
[2026-08-06T18:16:26.994+0000] {processor.py:914} INFO - Processing file /home/airflow/.local/lib/python3.12/site-packages/airflow/example_dags/example_branch_day_of_week_operator.py for tasks to queue
[2026-08-06T18:16:26.997+0000] {logging_mixin.py:190} INFO - [2026-08-06T18:16:26.996+0000] {dagbag.py:588} INFO - Filling up the DagBag from /home/airflow/.local/lib/python3.12/site-packages/airflow/example_dags/example_branch_day_of_week_operator.py
[2026-08-06T18:16:27.008+0000] {processor.py:925} INFO - DAG(s) 'example_weekday_branch_operator' retrieved from /home/airflow/.local/lib/python3.12/site-packages/airflow/example_dags/example_branch_day_of_week_operator.py
[2026-08-06T18:16:27.024+0000] {logging_mixin.py:190} INFO - [2026-08-06T18:16:27.024+0000] {dag.py:3239} INFO - Sync 1 DAGs
[2026-08-06T18:16:27.043+0000] {logging_mixin.py:190} INFO - [2026-08-06T18:16:27.043+0000] {dag.py:4180} INFO - Setting next_dagrun for example_weekday_branch_operator to 2026-08-05 00:00:00+00:00, run_after=2026-08-06 00:00:00+00:00
[2026-08-06T18:16:27.060+0000] {processor.py:208} INFO - Processing /home/airflow/.local/lib/python3.12/site-packages/airflow/example_dags/example_branch_day_of_week_operator.py took 0.074 seconds
[2026-08-06T18:16:58.206+0000] {processor.py:186} INFO - Started process (PID=5038) to work on /home/airflow/.local/lib/python3.12/site-packages/airflow/example_dags/example_branch_day_of_week_operator.py
[2026-08-06T18:16:58.207+0000] {processor.py:914} INFO - Processing file /home/airflow/.local/lib/python3.12/site-packages/airflow/example_dags/example_branch_day_of_week_operator.py for tasks to queue
[2026-08-06T18:16:58.212+0000] {logging_mixin.py:190} INFO - [2026-08-06T18:16:58.211+0000] {dagbag.py:588} INFO - Filling up the DagBag from /home/airflow/.local/lib/python3.12/site-packages/airflow/example_dags/example_branch_day_of_week_operator.py
[2026-08-06T18:16:58.225+0000] {processor.py:925} INFO - DAG(s) 'example_weekday_branch_operator' retrieved from /home/airflow/.local/lib/python3.12/site-packages/airflow/example_dags/example_branch_day_of_week_operator.py
[2026-08-06T18:16:58.247+0000] {logging_mixin.py:190} INFO - [2026-08-06T18:16:58.247+0000] {dag.py:3239} INFO - Sync 1 DAGs
[2026-08-06T18:16:58.271+0000] {logging_mixin.py:190} INFO - [2026-08-06T18:16:58.271+0000] {dag.py:4180} INFO - Setting next_dagrun for example_weekday_branch_operator to 2026-08-05 00:00:00+00:00, run_after=2026-08-06 00:00:00+00:00
[2026-08-06T18:16:58.292+0000] {processor.py:208} INFO - Processing /home/airflow/.local/lib/python3.12/site-packages/airflow/example_dags/example_branch_day_of_week_operator.py took 0.094 seconds
[2026-08-06T18:17:28.705+0000] {processor.py:186} INFO - Started process (PID=5102) to work on /home/airflow/.local/lib/python3.12/site-packages/airflow/example_dags/example_branch_day_of_week_operator.py
[2026-08-06T18:17:28.706+0000] {processor.py:914} INFO - Processing file /home/airflow/.local/lib/python3.12/site-packages/airflow/example_dags/example_branch_day_of_week_operator.py for tasks to queue
[2026-08-06T18:17:28.708+0000] {logging_mixin.py:190} INFO - [2026-08-06T18:17:28.708+0000] {dagbag.py:588} INFO - Filling up the DagBag from /home/airflow/.local/lib/python3.12/site-packages/airflow/example_dags/example_branch_day_of_week_operator.py
[2026-08-06T18:17:28.717+0000] {processor.py:925} INFO - DAG(s) 'example_weekday_branch_operator' retrieved from /home/airflow/.local/lib/python3.12/site-packages/airflow/example_dags/example_branch_day_of_week_operator.py
[2026-08-06T18:17:28.732+0000] {logging_mixin.py:190} INFO - [2026-08-06T18:17:28.732+0000] {dag.py:3239} INFO - Sync 1 DAGs
[2026-08-06T18:17:28.748+0000] {logging_mixin.py:190} INFO - [2026-08-06T18:17:28.748+0000] {dag.py:4180} INFO - Setting next_dagrun for example_weekday_branch_operator to 2026-08-05 00:00:00+00:00, run_after=2026-08-06 00:00:00+00:00
[2026-08-06T18:17:28.765+0000] {processor.py:208} INFO - Processing /home/airflow/.local/lib/python3.12/site-packages/airflow/example_dags/example_branch_day_of_week_operator.py took 0.065 seconds
[2026-08-06T18:17:59.336+0000] {processor.py:186} INFO - Started process (PID=5166) to work on /home/airflow/.local/lib/python3.12/site-packages/airflow/example_dags/example_branch_day_of_week_operator.py
[2026-08-06T18:17:59.337+0000] {processor.py:914} INFO - Processing file /home/airflow/.local/lib/python3.12/site-packages/airflow/example_dags/example_branch_day_of_week_operator.py for tasks to queue
[2026-08-06T18:17:59.339+0000] {logging_mixin.py:190} INFO - [2026-08-06T18:17:59.339+0000] {dagbag.py:588} INFO - Filling up the DagBag from /home/airflow/.local/lib/python3.12/site-packages/airflow/example_dags/example_branch_day_of_week_operator.py
[2026-08-06T18:17:59.348+0000] {processor.py:925} INFO - DAG(s) 'example_weekday_branch_operator' retrieved from /home/airflow/.local/lib/python3.12/site-packages/airflow/example_dags/example_branch_day_of_week_operator.py
[2026-08-06T18:17:59.365+0000] {logging_mixin.py:190} INFO - [2026-08-06T18:17:59.364+0000] {dag.py:3239} INFO - Sync 1 DAGs
[2026-08-06T18:17:59.388+0000] {logging_mixin.py:190} INFO - [2026-08-06T18:17:59.387+0000] {dag.py:4180} INFO - Setting next_dagrun for example_weekday_branch_operator to 2026-08-05 00:00:00+00:00, run_after=2026-08-06 00:00:00+00:00
[2026-08-06T18:17:59.407+0000] {processor.py:208} INFO - Processing /home/airflow/.local/lib/python3.12/site-packages/airflow/example_dags/example_branch_day_of_week_operator.py took 0.076 seconds
[2026-08-06T18:18:29.987+0000] {processor.py:186} INFO - Started process (PID=5230) to work on /home/airflow/.local/lib/python3.12/site-packages/airflow/example_dags/example_branch_day_of_week_operator.py
[2026-08-06T18:18:29.989+0000] {processor.py:914} INFO - Processing file /home/airflow/.local/lib/python3.12/site-packages/airflow/example_dags/example_branch_day_of_week_operator.py for tasks to queue
[2026-08-06T18:18:29.991+0000] {logging_mixin.py:190} INFO - [2026-08-06T18:18:29.991+0000] {dagbag.py:588} INFO - Filling up the DagBag from /home/airflow/.local/lib/python3.12/site-packages/airflow/example_dags/example_branch_day_of_week_operator.py
[2026-08-06T18:18:30.001+0000] {processor.py:925} INFO - DAG(s) 'example_weekday_branch_operator' retrieved from /home/airflow/.local/lib/python3.12/site-packages/airflow/example_dags/example_branch_day_of_week_operator.py
[2026-08-06T18:18:30.017+0000] {logging_mixin.py:190} INFO - [2026-08-06T18:18:30.017+0000] {dag.py:3239} INFO - Sync 1 DAGs
[2026-08-06T18:18:30.037+0000] {logging_mixin.py:190} INFO - [2026-08-06T18:18:30.036+0000] {dag.py:4180} INFO - Setting next_dagrun for example_weekday_branch_operator to 2026-08-05 00:00:00+00:00, run_after=2026-08-06 00:00:00+00:00
[2026-08-06T18:18:30.056+0000] {processor.py:208} INFO - Processing /home/airflow/.local/lib/python3.12/site-packages/airflow/example_dags/example_branch_day_of_week_operator.py took 0.075 seconds
[2026-08-06T18:19:00.962+0000] {processor.py:186} INFO - Started process (PID=5294) to work on /home/airflow/.local/lib/python3.12/site-packages/airflow/example_dags/example_branch_day_of_week_operator.py
[2026-08-06T18:19:00.964+0000] {processor.py:914} INFO - Processing file /home/airflow/.local/lib/python3.12/site-packages/airflow/example_dags/example_branch_day_of_week_operator.py for tasks to queue
[2026-08-06T18:19:00.966+0000] {logging_mixin.py:190} INFO - [2026-08-06T18:19:00.966+0000] {dagbag.py:588} INFO - Filling up the DagBag from /home/airflow/.local/lib/python3.12/site-packages/airflow/example_dags/example_branch_day_of_week_operator.py
[2026-08-06T18:19:00.973+0000] {processor.py:925} INFO - DAG(s) 'example_weekday_branch_operator' retrieved from /home/airflow/.local/lib/python3.12/site-packages/airflow/example_dags/example_branch_day_of_week_operator.py
[2026-08-06T18:19:00.987+0000] {logging_mixin.py:190} INFO - [2026-08-06T18:19:00.987+0000] {dag.py:3239} INFO - Sync 1 DAGs
[2026-08-06T18:19:01.004+0000] {logging_mixin.py:190} INFO - [2026-08-06T18:19:01.004+0000] {dag.py:4180} INFO - Setting next_dagrun for example_weekday_branch_operator to 2026-08-05 00:00:00+00:00, run_after=2026-08-06 00:00:00+00:00
[2026-08-06T18:19:01.022+0000] {processor.py:208} INFO - Processing /home/airflow/.local/lib/python3.12/site-packages/airflow/example_dags/example_branch_day_of_week_operator.py took 0.064 seconds
[2026-08-06T18:19:31.350+0000] {processor.py:186} INFO - Started process (PID=5358) to work on /home/airflow/.local/lib/python3.12/site-packages/airflow/example_dags/example_branch_day_of_week_operator.py
[2026-08-06T18:19:31.351+0000] {processor.py:914} INFO - Processing file /home/airflow/.local/lib/python3.12/site-packages/airflow/example_dags/example_branch_day_of_week_operator.py for tasks to queue
[2026-08-06T18:19:31.353+0000] {logging_mixin.py:190} INFO - [2026-08-06T18:19:31.353+0000] {dagbag.py:588} INFO - Filling up the DagBag from /home/airflow/.local/lib/python3.12/site-packages/airflow/example_dags/example_branch_day_of_week_operator.py
[2026-08-06T18:19:31.360+0000] {processor.py:925} INFO - DAG(s) 'example_weekday_branch_operator' retrieved from /home/airflow/.local/lib/python3.12/site-packages/airflow/example_dags/example_branch_day_of_week_operator.py
[2026-08-06T18:19:31.377+0000] {logging_mixin.py:190} INFO - [2026-08-06T18:19:31.376+0000] {dag.py:3239} INFO - Sync 1 DAGs
[2026-08-06T18:19:31.396+0000] {logging_mixin.py:190} INFO - [2026-08-06T18:19:31.395+0000] {dag.py:4180} INFO - Setting next_dagrun for example_weekday_branch_operator to 2026-08-05 00:00:00+00:00, run_after=2026-08-06 00:00:00+00:00
[2026-08-06T18:19:31.411+0000] {processor.py:208} INFO - Processing /home/airflow/.local/lib/python3.12/site-packages/airflow/example_dags/example_branch_day_of_week_operator.py took 0.066 seconds
[2026-08-06T18:20:02.079+0000] {processor.py:186} INFO - Started process (PID=5423) to work on /home/airflow/.local/lib/python3.12/site-packages/airflow/example_dags/example_branch_day_of_week_operator.py
[2026-08-06T18:20:02.081+0000] {processor.py:914} INFO - Processing file /home/airflow/.local/lib/python3.12/site-packages/airflow/example_dags/example_branch_day_of_week_operator.py for tasks to queue
[2026-08-06T18:20:02.083+0000] {logging_mixin.py:190} INFO - [2026-08-06T18:20:02.083+0000] {dagbag.py:588} INFO - Filling up the DagBag from /home/airflow/.local/lib/python3.12/site-packages/airflow/example_dags/example_branch_day_of_week_operator.py
[2026-08-06T18:20:02.091+0000] {processor.py:925} INFO - DAG(s) 'example_weekday_branch_operator' retrieved from /home/airflow/.local/lib/python3.12/site-packages/airflow/example_dags/example_branch_day_of_week_operator.py
[2026-08-06T18:20:02.107+0000] {logging_mixin.py:190} INFO - [2026-08-06T18:20:02.107+0000] {dag.py:3239} INFO - Sync 1 DAGs
[2026-08-06T18:20:02.125+0000] {logging_mixin.py:190} INFO - [2026-08-06T18:20:02.124+0000] {dag.py:4180} INFO - Setting next_dagrun for example_weekday_branch_operator to 2026-08-05 00:00:00+00:00, run_after=2026-08-06 00:00:00+00:00
[2026-08-06T18:20:02.143+0000] {processor.py:208} INFO - Processing /home/airflow/.local/lib/python3.12/site-packages/airflow/example_dags/example_branch_day_of_week_operator.py took 0.070 seconds
[2026-08-06T18:20:32.740+0000] {processor.py:186} INFO - Started process (PID=5487) to work on /home/airflow/.local/lib/python3.12/site-packages/airflow/example_dags/example_branch_day_of_week_operator.py
[2026-08-06T18:20:32.741+0000] {processor.py:914} INFO - Processing file /home/airflow/.local/lib/python3.12/site-packages/airflow/example_dags/example_branch_day_of_week_operator.py for tasks to queue
[2026-08-06T18:20:32.744+0000] {logging_mixin.py:190} INFO - [2026-08-06T18:20:32.744+0000] {dagbag.py:588} INFO - Filling up the DagBag from /home/airflow/.local/lib/python3.12/site-packages/airflow/example_dags/example_branch_day_of_week_operator.py
[2026-08-06T18:20:32.753+0000] {processor.py:925} INFO - DAG(s) 'example_weekday_branch_operator' retrieved from /home/airflow/.local/lib/python3.12/site-packages/airflow/example_dags/example_branch_day_of_week_operator.py
[2026-08-06T18:20:32.771+0000] {logging_mixin.py:190} INFO - [2026-08-06T18:20:32.771+0000] {dag.py:3239} INFO - Sync 1 DAGs
[2026-08-06T18:20:32.797+0000] {logging_mixin.py:190} INFO - [2026-08-06T18:20:32.797+0000] {dag.py:4180} INFO - Setting next_dagrun for example_weekday_branch_operator to 2026-08-05 00:00:00+00:00, run_after=2026-08-06 00:00:00+00:00
[2026-08-06T18:20:32.816+0000] {processor.py:208} INFO - Processing /home/airflow/.local/lib/python3.12/site-packages/airflow/example_dags/example_branch_day_of_week_operator.py took 0.081 seconds
[2026-08-06T18:21:04.260+0000] {processor.py:186} INFO - Started process (PID=5551) to work on /home/airflow/.local/lib/python3.12/site-packages/airflow/example_dags/example_branch_day_of_week_operator.py
[2026-08-06T18:21:04.262+0000] {processor.py:914} INFO - Processing file /home/airflow/.local/lib/python3.12/site-packages/airflow/example_dags/example_branch_day_of_week_operator.py for tasks to queue
[2026-08-06T18:21:04.264+0000] {logging_mixin.py:190} INFO - [2026-08-06T18:21:04.264+0000] {dagbag.py:588} INFO - Filling up the DagBag from /home/airflow/.local/lib/python3.12/site-packages/airflow/example_dags/example_branch_day_of_week_operator.py
[2026-08-06T18:21:04.273+0000] {processor.py:925} INFO - DAG(s) 'example_weekday_branch_operator' retrieved from /home/airflow/.local/lib/python3.12/site-packages/airflow/example_dags/example_branch_day_of_week_operator.py
[2026-08-06T18:21:04.289+0000] {logging_mixin.py:190} INFO - [2026-08-06T18:21:04.289+0000] {dag.py:3239} INFO - Sync 1 DAGs
[2026-08-06T18:21:04.307+0000] {logging_mixin.py:190} INFO - [2026-08-06T18:21:04.307+0000] {dag.py:4180} INFO - Setting next_dagrun for example_weekday_branch_operator to 2026-08-05 00:00:00+00:00, run_after=2026-08-06 00:00:00+00:00
[2026-08-06T18:21:04.324+0000] {processor.py:208} INFO - Processing /home/airflow/.local/lib/python3.12/site-packages/airflow/example_dags/example_branch_day_of_week_operator.py took 0.070 seconds
[2026-08-06T18:21:35.778+0000] {processor.py:186} INFO - Started process (PID=5615) to work on /home/airflow/.local/lib/python3.12/site-packages/airflow/example_dags/example_branch_day_of_week_operator.py
[2026-08-06T18:21:35.779+0000] {processor.py:914} INFO - Processing file /home/airflow/.local/lib/python3.12/site-packages/airflow/example_dags/example_branch_day_of_week_operator.py for tasks to queue
[2026-08-06T18:21:35.782+0000] {logging_mixin.py:190} INFO - [2026-08-06T18:21:35.781+0000] {dagbag.py:588} INFO - Filling up the DagBag from /home/airflow/.local/lib/python3.12/site-packages/airflow/example_dags/example_branch_day_of_week_operator.py
[2026-08-06T18:21:35.791+0000] {processor.py:925} INFO - DAG(s) 'example_weekday_branch_operator' retrieved from /home/airflow/.local/lib/python3.12/site-packages/airflow/example_dags/example_branch_day_of_week_operator.py
[2026-08-06T18:21:35.809+0000] {logging_mixin.py:190} INFO - [2026-08-06T18:21:35.809+0000] {dag.py:3239} INFO - Sync 1 DAGs
[2026-08-06T18:21:35.831+0000] {logging_mixin.py:190} INFO - [2026-08-06T18:21:35.831+0000] {dag.py:4180} INFO - Setting next_dagrun for example_weekday_branch_operator to 2026-08-05 00:00:00+00:00, run_after=2026-08-06 00:00:00+00:00
[2026-08-06T18:21:35.851+0000] {processor.py:208} INFO - Processing /home/airflow/.local/lib/python3.12/site-packages/airflow/example_dags/example_branch_day_of_week_operator.py took 0.079 seconds
[2026-08-06T18:22:06.447+0000] {processor.py:186} INFO - Started process (PID=5685) to work on /home/airflow/.local/lib/python3.12/site-packages/airflow/example_dags/example_branch_day_of_week_operator.py
[2026-08-06T18:22:06.449+0000] {processor.py:914} INFO - Processing file /home/airflow/.local/lib/python3.12/site-packages/airflow/example_dags/example_branch_day_of_week_operator.py for tasks to queue
[2026-08-06T18:22:06.453+0000] {logging_mixin.py:190} INFO - [2026-08-06T18:22:06.452+0000] {dagbag.py:588} INFO - Filling up the DagBag from /home/airflow/.local/lib/python3.12/site-packages/airflow/example_dags/example_branch_day_of_week_operator.py
[2026-08-06T18:22:06.462+0000] {processor.py:925} INFO - DAG(s) 'example_weekday_branch_operator' retrieved from /home/airflow/.local/lib/python3.12/site-packages/airflow/example_dags/example_branch_day_of_week_operator.py
[2026-08-06T18:22:06.480+0000] {logging_mixin.py:190} INFO - [2026-08-06T18:22:06.479+0000] {dag.py:3239} INFO - Sync 1 DAGs
[2026-08-06T18:22:06.504+0000] {logging_mixin.py:190} INFO - [2026-08-06T18:22:06.504+0000] {dag.py:4180} INFO - Setting next_dagrun for example_weekday_branch_operator to 2026-08-05 00:00:00+00:00, run_after=2026-08-06 00:00:00+00:00
[2026-08-06T18:22:06.523+0000] {processor.py:208} INFO - Processing /home/airflow/.local/lib/python3.12/site-packages/airflow/example_dags/example_branch_day_of_week_operator.py took 0.081 seconds
[2026-08-06T18:22:37.010+0000] {processor.py:186} INFO - Started process (PID=5748) to work on /home/airflow/.local/lib/python3.12/site-packages/airflow/example_dags/example_branch_day_of_week_operator.py
[2026-08-06T18:22:37.011+0000] {processor.py:914} INFO - Processing file /home/airflow/.local/lib/python3.12/site-packages/airflow/example_dags/example_branch_day_of_week_operator.py for tasks to queue
[2026-08-06T18:22:37.013+0000] {logging_mixin.py:190} INFO - [2026-08-06T18:22:37.013+0000] {dagbag.py:588} INFO - Filling up the DagBag from /home/airflow/.local/lib/python3.12/site-packages/airflow/example_dags/example_branch_day_of_week_operator.py
[2026-08-06T18:22:37.023+0000] {processor.py:925} INFO - DAG(s) 'example_weekday_branch_operator' retrieved from /home/airflow/.local/lib/python3.12/site-packages/airflow/example_dags/example_branch_day_of_week_operator.py
[2026-08-06T18:22:37.042+0000] {logging_mixin.py:190} INFO - [2026-08-06T18:22:37.042+0000] {dag.py:3239} INFO - Sync 1 DAGs
[2026-08-06T18:22:37.068+0000] {logging_mixin.py:190} INFO - [2026-08-06T18:22:37.067+0000] {dag.py:4180} INFO - Setting next_dagrun for example_weekday_branch_operator to 2026-08-05 00:00:00+00:00, run_after=2026-08-06 00:00:00+00:00
[2026-08-06T18:22:37.093+0000] {processor.py:208} INFO - Processing /home/airflow/.local/lib/python3.12/site-packages/airflow/example_dags/example_branch_day_of_week_operator.py took 0.088 seconds
[2026-08-06T18:23:07.945+0000] {processor.py:186} INFO - Started process (PID=5812) to work on /home/airflow/.local/lib/python3.12/site-packages/airflow/example_dags/example_branch_day_of_week_operator.py
[2026-08-06T18:23:07.947+0000] {processor.py:914} INFO - Processing file /home/airflow/.local/lib/python3.12/site-packages/airflow/example_dags/example_branch_day_of_week_operator.py for tasks to queue
[2026-08-06T18:23:07.951+0000] {logging_mixin.py:190} INFO - [2026-08-06T18:23:07.950+0000] {dagbag.py:588} INFO - Filling up the DagBag from /home/airflow/.local/lib/python3.12/site-packages/airflow/example_dags/example_branch_day_of_week_operator.py
[2026-08-06T18:23:07.967+0000] {processor.py:925} INFO - DAG(s) 'example_weekday_branch_operator' retrieved from /home/airflow/.local/lib/python3.12/site-packages/airflow/example_dags/example_branch_day_of_week_operator.py
[2026-08-06T18:23:07.991+0000] {logging_mixin.py:190} INFO - [2026-08-06T18:23:07.991+0000] {dag.py:3239} INFO - Sync 1 DAGs
[2026-08-06T18:23:08.019+0000] {logging_mixin.py:190} INFO - [2026-08-06T18:23:08.019+0000] {dag.py:4180} INFO - Setting next_dagrun for example_weekday_branch_operator to 2026-08-05 00:00:00+00:00, run_after=2026-08-06 00:00:00+00:00
[2026-08-06T18:23:08.050+0000] {processor.py:208} INFO - Processing /home/airflow/.local/lib/python3.12/site-packages/airflow/example_dags/example_branch_day_of_week_operator.py took 0.113 seconds
[2026-08-06T18:23:38.391+0000] {processor.py:186} INFO - Started process (PID=5876) to work on /home/airflow/.local/lib/python3.12/site-packages/airflow/example_dags/example_branch_day_of_week_operator.py
[2026-08-06T18:23:38.392+0000] {processor.py:914} INFO - Processing file /home/airflow/.local/lib/python3.12/site-packages/airflow/example_dags/example_branch_day_of_week_operator.py for tasks to queue
[2026-08-06T18:23:38.397+0000] {logging_mixin.py:190} INFO - [2026-08-06T18:23:38.395+0000] {dagbag.py:588} INFO - Filling up the DagBag from /home/airflow/.local/lib/python3.12/site-packages/airflow/example_dags/example_branch_day_of_week_operator.py
[2026-08-06T18:23:38.409+0000] {processor.py:925} INFO - DAG(s) 'example_weekday_branch_operator' retrieved from /home/airflow/.local/lib/python3.12/site-packages/airflow/example_dags/example_branch_day_of_week_operator.py
[2026-08-06T18:23:38.437+0000] {logging_mixin.py:190} INFO - [2026-08-06T18:23:38.437+0000] {dag.py:3239} INFO - Sync 1 DAGs
[2026-08-06T18:23:38.468+0000] {logging_mixin.py:190} INFO - [2026-08-06T18:23:38.468+0000] {dag.py:4180} INFO - Setting next_dagrun for example_weekday_branch_operator to 2026-08-05 00:00:00+00:00, run_after=2026-08-06 00:00:00+00:00
[2026-08-06T18:23:38.491+0000] {processor.py:208} INFO - Processing /home/airflow/.local/lib/python3.12/site-packages/airflow/example_dags/example_branch_day_of_week_operator.py took 0.105 seconds
[2026-08-06T18:24:09.260+0000] {processor.py:186} INFO - Started process (PID=5940) to work on /home/airflow/.local/lib/python3.12/site-packages/airflow/example_dags/example_branch_day_of_week_operator.py
[2026-08-06T18:24:09.262+0000] {processor.py:914} INFO - Processing file /home/airflow/.local/lib/python3.12/site-packages/airflow/example_dags/example_branch_day_of_week_operator.py for tasks to queue
[2026-08-06T18:24:09.266+0000] {logging_mixin.py:190} INFO - [2026-08-06T18:24:09.266+0000] {dagbag.py:588} INFO - Filling up the DagBag from /home/airflow/.local/lib/python3.12/site-packages/airflow/example_dags/example_branch_day_of_week_operator.py
[2026-08-06T18:24:09.279+0000] {processor.py:925} INFO - DAG(s) 'example_weekday_branch_operator' retrieved from /home/airflow/.local/lib/python3.12/site-packages/airflow/example_dags/example_branch_day_of_week_operator.py
[2026-08-06T18:24:09.304+0000] {logging_mixin.py:190} INFO - [2026-08-06T18:24:09.303+0000] {dag.py:3239} INFO - Sync 1 DAGs
[2026-08-06T18:24:09.330+0000] {logging_mixin.py:190} INFO - [2026-08-06T18:24:09.329+0000] {dag.py:4180} INFO - Setting next_dagrun for example_weekday_branch_operator to 2026-08-05 00:00:00+00:00, run_after=2026-08-06 00:00:00+00:00
[2026-08-06T18:24:09.357+0000] {processor.py:208} INFO - Processing /home/airflow/.local/lib/python3.12/site-packages/airflow/example_dags/example_branch_day_of_week_operator.py took 0.102 seconds
[2026-08-06T18:24:39.476+0000] {processor.py:186} INFO - Started process (PID=6003) to work on /home/airflow/.local/lib/python3.12/site-packages/airflow/example_dags/example_branch_day_of_week_operator.py
[2026-08-06T18:24:39.478+0000] {processor.py:914} INFO - Processing file /home/airflow/.local/lib/python3.12/site-packages/airflow/example_dags/example_branch_day_of_week_operator.py for tasks to queue
[2026-08-06T18:24:39.481+0000] {logging_mixin.py:190} INFO - [2026-08-06T18:24:39.481+0000] {dagbag.py:588} INFO - Filling up the DagBag from /home/airflow/.local/lib/python3.12/site-packages/airflow/example_dags/example_branch_day_of_week_operator.py
[2026-08-06T18:24:39.491+0000] {processor.py:925} INFO - DAG(s) 'example_weekday_branch_operator' retrieved from /home/airflow/.local/lib/python3.12/site-packages/airflow/example_dags/example_branch_day_of_week_operator.py
[2026-08-06T18:24:39.509+0000] {logging_mixin.py:190} INFO - [2026-08-06T18:24:39.509+0000] {dag.py:3239} INFO - Sync 1 DAGs
[2026-08-06T18:24:39.530+0000] {logging_mixin.py:190} INFO - [2026-08-06T18:24:39.529+0000] {dag.py:4180} INFO - Setting next_dagrun for example_weekday_branch_operator to 2026-08-05 00:00:00+00:00, run_after=2026-08-06 00:00:00+00:00
[2026-08-06T18:24:39.551+0000] {processor.py:208} INFO - Processing /home/airflow/.local/lib/python3.12/site-packages/airflow/example_dags/example_branch_day_of_week_operator.py took 0.082 seconds
[2026-08-06T18:25:10.255+0000] {processor.py:186} INFO - Started process (PID=6067) to work on /home/airflow/.local/lib/python3.12/site-packages/airflow/example_dags/example_branch_day_of_week_operator.py
[2026-08-06T18:25:10.256+0000] {processor.py:914} INFO - Processing file /home/airflow/.local/lib/python3.12/site-packages/airflow/example_dags/example_branch_day_of_week_operator.py for tasks to queue
[2026-08-06T18:25:10.259+0000] {logging_mixin.py:190} INFO - [2026-08-06T18:25:10.258+0000] {dagbag.py:588} INFO - Filling up the DagBag from /home/airflow/.local/lib/python3.12/site-packages/airflow/example_dags/example_branch_day_of_week_operator.py
[2026-08-06T18:25:10.268+0000] {processor.py:925} INFO - DAG(s) 'example_weekday_branch_operator' retrieved from /home/airflow/.local/lib/python3.12/site-packages/airflow/example_dags/example_branch_day_of_week_operator.py
[2026-08-06T18:25:10.286+0000] {logging_mixin.py:190} INFO - [2026-08-06T18:25:10.286+0000] {dag.py:3239} INFO - Sync 1 DAGs
[2026-08-06T18:25:10.305+0000] {logging_mixin.py:190} INFO - [2026-08-06T18:25:10.305+0000] {dag.py:4180} INFO - Setting next_dagrun for example_weekday_branch_operator to 2026-08-05 00:00:00+00:00, run_after=2026-08-06 00:00:00+00:00
[2026-08-06T18:25:10.326+0000] {processor.py:208} INFO - Processing /home/airflow/.local/lib/python3.12/site-packages/airflow/example_dags/example_branch_day_of_week_operator.py took 0.077 seconds
[2026-08-06T18:25:40.752+0000] {processor.py:186} INFO - Started process (PID=6130) to work on /home/airflow/.local/lib/python3.12/site-packages/airflow/example_dags/example_branch_day_of_week_operator.py
[2026-08-06T18:25:40.754+0000] {processor.py:914} INFO - Processing file /home/airflow/.local/lib/python3.12/site-packages/airflow/example_dags/example_branch_day_of_week_operator.py for tasks to queue
[2026-08-06T18:25:40.756+0000] {logging_mixin.py:190} INFO - [2026-08-06T18:25:40.756+0000] {dagbag.py:588} INFO - Filling up the DagBag from /home/airflow/.local/lib/python3.12/site-packages/airflow/example_dags/example_branch_day_of_week_operator.py
[2026-08-06T18:25:40.765+0000] {processor.py:925} INFO - DAG(s) 'example_weekday_branch_operator' retrieved from /home/airflow/.local/lib/python3.12/site-packages/airflow/example_dags/example_branch_day_of_week_operator.py
[2026-08-06T18:25:40.781+0000] {logging_mixin.py:190} INFO - [2026-08-06T18:25:40.780+0000] {dag.py:3239} INFO - Sync 1 DAGs
[2026-08-06T18:25:40.801+0000] {logging_mixin.py:190} INFO - [2026-08-06T18:25:40.801+0000] {dag.py:4180} INFO - Setting next_dagrun for example_weekday_branch_operator to 2026-08-05 00:00:00+00:00, run_after=2026-08-06 00:00:00+00:00
[2026-08-06T18:25:40.819+0000] {processor.py:208} INFO - Processing /home/airflow/.local/lib/python3.12/site-packages/airflow/example_dags/example_branch_day_of_week_operator.py took 0.072 seconds
[2026-08-06T18:26:11.330+0000] {processor.py:186} INFO - Started process (PID=6194) to work on /home/airflow/.local/lib/python3.12/site-packages/airflow/example_dags/example_branch_day_of_week_operator.py
[2026-08-06T18:26:11.332+0000] {processor.py:914} INFO - Processing file /home/airflow/.local/lib/python3.12/site-packages/airflow/example_dags/example_branch_day_of_week_operator.py for tasks to queue
[2026-08-06T18:26:11.334+0000] {logging_mixin.py:190} INFO - [2026-08-06T18:26:11.334+0000] {dagbag.py:588} INFO - Filling up the DagBag from /home/airflow/.local/lib/python3.12/site-packages/airflow/example_dags/example_branch_day_of_week_operator.py
[2026-08-06T18:26:11.343+0000] {processor.py:925} INFO - DAG(s) 'example_weekday_branch_operator' retrieved from /home/airflow/.local/lib/python3.12/site-packages/airflow/example_dags/example_branch_day_of_week_operator.py
[2026-08-06T18:26:11.359+0000] {logging_mixin.py:190} INFO - [2026-08-06T18:26:11.359+0000] {dag.py:3239} INFO - Sync 1 DAGs
[2026-08-06T18:26:11.376+0000] {logging_mixin.py:190} INFO - [2026-08-06T18:26:11.376+0000] {dag.py:4180} INFO - Setting next_dagrun for example_weekday_branch_operator to 2026-08-05 00:00:00+00:00, run_after=2026-08-06 00:00:00+00:00
[2026-08-06T18:26:11.392+0000] {processor.py:208} INFO - Processing /home/airflow/.local/lib/python3.12/site-packages/airflow/example_dags/example_branch_day_of_week_operator.py took 0.066 seconds
[2026-08-06T18:26:41.666+0000] {processor.py:186} INFO - Started process (PID=6258) to work on /home/airflow/.local/lib/python3.12/site-packages/airflow/example_dags/example_branch_day_of_week_operator.py
[2026-08-06T18:26:41.667+0000] {processor.py:914} INFO - Processing file /home/airflow/.local/lib/python3.12/site-packages/airflow/example_dags/example_branch_day_of_week_operator.py for tasks to queue
[2026-08-06T18:26:41.670+0000] {logging_mixin.py:190} INFO - [2026-08-06T18:26:41.670+0000] {dagbag.py:588} INFO - Filling up the DagBag from /home/airflow/.local/lib/python3.12/site-packages/airflow/example_dags/example_branch_day_of_week_operator.py
[2026-08-06T18:26:41.679+0000] {processor.py:925} INFO - DAG(s) 'example_weekday_branch_operator' retrieved from /home/airflow/.local/lib/python3.12/site-packages/airflow/example_dags/example_branch_day_of_week_operator.py
[2026-08-06T18:26:41.695+0000] {logging_mixin.py:190} INFO - [2026-08-06T18:26:41.695+0000] {dag.py:3239} INFO - Sync 1 DAGs
[2026-08-06T18:26:41.730+0000] {logging_mixin.py:190} INFO - [2026-08-06T18:26:41.730+0000] {dag.py:4180} INFO - Setting next_dagrun for example_weekday_branch_operator to 2026-08-05 00:00:00+00:00, run_after=2026-08-06 00:00:00+00:00
[2026-08-06T18:26:41.769+0000] {processor.py:208} INFO - Processing /home/airflow/.local/lib/python3.12/site-packages/airflow/example_dags/example_branch_day_of_week_operator.py took 0.108 seconds
[2026-08-06T18:27:11.955+0000] {processor.py:186} INFO - Started process (PID=6322) to work on /home/airflow/.local/lib/python3.12/site-packages/airflow/example_dags/example_branch_day_of_week_operator.py
[2026-08-06T18:27:11.957+0000] {processor.py:914} INFO - Processing file /home/airflow/.local/lib/python3.12/site-packages/airflow/example_dags/example_branch_day_of_week_operator.py for tasks to queue
[2026-08-06T18:27:11.959+0000] {logging_mixin.py:190} INFO - [2026-08-06T18:27:11.959+0000] {dagbag.py:588} INFO - Filling up the DagBag from /home/airflow/.local/lib/python3.12/site-packages/airflow/example_dags/example_branch_day_of_week_operator.py
[2026-08-06T18:27:11.966+0000] {processor.py:925} INFO - DAG(s) 'example_weekday_branch_operator' retrieved from /home/airflow/.local/lib/python3.12/site-packages/airflow/example_dags/example_branch_day_of_week_operator.py
[2026-08-06T18:27:11.983+0000] {logging_mixin.py:190} INFO - [2026-08-06T18:27:11.983+0000] {dag.py:3239} INFO - Sync 1 DAGs
[2026-08-06T18:27:12.004+0000] {logging_mixin.py:190} INFO - [2026-08-06T18:27:12.003+0000] {dag.py:4180} INFO - Setting next_dagrun for example_weekday_branch_operator to 2026-08-05 00:00:00+00:00, run_after=2026-08-06 00:00:00+00:00
[2026-08-06T18:27:12.021+0000] {processor.py:208} INFO - Processing /home/airflow/.local/lib/python3.12/site-packages/airflow/example_dags/example_branch_day_of_week_operator.py took 0.070 seconds
[2026-08-06T18:27:42.883+0000] {processor.py:186} INFO - Started process (PID=6386) to work on /home/airflow/.local/lib/python3.12/site-packages/airflow/example_dags/example_branch_day_of_week_operator.py
[2026-08-06T18:27:42.884+0000] {processor.py:914} INFO - Processing file /home/airflow/.local/lib/python3.12/site-packages/airflow/example_dags/example_branch_day_of_week_operator.py for tasks to queue
[2026-08-06T18:27:42.886+0000] {logging_mixin.py:190} INFO - [2026-08-06T18:27:42.886+0000] {dagbag.py:588} INFO - Filling up the DagBag from /home/airflow/.local/lib/python3.12/site-packages/airflow/example_dags/example_branch_day_of_week_operator.py
[2026-08-06T18:27:42.894+0000] {processor.py:925} INFO - DAG(s) 'example_weekday_branch_operator' retrieved from /home/airflow/.local/lib/python3.12/site-packages/airflow/example_dags/example_branch_day_of_week_operator.py
[2026-08-06T18:27:42.912+0000] {logging_mixin.py:190} INFO - [2026-08-06T18:27:42.912+0000] {dag.py:3239} INFO - Sync 1 DAGs
[2026-08-06T18:27:42.930+0000] {logging_mixin.py:190} INFO - [2026-08-06T18:27:42.930+0000] {dag.py:4180} INFO - Setting next_dagrun for example_weekday_branch_operator to 2026-08-05 00:00:00+00:00, run_after=2026-08-06 00:00:00+00:00
[2026-08-06T18:27:42.948+0000] {processor.py:208} INFO - Processing /home/airflow/.local/lib/python3.12/site-packages/airflow/example_dags/example_branch_day_of_week_operator.py took 0.070 seconds
[2026-08-06T18:28:13.329+0000] {processor.py:186} INFO - Started process (PID=6450) to work on /home/airflow/.local/lib/python3.12/site-packages/airflow/example_dags/example_branch_day_of_week_operator.py
[2026-08-06T18:28:13.330+0000] {processor.py:914} INFO - Processing file /home/airflow/.local/lib/python3.12/site-packages/airflow/example_dags/example_branch_day_of_week_operator.py for tasks to queue
[2026-08-06T18:28:13.333+0000] {logging_mixin.py:190} INFO - [2026-08-06T18:28:13.332+0000] {dagbag.py:588} INFO - Filling up the DagBag from /home/airflow/.local/lib/python3.12/site-packages/airflow/example_dags/example_branch_day_of_week_operator.py
[2026-08-06T18:28:13.344+0000] {processor.py:925} INFO - DAG(s) 'example_weekday_branch_operator' retrieved from /home/airflow/.local/lib/python3.12/site-packages/airflow/example_dags/example_branch_day_of_week_operator.py
[2026-08-06T18:28:13.362+0000] {logging_mixin.py:190} INFO - [2026-08-06T18:28:13.362+0000] {dag.py:3239} INFO - Sync 1 DAGs
[2026-08-06T18:28:13.379+0000] {logging_mixin.py:190} INFO - [2026-08-06T18:28:13.379+0000] {dag.py:4180} INFO - Setting next_dagrun for example_weekday_branch_operator to 2026-08-05 00:00:00+00:00, run_after=2026-08-06 00:00:00+00:00
[2026-08-06T18:28:13.395+0000] {processor.py:208} INFO - Processing /home/airflow/.local/lib/python3.12/site-packages/airflow/example_dags/example_branch_day_of_week_operator.py took 0.072 seconds
[2026-08-06T18:28:44.369+0000] {processor.py:186} INFO - Started process (PID=6514) to work on /home/airflow/.local/lib/python3.12/site-packages/airflow/example_dags/example_branch_day_of_week_operator.py
[2026-08-06T18:28:44.371+0000] {processor.py:914} INFO - Processing file /home/airflow/.local/lib/python3.12/site-packages/airflow/example_dags/example_branch_day_of_week_operator.py for tasks to queue
[2026-08-06T18:28:44.373+0000] {logging_mixin.py:190} INFO - [2026-08-06T18:28:44.373+0000] {dagbag.py:588} INFO - Filling up the DagBag from /home/airflow/.local/lib/python3.12/site-packages/airflow/example_dags/example_branch_day_of_week_operator.py
[2026-08-06T18:28:44.382+0000] {processor.py:925} INFO - DAG(s) 'example_weekday_branch_operator' retrieved from /home/airflow/.local/lib/python3.12/site-packages/airflow/example_dags/example_branch_day_of_week_operator.py
[2026-08-06T18:28:44.398+0000] {logging_mixin.py:190} INFO - [2026-08-06T18:28:44.398+0000] {dag.py:3239} INFO - Sync 1 DAGs
[2026-08-06T18:28:44.416+0000] {logging_mixin.py:190} INFO - [2026-08-06T18:28:44.416+0000] {dag.py:4180} INFO - Setting next_dagrun for example_weekday_branch_operator to 2026-08-05 00:00:00+00:00, run_after=2026-08-06 00:00:00+00:00
[2026-08-06T18:28:44.431+0000] {processor.py:208} INFO - Processing /home/airflow/.local/lib/python3.12/site-packages/airflow/example_dags/example_branch_day_of_week_operator.py took 0.067 seconds
[2026-08-06T18:29:15.159+0000] {processor.py:186} INFO - Started process (PID=6578) to work on /home/airflow/.local/lib/python3.12/site-packages/airflow/example_dags/example_branch_day_of_week_operator.py
[2026-08-06T18:29:15.160+0000] {processor.py:914} INFO - Processing file /home/airflow/.local/lib/python3.12/site-packages/airflow/example_dags/example_branch_day_of_week_operator.py for tasks to queue
[2026-08-06T18:29:15.162+0000] {logging_mixin.py:190} INFO - [2026-08-06T18:29:15.162+0000] {dagbag.py:588} INFO - Filling up the DagBag from /home/airflow/.local/lib/python3.12/site-packages/airflow/example_dags/example_branch_day_of_week_operator.py
[2026-08-06T18:29:15.171+0000] {processor.py:925} INFO - DAG(s) 'example_weekday_branch_operator' retrieved from /home/airflow/.local/lib/python3.12/site-packages/airflow/example_dags/example_branch_day_of_week_operator.py
[2026-08-06T18:29:15.186+0000] {logging_mixin.py:190} INFO - [2026-08-06T18:29:15.186+0000] {dag.py:3239} INFO - Sync 1 DAGs
[2026-08-06T18:29:15.207+0000] {logging_mixin.py:190} INFO - [2026-08-06T18:29:15.207+0000] {dag.py:4180} INFO - Setting next_dagrun for example_weekday_branch_operator to 2026-08-05 00:00:00+00:00, run_after=2026-08-06 00:00:00+00:00
[2026-08-06T18:29:15.225+0000] {processor.py:208} INFO - Processing /home/airflow/.local/lib/python3.12/site-packages/airflow/example_dags/example_branch_day_of_week_operator.py took 0.070 seconds
[2026-08-06T18:29:46.078+0000] {processor.py:186} INFO - Started process (PID=6642) to work on /home/airflow/.local/lib/python3.12/site-packages/airflow/example_dags/example_branch_day_of_week_operator.py
[2026-08-06T18:29:46.079+0000] {processor.py:914} INFO - Processing file /home/airflow/.local/lib/python3.12/site-packages/airflow/example_dags/example_branch_day_of_week_operator.py for tasks to queue
[2026-08-06T18:29:46.082+0000] {logging_mixin.py:190} INFO - [2026-08-06T18:29:46.082+0000] {dagbag.py:588} INFO - Filling up the DagBag from /home/airflow/.local/lib/python3.12/site-packages/airflow/example_dags/example_branch_day_of_week_operator.py
[2026-08-06T18:29:46.090+0000] {processor.py:925} INFO - DAG(s) 'example_weekday_branch_operator' retrieved from /home/airflow/.local/lib/python3.12/site-packages/airflow/example_dags/example_branch_day_of_week_operator.py
[2026-08-06T18:29:46.109+0000] {logging_mixin.py:190} INFO - [2026-08-06T18:29:46.109+0000] {dag.py:3239} INFO - Sync 1 DAGs
[2026-08-06T18:29:46.129+0000] {logging_mixin.py:190} INFO - [2026-08-06T18:29:46.129+0000] {dag.py:4180} INFO - Setting next_dagrun for example_weekday_branch_operator to 2026-08-05 00:00:00+00:00, run_after=2026-08-06 00:00:00+00:00
[2026-08-06T18:29:46.145+0000] {processor.py:208} INFO - Processing /home/airflow/.local/lib/python3.12/site-packages/airflow/example_dags/example_branch_day_of_week_operator.py took 0.073 seconds
[2026-08-06T18:30:16.942+0000] {processor.py:186} INFO - Started process (PID=6706) to work on /home/airflow/.local/lib/python3.12/site-packages/airflow/example_dags/example_branch_day_of_week_operator.py
[2026-08-06T18:30:16.944+0000] {processor.py:914} INFO - Processing file /home/airflow/.local/lib/python3.12/site-packages/airflow/example_dags/example_branch_day_of_week_operator.py for tasks to queue
[2026-08-06T18:30:16.946+0000] {logging_mixin.py:190} INFO - [2026-08-06T18:30:16.946+0000] {dagbag.py:588} INFO - Filling up the DagBag from /home/airflow/.local/lib/python3.12/site-packages/airflow/example_dags/example_branch_day_of_week_operator.py
[2026-08-06T18:30:16.953+0000] {processor.py:925} INFO - DAG(s) 'example_weekday_branch_operator' retrieved from /home/airflow/.local/lib/python3.12/site-packages/airflow/example_dags/example_branch_day_of_week_operator.py
[2026-08-06T18:30:16.970+0000] {logging_mixin.py:190} INFO - [2026-08-06T18:30:16.970+0000] {dag.py:3239} INFO - Sync 1 DAGs
[2026-08-06T18:30:16.989+0000] {logging_mixin.py:190} INFO - [2026-08-06T18:30:16.989+0000] {dag.py:4180} INFO - Setting next_dagrun for example_weekday_branch_operator to 2026-08-05 00:00:00+00:00, run_after=2026-08-06 00:00:00+00:00
[2026-08-06T18:30:17.003+0000] {processor.py:208} INFO - Processing /home/airflow/.local/lib/python3.12/site-packages/airflow/example_dags/example_branch_day_of_week_operator.py took 0.066 seconds
[2026-08-06T18:30:47.872+0000] {processor.py:186} INFO - Started process (PID=6770) to work on /home/airflow/.local/lib/python3.12/site-packages/airflow/example_dags/example_branch_day_of_week_operator.py
[2026-08-06T18:30:47.873+0000] {processor.py:914} INFO - Processing file /home/airflow/.local/lib/python3.12/site-packages/airflow/example_dags/example_branch_day_of_week_operator.py for tasks to queue
[2026-08-06T18:30:47.875+0000] {logging_mixin.py:190} INFO - [2026-08-06T18:30:47.875+0000] {dagbag.py:588} INFO - Filling up the DagBag from /home/airflow/.local/lib/python3.12/site-packages/airflow/example_dags/example_branch_day_of_week_operator.py
[2026-08-06T18:30:47.884+0000] {processor.py:925} INFO - DAG(s) 'example_weekday_branch_operator' retrieved from /home/airflow/.local/lib/python3.12/site-packages/airflow/example_dags/example_branch_day_of_week_operator.py
[2026-08-06T18:30:47.899+0000] {logging_mixin.py:190} INFO - [2026-08-06T18:30:47.898+0000] {dag.py:3239} INFO - Sync 1 DAGs
[2026-08-06T18:30:47.916+0000] {logging_mixin.py:190} INFO - [2026-08-06T18:30:47.916+0000] {dag.py:4180} INFO - Setting next_dagrun for example_weekday_branch_operator to 2026-08-05 00:00:00+00:00, run_after=2026-08-06 00:00:00+00:00
[2026-08-06T18:30:47.931+0000] {processor.py:208} INFO - Processing /home/airflow/.local/lib/python3.12/site-packages/airflow/example_dags/example_branch_day_of_week_operator.py took 0.064 seconds
[2026-08-06T18:31:18.740+0000] {processor.py:186} INFO - Started process (PID=6833) to work on /home/airflow/.local/lib/python3.12/site-packages/airflow/example_dags/example_branch_day_of_week_operator.py
[2026-08-06T18:31:18.742+0000] {processor.py:914} INFO - Processing file /home/airflow/.local/lib/python3.12/site-packages/airflow/example_dags/example_branch_day_of_week_operator.py for tasks to queue
[2026-08-06T18:31:18.744+0000] {logging_mixin.py:190} INFO - [2026-08-06T18:31:18.744+0000] {dagbag.py:588} INFO - Filling up the DagBag from /home/airflow/.local/lib/python3.12/site-packages/airflow/example_dags/example_branch_day_of_week_operator.py
[2026-08-06T18:31:18.752+0000] {processor.py:925} INFO - DAG(s) 'example_weekday_branch_operator' retrieved from /home/airflow/.local/lib/python3.12/site-packages/airflow/example_dags/example_branch_day_of_week_operator.py
[2026-08-06T18:31:18.766+0000] {logging_mixin.py:190} INFO - [2026-08-06T18:31:18.766+0000] {dag.py:3239} INFO - Sync 1 DAGs
[2026-08-06T18:31:18.783+0000] {logging_mixin.py:190} INFO - [2026-08-06T18:31:18.783+0000] {dag.py:4180} INFO - Setting next_dagrun for example_weekday_branch_operator to 2026-08-05 00:00:00+00:00, run_after=2026-08-06 00:00:00+00:00
[2026-08-06T18:31:18.798+0000] {processor.py:208} INFO - Processing /home/airflow/.local/lib/python3.12/site-packages/airflow/example_dags/example_branch_day_of_week_operator.py took 0.063 seconds
[2026-08-06T18:31:49.737+0000] {processor.py:186} INFO - Started process (PID=6897) to work on /home/airflow/.local/lib/python3.12/site-packages/airflow/example_dags/example_branch_day_of_week_operator.py
[2026-08-06T18:31:49.738+0000] {processor.py:914} INFO - Processing file /home/airflow/.local/lib/python3.12/site-packages/airflow/example_dags/example_branch_day_of_week_operator.py for tasks to queue
[2026-08-06T18:31:49.741+0000] {logging_mixin.py:190} INFO - [2026-08-06T18:31:49.741+0000] {dagbag.py:588} INFO - Filling up the DagBag from /home/airflow/.local/lib/python3.12/site-packages/airflow/example_dags/example_branch_day_of_week_operator.py
[2026-08-06T18:31:49.750+0000] {processor.py:925} INFO - DAG(s) 'example_weekday_branch_operator' retrieved from /home/airflow/.local/lib/python3.12/site-packages/airflow/example_dags/example_branch_day_of_week_operator.py
[2026-08-06T18:31:49.767+0000] {logging_mixin.py:190} INFO - [2026-08-06T18:31:49.767+0000] {dag.py:3239} INFO - Sync 1 DAGs
[2026-08-06T18:31:49.784+0000] {logging_mixin.py:190} INFO - [2026-08-06T18:31:49.784+0000] {dag.py:4180} INFO - Setting next_dagrun for example_weekday_branch_operator to 2026-08-05 00:00:00+00:00, run_after=2026-08-06 00:00:00+00:00
[2026-08-06T18:31:49.799+0000] {processor.py:208} INFO - Processing /home/airflow/.local/lib/python3.12/site-packages/airflow/example_dags/example_branch_day_of_week_operator.py took 0.067 seconds
[2026-08-06T18:32:20.583+0000] {processor.py:186} INFO - Started process (PID=6961) to work on /home/airflow/.local/lib/python3.12/site-packages/airflow/example_dags/example_branch_day_of_week_operator.py
[2026-08-06T18:32:20.584+0000] {processor.py:914} INFO - Processing file /home/airflow/.local/lib/python3.12/site-packages/airflow/example_dags/example_branch_day_of_week_operator.py for tasks to queue
[2026-08-06T18:32:20.586+0000] {logging_mixin.py:190} INFO - [2026-08-06T18:32:20.586+0000] {dagbag.py:588} INFO - Filling up the DagBag from /home/airflow/.local/lib/python3.12/site-packages/airflow/example_dags/example_branch_day_of_week_operator.py
[2026-08-06T18:32:20.595+0000] {processor.py:925} INFO - DAG(s) 'example_weekday_branch_operator' retrieved from /home/airflow/.local/lib/python3.12/site-packages/airflow/example_dags/example_branch_day_of_week_operator.py
[2026-08-06T18:32:20.610+0000] {logging_mixin.py:190} INFO - [2026-08-06T18:32:20.610+0000] {dag.py:3239} INFO - Sync 1 DAGs
[2026-08-06T18:32:20.628+0000] {logging_mixin.py:190} INFO - [2026-08-06T18:32:20.628+0000] {dag.py:4180} INFO - Setting next_dagrun for example_weekday_branch_operator to 2026-08-05 00:00:00+00:00, run_after=2026-08-06 00:00:00+00:00
[2026-08-06T18:32:20.648+0000] {processor.py:208} INFO - Processing /home/airflow/.local/lib/python3.12/site-packages/airflow/example_dags/example_branch_day_of_week_operator.py took 0.071 seconds
[2026-08-06T18:32:51.304+0000] {processor.py:186} INFO - Started process (PID=7025) to work on /home/airflow/.local/lib/python3.12/site-packages/airflow/example_dags/example_branch_day_of_week_operator.py
[2026-08-06T18:32:51.305+0000] {processor.py:914} INFO - Processing file /home/airflow/.local/lib/python3.12/site-packages/airflow/example_dags/example_branch_day_of_week_operator.py for tasks to queue
[2026-08-06T18:32:51.307+0000] {logging_mixin.py:190} INFO - [2026-08-06T18:32:51.307+0000] {dagbag.py:588} INFO - Filling up the DagBag from /home/airflow/.local/lib/python3.12/site-packages/airflow/example_dags/example_branch_day_of_week_operator.py
[2026-08-06T18:32:51.315+0000] {processor.py:925} INFO - DAG(s) 'example_weekday_branch_operator' retrieved from /home/airflow/.local/lib/python3.12/site-packages/airflow/example_dags/example_branch_day_of_week_operator.py
[2026-08-06T18:32:51.332+0000] {logging_mixin.py:190} INFO - [2026-08-06T18:32:51.332+0000] {dag.py:3239} INFO - Sync 1 DAGs
[2026-08-06T18:32:51.352+0000] {logging_mixin.py:190} INFO - [2026-08-06T18:32:51.352+0000] {dag.py:4180} INFO - Setting next_dagrun for example_weekday_branch_operator to 2026-08-05 00:00:00+00:00, run_after=2026-08-06 00:00:00+00:00
[2026-08-06T18:32:51.368+0000] {processor.py:208} INFO - Processing /home/airflow/.local/lib/python3.12/site-packages/airflow/example_dags/example_branch_day_of_week_operator.py took 0.070 seconds
[2026-08-06T18:33:21.937+0000] {processor.py:186} INFO - Started process (PID=7089) to work on /home/airflow/.local/lib/python3.12/site-packages/airflow/example_dags/example_branch_day_of_week_operator.py
[2026-08-06T18:33:21.938+0000] {processor.py:914} INFO - Processing file /home/airflow/.local/lib/python3.12/site-packages/airflow/example_dags/example_branch_day_of_week_operator.py for tasks to queue
[2026-08-06T18:33:21.941+0000] {logging_mixin.py:190} INFO - [2026-08-06T18:33:21.940+0000] {dagbag.py:588} INFO - Filling up the DagBag from /home/airflow/.local/lib/python3.12/site-packages/airflow/example_dags/example_branch_day_of_week_operator.py
[2026-08-06T18:33:21.949+0000] {processor.py:925} INFO - DAG(s) 'example_weekday_branch_operator' retrieved from /home/airflow/.local/lib/python3.12/site-packages/airflow/example_dags/example_branch_day_of_week_operator.py
[2026-08-06T18:33:21.966+0000] {logging_mixin.py:190} INFO - [2026-08-06T18:33:21.966+0000] {dag.py:3239} INFO - Sync 1 DAGs
[2026-08-06T18:33:21.988+0000] {logging_mixin.py:190} INFO - [2026-08-06T18:33:21.987+0000] {dag.py:4180} INFO - Setting next_dagrun for example_weekday_branch_operator to 2026-08-05 00:00:00+00:00, run_after=2026-08-06 00:00:00+00:00
[2026-08-06T18:33:22.004+0000] {processor.py:208} INFO - Processing /home/airflow/.local/lib/python3.12/site-packages/airflow/example_dags/example_branch_day_of_week_operator.py took 0.071 seconds
[2026-08-06T18:33:52.214+0000] {processor.py:186} INFO - Started process (PID=7153) to work on /home/airflow/.local/lib/python3.12/site-packages/airflow/example_dags/example_branch_day_of_week_operator.py
[2026-08-06T18:33:52.216+0000] {processor.py:914} INFO - Processing file /home/airflow/.local/lib/python3.12/site-packages/airflow/example_dags/example_branch_day_of_week_operator.py for tasks to queue
[2026-08-06T18:33:52.218+0000] {logging_mixin.py:190} INFO - [2026-08-06T18:33:52.218+0000] {dagbag.py:588} INFO - Filling up the DagBag from /home/airflow/.local/lib/python3.12/site-packages/airflow/example_dags/example_branch_day_of_week_operator.py
[2026-08-06T18:33:52.226+0000] {processor.py:925} INFO - DAG(s) 'example_weekday_branch_operator' retrieved from /home/airflow/.local/lib/python3.12/site-packages/airflow/example_dags/example_branch_day_of_week_operator.py
[2026-08-06T18:33:52.242+0000] {logging_mixin.py:190} INFO - [2026-08-06T18:33:52.241+0000] {dag.py:3239} INFO - Sync 1 DAGs
[2026-08-06T18:33:52.259+0000] {logging_mixin.py:190} INFO - [2026-08-06T18:33:52.259+0000] {dag.py:4180} INFO - Setting next_dagrun for example_weekday_branch_operator to 2026-08-05 00:00:00+00:00, run_after=2026-08-06 00:00:00+00:00
[2026-08-06T18:33:52.274+0000] {processor.py:208} INFO - Processing /home/airflow/.local/lib/python3.12/site-packages/airflow/example_dags/example_branch_day_of_week_operator.py took 0.066 seconds
[2026-08-06T18:34:22.541+0000] {processor.py:186} INFO - Started process (PID=7216) to work on /home/airflow/.local/lib/python3.12/site-packages/airflow/example_dags/example_branch_day_of_week_operator.py
[2026-08-06T18:34:22.542+0000] {processor.py:914} INFO - Processing file /home/airflow/.local/lib/python3.12/site-packages/airflow/example_dags/example_branch_day_of_week_operator.py for tasks to queue
[2026-08-06T18:34:22.544+0000] {logging_mixin.py:190} INFO - [2026-08-06T18:34:22.544+0000] {dagbag.py:588} INFO - Filling up the DagBag from /home/airflow/.local/lib/python3.12/site-packages/airflow/example_dags/example_branch_day_of_week_operator.py
[2026-08-06T18:34:22.553+0000] {processor.py:925} INFO - DAG(s) 'example_weekday_branch_operator' retrieved from /home/airflow/.local/lib/python3.12/site-packages/airflow/example_dags/example_branch_day_of_week_operator.py
[2026-08-06T18:34:22.570+0000] {logging_mixin.py:190} INFO - [2026-08-06T18:34:22.570+0000] {dag.py:3239} INFO - Sync 1 DAGs
[2026-08-06T18:34:22.590+0000] {logging_mixin.py:190} INFO - [2026-08-06T18:34:22.589+0000] {dag.py:4180} INFO - Setting next_dagrun for example_weekday_branch_operator to 2026-08-05 00:00:00+00:00, run_after=2026-08-06 00:00:00+00:00
[2026-08-06T18:34:22.607+0000] {processor.py:208} INFO - Processing /home/airflow/.local/lib/python3.12/site-packages/airflow/example_dags/example_branch_day_of_week_operator.py took 0.070 seconds
[2026-08-06T18:34:52.715+0000] {processor.py:186} INFO - Started process (PID=7280) to work on /home/airflow/.local/lib/python3.12/site-packages/airflow/example_dags/example_branch_day_of_week_operator.py
[2026-08-06T18:34:52.716+0000] {processor.py:914} INFO - Processing file /home/airflow/.local/lib/python3.12/site-packages/airflow/example_dags/example_branch_day_of_week_operator.py for tasks to queue
[2026-08-06T18:34:52.719+0000] {logging_mixin.py:190} INFO - [2026-08-06T18:34:52.718+0000] {dagbag.py:588} INFO - Filling up the DagBag from /home/airflow/.local/lib/python3.12/site-packages/airflow/example_dags/example_branch_day_of_week_operator.py
[2026-08-06T18:34:52.727+0000] {processor.py:925} INFO - DAG(s) 'example_weekday_branch_operator' retrieved from /home/airflow/.local/lib/python3.12/site-packages/airflow/example_dags/example_branch_day_of_week_operator.py
[2026-08-06T18:34:52.744+0000] {logging_mixin.py:190} INFO - [2026-08-06T18:34:52.744+0000] {dag.py:3239} INFO - Sync 1 DAGs
[2026-08-06T18:34:52.763+0000] {logging_mixin.py:190} INFO - [2026-08-06T18:34:52.762+0000] {dag.py:4180} INFO - Setting next_dagrun for example_weekday_branch_operator to 2026-08-05 00:00:00+00:00, run_after=2026-08-06 00:00:00+00:00
[2026-08-06T18:34:52.780+0000] {processor.py:208} INFO - Processing /home/airflow/.local/lib/python3.12/site-packages/airflow/example_dags/example_branch_day_of_week_operator.py took 0.073 seconds
[2026-08-06T18:35:23.340+0000] {processor.py:186} INFO - Started process (PID=7344) to work on /home/airflow/.local/lib/python3.12/site-packages/airflow/example_dags/example_branch_day_of_week_operator.py
[2026-08-06T18:35:23.341+0000] {processor.py:914} INFO - Processing file /home/airflow/.local/lib/python3.12/site-packages/airflow/example_dags/example_branch_day_of_week_operator.py for tasks to queue
[2026-08-06T18:35:23.343+0000] {logging_mixin.py:190} INFO - [2026-08-06T18:35:23.343+0000] {dagbag.py:588} INFO - Filling up the DagBag from /home/airflow/.local/lib/python3.12/site-packages/airflow/example_dags/example_branch_day_of_week_operator.py
[2026-08-06T18:35:23.352+0000] {processor.py:925} INFO - DAG(s) 'example_weekday_branch_operator' retrieved from /home/airflow/.local/lib/python3.12/site-packages/airflow/example_dags/example_branch_day_of_week_operator.py
[2026-08-06T18:35:23.371+0000] {logging_mixin.py:190} INFO - [2026-08-06T18:35:23.370+0000] {dag.py:3239} INFO - Sync 1 DAGs
[2026-08-06T18:35:23.394+0000] {logging_mixin.py:190} INFO - [2026-08-06T18:35:23.394+0000] {dag.py:4180} INFO - Setting next_dagrun for example_weekday_branch_operator to 2026-08-05 00:00:00+00:00, run_after=2026-08-06 00:00:00+00:00
[2026-08-06T18:35:23.414+0000] {processor.py:208} INFO - Processing /home/airflow/.local/lib/python3.12/site-packages/airflow/example_dags/example_branch_day_of_week_operator.py took 0.078 seconds
[2026-08-06T18:35:54.157+0000] {processor.py:186} INFO - Started process (PID=7408) to work on /home/airflow/.local/lib/python3.12/site-packages/airflow/example_dags/example_branch_day_of_week_operator.py
[2026-08-06T18:35:54.158+0000] {processor.py:914} INFO - Processing file /home/airflow/.local/lib/python3.12/site-packages/airflow/example_dags/example_branch_day_of_week_operator.py for tasks to queue
[2026-08-06T18:35:54.162+0000] {logging_mixin.py:190} INFO - [2026-08-06T18:35:54.162+0000] {dagbag.py:588} INFO - Filling up the DagBag from /home/airflow/.local/lib/python3.12/site-packages/airflow/example_dags/example_branch_day_of_week_operator.py
[2026-08-06T18:35:54.171+0000] {processor.py:925} INFO - DAG(s) 'example_weekday_branch_operator' retrieved from /home/airflow/.local/lib/python3.12/site-packages/airflow/example_dags/example_branch_day_of_week_operator.py
[2026-08-06T18:35:54.191+0000] {logging_mixin.py:190} INFO - [2026-08-06T18:35:54.190+0000] {dag.py:3239} INFO - Sync 1 DAGs
[2026-08-06T18:35:54.210+0000] {logging_mixin.py:190} INFO - [2026-08-06T18:35:54.209+0000] {dag.py:4180} INFO - Setting next_dagrun for example_weekday_branch_operator to 2026-08-05 00:00:00+00:00, run_after=2026-08-06 00:00:00+00:00
[2026-08-06T18:35:54.230+0000] {processor.py:208} INFO - Processing /home/airflow/.local/lib/python3.12/site-packages/airflow/example_dags/example_branch_day_of_week_operator.py took 0.077 seconds
[2026-08-06T18:36:25.028+0000] {processor.py:186} INFO - Started process (PID=7472) to work on /home/airflow/.local/lib/python3.12/site-packages/airflow/example_dags/example_branch_day_of_week_operator.py
[2026-08-06T18:36:25.030+0000] {processor.py:914} INFO - Processing file /home/airflow/.local/lib/python3.12/site-packages/airflow/example_dags/example_branch_day_of_week_operator.py for tasks to queue
[2026-08-06T18:36:25.032+0000] {logging_mixin.py:190} INFO - [2026-08-06T18:36:25.032+0000] {dagbag.py:588} INFO - Filling up the DagBag from /home/airflow/.local/lib/python3.12/site-packages/airflow/example_dags/example_branch_day_of_week_operator.py
[2026-08-06T18:36:25.043+0000] {processor.py:925} INFO - DAG(s) 'example_weekday_branch_operator' retrieved from /home/airflow/.local/lib/python3.12/site-packages/airflow/example_dags/example_branch_day_of_week_operator.py
[2026-08-06T18:36:25.062+0000] {logging_mixin.py:190} INFO - [2026-08-06T18:36:25.062+0000] {dag.py:3239} INFO - Sync 1 DAGs
[2026-08-06T18:36:25.083+0000] {logging_mixin.py:190} INFO - [2026-08-06T18:36:25.083+0000] {dag.py:4180} INFO - Setting next_dagrun for example_weekday_branch_operator to 2026-08-05 00:00:00+00:00, run_after=2026-08-06 00:00:00+00:00
[2026-08-06T18:36:25.099+0000] {processor.py:208} INFO - Processing /home/airflow/.local/lib/python3.12/site-packages/airflow/example_dags/example_branch_day_of_week_operator.py took 0.076 seconds
[2026-08-06T18:36:55.738+0000] {processor.py:186} INFO - Started process (PID=7536) to work on /home/airflow/.local/lib/python3.12/site-packages/airflow/example_dags/example_branch_day_of_week_operator.py
[2026-08-06T18:36:55.739+0000] {processor.py:914} INFO - Processing file /home/airflow/.local/lib/python3.12/site-packages/airflow/example_dags/example_branch_day_of_week_operator.py for tasks to queue
[2026-08-06T18:36:55.741+0000] {logging_mixin.py:190} INFO - [2026-08-06T18:36:55.741+0000] {dagbag.py:588} INFO - Filling up the DagBag from /home/airflow/.local/lib/python3.12/site-packages/airflow/example_dags/example_branch_day_of_week_operator.py
[2026-08-06T18:36:55.750+0000] {processor.py:925} INFO - DAG(s) 'example_weekday_branch_operator' retrieved from /home/airflow/.local/lib/python3.12/site-packages/airflow/example_dags/example_branch_day_of_week_operator.py
[2026-08-06T18:36:55.767+0000] {logging_mixin.py:190} INFO - [2026-08-06T18:36:55.766+0000] {dag.py:3239} INFO - Sync 1 DAGs
[2026-08-06T18:36:55.783+0000] {logging_mixin.py:190} INFO - [2026-08-06T18:36:55.783+0000] {dag.py:4180} INFO - Setting next_dagrun for example_weekday_branch_operator to 2026-08-05 00:00:00+00:00, run_after=2026-08-06 00:00:00+00:00
[2026-08-06T18:36:55.799+0000] {processor.py:208} INFO - Processing /home/airflow/.local/lib/python3.12/site-packages/airflow/example_dags/example_branch_day_of_week_operator.py took 0.067 seconds
[2026-08-06T18:37:26.566+0000] {processor.py:186} INFO - Started process (PID=7600) to work on /home/airflow/.local/lib/python3.12/site-packages/airflow/example_dags/example_branch_day_of_week_operator.py
[2026-08-06T18:37:26.567+0000] {processor.py:914} INFO - Processing file /home/airflow/.local/lib/python3.12/site-packages/airflow/example_dags/example_branch_day_of_week_operator.py for tasks to queue
[2026-08-06T18:37:26.569+0000] {logging_mixin.py:190} INFO - [2026-08-06T18:37:26.569+0000] {dagbag.py:588} INFO - Filling up the DagBag from /home/airflow/.local/lib/python3.12/site-packages/airflow/example_dags/example_branch_day_of_week_operator.py
[2026-08-06T18:37:26.578+0000] {processor.py:925} INFO - DAG(s) 'example_weekday_branch_operator' retrieved from /home/airflow/.local/lib/python3.12/site-packages/airflow/example_dags/example_branch_day_of_week_operator.py
[2026-08-06T18:37:26.594+0000] {logging_mixin.py:190} INFO - [2026-08-06T18:37:26.594+0000] {dag.py:3239} INFO - Sync 1 DAGs
[2026-08-06T18:37:26.614+0000] {logging_mixin.py:190} INFO - [2026-08-06T18:37:26.614+0000] {dag.py:4180} INFO - Setting next_dagrun for example_weekday_branch_operator to 2026-08-05 00:00:00+00:00, run_after=2026-08-06 00:00:00+00:00
[2026-08-06T18:37:26.628+0000] {processor.py:208} INFO - Processing /home/airflow/.local/lib/python3.12/site-packages/airflow/example_dags/example_branch_day_of_week_operator.py took 0.068 seconds
[2026-08-06T18:37:56.802+0000] {processor.py:186} INFO - Started process (PID=7664) to work on /home/airflow/.local/lib/python3.12/site-packages/airflow/example_dags/example_branch_day_of_week_operator.py
[2026-08-06T18:37:56.803+0000] {processor.py:914} INFO - Processing file /home/airflow/.local/lib/python3.12/site-packages/airflow/example_dags/example_branch_day_of_week_operator.py for tasks to queue
[2026-08-06T18:37:56.806+0000] {logging_mixin.py:190} INFO - [2026-08-06T18:37:56.806+0000] {dagbag.py:588} INFO - Filling up the DagBag from /home/airflow/.local/lib/python3.12/site-packages/airflow/example_dags/example_branch_day_of_week_operator.py
[2026-08-06T18:37:56.814+0000] {processor.py:925} INFO - DAG(s) 'example_weekday_branch_operator' retrieved from /home/airflow/.local/lib/python3.12/site-packages/airflow/example_dags/example_branch_day_of_week_operator.py
[2026-08-06T18:37:56.828+0000] {logging_mixin.py:190} INFO - [2026-08-06T18:37:56.828+0000] {dag.py:3239} INFO - Sync 1 DAGs
[2026-08-06T18:37:56.848+0000] {logging_mixin.py:190} INFO - [2026-08-06T18:37:56.848+0000] {dag.py:4180} INFO - Setting next_dagrun for example_weekday_branch_operator to 2026-08-05 00:00:00+00:00, run_after=2026-08-06 00:00:00+00:00
[2026-08-06T18:37:56.865+0000] {processor.py:208} INFO - Processing /home/airflow/.local/lib/python3.12/site-packages/airflow/example_dags/example_branch_day_of_week_operator.py took 0.068 seconds
[2026-08-06T18:38:26.985+0000] {processor.py:186} INFO - Started process (PID=7728) to work on /home/airflow/.local/lib/python3.12/site-packages/airflow/example_dags/example_branch_day_of_week_operator.py
[2026-08-06T18:38:26.986+0000] {processor.py:914} INFO - Processing file /home/airflow/.local/lib/python3.12/site-packages/airflow/example_dags/example_branch_day_of_week_operator.py for tasks to queue
[2026-08-06T18:38:26.989+0000] {logging_mixin.py:190} INFO - [2026-08-06T18:38:26.989+0000] {dagbag.py:588} INFO - Filling up the DagBag from /home/airflow/.local/lib/python3.12/site-packages/airflow/example_dags/example_branch_day_of_week_operator.py
[2026-08-06T18:38:26.997+0000] {processor.py:925} INFO - DAG(s) 'example_weekday_branch_operator' retrieved from /home/airflow/.local/lib/python3.12/site-packages/airflow/example_dags/example_branch_day_of_week_operator.py
[2026-08-06T18:38:27.012+0000] {logging_mixin.py:190} INFO - [2026-08-06T18:38:27.012+0000] {dag.py:3239} INFO - Sync 1 DAGs
[2026-08-06T18:38:27.031+0000] {logging_mixin.py:190} INFO - [2026-08-06T18:38:27.031+0000] {dag.py:4180} INFO - Setting next_dagrun for example_weekday_branch_operator to 2026-08-05 00:00:00+00:00, run_after=2026-08-06 00:00:00+00:00
[2026-08-06T18:38:27.049+0000] {processor.py:208} INFO - Processing /home/airflow/.local/lib/python3.12/site-packages/airflow/example_dags/example_branch_day_of_week_operator.py took 0.068 seconds
[2026-08-06T18:38:57.161+0000] {processor.py:186} INFO - Started process (PID=7793) to work on /home/airflow/.local/lib/python3.12/site-packages/airflow/example_dags/example_branch_day_of_week_operator.py
[2026-08-06T18:38:57.162+0000] {processor.py:914} INFO - Processing file /home/airflow/.local/lib/python3.12/site-packages/airflow/example_dags/example_branch_day_of_week_operator.py for tasks to queue
[2026-08-06T18:38:57.164+0000] {logging_mixin.py:190} INFO - [2026-08-06T18:38:57.164+0000] {dagbag.py:588} INFO - Filling up the DagBag from /home/airflow/.local/lib/python3.12/site-packages/airflow/example_dags/example_branch_day_of_week_operator.py
[2026-08-06T18:38:57.173+0000] {processor.py:925} INFO - DAG(s) 'example_weekday_branch_operator' retrieved from /home/airflow/.local/lib/python3.12/site-packages/airflow/example_dags/example_branch_day_of_week_operator.py
[2026-08-06T18:38:57.190+0000] {logging_mixin.py:190} INFO - [2026-08-06T18:38:57.190+0000] {dag.py:3239} INFO - Sync 1 DAGs
[2026-08-06T18:38:57.209+0000] {logging_mixin.py:190} INFO - [2026-08-06T18:38:57.208+0000] {dag.py:4180} INFO - Setting next_dagrun for example_weekday_branch_operator to 2026-08-05 00:00:00+00:00, run_after=2026-08-06 00:00:00+00:00
[2026-08-06T18:38:57.222+0000] {processor.py:208} INFO - Processing /home/airflow/.local/lib/python3.12/site-packages/airflow/example_dags/example_branch_day_of_week_operator.py took 0.066 seconds
[2026-08-06T18:39:27.765+0000] {processor.py:186} INFO - Started process (PID=7857) to work on /home/airflow/.local/lib/python3.12/site-packages/airflow/example_dags/example_branch_day_of_week_operator.py
[2026-08-06T18:39:27.767+0000] {processor.py:914} INFO - Processing file /home/airflow/.local/lib/python3.12/site-packages/airflow/example_dags/example_branch_day_of_week_operator.py for tasks to queue
[2026-08-06T18:39:27.770+0000] {logging_mixin.py:190} INFO - [2026-08-06T18:39:27.769+0000] {dagbag.py:588} INFO - Filling up the DagBag from /home/airflow/.local/lib/python3.12/site-packages/airflow/example_dags/example_branch_day_of_week_operator.py
[2026-08-06T18:39:27.778+0000] {processor.py:925} INFO - DAG(s) 'example_weekday_branch_operator' retrieved from /home/airflow/.local/lib/python3.12/site-packages/airflow/example_dags/example_branch_day_of_week_operator.py
[2026-08-06T18:39:27.792+0000] {logging_mixin.py:190} INFO - [2026-08-06T18:39:27.792+0000] {dag.py:3239} INFO - Sync 1 DAGs
[2026-08-06T18:39:27.810+0000] {logging_mixin.py:190} INFO - [2026-08-06T18:39:27.810+0000] {dag.py:4180} INFO - Setting next_dagrun for example_weekday_branch_operator to 2026-08-05 00:00:00+00:00, run_after=2026-08-06 00:00:00+00:00
[2026-08-06T18:39:27.826+0000] {processor.py:208} INFO - Processing /home/airflow/.local/lib/python3.12/site-packages/airflow/example_dags/example_branch_day_of_week_operator.py took 0.066 seconds
[2026-08-06T18:39:58.218+0000] {processor.py:186} INFO - Started process (PID=7921) to work on /home/airflow/.local/lib/python3.12/site-packages/airflow/example_dags/example_branch_day_of_week_operator.py
[2026-08-06T18:39:58.220+0000] {processor.py:914} INFO - Processing file /home/airflow/.local/lib/python3.12/site-packages/airflow/example_dags/example_branch_day_of_week_operator.py for tasks to queue
[2026-08-06T18:39:58.222+0000] {logging_mixin.py:190} INFO - [2026-08-06T18:39:58.222+0000] {dagbag.py:588} INFO - Filling up the DagBag from /home/airflow/.local/lib/python3.12/site-packages/airflow/example_dags/example_branch_day_of_week_operator.py
[2026-08-06T18:39:58.231+0000] {processor.py:925} INFO - DAG(s) 'example_weekday_branch_operator' retrieved from /home/airflow/.local/lib/python3.12/site-packages/airflow/example_dags/example_branch_day_of_week_operator.py
[2026-08-06T18:39:58.249+0000] {logging_mixin.py:190} INFO - [2026-08-06T18:39:58.249+0000] {dag.py:3239} INFO - Sync 1 DAGs
[2026-08-06T18:39:58.271+0000] {logging_mixin.py:190} INFO - [2026-08-06T18:39:58.270+0000] {dag.py:4180} INFO - Setting next_dagrun for example_weekday_branch_operator to 2026-08-05 00:00:00+00:00, run_after=2026-08-06 00:00:00+00:00
[2026-08-06T18:39:58.290+0000] {processor.py:208} INFO - Processing /home/airflow/.local/lib/python3.12/site-packages/airflow/example_dags/example_branch_day_of_week_operator.py took 0.076 seconds
[2026-08-06T18:40:28.670+0000] {processor.py:186} INFO - Started process (PID=7985) to work on /home/airflow/.local/lib/python3.12/site-packages/airflow/example_dags/example_branch_day_of_week_operator.py
[2026-08-06T18:40:28.671+0000] {processor.py:914} INFO - Processing file /home/airflow/.local/lib/python3.12/site-packages/airflow/example_dags/example_branch_day_of_week_operator.py for tasks to queue
[2026-08-06T18:40:28.674+0000] {logging_mixin.py:190} INFO - [2026-08-06T18:40:28.673+0000] {dagbag.py:588} INFO - Filling up the DagBag from /home/airflow/.local/lib/python3.12/site-packages/airflow/example_dags/example_branch_day_of_week_operator.py
[2026-08-06T18:40:28.681+0000] {processor.py:925} INFO - DAG(s) 'example_weekday_branch_operator' retrieved from /home/airflow/.local/lib/python3.12/site-packages/airflow/example_dags/example_branch_day_of_week_operator.py
[2026-08-06T18:40:28.698+0000] {logging_mixin.py:190} INFO - [2026-08-06T18:40:28.697+0000] {dag.py:3239} INFO - Sync 1 DAGs
[2026-08-06T18:40:28.716+0000] {logging_mixin.py:190} INFO - [2026-08-06T18:40:28.716+0000] {dag.py:4180} INFO - Setting next_dagrun for example_weekday_branch_operator to 2026-08-05 00:00:00+00:00, run_after=2026-08-06 00:00:00+00:00
[2026-08-06T18:40:28.731+0000] {processor.py:208} INFO - Processing /home/airflow/.local/lib/python3.12/site-packages/airflow/example_dags/example_branch_day_of_week_operator.py took 0.066 seconds
[2026-08-06T18:40:58.940+0000] {processor.py:186} INFO - Started process (PID=8049) to work on /home/airflow/.local/lib/python3.12/site-packages/airflow/example_dags/example_branch_day_of_week_operator.py
[2026-08-06T18:40:58.941+0000] {processor.py:914} INFO - Processing file /home/airflow/.local/lib/python3.12/site-packages/airflow/example_dags/example_branch_day_of_week_operator.py for tasks to queue
[2026-08-06T18:40:58.944+0000] {logging_mixin.py:190} INFO - [2026-08-06T18:40:58.943+0000] {dagbag.py:588} INFO - Filling up the DagBag from /home/airflow/.local/lib/python3.12/site-packages/airflow/example_dags/example_branch_day_of_week_operator.py
[2026-08-06T18:40:58.952+0000] {processor.py:925} INFO - DAG(s) 'example_weekday_branch_operator' retrieved from /home/airflow/.local/lib/python3.12/site-packages/airflow/example_dags/example_branch_day_of_week_operator.py
[2026-08-06T18:40:58.970+0000] {logging_mixin.py:190} INFO - [2026-08-06T18:40:58.969+0000] {dag.py:3239} INFO - Sync 1 DAGs
[2026-08-06T18:40:58.989+0000] {logging_mixin.py:190} INFO - [2026-08-06T18:40:58.989+0000] {dag.py:4180} INFO - Setting next_dagrun for example_weekday_branch_operator to 2026-08-05 00:00:00+00:00, run_after=2026-08-06 00:00:00+00:00
[2026-08-06T18:40:59.006+0000] {processor.py:208} INFO - Processing /home/airflow/.local/lib/python3.12/site-packages/airflow/example_dags/example_branch_day_of_week_operator.py took 0.072 seconds
[2026-08-06T18:41:29.563+0000] {processor.py:186} INFO - Started process (PID=8113) to work on /home/airflow/.local/lib/python3.12/site-packages/airflow/example_dags/example_branch_day_of_week_operator.py
[2026-08-06T18:41:29.564+0000] {processor.py:914} INFO - Processing file /home/airflow/.local/lib/python3.12/site-packages/airflow/example_dags/example_branch_day_of_week_operator.py for tasks to queue
[2026-08-06T18:41:29.566+0000] {logging_mixin.py:190} INFO - [2026-08-06T18:41:29.566+0000] {dagbag.py:588} INFO - Filling up the DagBag from /home/airflow/.local/lib/python3.12/site-packages/airflow/example_dags/example_branch_day_of_week_operator.py
[2026-08-06T18:41:29.575+0000] {processor.py:925} INFO - DAG(s) 'example_weekday_branch_operator' retrieved from /home/airflow/.local/lib/python3.12/site-packages/airflow/example_dags/example_branch_day_of_week_operator.py
[2026-08-06T18:41:29.591+0000] {logging_mixin.py:190} INFO - [2026-08-06T18:41:29.591+0000] {dag.py:3239} INFO - Sync 1 DAGs
[2026-08-06T18:41:29.610+0000] {logging_mixin.py:190} INFO - [2026-08-06T18:41:29.610+0000] {dag.py:4180} INFO - Setting next_dagrun for example_weekday_branch_operator to 2026-08-05 00:00:00+00:00, run_after=2026-08-06 00:00:00+00:00
[2026-08-06T18:41:29.624+0000] {processor.py:208} INFO - Processing /home/airflow/.local/lib/python3.12/site-packages/airflow/example_dags/example_branch_day_of_week_operator.py took 0.068 seconds
[2026-08-06T18:42:00.003+0000] {processor.py:186} INFO - Started process (PID=8177) to work on /home/airflow/.local/lib/python3.12/site-packages/airflow/example_dags/example_branch_day_of_week_operator.py
[2026-08-06T18:42:00.004+0000] {processor.py:914} INFO - Processing file /home/airflow/.local/lib/python3.12/site-packages/airflow/example_dags/example_branch_day_of_week_operator.py for tasks to queue
[2026-08-06T18:42:00.008+0000] {logging_mixin.py:190} INFO - [2026-08-06T18:42:00.008+0000] {dagbag.py:588} INFO - Filling up the DagBag from /home/airflow/.local/lib/python3.12/site-packages/airflow/example_dags/example_branch_day_of_week_operator.py
[2026-08-06T18:42:00.025+0000] {processor.py:925} INFO - DAG(s) 'example_weekday_branch_operator' retrieved from /home/airflow/.local/lib/python3.12/site-packages/airflow/example_dags/example_branch_day_of_week_operator.py
[2026-08-06T18:42:00.049+0000] {logging_mixin.py:190} INFO - [2026-08-06T18:42:00.049+0000] {dag.py:3239} INFO - Sync 1 DAGs
[2026-08-06T18:42:00.069+0000] {logging_mixin.py:190} INFO - [2026-08-06T18:42:00.069+0000] {dag.py:4180} INFO - Setting next_dagrun for example_weekday_branch_operator to 2026-08-05 00:00:00+00:00, run_after=2026-08-06 00:00:00+00:00
[2026-08-06T18:42:00.086+0000] {processor.py:208} INFO - Processing /home/airflow/.local/lib/python3.12/site-packages/airflow/example_dags/example_branch_day_of_week_operator.py took 0.089 seconds
[2026-08-06T18:42:30.474+0000] {processor.py:186} INFO - Started process (PID=8241) to work on /home/airflow/.local/lib/python3.12/site-packages/airflow/example_dags/example_branch_day_of_week_operator.py
[2026-08-06T18:42:30.475+0000] {processor.py:914} INFO - Processing file /home/airflow/.local/lib/python3.12/site-packages/airflow/example_dags/example_branch_day_of_week_operator.py for tasks to queue
[2026-08-06T18:42:30.478+0000] {logging_mixin.py:190} INFO - [2026-08-06T18:42:30.478+0000] {dagbag.py:588} INFO - Filling up the DagBag from /home/airflow/.local/lib/python3.12/site-packages/airflow/example_dags/example_branch_day_of_week_operator.py
[2026-08-06T18:42:30.486+0000] {processor.py:925} INFO - DAG(s) 'example_weekday_branch_operator' retrieved from /home/airflow/.local/lib/python3.12/site-packages/airflow/example_dags/example_branch_day_of_week_operator.py
[2026-08-06T18:42:30.503+0000] {logging_mixin.py:190} INFO - [2026-08-06T18:42:30.503+0000] {dag.py:3239} INFO - Sync 1 DAGs
[2026-08-06T18:42:30.520+0000] {logging_mixin.py:190} INFO - [2026-08-06T18:42:30.520+0000] {dag.py:4180} INFO - Setting next_dagrun for example_weekday_branch_operator to 2026-08-05 00:00:00+00:00, run_after=2026-08-06 00:00:00+00:00
[2026-08-06T18:42:30.534+0000] {processor.py:208} INFO - Processing /home/airflow/.local/lib/python3.12/site-packages/airflow/example_dags/example_branch_day_of_week_operator.py took 0.066 seconds
[2026-08-06T18:43:01.163+0000] {processor.py:186} INFO - Started process (PID=8305) to work on /home/airflow/.local/lib/python3.12/site-packages/airflow/example_dags/example_branch_day_of_week_operator.py
[2026-08-06T18:43:01.164+0000] {processor.py:914} INFO - Processing file /home/airflow/.local/lib/python3.12/site-packages/airflow/example_dags/example_branch_day_of_week_operator.py for tasks to queue
[2026-08-06T18:43:01.166+0000] {logging_mixin.py:190} INFO - [2026-08-06T18:43:01.166+0000] {dagbag.py:588} INFO - Filling up the DagBag from /home/airflow/.local/lib/python3.12/site-packages/airflow/example_dags/example_branch_day_of_week_operator.py
[2026-08-06T18:43:01.174+0000] {processor.py:925} INFO - DAG(s) 'example_weekday_branch_operator' retrieved from /home/airflow/.local/lib/python3.12/site-packages/airflow/example_dags/example_branch_day_of_week_operator.py
[2026-08-06T18:43:01.190+0000] {logging_mixin.py:190} INFO - [2026-08-06T18:43:01.190+0000] {dag.py:3239} INFO - Sync 1 DAGs
[2026-08-06T18:43:01.209+0000] {logging_mixin.py:190} INFO - [2026-08-06T18:43:01.209+0000] {dag.py:4180} INFO - Setting next_dagrun for example_weekday_branch_operator to 2026-08-05 00:00:00+00:00, run_after=2026-08-06 00:00:00+00:00
[2026-08-06T18:43:01.227+0000] {processor.py:208} INFO - Processing /home/airflow/.local/lib/python3.12/site-packages/airflow/example_dags/example_branch_day_of_week_operator.py took 0.068 seconds
[2026-08-06T18:43:31.553+0000] {processor.py:186} INFO - Started process (PID=8370) to work on /home/airflow/.local/lib/python3.12/site-packages/airflow/example_dags/example_branch_day_of_week_operator.py
[2026-08-06T18:43:31.555+0000] {processor.py:914} INFO - Processing file /home/airflow/.local/lib/python3.12/site-packages/airflow/example_dags/example_branch_day_of_week_operator.py for tasks to queue
[2026-08-06T18:43:31.557+0000] {logging_mixin.py:190} INFO - [2026-08-06T18:43:31.557+0000] {dagbag.py:588} INFO - Filling up the DagBag from /home/airflow/.local/lib/python3.12/site-packages/airflow/example_dags/example_branch_day_of_week_operator.py
[2026-08-06T18:43:31.565+0000] {processor.py:925} INFO - DAG(s) 'example_weekday_branch_operator' retrieved from /home/airflow/.local/lib/python3.12/site-packages/airflow/example_dags/example_branch_day_of_week_operator.py
[2026-08-06T18:43:31.585+0000] {logging_mixin.py:190} INFO - [2026-08-06T18:43:31.585+0000] {dag.py:3239} INFO - Sync 1 DAGs
[2026-08-06T18:43:31.604+0000] {logging_mixin.py:190} INFO - [2026-08-06T18:43:31.604+0000] {dag.py:4180} INFO - Setting next_dagrun for example_weekday_branch_operator to 2026-08-05 00:00:00+00:00, run_after=2026-08-06 00:00:00+00:00
[2026-08-06T18:43:31.623+0000] {processor.py:208} INFO - Processing /home/airflow/.local/lib/python3.12/site-packages/airflow/example_dags/example_branch_day_of_week_operator.py took 0.076 seconds
[2026-08-06T18:44:02.040+0000] {processor.py:186} INFO - Started process (PID=8434) to work on /home/airflow/.local/lib/python3.12/site-packages/airflow/example_dags/example_branch_day_of_week_operator.py
[2026-08-06T18:44:02.041+0000] {processor.py:914} INFO - Processing file /home/airflow/.local/lib/python3.12/site-packages/airflow/example_dags/example_branch_day_of_week_operator.py for tasks to queue
[2026-08-06T18:44:02.043+0000] {logging_mixin.py:190} INFO - [2026-08-06T18:44:02.043+0000] {dagbag.py:588} INFO - Filling up the DagBag from /home/airflow/.local/lib/python3.12/site-packages/airflow/example_dags/example_branch_day_of_week_operator.py
[2026-08-06T18:44:02.051+0000] {processor.py:925} INFO - DAG(s) 'example_weekday_branch_operator' retrieved from /home/airflow/.local/lib/python3.12/site-packages/airflow/example_dags/example_branch_day_of_week_operator.py
[2026-08-06T18:44:02.070+0000] {logging_mixin.py:190} INFO - [2026-08-06T18:44:02.069+0000] {dag.py:3239} INFO - Sync 1 DAGs
[2026-08-06T18:44:02.089+0000] {logging_mixin.py:190} INFO - [2026-08-06T18:44:02.089+0000] {dag.py:4180} INFO - Setting next_dagrun for example_weekday_branch_operator to 2026-08-05 00:00:00+00:00, run_after=2026-08-06 00:00:00+00:00
[2026-08-06T18:44:02.105+0000] {processor.py:208} INFO - Processing /home/airflow/.local/lib/python3.12/site-packages/airflow/example_dags/example_branch_day_of_week_operator.py took 0.070 seconds
[2026-08-06T18:44:32.592+0000] {processor.py:186} INFO - Started process (PID=8498) to work on /home/airflow/.local/lib/python3.12/site-packages/airflow/example_dags/example_branch_day_of_week_operator.py
[2026-08-06T18:44:32.593+0000] {processor.py:914} INFO - Processing file /home/airflow/.local/lib/python3.12/site-packages/airflow/example_dags/example_branch_day_of_week_operator.py for tasks to queue
[2026-08-06T18:44:32.596+0000] {logging_mixin.py:190} INFO - [2026-08-06T18:44:32.595+0000] {dagbag.py:588} INFO - Filling up the DagBag from /home/airflow/.local/lib/python3.12/site-packages/airflow/example_dags/example_branch_day_of_week_operator.py
[2026-08-06T18:44:32.605+0000] {processor.py:925} INFO - DAG(s) 'example_weekday_branch_operator' retrieved from /home/airflow/.local/lib/python3.12/site-packages/airflow/example_dags/example_branch_day_of_week_operator.py
[2026-08-06T18:44:32.622+0000] {logging_mixin.py:190} INFO - [2026-08-06T18:44:32.622+0000] {dag.py:3239} INFO - Sync 1 DAGs
[2026-08-06T18:44:32.640+0000] {logging_mixin.py:190} INFO - [2026-08-06T18:44:32.640+0000] {dag.py:4180} INFO - Setting next_dagrun for example_weekday_branch_operator to 2026-08-05 00:00:00+00:00, run_after=2026-08-06 00:00:00+00:00
[2026-08-06T18:44:32.656+0000] {processor.py:208} INFO - Processing /home/airflow/.local/lib/python3.12/site-packages/airflow/example_dags/example_branch_day_of_week_operator.py took 0.068 seconds
[2026-08-06T18:45:02.855+0000] {processor.py:186} INFO - Started process (PID=8562) to work on /home/airflow/.local/lib/python3.12/site-packages/airflow/example_dags/example_branch_day_of_week_operator.py
[2026-08-06T18:45:02.856+0000] {processor.py:914} INFO - Processing file /home/airflow/.local/lib/python3.12/site-packages/airflow/example_dags/example_branch_day_of_week_operator.py for tasks to queue
[2026-08-06T18:45:02.858+0000] {logging_mixin.py:190} INFO - [2026-08-06T18:45:02.858+0000] {dagbag.py:588} INFO - Filling up the DagBag from /home/airflow/.local/lib/python3.12/site-packages/airflow/example_dags/example_branch_day_of_week_operator.py
[2026-08-06T18:45:02.868+0000] {processor.py:925} INFO - DAG(s) 'example_weekday_branch_operator' retrieved from /home/airflow/.local/lib/python3.12/site-packages/airflow/example_dags/example_branch_day_of_week_operator.py
[2026-08-06T18:45:02.888+0000] {logging_mixin.py:190} INFO - [2026-08-06T18:45:02.887+0000] {dag.py:3239} INFO - Sync 1 DAGs
[2026-08-06T18:45:02.909+0000] {logging_mixin.py:190} INFO - [2026-08-06T18:45:02.909+0000] {dag.py:4180} INFO - Setting next_dagrun for example_weekday_branch_operator to 2026-08-05 00:00:00+00:00, run_after=2026-08-06 00:00:00+00:00
[2026-08-06T18:45:02.928+0000] {processor.py:208} INFO - Processing /home/airflow/.local/lib/python3.12/site-packages/airflow/example_dags/example_branch_day_of_week_operator.py took 0.078 seconds
[2026-08-06T18:45:33.270+0000] {processor.py:186} INFO - Started process (PID=8626) to work on /home/airflow/.local/lib/python3.12/site-packages/airflow/example_dags/example_branch_day_of_week_operator.py
[2026-08-06T18:45:33.271+0000] {processor.py:914} INFO - Processing file /home/airflow/.local/lib/python3.12/site-packages/airflow/example_dags/example_branch_day_of_week_operator.py for tasks to queue
[2026-08-06T18:45:33.274+0000] {logging_mixin.py:190} INFO - [2026-08-06T18:45:33.274+0000] {dagbag.py:588} INFO - Filling up the DagBag from /home/airflow/.local/lib/python3.12/site-packages/airflow/example_dags/example_branch_day_of_week_operator.py
[2026-08-06T18:45:33.285+0000] {processor.py:925} INFO - DAG(s) 'example_weekday_branch_operator' retrieved from /home/airflow/.local/lib/python3.12/site-packages/airflow/example_dags/example_branch_day_of_week_operator.py
[2026-08-06T18:45:33.306+0000] {logging_mixin.py:190} INFO - [2026-08-06T18:45:33.306+0000] {dag.py:3239} INFO - Sync 1 DAGs
[2026-08-06T18:45:33.326+0000] {logging_mixin.py:190} INFO - [2026-08-06T18:45:33.326+0000] {dag.py:4180} INFO - Setting next_dagrun for example_weekday_branch_operator to 2026-08-05 00:00:00+00:00, run_after=2026-08-06 00:00:00+00:00
[2026-08-06T18:45:33.346+0000] {processor.py:208} INFO - Processing /home/airflow/.local/lib/python3.12/site-packages/airflow/example_dags/example_branch_day_of_week_operator.py took 0.081 seconds
[2026-08-06T18:46:04.052+0000] {processor.py:186} INFO - Started process (PID=8689) to work on /home/airflow/.local/lib/python3.12/site-packages/airflow/example_dags/example_branch_day_of_week_operator.py
[2026-08-06T18:46:04.054+0000] {processor.py:914} INFO - Processing file /home/airflow/.local/lib/python3.12/site-packages/airflow/example_dags/example_branch_day_of_week_operator.py for tasks to queue
[2026-08-06T18:46:04.056+0000] {logging_mixin.py:190} INFO - [2026-08-06T18:46:04.055+0000] {dagbag.py:588} INFO - Filling up the DagBag from /home/airflow/.local/lib/python3.12/site-packages/airflow/example_dags/example_branch_day_of_week_operator.py
[2026-08-06T18:46:04.065+0000] {processor.py:925} INFO - DAG(s) 'example_weekday_branch_operator' retrieved from /home/airflow/.local/lib/python3.12/site-packages/airflow/example_dags/example_branch_day_of_week_operator.py
[2026-08-06T18:46:04.086+0000] {logging_mixin.py:190} INFO - [2026-08-06T18:46:04.085+0000] {dag.py:3239} INFO - Sync 1 DAGs
[2026-08-06T18:46:04.105+0000] {logging_mixin.py:190} INFO - [2026-08-06T18:46:04.104+0000] {dag.py:4180} INFO - Setting next_dagrun for example_weekday_branch_operator to 2026-08-05 00:00:00+00:00, run_after=2026-08-06 00:00:00+00:00
[2026-08-06T18:46:04.124+0000] {processor.py:208} INFO - Processing /home/airflow/.local/lib/python3.12/site-packages/airflow/example_dags/example_branch_day_of_week_operator.py took 0.078 seconds
[2026-08-06T18:46:34.280+0000] {processor.py:186} INFO - Started process (PID=8753) to work on /home/airflow/.local/lib/python3.12/site-packages/airflow/example_dags/example_branch_day_of_week_operator.py
[2026-08-06T18:46:34.281+0000] {processor.py:914} INFO - Processing file /home/airflow/.local/lib/python3.12/site-packages/airflow/example_dags/example_branch_day_of_week_operator.py for tasks to queue
[2026-08-06T18:46:34.284+0000] {logging_mixin.py:190} INFO - [2026-08-06T18:46:34.283+0000] {dagbag.py:588} INFO - Filling up the DagBag from /home/airflow/.local/lib/python3.12/site-packages/airflow/example_dags/example_branch_day_of_week_operator.py
[2026-08-06T18:46:34.294+0000] {processor.py:925} INFO - DAG(s) 'example_weekday_branch_operator' retrieved from /home/airflow/.local/lib/python3.12/site-packages/airflow/example_dags/example_branch_day_of_week_operator.py
[2026-08-06T18:46:34.313+0000] {logging_mixin.py:190} INFO - [2026-08-06T18:46:34.313+0000] {dag.py:3239} INFO - Sync 1 DAGs
[2026-08-06T18:46:34.337+0000] {logging_mixin.py:190} INFO - [2026-08-06T18:46:34.336+0000] {dag.py:4180} INFO - Setting next_dagrun for example_weekday_branch_operator to 2026-08-05 00:00:00+00:00, run_after=2026-08-06 00:00:00+00:00
[2026-08-06T18:46:34.353+0000] {processor.py:208} INFO - Processing /home/airflow/.local/lib/python3.12/site-packages/airflow/example_dags/example_branch_day_of_week_operator.py took 0.079 seconds
[2026-08-06T18:47:04.731+0000] {processor.py:186} INFO - Started process (PID=8817) to work on /home/airflow/.local/lib/python3.12/site-packages/airflow/example_dags/example_branch_day_of_week_operator.py
[2026-08-06T18:47:04.732+0000] {processor.py:914} INFO - Processing file /home/airflow/.local/lib/python3.12/site-packages/airflow/example_dags/example_branch_day_of_week_operator.py for tasks to queue
[2026-08-06T18:47:04.734+0000] {logging_mixin.py:190} INFO - [2026-08-06T18:47:04.734+0000] {dagbag.py:588} INFO - Filling up the DagBag from /home/airflow/.local/lib/python3.12/site-packages/airflow/example_dags/example_branch_day_of_week_operator.py
[2026-08-06T18:47:04.742+0000] {processor.py:925} INFO - DAG(s) 'example_weekday_branch_operator' retrieved from /home/airflow/.local/lib/python3.12/site-packages/airflow/example_dags/example_branch_day_of_week_operator.py
[2026-08-06T18:47:04.756+0000] {logging_mixin.py:190} INFO - [2026-08-06T18:47:04.756+0000] {dag.py:3239} INFO - Sync 1 DAGs
[2026-08-06T18:47:04.775+0000] {logging_mixin.py:190} INFO - [2026-08-06T18:47:04.775+0000] {dag.py:4180} INFO - Setting next_dagrun for example_weekday_branch_operator to 2026-08-05 00:00:00+00:00, run_after=2026-08-06 00:00:00+00:00
[2026-08-06T18:47:04.791+0000] {processor.py:208} INFO - Processing /home/airflow/.local/lib/python3.12/site-packages/airflow/example_dags/example_branch_day_of_week_operator.py took 0.065 seconds
[2026-08-06T18:47:35.202+0000] {processor.py:186} INFO - Started process (PID=8881) to work on /home/airflow/.local/lib/python3.12/site-packages/airflow/example_dags/example_branch_day_of_week_operator.py
[2026-08-06T18:47:35.204+0000] {processor.py:914} INFO - Processing file /home/airflow/.local/lib/python3.12/site-packages/airflow/example_dags/example_branch_day_of_week_operator.py for tasks to queue
[2026-08-06T18:47:35.206+0000] {logging_mixin.py:190} INFO - [2026-08-06T18:47:35.206+0000] {dagbag.py:588} INFO - Filling up the DagBag from /home/airflow/.local/lib/python3.12/site-packages/airflow/example_dags/example_branch_day_of_week_operator.py
[2026-08-06T18:47:35.214+0000] {processor.py:925} INFO - DAG(s) 'example_weekday_branch_operator' retrieved from /home/airflow/.local/lib/python3.12/site-packages/airflow/example_dags/example_branch_day_of_week_operator.py
[2026-08-06T18:47:35.228+0000] {logging_mixin.py:190} INFO - [2026-08-06T18:47:35.228+0000] {dag.py:3239} INFO - Sync 1 DAGs
[2026-08-06T18:47:35.247+0000] {logging_mixin.py:190} INFO - [2026-08-06T18:47:35.247+0000] {dag.py:4180} INFO - Setting next_dagrun for example_weekday_branch_operator to 2026-08-05 00:00:00+00:00, run_after=2026-08-06 00:00:00+00:00
[2026-08-06T18:47:35.263+0000] {processor.py:208} INFO - Processing /home/airflow/.local/lib/python3.12/site-packages/airflow/example_dags/example_branch_day_of_week_operator.py took 0.066 seconds
[2026-08-06T18:48:05.778+0000] {processor.py:186} INFO - Started process (PID=8944) to work on /home/airflow/.local/lib/python3.12/site-packages/airflow/example_dags/example_branch_day_of_week_operator.py
[2026-08-06T18:48:05.779+0000] {processor.py:914} INFO - Processing file /home/airflow/.local/lib/python3.12/site-packages/airflow/example_dags/example_branch_day_of_week_operator.py for tasks to queue
[2026-08-06T18:48:05.782+0000] {logging_mixin.py:190} INFO - [2026-08-06T18:48:05.781+0000] {dagbag.py:588} INFO - Filling up the DagBag from /home/airflow/.local/lib/python3.12/site-packages/airflow/example_dags/example_branch_day_of_week_operator.py
[2026-08-06T18:48:05.791+0000] {processor.py:925} INFO - DAG(s) 'example_weekday_branch_operator' retrieved from /home/airflow/.local/lib/python3.12/site-packages/airflow/example_dags/example_branch_day_of_week_operator.py
[2026-08-06T18:48:05.806+0000] {logging_mixin.py:190} INFO - [2026-08-06T18:48:05.806+0000] {dag.py:3239} INFO - Sync 1 DAGs
[2026-08-06T18:48:05.826+0000] {logging_mixin.py:190} INFO - [2026-08-06T18:48:05.826+0000] {dag.py:4180} INFO - Setting next_dagrun for example_weekday_branch_operator to 2026-08-05 00:00:00+00:00, run_after=2026-08-06 00:00:00+00:00
[2026-08-06T18:48:05.845+0000] {processor.py:208} INFO - Processing /home/airflow/.local/lib/python3.12/site-packages/airflow/example_dags/example_branch_day_of_week_operator.py took 0.071 seconds
[2026-08-06T18:48:36.384+0000] {processor.py:186} INFO - Started process (PID=9004) to work on /home/airflow/.local/lib/python3.12/site-packages/airflow/example_dags/example_branch_day_of_week_operator.py
[2026-08-06T18:48:36.386+0000] {processor.py:914} INFO - Processing file /home/airflow/.local/lib/python3.12/site-packages/airflow/example_dags/example_branch_day_of_week_operator.py for tasks to queue
[2026-08-06T18:48:36.391+0000] {logging_mixin.py:190} INFO - [2026-08-06T18:48:36.390+0000] {dagbag.py:588} INFO - Filling up the DagBag from /home/airflow/.local/lib/python3.12/site-packages/airflow/example_dags/example_branch_day_of_week_operator.py
[2026-08-06T18:48:36.401+0000] {processor.py:925} INFO - DAG(s) 'example_weekday_branch_operator' retrieved from /home/airflow/.local/lib/python3.12/site-packages/airflow/example_dags/example_branch_day_of_week_operator.py
[2026-08-06T18:48:36.426+0000] {logging_mixin.py:190} INFO - [2026-08-06T18:48:36.426+0000] {dag.py:3239} INFO - Sync 1 DAGs
[2026-08-06T18:48:36.453+0000] {logging_mixin.py:190} INFO - [2026-08-06T18:48:36.452+0000] {dag.py:4180} INFO - Setting next_dagrun for example_weekday_branch_operator to 2026-08-05 00:00:00+00:00, run_after=2026-08-06 00:00:00+00:00
[2026-08-06T18:48:36.469+0000] {processor.py:208} INFO - Processing /home/airflow/.local/lib/python3.12/site-packages/airflow/example_dags/example_branch_day_of_week_operator.py took 0.090 seconds
[2026-08-06T18:49:07.397+0000] {processor.py:186} INFO - Started process (PID=9068) to work on /home/airflow/.local/lib/python3.12/site-packages/airflow/example_dags/example_branch_day_of_week_operator.py
[2026-08-06T18:49:07.398+0000] {processor.py:914} INFO - Processing file /home/airflow/.local/lib/python3.12/site-packages/airflow/example_dags/example_branch_day_of_week_operator.py for tasks to queue
[2026-08-06T18:49:07.401+0000] {logging_mixin.py:190} INFO - [2026-08-06T18:49:07.401+0000] {dagbag.py:588} INFO - Filling up the DagBag from /home/airflow/.local/lib/python3.12/site-packages/airflow/example_dags/example_branch_day_of_week_operator.py
[2026-08-06T18:49:07.410+0000] {processor.py:925} INFO - DAG(s) 'example_weekday_branch_operator' retrieved from /home/airflow/.local/lib/python3.12/site-packages/airflow/example_dags/example_branch_day_of_week_operator.py
[2026-08-06T18:49:07.432+0000] {logging_mixin.py:190} INFO - [2026-08-06T18:49:07.431+0000] {dag.py:3239} INFO - Sync 1 DAGs
[2026-08-06T18:49:07.453+0000] {logging_mixin.py:190} INFO - [2026-08-06T18:49:07.453+0000] {dag.py:4180} INFO - Setting next_dagrun for example_weekday_branch_operator to 2026-08-05 00:00:00+00:00, run_after=2026-08-06 00:00:00+00:00
[2026-08-06T18:49:07.473+0000] {processor.py:208} INFO - Processing /home/airflow/.local/lib/python3.12/site-packages/airflow/example_dags/example_branch_day_of_week_operator.py took 0.082 seconds
[2026-08-06T18:49:37.770+0000] {processor.py:186} INFO - Started process (PID=9132) to work on /home/airflow/.local/lib/python3.12/site-packages/airflow/example_dags/example_branch_day_of_week_operator.py
[2026-08-06T18:49:37.772+0000] {processor.py:914} INFO - Processing file /home/airflow/.local/lib/python3.12/site-packages/airflow/example_dags/example_branch_day_of_week_operator.py for tasks to queue
[2026-08-06T18:49:37.774+0000] {logging_mixin.py:190} INFO - [2026-08-06T18:49:37.774+0000] {dagbag.py:588} INFO - Filling up the DagBag from /home/airflow/.local/lib/python3.12/site-packages/airflow/example_dags/example_branch_day_of_week_operator.py
[2026-08-06T18:49:37.782+0000] {processor.py:925} INFO - DAG(s) 'example_weekday_branch_operator' retrieved from /home/airflow/.local/lib/python3.12/site-packages/airflow/example_dags/example_branch_day_of_week_operator.py
[2026-08-06T18:49:37.798+0000] {logging_mixin.py:190} INFO - [2026-08-06T18:49:37.798+0000] {dag.py:3239} INFO - Sync 1 DAGs
[2026-08-06T18:49:37.818+0000] {logging_mixin.py:190} INFO - [2026-08-06T18:49:37.818+0000] {dag.py:4180} INFO - Setting next_dagrun for example_weekday_branch_operator to 2026-08-05 00:00:00+00:00, run_after=2026-08-06 00:00:00+00:00
[2026-08-06T18:49:37.836+0000] {processor.py:208} INFO - Processing /home/airflow/.local/lib/python3.12/site-packages/airflow/example_dags/example_branch_day_of_week_operator.py took 0.071 seconds
[2026-08-06T18:50:08.506+0000] {processor.py:186} INFO - Started process (PID=9196) to work on /home/airflow/.local/lib/python3.12/site-packages/airflow/example_dags/example_branch_day_of_week_operator.py
[2026-08-06T18:50:08.508+0000] {processor.py:914} INFO - Processing file /home/airflow/.local/lib/python3.12/site-packages/airflow/example_dags/example_branch_day_of_week_operator.py for tasks to queue
[2026-08-06T18:50:08.510+0000] {logging_mixin.py:190} INFO - [2026-08-06T18:50:08.510+0000] {dagbag.py:588} INFO - Filling up the DagBag from /home/airflow/.local/lib/python3.12/site-packages/airflow/example_dags/example_branch_day_of_week_operator.py
[2026-08-06T18:50:08.519+0000] {processor.py:925} INFO - DAG(s) 'example_weekday_branch_operator' retrieved from /home/airflow/.local/lib/python3.12/site-packages/airflow/example_dags/example_branch_day_of_week_operator.py
[2026-08-06T18:50:08.536+0000] {logging_mixin.py:190} INFO - [2026-08-06T18:50:08.536+0000] {dag.py:3239} INFO - Sync 1 DAGs
[2026-08-06T18:50:08.556+0000] {logging_mixin.py:190} INFO - [2026-08-06T18:50:08.555+0000] {dag.py:4180} INFO - Setting next_dagrun for example_weekday_branch_operator to 2026-08-05 00:00:00+00:00, run_after=2026-08-06 00:00:00+00:00
[2026-08-06T18:50:08.573+0000] {processor.py:208} INFO - Processing /home/airflow/.local/lib/python3.12/site-packages/airflow/example_dags/example_branch_day_of_week_operator.py took 0.071 seconds
[2026-08-06T18:50:38.890+0000] {processor.py:186} INFO - Started process (PID=9266) to work on /home/airflow/.local/lib/python3.12/site-packages/airflow/example_dags/example_branch_day_of_week_operator.py
[2026-08-06T18:50:38.892+0000] {processor.py:914} INFO - Processing file /home/airflow/.local/lib/python3.12/site-packages/airflow/example_dags/example_branch_day_of_week_operator.py for tasks to queue
[2026-08-06T18:50:38.893+0000] {logging_mixin.py:190} INFO - [2026-08-06T18:50:38.893+0000] {dagbag.py:588} INFO - Filling up the DagBag from /home/airflow/.local/lib/python3.12/site-packages/airflow/example_dags/example_branch_day_of_week_operator.py
[2026-08-06T18:50:38.901+0000] {processor.py:925} INFO - DAG(s) 'example_weekday_branch_operator' retrieved from /home/airflow/.local/lib/python3.12/site-packages/airflow/example_dags/example_branch_day_of_week_operator.py
[2026-08-06T18:50:38.916+0000] {logging_mixin.py:190} INFO - [2026-08-06T18:50:38.915+0000] {dag.py:3239} INFO - Sync 1 DAGs
[2026-08-06T18:50:38.933+0000] {logging_mixin.py:190} INFO - [2026-08-06T18:50:38.932+0000] {dag.py:4180} INFO - Setting next_dagrun for example_weekday_branch_operator to 2026-08-05 00:00:00+00:00, run_after=2026-08-06 00:00:00+00:00
[2026-08-06T18:50:38.947+0000] {processor.py:208} INFO - Processing /home/airflow/.local/lib/python3.12/site-packages/airflow/example_dags/example_branch_day_of_week_operator.py took 0.061 seconds
[2026-08-06T18:51:09.226+0000] {processor.py:186} INFO - Started process (PID=9330) to work on /home/airflow/.local/lib/python3.12/site-packages/airflow/example_dags/example_branch_day_of_week_operator.py
[2026-08-06T18:51:09.227+0000] {processor.py:914} INFO - Processing file /home/airflow/.local/lib/python3.12/site-packages/airflow/example_dags/example_branch_day_of_week_operator.py for tasks to queue
[2026-08-06T18:51:09.230+0000] {logging_mixin.py:190} INFO - [2026-08-06T18:51:09.229+0000] {dagbag.py:588} INFO - Filling up the DagBag from /home/airflow/.local/lib/python3.12/site-packages/airflow/example_dags/example_branch_day_of_week_operator.py
[2026-08-06T18:51:09.238+0000] {processor.py:925} INFO - DAG(s) 'example_weekday_branch_operator' retrieved from /home/airflow/.local/lib/python3.12/site-packages/airflow/example_dags/example_branch_day_of_week_operator.py
[2026-08-06T18:51:09.254+0000] {logging_mixin.py:190} INFO - [2026-08-06T18:51:09.254+0000] {dag.py:3239} INFO - Sync 1 DAGs
[2026-08-06T18:51:09.273+0000] {logging_mixin.py:190} INFO - [2026-08-06T18:51:09.272+0000] {dag.py:4180} INFO - Setting next_dagrun for example_weekday_branch_operator to 2026-08-05 00:00:00+00:00, run_after=2026-08-06 00:00:00+00:00
[2026-08-06T18:51:09.288+0000] {processor.py:208} INFO - Processing /home/airflow/.local/lib/python3.12/site-packages/airflow/example_dags/example_branch_day_of_week_operator.py took 0.067 seconds
[2026-08-06T18:51:40.077+0000] {processor.py:186} INFO - Started process (PID=9394) to work on /home/airflow/.local/lib/python3.12/site-packages/airflow/example_dags/example_branch_day_of_week_operator.py
[2026-08-06T18:51:40.077+0000] {processor.py:914} INFO - Processing file /home/airflow/.local/lib/python3.12/site-packages/airflow/example_dags/example_branch_day_of_week_operator.py for tasks to queue
[2026-08-06T18:51:40.080+0000] {logging_mixin.py:190} INFO - [2026-08-06T18:51:40.079+0000] {dagbag.py:588} INFO - Filling up the DagBag from /home/airflow/.local/lib/python3.12/site-packages/airflow/example_dags/example_branch_day_of_week_operator.py
[2026-08-06T18:51:40.087+0000] {processor.py:925} INFO - DAG(s) 'example_weekday_branch_operator' retrieved from /home/airflow/.local/lib/python3.12/site-packages/airflow/example_dags/example_branch_day_of_week_operator.py
[2026-08-06T18:51:40.104+0000] {logging_mixin.py:190} INFO - [2026-08-06T18:51:40.104+0000] {dag.py:3239} INFO - Sync 1 DAGs
[2026-08-06T18:51:40.123+0000] {logging_mixin.py:190} INFO - [2026-08-06T18:51:40.123+0000] {dag.py:4180} INFO - Setting next_dagrun for example_weekday_branch_operator to 2026-08-05 00:00:00+00:00, run_after=2026-08-06 00:00:00+00:00
[2026-08-06T18:51:40.138+0000] {processor.py:208} INFO - Processing /home/airflow/.local/lib/python3.12/site-packages/airflow/example_dags/example_branch_day_of_week_operator.py took 0.066 seconds
[2026-08-06T18:52:10.559+0000] {processor.py:186} INFO - Started process (PID=9458) to work on /home/airflow/.local/lib/python3.12/site-packages/airflow/example_dags/example_branch_day_of_week_operator.py
[2026-08-06T18:52:10.561+0000] {processor.py:914} INFO - Processing file /home/airflow/.local/lib/python3.12/site-packages/airflow/example_dags/example_branch_day_of_week_operator.py for tasks to queue
[2026-08-06T18:52:10.564+0000] {logging_mixin.py:190} INFO - [2026-08-06T18:52:10.564+0000] {dagbag.py:588} INFO - Filling up the DagBag from /home/airflow/.local/lib/python3.12/site-packages/airflow/example_dags/example_branch_day_of_week_operator.py
[2026-08-06T18:52:10.578+0000] {processor.py:925} INFO - DAG(s) 'example_weekday_branch_operator' retrieved from /home/airflow/.local/lib/python3.12/site-packages/airflow/example_dags/example_branch_day_of_week_operator.py
[2026-08-06T18:52:10.599+0000] {logging_mixin.py:190} INFO - [2026-08-06T18:52:10.599+0000] {dag.py:3239} INFO - Sync 1 DAGs
[2026-08-06T18:52:10.620+0000] {logging_mixin.py:190} INFO - [2026-08-06T18:52:10.620+0000] {dag.py:4180} INFO - Setting next_dagrun for example_weekday_branch_operator to 2026-08-05 00:00:00+00:00, run_after=2026-08-06 00:00:00+00:00
[2026-08-06T18:52:10.645+0000] {processor.py:208} INFO - Processing /home/airflow/.local/lib/python3.12/site-packages/airflow/example_dags/example_branch_day_of_week_operator.py took 0.091 seconds
[2026-08-06T18:52:41.145+0000] {processor.py:186} INFO - Started process (PID=9522) to work on /home/airflow/.local/lib/python3.12/site-packages/airflow/example_dags/example_branch_day_of_week_operator.py
[2026-08-06T18:52:41.146+0000] {processor.py:914} INFO - Processing file /home/airflow/.local/lib/python3.12/site-packages/airflow/example_dags/example_branch_day_of_week_operator.py for tasks to queue
[2026-08-06T18:52:41.149+0000] {logging_mixin.py:190} INFO - [2026-08-06T18:52:41.149+0000] {dagbag.py:588} INFO - Filling up the DagBag from /home/airflow/.local/lib/python3.12/site-packages/airflow/example_dags/example_branch_day_of_week_operator.py
[2026-08-06T18:52:41.156+0000] {processor.py:925} INFO - DAG(s) 'example_weekday_branch_operator' retrieved from /home/airflow/.local/lib/python3.12/site-packages/airflow/example_dags/example_branch_day_of_week_operator.py
[2026-08-06T18:52:41.171+0000] {logging_mixin.py:190} INFO - [2026-08-06T18:52:41.170+0000] {dag.py:3239} INFO - Sync 1 DAGs
[2026-08-06T18:52:41.190+0000] {logging_mixin.py:190} INFO - [2026-08-06T18:52:41.190+0000] {dag.py:4180} INFO - Setting next_dagrun for example_weekday_branch_operator to 2026-08-05 00:00:00+00:00, run_after=2026-08-06 00:00:00+00:00
[2026-08-06T18:52:41.205+0000] {processor.py:208} INFO - Processing /home/airflow/.local/lib/python3.12/site-packages/airflow/example_dags/example_branch_day_of_week_operator.py took 0.066 seconds
[2026-08-06T18:53:11.728+0000] {processor.py:186} INFO - Started process (PID=9585) to work on /home/airflow/.local/lib/python3.12/site-packages/airflow/example_dags/example_branch_day_of_week_operator.py
[2026-08-06T18:53:11.729+0000] {processor.py:914} INFO - Processing file /home/airflow/.local/lib/python3.12/site-packages/airflow/example_dags/example_branch_day_of_week_operator.py for tasks to queue
[2026-08-06T18:53:11.731+0000] {logging_mixin.py:190} INFO - [2026-08-06T18:53:11.730+0000] {dagbag.py:588} INFO - Filling up the DagBag from /home/airflow/.local/lib/python3.12/site-packages/airflow/example_dags/example_branch_day_of_week_operator.py
[2026-08-06T18:53:11.739+0000] {processor.py:925} INFO - DAG(s) 'example_weekday_branch_operator' retrieved from /home/airflow/.local/lib/python3.12/site-packages/airflow/example_dags/example_branch_day_of_week_operator.py
[2026-08-06T18:53:11.756+0000] {logging_mixin.py:190} INFO - [2026-08-06T18:53:11.756+0000] {dag.py:3239} INFO - Sync 1 DAGs
[2026-08-06T18:53:11.774+0000] {logging_mixin.py:190} INFO - [2026-08-06T18:53:11.774+0000] {dag.py:4180} INFO - Setting next_dagrun for example_weekday_branch_operator to 2026-08-05 00:00:00+00:00, run_after=2026-08-06 00:00:00+00:00
[2026-08-06T18:53:11.789+0000] {processor.py:208} INFO - Processing /home/airflow/.local/lib/python3.12/site-packages/airflow/example_dags/example_branch_day_of_week_operator.py took 0.066 seconds
[2026-08-06T18:53:42.731+0000] {processor.py:186} INFO - Started process (PID=9650) to work on /home/airflow/.local/lib/python3.12/site-packages/airflow/example_dags/example_branch_day_of_week_operator.py
[2026-08-06T18:53:42.732+0000] {processor.py:914} INFO - Processing file /home/airflow/.local/lib/python3.12/site-packages/airflow/example_dags/example_branch_day_of_week_operator.py for tasks to queue
[2026-08-06T18:53:42.735+0000] {logging_mixin.py:190} INFO - [2026-08-06T18:53:42.734+0000] {dagbag.py:588} INFO - Filling up the DagBag from /home/airflow/.local/lib/python3.12/site-packages/airflow/example_dags/example_branch_day_of_week_operator.py
[2026-08-06T18:53:42.742+0000] {processor.py:925} INFO - DAG(s) 'example_weekday_branch_operator' retrieved from /home/airflow/.local/lib/python3.12/site-packages/airflow/example_dags/example_branch_day_of_week_operator.py
[2026-08-06T18:53:42.762+0000] {logging_mixin.py:190} INFO - [2026-08-06T18:53:42.762+0000] {dag.py:3239} INFO - Sync 1 DAGs
[2026-08-06T18:53:42.782+0000] {logging_mixin.py:190} INFO - [2026-08-06T18:53:42.782+0000] {dag.py:4180} INFO - Setting next_dagrun for example_weekday_branch_operator to 2026-08-05 00:00:00+00:00, run_after=2026-08-06 00:00:00+00:00
[2026-08-06T18:53:42.800+0000] {processor.py:208} INFO - Processing /home/airflow/.local/lib/python3.12/site-packages/airflow/example_dags/example_branch_day_of_week_operator.py took 0.074 seconds
[2026-08-06T18:54:13.168+0000] {processor.py:186} INFO - Started process (PID=9714) to work on /home/airflow/.local/lib/python3.12/site-packages/airflow/example_dags/example_branch_day_of_week_operator.py
[2026-08-06T18:54:13.170+0000] {processor.py:914} INFO - Processing file /home/airflow/.local/lib/python3.12/site-packages/airflow/example_dags/example_branch_day_of_week_operator.py for tasks to queue
[2026-08-06T18:54:13.173+0000] {logging_mixin.py:190} INFO - [2026-08-06T18:54:13.172+0000] {dagbag.py:588} INFO - Filling up the DagBag from /home/airflow/.local/lib/python3.12/site-packages/airflow/example_dags/example_branch_day_of_week_operator.py
[2026-08-06T18:54:13.180+0000] {processor.py:925} INFO - DAG(s) 'example_weekday_branch_operator' retrieved from /home/airflow/.local/lib/python3.12/site-packages/airflow/example_dags/example_branch_day_of_week_operator.py
[2026-08-06T18:54:13.196+0000] {logging_mixin.py:190} INFO - [2026-08-06T18:54:13.196+0000] {dag.py:3239} INFO - Sync 1 DAGs
[2026-08-06T18:54:13.215+0000] {logging_mixin.py:190} INFO - [2026-08-06T18:54:13.215+0000] {dag.py:4180} INFO - Setting next_dagrun for example_weekday_branch_operator to 2026-08-05 00:00:00+00:00, run_after=2026-08-06 00:00:00+00:00
[2026-08-06T18:54:13.230+0000] {processor.py:208} INFO - Processing /home/airflow/.local/lib/python3.12/site-packages/airflow/example_dags/example_branch_day_of_week_operator.py took 0.066 seconds
[2026-08-06T18:54:44.137+0000] {processor.py:186} INFO - Started process (PID=9778) to work on /home/airflow/.local/lib/python3.12/site-packages/airflow/example_dags/example_branch_day_of_week_operator.py
[2026-08-06T18:54:44.138+0000] {processor.py:914} INFO - Processing file /home/airflow/.local/lib/python3.12/site-packages/airflow/example_dags/example_branch_day_of_week_operator.py for tasks to queue
[2026-08-06T18:54:44.140+0000] {logging_mixin.py:190} INFO - [2026-08-06T18:54:44.140+0000] {dagbag.py:588} INFO - Filling up the DagBag from /home/airflow/.local/lib/python3.12/site-packages/airflow/example_dags/example_branch_day_of_week_operator.py
[2026-08-06T18:54:44.149+0000] {processor.py:925} INFO - DAG(s) 'example_weekday_branch_operator' retrieved from /home/airflow/.local/lib/python3.12/site-packages/airflow/example_dags/example_branch_day_of_week_operator.py
[2026-08-06T18:54:44.166+0000] {logging_mixin.py:190} INFO - [2026-08-06T18:54:44.165+0000] {dag.py:3239} INFO - Sync 1 DAGs
[2026-08-06T18:54:44.185+0000] {logging_mixin.py:190} INFO - [2026-08-06T18:54:44.184+0000] {dag.py:4180} INFO - Setting next_dagrun for example_weekday_branch_operator to 2026-08-05 00:00:00+00:00, run_after=2026-08-06 00:00:00+00:00
[2026-08-06T18:54:44.200+0000] {processor.py:208} INFO - Processing /home/airflow/.local/lib/python3.12/site-packages/airflow/example_dags/example_branch_day_of_week_operator.py took 0.068 seconds
[2026-08-06T18:55:15.209+0000] {processor.py:186} INFO - Started process (PID=9842) to work on /home/airflow/.local/lib/python3.12/site-packages/airflow/example_dags/example_branch_day_of_week_operator.py
[2026-08-06T18:55:15.210+0000] {processor.py:914} INFO - Processing file /home/airflow/.local/lib/python3.12/site-packages/airflow/example_dags/example_branch_day_of_week_operator.py for tasks to queue
[2026-08-06T18:55:15.213+0000] {logging_mixin.py:190} INFO - [2026-08-06T18:55:15.212+0000] {dagbag.py:588} INFO - Filling up the DagBag from /home/airflow/.local/lib/python3.12/site-packages/airflow/example_dags/example_branch_day_of_week_operator.py
[2026-08-06T18:55:15.222+0000] {processor.py:925} INFO - DAG(s) 'example_weekday_branch_operator' retrieved from /home/airflow/.local/lib/python3.12/site-packages/airflow/example_dags/example_branch_day_of_week_operator.py
[2026-08-06T18:55:15.239+0000] {logging_mixin.py:190} INFO - [2026-08-06T18:55:15.238+0000] {dag.py:3239} INFO - Sync 1 DAGs
[2026-08-06T18:55:15.257+0000] {logging_mixin.py:190} INFO - [2026-08-06T18:55:15.257+0000] {dag.py:4180} INFO - Setting next_dagrun for example_weekday_branch_operator to 2026-08-05 00:00:00+00:00, run_after=2026-08-06 00:00:00+00:00
[2026-08-06T18:55:15.271+0000] {processor.py:208} INFO - Processing /home/airflow/.local/lib/python3.12/site-packages/airflow/example_dags/example_branch_day_of_week_operator.py took 0.068 seconds
[2026-08-06T18:55:45.964+0000] {processor.py:186} INFO - Started process (PID=9906) to work on /home/airflow/.local/lib/python3.12/site-packages/airflow/example_dags/example_branch_day_of_week_operator.py
[2026-08-06T18:55:45.966+0000] {processor.py:914} INFO - Processing file /home/airflow/.local/lib/python3.12/site-packages/airflow/example_dags/example_branch_day_of_week_operator.py for tasks to queue
[2026-08-06T18:55:45.968+0000] {logging_mixin.py:190} INFO - [2026-08-06T18:55:45.968+0000] {dagbag.py:588} INFO - Filling up the DagBag from /home/airflow/.local/lib/python3.12/site-packages/airflow/example_dags/example_branch_day_of_week_operator.py
[2026-08-06T18:55:45.976+0000] {processor.py:925} INFO - DAG(s) 'example_weekday_branch_operator' retrieved from /home/airflow/.local/lib/python3.12/site-packages/airflow/example_dags/example_branch_day_of_week_operator.py
[2026-08-06T18:55:45.990+0000] {logging_mixin.py:190} INFO - [2026-08-06T18:55:45.990+0000] {dag.py:3239} INFO - Sync 1 DAGs
[2026-08-06T18:55:46.009+0000] {logging_mixin.py:190} INFO - [2026-08-06T18:55:46.008+0000] {dag.py:4180} INFO - Setting next_dagrun for example_weekday_branch_operator to 2026-08-05 00:00:00+00:00, run_after=2026-08-06 00:00:00+00:00
[2026-08-06T18:55:46.024+0000] {processor.py:208} INFO - Processing /home/airflow/.local/lib/python3.12/site-packages/airflow/example_dags/example_branch_day_of_week_operator.py took 0.064 seconds
[2026-08-06T18:56:16.242+0000] {processor.py:186} INFO - Started process (PID=9970) to work on /home/airflow/.local/lib/python3.12/site-packages/airflow/example_dags/example_branch_day_of_week_operator.py
[2026-08-06T18:56:16.243+0000] {processor.py:914} INFO - Processing file /home/airflow/.local/lib/python3.12/site-packages/airflow/example_dags/example_branch_day_of_week_operator.py for tasks to queue
[2026-08-06T18:56:16.245+0000] {logging_mixin.py:190} INFO - [2026-08-06T18:56:16.245+0000] {dagbag.py:588} INFO - Filling up the DagBag from /home/airflow/.local/lib/python3.12/site-packages/airflow/example_dags/example_branch_day_of_week_operator.py
[2026-08-06T18:56:16.252+0000] {processor.py:925} INFO - DAG(s) 'example_weekday_branch_operator' retrieved from /home/airflow/.local/lib/python3.12/site-packages/airflow/example_dags/example_branch_day_of_week_operator.py
[2026-08-06T18:56:16.267+0000] {logging_mixin.py:190} INFO - [2026-08-06T18:56:16.267+0000] {dag.py:3239} INFO - Sync 1 DAGs
[2026-08-06T18:56:16.286+0000] {logging_mixin.py:190} INFO - [2026-08-06T18:56:16.285+0000] {dag.py:4180} INFO - Setting next_dagrun for example_weekday_branch_operator to 2026-08-05 00:00:00+00:00, run_after=2026-08-06 00:00:00+00:00
[2026-08-06T18:56:16.302+0000] {processor.py:208} INFO - Processing /home/airflow/.local/lib/python3.12/site-packages/airflow/example_dags/example_branch_day_of_week_operator.py took 0.065 seconds
[2026-08-06T18:56:47.052+0000] {processor.py:186} INFO - Started process (PID=10034) to work on /home/airflow/.local/lib/python3.12/site-packages/airflow/example_dags/example_branch_day_of_week_operator.py
[2026-08-06T18:56:47.054+0000] {processor.py:914} INFO - Processing file /home/airflow/.local/lib/python3.12/site-packages/airflow/example_dags/example_branch_day_of_week_operator.py for tasks to queue
[2026-08-06T18:56:47.056+0000] {logging_mixin.py:190} INFO - [2026-08-06T18:56:47.055+0000] {dagbag.py:588} INFO - Filling up the DagBag from /home/airflow/.local/lib/python3.12/site-packages/airflow/example_dags/example_branch_day_of_week_operator.py
[2026-08-06T18:56:47.063+0000] {processor.py:925} INFO - DAG(s) 'example_weekday_branch_operator' retrieved from /home/airflow/.local/lib/python3.12/site-packages/airflow/example_dags/example_branch_day_of_week_operator.py
[2026-08-06T18:56:47.079+0000] {logging_mixin.py:190} INFO - [2026-08-06T18:56:47.079+0000] {dag.py:3239} INFO - Sync 1 DAGs
[2026-08-06T18:56:47.097+0000] {logging_mixin.py:190} INFO - [2026-08-06T18:56:47.097+0000] {dag.py:4180} INFO - Setting next_dagrun for example_weekday_branch_operator to 2026-08-05 00:00:00+00:00, run_after=2026-08-06 00:00:00+00:00
[2026-08-06T18:56:47.112+0000] {processor.py:208} INFO - Processing /home/airflow/.local/lib/python3.12/site-packages/airflow/example_dags/example_branch_day_of_week_operator.py took 0.064 seconds
[2026-08-06T18:57:17.894+0000] {processor.py:186} INFO - Started process (PID=10098) to work on /home/airflow/.local/lib/python3.12/site-packages/airflow/example_dags/example_branch_day_of_week_operator.py
[2026-08-06T18:57:17.895+0000] {processor.py:914} INFO - Processing file /home/airflow/.local/lib/python3.12/site-packages/airflow/example_dags/example_branch_day_of_week_operator.py for tasks to queue
[2026-08-06T18:57:17.897+0000] {logging_mixin.py:190} INFO - [2026-08-06T18:57:17.897+0000] {dagbag.py:588} INFO - Filling up the DagBag from /home/airflow/.local/lib/python3.12/site-packages/airflow/example_dags/example_branch_day_of_week_operator.py
[2026-08-06T18:57:17.908+0000] {processor.py:925} INFO - DAG(s) 'example_weekday_branch_operator' retrieved from /home/airflow/.local/lib/python3.12/site-packages/airflow/example_dags/example_branch_day_of_week_operator.py
[2026-08-06T18:57:17.925+0000] {logging_mixin.py:190} INFO - [2026-08-06T18:57:17.925+0000] {dag.py:3239} INFO - Sync 1 DAGs
[2026-08-06T18:57:17.944+0000] {logging_mixin.py:190} INFO - [2026-08-06T18:57:17.943+0000] {dag.py:4180} INFO - Setting next_dagrun for example_weekday_branch_operator to 2026-08-05 00:00:00+00:00, run_after=2026-08-06 00:00:00+00:00
[2026-08-06T18:57:17.961+0000] {processor.py:208} INFO - Processing /home/airflow/.local/lib/python3.12/site-packages/airflow/example_dags/example_branch_day_of_week_operator.py took 0.073 seconds
[2026-08-06T18:57:48.152+0000] {processor.py:186} INFO - Started process (PID=10162) to work on /home/airflow/.local/lib/python3.12/site-packages/airflow/example_dags/example_branch_day_of_week_operator.py
[2026-08-06T18:57:48.154+0000] {processor.py:914} INFO - Processing file /home/airflow/.local/lib/python3.12/site-packages/airflow/example_dags/example_branch_day_of_week_operator.py for tasks to queue
[2026-08-06T18:57:48.156+0000] {logging_mixin.py:190} INFO - [2026-08-06T18:57:48.156+0000] {dagbag.py:588} INFO - Filling up the DagBag from /home/airflow/.local/lib/python3.12/site-packages/airflow/example_dags/example_branch_day_of_week_operator.py
[2026-08-06T18:57:48.164+0000] {processor.py:925} INFO - DAG(s) 'example_weekday_branch_operator' retrieved from /home/airflow/.local/lib/python3.12/site-packages/airflow/example_dags/example_branch_day_of_week_operator.py
[2026-08-06T18:57:48.179+0000] {logging_mixin.py:190} INFO - [2026-08-06T18:57:48.179+0000] {dag.py:3239} INFO - Sync 1 DAGs
[2026-08-06T18:57:48.198+0000] {logging_mixin.py:190} INFO - [2026-08-06T18:57:48.198+0000] {dag.py:4180} INFO - Setting next_dagrun for example_weekday_branch_operator to 2026-08-05 00:00:00+00:00, run_after=2026-08-06 00:00:00+00:00
[2026-08-06T18:57:48.213+0000] {processor.py:208} INFO - Processing /home/airflow/.local/lib/python3.12/site-packages/airflow/example_dags/example_branch_day_of_week_operator.py took 0.065 seconds
[2026-08-06T18:58:18.951+0000] {processor.py:186} INFO - Started process (PID=10226) to work on /home/airflow/.local/lib/python3.12/site-packages/airflow/example_dags/example_branch_day_of_week_operator.py
[2026-08-06T18:58:18.953+0000] {processor.py:914} INFO - Processing file /home/airflow/.local/lib/python3.12/site-packages/airflow/example_dags/example_branch_day_of_week_operator.py for tasks to queue
[2026-08-06T18:58:18.956+0000] {logging_mixin.py:190} INFO - [2026-08-06T18:58:18.955+0000] {dagbag.py:588} INFO - Filling up the DagBag from /home/airflow/.local/lib/python3.12/site-packages/airflow/example_dags/example_branch_day_of_week_operator.py
[2026-08-06T18:58:18.965+0000] {processor.py:925} INFO - DAG(s) 'example_weekday_branch_operator' retrieved from /home/airflow/.local/lib/python3.12/site-packages/airflow/example_dags/example_branch_day_of_week_operator.py
[2026-08-06T18:58:18.988+0000] {logging_mixin.py:190} INFO - [2026-08-06T18:58:18.987+0000] {dag.py:3239} INFO - Sync 1 DAGs
[2026-08-06T18:58:19.012+0000] {logging_mixin.py:190} INFO - [2026-08-06T18:58:19.011+0000] {dag.py:4180} INFO - Setting next_dagrun for example_weekday_branch_operator to 2026-08-05 00:00:00+00:00, run_after=2026-08-06 00:00:00+00:00
[2026-08-06T18:58:19.033+0000] {processor.py:208} INFO - Processing /home/airflow/.local/lib/python3.12/site-packages/airflow/example_dags/example_branch_day_of_week_operator.py took 0.088 seconds
[2026-08-06T18:58:49.214+0000] {processor.py:186} INFO - Started process (PID=10290) to work on /home/airflow/.local/lib/python3.12/site-packages/airflow/example_dags/example_branch_day_of_week_operator.py
[2026-08-06T18:58:49.215+0000] {processor.py:914} INFO - Processing file /home/airflow/.local/lib/python3.12/site-packages/airflow/example_dags/example_branch_day_of_week_operator.py for tasks to queue
[2026-08-06T18:58:49.219+0000] {logging_mixin.py:190} INFO - [2026-08-06T18:58:49.218+0000] {dagbag.py:588} INFO - Filling up the DagBag from /home/airflow/.local/lib/python3.12/site-packages/airflow/example_dags/example_branch_day_of_week_operator.py
[2026-08-06T18:58:49.227+0000] {processor.py:925} INFO - DAG(s) 'example_weekday_branch_operator' retrieved from /home/airflow/.local/lib/python3.12/site-packages/airflow/example_dags/example_branch_day_of_week_operator.py
[2026-08-06T18:58:49.247+0000] {logging_mixin.py:190} INFO - [2026-08-06T18:58:49.247+0000] {dag.py:3239} INFO - Sync 1 DAGs
[2026-08-06T18:58:49.267+0000] {logging_mixin.py:190} INFO - [2026-08-06T18:58:49.267+0000] {dag.py:4180} INFO - Setting next_dagrun for example_weekday_branch_operator to 2026-08-05 00:00:00+00:00, run_after=2026-08-06 00:00:00+00:00
[2026-08-06T18:58:49.291+0000] {processor.py:208} INFO - Processing /home/airflow/.local/lib/python3.12/site-packages/airflow/example_dags/example_branch_day_of_week_operator.py took 0.082 seconds
[2026-08-06T18:59:19.710+0000] {processor.py:186} INFO - Started process (PID=10354) to work on /home/airflow/.local/lib/python3.12/site-packages/airflow/example_dags/example_branch_day_of_week_operator.py
[2026-08-06T18:59:19.711+0000] {processor.py:914} INFO - Processing file /home/airflow/.local/lib/python3.12/site-packages/airflow/example_dags/example_branch_day_of_week_operator.py for tasks to queue
[2026-08-06T18:59:19.714+0000] {logging_mixin.py:190} INFO - [2026-08-06T18:59:19.713+0000] {dagbag.py:588} INFO - Filling up the DagBag from /home/airflow/.local/lib/python3.12/site-packages/airflow/example_dags/example_branch_day_of_week_operator.py
[2026-08-06T18:59:19.728+0000] {processor.py:925} INFO - DAG(s) 'example_weekday_branch_operator' retrieved from /home/airflow/.local/lib/python3.12/site-packages/airflow/example_dags/example_branch_day_of_week_operator.py
[2026-08-06T18:59:19.746+0000] {logging_mixin.py:190} INFO - [2026-08-06T18:59:19.746+0000] {dag.py:3239} INFO - Sync 1 DAGs
[2026-08-06T18:59:19.767+0000] {logging_mixin.py:190} INFO - [2026-08-06T18:59:19.767+0000] {dag.py:4180} INFO - Setting next_dagrun for example_weekday_branch_operator to 2026-08-05 00:00:00+00:00, run_after=2026-08-06 00:00:00+00:00
[2026-08-06T18:59:19.786+0000] {processor.py:208} INFO - Processing /home/airflow/.local/lib/python3.12/site-packages/airflow/example_dags/example_branch_day_of_week_operator.py took 0.081 seconds
[2026-08-06T18:59:50.903+0000] {processor.py:186} INFO - Started process (PID=10414) to work on /home/airflow/.local/lib/python3.12/site-packages/airflow/example_dags/example_branch_day_of_week_operator.py
[2026-08-06T18:59:50.905+0000] {processor.py:914} INFO - Processing file /home/airflow/.local/lib/python3.12/site-packages/airflow/example_dags/example_branch_day_of_week_operator.py for tasks to queue
[2026-08-06T18:59:50.907+0000] {logging_mixin.py:190} INFO - [2026-08-06T18:59:50.907+0000] {dagbag.py:588} INFO - Filling up the DagBag from /home/airflow/.local/lib/python3.12/site-packages/airflow/example_dags/example_branch_day_of_week_operator.py
[2026-08-06T18:59:50.915+0000] {processor.py:925} INFO - DAG(s) 'example_weekday_branch_operator' retrieved from /home/airflow/.local/lib/python3.12/site-packages/airflow/example_dags/example_branch_day_of_week_operator.py
[2026-08-06T18:59:50.929+0000] {logging_mixin.py:190} INFO - [2026-08-06T18:59:50.929+0000] {dag.py:3239} INFO - Sync 1 DAGs
[2026-08-06T18:59:50.946+0000] {logging_mixin.py:190} INFO - [2026-08-06T18:59:50.946+0000] {dag.py:4180} INFO - Setting next_dagrun for example_weekday_branch_operator to 2026-08-05 00:00:00+00:00, run_after=2026-08-06 00:00:00+00:00
[2026-08-06T18:59:50.961+0000] {processor.py:208} INFO - Processing /home/airflow/.local/lib/python3.12/site-packages/airflow/example_dags/example_branch_day_of_week_operator.py took 0.062 seconds
[2026-08-06T19:00:21.757+0000] {processor.py:186} INFO - Started process (PID=10478) to work on /home/airflow/.local/lib/python3.12/site-packages/airflow/example_dags/example_branch_day_of_week_operator.py
[2026-08-06T19:00:21.758+0000] {processor.py:914} INFO - Processing file /home/airflow/.local/lib/python3.12/site-packages/airflow/example_dags/example_branch_day_of_week_operator.py for tasks to queue
[2026-08-06T19:00:21.761+0000] {logging_mixin.py:190} INFO - [2026-08-06T19:00:21.760+0000] {dagbag.py:588} INFO - Filling up the DagBag from /home/airflow/.local/lib/python3.12/site-packages/airflow/example_dags/example_branch_day_of_week_operator.py
[2026-08-06T19:00:21.768+0000] {processor.py:925} INFO - DAG(s) 'example_weekday_branch_operator' retrieved from /home/airflow/.local/lib/python3.12/site-packages/airflow/example_dags/example_branch_day_of_week_operator.py
[2026-08-06T19:00:21.785+0000] {logging_mixin.py:190} INFO - [2026-08-06T19:00:21.785+0000] {dag.py:3239} INFO - Sync 1 DAGs
[2026-08-06T19:00:21.805+0000] {logging_mixin.py:190} INFO - [2026-08-06T19:00:21.805+0000] {dag.py:4180} INFO - Setting next_dagrun for example_weekday_branch_operator to 2026-08-05 00:00:00+00:00, run_after=2026-08-06 00:00:00+00:00
[2026-08-06T19:00:21.974+0000] {processor.py:208} INFO - Processing /home/airflow/.local/lib/python3.12/site-packages/airflow/example_dags/example_branch_day_of_week_operator.py took 0.222 seconds
[2026-08-06T19:00:52.113+0000] {processor.py:186} INFO - Started process (PID=10542) to work on /home/airflow/.local/lib/python3.12/site-packages/airflow/example_dags/example_branch_day_of_week_operator.py
[2026-08-06T19:00:52.114+0000] {processor.py:914} INFO - Processing file /home/airflow/.local/lib/python3.12/site-packages/airflow/example_dags/example_branch_day_of_week_operator.py for tasks to queue
[2026-08-06T19:00:52.116+0000] {logging_mixin.py:190} INFO - [2026-08-06T19:00:52.116+0000] {dagbag.py:588} INFO - Filling up the DagBag from /home/airflow/.local/lib/python3.12/site-packages/airflow/example_dags/example_branch_day_of_week_operator.py
[2026-08-06T19:00:52.124+0000] {processor.py:925} INFO - DAG(s) 'example_weekday_branch_operator' retrieved from /home/airflow/.local/lib/python3.12/site-packages/airflow/example_dags/example_branch_day_of_week_operator.py
[2026-08-06T19:00:52.141+0000] {logging_mixin.py:190} INFO - [2026-08-06T19:00:52.141+0000] {dag.py:3239} INFO - Sync 1 DAGs
[2026-08-06T19:00:52.158+0000] {logging_mixin.py:190} INFO - [2026-08-06T19:00:52.158+0000] {dag.py:4180} INFO - Setting next_dagrun for example_weekday_branch_operator to 2026-08-05 00:00:00+00:00, run_after=2026-08-06 00:00:00+00:00
[2026-08-06T19:00:52.173+0000] {processor.py:208} INFO - Processing /home/airflow/.local/lib/python3.12/site-packages/airflow/example_dags/example_branch_day_of_week_operator.py took 0.064 seconds
[2026-08-06T19:01:24.095+0000] {processor.py:186} INFO - Started process (PID=10606) to work on /home/airflow/.local/lib/python3.12/site-packages/airflow/example_dags/example_branch_day_of_week_operator.py
[2026-08-06T19:01:24.096+0000] {processor.py:914} INFO - Processing file /home/airflow/.local/lib/python3.12/site-packages/airflow/example_dags/example_branch_day_of_week_operator.py for tasks to queue
[2026-08-06T19:01:24.098+0000] {logging_mixin.py:190} INFO - [2026-08-06T19:01:24.097+0000] {dagbag.py:588} INFO - Filling up the DagBag from /home/airflow/.local/lib/python3.12/site-packages/airflow/example_dags/example_branch_day_of_week_operator.py
[2026-08-06T19:01:24.105+0000] {processor.py:925} INFO - DAG(s) 'example_weekday_branch_operator' retrieved from /home/airflow/.local/lib/python3.12/site-packages/airflow/example_dags/example_branch_day_of_week_operator.py
[2026-08-06T19:01:24.120+0000] {logging_mixin.py:190} INFO - [2026-08-06T19:01:24.119+0000] {dag.py:3239} INFO - Sync 1 DAGs
[2026-08-06T19:01:24.137+0000] {logging_mixin.py:190} INFO - [2026-08-06T19:01:24.136+0000] {dag.py:4180} INFO - Setting next_dagrun for example_weekday_branch_operator to 2026-08-05 00:00:00+00:00, run_after=2026-08-06 00:00:00+00:00
[2026-08-06T19:01:24.151+0000] {processor.py:208} INFO - Processing /home/airflow/.local/lib/python3.12/site-packages/airflow/example_dags/example_branch_day_of_week_operator.py took 0.061 seconds
[2026-08-06T19:01:56.350+0000] {processor.py:186} INFO - Started process (PID=10670) to work on /home/airflow/.local/lib/python3.12/site-packages/airflow/example_dags/example_branch_day_of_week_operator.py
[2026-08-06T19:01:56.351+0000] {processor.py:914} INFO - Processing file /home/airflow/.local/lib/python3.12/site-packages/airflow/example_dags/example_branch_day_of_week_operator.py for tasks to queue
[2026-08-06T19:01:56.353+0000] {logging_mixin.py:190} INFO - [2026-08-06T19:01:56.353+0000] {dagbag.py:588} INFO - Filling up the DagBag from /home/airflow/.local/lib/python3.12/site-packages/airflow/example_dags/example_branch_day_of_week_operator.py
[2026-08-06T19:01:56.360+0000] {processor.py:925} INFO - DAG(s) 'example_weekday_branch_operator' retrieved from /home/airflow/.local/lib/python3.12/site-packages/airflow/example_dags/example_branch_day_of_week_operator.py
[2026-08-06T19:01:56.375+0000] {logging_mixin.py:190} INFO - [2026-08-06T19:01:56.375+0000] {dag.py:3239} INFO - Sync 1 DAGs
[2026-08-06T19:01:56.587+0000] {logging_mixin.py:190} INFO - [2026-08-06T19:01:56.587+0000] {dag.py:4180} INFO - Setting next_dagrun for example_weekday_branch_operator to 2026-08-05 00:00:00+00:00, run_after=2026-08-06 00:00:00+00:00
[2026-08-06T19:01:56.619+0000] {processor.py:208} INFO - Processing /home/airflow/.local/lib/python3.12/site-packages/airflow/example_dags/example_branch_day_of_week_operator.py took 0.273 seconds
[2026-08-06T19:02:27.159+0000] {processor.py:186} INFO - Started process (PID=10733) to work on /home/airflow/.local/lib/python3.12/site-packages/airflow/example_dags/example_branch_day_of_week_operator.py
[2026-08-06T19:02:27.160+0000] {processor.py:914} INFO - Processing file /home/airflow/.local/lib/python3.12/site-packages/airflow/example_dags/example_branch_day_of_week_operator.py for tasks to queue
[2026-08-06T19:02:27.162+0000] {logging_mixin.py:190} INFO - [2026-08-06T19:02:27.162+0000] {dagbag.py:588} INFO - Filling up the DagBag from /home/airflow/.local/lib/python3.12/site-packages/airflow/example_dags/example_branch_day_of_week_operator.py
[2026-08-06T19:02:27.171+0000] {processor.py:925} INFO - DAG(s) 'example_weekday_branch_operator' retrieved from /home/airflow/.local/lib/python3.12/site-packages/airflow/example_dags/example_branch_day_of_week_operator.py
[2026-08-06T19:02:27.187+0000] {logging_mixin.py:190} INFO - [2026-08-06T19:02:27.187+0000] {dag.py:3239} INFO - Sync 1 DAGs
[2026-08-06T19:02:27.326+0000] {logging_mixin.py:190} INFO - [2026-08-06T19:02:27.326+0000] {dag.py:4180} INFO - Setting next_dagrun for example_weekday_branch_operator to 2026-08-05 00:00:00+00:00, run_after=2026-08-06 00:00:00+00:00
[2026-08-06T19:02:27.341+0000] {processor.py:208} INFO - Processing /home/airflow/.local/lib/python3.12/site-packages/airflow/example_dags/example_branch_day_of_week_operator.py took 0.187 seconds
[2026-08-06T19:02:57.451+0000] {processor.py:186} INFO - Started process (PID=10792) to work on /home/airflow/.local/lib/python3.12/site-packages/airflow/example_dags/example_branch_day_of_week_operator.py
[2026-08-06T19:02:57.453+0000] {processor.py:914} INFO - Processing file /home/airflow/.local/lib/python3.12/site-packages/airflow/example_dags/example_branch_day_of_week_operator.py for tasks to queue
[2026-08-06T19:02:57.455+0000] {logging_mixin.py:190} INFO - [2026-08-06T19:02:57.455+0000] {dagbag.py:588} INFO - Filling up the DagBag from /home/airflow/.local/lib/python3.12/site-packages/airflow/example_dags/example_branch_day_of_week_operator.py
[2026-08-06T19:02:57.464+0000] {processor.py:925} INFO - DAG(s) 'example_weekday_branch_operator' retrieved from /home/airflow/.local/lib/python3.12/site-packages/airflow/example_dags/example_branch_day_of_week_operator.py
[2026-08-06T19:02:57.483+0000] {logging_mixin.py:190} INFO - [2026-08-06T19:02:57.483+0000] {dag.py:3239} INFO - Sync 1 DAGs
[2026-08-06T19:02:57.503+0000] {logging_mixin.py:190} INFO - [2026-08-06T19:02:57.502+0000] {dag.py:4180} INFO - Setting next_dagrun for example_weekday_branch_operator to 2026-08-05 00:00:00+00:00, run_after=2026-08-06 00:00:00+00:00
[2026-08-06T19:02:57.521+0000] {processor.py:208} INFO - Processing /home/airflow/.local/lib/python3.12/site-packages/airflow/example_dags/example_branch_day_of_week_operator.py took 0.074 seconds
[2026-08-06T19:03:27.580+0000] {processor.py:186} INFO - Started process (PID=10855) to work on /home/airflow/.local/lib/python3.12/site-packages/airflow/example_dags/example_branch_day_of_week_operator.py
[2026-08-06T19:03:27.582+0000] {processor.py:914} INFO - Processing file /home/airflow/.local/lib/python3.12/site-packages/airflow/example_dags/example_branch_day_of_week_operator.py for tasks to queue
[2026-08-06T19:03:27.584+0000] {logging_mixin.py:190} INFO - [2026-08-06T19:03:27.584+0000] {dagbag.py:588} INFO - Filling up the DagBag from /home/airflow/.local/lib/python3.12/site-packages/airflow/example_dags/example_branch_day_of_week_operator.py
[2026-08-06T19:03:27.591+0000] {processor.py:925} INFO - DAG(s) 'example_weekday_branch_operator' retrieved from /home/airflow/.local/lib/python3.12/site-packages/airflow/example_dags/example_branch_day_of_week_operator.py
[2026-08-06T19:03:27.606+0000] {logging_mixin.py:190} INFO - [2026-08-06T19:03:27.606+0000] {dag.py:3239} INFO - Sync 1 DAGs
[2026-08-06T19:03:27.622+0000] {logging_mixin.py:190} INFO - [2026-08-06T19:03:27.622+0000] {dag.py:4180} INFO - Setting next_dagrun for example_weekday_branch_operator to 2026-08-05 00:00:00+00:00, run_after=2026-08-06 00:00:00+00:00
[2026-08-06T19:03:27.636+0000] {processor.py:208} INFO - Processing /home/airflow/.local/lib/python3.12/site-packages/airflow/example_dags/example_branch_day_of_week_operator.py took 0.060 seconds
[2026-08-06T19:03:58.067+0000] {processor.py:186} INFO - Started process (PID=10916) to work on /home/airflow/.local/lib/python3.12/site-packages/airflow/example_dags/example_branch_day_of_week_operator.py
[2026-08-06T19:03:58.068+0000] {processor.py:914} INFO - Processing file /home/airflow/.local/lib/python3.12/site-packages/airflow/example_dags/example_branch_day_of_week_operator.py for tasks to queue
[2026-08-06T19:03:58.070+0000] {logging_mixin.py:190} INFO - [2026-08-06T19:03:58.070+0000] {dagbag.py:588} INFO - Filling up the DagBag from /home/airflow/.local/lib/python3.12/site-packages/airflow/example_dags/example_branch_day_of_week_operator.py
[2026-08-06T19:03:58.077+0000] {processor.py:925} INFO - DAG(s) 'example_weekday_branch_operator' retrieved from /home/airflow/.local/lib/python3.12/site-packages/airflow/example_dags/example_branch_day_of_week_operator.py
[2026-08-06T19:03:58.094+0000] {logging_mixin.py:190} INFO - [2026-08-06T19:03:58.093+0000] {dag.py:3239} INFO - Sync 1 DAGs
[2026-08-06T19:03:58.110+0000] {logging_mixin.py:190} INFO - [2026-08-06T19:03:58.110+0000] {dag.py:4180} INFO - Setting next_dagrun for example_weekday_branch_operator to 2026-08-05 00:00:00+00:00, run_after=2026-08-06 00:00:00+00:00
[2026-08-06T19:03:58.128+0000] {processor.py:208} INFO - Processing /home/airflow/.local/lib/python3.12/site-packages/airflow/example_dags/example_branch_day_of_week_operator.py took 0.066 seconds
[2026-08-06T19:04:28.791+0000] {processor.py:186} INFO - Started process (PID=10980) to work on /home/airflow/.local/lib/python3.12/site-packages/airflow/example_dags/example_branch_day_of_week_operator.py
[2026-08-06T19:04:28.793+0000] {processor.py:914} INFO - Processing file /home/airflow/.local/lib/python3.12/site-packages/airflow/example_dags/example_branch_day_of_week_operator.py for tasks to queue
[2026-08-06T19:04:28.795+0000] {logging_mixin.py:190} INFO - [2026-08-06T19:04:28.795+0000] {dagbag.py:588} INFO - Filling up the DagBag from /home/airflow/.local/lib/python3.12/site-packages/airflow/example_dags/example_branch_day_of_week_operator.py
[2026-08-06T19:04:28.802+0000] {processor.py:925} INFO - DAG(s) 'example_weekday_branch_operator' retrieved from /home/airflow/.local/lib/python3.12/site-packages/airflow/example_dags/example_branch_day_of_week_operator.py
[2026-08-06T19:04:28.817+0000] {logging_mixin.py:190} INFO - [2026-08-06T19:04:28.817+0000] {dag.py:3239} INFO - Sync 1 DAGs
[2026-08-06T19:04:28.834+0000] {logging_mixin.py:190} INFO - [2026-08-06T19:04:28.834+0000] {dag.py:4180} INFO - Setting next_dagrun for example_weekday_branch_operator to 2026-08-05 00:00:00+00:00, run_after=2026-08-06 00:00:00+00:00
[2026-08-06T19:04:28.853+0000] {processor.py:208} INFO - Processing /home/airflow/.local/lib/python3.12/site-packages/airflow/example_dags/example_branch_day_of_week_operator.py took 0.066 seconds
[2026-08-06T19:04:59.252+0000] {processor.py:186} INFO - Started process (PID=11044) to work on /home/airflow/.local/lib/python3.12/site-packages/airflow/example_dags/example_branch_day_of_week_operator.py
[2026-08-06T19:04:59.253+0000] {processor.py:914} INFO - Processing file /home/airflow/.local/lib/python3.12/site-packages/airflow/example_dags/example_branch_day_of_week_operator.py for tasks to queue
[2026-08-06T19:04:59.255+0000] {logging_mixin.py:190} INFO - [2026-08-06T19:04:59.255+0000] {dagbag.py:588} INFO - Filling up the DagBag from /home/airflow/.local/lib/python3.12/site-packages/airflow/example_dags/example_branch_day_of_week_operator.py
[2026-08-06T19:04:59.263+0000] {processor.py:925} INFO - DAG(s) 'example_weekday_branch_operator' retrieved from /home/airflow/.local/lib/python3.12/site-packages/airflow/example_dags/example_branch_day_of_week_operator.py
[2026-08-06T19:04:59.283+0000] {logging_mixin.py:190} INFO - [2026-08-06T19:04:59.282+0000] {dag.py:3239} INFO - Sync 1 DAGs
[2026-08-06T19:04:59.301+0000] {logging_mixin.py:190} INFO - [2026-08-06T19:04:59.301+0000] {dag.py:4180} INFO - Setting next_dagrun for example_weekday_branch_operator to 2026-08-05 00:00:00+00:00, run_after=2026-08-06 00:00:00+00:00
[2026-08-06T19:04:59.318+0000] {processor.py:208} INFO - Processing /home/airflow/.local/lib/python3.12/site-packages/airflow/example_dags/example_branch_day_of_week_operator.py took 0.070 seconds
[2026-08-06T19:05:29.810+0000] {processor.py:186} INFO - Started process (PID=11108) to work on /home/airflow/.local/lib/python3.12/site-packages/airflow/example_dags/example_branch_day_of_week_operator.py
[2026-08-06T19:05:29.812+0000] {processor.py:914} INFO - Processing file /home/airflow/.local/lib/python3.12/site-packages/airflow/example_dags/example_branch_day_of_week_operator.py for tasks to queue
[2026-08-06T19:05:29.814+0000] {logging_mixin.py:190} INFO - [2026-08-06T19:05:29.814+0000] {dagbag.py:588} INFO - Filling up the DagBag from /home/airflow/.local/lib/python3.12/site-packages/airflow/example_dags/example_branch_day_of_week_operator.py
[2026-08-06T19:05:29.827+0000] {processor.py:925} INFO - DAG(s) 'example_weekday_branch_operator' retrieved from /home/airflow/.local/lib/python3.12/site-packages/airflow/example_dags/example_branch_day_of_week_operator.py
[2026-08-06T19:05:29.853+0000] {logging_mixin.py:190} INFO - [2026-08-06T19:05:29.852+0000] {dag.py:3239} INFO - Sync 1 DAGs
[2026-08-06T19:05:29.876+0000] {logging_mixin.py:190} INFO - [2026-08-06T19:05:29.876+0000] {dag.py:4180} INFO - Setting next_dagrun for example_weekday_branch_operator to 2026-08-05 00:00:00+00:00, run_after=2026-08-06 00:00:00+00:00
[2026-08-06T19:05:29.897+0000] {processor.py:208} INFO - Processing /home/airflow/.local/lib/python3.12/site-packages/airflow/example_dags/example_branch_day_of_week_operator.py took 0.091 seconds
[2026-08-06T19:06:00.444+0000] {processor.py:186} INFO - Started process (PID=11172) to work on /home/airflow/.local/lib/python3.12/site-packages/airflow/example_dags/example_branch_day_of_week_operator.py
[2026-08-06T19:06:00.445+0000] {processor.py:914} INFO - Processing file /home/airflow/.local/lib/python3.12/site-packages/airflow/example_dags/example_branch_day_of_week_operator.py for tasks to queue
[2026-08-06T19:06:00.447+0000] {logging_mixin.py:190} INFO - [2026-08-06T19:06:00.447+0000] {dagbag.py:588} INFO - Filling up the DagBag from /home/airflow/.local/lib/python3.12/site-packages/airflow/example_dags/example_branch_day_of_week_operator.py
[2026-08-06T19:06:00.454+0000] {processor.py:925} INFO - DAG(s) 'example_weekday_branch_operator' retrieved from /home/airflow/.local/lib/python3.12/site-packages/airflow/example_dags/example_branch_day_of_week_operator.py
[2026-08-06T19:06:00.471+0000] {logging_mixin.py:190} INFO - [2026-08-06T19:06:00.470+0000] {dag.py:3239} INFO - Sync 1 DAGs
[2026-08-06T19:06:00.487+0000] {logging_mixin.py:190} INFO - [2026-08-06T19:06:00.487+0000] {dag.py:4180} INFO - Setting next_dagrun for example_weekday_branch_operator to 2026-08-05 00:00:00+00:00, run_after=2026-08-06 00:00:00+00:00
[2026-08-06T19:06:00.505+0000] {processor.py:208} INFO - Processing /home/airflow/.local/lib/python3.12/site-packages/airflow/example_dags/example_branch_day_of_week_operator.py took 0.065 seconds
[2026-08-06T19:06:30.745+0000] {processor.py:186} INFO - Started process (PID=11236) to work on /home/airflow/.local/lib/python3.12/site-packages/airflow/example_dags/example_branch_day_of_week_operator.py
[2026-08-06T19:06:30.747+0000] {processor.py:914} INFO - Processing file /home/airflow/.local/lib/python3.12/site-packages/airflow/example_dags/example_branch_day_of_week_operator.py for tasks to queue
[2026-08-06T19:06:30.749+0000] {logging_mixin.py:190} INFO - [2026-08-06T19:06:30.749+0000] {dagbag.py:588} INFO - Filling up the DagBag from /home/airflow/.local/lib/python3.12/site-packages/airflow/example_dags/example_branch_day_of_week_operator.py
[2026-08-06T19:06:30.759+0000] {processor.py:925} INFO - DAG(s) 'example_weekday_branch_operator' retrieved from /home/airflow/.local/lib/python3.12/site-packages/airflow/example_dags/example_branch_day_of_week_operator.py
[2026-08-06T19:06:30.776+0000] {logging_mixin.py:190} INFO - [2026-08-06T19:06:30.776+0000] {dag.py:3239} INFO - Sync 1 DAGs
[2026-08-06T19:06:30.794+0000] {logging_mixin.py:190} INFO - [2026-08-06T19:06:30.794+0000] {dag.py:4180} INFO - Setting next_dagrun for example_weekday_branch_operator to 2026-08-05 00:00:00+00:00, run_after=2026-08-06 00:00:00+00:00
[2026-08-06T19:06:30.810+0000] {processor.py:208} INFO - Processing /home/airflow/.local/lib/python3.12/site-packages/airflow/example_dags/example_branch_day_of_week_operator.py took 0.070 seconds
[2026-08-06T19:07:01.714+0000] {processor.py:186} INFO - Started process (PID=11299) to work on /home/airflow/.local/lib/python3.12/site-packages/airflow/example_dags/example_branch_day_of_week_operator.py
[2026-08-06T19:07:01.715+0000] {processor.py:914} INFO - Processing file /home/airflow/.local/lib/python3.12/site-packages/airflow/example_dags/example_branch_day_of_week_operator.py for tasks to queue
[2026-08-06T19:07:01.718+0000] {logging_mixin.py:190} INFO - [2026-08-06T19:07:01.717+0000] {dagbag.py:588} INFO - Filling up the DagBag from /home/airflow/.local/lib/python3.12/site-packages/airflow/example_dags/example_branch_day_of_week_operator.py
[2026-08-06T19:07:01.728+0000] {processor.py:925} INFO - DAG(s) 'example_weekday_branch_operator' retrieved from /home/airflow/.local/lib/python3.12/site-packages/airflow/example_dags/example_branch_day_of_week_operator.py
[2026-08-06T19:07:01.748+0000] {logging_mixin.py:190} INFO - [2026-08-06T19:07:01.748+0000] {dag.py:3239} INFO - Sync 1 DAGs
[2026-08-06T19:07:01.769+0000] {logging_mixin.py:190} INFO - [2026-08-06T19:07:01.769+0000] {dag.py:4180} INFO - Setting next_dagrun for example_weekday_branch_operator to 2026-08-05 00:00:00+00:00, run_after=2026-08-06 00:00:00+00:00
[2026-08-06T19:07:01.794+0000] {processor.py:208} INFO - Processing /home/airflow/.local/lib/python3.12/site-packages/airflow/example_dags/example_branch_day_of_week_operator.py took 0.086 seconds
[2026-08-06T19:07:32.166+0000] {processor.py:186} INFO - Started process (PID=11363) to work on /home/airflow/.local/lib/python3.12/site-packages/airflow/example_dags/example_branch_day_of_week_operator.py
[2026-08-06T19:07:32.167+0000] {processor.py:914} INFO - Processing file /home/airflow/.local/lib/python3.12/site-packages/airflow/example_dags/example_branch_day_of_week_operator.py for tasks to queue
[2026-08-06T19:07:32.170+0000] {logging_mixin.py:190} INFO - [2026-08-06T19:07:32.169+0000] {dagbag.py:588} INFO - Filling up the DagBag from /home/airflow/.local/lib/python3.12/site-packages/airflow/example_dags/example_branch_day_of_week_operator.py
[2026-08-06T19:07:32.178+0000] {processor.py:925} INFO - DAG(s) 'example_weekday_branch_operator' retrieved from /home/airflow/.local/lib/python3.12/site-packages/airflow/example_dags/example_branch_day_of_week_operator.py
[2026-08-06T19:07:32.194+0000] {logging_mixin.py:190} INFO - [2026-08-06T19:07:32.193+0000] {dag.py:3239} INFO - Sync 1 DAGs
[2026-08-06T19:07:32.210+0000] {logging_mixin.py:190} INFO - [2026-08-06T19:07:32.210+0000] {dag.py:4180} INFO - Setting next_dagrun for example_weekday_branch_operator to 2026-08-05 00:00:00+00:00, run_after=2026-08-06 00:00:00+00:00
[2026-08-06T19:07:32.230+0000] {processor.py:208} INFO - Processing /home/airflow/.local/lib/python3.12/site-packages/airflow/example_dags/example_branch_day_of_week_operator.py took 0.068 seconds
[2026-08-06T19:08:02.908+0000] {processor.py:186} INFO - Started process (PID=11427) to work on /home/airflow/.local/lib/python3.12/site-packages/airflow/example_dags/example_branch_day_of_week_operator.py
[2026-08-06T19:08:02.909+0000] {processor.py:914} INFO - Processing file /home/airflow/.local/lib/python3.12/site-packages/airflow/example_dags/example_branch_day_of_week_operator.py for tasks to queue
[2026-08-06T19:08:02.911+0000] {logging_mixin.py:190} INFO - [2026-08-06T19:08:02.911+0000] {dagbag.py:588} INFO - Filling up the DagBag from /home/airflow/.local/lib/python3.12/site-packages/airflow/example_dags/example_branch_day_of_week_operator.py
[2026-08-06T19:08:02.918+0000] {processor.py:925} INFO - DAG(s) 'example_weekday_branch_operator' retrieved from /home/airflow/.local/lib/python3.12/site-packages/airflow/example_dags/example_branch_day_of_week_operator.py
[2026-08-06T19:08:02.933+0000] {logging_mixin.py:190} INFO - [2026-08-06T19:08:02.933+0000] {dag.py:3239} INFO - Sync 1 DAGs
[2026-08-06T19:08:02.951+0000] {logging_mixin.py:190} INFO - [2026-08-06T19:08:02.951+0000] {dag.py:4180} INFO - Setting next_dagrun for example_weekday_branch_operator to 2026-08-05 00:00:00+00:00, run_after=2026-08-06 00:00:00+00:00
[2026-08-06T19:08:02.970+0000] {processor.py:208} INFO - Processing /home/airflow/.local/lib/python3.12/site-packages/airflow/example_dags/example_branch_day_of_week_operator.py took 0.066 seconds
[2026-08-06T19:08:33.344+0000] {processor.py:186} INFO - Started process (PID=11491) to work on /home/airflow/.local/lib/python3.12/site-packages/airflow/example_dags/example_branch_day_of_week_operator.py
[2026-08-06T19:08:33.347+0000] {processor.py:914} INFO - Processing file /home/airflow/.local/lib/python3.12/site-packages/airflow/example_dags/example_branch_day_of_week_operator.py for tasks to queue
[2026-08-06T19:08:33.351+0000] {logging_mixin.py:190} INFO - [2026-08-06T19:08:33.350+0000] {dagbag.py:588} INFO - Filling up the DagBag from /home/airflow/.local/lib/python3.12/site-packages/airflow/example_dags/example_branch_day_of_week_operator.py
[2026-08-06T19:08:33.365+0000] {processor.py:925} INFO - DAG(s) 'example_weekday_branch_operator' retrieved from /home/airflow/.local/lib/python3.12/site-packages/airflow/example_dags/example_branch_day_of_week_operator.py
[2026-08-06T19:08:33.390+0000] {logging_mixin.py:190} INFO - [2026-08-06T19:08:33.390+0000] {dag.py:3239} INFO - Sync 1 DAGs
[2026-08-06T19:08:33.415+0000] {logging_mixin.py:190} INFO - [2026-08-06T19:08:33.415+0000] {dag.py:4180} INFO - Setting next_dagrun for example_weekday_branch_operator to 2026-08-05 00:00:00+00:00, run_after=2026-08-06 00:00:00+00:00
[2026-08-06T19:08:33.444+0000] {processor.py:208} INFO - Processing /home/airflow/.local/lib/python3.12/site-packages/airflow/example_dags/example_branch_day_of_week_operator.py took 0.108 seconds
[2026-08-06T19:09:04.194+0000] {processor.py:186} INFO - Started process (PID=11555) to work on /home/airflow/.local/lib/python3.12/site-packages/airflow/example_dags/example_branch_day_of_week_operator.py
[2026-08-06T19:09:04.199+0000] {processor.py:914} INFO - Processing file /home/airflow/.local/lib/python3.12/site-packages/airflow/example_dags/example_branch_day_of_week_operator.py for tasks to queue
[2026-08-06T19:09:04.202+0000] {logging_mixin.py:190} INFO - [2026-08-06T19:09:04.202+0000] {dagbag.py:588} INFO - Filling up the DagBag from /home/airflow/.local/lib/python3.12/site-packages/airflow/example_dags/example_branch_day_of_week_operator.py
[2026-08-06T19:09:04.211+0000] {processor.py:925} INFO - DAG(s) 'example_weekday_branch_operator' retrieved from /home/airflow/.local/lib/python3.12/site-packages/airflow/example_dags/example_branch_day_of_week_operator.py
[2026-08-06T19:09:04.228+0000] {logging_mixin.py:190} INFO - [2026-08-06T19:09:04.227+0000] {dag.py:3239} INFO - Sync 1 DAGs
[2026-08-06T19:09:04.247+0000] {logging_mixin.py:190} INFO - [2026-08-06T19:09:04.247+0000] {dag.py:4180} INFO - Setting next_dagrun for example_weekday_branch_operator to 2026-08-05 00:00:00+00:00, run_after=2026-08-06 00:00:00+00:00
[2026-08-06T19:09:04.266+0000] {processor.py:208} INFO - Processing /home/airflow/.local/lib/python3.12/site-packages/airflow/example_dags/example_branch_day_of_week_operator.py took 0.076 seconds
[2026-08-06T19:09:35.142+0000] {processor.py:186} INFO - Started process (PID=11619) to work on /home/airflow/.local/lib/python3.12/site-packages/airflow/example_dags/example_branch_day_of_week_operator.py
[2026-08-06T19:09:35.143+0000] {processor.py:914} INFO - Processing file /home/airflow/.local/lib/python3.12/site-packages/airflow/example_dags/example_branch_day_of_week_operator.py for tasks to queue
[2026-08-06T19:09:35.145+0000] {logging_mixin.py:190} INFO - [2026-08-06T19:09:35.145+0000] {dagbag.py:588} INFO - Filling up the DagBag from /home/airflow/.local/lib/python3.12/site-packages/airflow/example_dags/example_branch_day_of_week_operator.py
[2026-08-06T19:09:35.153+0000] {processor.py:925} INFO - DAG(s) 'example_weekday_branch_operator' retrieved from /home/airflow/.local/lib/python3.12/site-packages/airflow/example_dags/example_branch_day_of_week_operator.py
[2026-08-06T19:09:35.169+0000] {logging_mixin.py:190} INFO - [2026-08-06T19:09:35.168+0000] {dag.py:3239} INFO - Sync 1 DAGs
[2026-08-06T19:09:35.187+0000] {logging_mixin.py:190} INFO - [2026-08-06T19:09:35.187+0000] {dag.py:4180} INFO - Setting next_dagrun for example_weekday_branch_operator to 2026-08-05 00:00:00+00:00, run_after=2026-08-06 00:00:00+00:00
[2026-08-06T19:09:35.204+0000] {processor.py:208} INFO - Processing /home/airflow/.local/lib/python3.12/site-packages/airflow/example_dags/example_branch_day_of_week_operator.py took 0.066 seconds
[2026-08-06T19:10:06.071+0000] {processor.py:186} INFO - Started process (PID=11683) to work on /home/airflow/.local/lib/python3.12/site-packages/airflow/example_dags/example_branch_day_of_week_operator.py
[2026-08-06T19:10:06.073+0000] {processor.py:914} INFO - Processing file /home/airflow/.local/lib/python3.12/site-packages/airflow/example_dags/example_branch_day_of_week_operator.py for tasks to queue
[2026-08-06T19:10:06.076+0000] {logging_mixin.py:190} INFO - [2026-08-06T19:10:06.076+0000] {dagbag.py:588} INFO - Filling up the DagBag from /home/airflow/.local/lib/python3.12/site-packages/airflow/example_dags/example_branch_day_of_week_operator.py
[2026-08-06T19:10:06.085+0000] {processor.py:925} INFO - DAG(s) 'example_weekday_branch_operator' retrieved from /home/airflow/.local/lib/python3.12/site-packages/airflow/example_dags/example_branch_day_of_week_operator.py
[2026-08-06T19:10:06.104+0000] {logging_mixin.py:190} INFO - [2026-08-06T19:10:06.104+0000] {dag.py:3239} INFO - Sync 1 DAGs
[2026-08-06T19:10:06.122+0000] {logging_mixin.py:190} INFO - [2026-08-06T19:10:06.122+0000] {dag.py:4180} INFO - Setting next_dagrun for example_weekday_branch_operator to 2026-08-05 00:00:00+00:00, run_after=2026-08-06 00:00:00+00:00
[2026-08-06T19:10:06.142+0000] {processor.py:208} INFO - Processing /home/airflow/.local/lib/python3.12/site-packages/airflow/example_dags/example_branch_day_of_week_operator.py took 0.077 seconds
[2026-08-06T19:10:36.964+0000] {processor.py:186} INFO - Started process (PID=11747) to work on /home/airflow/.local/lib/python3.12/site-packages/airflow/example_dags/example_branch_day_of_week_operator.py
[2026-08-06T19:10:36.965+0000] {processor.py:914} INFO - Processing file /home/airflow/.local/lib/python3.12/site-packages/airflow/example_dags/example_branch_day_of_week_operator.py for tasks to queue
[2026-08-06T19:10:36.969+0000] {logging_mixin.py:190} INFO - [2026-08-06T19:10:36.968+0000] {dagbag.py:588} INFO - Filling up the DagBag from /home/airflow/.local/lib/python3.12/site-packages/airflow/example_dags/example_branch_day_of_week_operator.py
[2026-08-06T19:10:36.978+0000] {processor.py:925} INFO - DAG(s) 'example_weekday_branch_operator' retrieved from /home/airflow/.local/lib/python3.12/site-packages/airflow/example_dags/example_branch_day_of_week_operator.py
[2026-08-06T19:10:36.998+0000] {logging_mixin.py:190} INFO - [2026-08-06T19:10:36.997+0000] {dag.py:3239} INFO - Sync 1 DAGs
[2026-08-06T19:10:37.023+0000] {logging_mixin.py:190} INFO - [2026-08-06T19:10:37.023+0000] {dag.py:4180} INFO - Setting next_dagrun for example_weekday_branch_operator to 2026-08-05 00:00:00+00:00, run_after=2026-08-06 00:00:00+00:00
[2026-08-06T19:10:37.045+0000] {processor.py:208} INFO - Processing /home/airflow/.local/lib/python3.12/site-packages/airflow/example_dags/example_branch_day_of_week_operator.py took 0.089 seconds
[2026-08-06T19:11:07.282+0000] {processor.py:186} INFO - Started process (PID=11811) to work on /home/airflow/.local/lib/python3.12/site-packages/airflow/example_dags/example_branch_day_of_week_operator.py
[2026-08-06T19:11:07.283+0000] {processor.py:914} INFO - Processing file /home/airflow/.local/lib/python3.12/site-packages/airflow/example_dags/example_branch_day_of_week_operator.py for tasks to queue
[2026-08-06T19:11:07.286+0000] {logging_mixin.py:190} INFO - [2026-08-06T19:11:07.285+0000] {dagbag.py:588} INFO - Filling up the DagBag from /home/airflow/.local/lib/python3.12/site-packages/airflow/example_dags/example_branch_day_of_week_operator.py
[2026-08-06T19:11:07.293+0000] {processor.py:925} INFO - DAG(s) 'example_weekday_branch_operator' retrieved from /home/airflow/.local/lib/python3.12/site-packages/airflow/example_dags/example_branch_day_of_week_operator.py
[2026-08-06T19:11:07.323+0000] {logging_mixin.py:190} INFO - [2026-08-06T19:11:07.322+0000] {dag.py:3239} INFO - Sync 1 DAGs
[2026-08-06T19:11:07.342+0000] {logging_mixin.py:190} INFO - [2026-08-06T19:11:07.341+0000] {dag.py:4180} INFO - Setting next_dagrun for example_weekday_branch_operator to 2026-08-05 00:00:00+00:00, run_after=2026-08-06 00:00:00+00:00
[2026-08-06T19:11:07.361+0000] {processor.py:208} INFO - Processing /home/airflow/.local/lib/python3.12/site-packages/airflow/example_dags/example_branch_day_of_week_operator.py took 0.083 seconds
[2026-08-06T19:11:37.535+0000] {processor.py:186} INFO - Started process (PID=11875) to work on /home/airflow/.local/lib/python3.12/site-packages/airflow/example_dags/example_branch_day_of_week_operator.py
[2026-08-06T19:11:37.537+0000] {processor.py:914} INFO - Processing file /home/airflow/.local/lib/python3.12/site-packages/airflow/example_dags/example_branch_day_of_week_operator.py for tasks to queue
[2026-08-06T19:11:37.541+0000] {logging_mixin.py:190} INFO - [2026-08-06T19:11:37.540+0000] {dagbag.py:588} INFO - Filling up the DagBag from /home/airflow/.local/lib/python3.12/site-packages/airflow/example_dags/example_branch_day_of_week_operator.py
[2026-08-06T19:11:37.553+0000] {processor.py:925} INFO - DAG(s) 'example_weekday_branch_operator' retrieved from /home/airflow/.local/lib/python3.12/site-packages/airflow/example_dags/example_branch_day_of_week_operator.py
[2026-08-06T19:11:37.577+0000] {logging_mixin.py:190} INFO - [2026-08-06T19:11:37.576+0000] {dag.py:3239} INFO - Sync 1 DAGs
[2026-08-06T19:11:37.596+0000] {logging_mixin.py:190} INFO - [2026-08-06T19:11:37.596+0000] {dag.py:4180} INFO - Setting next_dagrun for example_weekday_branch_operator to 2026-08-05 00:00:00+00:00, run_after=2026-08-06 00:00:00+00:00
[2026-08-06T19:11:37.616+0000] {processor.py:208} INFO - Processing /home/airflow/.local/lib/python3.12/site-packages/airflow/example_dags/example_branch_day_of_week_operator.py took 0.090 seconds
[2026-08-06T19:12:07.765+0000] {processor.py:186} INFO - Started process (PID=11939) to work on /home/airflow/.local/lib/python3.12/site-packages/airflow/example_dags/example_branch_day_of_week_operator.py
[2026-08-06T19:12:07.767+0000] {processor.py:914} INFO - Processing file /home/airflow/.local/lib/python3.12/site-packages/airflow/example_dags/example_branch_day_of_week_operator.py for tasks to queue
[2026-08-06T19:12:07.770+0000] {logging_mixin.py:190} INFO - [2026-08-06T19:12:07.769+0000] {dagbag.py:588} INFO - Filling up the DagBag from /home/airflow/.local/lib/python3.12/site-packages/airflow/example_dags/example_branch_day_of_week_operator.py
[2026-08-06T19:12:07.779+0000] {processor.py:925} INFO - DAG(s) 'example_weekday_branch_operator' retrieved from /home/airflow/.local/lib/python3.12/site-packages/airflow/example_dags/example_branch_day_of_week_operator.py
[2026-08-06T19:12:07.794+0000] {logging_mixin.py:190} INFO - [2026-08-06T19:12:07.794+0000] {dag.py:3239} INFO - Sync 1 DAGs
[2026-08-06T19:12:07.812+0000] {logging_mixin.py:190} INFO - [2026-08-06T19:12:07.812+0000] {dag.py:4180} INFO - Setting next_dagrun for example_weekday_branch_operator to 2026-08-05 00:00:00+00:00, run_after=2026-08-06 00:00:00+00:00
[2026-08-06T19:12:07.828+0000] {processor.py:208} INFO - Processing /home/airflow/.local/lib/python3.12/site-packages/airflow/example_dags/example_branch_day_of_week_operator.py took 0.067 seconds
[2026-08-06T19:12:37.903+0000] {processor.py:186} INFO - Started process (PID=12003) to work on /home/airflow/.local/lib/python3.12/site-packages/airflow/example_dags/example_branch_day_of_week_operator.py
[2026-08-06T19:12:37.904+0000] {processor.py:914} INFO - Processing file /home/airflow/.local/lib/python3.12/site-packages/airflow/example_dags/example_branch_day_of_week_operator.py for tasks to queue
[2026-08-06T19:12:37.906+0000] {logging_mixin.py:190} INFO - [2026-08-06T19:12:37.906+0000] {dagbag.py:588} INFO - Filling up the DagBag from /home/airflow/.local/lib/python3.12/site-packages/airflow/example_dags/example_branch_day_of_week_operator.py
[2026-08-06T19:12:37.915+0000] {processor.py:925} INFO - DAG(s) 'example_weekday_branch_operator' retrieved from /home/airflow/.local/lib/python3.12/site-packages/airflow/example_dags/example_branch_day_of_week_operator.py
[2026-08-06T19:12:37.934+0000] {logging_mixin.py:190} INFO - [2026-08-06T19:12:37.933+0000] {dag.py:3239} INFO - Sync 1 DAGs
[2026-08-06T19:12:37.951+0000] {logging_mixin.py:190} INFO - [2026-08-06T19:12:37.951+0000] {dag.py:4180} INFO - Setting next_dagrun for example_weekday_branch_operator to 2026-08-05 00:00:00+00:00, run_after=2026-08-06 00:00:00+00:00
[2026-08-06T19:12:37.970+0000] {processor.py:208} INFO - Processing /home/airflow/.local/lib/python3.12/site-packages/airflow/example_dags/example_branch_day_of_week_operator.py took 0.075 seconds
[2026-08-06T19:13:08.125+0000] {processor.py:186} INFO - Started process (PID=12059) to work on /home/airflow/.local/lib/python3.12/site-packages/airflow/example_dags/example_branch_day_of_week_operator.py
[2026-08-06T19:13:08.126+0000] {processor.py:914} INFO - Processing file /home/airflow/.local/lib/python3.12/site-packages/airflow/example_dags/example_branch_day_of_week_operator.py for tasks to queue
[2026-08-06T19:13:08.128+0000] {logging_mixin.py:190} INFO - [2026-08-06T19:13:08.128+0000] {dagbag.py:588} INFO - Filling up the DagBag from /home/airflow/.local/lib/python3.12/site-packages/airflow/example_dags/example_branch_day_of_week_operator.py
[2026-08-06T19:13:08.136+0000] {processor.py:925} INFO - DAG(s) 'example_weekday_branch_operator' retrieved from /home/airflow/.local/lib/python3.12/site-packages/airflow/example_dags/example_branch_day_of_week_operator.py
[2026-08-06T19:13:08.152+0000] {logging_mixin.py:190} INFO - [2026-08-06T19:13:08.152+0000] {dag.py:3239} INFO - Sync 1 DAGs
[2026-08-06T19:13:08.170+0000] {logging_mixin.py:190} INFO - [2026-08-06T19:13:08.170+0000] {dag.py:4180} INFO - Setting next_dagrun for example_weekday_branch_operator to 2026-08-05 00:00:00+00:00, run_after=2026-08-06 00:00:00+00:00
[2026-08-06T19:13:08.185+0000] {processor.py:208} INFO - Processing /home/airflow/.local/lib/python3.12/site-packages/airflow/example_dags/example_branch_day_of_week_operator.py took 0.065 seconds
[2026-08-06T19:13:38.675+0000] {processor.py:186} INFO - Started process (PID=12113) to work on /home/airflow/.local/lib/python3.12/site-packages/airflow/example_dags/example_branch_day_of_week_operator.py
[2026-08-06T19:13:38.677+0000] {processor.py:914} INFO - Processing file /home/airflow/.local/lib/python3.12/site-packages/airflow/example_dags/example_branch_day_of_week_operator.py for tasks to queue
[2026-08-06T19:13:38.679+0000] {logging_mixin.py:190} INFO - [2026-08-06T19:13:38.679+0000] {dagbag.py:588} INFO - Filling up the DagBag from /home/airflow/.local/lib/python3.12/site-packages/airflow/example_dags/example_branch_day_of_week_operator.py
[2026-08-06T19:13:38.687+0000] {processor.py:925} INFO - DAG(s) 'example_weekday_branch_operator' retrieved from /home/airflow/.local/lib/python3.12/site-packages/airflow/example_dags/example_branch_day_of_week_operator.py
[2026-08-06T19:13:38.704+0000] {logging_mixin.py:190} INFO - [2026-08-06T19:13:38.704+0000] {dag.py:3239} INFO - Sync 1 DAGs
[2026-08-06T19:13:38.724+0000] {logging_mixin.py:190} INFO - [2026-08-06T19:13:38.724+0000] {dag.py:4180} INFO - Setting next_dagrun for example_weekday_branch_operator to 2026-08-05 00:00:00+00:00, run_after=2026-08-06 00:00:00+00:00
[2026-08-06T19:13:38.742+0000] {processor.py:208} INFO - Processing /home/airflow/.local/lib/python3.12/site-packages/airflow/example_dags/example_branch_day_of_week_operator.py took 0.072 seconds
[2026-08-06T19:14:09.373+0000] {processor.py:186} INFO - Started process (PID=12177) to work on /home/airflow/.local/lib/python3.12/site-packages/airflow/example_dags/example_branch_day_of_week_operator.py
[2026-08-06T19:14:09.374+0000] {processor.py:914} INFO - Processing file /home/airflow/.local/lib/python3.12/site-packages/airflow/example_dags/example_branch_day_of_week_operator.py for tasks to queue
[2026-08-06T19:14:09.376+0000] {logging_mixin.py:190} INFO - [2026-08-06T19:14:09.376+0000] {dagbag.py:588} INFO - Filling up the DagBag from /home/airflow/.local/lib/python3.12/site-packages/airflow/example_dags/example_branch_day_of_week_operator.py
[2026-08-06T19:14:09.385+0000] {processor.py:925} INFO - DAG(s) 'example_weekday_branch_operator' retrieved from /home/airflow/.local/lib/python3.12/site-packages/airflow/example_dags/example_branch_day_of_week_operator.py
[2026-08-06T19:14:09.403+0000] {logging_mixin.py:190} INFO - [2026-08-06T19:14:09.403+0000] {dag.py:3239} INFO - Sync 1 DAGs
[2026-08-06T19:14:09.424+0000] {logging_mixin.py:190} INFO - [2026-08-06T19:14:09.424+0000] {dag.py:4180} INFO - Setting next_dagrun for example_weekday_branch_operator to 2026-08-05 00:00:00+00:00, run_after=2026-08-06 00:00:00+00:00
[2026-08-06T19:14:09.447+0000] {processor.py:208} INFO - Processing /home/airflow/.local/lib/python3.12/site-packages/airflow/example_dags/example_branch_day_of_week_operator.py took 0.079 seconds
[2026-08-06T19:14:40.384+0000] {processor.py:186} INFO - Started process (PID=12240) to work on /home/airflow/.local/lib/python3.12/site-packages/airflow/example_dags/example_branch_day_of_week_operator.py
[2026-08-06T19:14:40.385+0000] {processor.py:914} INFO - Processing file /home/airflow/.local/lib/python3.12/site-packages/airflow/example_dags/example_branch_day_of_week_operator.py for tasks to queue
[2026-08-06T19:14:40.387+0000] {logging_mixin.py:190} INFO - [2026-08-06T19:14:40.387+0000] {dagbag.py:588} INFO - Filling up the DagBag from /home/airflow/.local/lib/python3.12/site-packages/airflow/example_dags/example_branch_day_of_week_operator.py
[2026-08-06T19:14:40.395+0000] {processor.py:925} INFO - DAG(s) 'example_weekday_branch_operator' retrieved from /home/airflow/.local/lib/python3.12/site-packages/airflow/example_dags/example_branch_day_of_week_operator.py
[2026-08-06T19:14:40.410+0000] {logging_mixin.py:190} INFO - [2026-08-06T19:14:40.410+0000] {dag.py:3239} INFO - Sync 1 DAGs
[2026-08-06T19:14:40.432+0000] {logging_mixin.py:190} INFO - [2026-08-06T19:14:40.432+0000] {dag.py:4180} INFO - Setting next_dagrun for example_weekday_branch_operator to 2026-08-05 00:00:00+00:00, run_after=2026-08-06 00:00:00+00:00
[2026-08-06T19:14:40.449+0000] {processor.py:208} INFO - Processing /home/airflow/.local/lib/python3.12/site-packages/airflow/example_dags/example_branch_day_of_week_operator.py took 0.069 seconds
[2026-08-06T19:15:11.165+0000] {processor.py:186} INFO - Started process (PID=12310) to work on /home/airflow/.local/lib/python3.12/site-packages/airflow/example_dags/example_branch_day_of_week_operator.py
[2026-08-06T19:15:11.166+0000] {processor.py:914} INFO - Processing file /home/airflow/.local/lib/python3.12/site-packages/airflow/example_dags/example_branch_day_of_week_operator.py for tasks to queue
[2026-08-06T19:15:11.168+0000] {logging_mixin.py:190} INFO - [2026-08-06T19:15:11.168+0000] {dagbag.py:588} INFO - Filling up the DagBag from /home/airflow/.local/lib/python3.12/site-packages/airflow/example_dags/example_branch_day_of_week_operator.py
[2026-08-06T19:15:11.176+0000] {processor.py:925} INFO - DAG(s) 'example_weekday_branch_operator' retrieved from /home/airflow/.local/lib/python3.12/site-packages/airflow/example_dags/example_branch_day_of_week_operator.py
[2026-08-06T19:15:11.193+0000] {logging_mixin.py:190} INFO - [2026-08-06T19:15:11.193+0000] {dag.py:3239} INFO - Sync 1 DAGs
[2026-08-06T19:15:11.221+0000] {logging_mixin.py:190} INFO - [2026-08-06T19:15:11.221+0000] {dag.py:4180} INFO - Setting next_dagrun for example_weekday_branch_operator to 2026-08-05 00:00:00+00:00, run_after=2026-08-06 00:00:00+00:00
[2026-08-06T19:15:11.247+0000] {processor.py:208} INFO - Processing /home/airflow/.local/lib/python3.12/site-packages/airflow/example_dags/example_branch_day_of_week_operator.py took 0.086 seconds
[2026-08-06T19:15:41.395+0000] {processor.py:186} INFO - Started process (PID=12374) to work on /home/airflow/.local/lib/python3.12/site-packages/airflow/example_dags/example_branch_day_of_week_operator.py
[2026-08-06T19:15:41.396+0000] {processor.py:914} INFO - Processing file /home/airflow/.local/lib/python3.12/site-packages/airflow/example_dags/example_branch_day_of_week_operator.py for tasks to queue
[2026-08-06T19:15:41.399+0000] {logging_mixin.py:190} INFO - [2026-08-06T19:15:41.398+0000] {dagbag.py:588} INFO - Filling up the DagBag from /home/airflow/.local/lib/python3.12/site-packages/airflow/example_dags/example_branch_day_of_week_operator.py
[2026-08-06T19:15:41.409+0000] {processor.py:925} INFO - DAG(s) 'example_weekday_branch_operator' retrieved from /home/airflow/.local/lib/python3.12/site-packages/airflow/example_dags/example_branch_day_of_week_operator.py
[2026-08-06T19:15:41.429+0000] {logging_mixin.py:190} INFO - [2026-08-06T19:15:41.429+0000] {dag.py:3239} INFO - Sync 1 DAGs
[2026-08-06T19:15:41.450+0000] {logging_mixin.py:190} INFO - [2026-08-06T19:15:41.449+0000] {dag.py:4180} INFO - Setting next_dagrun for example_weekday_branch_operator to 2026-08-05 00:00:00+00:00, run_after=2026-08-06 00:00:00+00:00
[2026-08-06T19:15:41.470+0000] {processor.py:208} INFO - Processing /home/airflow/.local/lib/python3.12/site-packages/airflow/example_dags/example_branch_day_of_week_operator.py took 0.080 seconds
[2026-08-06T19:16:11.885+0000] {processor.py:186} INFO - Started process (PID=12437) to work on /home/airflow/.local/lib/python3.12/site-packages/airflow/example_dags/example_branch_day_of_week_operator.py
[2026-08-06T19:16:11.887+0000] {processor.py:914} INFO - Processing file /home/airflow/.local/lib/python3.12/site-packages/airflow/example_dags/example_branch_day_of_week_operator.py for tasks to queue
[2026-08-06T19:16:11.889+0000] {logging_mixin.py:190} INFO - [2026-08-06T19:16:11.889+0000] {dagbag.py:588} INFO - Filling up the DagBag from /home/airflow/.local/lib/python3.12/site-packages/airflow/example_dags/example_branch_day_of_week_operator.py
[2026-08-06T19:16:11.898+0000] {processor.py:925} INFO - DAG(s) 'example_weekday_branch_operator' retrieved from /home/airflow/.local/lib/python3.12/site-packages/airflow/example_dags/example_branch_day_of_week_operator.py
[2026-08-06T19:16:11.919+0000] {logging_mixin.py:190} INFO - [2026-08-06T19:16:11.919+0000] {dag.py:3239} INFO - Sync 1 DAGs
[2026-08-06T19:16:11.940+0000] {logging_mixin.py:190} INFO - [2026-08-06T19:16:11.940+0000] {dag.py:4180} INFO - Setting next_dagrun for example_weekday_branch_operator to 2026-08-05 00:00:00+00:00, run_after=2026-08-06 00:00:00+00:00
[2026-08-06T19:16:11.958+0000] {processor.py:208} INFO - Processing /home/airflow/.local/lib/python3.12/site-packages/airflow/example_dags/example_branch_day_of_week_operator.py took 0.078 seconds
[2026-08-06T19:16:43.121+0000] {processor.py:186} INFO - Started process (PID=12502) to work on /home/airflow/.local/lib/python3.12/site-packages/airflow/example_dags/example_branch_day_of_week_operator.py
[2026-08-06T19:16:43.123+0000] {processor.py:914} INFO - Processing file /home/airflow/.local/lib/python3.12/site-packages/airflow/example_dags/example_branch_day_of_week_operator.py for tasks to queue
[2026-08-06T19:16:43.126+0000] {logging_mixin.py:190} INFO - [2026-08-06T19:16:43.126+0000] {dagbag.py:588} INFO - Filling up the DagBag from /home/airflow/.local/lib/python3.12/site-packages/airflow/example_dags/example_branch_day_of_week_operator.py
[2026-08-06T19:16:43.141+0000] {processor.py:925} INFO - DAG(s) 'example_weekday_branch_operator' retrieved from /home/airflow/.local/lib/python3.12/site-packages/airflow/example_dags/example_branch_day_of_week_operator.py
[2026-08-06T19:16:43.167+0000] {logging_mixin.py:190} INFO - [2026-08-06T19:16:43.166+0000] {dag.py:3239} INFO - Sync 1 DAGs
[2026-08-06T19:16:43.200+0000] {logging_mixin.py:190} INFO - [2026-08-06T19:16:43.199+0000] {dag.py:4180} INFO - Setting next_dagrun for example_weekday_branch_operator to 2026-08-05 00:00:00+00:00, run_after=2026-08-06 00:00:00+00:00
[2026-08-06T19:16:43.229+0000] {processor.py:208} INFO - Processing /home/airflow/.local/lib/python3.12/site-packages/airflow/example_dags/example_branch_day_of_week_operator.py took 0.115 seconds
[2026-08-06T19:17:13.570+0000] {processor.py:186} INFO - Started process (PID=12565) to work on /home/airflow/.local/lib/python3.12/site-packages/airflow/example_dags/example_branch_day_of_week_operator.py
[2026-08-06T19:17:13.571+0000] {processor.py:914} INFO - Processing file /home/airflow/.local/lib/python3.12/site-packages/airflow/example_dags/example_branch_day_of_week_operator.py for tasks to queue
[2026-08-06T19:17:13.575+0000] {logging_mixin.py:190} INFO - [2026-08-06T19:17:13.575+0000] {dagbag.py:588} INFO - Filling up the DagBag from /home/airflow/.local/lib/python3.12/site-packages/airflow/example_dags/example_branch_day_of_week_operator.py
[2026-08-06T19:17:13.588+0000] {processor.py:925} INFO - DAG(s) 'example_weekday_branch_operator' retrieved from /home/airflow/.local/lib/python3.12/site-packages/airflow/example_dags/example_branch_day_of_week_operator.py
[2026-08-06T19:17:13.606+0000] {logging_mixin.py:190} INFO - [2026-08-06T19:17:13.606+0000] {dag.py:3239} INFO - Sync 1 DAGs
[2026-08-06T19:17:13.635+0000] {logging_mixin.py:190} INFO - [2026-08-06T19:17:13.634+0000] {dag.py:4180} INFO - Setting next_dagrun for example_weekday_branch_operator to 2026-08-05 00:00:00+00:00, run_after=2026-08-06 00:00:00+00:00
[2026-08-06T19:17:13.662+0000] {processor.py:208} INFO - Processing /home/airflow/.local/lib/python3.12/site-packages/airflow/example_dags/example_branch_day_of_week_operator.py took 0.097 seconds
[2026-08-06T19:17:44.499+0000] {processor.py:186} INFO - Started process (PID=12629) to work on /home/airflow/.local/lib/python3.12/site-packages/airflow/example_dags/example_branch_day_of_week_operator.py
[2026-08-06T19:17:44.499+0000] {processor.py:914} INFO - Processing file /home/airflow/.local/lib/python3.12/site-packages/airflow/example_dags/example_branch_day_of_week_operator.py for tasks to queue
[2026-08-06T19:17:44.501+0000] {logging_mixin.py:190} INFO - [2026-08-06T19:17:44.501+0000] {dagbag.py:588} INFO - Filling up the DagBag from /home/airflow/.local/lib/python3.12/site-packages/airflow/example_dags/example_branch_day_of_week_operator.py
[2026-08-06T19:17:44.510+0000] {processor.py:925} INFO - DAG(s) 'example_weekday_branch_operator' retrieved from /home/airflow/.local/lib/python3.12/site-packages/airflow/example_dags/example_branch_day_of_week_operator.py
[2026-08-06T19:17:44.534+0000] {logging_mixin.py:190} INFO - [2026-08-06T19:17:44.534+0000] {dag.py:3239} INFO - Sync 1 DAGs
[2026-08-06T19:17:44.560+0000] {logging_mixin.py:190} INFO - [2026-08-06T19:17:44.560+0000] {dag.py:4180} INFO - Setting next_dagrun for example_weekday_branch_operator to 2026-08-05 00:00:00+00:00, run_after=2026-08-06 00:00:00+00:00
[2026-08-06T19:17:44.580+0000] {processor.py:208} INFO - Processing /home/airflow/.local/lib/python3.12/site-packages/airflow/example_dags/example_branch_day_of_week_operator.py took 0.086 seconds
[2026-08-06T19:18:15.100+0000] {processor.py:186} INFO - Started process (PID=12693) to work on /home/airflow/.local/lib/python3.12/site-packages/airflow/example_dags/example_branch_day_of_week_operator.py
[2026-08-06T19:18:15.102+0000] {processor.py:914} INFO - Processing file /home/airflow/.local/lib/python3.12/site-packages/airflow/example_dags/example_branch_day_of_week_operator.py for tasks to queue
[2026-08-06T19:18:15.104+0000] {logging_mixin.py:190} INFO - [2026-08-06T19:18:15.104+0000] {dagbag.py:588} INFO - Filling up the DagBag from /home/airflow/.local/lib/python3.12/site-packages/airflow/example_dags/example_branch_day_of_week_operator.py
[2026-08-06T19:18:15.115+0000] {processor.py:925} INFO - DAG(s) 'example_weekday_branch_operator' retrieved from /home/airflow/.local/lib/python3.12/site-packages/airflow/example_dags/example_branch_day_of_week_operator.py
[2026-08-06T19:18:15.134+0000] {logging_mixin.py:190} INFO - [2026-08-06T19:18:15.134+0000] {dag.py:3239} INFO - Sync 1 DAGs
[2026-08-06T19:18:15.166+0000] {logging_mixin.py:190} INFO - [2026-08-06T19:18:15.166+0000] {dag.py:4180} INFO - Setting next_dagrun for example_weekday_branch_operator to 2026-08-05 00:00:00+00:00, run_after=2026-08-06 00:00:00+00:00
[2026-08-06T19:18:15.194+0000] {processor.py:208} INFO - Processing /home/airflow/.local/lib/python3.12/site-packages/airflow/example_dags/example_branch_day_of_week_operator.py took 0.098 seconds
[2026-08-06T19:18:45.425+0000] {processor.py:186} INFO - Started process (PID=12756) to work on /home/airflow/.local/lib/python3.12/site-packages/airflow/example_dags/example_branch_day_of_week_operator.py
[2026-08-06T19:18:45.427+0000] {processor.py:914} INFO - Processing file /home/airflow/.local/lib/python3.12/site-packages/airflow/example_dags/example_branch_day_of_week_operator.py for tasks to queue
[2026-08-06T19:18:45.429+0000] {logging_mixin.py:190} INFO - [2026-08-06T19:18:45.428+0000] {dagbag.py:588} INFO - Filling up the DagBag from /home/airflow/.local/lib/python3.12/site-packages/airflow/example_dags/example_branch_day_of_week_operator.py
[2026-08-06T19:18:45.436+0000] {processor.py:925} INFO - DAG(s) 'example_weekday_branch_operator' retrieved from /home/airflow/.local/lib/python3.12/site-packages/airflow/example_dags/example_branch_day_of_week_operator.py
[2026-08-06T19:18:45.455+0000] {logging_mixin.py:190} INFO - [2026-08-06T19:18:45.455+0000] {dag.py:3239} INFO - Sync 1 DAGs
[2026-08-06T19:18:45.473+0000] {logging_mixin.py:190} INFO - [2026-08-06T19:18:45.473+0000] {dag.py:4180} INFO - Setting next_dagrun for example_weekday_branch_operator to 2026-08-05 00:00:00+00:00, run_after=2026-08-06 00:00:00+00:00
[2026-08-06T19:18:45.489+0000] {processor.py:208} INFO - Processing /home/airflow/.local/lib/python3.12/site-packages/airflow/example_dags/example_branch_day_of_week_operator.py took 0.068 seconds
[2026-08-06T19:19:15.632+0000] {processor.py:186} INFO - Started process (PID=12820) to work on /home/airflow/.local/lib/python3.12/site-packages/airflow/example_dags/example_branch_day_of_week_operator.py
[2026-08-06T19:19:15.634+0000] {processor.py:914} INFO - Processing file /home/airflow/.local/lib/python3.12/site-packages/airflow/example_dags/example_branch_day_of_week_operator.py for tasks to queue
[2026-08-06T19:19:15.636+0000] {logging_mixin.py:190} INFO - [2026-08-06T19:19:15.636+0000] {dagbag.py:588} INFO - Filling up the DagBag from /home/airflow/.local/lib/python3.12/site-packages/airflow/example_dags/example_branch_day_of_week_operator.py
[2026-08-06T19:19:15.643+0000] {processor.py:925} INFO - DAG(s) 'example_weekday_branch_operator' retrieved from /home/airflow/.local/lib/python3.12/site-packages/airflow/example_dags/example_branch_day_of_week_operator.py
[2026-08-06T19:19:15.659+0000] {logging_mixin.py:190} INFO - [2026-08-06T19:19:15.659+0000] {dag.py:3239} INFO - Sync 1 DAGs
[2026-08-06T19:19:15.678+0000] {logging_mixin.py:190} INFO - [2026-08-06T19:19:15.678+0000] {dag.py:4180} INFO - Setting next_dagrun for example_weekday_branch_operator to 2026-08-05 00:00:00+00:00, run_after=2026-08-06 00:00:00+00:00
[2026-08-06T19:19:15.697+0000] {processor.py:208} INFO - Processing /home/airflow/.local/lib/python3.12/site-packages/airflow/example_dags/example_branch_day_of_week_operator.py took 0.069 seconds
[2026-08-06T19:19:45.918+0000] {processor.py:186} INFO - Started process (PID=12883) to work on /home/airflow/.local/lib/python3.12/site-packages/airflow/example_dags/example_branch_day_of_week_operator.py
[2026-08-06T19:19:45.919+0000] {processor.py:914} INFO - Processing file /home/airflow/.local/lib/python3.12/site-packages/airflow/example_dags/example_branch_day_of_week_operator.py for tasks to queue
[2026-08-06T19:19:45.921+0000] {logging_mixin.py:190} INFO - [2026-08-06T19:19:45.921+0000] {dagbag.py:588} INFO - Filling up the DagBag from /home/airflow/.local/lib/python3.12/site-packages/airflow/example_dags/example_branch_day_of_week_operator.py
[2026-08-06T19:19:45.928+0000] {processor.py:925} INFO - DAG(s) 'example_weekday_branch_operator' retrieved from /home/airflow/.local/lib/python3.12/site-packages/airflow/example_dags/example_branch_day_of_week_operator.py
[2026-08-06T19:19:45.943+0000] {logging_mixin.py:190} INFO - [2026-08-06T19:19:45.943+0000] {dag.py:3239} INFO - Sync 1 DAGs
[2026-08-06T19:19:45.960+0000] {logging_mixin.py:190} INFO - [2026-08-06T19:19:45.960+0000] {dag.py:4180} INFO - Setting next_dagrun for example_weekday_branch_operator to 2026-08-05 00:00:00+00:00, run_after=2026-08-06 00:00:00+00:00
[2026-08-06T19:19:45.979+0000] {processor.py:208} INFO - Processing /home/airflow/.local/lib/python3.12/site-packages/airflow/example_dags/example_branch_day_of_week_operator.py took 0.065 seconds
[2026-08-06T19:20:16.239+0000] {processor.py:186} INFO - Started process (PID=12947) to work on /home/airflow/.local/lib/python3.12/site-packages/airflow/example_dags/example_branch_day_of_week_operator.py
[2026-08-06T19:20:16.241+0000] {processor.py:914} INFO - Processing file /home/airflow/.local/lib/python3.12/site-packages/airflow/example_dags/example_branch_day_of_week_operator.py for tasks to queue
[2026-08-06T19:20:16.243+0000] {logging_mixin.py:190} INFO - [2026-08-06T19:20:16.243+0000] {dagbag.py:588} INFO - Filling up the DagBag from /home/airflow/.local/lib/python3.12/site-packages/airflow/example_dags/example_branch_day_of_week_operator.py
[2026-08-06T19:20:16.255+0000] {processor.py:925} INFO - DAG(s) 'example_weekday_branch_operator' retrieved from /home/airflow/.local/lib/python3.12/site-packages/airflow/example_dags/example_branch_day_of_week_operator.py
[2026-08-06T19:20:16.275+0000] {logging_mixin.py:190} INFO - [2026-08-06T19:20:16.275+0000] {dag.py:3239} INFO - Sync 1 DAGs
[2026-08-06T19:20:16.297+0000] {logging_mixin.py:190} INFO - [2026-08-06T19:20:16.297+0000] {dag.py:4180} INFO - Setting next_dagrun for example_weekday_branch_operator to 2026-08-05 00:00:00+00:00, run_after=2026-08-06 00:00:00+00:00
[2026-08-06T19:20:16.320+0000] {processor.py:208} INFO - Processing /home/airflow/.local/lib/python3.12/site-packages/airflow/example_dags/example_branch_day_of_week_operator.py took 0.087 seconds
[2026-08-06T19:20:46.405+0000] {processor.py:186} INFO - Started process (PID=13011) to work on /home/airflow/.local/lib/python3.12/site-packages/airflow/example_dags/example_branch_day_of_week_operator.py
[2026-08-06T19:20:46.407+0000] {processor.py:914} INFO - Processing file /home/airflow/.local/lib/python3.12/site-packages/airflow/example_dags/example_branch_day_of_week_operator.py for tasks to queue
[2026-08-06T19:20:46.409+0000] {logging_mixin.py:190} INFO - [2026-08-06T19:20:46.409+0000] {dagbag.py:588} INFO - Filling up the DagBag from /home/airflow/.local/lib/python3.12/site-packages/airflow/example_dags/example_branch_day_of_week_operator.py
[2026-08-06T19:20:46.418+0000] {processor.py:925} INFO - DAG(s) 'example_weekday_branch_operator' retrieved from /home/airflow/.local/lib/python3.12/site-packages/airflow/example_dags/example_branch_day_of_week_operator.py
[2026-08-06T19:20:46.436+0000] {logging_mixin.py:190} INFO - [2026-08-06T19:20:46.436+0000] {dag.py:3239} INFO - Sync 1 DAGs
[2026-08-06T19:20:46.457+0000] {logging_mixin.py:190} INFO - [2026-08-06T19:20:46.457+0000] {dag.py:4180} INFO - Setting next_dagrun for example_weekday_branch_operator to 2026-08-05 00:00:00+00:00, run_after=2026-08-06 00:00:00+00:00
[2026-08-06T19:20:46.478+0000] {processor.py:208} INFO - Processing /home/airflow/.local/lib/python3.12/site-packages/airflow/example_dags/example_branch_day_of_week_operator.py took 0.080 seconds
[2026-08-06T19:21:16.975+0000] {processor.py:186} INFO - Started process (PID=13075) to work on /home/airflow/.local/lib/python3.12/site-packages/airflow/example_dags/example_branch_day_of_week_operator.py
[2026-08-06T19:21:16.976+0000] {processor.py:914} INFO - Processing file /home/airflow/.local/lib/python3.12/site-packages/airflow/example_dags/example_branch_day_of_week_operator.py for tasks to queue
[2026-08-06T19:21:16.979+0000] {logging_mixin.py:190} INFO - [2026-08-06T19:21:16.978+0000] {dagbag.py:588} INFO - Filling up the DagBag from /home/airflow/.local/lib/python3.12/site-packages/airflow/example_dags/example_branch_day_of_week_operator.py
[2026-08-06T19:21:16.987+0000] {processor.py:925} INFO - DAG(s) 'example_weekday_branch_operator' retrieved from /home/airflow/.local/lib/python3.12/site-packages/airflow/example_dags/example_branch_day_of_week_operator.py
[2026-08-06T19:21:17.004+0000] {logging_mixin.py:190} INFO - [2026-08-06T19:21:17.004+0000] {dag.py:3239} INFO - Sync 1 DAGs
[2026-08-06T19:21:17.026+0000] {logging_mixin.py:190} INFO - [2026-08-06T19:21:17.026+0000] {dag.py:4180} INFO - Setting next_dagrun for example_weekday_branch_operator to 2026-08-05 00:00:00+00:00, run_after=2026-08-06 00:00:00+00:00
[2026-08-06T19:21:17.044+0000] {processor.py:208} INFO - Processing /home/airflow/.local/lib/python3.12/site-packages/airflow/example_dags/example_branch_day_of_week_operator.py took 0.073 seconds
[2026-08-06T19:21:47.697+0000] {processor.py:186} INFO - Started process (PID=13140) to work on /home/airflow/.local/lib/python3.12/site-packages/airflow/example_dags/example_branch_day_of_week_operator.py
[2026-08-06T19:21:47.698+0000] {processor.py:914} INFO - Processing file /home/airflow/.local/lib/python3.12/site-packages/airflow/example_dags/example_branch_day_of_week_operator.py for tasks to queue
[2026-08-06T19:21:47.701+0000] {logging_mixin.py:190} INFO - [2026-08-06T19:21:47.700+0000] {dagbag.py:588} INFO - Filling up the DagBag from /home/airflow/.local/lib/python3.12/site-packages/airflow/example_dags/example_branch_day_of_week_operator.py
[2026-08-06T19:21:47.709+0000] {processor.py:925} INFO - DAG(s) 'example_weekday_branch_operator' retrieved from /home/airflow/.local/lib/python3.12/site-packages/airflow/example_dags/example_branch_day_of_week_operator.py
[2026-08-06T19:21:47.726+0000] {logging_mixin.py:190} INFO - [2026-08-06T19:21:47.725+0000] {dag.py:3239} INFO - Sync 1 DAGs
[2026-08-06T19:21:47.744+0000] {logging_mixin.py:190} INFO - [2026-08-06T19:21:47.743+0000] {dag.py:4180} INFO - Setting next_dagrun for example_weekday_branch_operator to 2026-08-05 00:00:00+00:00, run_after=2026-08-06 00:00:00+00:00
[2026-08-06T19:21:47.762+0000] {processor.py:208} INFO - Processing /home/airflow/.local/lib/python3.12/site-packages/airflow/example_dags/example_branch_day_of_week_operator.py took 0.071 seconds
[2026-08-06T19:22:18.521+0000] {processor.py:186} INFO - Started process (PID=13204) to work on /home/airflow/.local/lib/python3.12/site-packages/airflow/example_dags/example_branch_day_of_week_operator.py
[2026-08-06T19:22:18.523+0000] {processor.py:914} INFO - Processing file /home/airflow/.local/lib/python3.12/site-packages/airflow/example_dags/example_branch_day_of_week_operator.py for tasks to queue
[2026-08-06T19:22:18.527+0000] {logging_mixin.py:190} INFO - [2026-08-06T19:22:18.526+0000] {dagbag.py:588} INFO - Filling up the DagBag from /home/airflow/.local/lib/python3.12/site-packages/airflow/example_dags/example_branch_day_of_week_operator.py
[2026-08-06T19:22:18.539+0000] {processor.py:925} INFO - DAG(s) 'example_weekday_branch_operator' retrieved from /home/airflow/.local/lib/python3.12/site-packages/airflow/example_dags/example_branch_day_of_week_operator.py
[2026-08-06T19:22:18.563+0000] {logging_mixin.py:190} INFO - [2026-08-06T19:22:18.563+0000] {dag.py:3239} INFO - Sync 1 DAGs
[2026-08-06T19:22:18.588+0000] {logging_mixin.py:190} INFO - [2026-08-06T19:22:18.588+0000] {dag.py:4180} INFO - Setting next_dagrun for example_weekday_branch_operator to 2026-08-05 00:00:00+00:00, run_after=2026-08-06 00:00:00+00:00
[2026-08-06T19:22:18.611+0000] {processor.py:208} INFO - Processing /home/airflow/.local/lib/python3.12/site-packages/airflow/example_dags/example_branch_day_of_week_operator.py took 0.096 seconds
[2026-08-06T19:22:48.702+0000] {processor.py:186} INFO - Started process (PID=13268) to work on /home/airflow/.local/lib/python3.12/site-packages/airflow/example_dags/example_branch_day_of_week_operator.py
[2026-08-06T19:22:48.704+0000] {processor.py:914} INFO - Processing file /home/airflow/.local/lib/python3.12/site-packages/airflow/example_dags/example_branch_day_of_week_operator.py for tasks to queue
[2026-08-06T19:22:48.706+0000] {logging_mixin.py:190} INFO - [2026-08-06T19:22:48.706+0000] {dagbag.py:588} INFO - Filling up the DagBag from /home/airflow/.local/lib/python3.12/site-packages/airflow/example_dags/example_branch_day_of_week_operator.py
[2026-08-06T19:22:48.714+0000] {processor.py:925} INFO - DAG(s) 'example_weekday_branch_operator' retrieved from /home/airflow/.local/lib/python3.12/site-packages/airflow/example_dags/example_branch_day_of_week_operator.py
[2026-08-06T19:22:48.733+0000] {logging_mixin.py:190} INFO - [2026-08-06T19:22:48.733+0000] {dag.py:3239} INFO - Sync 1 DAGs
[2026-08-06T19:22:48.754+0000] {logging_mixin.py:190} INFO - [2026-08-06T19:22:48.753+0000] {dag.py:4180} INFO - Setting next_dagrun for example_weekday_branch_operator to 2026-08-05 00:00:00+00:00, run_after=2026-08-06 00:00:00+00:00
[2026-08-06T19:22:48.774+0000] {processor.py:208} INFO - Processing /home/airflow/.local/lib/python3.12/site-packages/airflow/example_dags/example_branch_day_of_week_operator.py took 0.075 seconds
[2026-08-06T19:23:18.809+0000] {processor.py:186} INFO - Started process (PID=13331) to work on /home/airflow/.local/lib/python3.12/site-packages/airflow/example_dags/example_branch_day_of_week_operator.py
[2026-08-06T19:23:18.810+0000] {processor.py:914} INFO - Processing file /home/airflow/.local/lib/python3.12/site-packages/airflow/example_dags/example_branch_day_of_week_operator.py for tasks to queue
[2026-08-06T19:23:18.812+0000] {logging_mixin.py:190} INFO - [2026-08-06T19:23:18.812+0000] {dagbag.py:588} INFO - Filling up the DagBag from /home/airflow/.local/lib/python3.12/site-packages/airflow/example_dags/example_branch_day_of_week_operator.py
[2026-08-06T19:23:18.821+0000] {processor.py:925} INFO - DAG(s) 'example_weekday_branch_operator' retrieved from /home/airflow/.local/lib/python3.12/site-packages/airflow/example_dags/example_branch_day_of_week_operator.py
[2026-08-06T19:23:18.844+0000] {logging_mixin.py:190} INFO - [2026-08-06T19:23:18.844+0000] {dag.py:3239} INFO - Sync 1 DAGs
[2026-08-06T19:23:18.869+0000] {logging_mixin.py:190} INFO - [2026-08-06T19:23:18.868+0000] {dag.py:4180} INFO - Setting next_dagrun for example_weekday_branch_operator to 2026-08-05 00:00:00+00:00, run_after=2026-08-06 00:00:00+00:00
[2026-08-06T19:23:18.888+0000] {processor.py:208} INFO - Processing /home/airflow/.local/lib/python3.12/site-packages/airflow/example_dags/example_branch_day_of_week_operator.py took 0.084 seconds
[2026-08-06T19:23:49.580+0000] {processor.py:186} INFO - Started process (PID=13396) to work on /home/airflow/.local/lib/python3.12/site-packages/airflow/example_dags/example_branch_day_of_week_operator.py
[2026-08-06T19:23:49.581+0000] {processor.py:914} INFO - Processing file /home/airflow/.local/lib/python3.12/site-packages/airflow/example_dags/example_branch_day_of_week_operator.py for tasks to queue
[2026-08-06T19:23:49.584+0000] {logging_mixin.py:190} INFO - [2026-08-06T19:23:49.583+0000] {dagbag.py:588} INFO - Filling up the DagBag from /home/airflow/.local/lib/python3.12/site-packages/airflow/example_dags/example_branch_day_of_week_operator.py
[2026-08-06T19:23:49.591+0000] {processor.py:925} INFO - DAG(s) 'example_weekday_branch_operator' retrieved from /home/airflow/.local/lib/python3.12/site-packages/airflow/example_dags/example_branch_day_of_week_operator.py
[2026-08-06T19:23:49.606+0000] {logging_mixin.py:190} INFO - [2026-08-06T19:23:49.606+0000] {dag.py:3239} INFO - Sync 1 DAGs
[2026-08-06T19:23:49.625+0000] {logging_mixin.py:190} INFO - [2026-08-06T19:23:49.625+0000] {dag.py:4180} INFO - Setting next_dagrun for example_weekday_branch_operator to 2026-08-05 00:00:00+00:00, run_after=2026-08-06 00:00:00+00:00
[2026-08-06T19:23:49.647+0000] {processor.py:208} INFO - Processing /home/airflow/.local/lib/python3.12/site-packages/airflow/example_dags/example_branch_day_of_week_operator.py took 0.072 seconds
[2026-08-06T19:24:20.263+0000] {processor.py:186} INFO - Started process (PID=13460) to work on /home/airflow/.local/lib/python3.12/site-packages/airflow/example_dags/example_branch_day_of_week_operator.py
[2026-08-06T19:24:20.265+0000] {processor.py:914} INFO - Processing file /home/airflow/.local/lib/python3.12/site-packages/airflow/example_dags/example_branch_day_of_week_operator.py for tasks to queue
[2026-08-06T19:24:20.268+0000] {logging_mixin.py:190} INFO - [2026-08-06T19:24:20.267+0000] {dagbag.py:588} INFO - Filling up the DagBag from /home/airflow/.local/lib/python3.12/site-packages/airflow/example_dags/example_branch_day_of_week_operator.py
[2026-08-06T19:24:20.276+0000] {processor.py:925} INFO - DAG(s) 'example_weekday_branch_operator' retrieved from /home/airflow/.local/lib/python3.12/site-packages/airflow/example_dags/example_branch_day_of_week_operator.py
[2026-08-06T19:24:20.296+0000] {logging_mixin.py:190} INFO - [2026-08-06T19:24:20.296+0000] {dag.py:3239} INFO - Sync 1 DAGs
[2026-08-06T19:24:20.319+0000] {logging_mixin.py:190} INFO - [2026-08-06T19:24:20.319+0000] {dag.py:4180} INFO - Setting next_dagrun for example_weekday_branch_operator to 2026-08-05 00:00:00+00:00, run_after=2026-08-06 00:00:00+00:00
[2026-08-06T19:24:20.339+0000] {processor.py:208} INFO - Processing /home/airflow/.local/lib/python3.12/site-packages/airflow/example_dags/example_branch_day_of_week_operator.py took 0.081 seconds
[2026-08-06T19:24:50.596+0000] {processor.py:186} INFO - Started process (PID=13524) to work on /home/airflow/.local/lib/python3.12/site-packages/airflow/example_dags/example_branch_day_of_week_operator.py
[2026-08-06T19:24:50.597+0000] {processor.py:914} INFO - Processing file /home/airflow/.local/lib/python3.12/site-packages/airflow/example_dags/example_branch_day_of_week_operator.py for tasks to queue
[2026-08-06T19:24:50.600+0000] {logging_mixin.py:190} INFO - [2026-08-06T19:24:50.599+0000] {dagbag.py:588} INFO - Filling up the DagBag from /home/airflow/.local/lib/python3.12/site-packages/airflow/example_dags/example_branch_day_of_week_operator.py
[2026-08-06T19:24:50.609+0000] {processor.py:925} INFO - DAG(s) 'example_weekday_branch_operator' retrieved from /home/airflow/.local/lib/python3.12/site-packages/airflow/example_dags/example_branch_day_of_week_operator.py
[2026-08-06T19:24:50.631+0000] {logging_mixin.py:190} INFO - [2026-08-06T19:24:50.630+0000] {dag.py:3239} INFO - Sync 1 DAGs
[2026-08-06T19:24:50.656+0000] {logging_mixin.py:190} INFO - [2026-08-06T19:24:50.656+0000] {dag.py:4180} INFO - Setting next_dagrun for example_weekday_branch_operator to 2026-08-05 00:00:00+00:00, run_after=2026-08-06 00:00:00+00:00
[2026-08-06T19:24:50.675+0000] {processor.py:208} INFO - Processing /home/airflow/.local/lib/python3.12/site-packages/airflow/example_dags/example_branch_day_of_week_operator.py took 0.085 seconds
[2026-08-06T19:25:21.139+0000] {processor.py:186} INFO - Started process (PID=13588) to work on /home/airflow/.local/lib/python3.12/site-packages/airflow/example_dags/example_branch_day_of_week_operator.py
[2026-08-06T19:25:21.141+0000] {processor.py:914} INFO - Processing file /home/airflow/.local/lib/python3.12/site-packages/airflow/example_dags/example_branch_day_of_week_operator.py for tasks to queue
[2026-08-06T19:25:21.146+0000] {logging_mixin.py:190} INFO - [2026-08-06T19:25:21.145+0000] {dagbag.py:588} INFO - Filling up the DagBag from /home/airflow/.local/lib/python3.12/site-packages/airflow/example_dags/example_branch_day_of_week_operator.py
[2026-08-06T19:25:21.156+0000] {processor.py:925} INFO - DAG(s) 'example_weekday_branch_operator' retrieved from /home/airflow/.local/lib/python3.12/site-packages/airflow/example_dags/example_branch_day_of_week_operator.py
[2026-08-06T19:25:21.177+0000] {logging_mixin.py:190} INFO - [2026-08-06T19:25:21.177+0000] {dag.py:3239} INFO - Sync 1 DAGs
[2026-08-06T19:25:21.208+0000] {logging_mixin.py:190} INFO - [2026-08-06T19:25:21.208+0000] {dag.py:4180} INFO - Setting next_dagrun for example_weekday_branch_operator to 2026-08-05 00:00:00+00:00, run_after=2026-08-06 00:00:00+00:00
[2026-08-06T19:25:21.233+0000] {processor.py:208} INFO - Processing /home/airflow/.local/lib/python3.12/site-packages/airflow/example_dags/example_branch_day_of_week_operator.py took 0.099 seconds
[2026-08-06T19:25:51.639+0000] {processor.py:186} INFO - Started process (PID=13651) to work on /home/airflow/.local/lib/python3.12/site-packages/airflow/example_dags/example_branch_day_of_week_operator.py
[2026-08-06T19:25:51.640+0000] {processor.py:914} INFO - Processing file /home/airflow/.local/lib/python3.12/site-packages/airflow/example_dags/example_branch_day_of_week_operator.py for tasks to queue
[2026-08-06T19:25:51.643+0000] {logging_mixin.py:190} INFO - [2026-08-06T19:25:51.642+0000] {dagbag.py:588} INFO - Filling up the DagBag from /home/airflow/.local/lib/python3.12/site-packages/airflow/example_dags/example_branch_day_of_week_operator.py
[2026-08-06T19:25:51.657+0000] {processor.py:925} INFO - DAG(s) 'example_weekday_branch_operator' retrieved from /home/airflow/.local/lib/python3.12/site-packages/airflow/example_dags/example_branch_day_of_week_operator.py
[2026-08-06T19:25:51.683+0000] {logging_mixin.py:190} INFO - [2026-08-06T19:25:51.683+0000] {dag.py:3239} INFO - Sync 1 DAGs
[2026-08-06T19:25:51.710+0000] {logging_mixin.py:190} INFO - [2026-08-06T19:25:51.710+0000] {dag.py:4180} INFO - Setting next_dagrun for example_weekday_branch_operator to 2026-08-05 00:00:00+00:00, run_after=2026-08-06 00:00:00+00:00
[2026-08-06T19:25:51.737+0000] {processor.py:208} INFO - Processing /home/airflow/.local/lib/python3.12/site-packages/airflow/example_dags/example_branch_day_of_week_operator.py took 0.106 seconds
[2026-08-06T19:26:22.234+0000] {processor.py:186} INFO - Started process (PID=13715) to work on /home/airflow/.local/lib/python3.12/site-packages/airflow/example_dags/example_branch_day_of_week_operator.py
[2026-08-06T19:26:22.235+0000] {processor.py:914} INFO - Processing file /home/airflow/.local/lib/python3.12/site-packages/airflow/example_dags/example_branch_day_of_week_operator.py for tasks to queue
[2026-08-06T19:26:22.237+0000] {logging_mixin.py:190} INFO - [2026-08-06T19:26:22.237+0000] {dagbag.py:588} INFO - Filling up the DagBag from /home/airflow/.local/lib/python3.12/site-packages/airflow/example_dags/example_branch_day_of_week_operator.py
[2026-08-06T19:26:22.245+0000] {processor.py:925} INFO - DAG(s) 'example_weekday_branch_operator' retrieved from /home/airflow/.local/lib/python3.12/site-packages/airflow/example_dags/example_branch_day_of_week_operator.py
[2026-08-06T19:26:22.259+0000] {logging_mixin.py:190} INFO - [2026-08-06T19:26:22.259+0000] {dag.py:3239} INFO - Sync 1 DAGs
[2026-08-06T19:26:22.277+0000] {logging_mixin.py:190} INFO - [2026-08-06T19:26:22.276+0000] {dag.py:4180} INFO - Setting next_dagrun for example_weekday_branch_operator to 2026-08-05 00:00:00+00:00, run_after=2026-08-06 00:00:00+00:00
[2026-08-06T19:26:22.294+0000] {processor.py:208} INFO - Processing /home/airflow/.local/lib/python3.12/site-packages/airflow/example_dags/example_branch_day_of_week_operator.py took 0.064 seconds
[2026-08-06T19:26:52.641+0000] {processor.py:186} INFO - Started process (PID=13779) to work on /home/airflow/.local/lib/python3.12/site-packages/airflow/example_dags/example_branch_day_of_week_operator.py
[2026-08-06T19:26:52.642+0000] {processor.py:914} INFO - Processing file /home/airflow/.local/lib/python3.12/site-packages/airflow/example_dags/example_branch_day_of_week_operator.py for tasks to queue
[2026-08-06T19:26:52.645+0000] {logging_mixin.py:190} INFO - [2026-08-06T19:26:52.644+0000] {dagbag.py:588} INFO - Filling up the DagBag from /home/airflow/.local/lib/python3.12/site-packages/airflow/example_dags/example_branch_day_of_week_operator.py
[2026-08-06T19:26:52.654+0000] {processor.py:925} INFO - DAG(s) 'example_weekday_branch_operator' retrieved from /home/airflow/.local/lib/python3.12/site-packages/airflow/example_dags/example_branch_day_of_week_operator.py
[2026-08-06T19:26:52.670+0000] {logging_mixin.py:190} INFO - [2026-08-06T19:26:52.670+0000] {dag.py:3239} INFO - Sync 1 DAGs
[2026-08-06T19:26:52.693+0000] {logging_mixin.py:190} INFO - [2026-08-06T19:26:52.693+0000] {dag.py:4180} INFO - Setting next_dagrun for example_weekday_branch_operator to 2026-08-05 00:00:00+00:00, run_after=2026-08-06 00:00:00+00:00
[2026-08-06T19:26:52.709+0000] {processor.py:208} INFO - Processing /home/airflow/.local/lib/python3.12/site-packages/airflow/example_dags/example_branch_day_of_week_operator.py took 0.073 seconds
[2026-08-06T19:27:23.082+0000] {processor.py:186} INFO - Started process (PID=13842) to work on /home/airflow/.local/lib/python3.12/site-packages/airflow/example_dags/example_branch_day_of_week_operator.py
[2026-08-06T19:27:23.084+0000] {processor.py:914} INFO - Processing file /home/airflow/.local/lib/python3.12/site-packages/airflow/example_dags/example_branch_day_of_week_operator.py for tasks to queue
[2026-08-06T19:27:23.086+0000] {logging_mixin.py:190} INFO - [2026-08-06T19:27:23.085+0000] {dagbag.py:588} INFO - Filling up the DagBag from /home/airflow/.local/lib/python3.12/site-packages/airflow/example_dags/example_branch_day_of_week_operator.py
[2026-08-06T19:27:23.095+0000] {processor.py:925} INFO - DAG(s) 'example_weekday_branch_operator' retrieved from /home/airflow/.local/lib/python3.12/site-packages/airflow/example_dags/example_branch_day_of_week_operator.py
[2026-08-06T19:27:23.110+0000] {logging_mixin.py:190} INFO - [2026-08-06T19:27:23.109+0000] {dag.py:3239} INFO - Sync 1 DAGs
[2026-08-06T19:27:23.128+0000] {logging_mixin.py:190} INFO - [2026-08-06T19:27:23.128+0000] {dag.py:4180} INFO - Setting next_dagrun for example_weekday_branch_operator to 2026-08-05 00:00:00+00:00, run_after=2026-08-06 00:00:00+00:00
[2026-08-06T19:27:23.145+0000] {processor.py:208} INFO - Processing /home/airflow/.local/lib/python3.12/site-packages/airflow/example_dags/example_branch_day_of_week_operator.py took 0.067 seconds
[2026-08-06T19:27:53.246+0000] {processor.py:186} INFO - Started process (PID=13906) to work on /home/airflow/.local/lib/python3.12/site-packages/airflow/example_dags/example_branch_day_of_week_operator.py
[2026-08-06T19:27:53.247+0000] {processor.py:914} INFO - Processing file /home/airflow/.local/lib/python3.12/site-packages/airflow/example_dags/example_branch_day_of_week_operator.py for tasks to queue
[2026-08-06T19:27:53.250+0000] {logging_mixin.py:190} INFO - [2026-08-06T19:27:53.249+0000] {dagbag.py:588} INFO - Filling up the DagBag from /home/airflow/.local/lib/python3.12/site-packages/airflow/example_dags/example_branch_day_of_week_operator.py
[2026-08-06T19:27:53.259+0000] {processor.py:925} INFO - DAG(s) 'example_weekday_branch_operator' retrieved from /home/airflow/.local/lib/python3.12/site-packages/airflow/example_dags/example_branch_day_of_week_operator.py
[2026-08-06T19:27:53.280+0000] {logging_mixin.py:190} INFO - [2026-08-06T19:27:53.280+0000] {dag.py:3239} INFO - Sync 1 DAGs
[2026-08-06T19:27:53.299+0000] {logging_mixin.py:190} INFO - [2026-08-06T19:27:53.299+0000] {dag.py:4180} INFO - Setting next_dagrun for example_weekday_branch_operator to 2026-08-05 00:00:00+00:00, run_after=2026-08-06 00:00:00+00:00
[2026-08-06T19:27:53.316+0000] {processor.py:208} INFO - Processing /home/airflow/.local/lib/python3.12/site-packages/airflow/example_dags/example_branch_day_of_week_operator.py took 0.075 seconds
[2026-08-06T19:28:23.989+0000] {processor.py:186} INFO - Started process (PID=13970) to work on /home/airflow/.local/lib/python3.12/site-packages/airflow/example_dags/example_branch_day_of_week_operator.py
[2026-08-06T19:28:23.990+0000] {processor.py:914} INFO - Processing file /home/airflow/.local/lib/python3.12/site-packages/airflow/example_dags/example_branch_day_of_week_operator.py for tasks to queue
[2026-08-06T19:28:23.993+0000] {logging_mixin.py:190} INFO - [2026-08-06T19:28:23.993+0000] {dagbag.py:588} INFO - Filling up the DagBag from /home/airflow/.local/lib/python3.12/site-packages/airflow/example_dags/example_branch_day_of_week_operator.py
[2026-08-06T19:28:24.002+0000] {processor.py:925} INFO - DAG(s) 'example_weekday_branch_operator' retrieved from /home/airflow/.local/lib/python3.12/site-packages/airflow/example_dags/example_branch_day_of_week_operator.py
[2026-08-06T19:28:24.019+0000] {logging_mixin.py:190} INFO - [2026-08-06T19:28:24.019+0000] {dag.py:3239} INFO - Sync 1 DAGs
[2026-08-06T19:28:24.044+0000] {logging_mixin.py:190} INFO - [2026-08-06T19:28:24.044+0000] {dag.py:4180} INFO - Setting next_dagrun for example_weekday_branch_operator to 2026-08-05 00:00:00+00:00, run_after=2026-08-06 00:00:00+00:00
[2026-08-06T19:28:24.061+0000] {processor.py:208} INFO - Processing /home/airflow/.local/lib/python3.12/site-packages/airflow/example_dags/example_branch_day_of_week_operator.py took 0.078 seconds
[2026-08-06T19:28:54.680+0000] {processor.py:186} INFO - Started process (PID=14034) to work on /home/airflow/.local/lib/python3.12/site-packages/airflow/example_dags/example_branch_day_of_week_operator.py
[2026-08-06T19:28:54.681+0000] {processor.py:914} INFO - Processing file /home/airflow/.local/lib/python3.12/site-packages/airflow/example_dags/example_branch_day_of_week_operator.py for tasks to queue
[2026-08-06T19:28:54.683+0000] {logging_mixin.py:190} INFO - [2026-08-06T19:28:54.683+0000] {dagbag.py:588} INFO - Filling up the DagBag from /home/airflow/.local/lib/python3.12/site-packages/airflow/example_dags/example_branch_day_of_week_operator.py
[2026-08-06T19:28:54.691+0000] {processor.py:925} INFO - DAG(s) 'example_weekday_branch_operator' retrieved from /home/airflow/.local/lib/python3.12/site-packages/airflow/example_dags/example_branch_day_of_week_operator.py
[2026-08-06T19:28:54.707+0000] {logging_mixin.py:190} INFO - [2026-08-06T19:28:54.707+0000] {dag.py:3239} INFO - Sync 1 DAGs
[2026-08-06T19:28:54.728+0000] {logging_mixin.py:190} INFO - [2026-08-06T19:28:54.727+0000] {dag.py:4180} INFO - Setting next_dagrun for example_weekday_branch_operator to 2026-08-05 00:00:00+00:00, run_after=2026-08-06 00:00:00+00:00
[2026-08-06T19:28:54.746+0000] {processor.py:208} INFO - Processing /home/airflow/.local/lib/python3.12/site-packages/airflow/example_dags/example_branch_day_of_week_operator.py took 0.071 seconds
[2026-08-06T19:29:25.561+0000] {processor.py:186} INFO - Started process (PID=14098) to work on /home/airflow/.local/lib/python3.12/site-packages/airflow/example_dags/example_branch_day_of_week_operator.py
[2026-08-06T19:29:25.562+0000] {processor.py:914} INFO - Processing file /home/airflow/.local/lib/python3.12/site-packages/airflow/example_dags/example_branch_day_of_week_operator.py for tasks to queue
[2026-08-06T19:29:25.565+0000] {logging_mixin.py:190} INFO - [2026-08-06T19:29:25.565+0000] {dagbag.py:588} INFO - Filling up the DagBag from /home/airflow/.local/lib/python3.12/site-packages/airflow/example_dags/example_branch_day_of_week_operator.py
[2026-08-06T19:29:25.573+0000] {processor.py:925} INFO - DAG(s) 'example_weekday_branch_operator' retrieved from /home/airflow/.local/lib/python3.12/site-packages/airflow/example_dags/example_branch_day_of_week_operator.py
[2026-08-06T19:29:25.589+0000] {logging_mixin.py:190} INFO - [2026-08-06T19:29:25.589+0000] {dag.py:3239} INFO - Sync 1 DAGs
[2026-08-06T19:29:25.610+0000] {logging_mixin.py:190} INFO - [2026-08-06T19:29:25.609+0000] {dag.py:4180} INFO - Setting next_dagrun for example_weekday_branch_operator to 2026-08-05 00:00:00+00:00, run_after=2026-08-06 00:00:00+00:00
[2026-08-06T19:29:25.631+0000] {processor.py:208} INFO - Processing /home/airflow/.local/lib/python3.12/site-packages/airflow/example_dags/example_branch_day_of_week_operator.py took 0.074 seconds
[2026-08-06T19:29:56.683+0000] {processor.py:186} INFO - Started process (PID=14162) to work on /home/airflow/.local/lib/python3.12/site-packages/airflow/example_dags/example_branch_day_of_week_operator.py
[2026-08-06T19:29:56.684+0000] {processor.py:914} INFO - Processing file /home/airflow/.local/lib/python3.12/site-packages/airflow/example_dags/example_branch_day_of_week_operator.py for tasks to queue
[2026-08-06T19:29:56.687+0000] {logging_mixin.py:190} INFO - [2026-08-06T19:29:56.687+0000] {dagbag.py:588} INFO - Filling up the DagBag from /home/airflow/.local/lib/python3.12/site-packages/airflow/example_dags/example_branch_day_of_week_operator.py
[2026-08-06T19:29:56.695+0000] {processor.py:925} INFO - DAG(s) 'example_weekday_branch_operator' retrieved from /home/airflow/.local/lib/python3.12/site-packages/airflow/example_dags/example_branch_day_of_week_operator.py
[2026-08-06T19:29:56.713+0000] {logging_mixin.py:190} INFO - [2026-08-06T19:29:56.712+0000] {dag.py:3239} INFO - Sync 1 DAGs
[2026-08-06T19:29:56.734+0000] {logging_mixin.py:190} INFO - [2026-08-06T19:29:56.734+0000] {dag.py:4180} INFO - Setting next_dagrun for example_weekday_branch_operator to 2026-08-05 00:00:00+00:00, run_after=2026-08-06 00:00:00+00:00
[2026-08-06T19:29:56.752+0000] {processor.py:208} INFO - Processing /home/airflow/.local/lib/python3.12/site-packages/airflow/example_dags/example_branch_day_of_week_operator.py took 0.073 seconds
[2026-08-06T19:30:27.347+0000] {processor.py:186} INFO - Started process (PID=14226) to work on /home/airflow/.local/lib/python3.12/site-packages/airflow/example_dags/example_branch_day_of_week_operator.py
[2026-08-06T19:30:27.348+0000] {processor.py:914} INFO - Processing file /home/airflow/.local/lib/python3.12/site-packages/airflow/example_dags/example_branch_day_of_week_operator.py for tasks to queue
[2026-08-06T19:30:27.353+0000] {logging_mixin.py:190} INFO - [2026-08-06T19:30:27.352+0000] {dagbag.py:588} INFO - Filling up the DagBag from /home/airflow/.local/lib/python3.12/site-packages/airflow/example_dags/example_branch_day_of_week_operator.py
[2026-08-06T19:30:27.365+0000] {processor.py:925} INFO - DAG(s) 'example_weekday_branch_operator' retrieved from /home/airflow/.local/lib/python3.12/site-packages/airflow/example_dags/example_branch_day_of_week_operator.py
[2026-08-06T19:30:27.388+0000] {logging_mixin.py:190} INFO - [2026-08-06T19:30:27.388+0000] {dag.py:3239} INFO - Sync 1 DAGs
[2026-08-06T19:30:27.409+0000] {logging_mixin.py:190} INFO - [2026-08-06T19:30:27.408+0000] {dag.py:4180} INFO - Setting next_dagrun for example_weekday_branch_operator to 2026-08-05 00:00:00+00:00, run_after=2026-08-06 00:00:00+00:00
[2026-08-06T19:30:27.430+0000] {processor.py:208} INFO - Processing /home/airflow/.local/lib/python3.12/site-packages/airflow/example_dags/example_branch_day_of_week_operator.py took 0.089 seconds
[2026-08-06T19:30:58.128+0000] {processor.py:186} INFO - Started process (PID=14289) to work on /home/airflow/.local/lib/python3.12/site-packages/airflow/example_dags/example_branch_day_of_week_operator.py
[2026-08-06T19:30:58.129+0000] {processor.py:914} INFO - Processing file /home/airflow/.local/lib/python3.12/site-packages/airflow/example_dags/example_branch_day_of_week_operator.py for tasks to queue
[2026-08-06T19:30:58.132+0000] {logging_mixin.py:190} INFO - [2026-08-06T19:30:58.131+0000] {dagbag.py:588} INFO - Filling up the DagBag from /home/airflow/.local/lib/python3.12/site-packages/airflow/example_dags/example_branch_day_of_week_operator.py
[2026-08-06T19:30:58.139+0000] {processor.py:925} INFO - DAG(s) 'example_weekday_branch_operator' retrieved from /home/airflow/.local/lib/python3.12/site-packages/airflow/example_dags/example_branch_day_of_week_operator.py
[2026-08-06T19:30:58.156+0000] {logging_mixin.py:190} INFO - [2026-08-06T19:30:58.156+0000] {dag.py:3239} INFO - Sync 1 DAGs
[2026-08-06T19:30:58.176+0000] {logging_mixin.py:190} INFO - [2026-08-06T19:30:58.175+0000] {dag.py:4180} INFO - Setting next_dagrun for example_weekday_branch_operator to 2026-08-05 00:00:00+00:00, run_after=2026-08-06 00:00:00+00:00
[2026-08-06T19:30:58.196+0000] {processor.py:208} INFO - Processing /home/airflow/.local/lib/python3.12/site-packages/airflow/example_dags/example_branch_day_of_week_operator.py took 0.072 seconds
[2026-08-06T19:31:28.689+0000] {processor.py:186} INFO - Started process (PID=14352) to work on /home/airflow/.local/lib/python3.12/site-packages/airflow/example_dags/example_branch_day_of_week_operator.py
[2026-08-06T19:31:28.690+0000] {processor.py:914} INFO - Processing file /home/airflow/.local/lib/python3.12/site-packages/airflow/example_dags/example_branch_day_of_week_operator.py for tasks to queue
[2026-08-06T19:31:28.693+0000] {logging_mixin.py:190} INFO - [2026-08-06T19:31:28.692+0000] {dagbag.py:588} INFO - Filling up the DagBag from /home/airflow/.local/lib/python3.12/site-packages/airflow/example_dags/example_branch_day_of_week_operator.py
[2026-08-06T19:31:28.704+0000] {processor.py:925} INFO - DAG(s) 'example_weekday_branch_operator' retrieved from /home/airflow/.local/lib/python3.12/site-packages/airflow/example_dags/example_branch_day_of_week_operator.py
[2026-08-06T19:31:28.722+0000] {logging_mixin.py:190} INFO - [2026-08-06T19:31:28.722+0000] {dag.py:3239} INFO - Sync 1 DAGs
[2026-08-06T19:31:28.740+0000] {logging_mixin.py:190} INFO - [2026-08-06T19:31:28.740+0000] {dag.py:4180} INFO - Setting next_dagrun for example_weekday_branch_operator to 2026-08-05 00:00:00+00:00, run_after=2026-08-06 00:00:00+00:00
[2026-08-06T19:31:28.761+0000] {processor.py:208} INFO - Processing /home/airflow/.local/lib/python3.12/site-packages/airflow/example_dags/example_branch_day_of_week_operator.py took 0.078 seconds
[2026-08-06T19:31:58.908+0000] {processor.py:186} INFO - Started process (PID=14416) to work on /home/airflow/.local/lib/python3.12/site-packages/airflow/example_dags/example_branch_day_of_week_operator.py
[2026-08-06T19:31:58.909+0000] {processor.py:914} INFO - Processing file /home/airflow/.local/lib/python3.12/site-packages/airflow/example_dags/example_branch_day_of_week_operator.py for tasks to queue
[2026-08-06T19:31:58.912+0000] {logging_mixin.py:190} INFO - [2026-08-06T19:31:58.911+0000] {dagbag.py:588} INFO - Filling up the DagBag from /home/airflow/.local/lib/python3.12/site-packages/airflow/example_dags/example_branch_day_of_week_operator.py
[2026-08-06T19:31:58.924+0000] {processor.py:925} INFO - DAG(s) 'example_weekday_branch_operator' retrieved from /home/airflow/.local/lib/python3.12/site-packages/airflow/example_dags/example_branch_day_of_week_operator.py
[2026-08-06T19:31:58.948+0000] {logging_mixin.py:190} INFO - [2026-08-06T19:31:58.948+0000] {dag.py:3239} INFO - Sync 1 DAGs
[2026-08-06T19:31:58.970+0000] {logging_mixin.py:190} INFO - [2026-08-06T19:31:58.970+0000] {dag.py:4180} INFO - Setting next_dagrun for example_weekday_branch_operator to 2026-08-05 00:00:00+00:00, run_after=2026-08-06 00:00:00+00:00
[2026-08-06T19:31:58.993+0000] {processor.py:208} INFO - Processing /home/airflow/.local/lib/python3.12/site-packages/airflow/example_dags/example_branch_day_of_week_operator.py took 0.092 seconds
[2026-08-06T19:32:29.168+0000] {processor.py:186} INFO - Started process (PID=14480) to work on /home/airflow/.local/lib/python3.12/site-packages/airflow/example_dags/example_branch_day_of_week_operator.py
[2026-08-06T19:32:29.169+0000] {processor.py:914} INFO - Processing file /home/airflow/.local/lib/python3.12/site-packages/airflow/example_dags/example_branch_day_of_week_operator.py for tasks to queue
[2026-08-06T19:32:29.171+0000] {logging_mixin.py:190} INFO - [2026-08-06T19:32:29.171+0000] {dagbag.py:588} INFO - Filling up the DagBag from /home/airflow/.local/lib/python3.12/site-packages/airflow/example_dags/example_branch_day_of_week_operator.py
[2026-08-06T19:32:29.179+0000] {processor.py:925} INFO - DAG(s) 'example_weekday_branch_operator' retrieved from /home/airflow/.local/lib/python3.12/site-packages/airflow/example_dags/example_branch_day_of_week_operator.py
[2026-08-06T19:32:29.197+0000] {logging_mixin.py:190} INFO - [2026-08-06T19:32:29.197+0000] {dag.py:3239} INFO - Sync 1 DAGs
[2026-08-06T19:32:29.216+0000] {logging_mixin.py:190} INFO - [2026-08-06T19:32:29.216+0000] {dag.py:4180} INFO - Setting next_dagrun for example_weekday_branch_operator to 2026-08-05 00:00:00+00:00, run_after=2026-08-06 00:00:00+00:00
[2026-08-06T19:32:29.232+0000] {processor.py:208} INFO - Processing /home/airflow/.local/lib/python3.12/site-packages/airflow/example_dags/example_branch_day_of_week_operator.py took 0.068 seconds
[2026-08-06T19:32:59.807+0000] {processor.py:186} INFO - Started process (PID=14544) to work on /home/airflow/.local/lib/python3.12/site-packages/airflow/example_dags/example_branch_day_of_week_operator.py
[2026-08-06T19:32:59.809+0000] {processor.py:914} INFO - Processing file /home/airflow/.local/lib/python3.12/site-packages/airflow/example_dags/example_branch_day_of_week_operator.py for tasks to queue
[2026-08-06T19:32:59.813+0000] {logging_mixin.py:190} INFO - [2026-08-06T19:32:59.812+0000] {dagbag.py:588} INFO - Filling up the DagBag from /home/airflow/.local/lib/python3.12/site-packages/airflow/example_dags/example_branch_day_of_week_operator.py
[2026-08-06T19:32:59.827+0000] {processor.py:925} INFO - DAG(s) 'example_weekday_branch_operator' retrieved from /home/airflow/.local/lib/python3.12/site-packages/airflow/example_dags/example_branch_day_of_week_operator.py
[2026-08-06T19:32:59.852+0000] {logging_mixin.py:190} INFO - [2026-08-06T19:32:59.852+0000] {dag.py:3239} INFO - Sync 1 DAGs
[2026-08-06T19:32:59.879+0000] {logging_mixin.py:190} INFO - [2026-08-06T19:32:59.878+0000] {dag.py:4180} INFO - Setting next_dagrun for example_weekday_branch_operator to 2026-08-05 00:00:00+00:00, run_after=2026-08-06 00:00:00+00:00
[2026-08-06T19:32:59.905+0000] {processor.py:208} INFO - Processing /home/airflow/.local/lib/python3.12/site-packages/airflow/example_dags/example_branch_day_of_week_operator.py took 0.105 seconds
[2026-08-06T19:33:30.478+0000] {processor.py:186} INFO - Started process (PID=14608) to work on /home/airflow/.local/lib/python3.12/site-packages/airflow/example_dags/example_branch_day_of_week_operator.py
[2026-08-06T19:33:30.479+0000] {processor.py:914} INFO - Processing file /home/airflow/.local/lib/python3.12/site-packages/airflow/example_dags/example_branch_day_of_week_operator.py for tasks to queue
[2026-08-06T19:33:30.483+0000] {logging_mixin.py:190} INFO - [2026-08-06T19:33:30.482+0000] {dagbag.py:588} INFO - Filling up the DagBag from /home/airflow/.local/lib/python3.12/site-packages/airflow/example_dags/example_branch_day_of_week_operator.py
[2026-08-06T19:33:30.492+0000] {processor.py:925} INFO - DAG(s) 'example_weekday_branch_operator' retrieved from /home/airflow/.local/lib/python3.12/site-packages/airflow/example_dags/example_branch_day_of_week_operator.py
[2026-08-06T19:33:30.512+0000] {logging_mixin.py:190} INFO - [2026-08-06T19:33:30.512+0000] {dag.py:3239} INFO - Sync 1 DAGs
[2026-08-06T19:33:30.535+0000] {logging_mixin.py:190} INFO - [2026-08-06T19:33:30.535+0000] {dag.py:4180} INFO - Setting next_dagrun for example_weekday_branch_operator to 2026-08-05 00:00:00+00:00, run_after=2026-08-06 00:00:00+00:00
[2026-08-06T19:33:30.561+0000] {processor.py:208} INFO - Processing /home/airflow/.local/lib/python3.12/site-packages/airflow/example_dags/example_branch_day_of_week_operator.py took 0.090 seconds
[2026-08-06T19:34:00.912+0000] {processor.py:186} INFO - Started process (PID=14672) to work on /home/airflow/.local/lib/python3.12/site-packages/airflow/example_dags/example_branch_day_of_week_operator.py
[2026-08-06T19:34:00.914+0000] {processor.py:914} INFO - Processing file /home/airflow/.local/lib/python3.12/site-packages/airflow/example_dags/example_branch_day_of_week_operator.py for tasks to queue
[2026-08-06T19:34:00.917+0000] {logging_mixin.py:190} INFO - [2026-08-06T19:34:00.917+0000] {dagbag.py:588} INFO - Filling up the DagBag from /home/airflow/.local/lib/python3.12/site-packages/airflow/example_dags/example_branch_day_of_week_operator.py
[2026-08-06T19:34:00.928+0000] {processor.py:925} INFO - DAG(s) 'example_weekday_branch_operator' retrieved from /home/airflow/.local/lib/python3.12/site-packages/airflow/example_dags/example_branch_day_of_week_operator.py
[2026-08-06T19:34:00.957+0000] {logging_mixin.py:190} INFO - [2026-08-06T19:34:00.956+0000] {dag.py:3239} INFO - Sync 1 DAGs
[2026-08-06T19:34:00.988+0000] {logging_mixin.py:190} INFO - [2026-08-06T19:34:00.987+0000] {dag.py:4180} INFO - Setting next_dagrun for example_weekday_branch_operator to 2026-08-05 00:00:00+00:00, run_after=2026-08-06 00:00:00+00:00
[2026-08-06T19:34:01.015+0000] {processor.py:208} INFO - Processing /home/airflow/.local/lib/python3.12/site-packages/airflow/example_dags/example_branch_day_of_week_operator.py took 0.112 seconds
[2026-08-06T19:34:31.194+0000] {processor.py:186} INFO - Started process (PID=14736) to work on /home/airflow/.local/lib/python3.12/site-packages/airflow/example_dags/example_branch_day_of_week_operator.py
[2026-08-06T19:34:31.196+0000] {processor.py:914} INFO - Processing file /home/airflow/.local/lib/python3.12/site-packages/airflow/example_dags/example_branch_day_of_week_operator.py for tasks to queue
[2026-08-06T19:34:31.200+0000] {logging_mixin.py:190} INFO - [2026-08-06T19:34:31.200+0000] {dagbag.py:588} INFO - Filling up the DagBag from /home/airflow/.local/lib/python3.12/site-packages/airflow/example_dags/example_branch_day_of_week_operator.py
[2026-08-06T19:34:31.211+0000] {processor.py:925} INFO - DAG(s) 'example_weekday_branch_operator' retrieved from /home/airflow/.local/lib/python3.12/site-packages/airflow/example_dags/example_branch_day_of_week_operator.py
[2026-08-06T19:34:31.235+0000] {logging_mixin.py:190} INFO - [2026-08-06T19:34:31.235+0000] {dag.py:3239} INFO - Sync 1 DAGs
[2026-08-06T19:34:31.264+0000] {logging_mixin.py:190} INFO - [2026-08-06T19:34:31.264+0000] {dag.py:4180} INFO - Setting next_dagrun for example_weekday_branch_operator to 2026-08-05 00:00:00+00:00, run_after=2026-08-06 00:00:00+00:00
[2026-08-06T19:34:31.287+0000] {processor.py:208} INFO - Processing /home/airflow/.local/lib/python3.12/site-packages/airflow/example_dags/example_branch_day_of_week_operator.py took 0.097 seconds
[2026-08-06T19:35:01.996+0000] {processor.py:186} INFO - Started process (PID=14800) to work on /home/airflow/.local/lib/python3.12/site-packages/airflow/example_dags/example_branch_day_of_week_operator.py
[2026-08-06T19:35:01.997+0000] {processor.py:914} INFO - Processing file /home/airflow/.local/lib/python3.12/site-packages/airflow/example_dags/example_branch_day_of_week_operator.py for tasks to queue
[2026-08-06T19:35:02.000+0000] {logging_mixin.py:190} INFO - [2026-08-06T19:35:02.000+0000] {dagbag.py:588} INFO - Filling up the DagBag from /home/airflow/.local/lib/python3.12/site-packages/airflow/example_dags/example_branch_day_of_week_operator.py
[2026-08-06T19:35:02.011+0000] {processor.py:925} INFO - DAG(s) 'example_weekday_branch_operator' retrieved from /home/airflow/.local/lib/python3.12/site-packages/airflow/example_dags/example_branch_day_of_week_operator.py
[2026-08-06T19:35:02.029+0000] {logging_mixin.py:190} INFO - [2026-08-06T19:35:02.029+0000] {dag.py:3239} INFO - Sync 1 DAGs
[2026-08-06T19:35:02.052+0000] {logging_mixin.py:190} INFO - [2026-08-06T19:35:02.051+0000] {dag.py:4180} INFO - Setting next_dagrun for example_weekday_branch_operator to 2026-08-05 00:00:00+00:00, run_after=2026-08-06 00:00:00+00:00
[2026-08-06T19:35:02.073+0000] {processor.py:208} INFO - Processing /home/airflow/.local/lib/python3.12/site-packages/airflow/example_dags/example_branch_day_of_week_operator.py took 0.083 seconds
[2026-08-06T19:35:32.302+0000] {processor.py:186} INFO - Started process (PID=14864) to work on /home/airflow/.local/lib/python3.12/site-packages/airflow/example_dags/example_branch_day_of_week_operator.py
[2026-08-06T19:35:32.303+0000] {processor.py:914} INFO - Processing file /home/airflow/.local/lib/python3.12/site-packages/airflow/example_dags/example_branch_day_of_week_operator.py for tasks to queue
[2026-08-06T19:35:32.305+0000] {logging_mixin.py:190} INFO - [2026-08-06T19:35:32.305+0000] {dagbag.py:588} INFO - Filling up the DagBag from /home/airflow/.local/lib/python3.12/site-packages/airflow/example_dags/example_branch_day_of_week_operator.py
[2026-08-06T19:35:32.312+0000] {processor.py:925} INFO - DAG(s) 'example_weekday_branch_operator' retrieved from /home/airflow/.local/lib/python3.12/site-packages/airflow/example_dags/example_branch_day_of_week_operator.py
[2026-08-06T19:35:32.327+0000] {logging_mixin.py:190} INFO - [2026-08-06T19:35:32.327+0000] {dag.py:3239} INFO - Sync 1 DAGs
[2026-08-06T19:35:32.346+0000] {logging_mixin.py:190} INFO - [2026-08-06T19:35:32.346+0000] {dag.py:4180} INFO - Setting next_dagrun for example_weekday_branch_operator to 2026-08-05 00:00:00+00:00, run_after=2026-08-06 00:00:00+00:00
[2026-08-06T19:35:32.362+0000] {processor.py:208} INFO - Processing /home/airflow/.local/lib/python3.12/site-packages/airflow/example_dags/example_branch_day_of_week_operator.py took 0.065 seconds
[2026-08-06T19:36:02.557+0000] {processor.py:186} INFO - Started process (PID=14929) to work on /home/airflow/.local/lib/python3.12/site-packages/airflow/example_dags/example_branch_day_of_week_operator.py
[2026-08-06T19:36:02.558+0000] {processor.py:914} INFO - Processing file /home/airflow/.local/lib/python3.12/site-packages/airflow/example_dags/example_branch_day_of_week_operator.py for tasks to queue
[2026-08-06T19:36:02.561+0000] {logging_mixin.py:190} INFO - [2026-08-06T19:36:02.560+0000] {dagbag.py:588} INFO - Filling up the DagBag from /home/airflow/.local/lib/python3.12/site-packages/airflow/example_dags/example_branch_day_of_week_operator.py
[2026-08-06T19:36:02.572+0000] {processor.py:925} INFO - DAG(s) 'example_weekday_branch_operator' retrieved from /home/airflow/.local/lib/python3.12/site-packages/airflow/example_dags/example_branch_day_of_week_operator.py
[2026-08-06T19:36:02.592+0000] {logging_mixin.py:190} INFO - [2026-08-06T19:36:02.592+0000] {dag.py:3239} INFO - Sync 1 DAGs
[2026-08-06T19:36:02.614+0000] {logging_mixin.py:190} INFO - [2026-08-06T19:36:02.614+0000] {dag.py:4180} INFO - Setting next_dagrun for example_weekday_branch_operator to 2026-08-05 00:00:00+00:00, run_after=2026-08-06 00:00:00+00:00
[2026-08-06T19:36:02.632+0000] {processor.py:208} INFO - Processing /home/airflow/.local/lib/python3.12/site-packages/airflow/example_dags/example_branch_day_of_week_operator.py took 0.082 seconds
[2026-08-06T19:36:32.755+0000] {processor.py:186} INFO - Started process (PID=14993) to work on /home/airflow/.local/lib/python3.12/site-packages/airflow/example_dags/example_branch_day_of_week_operator.py
[2026-08-06T19:36:32.757+0000] {processor.py:914} INFO - Processing file /home/airflow/.local/lib/python3.12/site-packages/airflow/example_dags/example_branch_day_of_week_operator.py for tasks to queue
[2026-08-06T19:36:32.759+0000] {logging_mixin.py:190} INFO - [2026-08-06T19:36:32.759+0000] {dagbag.py:588} INFO - Filling up the DagBag from /home/airflow/.local/lib/python3.12/site-packages/airflow/example_dags/example_branch_day_of_week_operator.py
[2026-08-06T19:36:32.766+0000] {processor.py:925} INFO - DAG(s) 'example_weekday_branch_operator' retrieved from /home/airflow/.local/lib/python3.12/site-packages/airflow/example_dags/example_branch_day_of_week_operator.py
[2026-08-06T19:36:32.781+0000] {logging_mixin.py:190} INFO - [2026-08-06T19:36:32.781+0000] {dag.py:3239} INFO - Sync 1 DAGs
[2026-08-06T19:36:32.801+0000] {logging_mixin.py:190} INFO - [2026-08-06T19:36:32.801+0000] {dag.py:4180} INFO - Setting next_dagrun for example_weekday_branch_operator to 2026-08-05 00:00:00+00:00, run_after=2026-08-06 00:00:00+00:00
[2026-08-06T19:36:32.814+0000] {processor.py:208} INFO - Processing /home/airflow/.local/lib/python3.12/site-packages/airflow/example_dags/example_branch_day_of_week_operator.py took 0.064 seconds
[2026-08-06T19:37:03.074+0000] {processor.py:186} INFO - Started process (PID=15057) to work on /home/airflow/.local/lib/python3.12/site-packages/airflow/example_dags/example_branch_day_of_week_operator.py
[2026-08-06T19:37:03.076+0000] {processor.py:914} INFO - Processing file /home/airflow/.local/lib/python3.12/site-packages/airflow/example_dags/example_branch_day_of_week_operator.py for tasks to queue
[2026-08-06T19:37:03.080+0000] {logging_mixin.py:190} INFO - [2026-08-06T19:37:03.079+0000] {dagbag.py:588} INFO - Filling up the DagBag from /home/airflow/.local/lib/python3.12/site-packages/airflow/example_dags/example_branch_day_of_week_operator.py
[2026-08-06T19:37:03.089+0000] {processor.py:925} INFO - DAG(s) 'example_weekday_branch_operator' retrieved from /home/airflow/.local/lib/python3.12/site-packages/airflow/example_dags/example_branch_day_of_week_operator.py
[2026-08-06T19:37:03.110+0000] {logging_mixin.py:190} INFO - [2026-08-06T19:37:03.110+0000] {dag.py:3239} INFO - Sync 1 DAGs
[2026-08-06T19:37:03.135+0000] {logging_mixin.py:190} INFO - [2026-08-06T19:37:03.134+0000] {dag.py:4180} INFO - Setting next_dagrun for example_weekday_branch_operator to 2026-08-05 00:00:00+00:00, run_after=2026-08-06 00:00:00+00:00
[2026-08-06T19:37:03.157+0000] {processor.py:208} INFO - Processing /home/airflow/.local/lib/python3.12/site-packages/airflow/example_dags/example_branch_day_of_week_operator.py took 0.088 seconds
