[2026-08-06T04:46:36.746+0000] {processor.py:186} INFO - Started process (PID=99) to work on /home/airflow/.local/lib/python3.12/site-packages/airflow/example_dags/example_datasets.py
[2026-08-06T04:46:36.748+0000] {processor.py:914} INFO - Processing file /home/airflow/.local/lib/python3.12/site-packages/airflow/example_dags/example_datasets.py for tasks to queue
[2026-08-06T04:46:36.752+0000] {logging_mixin.py:190} INFO - [2026-08-06T04:46:36.752+0000] {dagbag.py:588} INFO - Filling up the DagBag from /home/airflow/.local/lib/python3.12/site-packages/airflow/example_dags/example_datasets.py
[2026-08-06T04:46:37.693+0000] {processor.py:925} INFO - DAG(s) 'consume_1_or_2_with_dataset_expressions', 'dataset_consumes_1', 'dataset_produces_1', 'dataset_consumes_1_never_scheduled', 'consume_1_or_both_2_and_3_with_dataset_expressions', 'dataset_consumes_unknown_never_scheduled', 'dataset_produces_2', 'conditional_dataset_and_time_based_timetable', 'dataset_consumes_1_and_2', 'consume_1_and_2_with_dataset_expressions' retrieved from /home/airflow/.local/lib/python3.12/site-packages/airflow/example_dags/example_datasets.py
[2026-08-06T04:46:37.898+0000] {logging_mixin.py:190} INFO - [2026-08-06T04:46:37.896+0000] {override.py:1912} INFO - Created Permission View: can delete on DAG:consume_1_or_2_with_dataset_expressions
[2026-08-06T04:46:37.925+0000] {logging_mixin.py:190} INFO - [2026-08-06T04:46:37.925+0000] {override.py:1912} INFO - Created Permission View: can read on DAG:consume_1_or_2_with_dataset_expressions
[2026-08-06T04:46:37.957+0000] {logging_mixin.py:190} INFO - [2026-08-06T04:46:37.956+0000] {override.py:1912} INFO - Created Permission View: can edit on DAG:consume_1_or_2_with_dataset_expressions
[2026-08-06T04:46:37.976+0000] {logging_mixin.py:190} INFO - [2026-08-06T04:46:37.975+0000] {override.py:1912} INFO - Created Permission View: can delete on DAG Run:consume_1_or_2_with_dataset_expressions
[2026-08-06T04:46:37.990+0000] {logging_mixin.py:190} INFO - [2026-08-06T04:46:37.989+0000] {override.py:1912} INFO - Created Permission View: menu access on DAG Run:consume_1_or_2_with_dataset_expressions
[2026-08-06T04:46:38.003+0000] {logging_mixin.py:190} INFO - [2026-08-06T04:46:38.002+0000] {override.py:1912} INFO - Created Permission View: can read on DAG Run:consume_1_or_2_with_dataset_expressions
[2026-08-06T04:46:38.020+0000] {logging_mixin.py:190} INFO - [2026-08-06T04:46:38.019+0000] {override.py:1912} INFO - Created Permission View: can create on DAG Run:consume_1_or_2_with_dataset_expressions
[2026-08-06T04:46:38.049+0000] {logging_mixin.py:190} INFO - [2026-08-06T04:46:38.048+0000] {override.py:1912} INFO - Created Permission View: can delete on DAG:dataset_consumes_1
[2026-08-06T04:46:38.067+0000] {logging_mixin.py:190} INFO - [2026-08-06T04:46:38.066+0000] {override.py:1912} INFO - Created Permission View: can read on DAG:dataset_consumes_1
[2026-08-06T04:46:38.080+0000] {logging_mixin.py:190} INFO - [2026-08-06T04:46:38.079+0000] {override.py:1912} INFO - Created Permission View: can edit on DAG:dataset_consumes_1
[2026-08-06T04:46:38.097+0000] {logging_mixin.py:190} INFO - [2026-08-06T04:46:38.097+0000] {override.py:1912} INFO - Created Permission View: can delete on DAG Run:dataset_consumes_1
[2026-08-06T04:46:38.110+0000] {logging_mixin.py:190} INFO - [2026-08-06T04:46:38.109+0000] {override.py:1912} INFO - Created Permission View: menu access on DAG Run:dataset_consumes_1
[2026-08-06T04:46:38.123+0000] {logging_mixin.py:190} INFO - [2026-08-06T04:46:38.122+0000] {override.py:1912} INFO - Created Permission View: can read on DAG Run:dataset_consumes_1
[2026-08-06T04:46:38.137+0000] {logging_mixin.py:190} INFO - [2026-08-06T04:46:38.136+0000] {override.py:1912} INFO - Created Permission View: can create on DAG Run:dataset_consumes_1
[2026-08-06T04:46:38.168+0000] {logging_mixin.py:190} INFO - [2026-08-06T04:46:38.167+0000] {override.py:1912} INFO - Created Permission View: can delete on DAG:dataset_produces_1
[2026-08-06T04:46:38.183+0000] {logging_mixin.py:190} INFO - [2026-08-06T04:46:38.183+0000] {override.py:1912} INFO - Created Permission View: can read on DAG:dataset_produces_1
[2026-08-06T04:46:38.198+0000] {logging_mixin.py:190} INFO - [2026-08-06T04:46:38.197+0000] {override.py:1912} INFO - Created Permission View: can edit on DAG:dataset_produces_1
[2026-08-06T04:46:38.215+0000] {logging_mixin.py:190} INFO - [2026-08-06T04:46:38.214+0000] {override.py:1912} INFO - Created Permission View: can delete on DAG Run:dataset_produces_1
[2026-08-06T04:46:38.234+0000] {logging_mixin.py:190} INFO - [2026-08-06T04:46:38.233+0000] {override.py:1912} INFO - Created Permission View: menu access on DAG Run:dataset_produces_1
[2026-08-06T04:46:38.247+0000] {logging_mixin.py:190} INFO - [2026-08-06T04:46:38.247+0000] {override.py:1912} INFO - Created Permission View: can read on DAG Run:dataset_produces_1
[2026-08-06T04:46:38.262+0000] {logging_mixin.py:190} INFO - [2026-08-06T04:46:38.262+0000] {override.py:1912} INFO - Created Permission View: can create on DAG Run:dataset_produces_1
[2026-08-06T04:46:38.294+0000] {logging_mixin.py:190} INFO - [2026-08-06T04:46:38.293+0000] {override.py:1912} INFO - Created Permission View: can delete on DAG:dataset_consumes_1_never_scheduled
[2026-08-06T04:46:38.309+0000] {logging_mixin.py:190} INFO - [2026-08-06T04:46:38.308+0000] {override.py:1912} INFO - Created Permission View: can read on DAG:dataset_consumes_1_never_scheduled
[2026-08-06T04:46:38.322+0000] {logging_mixin.py:190} INFO - [2026-08-06T04:46:38.321+0000] {override.py:1912} INFO - Created Permission View: can edit on DAG:dataset_consumes_1_never_scheduled
[2026-08-06T04:46:38.339+0000] {logging_mixin.py:190} INFO - [2026-08-06T04:46:38.338+0000] {override.py:1912} INFO - Created Permission View: can delete on DAG Run:dataset_consumes_1_never_scheduled
[2026-08-06T04:46:38.352+0000] {logging_mixin.py:190} INFO - [2026-08-06T04:46:38.352+0000] {override.py:1912} INFO - Created Permission View: menu access on DAG Run:dataset_consumes_1_never_scheduled
[2026-08-06T04:46:38.365+0000] {logging_mixin.py:190} INFO - [2026-08-06T04:46:38.365+0000] {override.py:1912} INFO - Created Permission View: can read on DAG Run:dataset_consumes_1_never_scheduled
[2026-08-06T04:46:38.380+0000] {logging_mixin.py:190} INFO - [2026-08-06T04:46:38.379+0000] {override.py:1912} INFO - Created Permission View: can create on DAG Run:dataset_consumes_1_never_scheduled
[2026-08-06T04:46:38.406+0000] {logging_mixin.py:190} INFO - [2026-08-06T04:46:38.405+0000] {override.py:1912} INFO - Created Permission View: can delete on DAG:consume_1_or_both_2_and_3_with_dataset_expressions
[2026-08-06T04:46:38.419+0000] {logging_mixin.py:190} INFO - [2026-08-06T04:46:38.419+0000] {override.py:1912} INFO - Created Permission View: can read on DAG:consume_1_or_both_2_and_3_with_dataset_expressions
[2026-08-06T04:46:38.435+0000] {logging_mixin.py:190} INFO - [2026-08-06T04:46:38.434+0000] {override.py:1912} INFO - Created Permission View: can edit on DAG:consume_1_or_both_2_and_3_with_dataset_expressions
[2026-08-06T04:46:38.453+0000] {logging_mixin.py:190} INFO - [2026-08-06T04:46:38.452+0000] {override.py:1912} INFO - Created Permission View: can delete on DAG Run:consume_1_or_both_2_and_3_with_dataset_expressions
[2026-08-06T04:46:38.469+0000] {logging_mixin.py:190} INFO - [2026-08-06T04:46:38.468+0000] {override.py:1912} INFO - Created Permission View: menu access on DAG Run:consume_1_or_both_2_and_3_with_dataset_expressions
[2026-08-06T04:46:38.490+0000] {logging_mixin.py:190} INFO - [2026-08-06T04:46:38.489+0000] {override.py:1912} INFO - Created Permission View: can read on DAG Run:consume_1_or_both_2_and_3_with_dataset_expressions
[2026-08-06T04:46:38.504+0000] {logging_mixin.py:190} INFO - [2026-08-06T04:46:38.503+0000] {override.py:1912} INFO - Created Permission View: can create on DAG Run:consume_1_or_both_2_and_3_with_dataset_expressions
[2026-08-06T04:46:38.528+0000] {logging_mixin.py:190} INFO - [2026-08-06T04:46:38.528+0000] {override.py:1912} INFO - Created Permission View: can delete on DAG:dataset_consumes_unknown_never_scheduled
[2026-08-06T04:46:38.540+0000] {logging_mixin.py:190} INFO - [2026-08-06T04:46:38.540+0000] {override.py:1912} INFO - Created Permission View: can read on DAG:dataset_consumes_unknown_never_scheduled
[2026-08-06T04:46:38.555+0000] {logging_mixin.py:190} INFO - [2026-08-06T04:46:38.554+0000] {override.py:1912} INFO - Created Permission View: can edit on DAG:dataset_consumes_unknown_never_scheduled
[2026-08-06T04:46:38.573+0000] {logging_mixin.py:190} INFO - [2026-08-06T04:46:38.572+0000] {override.py:1912} INFO - Created Permission View: can delete on DAG Run:dataset_consumes_unknown_never_scheduled
[2026-08-06T04:46:38.587+0000] {logging_mixin.py:190} INFO - [2026-08-06T04:46:38.586+0000] {override.py:1912} INFO - Created Permission View: menu access on DAG Run:dataset_consumes_unknown_never_scheduled
[2026-08-06T04:46:38.602+0000] {logging_mixin.py:190} INFO - [2026-08-06T04:46:38.602+0000] {override.py:1912} INFO - Created Permission View: can read on DAG Run:dataset_consumes_unknown_never_scheduled
[2026-08-06T04:46:38.616+0000] {logging_mixin.py:190} INFO - [2026-08-06T04:46:38.615+0000] {override.py:1912} INFO - Created Permission View: can create on DAG Run:dataset_consumes_unknown_never_scheduled
[2026-08-06T04:46:38.642+0000] {logging_mixin.py:190} INFO - [2026-08-06T04:46:38.642+0000] {override.py:1912} INFO - Created Permission View: can delete on DAG:dataset_produces_2
[2026-08-06T04:46:38.654+0000] {logging_mixin.py:190} INFO - [2026-08-06T04:46:38.654+0000] {override.py:1912} INFO - Created Permission View: can read on DAG:dataset_produces_2
[2026-08-06T04:46:38.667+0000] {logging_mixin.py:190} INFO - [2026-08-06T04:46:38.666+0000] {override.py:1912} INFO - Created Permission View: can edit on DAG:dataset_produces_2
[2026-08-06T04:46:38.682+0000] {logging_mixin.py:190} INFO - [2026-08-06T04:46:38.682+0000] {override.py:1912} INFO - Created Permission View: can delete on DAG Run:dataset_produces_2
[2026-08-06T04:46:38.697+0000] {logging_mixin.py:190} INFO - [2026-08-06T04:46:38.696+0000] {override.py:1912} INFO - Created Permission View: menu access on DAG Run:dataset_produces_2
[2026-08-06T04:46:38.713+0000] {logging_mixin.py:190} INFO - [2026-08-06T04:46:38.712+0000] {override.py:1912} INFO - Created Permission View: can read on DAG Run:dataset_produces_2
[2026-08-06T04:46:38.728+0000] {logging_mixin.py:190} INFO - [2026-08-06T04:46:38.727+0000] {override.py:1912} INFO - Created Permission View: can create on DAG Run:dataset_produces_2
[2026-08-06T04:46:38.754+0000] {logging_mixin.py:190} INFO - [2026-08-06T04:46:38.753+0000] {override.py:1912} INFO - Created Permission View: can delete on DAG:conditional_dataset_and_time_based_timetable
[2026-08-06T04:46:38.768+0000] {logging_mixin.py:190} INFO - [2026-08-06T04:46:38.767+0000] {override.py:1912} INFO - Created Permission View: can read on DAG:conditional_dataset_and_time_based_timetable
[2026-08-06T04:46:38.783+0000] {logging_mixin.py:190} INFO - [2026-08-06T04:46:38.782+0000] {override.py:1912} INFO - Created Permission View: can edit on DAG:conditional_dataset_and_time_based_timetable
[2026-08-06T04:46:38.799+0000] {logging_mixin.py:190} INFO - [2026-08-06T04:46:38.798+0000] {override.py:1912} INFO - Created Permission View: can delete on DAG Run:conditional_dataset_and_time_based_timetable
[2026-08-06T04:46:38.814+0000] {logging_mixin.py:190} INFO - [2026-08-06T04:46:38.813+0000] {override.py:1912} INFO - Created Permission View: menu access on DAG Run:conditional_dataset_and_time_based_timetable
[2026-08-06T04:46:38.827+0000] {logging_mixin.py:190} INFO - [2026-08-06T04:46:38.827+0000] {override.py:1912} INFO - Created Permission View: can read on DAG Run:conditional_dataset_and_time_based_timetable
[2026-08-06T04:46:38.843+0000] {logging_mixin.py:190} INFO - [2026-08-06T04:46:38.842+0000] {override.py:1912} INFO - Created Permission View: can create on DAG Run:conditional_dataset_and_time_based_timetable
[2026-08-06T04:46:38.870+0000] {logging_mixin.py:190} INFO - [2026-08-06T04:46:38.870+0000] {override.py:1912} INFO - Created Permission View: can delete on DAG:dataset_consumes_1_and_2
[2026-08-06T04:46:38.888+0000] {logging_mixin.py:190} INFO - [2026-08-06T04:46:38.887+0000] {override.py:1912} INFO - Created Permission View: can read on DAG:dataset_consumes_1_and_2
[2026-08-06T04:46:38.903+0000] {logging_mixin.py:190} INFO - [2026-08-06T04:46:38.902+0000] {override.py:1912} INFO - Created Permission View: can edit on DAG:dataset_consumes_1_and_2
[2026-08-06T04:46:38.922+0000] {logging_mixin.py:190} INFO - [2026-08-06T04:46:38.921+0000] {override.py:1912} INFO - Created Permission View: can delete on DAG Run:dataset_consumes_1_and_2
[2026-08-06T04:46:38.933+0000] {logging_mixin.py:190} INFO - [2026-08-06T04:46:38.933+0000] {override.py:1912} INFO - Created Permission View: menu access on DAG Run:dataset_consumes_1_and_2
[2026-08-06T04:46:38.945+0000] {logging_mixin.py:190} INFO - [2026-08-06T04:46:38.945+0000] {override.py:1912} INFO - Created Permission View: can read on DAG Run:dataset_consumes_1_and_2
[2026-08-06T04:46:38.957+0000] {logging_mixin.py:190} INFO - [2026-08-06T04:46:38.956+0000] {override.py:1912} INFO - Created Permission View: can create on DAG Run:dataset_consumes_1_and_2
[2026-08-06T04:46:38.982+0000] {logging_mixin.py:190} INFO - [2026-08-06T04:46:38.982+0000] {override.py:1912} INFO - Created Permission View: can delete on DAG:consume_1_and_2_with_dataset_expressions
[2026-08-06T04:46:38.999+0000] {logging_mixin.py:190} INFO - [2026-08-06T04:46:38.998+0000] {override.py:1912} INFO - Created Permission View: can read on DAG:consume_1_and_2_with_dataset_expressions
[2026-08-06T04:46:39.014+0000] {logging_mixin.py:190} INFO - [2026-08-06T04:46:39.013+0000] {override.py:1912} INFO - Created Permission View: can edit on DAG:consume_1_and_2_with_dataset_expressions
[2026-08-06T04:46:39.031+0000] {logging_mixin.py:190} INFO - [2026-08-06T04:46:39.031+0000] {override.py:1912} INFO - Created Permission View: can delete on DAG Run:consume_1_and_2_with_dataset_expressions
[2026-08-06T04:46:39.045+0000] {logging_mixin.py:190} INFO - [2026-08-06T04:46:39.044+0000] {override.py:1912} INFO - Created Permission View: menu access on DAG Run:consume_1_and_2_with_dataset_expressions
[2026-08-06T04:46:39.060+0000] {logging_mixin.py:190} INFO - [2026-08-06T04:46:39.059+0000] {override.py:1912} INFO - Created Permission View: can read on DAG Run:consume_1_and_2_with_dataset_expressions
[2026-08-06T04:46:39.076+0000] {logging_mixin.py:190} INFO - [2026-08-06T04:46:39.075+0000] {override.py:1912} INFO - Created Permission View: can create on DAG Run:consume_1_and_2_with_dataset_expressions
[2026-08-06T04:46:39.078+0000] {logging_mixin.py:190} INFO - [2026-08-06T04:46:39.077+0000] {dag.py:3239} INFO - Sync 10 DAGs
[2026-08-06T04:46:39.102+0000] {logging_mixin.py:190} INFO - [2026-08-06T04:46:39.100+0000] {dag.py:3262} INFO - Creating ORM DAG for dataset_consumes_1
[2026-08-06T04:46:39.103+0000] {logging_mixin.py:190} INFO - [2026-08-06T04:46:39.103+0000] {dag.py:3262} INFO - Creating ORM DAG for dataset_consumes_1_never_scheduled
[2026-08-06T04:46:39.105+0000] {logging_mixin.py:190} INFO - [2026-08-06T04:46:39.105+0000] {dag.py:3262} INFO - Creating ORM DAG for consume_1_or_2_with_dataset_expressions
[2026-08-06T04:46:39.107+0000] {logging_mixin.py:190} INFO - [2026-08-06T04:46:39.106+0000] {dag.py:3262} INFO - Creating ORM DAG for dataset_consumes_unknown_never_scheduled
[2026-08-06T04:46:39.108+0000] {logging_mixin.py:190} INFO - [2026-08-06T04:46:39.108+0000] {dag.py:3262} INFO - Creating ORM DAG for dataset_produces_1
[2026-08-06T04:46:39.109+0000] {logging_mixin.py:190} INFO - [2026-08-06T04:46:39.109+0000] {dag.py:3262} INFO - Creating ORM DAG for consume_1_or_both_2_and_3_with_dataset_expressions
[2026-08-06T04:46:39.111+0000] {logging_mixin.py:190} INFO - [2026-08-06T04:46:39.111+0000] {dag.py:3262} INFO - Creating ORM DAG for conditional_dataset_and_time_based_timetable
[2026-08-06T04:46:39.114+0000] {logging_mixin.py:190} INFO - [2026-08-06T04:46:39.114+0000] {dag.py:3262} INFO - Creating ORM DAG for dataset_consumes_1_and_2
[2026-08-06T04:46:39.116+0000] {logging_mixin.py:190} INFO - [2026-08-06T04:46:39.115+0000] {dag.py:3262} INFO - Creating ORM DAG for consume_1_and_2_with_dataset_expressions
[2026-08-06T04:46:39.117+0000] {logging_mixin.py:190} INFO - [2026-08-06T04:46:39.117+0000] {dag.py:3262} INFO - Creating ORM DAG for dataset_produces_2
[2026-08-06T04:46:39.142+0000] {logging_mixin.py:190} INFO - [2026-08-06T04:46:39.141+0000] {dag.py:4180} INFO - Setting next_dagrun for conditional_dataset_and_time_based_timetable to 2026-08-05 01:00:00+00:00, run_after=2026-08-05 01:00:00+00:00
[2026-08-06T04:46:39.144+0000] {logging_mixin.py:190} INFO - [2026-08-06T04:46:39.144+0000] {dag.py:4180} INFO - Setting next_dagrun for consume_1_and_2_with_dataset_expressions to None, run_after=None
[2026-08-06T04:46:39.145+0000] {logging_mixin.py:190} INFO - [2026-08-06T04:46:39.145+0000] {dag.py:4180} INFO - Setting next_dagrun for consume_1_or_2_with_dataset_expressions to None, run_after=None
[2026-08-06T04:46:39.147+0000] {logging_mixin.py:190} INFO - [2026-08-06T04:46:39.146+0000] {dag.py:4180} INFO - Setting next_dagrun for consume_1_or_both_2_and_3_with_dataset_expressions to None, run_after=None
[2026-08-06T04:46:39.148+0000] {logging_mixin.py:190} INFO - [2026-08-06T04:46:39.147+0000] {dag.py:4180} INFO - Setting next_dagrun for dataset_consumes_1 to None, run_after=None
[2026-08-06T04:46:39.149+0000] {logging_mixin.py:190} INFO - [2026-08-06T04:46:39.149+0000] {dag.py:4180} INFO - Setting next_dagrun for dataset_consumes_1_and_2 to None, run_after=None
[2026-08-06T04:46:39.151+0000] {logging_mixin.py:190} INFO - [2026-08-06T04:46:39.151+0000] {dag.py:4180} INFO - Setting next_dagrun for dataset_consumes_1_never_scheduled to None, run_after=None
[2026-08-06T04:46:39.153+0000] {logging_mixin.py:190} INFO - [2026-08-06T04:46:39.152+0000] {dag.py:4180} INFO - Setting next_dagrun for dataset_consumes_unknown_never_scheduled to None, run_after=None
[2026-08-06T04:46:39.157+0000] {logging_mixin.py:190} INFO - [2026-08-06T04:46:39.156+0000] {dag.py:4180} INFO - Setting next_dagrun for dataset_produces_1 to 2026-08-05 00:00:00+00:00, run_after=2026-08-06 00:00:00+00:00
[2026-08-06T04:46:39.159+0000] {logging_mixin.py:190} INFO - [2026-08-06T04:46:39.159+0000] {dag.py:4180} INFO - Setting next_dagrun for dataset_produces_2 to None, run_after=None
[2026-08-06T04:46:39.239+0000] {processor.py:208} INFO - Processing /home/airflow/.local/lib/python3.12/site-packages/airflow/example_dags/example_datasets.py took 2.501 seconds
[2026-08-06T04:47:09.767+0000] {processor.py:186} INFO - Started process (PID=165) to work on /home/airflow/.local/lib/python3.12/site-packages/airflow/example_dags/example_datasets.py
[2026-08-06T04:47:09.770+0000] {processor.py:914} INFO - Processing file /home/airflow/.local/lib/python3.12/site-packages/airflow/example_dags/example_datasets.py for tasks to queue
[2026-08-06T04:47:09.774+0000] {logging_mixin.py:190} INFO - [2026-08-06T04:47:09.774+0000] {dagbag.py:588} INFO - Filling up the DagBag from /home/airflow/.local/lib/python3.12/site-packages/airflow/example_dags/example_datasets.py
[2026-08-06T04:47:10.733+0000] {processor.py:925} INFO - DAG(s) 'dataset_produces_2', 'consume_1_and_2_with_dataset_expressions', 'consume_1_or_both_2_and_3_with_dataset_expressions', 'dataset_consumes_unknown_never_scheduled', 'dataset_produces_1', 'conditional_dataset_and_time_based_timetable', 'dataset_consumes_1_never_scheduled', 'dataset_consumes_1_and_2', 'consume_1_or_2_with_dataset_expressions', 'dataset_consumes_1' retrieved from /home/airflow/.local/lib/python3.12/site-packages/airflow/example_dags/example_datasets.py
[2026-08-06T04:47:10.810+0000] {logging_mixin.py:190} INFO - [2026-08-06T04:47:10.809+0000] {dag.py:3239} INFO - Sync 10 DAGs
[2026-08-06T04:47:10.868+0000] {logging_mixin.py:190} INFO - [2026-08-06T04:47:10.867+0000] {dag.py:4180} INFO - Setting next_dagrun for conditional_dataset_and_time_based_timetable to 2026-08-05 01:00:00+00:00, run_after=2026-08-05 01:00:00+00:00
[2026-08-06T04:47:10.875+0000] {logging_mixin.py:190} INFO - [2026-08-06T04:47:10.874+0000] {dag.py:4180} INFO - Setting next_dagrun for consume_1_and_2_with_dataset_expressions to None, run_after=None
[2026-08-06T04:47:10.881+0000] {logging_mixin.py:190} INFO - [2026-08-06T04:47:10.881+0000] {dag.py:4180} INFO - Setting next_dagrun for consume_1_or_2_with_dataset_expressions to None, run_after=None
[2026-08-06T04:47:10.885+0000] {logging_mixin.py:190} INFO - [2026-08-06T04:47:10.884+0000] {dag.py:4180} INFO - Setting next_dagrun for consume_1_or_both_2_and_3_with_dataset_expressions to None, run_after=None
[2026-08-06T04:47:10.889+0000] {logging_mixin.py:190} INFO - [2026-08-06T04:47:10.888+0000] {dag.py:4180} INFO - Setting next_dagrun for dataset_consumes_1 to None, run_after=None
[2026-08-06T04:47:10.897+0000] {logging_mixin.py:190} INFO - [2026-08-06T04:47:10.896+0000] {dag.py:4180} INFO - Setting next_dagrun for dataset_consumes_1_and_2 to None, run_after=None
[2026-08-06T04:47:10.901+0000] {logging_mixin.py:190} INFO - [2026-08-06T04:47:10.900+0000] {dag.py:4180} INFO - Setting next_dagrun for dataset_consumes_1_never_scheduled to None, run_after=None
[2026-08-06T04:47:10.904+0000] {logging_mixin.py:190} INFO - [2026-08-06T04:47:10.903+0000] {dag.py:4180} INFO - Setting next_dagrun for dataset_consumes_unknown_never_scheduled to None, run_after=None
[2026-08-06T04:47:10.911+0000] {logging_mixin.py:190} INFO - [2026-08-06T04:47:10.911+0000] {dag.py:4180} INFO - Setting next_dagrun for dataset_produces_1 to 2026-08-05 00:00:00+00:00, run_after=2026-08-06 00:00:00+00:00
[2026-08-06T04:47:10.975+0000] {logging_mixin.py:190} INFO - [2026-08-06T04:47:10.974+0000] {dag.py:4180} INFO - Setting next_dagrun for dataset_produces_2 to None, run_after=None
[2026-08-06T04:47:11.152+0000] {processor.py:208} INFO - Processing /home/airflow/.local/lib/python3.12/site-packages/airflow/example_dags/example_datasets.py took 1.395 seconds
[2026-08-06T04:47:41.300+0000] {processor.py:186} INFO - Started process (PID=233) to work on /home/airflow/.local/lib/python3.12/site-packages/airflow/example_dags/example_datasets.py
[2026-08-06T04:47:41.304+0000] {processor.py:914} INFO - Processing file /home/airflow/.local/lib/python3.12/site-packages/airflow/example_dags/example_datasets.py for tasks to queue
[2026-08-06T04:47:41.311+0000] {logging_mixin.py:190} INFO - [2026-08-06T04:47:41.310+0000] {dagbag.py:588} INFO - Filling up the DagBag from /home/airflow/.local/lib/python3.12/site-packages/airflow/example_dags/example_datasets.py
[2026-08-06T04:47:42.153+0000] {processor.py:925} INFO - DAG(s) 'dataset_produces_1', 'dataset_consumes_1_never_scheduled', 'dataset_produces_2', 'consume_1_and_2_with_dataset_expressions', 'consume_1_or_2_with_dataset_expressions', 'consume_1_or_both_2_and_3_with_dataset_expressions', 'dataset_consumes_unknown_never_scheduled', 'dataset_consumes_1', 'dataset_consumes_1_and_2', 'conditional_dataset_and_time_based_timetable' retrieved from /home/airflow/.local/lib/python3.12/site-packages/airflow/example_dags/example_datasets.py
[2026-08-06T04:47:42.216+0000] {logging_mixin.py:190} INFO - [2026-08-06T04:47:42.215+0000] {dag.py:3239} INFO - Sync 10 DAGs
[2026-08-06T04:47:42.254+0000] {logging_mixin.py:190} INFO - [2026-08-06T04:47:42.254+0000] {dag.py:4180} INFO - Setting next_dagrun for conditional_dataset_and_time_based_timetable to 2026-08-05 01:00:00+00:00, run_after=2026-08-05 01:00:00+00:00
[2026-08-06T04:47:42.262+0000] {logging_mixin.py:190} INFO - [2026-08-06T04:47:42.261+0000] {dag.py:4180} INFO - Setting next_dagrun for consume_1_and_2_with_dataset_expressions to None, run_after=None
[2026-08-06T04:47:42.264+0000] {logging_mixin.py:190} INFO - [2026-08-06T04:47:42.264+0000] {dag.py:4180} INFO - Setting next_dagrun for consume_1_or_2_with_dataset_expressions to None, run_after=None
[2026-08-06T04:47:42.266+0000] {logging_mixin.py:190} INFO - [2026-08-06T04:47:42.266+0000] {dag.py:4180} INFO - Setting next_dagrun for consume_1_or_both_2_and_3_with_dataset_expressions to None, run_after=None
[2026-08-06T04:47:42.272+0000] {logging_mixin.py:190} INFO - [2026-08-06T04:47:42.271+0000] {dag.py:4180} INFO - Setting next_dagrun for dataset_consumes_1 to None, run_after=None
[2026-08-06T04:47:42.276+0000] {logging_mixin.py:190} INFO - [2026-08-06T04:47:42.275+0000] {dag.py:4180} INFO - Setting next_dagrun for dataset_consumes_1_and_2 to None, run_after=None
[2026-08-06T04:47:42.278+0000] {logging_mixin.py:190} INFO - [2026-08-06T04:47:42.278+0000] {dag.py:4180} INFO - Setting next_dagrun for dataset_consumes_1_never_scheduled to None, run_after=None
[2026-08-06T04:47:42.281+0000] {logging_mixin.py:190} INFO - [2026-08-06T04:47:42.280+0000] {dag.py:4180} INFO - Setting next_dagrun for dataset_consumes_unknown_never_scheduled to None, run_after=None
[2026-08-06T04:47:42.286+0000] {logging_mixin.py:190} INFO - [2026-08-06T04:47:42.286+0000] {dag.py:4180} INFO - Setting next_dagrun for dataset_produces_1 to 2026-08-05 00:00:00+00:00, run_after=2026-08-06 00:00:00+00:00
[2026-08-06T04:47:42.290+0000] {logging_mixin.py:190} INFO - [2026-08-06T04:47:42.290+0000] {dag.py:4180} INFO - Setting next_dagrun for dataset_produces_2 to None, run_after=None
[2026-08-06T04:47:42.340+0000] {processor.py:208} INFO - Processing /home/airflow/.local/lib/python3.12/site-packages/airflow/example_dags/example_datasets.py took 1.048 seconds
[2026-08-06T04:48:12.595+0000] {processor.py:186} INFO - Started process (PID=296) to work on /home/airflow/.local/lib/python3.12/site-packages/airflow/example_dags/example_datasets.py
[2026-08-06T04:48:12.597+0000] {processor.py:914} INFO - Processing file /home/airflow/.local/lib/python3.12/site-packages/airflow/example_dags/example_datasets.py for tasks to queue
[2026-08-06T04:48:12.601+0000] {logging_mixin.py:190} INFO - [2026-08-06T04:48:12.600+0000] {dagbag.py:588} INFO - Filling up the DagBag from /home/airflow/.local/lib/python3.12/site-packages/airflow/example_dags/example_datasets.py
[2026-08-06T04:48:13.484+0000] {processor.py:925} INFO - DAG(s) 'dataset_consumes_unknown_never_scheduled', 'consume_1_or_2_with_dataset_expressions', 'dataset_consumes_1_never_scheduled', 'dataset_consumes_1', 'dataset_produces_1', 'conditional_dataset_and_time_based_timetable', 'consume_1_or_both_2_and_3_with_dataset_expressions', 'consume_1_and_2_with_dataset_expressions', 'dataset_consumes_1_and_2', 'dataset_produces_2' retrieved from /home/airflow/.local/lib/python3.12/site-packages/airflow/example_dags/example_datasets.py
[2026-08-06T04:48:13.546+0000] {logging_mixin.py:190} INFO - [2026-08-06T04:48:13.546+0000] {dag.py:3239} INFO - Sync 10 DAGs
[2026-08-06T04:48:13.579+0000] {logging_mixin.py:190} INFO - [2026-08-06T04:48:13.579+0000] {dag.py:4180} INFO - Setting next_dagrun for conditional_dataset_and_time_based_timetable to 2026-08-05 01:00:00+00:00, run_after=2026-08-05 01:00:00+00:00
[2026-08-06T04:48:13.644+0000] {logging_mixin.py:190} INFO - [2026-08-06T04:48:13.644+0000] {dag.py:4180} INFO - Setting next_dagrun for consume_1_and_2_with_dataset_expressions to None, run_after=None
[2026-08-06T04:48:13.656+0000] {logging_mixin.py:190} INFO - [2026-08-06T04:48:13.656+0000] {dag.py:4180} INFO - Setting next_dagrun for consume_1_or_2_with_dataset_expressions to None, run_after=None
[2026-08-06T04:48:13.663+0000] {logging_mixin.py:190} INFO - [2026-08-06T04:48:13.663+0000] {dag.py:4180} INFO - Setting next_dagrun for consume_1_or_both_2_and_3_with_dataset_expressions to None, run_after=None
[2026-08-06T04:48:13.666+0000] {logging_mixin.py:190} INFO - [2026-08-06T04:48:13.666+0000] {dag.py:4180} INFO - Setting next_dagrun for dataset_consumes_1 to None, run_after=None
[2026-08-06T04:48:13.669+0000] {logging_mixin.py:190} INFO - [2026-08-06T04:48:13.669+0000] {dag.py:4180} INFO - Setting next_dagrun for dataset_consumes_1_and_2 to None, run_after=None
[2026-08-06T04:48:13.671+0000] {logging_mixin.py:190} INFO - [2026-08-06T04:48:13.671+0000] {dag.py:4180} INFO - Setting next_dagrun for dataset_consumes_1_never_scheduled to None, run_after=None
[2026-08-06T04:48:13.673+0000] {logging_mixin.py:190} INFO - [2026-08-06T04:48:13.673+0000] {dag.py:4180} INFO - Setting next_dagrun for dataset_consumes_unknown_never_scheduled to None, run_after=None
[2026-08-06T04:48:13.678+0000] {logging_mixin.py:190} INFO - [2026-08-06T04:48:13.677+0000] {dag.py:4180} INFO - Setting next_dagrun for dataset_produces_1 to 2026-08-05 00:00:00+00:00, run_after=2026-08-06 00:00:00+00:00
[2026-08-06T04:48:13.680+0000] {logging_mixin.py:190} INFO - [2026-08-06T04:48:13.679+0000] {dag.py:4180} INFO - Setting next_dagrun for dataset_produces_2 to None, run_after=None
[2026-08-06T04:48:13.724+0000] {processor.py:208} INFO - Processing /home/airflow/.local/lib/python3.12/site-packages/airflow/example_dags/example_datasets.py took 1.137 seconds
[2026-08-06T04:48:44.357+0000] {processor.py:186} INFO - Started process (PID=363) to work on /home/airflow/.local/lib/python3.12/site-packages/airflow/example_dags/example_datasets.py
[2026-08-06T04:48:44.359+0000] {processor.py:914} INFO - Processing file /home/airflow/.local/lib/python3.12/site-packages/airflow/example_dags/example_datasets.py for tasks to queue
[2026-08-06T04:48:44.365+0000] {logging_mixin.py:190} INFO - [2026-08-06T04:48:44.364+0000] {dagbag.py:588} INFO - Filling up the DagBag from /home/airflow/.local/lib/python3.12/site-packages/airflow/example_dags/example_datasets.py
[2026-08-06T04:48:45.730+0000] {processor.py:925} INFO - DAG(s) 'consume_1_and_2_with_dataset_expressions', 'consume_1_or_both_2_and_3_with_dataset_expressions', 'dataset_consumes_1', 'dataset_produces_1', 'consume_1_or_2_with_dataset_expressions', 'dataset_consumes_unknown_never_scheduled', 'conditional_dataset_and_time_based_timetable', 'dataset_consumes_1_and_2', 'dataset_produces_2', 'dataset_consumes_1_never_scheduled' retrieved from /home/airflow/.local/lib/python3.12/site-packages/airflow/example_dags/example_datasets.py
[2026-08-06T04:48:45.837+0000] {logging_mixin.py:190} INFO - [2026-08-06T04:48:45.836+0000] {dag.py:3239} INFO - Sync 10 DAGs
[2026-08-06T04:48:45.880+0000] {logging_mixin.py:190} INFO - [2026-08-06T04:48:45.879+0000] {dag.py:4180} INFO - Setting next_dagrun for conditional_dataset_and_time_based_timetable to 2026-08-05 01:00:00+00:00, run_after=2026-08-05 01:00:00+00:00
[2026-08-06T04:48:45.887+0000] {logging_mixin.py:190} INFO - [2026-08-06T04:48:45.887+0000] {dag.py:4180} INFO - Setting next_dagrun for consume_1_and_2_with_dataset_expressions to None, run_after=None
[2026-08-06T04:48:45.890+0000] {logging_mixin.py:190} INFO - [2026-08-06T04:48:45.890+0000] {dag.py:4180} INFO - Setting next_dagrun for consume_1_or_2_with_dataset_expressions to None, run_after=None
[2026-08-06T04:48:45.893+0000] {logging_mixin.py:190} INFO - [2026-08-06T04:48:45.892+0000] {dag.py:4180} INFO - Setting next_dagrun for consume_1_or_both_2_and_3_with_dataset_expressions to None, run_after=None
[2026-08-06T04:48:45.895+0000] {logging_mixin.py:190} INFO - [2026-08-06T04:48:45.895+0000] {dag.py:4180} INFO - Setting next_dagrun for dataset_consumes_1 to None, run_after=None
[2026-08-06T04:48:45.897+0000] {logging_mixin.py:190} INFO - [2026-08-06T04:48:45.897+0000] {dag.py:4180} INFO - Setting next_dagrun for dataset_consumes_1_and_2 to None, run_after=None
[2026-08-06T04:48:45.901+0000] {logging_mixin.py:190} INFO - [2026-08-06T04:48:45.900+0000] {dag.py:4180} INFO - Setting next_dagrun for dataset_consumes_1_never_scheduled to None, run_after=None
[2026-08-06T04:48:45.904+0000] {logging_mixin.py:190} INFO - [2026-08-06T04:48:45.904+0000] {dag.py:4180} INFO - Setting next_dagrun for dataset_consumes_unknown_never_scheduled to None, run_after=None
[2026-08-06T04:48:45.909+0000] {logging_mixin.py:190} INFO - [2026-08-06T04:48:45.909+0000] {dag.py:4180} INFO - Setting next_dagrun for dataset_produces_1 to 2026-08-05 00:00:00+00:00, run_after=2026-08-06 00:00:00+00:00
[2026-08-06T04:48:45.913+0000] {logging_mixin.py:190} INFO - [2026-08-06T04:48:45.912+0000] {dag.py:4180} INFO - Setting next_dagrun for dataset_produces_2 to None, run_after=None
[2026-08-06T04:48:46.006+0000] {processor.py:208} INFO - Processing /home/airflow/.local/lib/python3.12/site-packages/airflow/example_dags/example_datasets.py took 1.661 seconds
[2026-08-06T04:49:16.366+0000] {processor.py:186} INFO - Started process (PID=426) to work on /home/airflow/.local/lib/python3.12/site-packages/airflow/example_dags/example_datasets.py
[2026-08-06T04:49:16.368+0000] {processor.py:914} INFO - Processing file /home/airflow/.local/lib/python3.12/site-packages/airflow/example_dags/example_datasets.py for tasks to queue
[2026-08-06T04:49:16.372+0000] {logging_mixin.py:190} INFO - [2026-08-06T04:49:16.372+0000] {dagbag.py:588} INFO - Filling up the DagBag from /home/airflow/.local/lib/python3.12/site-packages/airflow/example_dags/example_datasets.py
[2026-08-06T04:49:17.204+0000] {processor.py:925} INFO - DAG(s) 'consume_1_or_both_2_and_3_with_dataset_expressions', 'conditional_dataset_and_time_based_timetable', 'dataset_consumes_1', 'consume_1_or_2_with_dataset_expressions', 'dataset_consumes_1_never_scheduled', 'dataset_consumes_unknown_never_scheduled', 'dataset_produces_1', 'dataset_consumes_1_and_2', 'consume_1_and_2_with_dataset_expressions', 'dataset_produces_2' retrieved from /home/airflow/.local/lib/python3.12/site-packages/airflow/example_dags/example_datasets.py
[2026-08-06T04:49:17.256+0000] {logging_mixin.py:190} INFO - [2026-08-06T04:49:17.255+0000] {dag.py:3239} INFO - Sync 10 DAGs
[2026-08-06T04:49:17.289+0000] {logging_mixin.py:190} INFO - [2026-08-06T04:49:17.289+0000] {dag.py:4180} INFO - Setting next_dagrun for conditional_dataset_and_time_based_timetable to 2026-08-05 01:00:00+00:00, run_after=2026-08-05 01:00:00+00:00
[2026-08-06T04:49:17.295+0000] {logging_mixin.py:190} INFO - [2026-08-06T04:49:17.295+0000] {dag.py:4180} INFO - Setting next_dagrun for consume_1_and_2_with_dataset_expressions to None, run_after=None
[2026-08-06T04:49:17.324+0000] {logging_mixin.py:190} INFO - [2026-08-06T04:49:17.323+0000] {dag.py:4180} INFO - Setting next_dagrun for consume_1_or_2_with_dataset_expressions to None, run_after=None
[2026-08-06T04:49:17.325+0000] {logging_mixin.py:190} INFO - [2026-08-06T04:49:17.325+0000] {dag.py:4180} INFO - Setting next_dagrun for consume_1_or_both_2_and_3_with_dataset_expressions to None, run_after=None
[2026-08-06T04:49:17.329+0000] {logging_mixin.py:190} INFO - [2026-08-06T04:49:17.328+0000] {dag.py:4180} INFO - Setting next_dagrun for dataset_consumes_1 to None, run_after=None
[2026-08-06T04:49:17.331+0000] {logging_mixin.py:190} INFO - [2026-08-06T04:49:17.330+0000] {dag.py:4180} INFO - Setting next_dagrun for dataset_consumes_1_and_2 to None, run_after=None
[2026-08-06T04:49:17.334+0000] {logging_mixin.py:190} INFO - [2026-08-06T04:49:17.334+0000] {dag.py:4180} INFO - Setting next_dagrun for dataset_consumes_1_never_scheduled to None, run_after=None
[2026-08-06T04:49:17.337+0000] {logging_mixin.py:190} INFO - [2026-08-06T04:49:17.336+0000] {dag.py:4180} INFO - Setting next_dagrun for dataset_consumes_unknown_never_scheduled to None, run_after=None
[2026-08-06T04:49:17.341+0000] {logging_mixin.py:190} INFO - [2026-08-06T04:49:17.341+0000] {dag.py:4180} INFO - Setting next_dagrun for dataset_produces_1 to 2026-08-05 00:00:00+00:00, run_after=2026-08-06 00:00:00+00:00
[2026-08-06T04:49:17.343+0000] {logging_mixin.py:190} INFO - [2026-08-06T04:49:17.343+0000] {dag.py:4180} INFO - Setting next_dagrun for dataset_produces_2 to None, run_after=None
[2026-08-06T04:49:17.390+0000] {processor.py:208} INFO - Processing /home/airflow/.local/lib/python3.12/site-packages/airflow/example_dags/example_datasets.py took 1.034 seconds
[2026-08-06T04:49:48.044+0000] {processor.py:186} INFO - Started process (PID=489) to work on /home/airflow/.local/lib/python3.12/site-packages/airflow/example_dags/example_datasets.py
[2026-08-06T04:49:48.046+0000] {processor.py:914} INFO - Processing file /home/airflow/.local/lib/python3.12/site-packages/airflow/example_dags/example_datasets.py for tasks to queue
[2026-08-06T04:49:48.053+0000] {logging_mixin.py:190} INFO - [2026-08-06T04:49:48.052+0000] {dagbag.py:588} INFO - Filling up the DagBag from /home/airflow/.local/lib/python3.12/site-packages/airflow/example_dags/example_datasets.py
[2026-08-06T04:49:49.131+0000] {processor.py:925} INFO - DAG(s) 'dataset_consumes_1', 'dataset_consumes_1_and_2', 'consume_1_or_both_2_and_3_with_dataset_expressions', 'dataset_consumes_unknown_never_scheduled', 'dataset_produces_1', 'consume_1_and_2_with_dataset_expressions', 'consume_1_or_2_with_dataset_expressions', 'conditional_dataset_and_time_based_timetable', 'dataset_produces_2', 'dataset_consumes_1_never_scheduled' retrieved from /home/airflow/.local/lib/python3.12/site-packages/airflow/example_dags/example_datasets.py
[2026-08-06T04:49:49.223+0000] {logging_mixin.py:190} INFO - [2026-08-06T04:49:49.222+0000] {dag.py:3239} INFO - Sync 10 DAGs
[2026-08-06T04:49:49.274+0000] {logging_mixin.py:190} INFO - [2026-08-06T04:49:49.273+0000] {dag.py:4180} INFO - Setting next_dagrun for conditional_dataset_and_time_based_timetable to 2026-08-05 01:00:00+00:00, run_after=2026-08-05 01:00:00+00:00
[2026-08-06T04:49:49.283+0000] {logging_mixin.py:190} INFO - [2026-08-06T04:49:49.282+0000] {dag.py:4180} INFO - Setting next_dagrun for consume_1_and_2_with_dataset_expressions to None, run_after=None
[2026-08-06T04:49:49.287+0000] {logging_mixin.py:190} INFO - [2026-08-06T04:49:49.286+0000] {dag.py:4180} INFO - Setting next_dagrun for consume_1_or_2_with_dataset_expressions to None, run_after=None
[2026-08-06T04:49:49.291+0000] {logging_mixin.py:190} INFO - [2026-08-06T04:49:49.290+0000] {dag.py:4180} INFO - Setting next_dagrun for consume_1_or_both_2_and_3_with_dataset_expressions to None, run_after=None
[2026-08-06T04:49:49.294+0000] {logging_mixin.py:190} INFO - [2026-08-06T04:49:49.293+0000] {dag.py:4180} INFO - Setting next_dagrun for dataset_consumes_1 to None, run_after=None
[2026-08-06T04:49:49.298+0000] {logging_mixin.py:190} INFO - [2026-08-06T04:49:49.297+0000] {dag.py:4180} INFO - Setting next_dagrun for dataset_consumes_1_and_2 to None, run_after=None
[2026-08-06T04:49:49.302+0000] {logging_mixin.py:190} INFO - [2026-08-06T04:49:49.302+0000] {dag.py:4180} INFO - Setting next_dagrun for dataset_consumes_1_never_scheduled to None, run_after=None
[2026-08-06T04:49:49.306+0000] {logging_mixin.py:190} INFO - [2026-08-06T04:49:49.306+0000] {dag.py:4180} INFO - Setting next_dagrun for dataset_consumes_unknown_never_scheduled to None, run_after=None
[2026-08-06T04:49:49.314+0000] {logging_mixin.py:190} INFO - [2026-08-06T04:49:49.313+0000] {dag.py:4180} INFO - Setting next_dagrun for dataset_produces_1 to 2026-08-05 00:00:00+00:00, run_after=2026-08-06 00:00:00+00:00
[2026-08-06T04:49:49.317+0000] {logging_mixin.py:190} INFO - [2026-08-06T04:49:49.317+0000] {dag.py:4180} INFO - Setting next_dagrun for dataset_produces_2 to None, run_after=None
[2026-08-06T04:49:49.390+0000] {processor.py:208} INFO - Processing /home/airflow/.local/lib/python3.12/site-packages/airflow/example_dags/example_datasets.py took 1.357 seconds
[2026-08-06T04:50:19.566+0000] {processor.py:186} INFO - Started process (PID=559) to work on /home/airflow/.local/lib/python3.12/site-packages/airflow/example_dags/example_datasets.py
[2026-08-06T04:50:19.568+0000] {processor.py:914} INFO - Processing file /home/airflow/.local/lib/python3.12/site-packages/airflow/example_dags/example_datasets.py for tasks to queue
[2026-08-06T04:50:19.576+0000] {logging_mixin.py:190} INFO - [2026-08-06T04:50:19.574+0000] {dagbag.py:588} INFO - Filling up the DagBag from /home/airflow/.local/lib/python3.12/site-packages/airflow/example_dags/example_datasets.py
[2026-08-06T04:50:20.633+0000] {processor.py:925} INFO - DAG(s) 'consume_1_or_both_2_and_3_with_dataset_expressions', 'dataset_consumes_1_never_scheduled', 'dataset_produces_1', 'dataset_consumes_unknown_never_scheduled', 'consume_1_or_2_with_dataset_expressions', 'dataset_consumes_1_and_2', 'consume_1_and_2_with_dataset_expressions', 'dataset_consumes_1', 'dataset_produces_2', 'conditional_dataset_and_time_based_timetable' retrieved from /home/airflow/.local/lib/python3.12/site-packages/airflow/example_dags/example_datasets.py
[2026-08-06T04:50:20.711+0000] {logging_mixin.py:190} INFO - [2026-08-06T04:50:20.711+0000] {dag.py:3239} INFO - Sync 10 DAGs
[2026-08-06T04:50:20.760+0000] {logging_mixin.py:190} INFO - [2026-08-06T04:50:20.760+0000] {dag.py:4180} INFO - Setting next_dagrun for conditional_dataset_and_time_based_timetable to 2026-08-05 01:00:00+00:00, run_after=2026-08-05 01:00:00+00:00
[2026-08-06T04:50:20.766+0000] {logging_mixin.py:190} INFO - [2026-08-06T04:50:20.766+0000] {dag.py:4180} INFO - Setting next_dagrun for consume_1_and_2_with_dataset_expressions to None, run_after=None
[2026-08-06T04:50:20.770+0000] {logging_mixin.py:190} INFO - [2026-08-06T04:50:20.770+0000] {dag.py:4180} INFO - Setting next_dagrun for consume_1_or_2_with_dataset_expressions to None, run_after=None
[2026-08-06T04:50:20.773+0000] {logging_mixin.py:190} INFO - [2026-08-06T04:50:20.772+0000] {dag.py:4180} INFO - Setting next_dagrun for consume_1_or_both_2_and_3_with_dataset_expressions to None, run_after=None
[2026-08-06T04:50:20.777+0000] {logging_mixin.py:190} INFO - [2026-08-06T04:50:20.776+0000] {dag.py:4180} INFO - Setting next_dagrun for dataset_consumes_1 to None, run_after=None
[2026-08-06T04:50:20.780+0000] {logging_mixin.py:190} INFO - [2026-08-06T04:50:20.779+0000] {dag.py:4180} INFO - Setting next_dagrun for dataset_consumes_1_and_2 to None, run_after=None
[2026-08-06T04:50:20.782+0000] {logging_mixin.py:190} INFO - [2026-08-06T04:50:20.782+0000] {dag.py:4180} INFO - Setting next_dagrun for dataset_consumes_1_never_scheduled to None, run_after=None
[2026-08-06T04:50:20.785+0000] {logging_mixin.py:190} INFO - [2026-08-06T04:50:20.785+0000] {dag.py:4180} INFO - Setting next_dagrun for dataset_consumes_unknown_never_scheduled to None, run_after=None
[2026-08-06T04:50:20.793+0000] {logging_mixin.py:190} INFO - [2026-08-06T04:50:20.792+0000] {dag.py:4180} INFO - Setting next_dagrun for dataset_produces_1 to 2026-08-05 00:00:00+00:00, run_after=2026-08-06 00:00:00+00:00
[2026-08-06T04:50:20.795+0000] {logging_mixin.py:190} INFO - [2026-08-06T04:50:20.795+0000] {dag.py:4180} INFO - Setting next_dagrun for dataset_produces_2 to None, run_after=None
[2026-08-06T04:50:20.889+0000] {processor.py:208} INFO - Processing /home/airflow/.local/lib/python3.12/site-packages/airflow/example_dags/example_datasets.py took 1.333 seconds
[2026-08-06T04:50:51.181+0000] {processor.py:186} INFO - Started process (PID=622) to work on /home/airflow/.local/lib/python3.12/site-packages/airflow/example_dags/example_datasets.py
[2026-08-06T04:50:51.183+0000] {processor.py:914} INFO - Processing file /home/airflow/.local/lib/python3.12/site-packages/airflow/example_dags/example_datasets.py for tasks to queue
[2026-08-06T04:50:51.188+0000] {logging_mixin.py:190} INFO - [2026-08-06T04:50:51.187+0000] {dagbag.py:588} INFO - Filling up the DagBag from /home/airflow/.local/lib/python3.12/site-packages/airflow/example_dags/example_datasets.py
[2026-08-06T04:50:52.028+0000] {processor.py:925} INFO - DAG(s) 'conditional_dataset_and_time_based_timetable', 'dataset_consumes_unknown_never_scheduled', 'dataset_produces_1', 'consume_1_or_both_2_and_3_with_dataset_expressions', 'dataset_consumes_1', 'dataset_consumes_1_and_2', 'dataset_produces_2', 'consume_1_and_2_with_dataset_expressions', 'consume_1_or_2_with_dataset_expressions', 'dataset_consumes_1_never_scheduled' retrieved from /home/airflow/.local/lib/python3.12/site-packages/airflow/example_dags/example_datasets.py
[2026-08-06T04:50:52.120+0000] {logging_mixin.py:190} INFO - [2026-08-06T04:50:52.120+0000] {dag.py:3239} INFO - Sync 10 DAGs
[2026-08-06T04:50:52.160+0000] {logging_mixin.py:190} INFO - [2026-08-06T04:50:52.159+0000] {dag.py:4180} INFO - Setting next_dagrun for conditional_dataset_and_time_based_timetable to 2026-08-05 01:00:00+00:00, run_after=2026-08-05 01:00:00+00:00
[2026-08-06T04:50:52.167+0000] {logging_mixin.py:190} INFO - [2026-08-06T04:50:52.166+0000] {dag.py:4180} INFO - Setting next_dagrun for consume_1_and_2_with_dataset_expressions to None, run_after=None
[2026-08-06T04:50:52.171+0000] {logging_mixin.py:190} INFO - [2026-08-06T04:50:52.170+0000] {dag.py:4180} INFO - Setting next_dagrun for consume_1_or_2_with_dataset_expressions to None, run_after=None
[2026-08-06T04:50:52.174+0000] {logging_mixin.py:190} INFO - [2026-08-06T04:50:52.173+0000] {dag.py:4180} INFO - Setting next_dagrun for consume_1_or_both_2_and_3_with_dataset_expressions to None, run_after=None
[2026-08-06T04:50:52.176+0000] {logging_mixin.py:190} INFO - [2026-08-06T04:50:52.176+0000] {dag.py:4180} INFO - Setting next_dagrun for dataset_consumes_1 to None, run_after=None
[2026-08-06T04:50:52.181+0000] {logging_mixin.py:190} INFO - [2026-08-06T04:50:52.181+0000] {dag.py:4180} INFO - Setting next_dagrun for dataset_consumes_1_and_2 to None, run_after=None
[2026-08-06T04:50:52.184+0000] {logging_mixin.py:190} INFO - [2026-08-06T04:50:52.184+0000] {dag.py:4180} INFO - Setting next_dagrun for dataset_consumes_1_never_scheduled to None, run_after=None
[2026-08-06T04:50:52.188+0000] {logging_mixin.py:190} INFO - [2026-08-06T04:50:52.187+0000] {dag.py:4180} INFO - Setting next_dagrun for dataset_consumes_unknown_never_scheduled to None, run_after=None
[2026-08-06T04:50:52.192+0000] {logging_mixin.py:190} INFO - [2026-08-06T04:50:52.191+0000] {dag.py:4180} INFO - Setting next_dagrun for dataset_produces_1 to 2026-08-05 00:00:00+00:00, run_after=2026-08-06 00:00:00+00:00
[2026-08-06T04:50:52.195+0000] {logging_mixin.py:190} INFO - [2026-08-06T04:50:52.194+0000] {dag.py:4180} INFO - Setting next_dagrun for dataset_produces_2 to None, run_after=None
[2026-08-06T04:50:52.253+0000] {processor.py:208} INFO - Processing /home/airflow/.local/lib/python3.12/site-packages/airflow/example_dags/example_datasets.py took 1.082 seconds
[2026-08-06T04:51:22.796+0000] {processor.py:186} INFO - Started process (PID=685) to work on /home/airflow/.local/lib/python3.12/site-packages/airflow/example_dags/example_datasets.py
[2026-08-06T04:51:22.799+0000] {processor.py:914} INFO - Processing file /home/airflow/.local/lib/python3.12/site-packages/airflow/example_dags/example_datasets.py for tasks to queue
[2026-08-06T04:51:22.803+0000] {logging_mixin.py:190} INFO - [2026-08-06T04:51:22.803+0000] {dagbag.py:588} INFO - Filling up the DagBag from /home/airflow/.local/lib/python3.12/site-packages/airflow/example_dags/example_datasets.py
[2026-08-06T04:51:23.937+0000] {processor.py:925} INFO - DAG(s) 'dataset_consumes_1_never_scheduled', 'consume_1_and_2_with_dataset_expressions', 'dataset_produces_2', 'dataset_consumes_1', 'consume_1_or_2_with_dataset_expressions', 'conditional_dataset_and_time_based_timetable', 'dataset_consumes_1_and_2', 'dataset_produces_1', 'dataset_consumes_unknown_never_scheduled', 'consume_1_or_both_2_and_3_with_dataset_expressions' retrieved from /home/airflow/.local/lib/python3.12/site-packages/airflow/example_dags/example_datasets.py
[2026-08-06T04:51:24.022+0000] {logging_mixin.py:190} INFO - [2026-08-06T04:51:24.021+0000] {dag.py:3239} INFO - Sync 10 DAGs
[2026-08-06T04:51:24.071+0000] {logging_mixin.py:190} INFO - [2026-08-06T04:51:24.071+0000] {dag.py:4180} INFO - Setting next_dagrun for conditional_dataset_and_time_based_timetable to 2026-08-05 01:00:00+00:00, run_after=2026-08-05 01:00:00+00:00
[2026-08-06T04:51:24.079+0000] {logging_mixin.py:190} INFO - [2026-08-06T04:51:24.079+0000] {dag.py:4180} INFO - Setting next_dagrun for consume_1_and_2_with_dataset_expressions to None, run_after=None
[2026-08-06T04:51:24.084+0000] {logging_mixin.py:190} INFO - [2026-08-06T04:51:24.083+0000] {dag.py:4180} INFO - Setting next_dagrun for consume_1_or_2_with_dataset_expressions to None, run_after=None
[2026-08-06T04:51:24.087+0000] {logging_mixin.py:190} INFO - [2026-08-06T04:51:24.087+0000] {dag.py:4180} INFO - Setting next_dagrun for consume_1_or_both_2_and_3_with_dataset_expressions to None, run_after=None
[2026-08-06T04:51:24.092+0000] {logging_mixin.py:190} INFO - [2026-08-06T04:51:24.091+0000] {dag.py:4180} INFO - Setting next_dagrun for dataset_consumes_1 to None, run_after=None
[2026-08-06T04:51:24.097+0000] {logging_mixin.py:190} INFO - [2026-08-06T04:51:24.096+0000] {dag.py:4180} INFO - Setting next_dagrun for dataset_consumes_1_and_2 to None, run_after=None
[2026-08-06T04:51:24.100+0000] {logging_mixin.py:190} INFO - [2026-08-06T04:51:24.100+0000] {dag.py:4180} INFO - Setting next_dagrun for dataset_consumes_1_never_scheduled to None, run_after=None
[2026-08-06T04:51:24.104+0000] {logging_mixin.py:190} INFO - [2026-08-06T04:51:24.103+0000] {dag.py:4180} INFO - Setting next_dagrun for dataset_consumes_unknown_never_scheduled to None, run_after=None
[2026-08-06T04:51:24.110+0000] {logging_mixin.py:190} INFO - [2026-08-06T04:51:24.109+0000] {dag.py:4180} INFO - Setting next_dagrun for dataset_produces_1 to 2026-08-05 00:00:00+00:00, run_after=2026-08-06 00:00:00+00:00
[2026-08-06T04:51:24.115+0000] {logging_mixin.py:190} INFO - [2026-08-06T04:51:24.114+0000] {dag.py:4180} INFO - Setting next_dagrun for dataset_produces_2 to None, run_after=None
[2026-08-06T04:51:24.199+0000] {processor.py:208} INFO - Processing /home/airflow/.local/lib/python3.12/site-packages/airflow/example_dags/example_datasets.py took 1.417 seconds
[2026-08-06T04:51:54.416+0000] {processor.py:186} INFO - Started process (PID=748) to work on /home/airflow/.local/lib/python3.12/site-packages/airflow/example_dags/example_datasets.py
[2026-08-06T04:51:54.419+0000] {processor.py:914} INFO - Processing file /home/airflow/.local/lib/python3.12/site-packages/airflow/example_dags/example_datasets.py for tasks to queue
[2026-08-06T04:51:54.425+0000] {logging_mixin.py:190} INFO - [2026-08-06T04:51:54.424+0000] {dagbag.py:588} INFO - Filling up the DagBag from /home/airflow/.local/lib/python3.12/site-packages/airflow/example_dags/example_datasets.py
[2026-08-06T04:51:55.314+0000] {processor.py:925} INFO - DAG(s) 'dataset_consumes_1_never_scheduled', 'conditional_dataset_and_time_based_timetable', 'consume_1_or_2_with_dataset_expressions', 'dataset_consumes_unknown_never_scheduled', 'dataset_consumes_1_and_2', 'consume_1_or_both_2_and_3_with_dataset_expressions', 'dataset_produces_2', 'dataset_produces_1', 'dataset_consumes_1', 'consume_1_and_2_with_dataset_expressions' retrieved from /home/airflow/.local/lib/python3.12/site-packages/airflow/example_dags/example_datasets.py
[2026-08-06T04:51:55.378+0000] {logging_mixin.py:190} INFO - [2026-08-06T04:51:55.378+0000] {dag.py:3239} INFO - Sync 10 DAGs
[2026-08-06T04:51:55.417+0000] {logging_mixin.py:190} INFO - [2026-08-06T04:51:55.417+0000] {dag.py:4180} INFO - Setting next_dagrun for conditional_dataset_and_time_based_timetable to 2026-08-05 01:00:00+00:00, run_after=2026-08-05 01:00:00+00:00
[2026-08-06T04:51:55.423+0000] {logging_mixin.py:190} INFO - [2026-08-06T04:51:55.423+0000] {dag.py:4180} INFO - Setting next_dagrun for consume_1_and_2_with_dataset_expressions to None, run_after=None
[2026-08-06T04:51:55.427+0000] {logging_mixin.py:190} INFO - [2026-08-06T04:51:55.426+0000] {dag.py:4180} INFO - Setting next_dagrun for consume_1_or_2_with_dataset_expressions to None, run_after=None
[2026-08-06T04:51:55.430+0000] {logging_mixin.py:190} INFO - [2026-08-06T04:51:55.430+0000] {dag.py:4180} INFO - Setting next_dagrun for consume_1_or_both_2_and_3_with_dataset_expressions to None, run_after=None
[2026-08-06T04:51:55.433+0000] {logging_mixin.py:190} INFO - [2026-08-06T04:51:55.432+0000] {dag.py:4180} INFO - Setting next_dagrun for dataset_consumes_1 to None, run_after=None
[2026-08-06T04:51:55.436+0000] {logging_mixin.py:190} INFO - [2026-08-06T04:51:55.435+0000] {dag.py:4180} INFO - Setting next_dagrun for dataset_consumes_1_and_2 to None, run_after=None
[2026-08-06T04:51:55.438+0000] {logging_mixin.py:190} INFO - [2026-08-06T04:51:55.438+0000] {dag.py:4180} INFO - Setting next_dagrun for dataset_consumes_1_never_scheduled to None, run_after=None
[2026-08-06T04:51:55.441+0000] {logging_mixin.py:190} INFO - [2026-08-06T04:51:55.440+0000] {dag.py:4180} INFO - Setting next_dagrun for dataset_consumes_unknown_never_scheduled to None, run_after=None
[2026-08-06T04:51:55.446+0000] {logging_mixin.py:190} INFO - [2026-08-06T04:51:55.445+0000] {dag.py:4180} INFO - Setting next_dagrun for dataset_produces_1 to 2026-08-05 00:00:00+00:00, run_after=2026-08-06 00:00:00+00:00
[2026-08-06T04:51:55.449+0000] {logging_mixin.py:190} INFO - [2026-08-06T04:51:55.448+0000] {dag.py:4180} INFO - Setting next_dagrun for dataset_produces_2 to None, run_after=None
[2026-08-06T04:51:55.502+0000] {processor.py:208} INFO - Processing /home/airflow/.local/lib/python3.12/site-packages/airflow/example_dags/example_datasets.py took 1.104 seconds
[2026-08-06T04:52:26.281+0000] {processor.py:186} INFO - Started process (PID=812) to work on /home/airflow/.local/lib/python3.12/site-packages/airflow/example_dags/example_datasets.py
[2026-08-06T04:52:26.283+0000] {processor.py:914} INFO - Processing file /home/airflow/.local/lib/python3.12/site-packages/airflow/example_dags/example_datasets.py for tasks to queue
[2026-08-06T04:52:26.288+0000] {logging_mixin.py:190} INFO - [2026-08-06T04:52:26.287+0000] {dagbag.py:588} INFO - Filling up the DagBag from /home/airflow/.local/lib/python3.12/site-packages/airflow/example_dags/example_datasets.py
[2026-08-06T04:52:27.427+0000] {processor.py:925} INFO - DAG(s) 'consume_1_and_2_with_dataset_expressions', 'dataset_produces_2', 'consume_1_or_2_with_dataset_expressions', 'dataset_consumes_1_and_2', 'dataset_consumes_1', 'dataset_consumes_1_never_scheduled', 'dataset_consumes_unknown_never_scheduled', 'consume_1_or_both_2_and_3_with_dataset_expressions', 'conditional_dataset_and_time_based_timetable', 'dataset_produces_1' retrieved from /home/airflow/.local/lib/python3.12/site-packages/airflow/example_dags/example_datasets.py
[2026-08-06T04:52:27.533+0000] {logging_mixin.py:190} INFO - [2026-08-06T04:52:27.532+0000] {dag.py:3239} INFO - Sync 10 DAGs
[2026-08-06T04:52:27.619+0000] {logging_mixin.py:190} INFO - [2026-08-06T04:52:27.618+0000] {dag.py:4180} INFO - Setting next_dagrun for conditional_dataset_and_time_based_timetable to 2026-08-05 01:00:00+00:00, run_after=2026-08-05 01:00:00+00:00
[2026-08-06T04:52:27.633+0000] {logging_mixin.py:190} INFO - [2026-08-06T04:52:27.632+0000] {dag.py:4180} INFO - Setting next_dagrun for consume_1_and_2_with_dataset_expressions to None, run_after=None
[2026-08-06T04:52:27.640+0000] {logging_mixin.py:190} INFO - [2026-08-06T04:52:27.639+0000] {dag.py:4180} INFO - Setting next_dagrun for consume_1_or_2_with_dataset_expressions to None, run_after=None
[2026-08-06T04:52:27.645+0000] {logging_mixin.py:190} INFO - [2026-08-06T04:52:27.645+0000] {dag.py:4180} INFO - Setting next_dagrun for consume_1_or_both_2_and_3_with_dataset_expressions to None, run_after=None
[2026-08-06T04:52:27.652+0000] {logging_mixin.py:190} INFO - [2026-08-06T04:52:27.652+0000] {dag.py:4180} INFO - Setting next_dagrun for dataset_consumes_1 to None, run_after=None
[2026-08-06T04:52:27.660+0000] {logging_mixin.py:190} INFO - [2026-08-06T04:52:27.660+0000] {dag.py:4180} INFO - Setting next_dagrun for dataset_consumes_1_and_2 to None, run_after=None
[2026-08-06T04:52:27.664+0000] {logging_mixin.py:190} INFO - [2026-08-06T04:52:27.664+0000] {dag.py:4180} INFO - Setting next_dagrun for dataset_consumes_1_never_scheduled to None, run_after=None
[2026-08-06T04:52:27.667+0000] {logging_mixin.py:190} INFO - [2026-08-06T04:52:27.667+0000] {dag.py:4180} INFO - Setting next_dagrun for dataset_consumes_unknown_never_scheduled to None, run_after=None
[2026-08-06T04:52:27.671+0000] {logging_mixin.py:190} INFO - [2026-08-06T04:52:27.671+0000] {dag.py:4180} INFO - Setting next_dagrun for dataset_produces_1 to 2026-08-05 00:00:00+00:00, run_after=2026-08-06 00:00:00+00:00
[2026-08-06T04:52:27.675+0000] {logging_mixin.py:190} INFO - [2026-08-06T04:52:27.674+0000] {dag.py:4180} INFO - Setting next_dagrun for dataset_produces_2 to None, run_after=None
[2026-08-06T04:52:27.738+0000] {processor.py:208} INFO - Processing /home/airflow/.local/lib/python3.12/site-packages/airflow/example_dags/example_datasets.py took 1.475 seconds
[2026-08-06T05:30:19.485+0000] {processor.py:186} INFO - Started process (PID=100) to work on /home/airflow/.local/lib/python3.12/site-packages/airflow/example_dags/example_datasets.py
[2026-08-06T05:30:19.488+0000] {processor.py:914} INFO - Processing file /home/airflow/.local/lib/python3.12/site-packages/airflow/example_dags/example_datasets.py for tasks to queue
[2026-08-06T05:30:19.493+0000] {logging_mixin.py:190} INFO - [2026-08-06T05:30:19.492+0000] {dagbag.py:588} INFO - Filling up the DagBag from /home/airflow/.local/lib/python3.12/site-packages/airflow/example_dags/example_datasets.py
[2026-08-06T05:30:20.651+0000] {processor.py:925} INFO - DAG(s) 'dataset_consumes_1_and_2', 'consume_1_or_both_2_and_3_with_dataset_expressions', 'consume_1_and_2_with_dataset_expressions', 'dataset_consumes_unknown_never_scheduled', 'dataset_produces_1', 'dataset_consumes_1_never_scheduled', 'dataset_consumes_1', 'dataset_produces_2', 'conditional_dataset_and_time_based_timetable', 'consume_1_or_2_with_dataset_expressions' retrieved from /home/airflow/.local/lib/python3.12/site-packages/airflow/example_dags/example_datasets.py
[2026-08-06T05:30:20.736+0000] {logging_mixin.py:190} INFO - [2026-08-06T05:30:20.736+0000] {dag.py:3239} INFO - Sync 10 DAGs
[2026-08-06T05:30:20.773+0000] {logging_mixin.py:190} INFO - [2026-08-06T05:30:20.773+0000] {dag.py:4180} INFO - Setting next_dagrun for conditional_dataset_and_time_based_timetable to 2026-08-05 01:00:00+00:00, run_after=2026-08-05 01:00:00+00:00
[2026-08-06T05:30:20.782+0000] {logging_mixin.py:190} INFO - [2026-08-06T05:30:20.782+0000] {dag.py:4180} INFO - Setting next_dagrun for consume_1_and_2_with_dataset_expressions to None, run_after=None
[2026-08-06T05:30:20.785+0000] {logging_mixin.py:190} INFO - [2026-08-06T05:30:20.785+0000] {dag.py:4180} INFO - Setting next_dagrun for consume_1_or_2_with_dataset_expressions to None, run_after=None
[2026-08-06T05:30:20.788+0000] {logging_mixin.py:190} INFO - [2026-08-06T05:30:20.788+0000] {dag.py:4180} INFO - Setting next_dagrun for consume_1_or_both_2_and_3_with_dataset_expressions to None, run_after=None
[2026-08-06T05:30:20.791+0000] {logging_mixin.py:190} INFO - [2026-08-06T05:30:20.791+0000] {dag.py:4180} INFO - Setting next_dagrun for dataset_consumes_1 to None, run_after=None
[2026-08-06T05:30:20.793+0000] {logging_mixin.py:190} INFO - [2026-08-06T05:30:20.793+0000] {dag.py:4180} INFO - Setting next_dagrun for dataset_consumes_1_and_2 to None, run_after=None
[2026-08-06T05:30:20.796+0000] {logging_mixin.py:190} INFO - [2026-08-06T05:30:20.796+0000] {dag.py:4180} INFO - Setting next_dagrun for dataset_consumes_1_never_scheduled to None, run_after=None
[2026-08-06T05:30:20.800+0000] {logging_mixin.py:190} INFO - [2026-08-06T05:30:20.799+0000] {dag.py:4180} INFO - Setting next_dagrun for dataset_consumes_unknown_never_scheduled to None, run_after=None
[2026-08-06T05:30:20.808+0000] {logging_mixin.py:190} INFO - [2026-08-06T05:30:20.807+0000] {dag.py:4180} INFO - Setting next_dagrun for dataset_produces_1 to 2026-08-05 00:00:00+00:00, run_after=2026-08-06 00:00:00+00:00
[2026-08-06T05:30:20.811+0000] {logging_mixin.py:190} INFO - [2026-08-06T05:30:20.810+0000] {dag.py:4180} INFO - Setting next_dagrun for dataset_produces_2 to None, run_after=None
[2026-08-06T05:30:20.868+0000] {processor.py:208} INFO - Processing /home/airflow/.local/lib/python3.12/site-packages/airflow/example_dags/example_datasets.py took 1.391 seconds
[2026-08-06T05:30:51.350+0000] {processor.py:186} INFO - Started process (PID=165) to work on /home/airflow/.local/lib/python3.12/site-packages/airflow/example_dags/example_datasets.py
[2026-08-06T05:30:51.352+0000] {processor.py:914} INFO - Processing file /home/airflow/.local/lib/python3.12/site-packages/airflow/example_dags/example_datasets.py for tasks to queue
[2026-08-06T05:30:51.356+0000] {logging_mixin.py:190} INFO - [2026-08-06T05:30:51.356+0000] {dagbag.py:588} INFO - Filling up the DagBag from /home/airflow/.local/lib/python3.12/site-packages/airflow/example_dags/example_datasets.py
[2026-08-06T05:30:52.194+0000] {processor.py:925} INFO - DAG(s) 'dataset_consumes_1_and_2', 'dataset_consumes_unknown_never_scheduled', 'consume_1_or_both_2_and_3_with_dataset_expressions', 'dataset_consumes_1', 'consume_1_or_2_with_dataset_expressions', 'dataset_produces_2', 'consume_1_and_2_with_dataset_expressions', 'dataset_consumes_1_never_scheduled', 'dataset_produces_1', 'conditional_dataset_and_time_based_timetable' retrieved from /home/airflow/.local/lib/python3.12/site-packages/airflow/example_dags/example_datasets.py
[2026-08-06T05:30:52.254+0000] {logging_mixin.py:190} INFO - [2026-08-06T05:30:52.254+0000] {dag.py:3239} INFO - Sync 10 DAGs
[2026-08-06T05:30:52.285+0000] {logging_mixin.py:190} INFO - [2026-08-06T05:30:52.285+0000] {dag.py:4180} INFO - Setting next_dagrun for conditional_dataset_and_time_based_timetable to 2026-08-05 01:00:00+00:00, run_after=2026-08-05 01:00:00+00:00
[2026-08-06T05:30:52.298+0000] {logging_mixin.py:190} INFO - [2026-08-06T05:30:52.298+0000] {dag.py:4180} INFO - Setting next_dagrun for consume_1_and_2_with_dataset_expressions to None, run_after=None
[2026-08-06T05:30:52.301+0000] {logging_mixin.py:190} INFO - [2026-08-06T05:30:52.301+0000] {dag.py:4180} INFO - Setting next_dagrun for consume_1_or_2_with_dataset_expressions to None, run_after=None
[2026-08-06T05:30:52.306+0000] {logging_mixin.py:190} INFO - [2026-08-06T05:30:52.306+0000] {dag.py:4180} INFO - Setting next_dagrun for consume_1_or_both_2_and_3_with_dataset_expressions to None, run_after=None
[2026-08-06T05:30:52.309+0000] {logging_mixin.py:190} INFO - [2026-08-06T05:30:52.308+0000] {dag.py:4180} INFO - Setting next_dagrun for dataset_consumes_1 to None, run_after=None
[2026-08-06T05:30:52.311+0000] {logging_mixin.py:190} INFO - [2026-08-06T05:30:52.311+0000] {dag.py:4180} INFO - Setting next_dagrun for dataset_consumes_1_and_2 to None, run_after=None
[2026-08-06T05:30:52.314+0000] {logging_mixin.py:190} INFO - [2026-08-06T05:30:52.314+0000] {dag.py:4180} INFO - Setting next_dagrun for dataset_consumes_1_never_scheduled to None, run_after=None
[2026-08-06T05:30:52.316+0000] {logging_mixin.py:190} INFO - [2026-08-06T05:30:52.316+0000] {dag.py:4180} INFO - Setting next_dagrun for dataset_consumes_unknown_never_scheduled to None, run_after=None
[2026-08-06T05:30:52.319+0000] {logging_mixin.py:190} INFO - [2026-08-06T05:30:52.319+0000] {dag.py:4180} INFO - Setting next_dagrun for dataset_produces_1 to 2026-08-05 00:00:00+00:00, run_after=2026-08-06 00:00:00+00:00
[2026-08-06T05:30:52.322+0000] {logging_mixin.py:190} INFO - [2026-08-06T05:30:52.322+0000] {dag.py:4180} INFO - Setting next_dagrun for dataset_produces_2 to None, run_after=None
[2026-08-06T05:30:52.363+0000] {processor.py:208} INFO - Processing /home/airflow/.local/lib/python3.12/site-packages/airflow/example_dags/example_datasets.py took 1.022 seconds
[2026-08-06T05:33:13.640+0000] {processor.py:186} INFO - Started process (PID=94) to work on /home/airflow/.local/lib/python3.12/site-packages/airflow/example_dags/example_datasets.py
[2026-08-06T05:33:13.642+0000] {processor.py:914} INFO - Processing file /home/airflow/.local/lib/python3.12/site-packages/airflow/example_dags/example_datasets.py for tasks to queue
[2026-08-06T05:33:13.647+0000] {logging_mixin.py:190} INFO - [2026-08-06T05:33:13.647+0000] {dagbag.py:588} INFO - Filling up the DagBag from /home/airflow/.local/lib/python3.12/site-packages/airflow/example_dags/example_datasets.py
[2026-08-06T05:33:14.673+0000] {processor.py:925} INFO - DAG(s) 'consume_1_and_2_with_dataset_expressions', 'dataset_consumes_1_and_2', 'dataset_produces_1', 'dataset_produces_2', 'consume_1_or_2_with_dataset_expressions', 'dataset_consumes_1', 'dataset_consumes_unknown_never_scheduled', 'conditional_dataset_and_time_based_timetable', 'consume_1_or_both_2_and_3_with_dataset_expressions', 'dataset_consumes_1_never_scheduled' retrieved from /home/airflow/.local/lib/python3.12/site-packages/airflow/example_dags/example_datasets.py
[2026-08-06T05:33:14.758+0000] {logging_mixin.py:190} INFO - [2026-08-06T05:33:14.758+0000] {dag.py:3239} INFO - Sync 10 DAGs
[2026-08-06T05:33:14.804+0000] {logging_mixin.py:190} INFO - [2026-08-06T05:33:14.803+0000] {dag.py:4180} INFO - Setting next_dagrun for conditional_dataset_and_time_based_timetable to 2026-08-05 01:00:00+00:00, run_after=2026-08-05 01:00:00+00:00
[2026-08-06T05:33:14.854+0000] {logging_mixin.py:190} INFO - [2026-08-06T05:33:14.853+0000] {dag.py:4180} INFO - Setting next_dagrun for consume_1_and_2_with_dataset_expressions to None, run_after=None
[2026-08-06T05:33:14.866+0000] {logging_mixin.py:190} INFO - [2026-08-06T05:33:14.865+0000] {dag.py:4180} INFO - Setting next_dagrun for consume_1_or_2_with_dataset_expressions to None, run_after=None
[2026-08-06T05:33:14.871+0000] {logging_mixin.py:190} INFO - [2026-08-06T05:33:14.870+0000] {dag.py:4180} INFO - Setting next_dagrun for consume_1_or_both_2_and_3_with_dataset_expressions to None, run_after=None
[2026-08-06T05:33:14.878+0000] {logging_mixin.py:190} INFO - [2026-08-06T05:33:14.877+0000] {dag.py:4180} INFO - Setting next_dagrun for dataset_consumes_1 to None, run_after=None
[2026-08-06T05:33:14.900+0000] {logging_mixin.py:190} INFO - [2026-08-06T05:33:14.900+0000] {dag.py:4180} INFO - Setting next_dagrun for dataset_consumes_1_and_2 to None, run_after=None
[2026-08-06T05:33:14.907+0000] {logging_mixin.py:190} INFO - [2026-08-06T05:33:14.907+0000] {dag.py:4180} INFO - Setting next_dagrun for dataset_consumes_1_never_scheduled to None, run_after=None
[2026-08-06T05:33:14.911+0000] {logging_mixin.py:190} INFO - [2026-08-06T05:33:14.911+0000] {dag.py:4180} INFO - Setting next_dagrun for dataset_consumes_unknown_never_scheduled to None, run_after=None
[2026-08-06T05:33:14.918+0000] {logging_mixin.py:190} INFO - [2026-08-06T05:33:14.918+0000] {dag.py:4180} INFO - Setting next_dagrun for dataset_produces_1 to 2026-08-05 00:00:00+00:00, run_after=2026-08-06 00:00:00+00:00
[2026-08-06T05:33:14.924+0000] {logging_mixin.py:190} INFO - [2026-08-06T05:33:14.924+0000] {dag.py:4180} INFO - Setting next_dagrun for dataset_produces_2 to None, run_after=None
[2026-08-06T05:33:14.995+0000] {processor.py:208} INFO - Processing /home/airflow/.local/lib/python3.12/site-packages/airflow/example_dags/example_datasets.py took 1.365 seconds
[2026-08-06T05:33:45.311+0000] {processor.py:186} INFO - Started process (PID=161) to work on /home/airflow/.local/lib/python3.12/site-packages/airflow/example_dags/example_datasets.py
[2026-08-06T05:33:45.313+0000] {processor.py:914} INFO - Processing file /home/airflow/.local/lib/python3.12/site-packages/airflow/example_dags/example_datasets.py for tasks to queue
[2026-08-06T05:33:45.318+0000] {logging_mixin.py:190} INFO - [2026-08-06T05:33:45.318+0000] {dagbag.py:588} INFO - Filling up the DagBag from /home/airflow/.local/lib/python3.12/site-packages/airflow/example_dags/example_datasets.py
[2026-08-06T05:33:46.244+0000] {processor.py:925} INFO - DAG(s) 'dataset_consumes_1', 'dataset_consumes_unknown_never_scheduled', 'dataset_produces_1', 'consume_1_or_both_2_and_3_with_dataset_expressions', 'consume_1_and_2_with_dataset_expressions', 'conditional_dataset_and_time_based_timetable', 'dataset_consumes_1_never_scheduled', 'consume_1_or_2_with_dataset_expressions', 'dataset_consumes_1_and_2', 'dataset_produces_2' retrieved from /home/airflow/.local/lib/python3.12/site-packages/airflow/example_dags/example_datasets.py
[2026-08-06T05:33:46.322+0000] {logging_mixin.py:190} INFO - [2026-08-06T05:33:46.322+0000] {dag.py:3239} INFO - Sync 10 DAGs
[2026-08-06T05:33:46.366+0000] {logging_mixin.py:190} INFO - [2026-08-06T05:33:46.365+0000] {dag.py:4180} INFO - Setting next_dagrun for conditional_dataset_and_time_based_timetable to 2026-08-05 01:00:00+00:00, run_after=2026-08-05 01:00:00+00:00
[2026-08-06T05:33:46.373+0000] {logging_mixin.py:190} INFO - [2026-08-06T05:33:46.373+0000] {dag.py:4180} INFO - Setting next_dagrun for consume_1_and_2_with_dataset_expressions to None, run_after=None
[2026-08-06T05:33:46.378+0000] {logging_mixin.py:190} INFO - [2026-08-06T05:33:46.378+0000] {dag.py:4180} INFO - Setting next_dagrun for consume_1_or_2_with_dataset_expressions to None, run_after=None
[2026-08-06T05:33:46.381+0000] {logging_mixin.py:190} INFO - [2026-08-06T05:33:46.381+0000] {dag.py:4180} INFO - Setting next_dagrun for consume_1_or_both_2_and_3_with_dataset_expressions to None, run_after=None
[2026-08-06T05:33:46.384+0000] {logging_mixin.py:190} INFO - [2026-08-06T05:33:46.384+0000] {dag.py:4180} INFO - Setting next_dagrun for dataset_consumes_1 to None, run_after=None
[2026-08-06T05:33:46.387+0000] {logging_mixin.py:190} INFO - [2026-08-06T05:33:46.387+0000] {dag.py:4180} INFO - Setting next_dagrun for dataset_consumes_1_and_2 to None, run_after=None
[2026-08-06T05:33:46.389+0000] {logging_mixin.py:190} INFO - [2026-08-06T05:33:46.389+0000] {dag.py:4180} INFO - Setting next_dagrun for dataset_consumes_1_never_scheduled to None, run_after=None
[2026-08-06T05:33:46.392+0000] {logging_mixin.py:190} INFO - [2026-08-06T05:33:46.391+0000] {dag.py:4180} INFO - Setting next_dagrun for dataset_consumes_unknown_never_scheduled to None, run_after=None
[2026-08-06T05:33:46.398+0000] {logging_mixin.py:190} INFO - [2026-08-06T05:33:46.397+0000] {dag.py:4180} INFO - Setting next_dagrun for dataset_produces_1 to 2026-08-05 00:00:00+00:00, run_after=2026-08-06 00:00:00+00:00
[2026-08-06T05:33:46.400+0000] {logging_mixin.py:190} INFO - [2026-08-06T05:33:46.399+0000] {dag.py:4180} INFO - Setting next_dagrun for dataset_produces_2 to None, run_after=None
[2026-08-06T05:33:46.472+0000] {processor.py:208} INFO - Processing /home/airflow/.local/lib/python3.12/site-packages/airflow/example_dags/example_datasets.py took 1.168 seconds
[2026-08-06T05:34:17.060+0000] {processor.py:186} INFO - Started process (PID=227) to work on /home/airflow/.local/lib/python3.12/site-packages/airflow/example_dags/example_datasets.py
[2026-08-06T05:34:17.062+0000] {processor.py:914} INFO - Processing file /home/airflow/.local/lib/python3.12/site-packages/airflow/example_dags/example_datasets.py for tasks to queue
[2026-08-06T05:34:17.066+0000] {logging_mixin.py:190} INFO - [2026-08-06T05:34:17.066+0000] {dagbag.py:588} INFO - Filling up the DagBag from /home/airflow/.local/lib/python3.12/site-packages/airflow/example_dags/example_datasets.py
[2026-08-06T05:34:17.854+0000] {processor.py:925} INFO - DAG(s) 'dataset_consumes_1_and_2', 'dataset_consumes_unknown_never_scheduled', 'dataset_consumes_1_never_scheduled', 'conditional_dataset_and_time_based_timetable', 'consume_1_and_2_with_dataset_expressions', 'dataset_produces_2', 'dataset_produces_1', 'dataset_consumes_1', 'consume_1_or_both_2_and_3_with_dataset_expressions', 'consume_1_or_2_with_dataset_expressions' retrieved from /home/airflow/.local/lib/python3.12/site-packages/airflow/example_dags/example_datasets.py
[2026-08-06T05:34:17.910+0000] {logging_mixin.py:190} INFO - [2026-08-06T05:34:17.910+0000] {dag.py:3239} INFO - Sync 10 DAGs
[2026-08-06T05:34:17.944+0000] {logging_mixin.py:190} INFO - [2026-08-06T05:34:17.943+0000] {dag.py:4180} INFO - Setting next_dagrun for conditional_dataset_and_time_based_timetable to 2026-08-05 01:00:00+00:00, run_after=2026-08-05 01:00:00+00:00
[2026-08-06T05:34:17.948+0000] {logging_mixin.py:190} INFO - [2026-08-06T05:34:17.948+0000] {dag.py:4180} INFO - Setting next_dagrun for consume_1_and_2_with_dataset_expressions to None, run_after=None
[2026-08-06T05:34:17.951+0000] {logging_mixin.py:190} INFO - [2026-08-06T05:34:17.951+0000] {dag.py:4180} INFO - Setting next_dagrun for consume_1_or_2_with_dataset_expressions to None, run_after=None
[2026-08-06T05:34:17.954+0000] {logging_mixin.py:190} INFO - [2026-08-06T05:34:17.954+0000] {dag.py:4180} INFO - Setting next_dagrun for consume_1_or_both_2_and_3_with_dataset_expressions to None, run_after=None
[2026-08-06T05:34:17.956+0000] {logging_mixin.py:190} INFO - [2026-08-06T05:34:17.956+0000] {dag.py:4180} INFO - Setting next_dagrun for dataset_consumes_1 to None, run_after=None
[2026-08-06T05:34:17.959+0000] {logging_mixin.py:190} INFO - [2026-08-06T05:34:17.958+0000] {dag.py:4180} INFO - Setting next_dagrun for dataset_consumes_1_and_2 to None, run_after=None
[2026-08-06T05:34:17.961+0000] {logging_mixin.py:190} INFO - [2026-08-06T05:34:17.961+0000] {dag.py:4180} INFO - Setting next_dagrun for dataset_consumes_1_never_scheduled to None, run_after=None
[2026-08-06T05:34:17.963+0000] {logging_mixin.py:190} INFO - [2026-08-06T05:34:17.963+0000] {dag.py:4180} INFO - Setting next_dagrun for dataset_consumes_unknown_never_scheduled to None, run_after=None
[2026-08-06T05:34:17.968+0000] {logging_mixin.py:190} INFO - [2026-08-06T05:34:17.968+0000] {dag.py:4180} INFO - Setting next_dagrun for dataset_produces_1 to 2026-08-05 00:00:00+00:00, run_after=2026-08-06 00:00:00+00:00
[2026-08-06T05:34:17.971+0000] {logging_mixin.py:190} INFO - [2026-08-06T05:34:17.971+0000] {dag.py:4180} INFO - Setting next_dagrun for dataset_produces_2 to None, run_after=None
[2026-08-06T05:34:18.022+0000] {processor.py:208} INFO - Processing /home/airflow/.local/lib/python3.12/site-packages/airflow/example_dags/example_datasets.py took 0.971 seconds
[2026-08-06T05:34:48.281+0000] {processor.py:186} INFO - Started process (PID=293) to work on /home/airflow/.local/lib/python3.12/site-packages/airflow/example_dags/example_datasets.py
[2026-08-06T05:34:48.283+0000] {processor.py:914} INFO - Processing file /home/airflow/.local/lib/python3.12/site-packages/airflow/example_dags/example_datasets.py for tasks to queue
[2026-08-06T05:34:48.287+0000] {logging_mixin.py:190} INFO - [2026-08-06T05:34:48.286+0000] {dagbag.py:588} INFO - Filling up the DagBag from /home/airflow/.local/lib/python3.12/site-packages/airflow/example_dags/example_datasets.py
[2026-08-06T05:34:49.318+0000] {processor.py:925} INFO - DAG(s) 'dataset_consumes_1', 'dataset_consumes_1_and_2', 'conditional_dataset_and_time_based_timetable', 'dataset_produces_1', 'consume_1_or_2_with_dataset_expressions', 'dataset_produces_2', 'consume_1_and_2_with_dataset_expressions', 'consume_1_or_both_2_and_3_with_dataset_expressions', 'dataset_consumes_unknown_never_scheduled', 'dataset_consumes_1_never_scheduled' retrieved from /home/airflow/.local/lib/python3.12/site-packages/airflow/example_dags/example_datasets.py
[2026-08-06T05:34:49.456+0000] {logging_mixin.py:190} INFO - [2026-08-06T05:34:49.455+0000] {dag.py:3239} INFO - Sync 10 DAGs
[2026-08-06T05:34:49.510+0000] {logging_mixin.py:190} INFO - [2026-08-06T05:34:49.510+0000] {dag.py:4180} INFO - Setting next_dagrun for conditional_dataset_and_time_based_timetable to 2026-08-05 01:00:00+00:00, run_after=2026-08-05 01:00:00+00:00
[2026-08-06T05:34:49.517+0000] {logging_mixin.py:190} INFO - [2026-08-06T05:34:49.516+0000] {dag.py:4180} INFO - Setting next_dagrun for consume_1_and_2_with_dataset_expressions to None, run_after=None
[2026-08-06T05:34:49.520+0000] {logging_mixin.py:190} INFO - [2026-08-06T05:34:49.520+0000] {dag.py:4180} INFO - Setting next_dagrun for consume_1_or_2_with_dataset_expressions to None, run_after=None
[2026-08-06T05:34:49.522+0000] {logging_mixin.py:190} INFO - [2026-08-06T05:34:49.522+0000] {dag.py:4180} INFO - Setting next_dagrun for consume_1_or_both_2_and_3_with_dataset_expressions to None, run_after=None
[2026-08-06T05:34:49.525+0000] {logging_mixin.py:190} INFO - [2026-08-06T05:34:49.525+0000] {dag.py:4180} INFO - Setting next_dagrun for dataset_consumes_1 to None, run_after=None
[2026-08-06T05:34:49.528+0000] {logging_mixin.py:190} INFO - [2026-08-06T05:34:49.528+0000] {dag.py:4180} INFO - Setting next_dagrun for dataset_consumes_1_and_2 to None, run_after=None
[2026-08-06T05:34:49.531+0000] {logging_mixin.py:190} INFO - [2026-08-06T05:34:49.530+0000] {dag.py:4180} INFO - Setting next_dagrun for dataset_consumes_1_never_scheduled to None, run_after=None
[2026-08-06T05:34:49.533+0000] {logging_mixin.py:190} INFO - [2026-08-06T05:34:49.533+0000] {dag.py:4180} INFO - Setting next_dagrun for dataset_consumes_unknown_never_scheduled to None, run_after=None
[2026-08-06T05:34:49.537+0000] {logging_mixin.py:190} INFO - [2026-08-06T05:34:49.537+0000] {dag.py:4180} INFO - Setting next_dagrun for dataset_produces_1 to 2026-08-05 00:00:00+00:00, run_after=2026-08-06 00:00:00+00:00
[2026-08-06T05:34:49.540+0000] {logging_mixin.py:190} INFO - [2026-08-06T05:34:49.540+0000] {dag.py:4180} INFO - Setting next_dagrun for dataset_produces_2 to None, run_after=None
[2026-08-06T05:34:49.592+0000] {processor.py:208} INFO - Processing /home/airflow/.local/lib/python3.12/site-packages/airflow/example_dags/example_datasets.py took 1.318 seconds
[2026-08-06T05:35:20.063+0000] {processor.py:186} INFO - Started process (PID=356) to work on /home/airflow/.local/lib/python3.12/site-packages/airflow/example_dags/example_datasets.py
[2026-08-06T05:35:20.065+0000] {processor.py:914} INFO - Processing file /home/airflow/.local/lib/python3.12/site-packages/airflow/example_dags/example_datasets.py for tasks to queue
[2026-08-06T05:35:20.068+0000] {logging_mixin.py:190} INFO - [2026-08-06T05:35:20.067+0000] {dagbag.py:588} INFO - Filling up the DagBag from /home/airflow/.local/lib/python3.12/site-packages/airflow/example_dags/example_datasets.py
[2026-08-06T05:35:20.894+0000] {processor.py:925} INFO - DAG(s) 'dataset_produces_1', 'dataset_produces_2', 'consume_1_or_both_2_and_3_with_dataset_expressions', 'dataset_consumes_1', 'consume_1_or_2_with_dataset_expressions', 'conditional_dataset_and_time_based_timetable', 'dataset_consumes_unknown_never_scheduled', 'dataset_consumes_1_never_scheduled', 'consume_1_and_2_with_dataset_expressions', 'dataset_consumes_1_and_2' retrieved from /home/airflow/.local/lib/python3.12/site-packages/airflow/example_dags/example_datasets.py
[2026-08-06T05:35:20.952+0000] {logging_mixin.py:190} INFO - [2026-08-06T05:35:20.952+0000] {dag.py:3239} INFO - Sync 10 DAGs
[2026-08-06T05:35:21.000+0000] {logging_mixin.py:190} INFO - [2026-08-06T05:35:20.999+0000] {dag.py:4180} INFO - Setting next_dagrun for conditional_dataset_and_time_based_timetable to 2026-08-05 01:00:00+00:00, run_after=2026-08-05 01:00:00+00:00
[2026-08-06T05:35:21.006+0000] {logging_mixin.py:190} INFO - [2026-08-06T05:35:21.006+0000] {dag.py:4180} INFO - Setting next_dagrun for consume_1_and_2_with_dataset_expressions to None, run_after=None
[2026-08-06T05:35:21.011+0000] {logging_mixin.py:190} INFO - [2026-08-06T05:35:21.011+0000] {dag.py:4180} INFO - Setting next_dagrun for consume_1_or_2_with_dataset_expressions to None, run_after=None
[2026-08-06T05:35:21.014+0000] {logging_mixin.py:190} INFO - [2026-08-06T05:35:21.014+0000] {dag.py:4180} INFO - Setting next_dagrun for consume_1_or_both_2_and_3_with_dataset_expressions to None, run_after=None
[2026-08-06T05:35:21.017+0000] {logging_mixin.py:190} INFO - [2026-08-06T05:35:21.017+0000] {dag.py:4180} INFO - Setting next_dagrun for dataset_consumes_1 to None, run_after=None
[2026-08-06T05:35:21.019+0000] {logging_mixin.py:190} INFO - [2026-08-06T05:35:21.019+0000] {dag.py:4180} INFO - Setting next_dagrun for dataset_consumes_1_and_2 to None, run_after=None
[2026-08-06T05:35:21.022+0000] {logging_mixin.py:190} INFO - [2026-08-06T05:35:21.021+0000] {dag.py:4180} INFO - Setting next_dagrun for dataset_consumes_1_never_scheduled to None, run_after=None
[2026-08-06T05:35:21.025+0000] {logging_mixin.py:190} INFO - [2026-08-06T05:35:21.024+0000] {dag.py:4180} INFO - Setting next_dagrun for dataset_consumes_unknown_never_scheduled to None, run_after=None
[2026-08-06T05:35:21.030+0000] {logging_mixin.py:190} INFO - [2026-08-06T05:35:21.030+0000] {dag.py:4180} INFO - Setting next_dagrun for dataset_produces_1 to 2026-08-05 00:00:00+00:00, run_after=2026-08-06 00:00:00+00:00
[2026-08-06T05:35:21.041+0000] {logging_mixin.py:190} INFO - [2026-08-06T05:35:21.041+0000] {dag.py:4180} INFO - Setting next_dagrun for dataset_produces_2 to None, run_after=None
[2026-08-06T05:35:21.136+0000] {processor.py:208} INFO - Processing /home/airflow/.local/lib/python3.12/site-packages/airflow/example_dags/example_datasets.py took 1.080 seconds
[2026-08-06T05:37:02.130+0000] {processor.py:186} INFO - Started process (PID=100) to work on /home/airflow/.local/lib/python3.12/site-packages/airflow/example_dags/example_datasets.py
[2026-08-06T05:37:02.132+0000] {processor.py:914} INFO - Processing file /home/airflow/.local/lib/python3.12/site-packages/airflow/example_dags/example_datasets.py for tasks to queue
[2026-08-06T05:37:02.136+0000] {logging_mixin.py:190} INFO - [2026-08-06T05:37:02.135+0000] {dagbag.py:588} INFO - Filling up the DagBag from /home/airflow/.local/lib/python3.12/site-packages/airflow/example_dags/example_datasets.py
[2026-08-06T05:37:03.160+0000] {processor.py:925} INFO - DAG(s) 'conditional_dataset_and_time_based_timetable', 'consume_1_and_2_with_dataset_expressions', 'dataset_consumes_1_never_scheduled', 'dataset_consumes_1', 'dataset_consumes_unknown_never_scheduled', 'dataset_produces_2', 'dataset_produces_1', 'consume_1_or_both_2_and_3_with_dataset_expressions', 'dataset_consumes_1_and_2', 'consume_1_or_2_with_dataset_expressions' retrieved from /home/airflow/.local/lib/python3.12/site-packages/airflow/example_dags/example_datasets.py
[2026-08-06T05:37:03.334+0000] {logging_mixin.py:190} INFO - [2026-08-06T05:37:03.333+0000] {dag.py:3239} INFO - Sync 10 DAGs
[2026-08-06T05:37:03.380+0000] {logging_mixin.py:190} INFO - [2026-08-06T05:37:03.380+0000] {dag.py:4180} INFO - Setting next_dagrun for conditional_dataset_and_time_based_timetable to 2026-08-05 01:00:00+00:00, run_after=2026-08-05 01:00:00+00:00
[2026-08-06T05:37:03.388+0000] {logging_mixin.py:190} INFO - [2026-08-06T05:37:03.388+0000] {dag.py:4180} INFO - Setting next_dagrun for consume_1_and_2_with_dataset_expressions to None, run_after=None
[2026-08-06T05:37:03.391+0000] {logging_mixin.py:190} INFO - [2026-08-06T05:37:03.391+0000] {dag.py:4180} INFO - Setting next_dagrun for consume_1_or_2_with_dataset_expressions to None, run_after=None
[2026-08-06T05:37:03.394+0000] {logging_mixin.py:190} INFO - [2026-08-06T05:37:03.394+0000] {dag.py:4180} INFO - Setting next_dagrun for consume_1_or_both_2_and_3_with_dataset_expressions to None, run_after=None
[2026-08-06T05:37:03.397+0000] {logging_mixin.py:190} INFO - [2026-08-06T05:37:03.397+0000] {dag.py:4180} INFO - Setting next_dagrun for dataset_consumes_1 to None, run_after=None
[2026-08-06T05:37:03.400+0000] {logging_mixin.py:190} INFO - [2026-08-06T05:37:03.400+0000] {dag.py:4180} INFO - Setting next_dagrun for dataset_consumes_1_and_2 to None, run_after=None
[2026-08-06T05:37:03.404+0000] {logging_mixin.py:190} INFO - [2026-08-06T05:37:03.404+0000] {dag.py:4180} INFO - Setting next_dagrun for dataset_consumes_1_never_scheduled to None, run_after=None
[2026-08-06T05:37:03.408+0000] {logging_mixin.py:190} INFO - [2026-08-06T05:37:03.407+0000] {dag.py:4180} INFO - Setting next_dagrun for dataset_consumes_unknown_never_scheduled to None, run_after=None
[2026-08-06T05:37:03.411+0000] {logging_mixin.py:190} INFO - [2026-08-06T05:37:03.411+0000] {dag.py:4180} INFO - Setting next_dagrun for dataset_produces_1 to 2026-08-05 00:00:00+00:00, run_after=2026-08-06 00:00:00+00:00
[2026-08-06T05:37:03.414+0000] {logging_mixin.py:190} INFO - [2026-08-06T05:37:03.414+0000] {dag.py:4180} INFO - Setting next_dagrun for dataset_produces_2 to None, run_after=None
[2026-08-06T05:37:03.473+0000] {processor.py:208} INFO - Processing /home/airflow/.local/lib/python3.12/site-packages/airflow/example_dags/example_datasets.py took 1.353 seconds
[2026-08-06T05:37:34.274+0000] {processor.py:186} INFO - Started process (PID=166) to work on /home/airflow/.local/lib/python3.12/site-packages/airflow/example_dags/example_datasets.py
[2026-08-06T05:37:34.276+0000] {processor.py:914} INFO - Processing file /home/airflow/.local/lib/python3.12/site-packages/airflow/example_dags/example_datasets.py for tasks to queue
[2026-08-06T05:37:34.281+0000] {logging_mixin.py:190} INFO - [2026-08-06T05:37:34.280+0000] {dagbag.py:588} INFO - Filling up the DagBag from /home/airflow/.local/lib/python3.12/site-packages/airflow/example_dags/example_datasets.py
[2026-08-06T05:37:35.270+0000] {processor.py:925} INFO - DAG(s) 'dataset_produces_1', 'dataset_consumes_1_never_scheduled', 'dataset_consumes_unknown_never_scheduled', 'conditional_dataset_and_time_based_timetable', 'consume_1_or_2_with_dataset_expressions', 'dataset_consumes_1', 'consume_1_or_both_2_and_3_with_dataset_expressions', 'consume_1_and_2_with_dataset_expressions', 'dataset_produces_2', 'dataset_consumes_1_and_2' retrieved from /home/airflow/.local/lib/python3.12/site-packages/airflow/example_dags/example_datasets.py
[2026-08-06T05:37:35.354+0000] {logging_mixin.py:190} INFO - [2026-08-06T05:37:35.353+0000] {dag.py:3239} INFO - Sync 10 DAGs
[2026-08-06T05:37:35.396+0000] {logging_mixin.py:190} INFO - [2026-08-06T05:37:35.396+0000] {dag.py:4180} INFO - Setting next_dagrun for conditional_dataset_and_time_based_timetable to 2026-08-05 01:00:00+00:00, run_after=2026-08-05 01:00:00+00:00
[2026-08-06T05:37:35.447+0000] {logging_mixin.py:190} INFO - [2026-08-06T05:37:35.446+0000] {dag.py:4180} INFO - Setting next_dagrun for consume_1_and_2_with_dataset_expressions to None, run_after=None
[2026-08-06T05:37:35.450+0000] {logging_mixin.py:190} INFO - [2026-08-06T05:37:35.450+0000] {dag.py:4180} INFO - Setting next_dagrun for consume_1_or_2_with_dataset_expressions to None, run_after=None
[2026-08-06T05:37:35.453+0000] {logging_mixin.py:190} INFO - [2026-08-06T05:37:35.453+0000] {dag.py:4180} INFO - Setting next_dagrun for consume_1_or_both_2_and_3_with_dataset_expressions to None, run_after=None
[2026-08-06T05:37:35.457+0000] {logging_mixin.py:190} INFO - [2026-08-06T05:37:35.457+0000] {dag.py:4180} INFO - Setting next_dagrun for dataset_consumes_1 to None, run_after=None
[2026-08-06T05:37:35.461+0000] {logging_mixin.py:190} INFO - [2026-08-06T05:37:35.461+0000] {dag.py:4180} INFO - Setting next_dagrun for dataset_consumes_1_and_2 to None, run_after=None
[2026-08-06T05:37:35.464+0000] {logging_mixin.py:190} INFO - [2026-08-06T05:37:35.464+0000] {dag.py:4180} INFO - Setting next_dagrun for dataset_consumes_1_never_scheduled to None, run_after=None
[2026-08-06T05:37:35.467+0000] {logging_mixin.py:190} INFO - [2026-08-06T05:37:35.467+0000] {dag.py:4180} INFO - Setting next_dagrun for dataset_consumes_unknown_never_scheduled to None, run_after=None
[2026-08-06T05:37:35.473+0000] {logging_mixin.py:190} INFO - [2026-08-06T05:37:35.473+0000] {dag.py:4180} INFO - Setting next_dagrun for dataset_produces_1 to 2026-08-05 00:00:00+00:00, run_after=2026-08-06 00:00:00+00:00
[2026-08-06T05:37:35.476+0000] {logging_mixin.py:190} INFO - [2026-08-06T05:37:35.476+0000] {dag.py:4180} INFO - Setting next_dagrun for dataset_produces_2 to None, run_after=None
[2026-08-06T05:37:35.553+0000] {processor.py:208} INFO - Processing /home/airflow/.local/lib/python3.12/site-packages/airflow/example_dags/example_datasets.py took 1.298 seconds
[2026-08-06T05:38:05.791+0000] {processor.py:186} INFO - Started process (PID=235) to work on /home/airflow/.local/lib/python3.12/site-packages/airflow/example_dags/example_datasets.py
[2026-08-06T05:38:05.793+0000] {processor.py:914} INFO - Processing file /home/airflow/.local/lib/python3.12/site-packages/airflow/example_dags/example_datasets.py for tasks to queue
[2026-08-06T05:38:05.796+0000] {logging_mixin.py:190} INFO - [2026-08-06T05:38:05.796+0000] {dagbag.py:588} INFO - Filling up the DagBag from /home/airflow/.local/lib/python3.12/site-packages/airflow/example_dags/example_datasets.py
[2026-08-06T05:38:06.576+0000] {processor.py:925} INFO - DAG(s) 'dataset_produces_2', 'consume_1_and_2_with_dataset_expressions', 'dataset_consumes_1_and_2', 'consume_1_or_both_2_and_3_with_dataset_expressions', 'dataset_consumes_1', 'consume_1_or_2_with_dataset_expressions', 'conditional_dataset_and_time_based_timetable', 'dataset_produces_1', 'dataset_consumes_unknown_never_scheduled', 'dataset_consumes_1_never_scheduled' retrieved from /home/airflow/.local/lib/python3.12/site-packages/airflow/example_dags/example_datasets.py
[2026-08-06T05:38:06.664+0000] {logging_mixin.py:190} INFO - [2026-08-06T05:38:06.664+0000] {dag.py:3239} INFO - Sync 10 DAGs
[2026-08-06T05:38:06.706+0000] {logging_mixin.py:190} INFO - [2026-08-06T05:38:06.706+0000] {dag.py:4180} INFO - Setting next_dagrun for conditional_dataset_and_time_based_timetable to 2026-08-05 01:00:00+00:00, run_after=2026-08-05 01:00:00+00:00
[2026-08-06T05:38:06.712+0000] {logging_mixin.py:190} INFO - [2026-08-06T05:38:06.711+0000] {dag.py:4180} INFO - Setting next_dagrun for consume_1_and_2_with_dataset_expressions to None, run_after=None
[2026-08-06T05:38:06.769+0000] {logging_mixin.py:190} INFO - [2026-08-06T05:38:06.769+0000] {dag.py:4180} INFO - Setting next_dagrun for consume_1_or_2_with_dataset_expressions to None, run_after=None
[2026-08-06T05:38:06.773+0000] {logging_mixin.py:190} INFO - [2026-08-06T05:38:06.773+0000] {dag.py:4180} INFO - Setting next_dagrun for consume_1_or_both_2_and_3_with_dataset_expressions to None, run_after=None
[2026-08-06T05:38:06.776+0000] {logging_mixin.py:190} INFO - [2026-08-06T05:38:06.776+0000] {dag.py:4180} INFO - Setting next_dagrun for dataset_consumes_1 to None, run_after=None
[2026-08-06T05:38:06.779+0000] {logging_mixin.py:190} INFO - [2026-08-06T05:38:06.778+0000] {dag.py:4180} INFO - Setting next_dagrun for dataset_consumes_1_and_2 to None, run_after=None
[2026-08-06T05:38:06.781+0000] {logging_mixin.py:190} INFO - [2026-08-06T05:38:06.781+0000] {dag.py:4180} INFO - Setting next_dagrun for dataset_consumes_1_never_scheduled to None, run_after=None
[2026-08-06T05:38:06.785+0000] {logging_mixin.py:190} INFO - [2026-08-06T05:38:06.784+0000] {dag.py:4180} INFO - Setting next_dagrun for dataset_consumes_unknown_never_scheduled to None, run_after=None
[2026-08-06T05:38:06.790+0000] {logging_mixin.py:190} INFO - [2026-08-06T05:38:06.790+0000] {dag.py:4180} INFO - Setting next_dagrun for dataset_produces_1 to 2026-08-05 00:00:00+00:00, run_after=2026-08-06 00:00:00+00:00
[2026-08-06T05:38:06.793+0000] {logging_mixin.py:190} INFO - [2026-08-06T05:38:06.793+0000] {dag.py:4180} INFO - Setting next_dagrun for dataset_produces_2 to None, run_after=None
[2026-08-06T05:38:06.892+0000] {processor.py:208} INFO - Processing /home/airflow/.local/lib/python3.12/site-packages/airflow/example_dags/example_datasets.py took 1.113 seconds
[2026-08-06T05:38:39.623+0000] {processor.py:186} INFO - Started process (PID=299) to work on /home/airflow/.local/lib/python3.12/site-packages/airflow/example_dags/example_datasets.py
[2026-08-06T05:38:39.628+0000] {processor.py:914} INFO - Processing file /home/airflow/.local/lib/python3.12/site-packages/airflow/example_dags/example_datasets.py for tasks to queue
[2026-08-06T05:38:39.634+0000] {logging_mixin.py:190} INFO - [2026-08-06T05:38:39.633+0000] {dagbag.py:588} INFO - Filling up the DagBag from /home/airflow/.local/lib/python3.12/site-packages/airflow/example_dags/example_datasets.py
[2026-08-06T05:38:40.767+0000] {processor.py:925} INFO - DAG(s) 'dataset_consumes_unknown_never_scheduled', 'consume_1_and_2_with_dataset_expressions', 'dataset_consumes_1', 'consume_1_or_both_2_and_3_with_dataset_expressions', 'dataset_consumes_1_and_2', 'consume_1_or_2_with_dataset_expressions', 'dataset_produces_2', 'conditional_dataset_and_time_based_timetable', 'dataset_consumes_1_never_scheduled', 'dataset_produces_1' retrieved from /home/airflow/.local/lib/python3.12/site-packages/airflow/example_dags/example_datasets.py
[2026-08-06T05:38:40.897+0000] {logging_mixin.py:190} INFO - [2026-08-06T05:38:40.896+0000] {dag.py:3239} INFO - Sync 10 DAGs
[2026-08-06T05:38:40.954+0000] {logging_mixin.py:190} INFO - [2026-08-06T05:38:40.954+0000] {dag.py:4180} INFO - Setting next_dagrun for conditional_dataset_and_time_based_timetable to 2026-08-05 01:00:00+00:00, run_after=2026-08-05 01:00:00+00:00
[2026-08-06T05:38:40.966+0000] {logging_mixin.py:190} INFO - [2026-08-06T05:38:40.965+0000] {dag.py:4180} INFO - Setting next_dagrun for consume_1_and_2_with_dataset_expressions to None, run_after=None
[2026-08-06T05:38:40.971+0000] {logging_mixin.py:190} INFO - [2026-08-06T05:38:40.971+0000] {dag.py:4180} INFO - Setting next_dagrun for consume_1_or_2_with_dataset_expressions to None, run_after=None
[2026-08-06T05:38:40.976+0000] {logging_mixin.py:190} INFO - [2026-08-06T05:38:40.975+0000] {dag.py:4180} INFO - Setting next_dagrun for consume_1_or_both_2_and_3_with_dataset_expressions to None, run_after=None
[2026-08-06T05:38:40.982+0000] {logging_mixin.py:190} INFO - [2026-08-06T05:38:40.981+0000] {dag.py:4180} INFO - Setting next_dagrun for dataset_consumes_1 to None, run_after=None
[2026-08-06T05:38:40.985+0000] {logging_mixin.py:190} INFO - [2026-08-06T05:38:40.985+0000] {dag.py:4180} INFO - Setting next_dagrun for dataset_consumes_1_and_2 to None, run_after=None
[2026-08-06T05:38:40.989+0000] {logging_mixin.py:190} INFO - [2026-08-06T05:38:40.989+0000] {dag.py:4180} INFO - Setting next_dagrun for dataset_consumes_1_never_scheduled to None, run_after=None
[2026-08-06T05:38:40.994+0000] {logging_mixin.py:190} INFO - [2026-08-06T05:38:40.993+0000] {dag.py:4180} INFO - Setting next_dagrun for dataset_consumes_unknown_never_scheduled to None, run_after=None
[2026-08-06T05:38:41.000+0000] {logging_mixin.py:190} INFO - [2026-08-06T05:38:41.000+0000] {dag.py:4180} INFO - Setting next_dagrun for dataset_produces_1 to 2026-08-05 00:00:00+00:00, run_after=2026-08-06 00:00:00+00:00
[2026-08-06T05:38:41.007+0000] {logging_mixin.py:190} INFO - [2026-08-06T05:38:41.006+0000] {dag.py:4180} INFO - Setting next_dagrun for dataset_produces_2 to None, run_after=None
[2026-08-06T05:38:41.081+0000] {processor.py:208} INFO - Processing /home/airflow/.local/lib/python3.12/site-packages/airflow/example_dags/example_datasets.py took 1.468 seconds
[2026-08-06T05:39:11.733+0000] {processor.py:186} INFO - Started process (PID=375) to work on /home/airflow/.local/lib/python3.12/site-packages/airflow/example_dags/example_datasets.py
[2026-08-06T05:39:11.735+0000] {processor.py:914} INFO - Processing file /home/airflow/.local/lib/python3.12/site-packages/airflow/example_dags/example_datasets.py for tasks to queue
[2026-08-06T05:39:11.739+0000] {logging_mixin.py:190} INFO - [2026-08-06T05:39:11.739+0000] {dagbag.py:588} INFO - Filling up the DagBag from /home/airflow/.local/lib/python3.12/site-packages/airflow/example_dags/example_datasets.py
[2026-08-06T05:39:12.659+0000] {processor.py:925} INFO - DAG(s) 'dataset_consumes_1', 'consume_1_or_2_with_dataset_expressions', 'dataset_consumes_1_and_2', 'dataset_produces_2', 'consume_1_or_both_2_and_3_with_dataset_expressions', 'dataset_consumes_unknown_never_scheduled', 'dataset_produces_1', 'consume_1_and_2_with_dataset_expressions', 'conditional_dataset_and_time_based_timetable', 'dataset_consumes_1_never_scheduled' retrieved from /home/airflow/.local/lib/python3.12/site-packages/airflow/example_dags/example_datasets.py
[2026-08-06T05:39:12.713+0000] {logging_mixin.py:190} INFO - [2026-08-06T05:39:12.713+0000] {dag.py:3239} INFO - Sync 10 DAGs
[2026-08-06T05:39:12.742+0000] {logging_mixin.py:190} INFO - [2026-08-06T05:39:12.742+0000] {dag.py:4180} INFO - Setting next_dagrun for conditional_dataset_and_time_based_timetable to 2026-08-05 01:00:00+00:00, run_after=2026-08-05 01:00:00+00:00
[2026-08-06T05:39:12.746+0000] {logging_mixin.py:190} INFO - [2026-08-06T05:39:12.746+0000] {dag.py:4180} INFO - Setting next_dagrun for consume_1_and_2_with_dataset_expressions to None, run_after=None
[2026-08-06T05:39:12.749+0000] {logging_mixin.py:190} INFO - [2026-08-06T05:39:12.749+0000] {dag.py:4180} INFO - Setting next_dagrun for consume_1_or_2_with_dataset_expressions to None, run_after=None
[2026-08-06T05:39:12.770+0000] {logging_mixin.py:190} INFO - [2026-08-06T05:39:12.770+0000] {dag.py:4180} INFO - Setting next_dagrun for consume_1_or_both_2_and_3_with_dataset_expressions to None, run_after=None
[2026-08-06T05:39:12.775+0000] {logging_mixin.py:190} INFO - [2026-08-06T05:39:12.775+0000] {dag.py:4180} INFO - Setting next_dagrun for dataset_consumes_1 to None, run_after=None
[2026-08-06T05:39:12.778+0000] {logging_mixin.py:190} INFO - [2026-08-06T05:39:12.777+0000] {dag.py:4180} INFO - Setting next_dagrun for dataset_consumes_1_and_2 to None, run_after=None
[2026-08-06T05:39:12.822+0000] {logging_mixin.py:190} INFO - [2026-08-06T05:39:12.821+0000] {dag.py:4180} INFO - Setting next_dagrun for dataset_consumes_1_never_scheduled to None, run_after=None
[2026-08-06T05:39:12.831+0000] {logging_mixin.py:190} INFO - [2026-08-06T05:39:12.831+0000] {dag.py:4180} INFO - Setting next_dagrun for dataset_consumes_unknown_never_scheduled to None, run_after=None
[2026-08-06T05:39:12.836+0000] {logging_mixin.py:190} INFO - [2026-08-06T05:39:12.836+0000] {dag.py:4180} INFO - Setting next_dagrun for dataset_produces_1 to 2026-08-05 00:00:00+00:00, run_after=2026-08-06 00:00:00+00:00
[2026-08-06T05:39:12.840+0000] {logging_mixin.py:190} INFO - [2026-08-06T05:39:12.840+0000] {dag.py:4180} INFO - Setting next_dagrun for dataset_produces_2 to None, run_after=None
[2026-08-06T05:39:12.923+0000] {processor.py:208} INFO - Processing /home/airflow/.local/lib/python3.12/site-packages/airflow/example_dags/example_datasets.py took 1.195 seconds
[2026-08-06T05:39:44.128+0000] {processor.py:186} INFO - Started process (PID=435) to work on /home/airflow/.local/lib/python3.12/site-packages/airflow/example_dags/example_datasets.py
[2026-08-06T05:39:44.130+0000] {processor.py:914} INFO - Processing file /home/airflow/.local/lib/python3.12/site-packages/airflow/example_dags/example_datasets.py for tasks to queue
[2026-08-06T05:39:44.134+0000] {logging_mixin.py:190} INFO - [2026-08-06T05:39:44.134+0000] {dagbag.py:588} INFO - Filling up the DagBag from /home/airflow/.local/lib/python3.12/site-packages/airflow/example_dags/example_datasets.py
[2026-08-06T05:39:45.190+0000] {processor.py:925} INFO - DAG(s) 'dataset_consumes_1', 'dataset_consumes_1_and_2', 'consume_1_or_2_with_dataset_expressions', 'dataset_consumes_unknown_never_scheduled', 'consume_1_and_2_with_dataset_expressions', 'dataset_produces_1', 'consume_1_or_both_2_and_3_with_dataset_expressions', 'dataset_consumes_1_never_scheduled', 'dataset_produces_2', 'conditional_dataset_and_time_based_timetable' retrieved from /home/airflow/.local/lib/python3.12/site-packages/airflow/example_dags/example_datasets.py
[2026-08-06T05:39:45.273+0000] {logging_mixin.py:190} INFO - [2026-08-06T05:39:45.272+0000] {dag.py:3239} INFO - Sync 10 DAGs
[2026-08-06T05:39:45.319+0000] {logging_mixin.py:190} INFO - [2026-08-06T05:39:45.318+0000] {dag.py:4180} INFO - Setting next_dagrun for conditional_dataset_and_time_based_timetable to 2026-08-05 01:00:00+00:00, run_after=2026-08-05 01:00:00+00:00
[2026-08-06T05:39:45.330+0000] {logging_mixin.py:190} INFO - [2026-08-06T05:39:45.330+0000] {dag.py:4180} INFO - Setting next_dagrun for consume_1_and_2_with_dataset_expressions to None, run_after=None
[2026-08-06T05:39:45.334+0000] {logging_mixin.py:190} INFO - [2026-08-06T05:39:45.334+0000] {dag.py:4180} INFO - Setting next_dagrun for consume_1_or_2_with_dataset_expressions to None, run_after=None
[2026-08-06T05:39:45.338+0000] {logging_mixin.py:190} INFO - [2026-08-06T05:39:45.338+0000] {dag.py:4180} INFO - Setting next_dagrun for consume_1_or_both_2_and_3_with_dataset_expressions to None, run_after=None
[2026-08-06T05:39:45.343+0000] {logging_mixin.py:190} INFO - [2026-08-06T05:39:45.343+0000] {dag.py:4180} INFO - Setting next_dagrun for dataset_consumes_1 to None, run_after=None
[2026-08-06T05:39:45.347+0000] {logging_mixin.py:190} INFO - [2026-08-06T05:39:45.346+0000] {dag.py:4180} INFO - Setting next_dagrun for dataset_consumes_1_and_2 to None, run_after=None
[2026-08-06T05:39:45.351+0000] {logging_mixin.py:190} INFO - [2026-08-06T05:39:45.351+0000] {dag.py:4180} INFO - Setting next_dagrun for dataset_consumes_1_never_scheduled to None, run_after=None
[2026-08-06T05:39:45.355+0000] {logging_mixin.py:190} INFO - [2026-08-06T05:39:45.354+0000] {dag.py:4180} INFO - Setting next_dagrun for dataset_consumes_unknown_never_scheduled to None, run_after=None
[2026-08-06T05:39:45.361+0000] {logging_mixin.py:190} INFO - [2026-08-06T05:39:45.361+0000] {dag.py:4180} INFO - Setting next_dagrun for dataset_produces_1 to 2026-08-05 00:00:00+00:00, run_after=2026-08-06 00:00:00+00:00
[2026-08-06T05:39:45.365+0000] {logging_mixin.py:190} INFO - [2026-08-06T05:39:45.365+0000] {dag.py:4180} INFO - Setting next_dagrun for dataset_produces_2 to None, run_after=None
[2026-08-06T05:39:45.481+0000] {processor.py:208} INFO - Processing /home/airflow/.local/lib/python3.12/site-packages/airflow/example_dags/example_datasets.py took 1.364 seconds
[2026-08-06T05:40:15.718+0000] {processor.py:186} INFO - Started process (PID=504) to work on /home/airflow/.local/lib/python3.12/site-packages/airflow/example_dags/example_datasets.py
[2026-08-06T05:40:15.722+0000] {processor.py:914} INFO - Processing file /home/airflow/.local/lib/python3.12/site-packages/airflow/example_dags/example_datasets.py for tasks to queue
[2026-08-06T05:40:15.726+0000] {logging_mixin.py:190} INFO - [2026-08-06T05:40:15.726+0000] {dagbag.py:588} INFO - Filling up the DagBag from /home/airflow/.local/lib/python3.12/site-packages/airflow/example_dags/example_datasets.py
[2026-08-06T05:40:16.762+0000] {processor.py:925} INFO - DAG(s) 'dataset_consumes_1_and_2', 'dataset_consumes_1', 'dataset_produces_2', 'consume_1_and_2_with_dataset_expressions', 'consume_1_or_2_with_dataset_expressions', 'conditional_dataset_and_time_based_timetable', 'dataset_consumes_unknown_never_scheduled', 'dataset_produces_1', 'dataset_consumes_1_never_scheduled', 'consume_1_or_both_2_and_3_with_dataset_expressions' retrieved from /home/airflow/.local/lib/python3.12/site-packages/airflow/example_dags/example_datasets.py
[2026-08-06T05:40:16.847+0000] {logging_mixin.py:190} INFO - [2026-08-06T05:40:16.846+0000] {dag.py:3239} INFO - Sync 10 DAGs
[2026-08-06T05:40:16.905+0000] {logging_mixin.py:190} INFO - [2026-08-06T05:40:16.904+0000] {dag.py:4180} INFO - Setting next_dagrun for conditional_dataset_and_time_based_timetable to 2026-08-05 01:00:00+00:00, run_after=2026-08-05 01:00:00+00:00
[2026-08-06T05:40:16.932+0000] {logging_mixin.py:190} INFO - [2026-08-06T05:40:16.932+0000] {dag.py:4180} INFO - Setting next_dagrun for consume_1_and_2_with_dataset_expressions to None, run_after=None
[2026-08-06T05:40:16.945+0000] {logging_mixin.py:190} INFO - [2026-08-06T05:40:16.945+0000] {dag.py:4180} INFO - Setting next_dagrun for consume_1_or_2_with_dataset_expressions to None, run_after=None
[2026-08-06T05:40:16.951+0000] {logging_mixin.py:190} INFO - [2026-08-06T05:40:16.951+0000] {dag.py:4180} INFO - Setting next_dagrun for consume_1_or_both_2_and_3_with_dataset_expressions to None, run_after=None
[2026-08-06T05:40:16.968+0000] {logging_mixin.py:190} INFO - [2026-08-06T05:40:16.967+0000] {dag.py:4180} INFO - Setting next_dagrun for dataset_consumes_1 to None, run_after=None
[2026-08-06T05:40:16.980+0000] {logging_mixin.py:190} INFO - [2026-08-06T05:40:16.979+0000] {dag.py:4180} INFO - Setting next_dagrun for dataset_consumes_1_and_2 to None, run_after=None
[2026-08-06T05:40:17.002+0000] {logging_mixin.py:190} INFO - [2026-08-06T05:40:17.001+0000] {dag.py:4180} INFO - Setting next_dagrun for dataset_consumes_1_never_scheduled to None, run_after=None
[2026-08-06T05:40:17.037+0000] {logging_mixin.py:190} INFO - [2026-08-06T05:40:17.036+0000] {dag.py:4180} INFO - Setting next_dagrun for dataset_consumes_unknown_never_scheduled to None, run_after=None
[2026-08-06T05:40:17.077+0000] {logging_mixin.py:190} INFO - [2026-08-06T05:40:17.076+0000] {dag.py:4180} INFO - Setting next_dagrun for dataset_produces_1 to 2026-08-05 00:00:00+00:00, run_after=2026-08-06 00:00:00+00:00
[2026-08-06T05:40:17.168+0000] {logging_mixin.py:190} INFO - [2026-08-06T05:40:17.168+0000] {dag.py:4180} INFO - Setting next_dagrun for dataset_produces_2 to None, run_after=None
[2026-08-06T05:40:17.314+0000] {processor.py:208} INFO - Processing /home/airflow/.local/lib/python3.12/site-packages/airflow/example_dags/example_datasets.py took 1.604 seconds
[2026-08-06T05:40:47.866+0000] {processor.py:186} INFO - Started process (PID=568) to work on /home/airflow/.local/lib/python3.12/site-packages/airflow/example_dags/example_datasets.py
[2026-08-06T05:40:47.868+0000] {processor.py:914} INFO - Processing file /home/airflow/.local/lib/python3.12/site-packages/airflow/example_dags/example_datasets.py for tasks to queue
[2026-08-06T05:40:47.876+0000] {logging_mixin.py:190} INFO - [2026-08-06T05:40:47.875+0000] {dagbag.py:588} INFO - Filling up the DagBag from /home/airflow/.local/lib/python3.12/site-packages/airflow/example_dags/example_datasets.py
[2026-08-06T05:40:48.797+0000] {processor.py:925} INFO - DAG(s) 'dataset_consumes_1', 'dataset_consumes_1_and_2', 'consume_1_or_2_with_dataset_expressions', 'dataset_produces_1', 'consume_1_and_2_with_dataset_expressions', 'conditional_dataset_and_time_based_timetable', 'dataset_consumes_unknown_never_scheduled', 'dataset_produces_2', 'consume_1_or_both_2_and_3_with_dataset_expressions', 'dataset_consumes_1_never_scheduled' retrieved from /home/airflow/.local/lib/python3.12/site-packages/airflow/example_dags/example_datasets.py
[2026-08-06T05:40:48.875+0000] {logging_mixin.py:190} INFO - [2026-08-06T05:40:48.875+0000] {dag.py:3239} INFO - Sync 10 DAGs
[2026-08-06T05:40:48.913+0000] {logging_mixin.py:190} INFO - [2026-08-06T05:40:48.913+0000] {dag.py:4180} INFO - Setting next_dagrun for conditional_dataset_and_time_based_timetable to 2026-08-05 01:00:00+00:00, run_after=2026-08-05 01:00:00+00:00
[2026-08-06T05:40:48.918+0000] {logging_mixin.py:190} INFO - [2026-08-06T05:40:48.918+0000] {dag.py:4180} INFO - Setting next_dagrun for consume_1_and_2_with_dataset_expressions to None, run_after=None
[2026-08-06T05:40:48.920+0000] {logging_mixin.py:190} INFO - [2026-08-06T05:40:48.920+0000] {dag.py:4180} INFO - Setting next_dagrun for consume_1_or_2_with_dataset_expressions to None, run_after=None
[2026-08-06T05:40:48.923+0000] {logging_mixin.py:190} INFO - [2026-08-06T05:40:48.923+0000] {dag.py:4180} INFO - Setting next_dagrun for consume_1_or_both_2_and_3_with_dataset_expressions to None, run_after=None
[2026-08-06T05:40:48.925+0000] {logging_mixin.py:190} INFO - [2026-08-06T05:40:48.925+0000] {dag.py:4180} INFO - Setting next_dagrun for dataset_consumes_1 to None, run_after=None
[2026-08-06T05:40:48.928+0000] {logging_mixin.py:190} INFO - [2026-08-06T05:40:48.927+0000] {dag.py:4180} INFO - Setting next_dagrun for dataset_consumes_1_and_2 to None, run_after=None
[2026-08-06T05:40:48.929+0000] {logging_mixin.py:190} INFO - [2026-08-06T05:40:48.929+0000] {dag.py:4180} INFO - Setting next_dagrun for dataset_consumes_1_never_scheduled to None, run_after=None
[2026-08-06T05:40:48.931+0000] {logging_mixin.py:190} INFO - [2026-08-06T05:40:48.931+0000] {dag.py:4180} INFO - Setting next_dagrun for dataset_consumes_unknown_never_scheduled to None, run_after=None
[2026-08-06T05:40:48.935+0000] {logging_mixin.py:190} INFO - [2026-08-06T05:40:48.934+0000] {dag.py:4180} INFO - Setting next_dagrun for dataset_produces_1 to 2026-08-05 00:00:00+00:00, run_after=2026-08-06 00:00:00+00:00
[2026-08-06T05:40:48.937+0000] {logging_mixin.py:190} INFO - [2026-08-06T05:40:48.937+0000] {dag.py:4180} INFO - Setting next_dagrun for dataset_produces_2 to None, run_after=None
[2026-08-06T05:40:49.012+0000] {processor.py:208} INFO - Processing /home/airflow/.local/lib/python3.12/site-packages/airflow/example_dags/example_datasets.py took 1.156 seconds
[2026-08-06T05:41:19.941+0000] {processor.py:186} INFO - Started process (PID=634) to work on /home/airflow/.local/lib/python3.12/site-packages/airflow/example_dags/example_datasets.py
[2026-08-06T05:41:19.945+0000] {processor.py:914} INFO - Processing file /home/airflow/.local/lib/python3.12/site-packages/airflow/example_dags/example_datasets.py for tasks to queue
[2026-08-06T05:41:19.949+0000] {logging_mixin.py:190} INFO - [2026-08-06T05:41:19.949+0000] {dagbag.py:588} INFO - Filling up the DagBag from /home/airflow/.local/lib/python3.12/site-packages/airflow/example_dags/example_datasets.py
[2026-08-06T05:41:21.058+0000] {processor.py:925} INFO - DAG(s) 'consume_1_or_2_with_dataset_expressions', 'dataset_produces_2', 'dataset_consumes_1', 'dataset_produces_1', 'consume_1_or_both_2_and_3_with_dataset_expressions', 'dataset_consumes_1_never_scheduled', 'consume_1_and_2_with_dataset_expressions', 'conditional_dataset_and_time_based_timetable', 'dataset_consumes_1_and_2', 'dataset_consumes_unknown_never_scheduled' retrieved from /home/airflow/.local/lib/python3.12/site-packages/airflow/example_dags/example_datasets.py
[2026-08-06T05:41:21.139+0000] {logging_mixin.py:190} INFO - [2026-08-06T05:41:21.138+0000] {dag.py:3239} INFO - Sync 10 DAGs
[2026-08-06T05:41:21.182+0000] {logging_mixin.py:190} INFO - [2026-08-06T05:41:21.182+0000] {dag.py:4180} INFO - Setting next_dagrun for conditional_dataset_and_time_based_timetable to 2026-08-05 01:00:00+00:00, run_after=2026-08-05 01:00:00+00:00
[2026-08-06T05:41:21.192+0000] {logging_mixin.py:190} INFO - [2026-08-06T05:41:21.192+0000] {dag.py:4180} INFO - Setting next_dagrun for consume_1_and_2_with_dataset_expressions to None, run_after=None
[2026-08-06T05:41:21.195+0000] {logging_mixin.py:190} INFO - [2026-08-06T05:41:21.195+0000] {dag.py:4180} INFO - Setting next_dagrun for consume_1_or_2_with_dataset_expressions to None, run_after=None
[2026-08-06T05:41:21.198+0000] {logging_mixin.py:190} INFO - [2026-08-06T05:41:21.198+0000] {dag.py:4180} INFO - Setting next_dagrun for consume_1_or_both_2_and_3_with_dataset_expressions to None, run_after=None
[2026-08-06T05:41:21.201+0000] {logging_mixin.py:190} INFO - [2026-08-06T05:41:21.200+0000] {dag.py:4180} INFO - Setting next_dagrun for dataset_consumes_1 to None, run_after=None
[2026-08-06T05:41:21.203+0000] {logging_mixin.py:190} INFO - [2026-08-06T05:41:21.203+0000] {dag.py:4180} INFO - Setting next_dagrun for dataset_consumes_1_and_2 to None, run_after=None
[2026-08-06T05:41:21.213+0000] {logging_mixin.py:190} INFO - [2026-08-06T05:41:21.213+0000] {dag.py:4180} INFO - Setting next_dagrun for dataset_consumes_1_never_scheduled to None, run_after=None
[2026-08-06T05:41:21.274+0000] {logging_mixin.py:190} INFO - [2026-08-06T05:41:21.273+0000] {dag.py:4180} INFO - Setting next_dagrun for dataset_consumes_unknown_never_scheduled to None, run_after=None
[2026-08-06T05:41:21.302+0000] {logging_mixin.py:190} INFO - [2026-08-06T05:41:21.302+0000] {dag.py:4180} INFO - Setting next_dagrun for dataset_produces_1 to 2026-08-05 00:00:00+00:00, run_after=2026-08-06 00:00:00+00:00
[2026-08-06T05:41:21.358+0000] {logging_mixin.py:190} INFO - [2026-08-06T05:41:21.357+0000] {dag.py:4180} INFO - Setting next_dagrun for dataset_produces_2 to None, run_after=None
[2026-08-06T05:41:21.421+0000] {processor.py:208} INFO - Processing /home/airflow/.local/lib/python3.12/site-packages/airflow/example_dags/example_datasets.py took 1.492 seconds
[2026-08-06T05:41:51.774+0000] {processor.py:186} INFO - Started process (PID=703) to work on /home/airflow/.local/lib/python3.12/site-packages/airflow/example_dags/example_datasets.py
[2026-08-06T05:41:51.776+0000] {processor.py:914} INFO - Processing file /home/airflow/.local/lib/python3.12/site-packages/airflow/example_dags/example_datasets.py for tasks to queue
[2026-08-06T05:41:51.780+0000] {logging_mixin.py:190} INFO - [2026-08-06T05:41:51.780+0000] {dagbag.py:588} INFO - Filling up the DagBag from /home/airflow/.local/lib/python3.12/site-packages/airflow/example_dags/example_datasets.py
[2026-08-06T05:41:52.634+0000] {processor.py:925} INFO - DAG(s) 'consume_1_and_2_with_dataset_expressions', 'dataset_produces_2', 'consume_1_or_both_2_and_3_with_dataset_expressions', 'dataset_consumes_1', 'conditional_dataset_and_time_based_timetable', 'dataset_consumes_1_never_scheduled', 'consume_1_or_2_with_dataset_expressions', 'dataset_consumes_unknown_never_scheduled', 'dataset_consumes_1_and_2', 'dataset_produces_1' retrieved from /home/airflow/.local/lib/python3.12/site-packages/airflow/example_dags/example_datasets.py
[2026-08-06T05:41:52.738+0000] {logging_mixin.py:190} INFO - [2026-08-06T05:41:52.738+0000] {dag.py:3239} INFO - Sync 10 DAGs
[2026-08-06T05:41:52.857+0000] {logging_mixin.py:190} INFO - [2026-08-06T05:41:52.857+0000] {dag.py:4180} INFO - Setting next_dagrun for conditional_dataset_and_time_based_timetable to 2026-08-05 01:00:00+00:00, run_after=2026-08-05 01:00:00+00:00
[2026-08-06T05:41:53.339+0000] {logging_mixin.py:190} INFO - [2026-08-06T05:41:53.338+0000] {dag.py:4180} INFO - Setting next_dagrun for consume_1_and_2_with_dataset_expressions to None, run_after=None
[2026-08-06T05:41:53.343+0000] {logging_mixin.py:190} INFO - [2026-08-06T05:41:53.342+0000] {dag.py:4180} INFO - Setting next_dagrun for consume_1_or_2_with_dataset_expressions to None, run_after=None
[2026-08-06T05:41:53.345+0000] {logging_mixin.py:190} INFO - [2026-08-06T05:41:53.345+0000] {dag.py:4180} INFO - Setting next_dagrun for consume_1_or_both_2_and_3_with_dataset_expressions to None, run_after=None
[2026-08-06T05:41:53.355+0000] {logging_mixin.py:190} INFO - [2026-08-06T05:41:53.355+0000] {dag.py:4180} INFO - Setting next_dagrun for dataset_consumes_1 to None, run_after=None
[2026-08-06T05:41:53.358+0000] {logging_mixin.py:190} INFO - [2026-08-06T05:41:53.358+0000] {dag.py:4180} INFO - Setting next_dagrun for dataset_consumes_1_and_2 to None, run_after=None
[2026-08-06T05:41:53.361+0000] {logging_mixin.py:190} INFO - [2026-08-06T05:41:53.361+0000] {dag.py:4180} INFO - Setting next_dagrun for dataset_consumes_1_never_scheduled to None, run_after=None
[2026-08-06T05:41:53.493+0000] {logging_mixin.py:190} INFO - [2026-08-06T05:41:53.492+0000] {dag.py:4180} INFO - Setting next_dagrun for dataset_consumes_unknown_never_scheduled to None, run_after=None
[2026-08-06T05:41:53.514+0000] {logging_mixin.py:190} INFO - [2026-08-06T05:41:53.514+0000] {dag.py:4180} INFO - Setting next_dagrun for dataset_produces_1 to 2026-08-05 00:00:00+00:00, run_after=2026-08-06 00:00:00+00:00
[2026-08-06T05:41:53.674+0000] {logging_mixin.py:190} INFO - [2026-08-06T05:41:53.673+0000] {dag.py:4180} INFO - Setting next_dagrun for dataset_produces_2 to None, run_after=None
[2026-08-06T05:41:53.813+0000] {processor.py:208} INFO - Processing /home/airflow/.local/lib/python3.12/site-packages/airflow/example_dags/example_datasets.py took 2.049 seconds
[2026-08-06T05:42:24.770+0000] {processor.py:186} INFO - Started process (PID=773) to work on /home/airflow/.local/lib/python3.12/site-packages/airflow/example_dags/example_datasets.py
[2026-08-06T05:42:24.898+0000] {processor.py:914} INFO - Processing file /home/airflow/.local/lib/python3.12/site-packages/airflow/example_dags/example_datasets.py for tasks to queue
[2026-08-06T05:42:24.908+0000] {logging_mixin.py:190} INFO - [2026-08-06T05:42:24.907+0000] {dagbag.py:588} INFO - Filling up the DagBag from /home/airflow/.local/lib/python3.12/site-packages/airflow/example_dags/example_datasets.py
[2026-08-06T05:42:26.032+0000] {processor.py:925} INFO - DAG(s) 'dataset_consumes_1_never_scheduled', 'dataset_produces_1', 'consume_1_or_both_2_and_3_with_dataset_expressions', 'dataset_consumes_1_and_2', 'dataset_consumes_1', 'dataset_produces_2', 'consume_1_or_2_with_dataset_expressions', 'consume_1_and_2_with_dataset_expressions', 'conditional_dataset_and_time_based_timetable', 'dataset_consumes_unknown_never_scheduled' retrieved from /home/airflow/.local/lib/python3.12/site-packages/airflow/example_dags/example_datasets.py
[2026-08-06T05:42:26.148+0000] {logging_mixin.py:190} INFO - [2026-08-06T05:42:26.147+0000] {dag.py:3239} INFO - Sync 10 DAGs
[2026-08-06T05:42:26.201+0000] {logging_mixin.py:190} INFO - [2026-08-06T05:42:26.201+0000] {dag.py:4180} INFO - Setting next_dagrun for conditional_dataset_and_time_based_timetable to 2026-08-05 01:00:00+00:00, run_after=2026-08-05 01:00:00+00:00
[2026-08-06T05:42:26.209+0000] {logging_mixin.py:190} INFO - [2026-08-06T05:42:26.208+0000] {dag.py:4180} INFO - Setting next_dagrun for consume_1_and_2_with_dataset_expressions to None, run_after=None
[2026-08-06T05:42:26.212+0000] {logging_mixin.py:190} INFO - [2026-08-06T05:42:26.212+0000] {dag.py:4180} INFO - Setting next_dagrun for consume_1_or_2_with_dataset_expressions to None, run_after=None
[2026-08-06T05:42:26.215+0000] {logging_mixin.py:190} INFO - [2026-08-06T05:42:26.215+0000] {dag.py:4180} INFO - Setting next_dagrun for consume_1_or_both_2_and_3_with_dataset_expressions to None, run_after=None
[2026-08-06T05:42:26.218+0000] {logging_mixin.py:190} INFO - [2026-08-06T05:42:26.217+0000] {dag.py:4180} INFO - Setting next_dagrun for dataset_consumes_1 to None, run_after=None
[2026-08-06T05:42:26.220+0000] {logging_mixin.py:190} INFO - [2026-08-06T05:42:26.220+0000] {dag.py:4180} INFO - Setting next_dagrun for dataset_consumes_1_and_2 to None, run_after=None
[2026-08-06T05:42:26.222+0000] {logging_mixin.py:190} INFO - [2026-08-06T05:42:26.222+0000] {dag.py:4180} INFO - Setting next_dagrun for dataset_consumes_1_never_scheduled to None, run_after=None
[2026-08-06T05:42:26.224+0000] {logging_mixin.py:190} INFO - [2026-08-06T05:42:26.224+0000] {dag.py:4180} INFO - Setting next_dagrun for dataset_consumes_unknown_never_scheduled to None, run_after=None
[2026-08-06T05:42:26.228+0000] {logging_mixin.py:190} INFO - [2026-08-06T05:42:26.228+0000] {dag.py:4180} INFO - Setting next_dagrun for dataset_produces_1 to 2026-08-05 00:00:00+00:00, run_after=2026-08-06 00:00:00+00:00
[2026-08-06T05:42:26.231+0000] {logging_mixin.py:190} INFO - [2026-08-06T05:42:26.231+0000] {dag.py:4180} INFO - Setting next_dagrun for dataset_produces_2 to None, run_after=None
[2026-08-06T05:42:26.281+0000] {processor.py:208} INFO - Processing /home/airflow/.local/lib/python3.12/site-packages/airflow/example_dags/example_datasets.py took 1.526 seconds
[2026-08-06T05:42:56.990+0000] {processor.py:186} INFO - Started process (PID=839) to work on /home/airflow/.local/lib/python3.12/site-packages/airflow/example_dags/example_datasets.py
[2026-08-06T05:42:56.992+0000] {processor.py:914} INFO - Processing file /home/airflow/.local/lib/python3.12/site-packages/airflow/example_dags/example_datasets.py for tasks to queue
[2026-08-06T05:42:57.002+0000] {logging_mixin.py:190} INFO - [2026-08-06T05:42:57.001+0000] {dagbag.py:588} INFO - Filling up the DagBag from /home/airflow/.local/lib/python3.12/site-packages/airflow/example_dags/example_datasets.py
[2026-08-06T05:42:58.094+0000] {processor.py:925} INFO - DAG(s) 'dataset_consumes_1_and_2', 'dataset_consumes_1_never_scheduled', 'dataset_consumes_unknown_never_scheduled', 'consume_1_and_2_with_dataset_expressions', 'dataset_consumes_1', 'consume_1_or_2_with_dataset_expressions', 'consume_1_or_both_2_and_3_with_dataset_expressions', 'dataset_produces_2', 'dataset_produces_1', 'conditional_dataset_and_time_based_timetable' retrieved from /home/airflow/.local/lib/python3.12/site-packages/airflow/example_dags/example_datasets.py
[2026-08-06T05:42:58.157+0000] {logging_mixin.py:190} INFO - [2026-08-06T05:42:58.157+0000] {dag.py:3239} INFO - Sync 10 DAGs
[2026-08-06T05:42:58.191+0000] {logging_mixin.py:190} INFO - [2026-08-06T05:42:58.191+0000] {dag.py:4180} INFO - Setting next_dagrun for conditional_dataset_and_time_based_timetable to 2026-08-05 01:00:00+00:00, run_after=2026-08-05 01:00:00+00:00
[2026-08-06T05:42:58.197+0000] {logging_mixin.py:190} INFO - [2026-08-06T05:42:58.196+0000] {dag.py:4180} INFO - Setting next_dagrun for consume_1_and_2_with_dataset_expressions to None, run_after=None
[2026-08-06T05:42:58.204+0000] {logging_mixin.py:190} INFO - [2026-08-06T05:42:58.203+0000] {dag.py:4180} INFO - Setting next_dagrun for consume_1_or_2_with_dataset_expressions to None, run_after=None
[2026-08-06T05:42:58.251+0000] {logging_mixin.py:190} INFO - [2026-08-06T05:42:58.250+0000] {dag.py:4180} INFO - Setting next_dagrun for consume_1_or_both_2_and_3_with_dataset_expressions to None, run_after=None
[2026-08-06T05:42:58.261+0000] {logging_mixin.py:190} INFO - [2026-08-06T05:42:58.261+0000] {dag.py:4180} INFO - Setting next_dagrun for dataset_consumes_1 to None, run_after=None
[2026-08-06T05:42:58.270+0000] {logging_mixin.py:190} INFO - [2026-08-06T05:42:58.270+0000] {dag.py:4180} INFO - Setting next_dagrun for dataset_consumes_1_and_2 to None, run_after=None
[2026-08-06T05:42:58.276+0000] {logging_mixin.py:190} INFO - [2026-08-06T05:42:58.276+0000] {dag.py:4180} INFO - Setting next_dagrun for dataset_consumes_1_never_scheduled to None, run_after=None
[2026-08-06T05:42:58.280+0000] {logging_mixin.py:190} INFO - [2026-08-06T05:42:58.280+0000] {dag.py:4180} INFO - Setting next_dagrun for dataset_consumes_unknown_never_scheduled to None, run_after=None
[2026-08-06T05:42:58.286+0000] {logging_mixin.py:190} INFO - [2026-08-06T05:42:58.285+0000] {dag.py:4180} INFO - Setting next_dagrun for dataset_produces_1 to 2026-08-05 00:00:00+00:00, run_after=2026-08-06 00:00:00+00:00
[2026-08-06T05:42:58.290+0000] {logging_mixin.py:190} INFO - [2026-08-06T05:42:58.289+0000] {dag.py:4180} INFO - Setting next_dagrun for dataset_produces_2 to None, run_after=None
[2026-08-06T05:42:58.354+0000] {processor.py:208} INFO - Processing /home/airflow/.local/lib/python3.12/site-packages/airflow/example_dags/example_datasets.py took 1.374 seconds
[2026-08-06T05:43:28.676+0000] {processor.py:186} INFO - Started process (PID=907) to work on /home/airflow/.local/lib/python3.12/site-packages/airflow/example_dags/example_datasets.py
[2026-08-06T05:43:28.679+0000] {processor.py:914} INFO - Processing file /home/airflow/.local/lib/python3.12/site-packages/airflow/example_dags/example_datasets.py for tasks to queue
[2026-08-06T05:43:28.684+0000] {logging_mixin.py:190} INFO - [2026-08-06T05:43:28.684+0000] {dagbag.py:588} INFO - Filling up the DagBag from /home/airflow/.local/lib/python3.12/site-packages/airflow/example_dags/example_datasets.py
[2026-08-06T05:43:29.741+0000] {processor.py:925} INFO - DAG(s) 'dataset_consumes_1', 'dataset_produces_1', 'dataset_consumes_unknown_never_scheduled', 'consume_1_or_2_with_dataset_expressions', 'dataset_consumes_1_never_scheduled', 'consume_1_or_both_2_and_3_with_dataset_expressions', 'consume_1_and_2_with_dataset_expressions', 'dataset_produces_2', 'dataset_consumes_1_and_2', 'conditional_dataset_and_time_based_timetable' retrieved from /home/airflow/.local/lib/python3.12/site-packages/airflow/example_dags/example_datasets.py
[2026-08-06T05:43:29.819+0000] {logging_mixin.py:190} INFO - [2026-08-06T05:43:29.819+0000] {dag.py:3239} INFO - Sync 10 DAGs
[2026-08-06T05:43:29.882+0000] {logging_mixin.py:190} INFO - [2026-08-06T05:43:29.881+0000] {dag.py:4180} INFO - Setting next_dagrun for conditional_dataset_and_time_based_timetable to 2026-08-05 01:00:00+00:00, run_after=2026-08-05 01:00:00+00:00
[2026-08-06T05:43:29.911+0000] {logging_mixin.py:190} INFO - [2026-08-06T05:43:29.910+0000] {dag.py:4180} INFO - Setting next_dagrun for consume_1_and_2_with_dataset_expressions to None, run_after=None
[2026-08-06T05:43:29.921+0000] {logging_mixin.py:190} INFO - [2026-08-06T05:43:29.920+0000] {dag.py:4180} INFO - Setting next_dagrun for consume_1_or_2_with_dataset_expressions to None, run_after=None
[2026-08-06T05:43:29.926+0000] {logging_mixin.py:190} INFO - [2026-08-06T05:43:29.925+0000] {dag.py:4180} INFO - Setting next_dagrun for consume_1_or_both_2_and_3_with_dataset_expressions to None, run_after=None
[2026-08-06T05:43:29.931+0000] {logging_mixin.py:190} INFO - [2026-08-06T05:43:29.931+0000] {dag.py:4180} INFO - Setting next_dagrun for dataset_consumes_1 to None, run_after=None
[2026-08-06T05:43:29.943+0000] {logging_mixin.py:190} INFO - [2026-08-06T05:43:29.942+0000] {dag.py:4180} INFO - Setting next_dagrun for dataset_consumes_1_and_2 to None, run_after=None
[2026-08-06T05:43:29.955+0000] {logging_mixin.py:190} INFO - [2026-08-06T05:43:29.955+0000] {dag.py:4180} INFO - Setting next_dagrun for dataset_consumes_1_never_scheduled to None, run_after=None
[2026-08-06T05:43:29.962+0000] {logging_mixin.py:190} INFO - [2026-08-06T05:43:29.962+0000] {dag.py:4180} INFO - Setting next_dagrun for dataset_consumes_unknown_never_scheduled to None, run_after=None
[2026-08-06T05:43:29.970+0000] {logging_mixin.py:190} INFO - [2026-08-06T05:43:29.970+0000] {dag.py:4180} INFO - Setting next_dagrun for dataset_produces_1 to 2026-08-05 00:00:00+00:00, run_after=2026-08-06 00:00:00+00:00
[2026-08-06T05:43:30.029+0000] {logging_mixin.py:190} INFO - [2026-08-06T05:43:30.028+0000] {dag.py:4180} INFO - Setting next_dagrun for dataset_produces_2 to None, run_after=None
[2026-08-06T05:43:30.147+0000] {processor.py:208} INFO - Processing /home/airflow/.local/lib/python3.12/site-packages/airflow/example_dags/example_datasets.py took 1.479 seconds
[2026-08-06T05:44:00.689+0000] {processor.py:186} INFO - Started process (PID=991) to work on /home/airflow/.local/lib/python3.12/site-packages/airflow/example_dags/example_datasets.py
[2026-08-06T05:44:00.691+0000] {processor.py:914} INFO - Processing file /home/airflow/.local/lib/python3.12/site-packages/airflow/example_dags/example_datasets.py for tasks to queue
[2026-08-06T05:44:00.695+0000] {logging_mixin.py:190} INFO - [2026-08-06T05:44:00.694+0000] {dagbag.py:588} INFO - Filling up the DagBag from /home/airflow/.local/lib/python3.12/site-packages/airflow/example_dags/example_datasets.py
[2026-08-06T05:44:01.889+0000] {processor.py:925} INFO - DAG(s) 'consume_1_and_2_with_dataset_expressions', 'dataset_consumes_1', 'dataset_consumes_unknown_never_scheduled', 'dataset_consumes_1_and_2', 'consume_1_or_2_with_dataset_expressions', 'conditional_dataset_and_time_based_timetable', 'dataset_produces_1', 'dataset_consumes_1_never_scheduled', 'consume_1_or_both_2_and_3_with_dataset_expressions', 'dataset_produces_2' retrieved from /home/airflow/.local/lib/python3.12/site-packages/airflow/example_dags/example_datasets.py
[2026-08-06T05:44:01.967+0000] {logging_mixin.py:190} INFO - [2026-08-06T05:44:01.967+0000] {dag.py:3239} INFO - Sync 10 DAGs
[2026-08-06T05:44:02.010+0000] {logging_mixin.py:190} INFO - [2026-08-06T05:44:02.010+0000] {dag.py:4180} INFO - Setting next_dagrun for conditional_dataset_and_time_based_timetable to 2026-08-05 01:00:00+00:00, run_after=2026-08-05 01:00:00+00:00
[2026-08-06T05:44:02.018+0000] {logging_mixin.py:190} INFO - [2026-08-06T05:44:02.017+0000] {dag.py:4180} INFO - Setting next_dagrun for consume_1_and_2_with_dataset_expressions to None, run_after=None
[2026-08-06T05:44:02.022+0000] {logging_mixin.py:190} INFO - [2026-08-06T05:44:02.022+0000] {dag.py:4180} INFO - Setting next_dagrun for consume_1_or_2_with_dataset_expressions to None, run_after=None
[2026-08-06T05:44:02.025+0000] {logging_mixin.py:190} INFO - [2026-08-06T05:44:02.025+0000] {dag.py:4180} INFO - Setting next_dagrun for consume_1_or_both_2_and_3_with_dataset_expressions to None, run_after=None
[2026-08-06T05:44:02.028+0000] {logging_mixin.py:190} INFO - [2026-08-06T05:44:02.027+0000] {dag.py:4180} INFO - Setting next_dagrun for dataset_consumes_1 to None, run_after=None
[2026-08-06T05:44:02.031+0000] {logging_mixin.py:190} INFO - [2026-08-06T05:44:02.031+0000] {dag.py:4180} INFO - Setting next_dagrun for dataset_consumes_1_and_2 to None, run_after=None
[2026-08-06T05:44:02.035+0000] {logging_mixin.py:190} INFO - [2026-08-06T05:44:02.034+0000] {dag.py:4180} INFO - Setting next_dagrun for dataset_consumes_1_never_scheduled to None, run_after=None
[2026-08-06T05:44:02.038+0000] {logging_mixin.py:190} INFO - [2026-08-06T05:44:02.037+0000] {dag.py:4180} INFO - Setting next_dagrun for dataset_consumes_unknown_never_scheduled to None, run_after=None
[2026-08-06T05:44:02.042+0000] {logging_mixin.py:190} INFO - [2026-08-06T05:44:02.042+0000] {dag.py:4180} INFO - Setting next_dagrun for dataset_produces_1 to 2026-08-05 00:00:00+00:00, run_after=2026-08-06 00:00:00+00:00
[2026-08-06T05:44:02.045+0000] {logging_mixin.py:190} INFO - [2026-08-06T05:44:02.045+0000] {dag.py:4180} INFO - Setting next_dagrun for dataset_produces_2 to None, run_after=None
[2026-08-06T05:44:02.143+0000] {processor.py:208} INFO - Processing /home/airflow/.local/lib/python3.12/site-packages/airflow/example_dags/example_datasets.py took 1.464 seconds
[2026-08-06T05:44:32.974+0000] {processor.py:186} INFO - Started process (PID=1055) to work on /home/airflow/.local/lib/python3.12/site-packages/airflow/example_dags/example_datasets.py
[2026-08-06T05:44:32.979+0000] {processor.py:914} INFO - Processing file /home/airflow/.local/lib/python3.12/site-packages/airflow/example_dags/example_datasets.py for tasks to queue
[2026-08-06T05:44:32.989+0000] {logging_mixin.py:190} INFO - [2026-08-06T05:44:32.988+0000] {dagbag.py:588} INFO - Filling up the DagBag from /home/airflow/.local/lib/python3.12/site-packages/airflow/example_dags/example_datasets.py
[2026-08-06T05:44:33.965+0000] {processor.py:925} INFO - DAG(s) 'consume_1_and_2_with_dataset_expressions', 'dataset_produces_1', 'dataset_consumes_1', 'consume_1_or_2_with_dataset_expressions', 'dataset_consumes_unknown_never_scheduled', 'consume_1_or_both_2_and_3_with_dataset_expressions', 'dataset_produces_2', 'dataset_consumes_1_and_2', 'dataset_consumes_1_never_scheduled', 'conditional_dataset_and_time_based_timetable' retrieved from /home/airflow/.local/lib/python3.12/site-packages/airflow/example_dags/example_datasets.py
[2026-08-06T05:44:34.109+0000] {logging_mixin.py:190} INFO - [2026-08-06T05:44:34.109+0000] {dag.py:3239} INFO - Sync 10 DAGs
[2026-08-06T05:44:34.151+0000] {logging_mixin.py:190} INFO - [2026-08-06T05:44:34.151+0000] {dag.py:4180} INFO - Setting next_dagrun for conditional_dataset_and_time_based_timetable to 2026-08-05 01:00:00+00:00, run_after=2026-08-05 01:00:00+00:00
[2026-08-06T05:44:34.159+0000] {logging_mixin.py:190} INFO - [2026-08-06T05:44:34.158+0000] {dag.py:4180} INFO - Setting next_dagrun for consume_1_and_2_with_dataset_expressions to None, run_after=None
[2026-08-06T05:44:34.164+0000] {logging_mixin.py:190} INFO - [2026-08-06T05:44:34.163+0000] {dag.py:4180} INFO - Setting next_dagrun for consume_1_or_2_with_dataset_expressions to None, run_after=None
[2026-08-06T05:44:34.167+0000] {logging_mixin.py:190} INFO - [2026-08-06T05:44:34.167+0000] {dag.py:4180} INFO - Setting next_dagrun for consume_1_or_both_2_and_3_with_dataset_expressions to None, run_after=None
[2026-08-06T05:44:34.170+0000] {logging_mixin.py:190} INFO - [2026-08-06T05:44:34.170+0000] {dag.py:4180} INFO - Setting next_dagrun for dataset_consumes_1 to None, run_after=None
[2026-08-06T05:44:34.173+0000] {logging_mixin.py:190} INFO - [2026-08-06T05:44:34.173+0000] {dag.py:4180} INFO - Setting next_dagrun for dataset_consumes_1_and_2 to None, run_after=None
[2026-08-06T05:44:34.176+0000] {logging_mixin.py:190} INFO - [2026-08-06T05:44:34.176+0000] {dag.py:4180} INFO - Setting next_dagrun for dataset_consumes_1_never_scheduled to None, run_after=None
[2026-08-06T05:44:34.181+0000] {logging_mixin.py:190} INFO - [2026-08-06T05:44:34.180+0000] {dag.py:4180} INFO - Setting next_dagrun for dataset_consumes_unknown_never_scheduled to None, run_after=None
[2026-08-06T05:44:34.185+0000] {logging_mixin.py:190} INFO - [2026-08-06T05:44:34.185+0000] {dag.py:4180} INFO - Setting next_dagrun for dataset_produces_1 to 2026-08-05 00:00:00+00:00, run_after=2026-08-06 00:00:00+00:00
[2026-08-06T05:44:34.189+0000] {logging_mixin.py:190} INFO - [2026-08-06T05:44:34.189+0000] {dag.py:4180} INFO - Setting next_dagrun for dataset_produces_2 to None, run_after=None
[2026-08-06T05:44:34.272+0000] {processor.py:208} INFO - Processing /home/airflow/.local/lib/python3.12/site-packages/airflow/example_dags/example_datasets.py took 1.323 seconds
[2026-08-06T05:45:05.321+0000] {processor.py:186} INFO - Started process (PID=1122) to work on /home/airflow/.local/lib/python3.12/site-packages/airflow/example_dags/example_datasets.py
[2026-08-06T05:45:05.328+0000] {processor.py:914} INFO - Processing file /home/airflow/.local/lib/python3.12/site-packages/airflow/example_dags/example_datasets.py for tasks to queue
[2026-08-06T05:45:05.334+0000] {logging_mixin.py:190} INFO - [2026-08-06T05:45:05.334+0000] {dagbag.py:588} INFO - Filling up the DagBag from /home/airflow/.local/lib/python3.12/site-packages/airflow/example_dags/example_datasets.py
[2026-08-06T05:45:06.439+0000] {processor.py:925} INFO - DAG(s) 'dataset_consumes_1_and_2', 'dataset_produces_2', 'dataset_consumes_1_never_scheduled', 'dataset_consumes_1', 'consume_1_or_both_2_and_3_with_dataset_expressions', 'consume_1_or_2_with_dataset_expressions', 'consume_1_and_2_with_dataset_expressions', 'dataset_produces_1', 'conditional_dataset_and_time_based_timetable', 'dataset_consumes_unknown_never_scheduled' retrieved from /home/airflow/.local/lib/python3.12/site-packages/airflow/example_dags/example_datasets.py
[2026-08-06T05:45:06.533+0000] {logging_mixin.py:190} INFO - [2026-08-06T05:45:06.532+0000] {dag.py:3239} INFO - Sync 10 DAGs
[2026-08-06T05:45:06.579+0000] {logging_mixin.py:190} INFO - [2026-08-06T05:45:06.579+0000] {dag.py:4180} INFO - Setting next_dagrun for conditional_dataset_and_time_based_timetable to 2026-08-05 01:00:00+00:00, run_after=2026-08-05 01:00:00+00:00
[2026-08-06T05:45:06.659+0000] {logging_mixin.py:190} INFO - [2026-08-06T05:45:06.659+0000] {dag.py:4180} INFO - Setting next_dagrun for consume_1_and_2_with_dataset_expressions to None, run_after=None
[2026-08-06T05:45:06.666+0000] {logging_mixin.py:190} INFO - [2026-08-06T05:45:06.666+0000] {dag.py:4180} INFO - Setting next_dagrun for consume_1_or_2_with_dataset_expressions to None, run_after=None
[2026-08-06T05:45:06.671+0000] {logging_mixin.py:190} INFO - [2026-08-06T05:45:06.671+0000] {dag.py:4180} INFO - Setting next_dagrun for consume_1_or_both_2_and_3_with_dataset_expressions to None, run_after=None
[2026-08-06T05:45:06.675+0000] {logging_mixin.py:190} INFO - [2026-08-06T05:45:06.675+0000] {dag.py:4180} INFO - Setting next_dagrun for dataset_consumes_1 to None, run_after=None
[2026-08-06T05:45:06.682+0000] {logging_mixin.py:190} INFO - [2026-08-06T05:45:06.681+0000] {dag.py:4180} INFO - Setting next_dagrun for dataset_consumes_1_and_2 to None, run_after=None
[2026-08-06T05:45:06.686+0000] {logging_mixin.py:190} INFO - [2026-08-06T05:45:06.685+0000] {dag.py:4180} INFO - Setting next_dagrun for dataset_consumes_1_never_scheduled to None, run_after=None
[2026-08-06T05:45:06.689+0000] {logging_mixin.py:190} INFO - [2026-08-06T05:45:06.689+0000] {dag.py:4180} INFO - Setting next_dagrun for dataset_consumes_unknown_never_scheduled to None, run_after=None
[2026-08-06T05:45:06.696+0000] {logging_mixin.py:190} INFO - [2026-08-06T05:45:06.696+0000] {dag.py:4180} INFO - Setting next_dagrun for dataset_produces_1 to 2026-08-05 00:00:00+00:00, run_after=2026-08-06 00:00:00+00:00
[2026-08-06T05:45:06.700+0000] {logging_mixin.py:190} INFO - [2026-08-06T05:45:06.700+0000] {dag.py:4180} INFO - Setting next_dagrun for dataset_produces_2 to None, run_after=None
[2026-08-06T05:45:06.780+0000] {processor.py:208} INFO - Processing /home/airflow/.local/lib/python3.12/site-packages/airflow/example_dags/example_datasets.py took 1.470 seconds
[2026-08-06T05:45:38.734+0000] {processor.py:186} INFO - Started process (PID=1192) to work on /home/airflow/.local/lib/python3.12/site-packages/airflow/example_dags/example_datasets.py
[2026-08-06T05:45:38.736+0000] {processor.py:914} INFO - Processing file /home/airflow/.local/lib/python3.12/site-packages/airflow/example_dags/example_datasets.py for tasks to queue
[2026-08-06T05:45:38.742+0000] {logging_mixin.py:190} INFO - [2026-08-06T05:45:38.741+0000] {dagbag.py:588} INFO - Filling up the DagBag from /home/airflow/.local/lib/python3.12/site-packages/airflow/example_dags/example_datasets.py
[2026-08-06T05:45:39.645+0000] {processor.py:925} INFO - DAG(s) 'dataset_consumes_unknown_never_scheduled', 'conditional_dataset_and_time_based_timetable', 'dataset_produces_1', 'consume_1_or_both_2_and_3_with_dataset_expressions', 'dataset_consumes_1_and_2', 'dataset_consumes_1_never_scheduled', 'consume_1_or_2_with_dataset_expressions', 'dataset_produces_2', 'consume_1_and_2_with_dataset_expressions', 'dataset_consumes_1' retrieved from /home/airflow/.local/lib/python3.12/site-packages/airflow/example_dags/example_datasets.py
[2026-08-06T05:45:39.797+0000] {logging_mixin.py:190} INFO - [2026-08-06T05:45:39.797+0000] {dag.py:3239} INFO - Sync 10 DAGs
[2026-08-06T05:45:39.850+0000] {logging_mixin.py:190} INFO - [2026-08-06T05:45:39.849+0000] {dag.py:4180} INFO - Setting next_dagrun for conditional_dataset_and_time_based_timetable to 2026-08-05 01:00:00+00:00, run_after=2026-08-05 01:00:00+00:00
[2026-08-06T05:45:39.858+0000] {logging_mixin.py:190} INFO - [2026-08-06T05:45:39.858+0000] {dag.py:4180} INFO - Setting next_dagrun for consume_1_and_2_with_dataset_expressions to None, run_after=None
[2026-08-06T05:45:39.862+0000] {logging_mixin.py:190} INFO - [2026-08-06T05:45:39.862+0000] {dag.py:4180} INFO - Setting next_dagrun for consume_1_or_2_with_dataset_expressions to None, run_after=None
[2026-08-06T05:45:39.865+0000] {logging_mixin.py:190} INFO - [2026-08-06T05:45:39.865+0000] {dag.py:4180} INFO - Setting next_dagrun for consume_1_or_both_2_and_3_with_dataset_expressions to None, run_after=None
[2026-08-06T05:45:39.867+0000] {logging_mixin.py:190} INFO - [2026-08-06T05:45:39.867+0000] {dag.py:4180} INFO - Setting next_dagrun for dataset_consumes_1 to None, run_after=None
[2026-08-06T05:45:39.870+0000] {logging_mixin.py:190} INFO - [2026-08-06T05:45:39.870+0000] {dag.py:4180} INFO - Setting next_dagrun for dataset_consumes_1_and_2 to None, run_after=None
[2026-08-06T05:45:39.874+0000] {logging_mixin.py:190} INFO - [2026-08-06T05:45:39.874+0000] {dag.py:4180} INFO - Setting next_dagrun for dataset_consumes_1_never_scheduled to None, run_after=None
[2026-08-06T05:45:39.918+0000] {logging_mixin.py:190} INFO - [2026-08-06T05:45:39.918+0000] {dag.py:4180} INFO - Setting next_dagrun for dataset_consumes_unknown_never_scheduled to None, run_after=None
[2026-08-06T05:45:39.925+0000] {logging_mixin.py:190} INFO - [2026-08-06T05:45:39.924+0000] {dag.py:4180} INFO - Setting next_dagrun for dataset_produces_1 to 2026-08-05 00:00:00+00:00, run_after=2026-08-06 00:00:00+00:00
[2026-08-06T05:45:39.928+0000] {logging_mixin.py:190} INFO - [2026-08-06T05:45:39.927+0000] {dag.py:4180} INFO - Setting next_dagrun for dataset_produces_2 to None, run_after=None
[2026-08-06T05:45:39.991+0000] {processor.py:208} INFO - Processing /home/airflow/.local/lib/python3.12/site-packages/airflow/example_dags/example_datasets.py took 1.266 seconds
[2026-08-06T05:46:10.913+0000] {processor.py:186} INFO - Started process (PID=1258) to work on /home/airflow/.local/lib/python3.12/site-packages/airflow/example_dags/example_datasets.py
[2026-08-06T05:46:10.915+0000] {processor.py:914} INFO - Processing file /home/airflow/.local/lib/python3.12/site-packages/airflow/example_dags/example_datasets.py for tasks to queue
[2026-08-06T05:46:10.920+0000] {logging_mixin.py:190} INFO - [2026-08-06T05:46:10.919+0000] {dagbag.py:588} INFO - Filling up the DagBag from /home/airflow/.local/lib/python3.12/site-packages/airflow/example_dags/example_datasets.py
[2026-08-06T05:46:11.938+0000] {processor.py:925} INFO - DAG(s) 'dataset_produces_1', 'consume_1_or_2_with_dataset_expressions', 'dataset_consumes_1_never_scheduled', 'dataset_consumes_1', 'consume_1_and_2_with_dataset_expressions', 'dataset_consumes_1_and_2', 'dataset_consumes_unknown_never_scheduled', 'consume_1_or_both_2_and_3_with_dataset_expressions', 'dataset_produces_2', 'conditional_dataset_and_time_based_timetable' retrieved from /home/airflow/.local/lib/python3.12/site-packages/airflow/example_dags/example_datasets.py
[2026-08-06T05:46:12.013+0000] {logging_mixin.py:190} INFO - [2026-08-06T05:46:12.013+0000] {dag.py:3239} INFO - Sync 10 DAGs
[2026-08-06T05:46:12.076+0000] {logging_mixin.py:190} INFO - [2026-08-06T05:46:12.076+0000] {dag.py:4180} INFO - Setting next_dagrun for conditional_dataset_and_time_based_timetable to 2026-08-05 01:00:00+00:00, run_after=2026-08-05 01:00:00+00:00
[2026-08-06T05:46:12.090+0000] {logging_mixin.py:190} INFO - [2026-08-06T05:46:12.090+0000] {dag.py:4180} INFO - Setting next_dagrun for consume_1_and_2_with_dataset_expressions to None, run_after=None
[2026-08-06T05:46:12.094+0000] {logging_mixin.py:190} INFO - [2026-08-06T05:46:12.093+0000] {dag.py:4180} INFO - Setting next_dagrun for consume_1_or_2_with_dataset_expressions to None, run_after=None
[2026-08-06T05:46:12.096+0000] {logging_mixin.py:190} INFO - [2026-08-06T05:46:12.096+0000] {dag.py:4180} INFO - Setting next_dagrun for consume_1_or_both_2_and_3_with_dataset_expressions to None, run_after=None
[2026-08-06T05:46:12.099+0000] {logging_mixin.py:190} INFO - [2026-08-06T05:46:12.099+0000] {dag.py:4180} INFO - Setting next_dagrun for dataset_consumes_1 to None, run_after=None
[2026-08-06T05:46:12.102+0000] {logging_mixin.py:190} INFO - [2026-08-06T05:46:12.101+0000] {dag.py:4180} INFO - Setting next_dagrun for dataset_consumes_1_and_2 to None, run_after=None
[2026-08-06T05:46:12.106+0000] {logging_mixin.py:190} INFO - [2026-08-06T05:46:12.105+0000] {dag.py:4180} INFO - Setting next_dagrun for dataset_consumes_1_never_scheduled to None, run_after=None
[2026-08-06T05:46:12.109+0000] {logging_mixin.py:190} INFO - [2026-08-06T05:46:12.109+0000] {dag.py:4180} INFO - Setting next_dagrun for dataset_consumes_unknown_never_scheduled to None, run_after=None
[2026-08-06T05:46:12.114+0000] {logging_mixin.py:190} INFO - [2026-08-06T05:46:12.114+0000] {dag.py:4180} INFO - Setting next_dagrun for dataset_produces_1 to 2026-08-05 00:00:00+00:00, run_after=2026-08-06 00:00:00+00:00
[2026-08-06T05:46:12.118+0000] {logging_mixin.py:190} INFO - [2026-08-06T05:46:12.117+0000] {dag.py:4180} INFO - Setting next_dagrun for dataset_produces_2 to None, run_after=None
[2026-08-06T05:46:12.183+0000] {processor.py:208} INFO - Processing /home/airflow/.local/lib/python3.12/site-packages/airflow/example_dags/example_datasets.py took 1.278 seconds
[2026-08-06T05:46:42.653+0000] {processor.py:186} INFO - Started process (PID=1322) to work on /home/airflow/.local/lib/python3.12/site-packages/airflow/example_dags/example_datasets.py
[2026-08-06T05:46:42.655+0000] {processor.py:914} INFO - Processing file /home/airflow/.local/lib/python3.12/site-packages/airflow/example_dags/example_datasets.py for tasks to queue
[2026-08-06T05:46:42.661+0000] {logging_mixin.py:190} INFO - [2026-08-06T05:46:42.660+0000] {dagbag.py:588} INFO - Filling up the DagBag from /home/airflow/.local/lib/python3.12/site-packages/airflow/example_dags/example_datasets.py
[2026-08-06T05:46:43.910+0000] {processor.py:925} INFO - DAG(s) 'dataset_consumes_unknown_never_scheduled', 'dataset_produces_2', 'consume_1_and_2_with_dataset_expressions', 'dataset_consumes_1_and_2', 'consume_1_or_both_2_and_3_with_dataset_expressions', 'dataset_consumes_1_never_scheduled', 'dataset_produces_1', 'consume_1_or_2_with_dataset_expressions', 'conditional_dataset_and_time_based_timetable', 'dataset_consumes_1' retrieved from /home/airflow/.local/lib/python3.12/site-packages/airflow/example_dags/example_datasets.py
[2026-08-06T05:46:43.988+0000] {logging_mixin.py:190} INFO - [2026-08-06T05:46:43.987+0000] {dag.py:3239} INFO - Sync 10 DAGs
[2026-08-06T05:46:44.025+0000] {logging_mixin.py:190} INFO - [2026-08-06T05:46:44.024+0000] {dag.py:4180} INFO - Setting next_dagrun for conditional_dataset_and_time_based_timetable to 2026-08-05 01:00:00+00:00, run_after=2026-08-05 01:00:00+00:00
[2026-08-06T05:46:44.032+0000] {logging_mixin.py:190} INFO - [2026-08-06T05:46:44.032+0000] {dag.py:4180} INFO - Setting next_dagrun for consume_1_and_2_with_dataset_expressions to None, run_after=None
[2026-08-06T05:46:44.036+0000] {logging_mixin.py:190} INFO - [2026-08-06T05:46:44.035+0000] {dag.py:4180} INFO - Setting next_dagrun for consume_1_or_2_with_dataset_expressions to None, run_after=None
[2026-08-06T05:46:44.040+0000] {logging_mixin.py:190} INFO - [2026-08-06T05:46:44.039+0000] {dag.py:4180} INFO - Setting next_dagrun for consume_1_or_both_2_and_3_with_dataset_expressions to None, run_after=None
[2026-08-06T05:46:44.043+0000] {logging_mixin.py:190} INFO - [2026-08-06T05:46:44.043+0000] {dag.py:4180} INFO - Setting next_dagrun for dataset_consumes_1 to None, run_after=None
[2026-08-06T05:46:44.046+0000] {logging_mixin.py:190} INFO - [2026-08-06T05:46:44.046+0000] {dag.py:4180} INFO - Setting next_dagrun for dataset_consumes_1_and_2 to None, run_after=None
[2026-08-06T05:46:44.049+0000] {logging_mixin.py:190} INFO - [2026-08-06T05:46:44.049+0000] {dag.py:4180} INFO - Setting next_dagrun for dataset_consumes_1_never_scheduled to None, run_after=None
[2026-08-06T05:46:44.052+0000] {logging_mixin.py:190} INFO - [2026-08-06T05:46:44.051+0000] {dag.py:4180} INFO - Setting next_dagrun for dataset_consumes_unknown_never_scheduled to None, run_after=None
[2026-08-06T05:46:44.056+0000] {logging_mixin.py:190} INFO - [2026-08-06T05:46:44.056+0000] {dag.py:4180} INFO - Setting next_dagrun for dataset_produces_1 to 2026-08-05 00:00:00+00:00, run_after=2026-08-06 00:00:00+00:00
[2026-08-06T05:46:44.059+0000] {logging_mixin.py:190} INFO - [2026-08-06T05:46:44.059+0000] {dag.py:4180} INFO - Setting next_dagrun for dataset_produces_2 to None, run_after=None
[2026-08-06T05:46:44.130+0000] {processor.py:208} INFO - Processing /home/airflow/.local/lib/python3.12/site-packages/airflow/example_dags/example_datasets.py took 1.489 seconds
[2026-08-06T05:47:14.837+0000] {processor.py:186} INFO - Started process (PID=1386) to work on /home/airflow/.local/lib/python3.12/site-packages/airflow/example_dags/example_datasets.py
[2026-08-06T05:47:14.839+0000] {processor.py:914} INFO - Processing file /home/airflow/.local/lib/python3.12/site-packages/airflow/example_dags/example_datasets.py for tasks to queue
[2026-08-06T05:47:14.843+0000] {logging_mixin.py:190} INFO - [2026-08-06T05:47:14.842+0000] {dagbag.py:588} INFO - Filling up the DagBag from /home/airflow/.local/lib/python3.12/site-packages/airflow/example_dags/example_datasets.py
[2026-08-06T05:47:15.813+0000] {processor.py:925} INFO - DAG(s) 'dataset_consumes_1', 'consume_1_and_2_with_dataset_expressions', 'dataset_consumes_1_and_2', 'consume_1_or_2_with_dataset_expressions', 'dataset_produces_2', 'conditional_dataset_and_time_based_timetable', 'dataset_produces_1', 'consume_1_or_both_2_and_3_with_dataset_expressions', 'dataset_consumes_1_never_scheduled', 'dataset_consumes_unknown_never_scheduled' retrieved from /home/airflow/.local/lib/python3.12/site-packages/airflow/example_dags/example_datasets.py
[2026-08-06T05:47:15.892+0000] {logging_mixin.py:190} INFO - [2026-08-06T05:47:15.891+0000] {dag.py:3239} INFO - Sync 10 DAGs
[2026-08-06T05:47:15.935+0000] {logging_mixin.py:190} INFO - [2026-08-06T05:47:15.933+0000] {dag.py:4180} INFO - Setting next_dagrun for conditional_dataset_and_time_based_timetable to 2026-08-05 01:00:00+00:00, run_after=2026-08-05 01:00:00+00:00
[2026-08-06T05:47:15.942+0000] {logging_mixin.py:190} INFO - [2026-08-06T05:47:15.942+0000] {dag.py:4180} INFO - Setting next_dagrun for consume_1_and_2_with_dataset_expressions to None, run_after=None
[2026-08-06T05:47:15.945+0000] {logging_mixin.py:190} INFO - [2026-08-06T05:47:15.945+0000] {dag.py:4180} INFO - Setting next_dagrun for consume_1_or_2_with_dataset_expressions to None, run_after=None
[2026-08-06T05:47:15.948+0000] {logging_mixin.py:190} INFO - [2026-08-06T05:47:15.947+0000] {dag.py:4180} INFO - Setting next_dagrun for consume_1_or_both_2_and_3_with_dataset_expressions to None, run_after=None
[2026-08-06T05:47:15.950+0000] {logging_mixin.py:190} INFO - [2026-08-06T05:47:15.950+0000] {dag.py:4180} INFO - Setting next_dagrun for dataset_consumes_1 to None, run_after=None
[2026-08-06T05:47:15.955+0000] {logging_mixin.py:190} INFO - [2026-08-06T05:47:15.955+0000] {dag.py:4180} INFO - Setting next_dagrun for dataset_consumes_1_and_2 to None, run_after=None
[2026-08-06T05:47:15.958+0000] {logging_mixin.py:190} INFO - [2026-08-06T05:47:15.957+0000] {dag.py:4180} INFO - Setting next_dagrun for dataset_consumes_1_never_scheduled to None, run_after=None
[2026-08-06T05:47:15.960+0000] {logging_mixin.py:190} INFO - [2026-08-06T05:47:15.959+0000] {dag.py:4180} INFO - Setting next_dagrun for dataset_consumes_unknown_never_scheduled to None, run_after=None
[2026-08-06T05:47:15.963+0000] {logging_mixin.py:190} INFO - [2026-08-06T05:47:15.962+0000] {dag.py:4180} INFO - Setting next_dagrun for dataset_produces_1 to 2026-08-05 00:00:00+00:00, run_after=2026-08-06 00:00:00+00:00
[2026-08-06T05:47:15.964+0000] {logging_mixin.py:190} INFO - [2026-08-06T05:47:15.964+0000] {dag.py:4180} INFO - Setting next_dagrun for dataset_produces_2 to None, run_after=None
[2026-08-06T05:47:16.043+0000] {processor.py:208} INFO - Processing /home/airflow/.local/lib/python3.12/site-packages/airflow/example_dags/example_datasets.py took 1.215 seconds
[2026-08-06T05:47:46.241+0000] {processor.py:186} INFO - Started process (PID=1451) to work on /home/airflow/.local/lib/python3.12/site-packages/airflow/example_dags/example_datasets.py
[2026-08-06T05:47:46.243+0000] {processor.py:914} INFO - Processing file /home/airflow/.local/lib/python3.12/site-packages/airflow/example_dags/example_datasets.py for tasks to queue
[2026-08-06T05:47:46.246+0000] {logging_mixin.py:190} INFO - [2026-08-06T05:47:46.246+0000] {dagbag.py:588} INFO - Filling up the DagBag from /home/airflow/.local/lib/python3.12/site-packages/airflow/example_dags/example_datasets.py
[2026-08-06T05:47:47.189+0000] {processor.py:925} INFO - DAG(s) 'dataset_produces_2', 'dataset_produces_1', 'dataset_consumes_1_and_2', 'dataset_consumes_1', 'dataset_consumes_1_never_scheduled', 'consume_1_or_both_2_and_3_with_dataset_expressions', 'conditional_dataset_and_time_based_timetable', 'dataset_consumes_unknown_never_scheduled', 'consume_1_or_2_with_dataset_expressions', 'consume_1_and_2_with_dataset_expressions' retrieved from /home/airflow/.local/lib/python3.12/site-packages/airflow/example_dags/example_datasets.py
[2026-08-06T05:47:47.252+0000] {logging_mixin.py:190} INFO - [2026-08-06T05:47:47.252+0000] {dag.py:3239} INFO - Sync 10 DAGs
[2026-08-06T05:47:47.289+0000] {logging_mixin.py:190} INFO - [2026-08-06T05:47:47.288+0000] {dag.py:4180} INFO - Setting next_dagrun for conditional_dataset_and_time_based_timetable to 2026-08-05 01:00:00+00:00, run_after=2026-08-05 01:00:00+00:00
[2026-08-06T05:47:47.295+0000] {logging_mixin.py:190} INFO - [2026-08-06T05:47:47.295+0000] {dag.py:4180} INFO - Setting next_dagrun for consume_1_and_2_with_dataset_expressions to None, run_after=None
[2026-08-06T05:47:47.298+0000] {logging_mixin.py:190} INFO - [2026-08-06T05:47:47.298+0000] {dag.py:4180} INFO - Setting next_dagrun for consume_1_or_2_with_dataset_expressions to None, run_after=None
[2026-08-06T05:47:47.302+0000] {logging_mixin.py:190} INFO - [2026-08-06T05:47:47.302+0000] {dag.py:4180} INFO - Setting next_dagrun for consume_1_or_both_2_and_3_with_dataset_expressions to None, run_after=None
[2026-08-06T05:47:47.305+0000] {logging_mixin.py:190} INFO - [2026-08-06T05:47:47.305+0000] {dag.py:4180} INFO - Setting next_dagrun for dataset_consumes_1 to None, run_after=None
[2026-08-06T05:47:47.307+0000] {logging_mixin.py:190} INFO - [2026-08-06T05:47:47.307+0000] {dag.py:4180} INFO - Setting next_dagrun for dataset_consumes_1_and_2 to None, run_after=None
[2026-08-06T05:47:47.310+0000] {logging_mixin.py:190} INFO - [2026-08-06T05:47:47.309+0000] {dag.py:4180} INFO - Setting next_dagrun for dataset_consumes_1_never_scheduled to None, run_after=None
[2026-08-06T05:47:47.312+0000] {logging_mixin.py:190} INFO - [2026-08-06T05:47:47.312+0000] {dag.py:4180} INFO - Setting next_dagrun for dataset_consumes_unknown_never_scheduled to None, run_after=None
[2026-08-06T05:47:47.317+0000] {logging_mixin.py:190} INFO - [2026-08-06T05:47:47.317+0000] {dag.py:4180} INFO - Setting next_dagrun for dataset_produces_1 to 2026-08-05 00:00:00+00:00, run_after=2026-08-06 00:00:00+00:00
[2026-08-06T05:47:47.320+0000] {logging_mixin.py:190} INFO - [2026-08-06T05:47:47.320+0000] {dag.py:4180} INFO - Setting next_dagrun for dataset_produces_2 to None, run_after=None
[2026-08-06T05:47:47.376+0000] {processor.py:208} INFO - Processing /home/airflow/.local/lib/python3.12/site-packages/airflow/example_dags/example_datasets.py took 1.146 seconds
[2026-08-06T05:48:17.909+0000] {processor.py:186} INFO - Started process (PID=1517) to work on /home/airflow/.local/lib/python3.12/site-packages/airflow/example_dags/example_datasets.py
[2026-08-06T05:48:17.911+0000] {processor.py:914} INFO - Processing file /home/airflow/.local/lib/python3.12/site-packages/airflow/example_dags/example_datasets.py for tasks to queue
[2026-08-06T05:48:17.914+0000] {logging_mixin.py:190} INFO - [2026-08-06T05:48:17.914+0000] {dagbag.py:588} INFO - Filling up the DagBag from /home/airflow/.local/lib/python3.12/site-packages/airflow/example_dags/example_datasets.py
[2026-08-06T05:48:18.925+0000] {processor.py:925} INFO - DAG(s) 'dataset_consumes_1', 'consume_1_and_2_with_dataset_expressions', 'dataset_consumes_unknown_never_scheduled', 'dataset_consumes_1_and_2', 'dataset_produces_2', 'dataset_produces_1', 'consume_1_or_both_2_and_3_with_dataset_expressions', 'dataset_consumes_1_never_scheduled', 'consume_1_or_2_with_dataset_expressions', 'conditional_dataset_and_time_based_timetable' retrieved from /home/airflow/.local/lib/python3.12/site-packages/airflow/example_dags/example_datasets.py
[2026-08-06T05:48:18.996+0000] {logging_mixin.py:190} INFO - [2026-08-06T05:48:18.995+0000] {dag.py:3239} INFO - Sync 10 DAGs
[2026-08-06T05:48:19.035+0000] {logging_mixin.py:190} INFO - [2026-08-06T05:48:19.034+0000] {dag.py:4180} INFO - Setting next_dagrun for conditional_dataset_and_time_based_timetable to 2026-08-05 01:00:00+00:00, run_after=2026-08-05 01:00:00+00:00
[2026-08-06T05:48:19.040+0000] {logging_mixin.py:190} INFO - [2026-08-06T05:48:19.040+0000] {dag.py:4180} INFO - Setting next_dagrun for consume_1_and_2_with_dataset_expressions to None, run_after=None
[2026-08-06T05:48:19.043+0000] {logging_mixin.py:190} INFO - [2026-08-06T05:48:19.043+0000] {dag.py:4180} INFO - Setting next_dagrun for consume_1_or_2_with_dataset_expressions to None, run_after=None
[2026-08-06T05:48:19.045+0000] {logging_mixin.py:190} INFO - [2026-08-06T05:48:19.045+0000] {dag.py:4180} INFO - Setting next_dagrun for consume_1_or_both_2_and_3_with_dataset_expressions to None, run_after=None
[2026-08-06T05:48:19.048+0000] {logging_mixin.py:190} INFO - [2026-08-06T05:48:19.048+0000] {dag.py:4180} INFO - Setting next_dagrun for dataset_consumes_1 to None, run_after=None
[2026-08-06T05:48:19.050+0000] {logging_mixin.py:190} INFO - [2026-08-06T05:48:19.050+0000] {dag.py:4180} INFO - Setting next_dagrun for dataset_consumes_1_and_2 to None, run_after=None
[2026-08-06T05:48:19.052+0000] {logging_mixin.py:190} INFO - [2026-08-06T05:48:19.052+0000] {dag.py:4180} INFO - Setting next_dagrun for dataset_consumes_1_never_scheduled to None, run_after=None
[2026-08-06T05:48:19.055+0000] {logging_mixin.py:190} INFO - [2026-08-06T05:48:19.054+0000] {dag.py:4180} INFO - Setting next_dagrun for dataset_consumes_unknown_never_scheduled to None, run_after=None
[2026-08-06T05:48:19.058+0000] {logging_mixin.py:190} INFO - [2026-08-06T05:48:19.057+0000] {dag.py:4180} INFO - Setting next_dagrun for dataset_produces_1 to 2026-08-05 00:00:00+00:00, run_after=2026-08-06 00:00:00+00:00
[2026-08-06T05:48:19.059+0000] {logging_mixin.py:190} INFO - [2026-08-06T05:48:19.059+0000] {dag.py:4180} INFO - Setting next_dagrun for dataset_produces_2 to None, run_after=None
[2026-08-06T05:48:19.115+0000] {processor.py:208} INFO - Processing /home/airflow/.local/lib/python3.12/site-packages/airflow/example_dags/example_datasets.py took 1.216 seconds
[2026-08-06T05:48:49.324+0000] {processor.py:186} INFO - Started process (PID=1590) to work on /home/airflow/.local/lib/python3.12/site-packages/airflow/example_dags/example_datasets.py
[2026-08-06T05:48:49.327+0000] {processor.py:914} INFO - Processing file /home/airflow/.local/lib/python3.12/site-packages/airflow/example_dags/example_datasets.py for tasks to queue
[2026-08-06T05:48:49.334+0000] {logging_mixin.py:190} INFO - [2026-08-06T05:48:49.333+0000] {dagbag.py:588} INFO - Filling up the DagBag from /home/airflow/.local/lib/python3.12/site-packages/airflow/example_dags/example_datasets.py
[2026-08-06T05:48:50.671+0000] {processor.py:925} INFO - DAG(s) 'conditional_dataset_and_time_based_timetable', 'consume_1_or_both_2_and_3_with_dataset_expressions', 'dataset_consumes_1_never_scheduled', 'consume_1_or_2_with_dataset_expressions', 'dataset_consumes_1', 'consume_1_and_2_with_dataset_expressions', 'dataset_produces_1', 'dataset_produces_2', 'dataset_consumes_1_and_2', 'dataset_consumes_unknown_never_scheduled' retrieved from /home/airflow/.local/lib/python3.12/site-packages/airflow/example_dags/example_datasets.py
[2026-08-06T05:48:50.764+0000] {logging_mixin.py:190} INFO - [2026-08-06T05:48:50.763+0000] {dag.py:3239} INFO - Sync 10 DAGs
[2026-08-06T05:48:50.811+0000] {logging_mixin.py:190} INFO - [2026-08-06T05:48:50.810+0000] {dag.py:4180} INFO - Setting next_dagrun for conditional_dataset_and_time_based_timetable to 2026-08-05 01:00:00+00:00, run_after=2026-08-05 01:00:00+00:00
[2026-08-06T05:48:50.826+0000] {logging_mixin.py:190} INFO - [2026-08-06T05:48:50.826+0000] {dag.py:4180} INFO - Setting next_dagrun for consume_1_and_2_with_dataset_expressions to None, run_after=None
[2026-08-06T05:48:50.857+0000] {logging_mixin.py:190} INFO - [2026-08-06T05:48:50.856+0000] {dag.py:4180} INFO - Setting next_dagrun for consume_1_or_2_with_dataset_expressions to None, run_after=None
[2026-08-06T05:48:50.860+0000] {logging_mixin.py:190} INFO - [2026-08-06T05:48:50.860+0000] {dag.py:4180} INFO - Setting next_dagrun for consume_1_or_both_2_and_3_with_dataset_expressions to None, run_after=None
[2026-08-06T05:48:50.873+0000] {logging_mixin.py:190} INFO - [2026-08-06T05:48:50.872+0000] {dag.py:4180} INFO - Setting next_dagrun for dataset_consumes_1 to None, run_after=None
[2026-08-06T05:48:50.878+0000] {logging_mixin.py:190} INFO - [2026-08-06T05:48:50.877+0000] {dag.py:4180} INFO - Setting next_dagrun for dataset_consumes_1_and_2 to None, run_after=None
[2026-08-06T05:48:50.892+0000] {logging_mixin.py:190} INFO - [2026-08-06T05:48:50.892+0000] {dag.py:4180} INFO - Setting next_dagrun for dataset_consumes_1_never_scheduled to None, run_after=None
[2026-08-06T05:48:50.896+0000] {logging_mixin.py:190} INFO - [2026-08-06T05:48:50.896+0000] {dag.py:4180} INFO - Setting next_dagrun for dataset_consumes_unknown_never_scheduled to None, run_after=None
[2026-08-06T05:48:50.914+0000] {logging_mixin.py:190} INFO - [2026-08-06T05:48:50.913+0000] {dag.py:4180} INFO - Setting next_dagrun for dataset_produces_1 to 2026-08-05 00:00:00+00:00, run_after=2026-08-06 00:00:00+00:00
[2026-08-06T05:48:50.926+0000] {logging_mixin.py:190} INFO - [2026-08-06T05:48:50.926+0000] {dag.py:4180} INFO - Setting next_dagrun for dataset_produces_2 to None, run_after=None
[2026-08-06T05:48:51.014+0000] {processor.py:208} INFO - Processing /home/airflow/.local/lib/python3.12/site-packages/airflow/example_dags/example_datasets.py took 1.706 seconds
[2026-08-06T05:49:21.797+0000] {processor.py:186} INFO - Started process (PID=1661) to work on /home/airflow/.local/lib/python3.12/site-packages/airflow/example_dags/example_datasets.py
[2026-08-06T05:49:21.800+0000] {processor.py:914} INFO - Processing file /home/airflow/.local/lib/python3.12/site-packages/airflow/example_dags/example_datasets.py for tasks to queue
[2026-08-06T05:49:21.805+0000] {logging_mixin.py:190} INFO - [2026-08-06T05:49:21.804+0000] {dagbag.py:588} INFO - Filling up the DagBag from /home/airflow/.local/lib/python3.12/site-packages/airflow/example_dags/example_datasets.py
[2026-08-06T05:49:23.074+0000] {processor.py:925} INFO - DAG(s) 'conditional_dataset_and_time_based_timetable', 'dataset_consumes_1_and_2', 'dataset_consumes_1_never_scheduled', 'dataset_consumes_unknown_never_scheduled', 'consume_1_or_both_2_and_3_with_dataset_expressions', 'dataset_produces_1', 'dataset_produces_2', 'consume_1_and_2_with_dataset_expressions', 'dataset_consumes_1', 'consume_1_or_2_with_dataset_expressions' retrieved from /home/airflow/.local/lib/python3.12/site-packages/airflow/example_dags/example_datasets.py
[2026-08-06T05:49:23.144+0000] {logging_mixin.py:190} INFO - [2026-08-06T05:49:23.143+0000] {dag.py:3239} INFO - Sync 10 DAGs
[2026-08-06T05:49:23.202+0000] {logging_mixin.py:190} INFO - [2026-08-06T05:49:23.202+0000] {dag.py:4180} INFO - Setting next_dagrun for conditional_dataset_and_time_based_timetable to 2026-08-05 01:00:00+00:00, run_after=2026-08-05 01:00:00+00:00
[2026-08-06T05:49:23.225+0000] {logging_mixin.py:190} INFO - [2026-08-06T05:49:23.224+0000] {dag.py:4180} INFO - Setting next_dagrun for consume_1_and_2_with_dataset_expressions to None, run_after=None
[2026-08-06T05:49:23.230+0000] {logging_mixin.py:190} INFO - [2026-08-06T05:49:23.230+0000] {dag.py:4180} INFO - Setting next_dagrun for consume_1_or_2_with_dataset_expressions to None, run_after=None
[2026-08-06T05:49:23.234+0000] {logging_mixin.py:190} INFO - [2026-08-06T05:49:23.233+0000] {dag.py:4180} INFO - Setting next_dagrun for consume_1_or_both_2_and_3_with_dataset_expressions to None, run_after=None
[2026-08-06T05:49:23.237+0000] {logging_mixin.py:190} INFO - [2026-08-06T05:49:23.237+0000] {dag.py:4180} INFO - Setting next_dagrun for dataset_consumes_1 to None, run_after=None
[2026-08-06T05:49:23.240+0000] {logging_mixin.py:190} INFO - [2026-08-06T05:49:23.240+0000] {dag.py:4180} INFO - Setting next_dagrun for dataset_consumes_1_and_2 to None, run_after=None
[2026-08-06T05:49:23.243+0000] {logging_mixin.py:190} INFO - [2026-08-06T05:49:23.243+0000] {dag.py:4180} INFO - Setting next_dagrun for dataset_consumes_1_never_scheduled to None, run_after=None
[2026-08-06T05:49:23.251+0000] {logging_mixin.py:190} INFO - [2026-08-06T05:49:23.250+0000] {dag.py:4180} INFO - Setting next_dagrun for dataset_consumes_unknown_never_scheduled to None, run_after=None
[2026-08-06T05:49:23.257+0000] {logging_mixin.py:190} INFO - [2026-08-06T05:49:23.256+0000] {dag.py:4180} INFO - Setting next_dagrun for dataset_produces_1 to 2026-08-05 00:00:00+00:00, run_after=2026-08-06 00:00:00+00:00
[2026-08-06T05:49:23.273+0000] {logging_mixin.py:190} INFO - [2026-08-06T05:49:23.272+0000] {dag.py:4180} INFO - Setting next_dagrun for dataset_produces_2 to None, run_after=None
[2026-08-06T05:49:23.333+0000] {processor.py:208} INFO - Processing /home/airflow/.local/lib/python3.12/site-packages/airflow/example_dags/example_datasets.py took 1.550 seconds
[2026-08-06T05:49:53.966+0000] {processor.py:186} INFO - Started process (PID=1726) to work on /home/airflow/.local/lib/python3.12/site-packages/airflow/example_dags/example_datasets.py
[2026-08-06T05:49:53.968+0000] {processor.py:914} INFO - Processing file /home/airflow/.local/lib/python3.12/site-packages/airflow/example_dags/example_datasets.py for tasks to queue
[2026-08-06T05:49:53.971+0000] {logging_mixin.py:190} INFO - [2026-08-06T05:49:53.971+0000] {dagbag.py:588} INFO - Filling up the DagBag from /home/airflow/.local/lib/python3.12/site-packages/airflow/example_dags/example_datasets.py
[2026-08-06T05:49:55.053+0000] {processor.py:925} INFO - DAG(s) 'dataset_produces_2', 'consume_1_or_2_with_dataset_expressions', 'consume_1_or_both_2_and_3_with_dataset_expressions', 'dataset_consumes_1', 'consume_1_and_2_with_dataset_expressions', 'conditional_dataset_and_time_based_timetable', 'dataset_consumes_1_never_scheduled', 'dataset_consumes_1_and_2', 'dataset_consumes_unknown_never_scheduled', 'dataset_produces_1' retrieved from /home/airflow/.local/lib/python3.12/site-packages/airflow/example_dags/example_datasets.py
[2026-08-06T05:49:55.115+0000] {logging_mixin.py:190} INFO - [2026-08-06T05:49:55.114+0000] {dag.py:3239} INFO - Sync 10 DAGs
[2026-08-06T05:49:55.152+0000] {logging_mixin.py:190} INFO - [2026-08-06T05:49:55.152+0000] {dag.py:4180} INFO - Setting next_dagrun for conditional_dataset_and_time_based_timetable to 2026-08-05 01:00:00+00:00, run_after=2026-08-05 01:00:00+00:00
[2026-08-06T05:49:55.161+0000] {logging_mixin.py:190} INFO - [2026-08-06T05:49:55.161+0000] {dag.py:4180} INFO - Setting next_dagrun for consume_1_and_2_with_dataset_expressions to None, run_after=None
[2026-08-06T05:49:55.165+0000] {logging_mixin.py:190} INFO - [2026-08-06T05:49:55.164+0000] {dag.py:4180} INFO - Setting next_dagrun for consume_1_or_2_with_dataset_expressions to None, run_after=None
[2026-08-06T05:49:55.168+0000] {logging_mixin.py:190} INFO - [2026-08-06T05:49:55.168+0000] {dag.py:4180} INFO - Setting next_dagrun for consume_1_or_both_2_and_3_with_dataset_expressions to None, run_after=None
[2026-08-06T05:49:55.171+0000] {logging_mixin.py:190} INFO - [2026-08-06T05:49:55.171+0000] {dag.py:4180} INFO - Setting next_dagrun for dataset_consumes_1 to None, run_after=None
[2026-08-06T05:49:55.174+0000] {logging_mixin.py:190} INFO - [2026-08-06T05:49:55.174+0000] {dag.py:4180} INFO - Setting next_dagrun for dataset_consumes_1_and_2 to None, run_after=None
[2026-08-06T05:49:55.177+0000] {logging_mixin.py:190} INFO - [2026-08-06T05:49:55.177+0000] {dag.py:4180} INFO - Setting next_dagrun for dataset_consumes_1_never_scheduled to None, run_after=None
[2026-08-06T05:49:55.180+0000] {logging_mixin.py:190} INFO - [2026-08-06T05:49:55.179+0000] {dag.py:4180} INFO - Setting next_dagrun for dataset_consumes_unknown_never_scheduled to None, run_after=None
[2026-08-06T05:49:55.184+0000] {logging_mixin.py:190} INFO - [2026-08-06T05:49:55.184+0000] {dag.py:4180} INFO - Setting next_dagrun for dataset_produces_1 to 2026-08-05 00:00:00+00:00, run_after=2026-08-06 00:00:00+00:00
[2026-08-06T05:49:55.186+0000] {logging_mixin.py:190} INFO - [2026-08-06T05:49:55.186+0000] {dag.py:4180} INFO - Setting next_dagrun for dataset_produces_2 to None, run_after=None
[2026-08-06T05:49:55.273+0000] {processor.py:208} INFO - Processing /home/airflow/.local/lib/python3.12/site-packages/airflow/example_dags/example_datasets.py took 1.316 seconds
[2026-08-06T05:50:25.782+0000] {processor.py:186} INFO - Started process (PID=1796) to work on /home/airflow/.local/lib/python3.12/site-packages/airflow/example_dags/example_datasets.py
[2026-08-06T05:50:25.784+0000] {processor.py:914} INFO - Processing file /home/airflow/.local/lib/python3.12/site-packages/airflow/example_dags/example_datasets.py for tasks to queue
[2026-08-06T05:50:25.788+0000] {logging_mixin.py:190} INFO - [2026-08-06T05:50:25.787+0000] {dagbag.py:588} INFO - Filling up the DagBag from /home/airflow/.local/lib/python3.12/site-packages/airflow/example_dags/example_datasets.py
[2026-08-06T05:50:26.583+0000] {processor.py:925} INFO - DAG(s) 'dataset_consumes_1_and_2', 'consume_1_and_2_with_dataset_expressions', 'dataset_produces_1', 'conditional_dataset_and_time_based_timetable', 'consume_1_or_2_with_dataset_expressions', 'dataset_produces_2', 'dataset_consumes_unknown_never_scheduled', 'consume_1_or_both_2_and_3_with_dataset_expressions', 'dataset_consumes_1', 'dataset_consumes_1_never_scheduled' retrieved from /home/airflow/.local/lib/python3.12/site-packages/airflow/example_dags/example_datasets.py
[2026-08-06T05:50:26.640+0000] {logging_mixin.py:190} INFO - [2026-08-06T05:50:26.640+0000] {dag.py:3239} INFO - Sync 10 DAGs
[2026-08-06T05:50:26.678+0000] {logging_mixin.py:190} INFO - [2026-08-06T05:50:26.677+0000] {dag.py:4180} INFO - Setting next_dagrun for conditional_dataset_and_time_based_timetable to 2026-08-05 01:00:00+00:00, run_after=2026-08-05 01:00:00+00:00
[2026-08-06T05:50:26.683+0000] {logging_mixin.py:190} INFO - [2026-08-06T05:50:26.683+0000] {dag.py:4180} INFO - Setting next_dagrun for consume_1_and_2_with_dataset_expressions to None, run_after=None
[2026-08-06T05:50:26.686+0000] {logging_mixin.py:190} INFO - [2026-08-06T05:50:26.685+0000] {dag.py:4180} INFO - Setting next_dagrun for consume_1_or_2_with_dataset_expressions to None, run_after=None
[2026-08-06T05:50:26.687+0000] {logging_mixin.py:190} INFO - [2026-08-06T05:50:26.687+0000] {dag.py:4180} INFO - Setting next_dagrun for consume_1_or_both_2_and_3_with_dataset_expressions to None, run_after=None
[2026-08-06T05:50:26.689+0000] {logging_mixin.py:190} INFO - [2026-08-06T05:50:26.689+0000] {dag.py:4180} INFO - Setting next_dagrun for dataset_consumes_1 to None, run_after=None
[2026-08-06T05:50:26.691+0000] {logging_mixin.py:190} INFO - [2026-08-06T05:50:26.691+0000] {dag.py:4180} INFO - Setting next_dagrun for dataset_consumes_1_and_2 to None, run_after=None
[2026-08-06T05:50:26.693+0000] {logging_mixin.py:190} INFO - [2026-08-06T05:50:26.693+0000] {dag.py:4180} INFO - Setting next_dagrun for dataset_consumes_1_never_scheduled to None, run_after=None
[2026-08-06T05:50:26.695+0000] {logging_mixin.py:190} INFO - [2026-08-06T05:50:26.695+0000] {dag.py:4180} INFO - Setting next_dagrun for dataset_consumes_unknown_never_scheduled to None, run_after=None
[2026-08-06T05:50:26.699+0000] {logging_mixin.py:190} INFO - [2026-08-06T05:50:26.699+0000] {dag.py:4180} INFO - Setting next_dagrun for dataset_produces_1 to 2026-08-05 00:00:00+00:00, run_after=2026-08-06 00:00:00+00:00
[2026-08-06T05:50:26.701+0000] {logging_mixin.py:190} INFO - [2026-08-06T05:50:26.700+0000] {dag.py:4180} INFO - Setting next_dagrun for dataset_produces_2 to None, run_after=None
[2026-08-06T05:50:26.777+0000] {processor.py:208} INFO - Processing /home/airflow/.local/lib/python3.12/site-packages/airflow/example_dags/example_datasets.py took 1.001 seconds
[2026-08-06T05:50:57.268+0000] {processor.py:186} INFO - Started process (PID=1860) to work on /home/airflow/.local/lib/python3.12/site-packages/airflow/example_dags/example_datasets.py
[2026-08-06T05:50:57.270+0000] {processor.py:914} INFO - Processing file /home/airflow/.local/lib/python3.12/site-packages/airflow/example_dags/example_datasets.py for tasks to queue
[2026-08-06T05:50:57.274+0000] {logging_mixin.py:190} INFO - [2026-08-06T05:50:57.273+0000] {dagbag.py:588} INFO - Filling up the DagBag from /home/airflow/.local/lib/python3.12/site-packages/airflow/example_dags/example_datasets.py
[2026-08-06T05:50:58.226+0000] {processor.py:925} INFO - DAG(s) 'dataset_consumes_unknown_never_scheduled', 'conditional_dataset_and_time_based_timetable', 'dataset_consumes_1', 'dataset_consumes_1_and_2', 'consume_1_or_both_2_and_3_with_dataset_expressions', 'consume_1_and_2_with_dataset_expressions', 'dataset_produces_2', 'dataset_consumes_1_never_scheduled', 'consume_1_or_2_with_dataset_expressions', 'dataset_produces_1' retrieved from /home/airflow/.local/lib/python3.12/site-packages/airflow/example_dags/example_datasets.py
[2026-08-06T05:50:58.294+0000] {logging_mixin.py:190} INFO - [2026-08-06T05:50:58.293+0000] {dag.py:3239} INFO - Sync 10 DAGs
[2026-08-06T05:50:58.326+0000] {logging_mixin.py:190} INFO - [2026-08-06T05:50:58.326+0000] {dag.py:4180} INFO - Setting next_dagrun for conditional_dataset_and_time_based_timetable to 2026-08-05 01:00:00+00:00, run_after=2026-08-05 01:00:00+00:00
[2026-08-06T05:50:58.331+0000] {logging_mixin.py:190} INFO - [2026-08-06T05:50:58.331+0000] {dag.py:4180} INFO - Setting next_dagrun for consume_1_and_2_with_dataset_expressions to None, run_after=None
[2026-08-06T05:50:58.334+0000] {logging_mixin.py:190} INFO - [2026-08-06T05:50:58.333+0000] {dag.py:4180} INFO - Setting next_dagrun for consume_1_or_2_with_dataset_expressions to None, run_after=None
[2026-08-06T05:50:58.336+0000] {logging_mixin.py:190} INFO - [2026-08-06T05:50:58.336+0000] {dag.py:4180} INFO - Setting next_dagrun for consume_1_or_both_2_and_3_with_dataset_expressions to None, run_after=None
[2026-08-06T05:50:58.338+0000] {logging_mixin.py:190} INFO - [2026-08-06T05:50:58.338+0000] {dag.py:4180} INFO - Setting next_dagrun for dataset_consumes_1 to None, run_after=None
[2026-08-06T05:50:58.341+0000] {logging_mixin.py:190} INFO - [2026-08-06T05:50:58.340+0000] {dag.py:4180} INFO - Setting next_dagrun for dataset_consumes_1_and_2 to None, run_after=None
[2026-08-06T05:50:58.344+0000] {logging_mixin.py:190} INFO - [2026-08-06T05:50:58.344+0000] {dag.py:4180} INFO - Setting next_dagrun for dataset_consumes_1_never_scheduled to None, run_after=None
[2026-08-06T05:50:58.347+0000] {logging_mixin.py:190} INFO - [2026-08-06T05:50:58.347+0000] {dag.py:4180} INFO - Setting next_dagrun for dataset_consumes_unknown_never_scheduled to None, run_after=None
[2026-08-06T05:50:58.351+0000] {logging_mixin.py:190} INFO - [2026-08-06T05:50:58.351+0000] {dag.py:4180} INFO - Setting next_dagrun for dataset_produces_1 to 2026-08-05 00:00:00+00:00, run_after=2026-08-06 00:00:00+00:00
[2026-08-06T05:50:58.353+0000] {logging_mixin.py:190} INFO - [2026-08-06T05:50:58.353+0000] {dag.py:4180} INFO - Setting next_dagrun for dataset_produces_2 to None, run_after=None
[2026-08-06T05:50:58.402+0000] {processor.py:208} INFO - Processing /home/airflow/.local/lib/python3.12/site-packages/airflow/example_dags/example_datasets.py took 1.143 seconds
[2026-08-06T05:51:29.201+0000] {processor.py:186} INFO - Started process (PID=1924) to work on /home/airflow/.local/lib/python3.12/site-packages/airflow/example_dags/example_datasets.py
[2026-08-06T05:51:29.204+0000] {processor.py:914} INFO - Processing file /home/airflow/.local/lib/python3.12/site-packages/airflow/example_dags/example_datasets.py for tasks to queue
[2026-08-06T05:51:29.208+0000] {logging_mixin.py:190} INFO - [2026-08-06T05:51:29.208+0000] {dagbag.py:588} INFO - Filling up the DagBag from /home/airflow/.local/lib/python3.12/site-packages/airflow/example_dags/example_datasets.py
[2026-08-06T05:51:30.288+0000] {processor.py:925} INFO - DAG(s) 'dataset_consumes_1_never_scheduled', 'consume_1_or_both_2_and_3_with_dataset_expressions', 'dataset_consumes_unknown_never_scheduled', 'dataset_consumes_1_and_2', 'consume_1_and_2_with_dataset_expressions', 'dataset_produces_2', 'conditional_dataset_and_time_based_timetable', 'dataset_consumes_1', 'consume_1_or_2_with_dataset_expressions', 'dataset_produces_1' retrieved from /home/airflow/.local/lib/python3.12/site-packages/airflow/example_dags/example_datasets.py
[2026-08-06T05:51:30.368+0000] {logging_mixin.py:190} INFO - [2026-08-06T05:51:30.368+0000] {dag.py:3239} INFO - Sync 10 DAGs
[2026-08-06T05:51:30.412+0000] {logging_mixin.py:190} INFO - [2026-08-06T05:51:30.411+0000] {dag.py:4180} INFO - Setting next_dagrun for conditional_dataset_and_time_based_timetable to 2026-08-05 01:00:00+00:00, run_after=2026-08-05 01:00:00+00:00
[2026-08-06T05:51:30.421+0000] {logging_mixin.py:190} INFO - [2026-08-06T05:51:30.420+0000] {dag.py:4180} INFO - Setting next_dagrun for consume_1_and_2_with_dataset_expressions to None, run_after=None
[2026-08-06T05:51:30.427+0000] {logging_mixin.py:190} INFO - [2026-08-06T05:51:30.426+0000] {dag.py:4180} INFO - Setting next_dagrun for consume_1_or_2_with_dataset_expressions to None, run_after=None
[2026-08-06T05:51:30.430+0000] {logging_mixin.py:190} INFO - [2026-08-06T05:51:30.429+0000] {dag.py:4180} INFO - Setting next_dagrun for consume_1_or_both_2_and_3_with_dataset_expressions to None, run_after=None
[2026-08-06T05:51:30.433+0000] {logging_mixin.py:190} INFO - [2026-08-06T05:51:30.432+0000] {dag.py:4180} INFO - Setting next_dagrun for dataset_consumes_1 to None, run_after=None
[2026-08-06T05:51:30.436+0000] {logging_mixin.py:190} INFO - [2026-08-06T05:51:30.435+0000] {dag.py:4180} INFO - Setting next_dagrun for dataset_consumes_1_and_2 to None, run_after=None
[2026-08-06T05:51:30.439+0000] {logging_mixin.py:190} INFO - [2026-08-06T05:51:30.439+0000] {dag.py:4180} INFO - Setting next_dagrun for dataset_consumes_1_never_scheduled to None, run_after=None
[2026-08-06T05:51:30.442+0000] {logging_mixin.py:190} INFO - [2026-08-06T05:51:30.442+0000] {dag.py:4180} INFO - Setting next_dagrun for dataset_consumes_unknown_never_scheduled to None, run_after=None
[2026-08-06T05:51:30.447+0000] {logging_mixin.py:190} INFO - [2026-08-06T05:51:30.447+0000] {dag.py:4180} INFO - Setting next_dagrun for dataset_produces_1 to 2026-08-05 00:00:00+00:00, run_after=2026-08-06 00:00:00+00:00
[2026-08-06T05:51:30.450+0000] {logging_mixin.py:190} INFO - [2026-08-06T05:51:30.450+0000] {dag.py:4180} INFO - Setting next_dagrun for dataset_produces_2 to None, run_after=None
[2026-08-06T05:51:30.512+0000] {processor.py:208} INFO - Processing /home/airflow/.local/lib/python3.12/site-packages/airflow/example_dags/example_datasets.py took 1.327 seconds
[2026-08-06T05:52:00.780+0000] {processor.py:186} INFO - Started process (PID=1988) to work on /home/airflow/.local/lib/python3.12/site-packages/airflow/example_dags/example_datasets.py
[2026-08-06T05:52:00.784+0000] {processor.py:914} INFO - Processing file /home/airflow/.local/lib/python3.12/site-packages/airflow/example_dags/example_datasets.py for tasks to queue
[2026-08-06T05:52:00.791+0000] {logging_mixin.py:190} INFO - [2026-08-06T05:52:00.790+0000] {dagbag.py:588} INFO - Filling up the DagBag from /home/airflow/.local/lib/python3.12/site-packages/airflow/example_dags/example_datasets.py
[2026-08-06T05:52:01.699+0000] {processor.py:925} INFO - DAG(s) 'dataset_produces_2', 'dataset_consumes_1', 'consume_1_and_2_with_dataset_expressions', 'dataset_produces_1', 'conditional_dataset_and_time_based_timetable', 'dataset_consumes_1_and_2', 'consume_1_or_2_with_dataset_expressions', 'dataset_consumes_1_never_scheduled', 'consume_1_or_both_2_and_3_with_dataset_expressions', 'dataset_consumes_unknown_never_scheduled' retrieved from /home/airflow/.local/lib/python3.12/site-packages/airflow/example_dags/example_datasets.py
[2026-08-06T05:52:01.762+0000] {logging_mixin.py:190} INFO - [2026-08-06T05:52:01.761+0000] {dag.py:3239} INFO - Sync 10 DAGs
[2026-08-06T05:52:01.793+0000] {logging_mixin.py:190} INFO - [2026-08-06T05:52:01.793+0000] {dag.py:4180} INFO - Setting next_dagrun for conditional_dataset_and_time_based_timetable to 2026-08-05 01:00:00+00:00, run_after=2026-08-05 01:00:00+00:00
[2026-08-06T05:52:01.799+0000] {logging_mixin.py:190} INFO - [2026-08-06T05:52:01.799+0000] {dag.py:4180} INFO - Setting next_dagrun for consume_1_and_2_with_dataset_expressions to None, run_after=None
[2026-08-06T05:52:01.801+0000] {logging_mixin.py:190} INFO - [2026-08-06T05:52:01.801+0000] {dag.py:4180} INFO - Setting next_dagrun for consume_1_or_2_with_dataset_expressions to None, run_after=None
[2026-08-06T05:52:01.806+0000] {logging_mixin.py:190} INFO - [2026-08-06T05:52:01.803+0000] {dag.py:4180} INFO - Setting next_dagrun for consume_1_or_both_2_and_3_with_dataset_expressions to None, run_after=None
[2026-08-06T05:52:01.808+0000] {logging_mixin.py:190} INFO - [2026-08-06T05:52:01.808+0000] {dag.py:4180} INFO - Setting next_dagrun for dataset_consumes_1 to None, run_after=None
[2026-08-06T05:52:01.811+0000] {logging_mixin.py:190} INFO - [2026-08-06T05:52:01.811+0000] {dag.py:4180} INFO - Setting next_dagrun for dataset_consumes_1_and_2 to None, run_after=None
[2026-08-06T05:52:01.813+0000] {logging_mixin.py:190} INFO - [2026-08-06T05:52:01.813+0000] {dag.py:4180} INFO - Setting next_dagrun for dataset_consumes_1_never_scheduled to None, run_after=None
[2026-08-06T05:52:01.815+0000] {logging_mixin.py:190} INFO - [2026-08-06T05:52:01.814+0000] {dag.py:4180} INFO - Setting next_dagrun for dataset_consumes_unknown_never_scheduled to None, run_after=None
[2026-08-06T05:52:01.818+0000] {logging_mixin.py:190} INFO - [2026-08-06T05:52:01.818+0000] {dag.py:4180} INFO - Setting next_dagrun for dataset_produces_1 to 2026-08-05 00:00:00+00:00, run_after=2026-08-06 00:00:00+00:00
[2026-08-06T05:52:01.820+0000] {logging_mixin.py:190} INFO - [2026-08-06T05:52:01.820+0000] {dag.py:4180} INFO - Setting next_dagrun for dataset_produces_2 to None, run_after=None
[2026-08-06T05:52:01.911+0000] {processor.py:208} INFO - Processing /home/airflow/.local/lib/python3.12/site-packages/airflow/example_dags/example_datasets.py took 1.146 seconds
[2026-08-06T05:52:32.561+0000] {processor.py:186} INFO - Started process (PID=2052) to work on /home/airflow/.local/lib/python3.12/site-packages/airflow/example_dags/example_datasets.py
[2026-08-06T05:52:32.563+0000] {processor.py:914} INFO - Processing file /home/airflow/.local/lib/python3.12/site-packages/airflow/example_dags/example_datasets.py for tasks to queue
[2026-08-06T05:52:32.568+0000] {logging_mixin.py:190} INFO - [2026-08-06T05:52:32.567+0000] {dagbag.py:588} INFO - Filling up the DagBag from /home/airflow/.local/lib/python3.12/site-packages/airflow/example_dags/example_datasets.py
[2026-08-06T05:52:33.550+0000] {processor.py:925} INFO - DAG(s) 'dataset_produces_2', 'conditional_dataset_and_time_based_timetable', 'dataset_consumes_unknown_never_scheduled', 'dataset_consumes_1', 'dataset_consumes_1_never_scheduled', 'consume_1_and_2_with_dataset_expressions', 'dataset_produces_1', 'consume_1_or_2_with_dataset_expressions', 'dataset_consumes_1_and_2', 'consume_1_or_both_2_and_3_with_dataset_expressions' retrieved from /home/airflow/.local/lib/python3.12/site-packages/airflow/example_dags/example_datasets.py
[2026-08-06T05:52:33.722+0000] {logging_mixin.py:190} INFO - [2026-08-06T05:52:33.721+0000] {dag.py:3239} INFO - Sync 10 DAGs
[2026-08-06T05:52:33.790+0000] {logging_mixin.py:190} INFO - [2026-08-06T05:52:33.789+0000] {dag.py:4180} INFO - Setting next_dagrun for conditional_dataset_and_time_based_timetable to 2026-08-05 01:00:00+00:00, run_after=2026-08-05 01:00:00+00:00
[2026-08-06T05:52:33.797+0000] {logging_mixin.py:190} INFO - [2026-08-06T05:52:33.796+0000] {dag.py:4180} INFO - Setting next_dagrun for consume_1_and_2_with_dataset_expressions to None, run_after=None
[2026-08-06T05:52:33.801+0000] {logging_mixin.py:190} INFO - [2026-08-06T05:52:33.800+0000] {dag.py:4180} INFO - Setting next_dagrun for consume_1_or_2_with_dataset_expressions to None, run_after=None
[2026-08-06T05:52:33.804+0000] {logging_mixin.py:190} INFO - [2026-08-06T05:52:33.803+0000] {dag.py:4180} INFO - Setting next_dagrun for consume_1_or_both_2_and_3_with_dataset_expressions to None, run_after=None
[2026-08-06T05:52:33.807+0000] {logging_mixin.py:190} INFO - [2026-08-06T05:52:33.807+0000] {dag.py:4180} INFO - Setting next_dagrun for dataset_consumes_1 to None, run_after=None
[2026-08-06T05:52:33.809+0000] {logging_mixin.py:190} INFO - [2026-08-06T05:52:33.809+0000] {dag.py:4180} INFO - Setting next_dagrun for dataset_consumes_1_and_2 to None, run_after=None
[2026-08-06T05:52:33.812+0000] {logging_mixin.py:190} INFO - [2026-08-06T05:52:33.812+0000] {dag.py:4180} INFO - Setting next_dagrun for dataset_consumes_1_never_scheduled to None, run_after=None
[2026-08-06T05:52:33.815+0000] {logging_mixin.py:190} INFO - [2026-08-06T05:52:33.815+0000] {dag.py:4180} INFO - Setting next_dagrun for dataset_consumes_unknown_never_scheduled to None, run_after=None
[2026-08-06T05:52:33.824+0000] {logging_mixin.py:190} INFO - [2026-08-06T05:52:33.823+0000] {dag.py:4180} INFO - Setting next_dagrun for dataset_produces_1 to 2026-08-05 00:00:00+00:00, run_after=2026-08-06 00:00:00+00:00
[2026-08-06T05:52:33.828+0000] {logging_mixin.py:190} INFO - [2026-08-06T05:52:33.828+0000] {dag.py:4180} INFO - Setting next_dagrun for dataset_produces_2 to None, run_after=None
[2026-08-06T05:52:33.931+0000] {processor.py:208} INFO - Processing /home/airflow/.local/lib/python3.12/site-packages/airflow/example_dags/example_datasets.py took 1.382 seconds
[2026-08-06T05:53:04.160+0000] {processor.py:186} INFO - Started process (PID=2116) to work on /home/airflow/.local/lib/python3.12/site-packages/airflow/example_dags/example_datasets.py
[2026-08-06T05:53:04.164+0000] {processor.py:914} INFO - Processing file /home/airflow/.local/lib/python3.12/site-packages/airflow/example_dags/example_datasets.py for tasks to queue
[2026-08-06T05:53:04.170+0000] {logging_mixin.py:190} INFO - [2026-08-06T05:53:04.169+0000] {dagbag.py:588} INFO - Filling up the DagBag from /home/airflow/.local/lib/python3.12/site-packages/airflow/example_dags/example_datasets.py
[2026-08-06T05:53:05.107+0000] {processor.py:925} INFO - DAG(s) 'consume_1_and_2_with_dataset_expressions', 'dataset_consumes_unknown_never_scheduled', 'dataset_produces_1', 'dataset_consumes_1_and_2', 'consume_1_or_both_2_and_3_with_dataset_expressions', 'consume_1_or_2_with_dataset_expressions', 'dataset_consumes_1_never_scheduled', 'dataset_produces_2', 'dataset_consumes_1', 'conditional_dataset_and_time_based_timetable' retrieved from /home/airflow/.local/lib/python3.12/site-packages/airflow/example_dags/example_datasets.py
[2026-08-06T05:53:05.197+0000] {logging_mixin.py:190} INFO - [2026-08-06T05:53:05.197+0000] {dag.py:3239} INFO - Sync 10 DAGs
[2026-08-06T05:53:05.235+0000] {logging_mixin.py:190} INFO - [2026-08-06T05:53:05.235+0000] {dag.py:4180} INFO - Setting next_dagrun for conditional_dataset_and_time_based_timetable to 2026-08-05 01:00:00+00:00, run_after=2026-08-05 01:00:00+00:00
[2026-08-06T05:53:05.241+0000] {logging_mixin.py:190} INFO - [2026-08-06T05:53:05.240+0000] {dag.py:4180} INFO - Setting next_dagrun for consume_1_and_2_with_dataset_expressions to None, run_after=None
[2026-08-06T05:53:05.243+0000] {logging_mixin.py:190} INFO - [2026-08-06T05:53:05.243+0000] {dag.py:4180} INFO - Setting next_dagrun for consume_1_or_2_with_dataset_expressions to None, run_after=None
[2026-08-06T05:53:05.246+0000] {logging_mixin.py:190} INFO - [2026-08-06T05:53:05.245+0000] {dag.py:4180} INFO - Setting next_dagrun for consume_1_or_both_2_and_3_with_dataset_expressions to None, run_after=None
[2026-08-06T05:53:05.248+0000] {logging_mixin.py:190} INFO - [2026-08-06T05:53:05.247+0000] {dag.py:4180} INFO - Setting next_dagrun for dataset_consumes_1 to None, run_after=None
[2026-08-06T05:53:05.250+0000] {logging_mixin.py:190} INFO - [2026-08-06T05:53:05.250+0000] {dag.py:4180} INFO - Setting next_dagrun for dataset_consumes_1_and_2 to None, run_after=None
[2026-08-06T05:53:05.253+0000] {logging_mixin.py:190} INFO - [2026-08-06T05:53:05.252+0000] {dag.py:4180} INFO - Setting next_dagrun for dataset_consumes_1_never_scheduled to None, run_after=None
[2026-08-06T05:53:05.255+0000] {logging_mixin.py:190} INFO - [2026-08-06T05:53:05.254+0000] {dag.py:4180} INFO - Setting next_dagrun for dataset_consumes_unknown_never_scheduled to None, run_after=None
[2026-08-06T05:53:05.259+0000] {logging_mixin.py:190} INFO - [2026-08-06T05:53:05.259+0000] {dag.py:4180} INFO - Setting next_dagrun for dataset_produces_1 to 2026-08-05 00:00:00+00:00, run_after=2026-08-06 00:00:00+00:00
[2026-08-06T05:53:05.261+0000] {logging_mixin.py:190} INFO - [2026-08-06T05:53:05.261+0000] {dag.py:4180} INFO - Setting next_dagrun for dataset_produces_2 to None, run_after=None
[2026-08-06T05:53:05.337+0000] {processor.py:208} INFO - Processing /home/airflow/.local/lib/python3.12/site-packages/airflow/example_dags/example_datasets.py took 1.191 seconds
[2026-08-06T05:53:36.085+0000] {processor.py:186} INFO - Started process (PID=2180) to work on /home/airflow/.local/lib/python3.12/site-packages/airflow/example_dags/example_datasets.py
[2026-08-06T05:53:36.087+0000] {processor.py:914} INFO - Processing file /home/airflow/.local/lib/python3.12/site-packages/airflow/example_dags/example_datasets.py for tasks to queue
[2026-08-06T05:53:36.091+0000] {logging_mixin.py:190} INFO - [2026-08-06T05:53:36.090+0000] {dagbag.py:588} INFO - Filling up the DagBag from /home/airflow/.local/lib/python3.12/site-packages/airflow/example_dags/example_datasets.py
[2026-08-06T05:53:37.208+0000] {processor.py:925} INFO - DAG(s) 'consume_1_or_2_with_dataset_expressions', 'dataset_consumes_unknown_never_scheduled', 'consume_1_or_both_2_and_3_with_dataset_expressions', 'dataset_consumes_1', 'conditional_dataset_and_time_based_timetable', 'dataset_produces_2', 'dataset_consumes_1_and_2', 'dataset_consumes_1_never_scheduled', 'consume_1_and_2_with_dataset_expressions', 'dataset_produces_1' retrieved from /home/airflow/.local/lib/python3.12/site-packages/airflow/example_dags/example_datasets.py
[2026-08-06T05:53:37.297+0000] {logging_mixin.py:190} INFO - [2026-08-06T05:53:37.296+0000] {dag.py:3239} INFO - Sync 10 DAGs
[2026-08-06T05:53:37.343+0000] {logging_mixin.py:190} INFO - [2026-08-06T05:53:37.343+0000] {dag.py:4180} INFO - Setting next_dagrun for conditional_dataset_and_time_based_timetable to 2026-08-05 01:00:00+00:00, run_after=2026-08-05 01:00:00+00:00
[2026-08-06T05:53:37.353+0000] {logging_mixin.py:190} INFO - [2026-08-06T05:53:37.352+0000] {dag.py:4180} INFO - Setting next_dagrun for consume_1_and_2_with_dataset_expressions to None, run_after=None
[2026-08-06T05:53:37.357+0000] {logging_mixin.py:190} INFO - [2026-08-06T05:53:37.356+0000] {dag.py:4180} INFO - Setting next_dagrun for consume_1_or_2_with_dataset_expressions to None, run_after=None
[2026-08-06T05:53:37.360+0000] {logging_mixin.py:190} INFO - [2026-08-06T05:53:37.360+0000] {dag.py:4180} INFO - Setting next_dagrun for consume_1_or_both_2_and_3_with_dataset_expressions to None, run_after=None
[2026-08-06T05:53:37.362+0000] {logging_mixin.py:190} INFO - [2026-08-06T05:53:37.362+0000] {dag.py:4180} INFO - Setting next_dagrun for dataset_consumes_1 to None, run_after=None
[2026-08-06T05:53:37.367+0000] {logging_mixin.py:190} INFO - [2026-08-06T05:53:37.367+0000] {dag.py:4180} INFO - Setting next_dagrun for dataset_consumes_1_and_2 to None, run_after=None
[2026-08-06T05:53:37.372+0000] {logging_mixin.py:190} INFO - [2026-08-06T05:53:37.371+0000] {dag.py:4180} INFO - Setting next_dagrun for dataset_consumes_1_never_scheduled to None, run_after=None
[2026-08-06T05:53:37.375+0000] {logging_mixin.py:190} INFO - [2026-08-06T05:53:37.375+0000] {dag.py:4180} INFO - Setting next_dagrun for dataset_consumes_unknown_never_scheduled to None, run_after=None
[2026-08-06T05:53:37.378+0000] {logging_mixin.py:190} INFO - [2026-08-06T05:53:37.378+0000] {dag.py:4180} INFO - Setting next_dagrun for dataset_produces_1 to 2026-08-05 00:00:00+00:00, run_after=2026-08-06 00:00:00+00:00
[2026-08-06T05:53:37.382+0000] {logging_mixin.py:190} INFO - [2026-08-06T05:53:37.381+0000] {dag.py:4180} INFO - Setting next_dagrun for dataset_produces_2 to None, run_after=None
[2026-08-06T05:53:37.492+0000] {processor.py:208} INFO - Processing /home/airflow/.local/lib/python3.12/site-packages/airflow/example_dags/example_datasets.py took 1.418 seconds
[2026-08-06T05:54:09.078+0000] {processor.py:186} INFO - Started process (PID=2253) to work on /home/airflow/.local/lib/python3.12/site-packages/airflow/example_dags/example_datasets.py
[2026-08-06T05:54:09.089+0000] {processor.py:914} INFO - Processing file /home/airflow/.local/lib/python3.12/site-packages/airflow/example_dags/example_datasets.py for tasks to queue
[2026-08-06T05:54:09.152+0000] {logging_mixin.py:190} INFO - [2026-08-06T05:54:09.151+0000] {dagbag.py:588} INFO - Filling up the DagBag from /home/airflow/.local/lib/python3.12/site-packages/airflow/example_dags/example_datasets.py
[2026-08-06T05:54:10.244+0000] {processor.py:925} INFO - DAG(s) 'consume_1_or_both_2_and_3_with_dataset_expressions', 'conditional_dataset_and_time_based_timetable', 'consume_1_or_2_with_dataset_expressions', 'dataset_consumes_1_never_scheduled', 'dataset_consumes_1', 'dataset_consumes_1_and_2', 'dataset_produces_1', 'consume_1_and_2_with_dataset_expressions', 'dataset_consumes_unknown_never_scheduled', 'dataset_produces_2' retrieved from /home/airflow/.local/lib/python3.12/site-packages/airflow/example_dags/example_datasets.py
[2026-08-06T05:54:10.314+0000] {logging_mixin.py:190} INFO - [2026-08-06T05:54:10.314+0000] {dag.py:3239} INFO - Sync 10 DAGs
[2026-08-06T05:54:10.347+0000] {logging_mixin.py:190} INFO - [2026-08-06T05:54:10.346+0000] {dag.py:4180} INFO - Setting next_dagrun for conditional_dataset_and_time_based_timetable to 2026-08-05 01:00:00+00:00, run_after=2026-08-05 01:00:00+00:00
[2026-08-06T05:54:10.353+0000] {logging_mixin.py:190} INFO - [2026-08-06T05:54:10.352+0000] {dag.py:4180} INFO - Setting next_dagrun for consume_1_and_2_with_dataset_expressions to None, run_after=None
[2026-08-06T05:54:10.355+0000] {logging_mixin.py:190} INFO - [2026-08-06T05:54:10.355+0000] {dag.py:4180} INFO - Setting next_dagrun for consume_1_or_2_with_dataset_expressions to None, run_after=None
[2026-08-06T05:54:10.357+0000] {logging_mixin.py:190} INFO - [2026-08-06T05:54:10.357+0000] {dag.py:4180} INFO - Setting next_dagrun for consume_1_or_both_2_and_3_with_dataset_expressions to None, run_after=None
[2026-08-06T05:54:10.359+0000] {logging_mixin.py:190} INFO - [2026-08-06T05:54:10.359+0000] {dag.py:4180} INFO - Setting next_dagrun for dataset_consumes_1 to None, run_after=None
[2026-08-06T05:54:10.362+0000] {logging_mixin.py:190} INFO - [2026-08-06T05:54:10.361+0000] {dag.py:4180} INFO - Setting next_dagrun for dataset_consumes_1_and_2 to None, run_after=None
[2026-08-06T05:54:10.364+0000] {logging_mixin.py:190} INFO - [2026-08-06T05:54:10.364+0000] {dag.py:4180} INFO - Setting next_dagrun for dataset_consumes_1_never_scheduled to None, run_after=None
[2026-08-06T05:54:10.366+0000] {logging_mixin.py:190} INFO - [2026-08-06T05:54:10.366+0000] {dag.py:4180} INFO - Setting next_dagrun for dataset_consumes_unknown_never_scheduled to None, run_after=None
[2026-08-06T05:54:10.370+0000] {logging_mixin.py:190} INFO - [2026-08-06T05:54:10.369+0000] {dag.py:4180} INFO - Setting next_dagrun for dataset_produces_1 to 2026-08-05 00:00:00+00:00, run_after=2026-08-06 00:00:00+00:00
[2026-08-06T05:54:10.372+0000] {logging_mixin.py:190} INFO - [2026-08-06T05:54:10.372+0000] {dag.py:4180} INFO - Setting next_dagrun for dataset_produces_2 to None, run_after=None
[2026-08-06T05:54:10.475+0000] {processor.py:208} INFO - Processing /home/airflow/.local/lib/python3.12/site-packages/airflow/example_dags/example_datasets.py took 1.409 seconds
[2026-08-06T05:54:41.192+0000] {processor.py:186} INFO - Started process (PID=2317) to work on /home/airflow/.local/lib/python3.12/site-packages/airflow/example_dags/example_datasets.py
[2026-08-06T05:54:41.197+0000] {processor.py:914} INFO - Processing file /home/airflow/.local/lib/python3.12/site-packages/airflow/example_dags/example_datasets.py for tasks to queue
[2026-08-06T05:54:41.203+0000] {logging_mixin.py:190} INFO - [2026-08-06T05:54:41.202+0000] {dagbag.py:588} INFO - Filling up the DagBag from /home/airflow/.local/lib/python3.12/site-packages/airflow/example_dags/example_datasets.py
[2026-08-06T05:54:42.218+0000] {processor.py:925} INFO - DAG(s) 'dataset_consumes_1', 'consume_1_or_both_2_and_3_with_dataset_expressions', 'conditional_dataset_and_time_based_timetable', 'dataset_consumes_unknown_never_scheduled', 'dataset_consumes_1_and_2', 'dataset_produces_2', 'dataset_consumes_1_never_scheduled', 'consume_1_or_2_with_dataset_expressions', 'consume_1_and_2_with_dataset_expressions', 'dataset_produces_1' retrieved from /home/airflow/.local/lib/python3.12/site-packages/airflow/example_dags/example_datasets.py
[2026-08-06T05:54:42.290+0000] {logging_mixin.py:190} INFO - [2026-08-06T05:54:42.290+0000] {dag.py:3239} INFO - Sync 10 DAGs
[2026-08-06T05:54:42.328+0000] {logging_mixin.py:190} INFO - [2026-08-06T05:54:42.328+0000] {dag.py:4180} INFO - Setting next_dagrun for conditional_dataset_and_time_based_timetable to 2026-08-05 01:00:00+00:00, run_after=2026-08-05 01:00:00+00:00
[2026-08-06T05:54:42.334+0000] {logging_mixin.py:190} INFO - [2026-08-06T05:54:42.334+0000] {dag.py:4180} INFO - Setting next_dagrun for consume_1_and_2_with_dataset_expressions to None, run_after=None
[2026-08-06T05:54:42.341+0000] {logging_mixin.py:190} INFO - [2026-08-06T05:54:42.341+0000] {dag.py:4180} INFO - Setting next_dagrun for consume_1_or_2_with_dataset_expressions to None, run_after=None
[2026-08-06T05:54:42.348+0000] {logging_mixin.py:190} INFO - [2026-08-06T05:54:42.347+0000] {dag.py:4180} INFO - Setting next_dagrun for consume_1_or_both_2_and_3_with_dataset_expressions to None, run_after=None
[2026-08-06T05:54:42.354+0000] {logging_mixin.py:190} INFO - [2026-08-06T05:54:42.353+0000] {dag.py:4180} INFO - Setting next_dagrun for dataset_consumes_1 to None, run_after=None
[2026-08-06T05:54:42.357+0000] {logging_mixin.py:190} INFO - [2026-08-06T05:54:42.357+0000] {dag.py:4180} INFO - Setting next_dagrun for dataset_consumes_1_and_2 to None, run_after=None
[2026-08-06T05:54:42.363+0000] {logging_mixin.py:190} INFO - [2026-08-06T05:54:42.362+0000] {dag.py:4180} INFO - Setting next_dagrun for dataset_consumes_1_never_scheduled to None, run_after=None
[2026-08-06T05:54:42.367+0000] {logging_mixin.py:190} INFO - [2026-08-06T05:54:42.366+0000] {dag.py:4180} INFO - Setting next_dagrun for dataset_consumes_unknown_never_scheduled to None, run_after=None
[2026-08-06T05:54:42.373+0000] {logging_mixin.py:190} INFO - [2026-08-06T05:54:42.372+0000] {dag.py:4180} INFO - Setting next_dagrun for dataset_produces_1 to 2026-08-05 00:00:00+00:00, run_after=2026-08-06 00:00:00+00:00
[2026-08-06T05:54:42.376+0000] {logging_mixin.py:190} INFO - [2026-08-06T05:54:42.375+0000] {dag.py:4180} INFO - Setting next_dagrun for dataset_produces_2 to None, run_after=None
[2026-08-06T05:54:42.457+0000] {processor.py:208} INFO - Processing /home/airflow/.local/lib/python3.12/site-packages/airflow/example_dags/example_datasets.py took 1.277 seconds
[2026-08-06T05:55:13.115+0000] {processor.py:186} INFO - Started process (PID=2382) to work on /home/airflow/.local/lib/python3.12/site-packages/airflow/example_dags/example_datasets.py
[2026-08-06T05:55:13.117+0000] {processor.py:914} INFO - Processing file /home/airflow/.local/lib/python3.12/site-packages/airflow/example_dags/example_datasets.py for tasks to queue
[2026-08-06T05:55:13.122+0000] {logging_mixin.py:190} INFO - [2026-08-06T05:55:13.121+0000] {dagbag.py:588} INFO - Filling up the DagBag from /home/airflow/.local/lib/python3.12/site-packages/airflow/example_dags/example_datasets.py
[2026-08-06T05:55:14.175+0000] {processor.py:925} INFO - DAG(s) 'dataset_produces_2', 'conditional_dataset_and_time_based_timetable', 'consume_1_or_2_with_dataset_expressions', 'dataset_produces_1', 'dataset_consumes_1_and_2', 'dataset_consumes_1_never_scheduled', 'dataset_consumes_unknown_never_scheduled', 'dataset_consumes_1', 'consume_1_and_2_with_dataset_expressions', 'consume_1_or_both_2_and_3_with_dataset_expressions' retrieved from /home/airflow/.local/lib/python3.12/site-packages/airflow/example_dags/example_datasets.py
[2026-08-06T05:55:14.244+0000] {logging_mixin.py:190} INFO - [2026-08-06T05:55:14.244+0000] {dag.py:3239} INFO - Sync 10 DAGs
[2026-08-06T05:55:14.306+0000] {logging_mixin.py:190} INFO - [2026-08-06T05:55:14.305+0000] {dag.py:4180} INFO - Setting next_dagrun for conditional_dataset_and_time_based_timetable to 2026-08-05 01:00:00+00:00, run_after=2026-08-05 01:00:00+00:00
[2026-08-06T05:55:14.314+0000] {logging_mixin.py:190} INFO - [2026-08-06T05:55:14.313+0000] {dag.py:4180} INFO - Setting next_dagrun for consume_1_and_2_with_dataset_expressions to None, run_after=None
[2026-08-06T05:55:14.317+0000] {logging_mixin.py:190} INFO - [2026-08-06T05:55:14.317+0000] {dag.py:4180} INFO - Setting next_dagrun for consume_1_or_2_with_dataset_expressions to None, run_after=None
[2026-08-06T05:55:14.319+0000] {logging_mixin.py:190} INFO - [2026-08-06T05:55:14.319+0000] {dag.py:4180} INFO - Setting next_dagrun for consume_1_or_both_2_and_3_with_dataset_expressions to None, run_after=None
[2026-08-06T05:55:14.324+0000] {logging_mixin.py:190} INFO - [2026-08-06T05:55:14.323+0000] {dag.py:4180} INFO - Setting next_dagrun for dataset_consumes_1 to None, run_after=None
[2026-08-06T05:55:14.327+0000] {logging_mixin.py:190} INFO - [2026-08-06T05:55:14.327+0000] {dag.py:4180} INFO - Setting next_dagrun for dataset_consumes_1_and_2 to None, run_after=None
[2026-08-06T05:55:14.330+0000] {logging_mixin.py:190} INFO - [2026-08-06T05:55:14.330+0000] {dag.py:4180} INFO - Setting next_dagrun for dataset_consumes_1_never_scheduled to None, run_after=None
[2026-08-06T05:55:14.333+0000] {logging_mixin.py:190} INFO - [2026-08-06T05:55:14.333+0000] {dag.py:4180} INFO - Setting next_dagrun for dataset_consumes_unknown_never_scheduled to None, run_after=None
[2026-08-06T05:55:14.338+0000] {logging_mixin.py:190} INFO - [2026-08-06T05:55:14.338+0000] {dag.py:4180} INFO - Setting next_dagrun for dataset_produces_1 to 2026-08-05 00:00:00+00:00, run_after=2026-08-06 00:00:00+00:00
[2026-08-06T05:55:14.341+0000] {logging_mixin.py:190} INFO - [2026-08-06T05:55:14.340+0000] {dag.py:4180} INFO - Setting next_dagrun for dataset_produces_2 to None, run_after=None
[2026-08-06T05:55:14.391+0000] {processor.py:208} INFO - Processing /home/airflow/.local/lib/python3.12/site-packages/airflow/example_dags/example_datasets.py took 1.290 seconds
[2026-08-06T05:55:44.639+0000] {processor.py:186} INFO - Started process (PID=2446) to work on /home/airflow/.local/lib/python3.12/site-packages/airflow/example_dags/example_datasets.py
[2026-08-06T05:55:44.641+0000] {processor.py:914} INFO - Processing file /home/airflow/.local/lib/python3.12/site-packages/airflow/example_dags/example_datasets.py for tasks to queue
[2026-08-06T05:55:44.644+0000] {logging_mixin.py:190} INFO - [2026-08-06T05:55:44.644+0000] {dagbag.py:588} INFO - Filling up the DagBag from /home/airflow/.local/lib/python3.12/site-packages/airflow/example_dags/example_datasets.py
[2026-08-06T05:55:45.401+0000] {processor.py:925} INFO - DAG(s) 'dataset_produces_1', 'consume_1_and_2_with_dataset_expressions', 'dataset_consumes_unknown_never_scheduled', 'dataset_consumes_1', 'conditional_dataset_and_time_based_timetable', 'dataset_consumes_1_and_2', 'dataset_consumes_1_never_scheduled', 'consume_1_or_both_2_and_3_with_dataset_expressions', 'dataset_produces_2', 'consume_1_or_2_with_dataset_expressions' retrieved from /home/airflow/.local/lib/python3.12/site-packages/airflow/example_dags/example_datasets.py
[2026-08-06T05:55:45.451+0000] {logging_mixin.py:190} INFO - [2026-08-06T05:55:45.451+0000] {dag.py:3239} INFO - Sync 10 DAGs
[2026-08-06T05:55:45.479+0000] {logging_mixin.py:190} INFO - [2026-08-06T05:55:45.479+0000] {dag.py:4180} INFO - Setting next_dagrun for conditional_dataset_and_time_based_timetable to 2026-08-05 01:00:00+00:00, run_after=2026-08-05 01:00:00+00:00
[2026-08-06T05:55:45.484+0000] {logging_mixin.py:190} INFO - [2026-08-06T05:55:45.484+0000] {dag.py:4180} INFO - Setting next_dagrun for consume_1_and_2_with_dataset_expressions to None, run_after=None
[2026-08-06T05:55:45.489+0000] {logging_mixin.py:190} INFO - [2026-08-06T05:55:45.488+0000] {dag.py:4180} INFO - Setting next_dagrun for consume_1_or_2_with_dataset_expressions to None, run_after=None
[2026-08-06T05:55:45.492+0000] {logging_mixin.py:190} INFO - [2026-08-06T05:55:45.491+0000] {dag.py:4180} INFO - Setting next_dagrun for consume_1_or_both_2_and_3_with_dataset_expressions to None, run_after=None
[2026-08-06T05:55:45.495+0000] {logging_mixin.py:190} INFO - [2026-08-06T05:55:45.494+0000] {dag.py:4180} INFO - Setting next_dagrun for dataset_consumes_1 to None, run_after=None
[2026-08-06T05:55:45.497+0000] {logging_mixin.py:190} INFO - [2026-08-06T05:55:45.497+0000] {dag.py:4180} INFO - Setting next_dagrun for dataset_consumes_1_and_2 to None, run_after=None
[2026-08-06T05:55:45.499+0000] {logging_mixin.py:190} INFO - [2026-08-06T05:55:45.499+0000] {dag.py:4180} INFO - Setting next_dagrun for dataset_consumes_1_never_scheduled to None, run_after=None
[2026-08-06T05:55:45.501+0000] {logging_mixin.py:190} INFO - [2026-08-06T05:55:45.501+0000] {dag.py:4180} INFO - Setting next_dagrun for dataset_consumes_unknown_never_scheduled to None, run_after=None
[2026-08-06T05:55:45.505+0000] {logging_mixin.py:190} INFO - [2026-08-06T05:55:45.504+0000] {dag.py:4180} INFO - Setting next_dagrun for dataset_produces_1 to 2026-08-05 00:00:00+00:00, run_after=2026-08-06 00:00:00+00:00
[2026-08-06T05:55:45.508+0000] {logging_mixin.py:190} INFO - [2026-08-06T05:55:45.508+0000] {dag.py:4180} INFO - Setting next_dagrun for dataset_produces_2 to None, run_after=None
[2026-08-06T05:55:45.592+0000] {processor.py:208} INFO - Processing /home/airflow/.local/lib/python3.12/site-packages/airflow/example_dags/example_datasets.py took 0.959 seconds
[2026-08-06T05:56:18.748+0000] {processor.py:186} INFO - Started process (PID=2513) to work on /home/airflow/.local/lib/python3.12/site-packages/airflow/example_dags/example_datasets.py
[2026-08-06T05:56:18.751+0000] {processor.py:914} INFO - Processing file /home/airflow/.local/lib/python3.12/site-packages/airflow/example_dags/example_datasets.py for tasks to queue
[2026-08-06T05:56:18.756+0000] {logging_mixin.py:190} INFO - [2026-08-06T05:56:18.755+0000] {dagbag.py:588} INFO - Filling up the DagBag from /home/airflow/.local/lib/python3.12/site-packages/airflow/example_dags/example_datasets.py
[2026-08-06T05:56:19.820+0000] {processor.py:925} INFO - DAG(s) 'dataset_consumes_1_and_2', 'dataset_produces_2', 'conditional_dataset_and_time_based_timetable', 'consume_1_or_both_2_and_3_with_dataset_expressions', 'dataset_consumes_unknown_never_scheduled', 'dataset_consumes_1', 'consume_1_or_2_with_dataset_expressions', 'dataset_consumes_1_never_scheduled', 'consume_1_and_2_with_dataset_expressions', 'dataset_produces_1' retrieved from /home/airflow/.local/lib/python3.12/site-packages/airflow/example_dags/example_datasets.py
[2026-08-06T05:56:19.913+0000] {logging_mixin.py:190} INFO - [2026-08-06T05:56:19.913+0000] {dag.py:3239} INFO - Sync 10 DAGs
[2026-08-06T05:56:19.968+0000] {logging_mixin.py:190} INFO - [2026-08-06T05:56:19.967+0000] {dag.py:4180} INFO - Setting next_dagrun for conditional_dataset_and_time_based_timetable to 2026-08-05 01:00:00+00:00, run_after=2026-08-05 01:00:00+00:00
[2026-08-06T05:56:19.977+0000] {logging_mixin.py:190} INFO - [2026-08-06T05:56:19.976+0000] {dag.py:4180} INFO - Setting next_dagrun for consume_1_and_2_with_dataset_expressions to None, run_after=None
[2026-08-06T05:56:19.980+0000] {logging_mixin.py:190} INFO - [2026-08-06T05:56:19.980+0000] {dag.py:4180} INFO - Setting next_dagrun for consume_1_or_2_with_dataset_expressions to None, run_after=None
[2026-08-06T05:56:19.983+0000] {logging_mixin.py:190} INFO - [2026-08-06T05:56:19.983+0000] {dag.py:4180} INFO - Setting next_dagrun for consume_1_or_both_2_and_3_with_dataset_expressions to None, run_after=None
[2026-08-06T05:56:19.987+0000] {logging_mixin.py:190} INFO - [2026-08-06T05:56:19.987+0000] {dag.py:4180} INFO - Setting next_dagrun for dataset_consumes_1 to None, run_after=None
[2026-08-06T05:56:19.990+0000] {logging_mixin.py:190} INFO - [2026-08-06T05:56:19.990+0000] {dag.py:4180} INFO - Setting next_dagrun for dataset_consumes_1_and_2 to None, run_after=None
[2026-08-06T05:56:19.994+0000] {logging_mixin.py:190} INFO - [2026-08-06T05:56:19.994+0000] {dag.py:4180} INFO - Setting next_dagrun for dataset_consumes_1_never_scheduled to None, run_after=None
[2026-08-06T05:56:19.998+0000] {logging_mixin.py:190} INFO - [2026-08-06T05:56:19.998+0000] {dag.py:4180} INFO - Setting next_dagrun for dataset_consumes_unknown_never_scheduled to None, run_after=None
[2026-08-06T05:56:20.005+0000] {logging_mixin.py:190} INFO - [2026-08-06T05:56:20.004+0000] {dag.py:4180} INFO - Setting next_dagrun for dataset_produces_1 to 2026-08-05 00:00:00+00:00, run_after=2026-08-06 00:00:00+00:00
[2026-08-06T05:56:20.010+0000] {logging_mixin.py:190} INFO - [2026-08-06T05:56:20.010+0000] {dag.py:4180} INFO - Setting next_dagrun for dataset_produces_2 to None, run_after=None
[2026-08-06T05:56:20.084+0000] {processor.py:208} INFO - Processing /home/airflow/.local/lib/python3.12/site-packages/airflow/example_dags/example_datasets.py took 1.349 seconds
[2026-08-06T05:56:50.385+0000] {processor.py:186} INFO - Started process (PID=2577) to work on /home/airflow/.local/lib/python3.12/site-packages/airflow/example_dags/example_datasets.py
[2026-08-06T05:56:50.387+0000] {processor.py:914} INFO - Processing file /home/airflow/.local/lib/python3.12/site-packages/airflow/example_dags/example_datasets.py for tasks to queue
[2026-08-06T05:56:50.391+0000] {logging_mixin.py:190} INFO - [2026-08-06T05:56:50.391+0000] {dagbag.py:588} INFO - Filling up the DagBag from /home/airflow/.local/lib/python3.12/site-packages/airflow/example_dags/example_datasets.py
[2026-08-06T05:56:51.461+0000] {processor.py:925} INFO - DAG(s) 'consume_1_or_2_with_dataset_expressions', 'dataset_consumes_1', 'dataset_consumes_unknown_never_scheduled', 'conditional_dataset_and_time_based_timetable', 'dataset_consumes_1_never_scheduled', 'dataset_produces_1', 'dataset_consumes_1_and_2', 'consume_1_or_both_2_and_3_with_dataset_expressions', 'consume_1_and_2_with_dataset_expressions', 'dataset_produces_2' retrieved from /home/airflow/.local/lib/python3.12/site-packages/airflow/example_dags/example_datasets.py
[2026-08-06T05:56:51.551+0000] {logging_mixin.py:190} INFO - [2026-08-06T05:56:51.551+0000] {dag.py:3239} INFO - Sync 10 DAGs
[2026-08-06T05:56:51.597+0000] {logging_mixin.py:190} INFO - [2026-08-06T05:56:51.597+0000] {dag.py:4180} INFO - Setting next_dagrun for conditional_dataset_and_time_based_timetable to 2026-08-05 01:00:00+00:00, run_after=2026-08-05 01:00:00+00:00
[2026-08-06T05:56:51.604+0000] {logging_mixin.py:190} INFO - [2026-08-06T05:56:51.603+0000] {dag.py:4180} INFO - Setting next_dagrun for consume_1_and_2_with_dataset_expressions to None, run_after=None
[2026-08-06T05:56:51.607+0000] {logging_mixin.py:190} INFO - [2026-08-06T05:56:51.607+0000] {dag.py:4180} INFO - Setting next_dagrun for consume_1_or_2_with_dataset_expressions to None, run_after=None
[2026-08-06T05:56:51.611+0000] {logging_mixin.py:190} INFO - [2026-08-06T05:56:51.611+0000] {dag.py:4180} INFO - Setting next_dagrun for consume_1_or_both_2_and_3_with_dataset_expressions to None, run_after=None
[2026-08-06T05:56:51.615+0000] {logging_mixin.py:190} INFO - [2026-08-06T05:56:51.615+0000] {dag.py:4180} INFO - Setting next_dagrun for dataset_consumes_1 to None, run_after=None
[2026-08-06T05:56:51.619+0000] {logging_mixin.py:190} INFO - [2026-08-06T05:56:51.618+0000] {dag.py:4180} INFO - Setting next_dagrun for dataset_consumes_1_and_2 to None, run_after=None
[2026-08-06T05:56:51.626+0000] {logging_mixin.py:190} INFO - [2026-08-06T05:56:51.625+0000] {dag.py:4180} INFO - Setting next_dagrun for dataset_consumes_1_never_scheduled to None, run_after=None
[2026-08-06T05:56:51.629+0000] {logging_mixin.py:190} INFO - [2026-08-06T05:56:51.629+0000] {dag.py:4180} INFO - Setting next_dagrun for dataset_consumes_unknown_never_scheduled to None, run_after=None
[2026-08-06T05:56:51.635+0000] {logging_mixin.py:190} INFO - [2026-08-06T05:56:51.634+0000] {dag.py:4180} INFO - Setting next_dagrun for dataset_produces_1 to 2026-08-05 00:00:00+00:00, run_after=2026-08-06 00:00:00+00:00
[2026-08-06T05:56:51.639+0000] {logging_mixin.py:190} INFO - [2026-08-06T05:56:51.639+0000] {dag.py:4180} INFO - Setting next_dagrun for dataset_produces_2 to None, run_after=None
[2026-08-06T05:56:51.758+0000] {processor.py:208} INFO - Processing /home/airflow/.local/lib/python3.12/site-packages/airflow/example_dags/example_datasets.py took 1.382 seconds
[2026-08-06T05:57:22.285+0000] {processor.py:186} INFO - Started process (PID=2645) to work on /home/airflow/.local/lib/python3.12/site-packages/airflow/example_dags/example_datasets.py
[2026-08-06T05:57:22.287+0000] {processor.py:914} INFO - Processing file /home/airflow/.local/lib/python3.12/site-packages/airflow/example_dags/example_datasets.py for tasks to queue
[2026-08-06T05:57:22.290+0000] {logging_mixin.py:190} INFO - [2026-08-06T05:57:22.289+0000] {dagbag.py:588} INFO - Filling up the DagBag from /home/airflow/.local/lib/python3.12/site-packages/airflow/example_dags/example_datasets.py
[2026-08-06T05:57:23.433+0000] {processor.py:925} INFO - DAG(s) 'dataset_consumes_unknown_never_scheduled', 'dataset_consumes_1', 'dataset_produces_1', 'dataset_produces_2', 'dataset_consumes_1_never_scheduled', 'dataset_consumes_1_and_2', 'consume_1_and_2_with_dataset_expressions', 'consume_1_or_2_with_dataset_expressions', 'consume_1_or_both_2_and_3_with_dataset_expressions', 'conditional_dataset_and_time_based_timetable' retrieved from /home/airflow/.local/lib/python3.12/site-packages/airflow/example_dags/example_datasets.py
[2026-08-06T05:57:23.497+0000] {logging_mixin.py:190} INFO - [2026-08-06T05:57:23.497+0000] {dag.py:3239} INFO - Sync 10 DAGs
[2026-08-06T05:57:23.539+0000] {logging_mixin.py:190} INFO - [2026-08-06T05:57:23.538+0000] {dag.py:4180} INFO - Setting next_dagrun for conditional_dataset_and_time_based_timetable to 2026-08-05 01:00:00+00:00, run_after=2026-08-05 01:00:00+00:00
[2026-08-06T05:57:23.546+0000] {logging_mixin.py:190} INFO - [2026-08-06T05:57:23.546+0000] {dag.py:4180} INFO - Setting next_dagrun for consume_1_and_2_with_dataset_expressions to None, run_after=None
[2026-08-06T05:57:23.549+0000] {logging_mixin.py:190} INFO - [2026-08-06T05:57:23.549+0000] {dag.py:4180} INFO - Setting next_dagrun for consume_1_or_2_with_dataset_expressions to None, run_after=None
[2026-08-06T05:57:23.556+0000] {logging_mixin.py:190} INFO - [2026-08-06T05:57:23.556+0000] {dag.py:4180} INFO - Setting next_dagrun for consume_1_or_both_2_and_3_with_dataset_expressions to None, run_after=None
[2026-08-06T05:57:23.561+0000] {logging_mixin.py:190} INFO - [2026-08-06T05:57:23.561+0000] {dag.py:4180} INFO - Setting next_dagrun for dataset_consumes_1 to None, run_after=None
[2026-08-06T05:57:23.564+0000] {logging_mixin.py:190} INFO - [2026-08-06T05:57:23.564+0000] {dag.py:4180} INFO - Setting next_dagrun for dataset_consumes_1_and_2 to None, run_after=None
[2026-08-06T05:57:23.567+0000] {logging_mixin.py:190} INFO - [2026-08-06T05:57:23.567+0000] {dag.py:4180} INFO - Setting next_dagrun for dataset_consumes_1_never_scheduled to None, run_after=None
[2026-08-06T05:57:23.569+0000] {logging_mixin.py:190} INFO - [2026-08-06T05:57:23.569+0000] {dag.py:4180} INFO - Setting next_dagrun for dataset_consumes_unknown_never_scheduled to None, run_after=None
[2026-08-06T05:57:23.573+0000] {logging_mixin.py:190} INFO - [2026-08-06T05:57:23.573+0000] {dag.py:4180} INFO - Setting next_dagrun for dataset_produces_1 to 2026-08-05 00:00:00+00:00, run_after=2026-08-06 00:00:00+00:00
[2026-08-06T05:57:23.577+0000] {logging_mixin.py:190} INFO - [2026-08-06T05:57:23.576+0000] {dag.py:4180} INFO - Setting next_dagrun for dataset_produces_2 to None, run_after=None
[2026-08-06T05:57:23.629+0000] {processor.py:208} INFO - Processing /home/airflow/.local/lib/python3.12/site-packages/airflow/example_dags/example_datasets.py took 1.352 seconds
[2026-08-06T05:57:58.053+0000] {processor.py:186} INFO - Started process (PID=2737) to work on /home/airflow/.local/lib/python3.12/site-packages/airflow/example_dags/example_datasets.py
[2026-08-06T05:57:58.064+0000] {processor.py:914} INFO - Processing file /home/airflow/.local/lib/python3.12/site-packages/airflow/example_dags/example_datasets.py for tasks to queue
[2026-08-06T05:57:58.078+0000] {logging_mixin.py:190} INFO - [2026-08-06T05:57:58.075+0000] {dagbag.py:588} INFO - Filling up the DagBag from /home/airflow/.local/lib/python3.12/site-packages/airflow/example_dags/example_datasets.py
[2026-08-06T05:58:02.113+0000] {processor.py:925} INFO - DAG(s) 'conditional_dataset_and_time_based_timetable', 'dataset_produces_2', 'consume_1_or_both_2_and_3_with_dataset_expressions', 'dataset_consumes_1_never_scheduled', 'consume_1_or_2_with_dataset_expressions', 'dataset_consumes_1', 'consume_1_and_2_with_dataset_expressions', 'dataset_consumes_unknown_never_scheduled', 'dataset_produces_1', 'dataset_consumes_1_and_2' retrieved from /home/airflow/.local/lib/python3.12/site-packages/airflow/example_dags/example_datasets.py
[2026-08-06T05:58:02.226+0000] {logging_mixin.py:190} INFO - [2026-08-06T05:58:02.226+0000] {dag.py:3239} INFO - Sync 10 DAGs
[2026-08-06T05:58:02.292+0000] {logging_mixin.py:190} INFO - [2026-08-06T05:58:02.291+0000] {dag.py:4180} INFO - Setting next_dagrun for conditional_dataset_and_time_based_timetable to 2026-08-05 01:00:00+00:00, run_after=2026-08-05 01:00:00+00:00
[2026-08-06T05:58:02.301+0000] {logging_mixin.py:190} INFO - [2026-08-06T05:58:02.301+0000] {dag.py:4180} INFO - Setting next_dagrun for consume_1_and_2_with_dataset_expressions to None, run_after=None
[2026-08-06T05:58:02.306+0000] {logging_mixin.py:190} INFO - [2026-08-06T05:58:02.305+0000] {dag.py:4180} INFO - Setting next_dagrun for consume_1_or_2_with_dataset_expressions to None, run_after=None
[2026-08-06T05:58:02.310+0000] {logging_mixin.py:190} INFO - [2026-08-06T05:58:02.309+0000] {dag.py:4180} INFO - Setting next_dagrun for consume_1_or_both_2_and_3_with_dataset_expressions to None, run_after=None
[2026-08-06T05:58:02.314+0000] {logging_mixin.py:190} INFO - [2026-08-06T05:58:02.313+0000] {dag.py:4180} INFO - Setting next_dagrun for dataset_consumes_1 to None, run_after=None
[2026-08-06T05:58:02.318+0000] {logging_mixin.py:190} INFO - [2026-08-06T05:58:02.317+0000] {dag.py:4180} INFO - Setting next_dagrun for dataset_consumes_1_and_2 to None, run_after=None
[2026-08-06T05:58:02.322+0000] {logging_mixin.py:190} INFO - [2026-08-06T05:58:02.322+0000] {dag.py:4180} INFO - Setting next_dagrun for dataset_consumes_1_never_scheduled to None, run_after=None
[2026-08-06T05:58:02.326+0000] {logging_mixin.py:190} INFO - [2026-08-06T05:58:02.326+0000] {dag.py:4180} INFO - Setting next_dagrun for dataset_consumes_unknown_never_scheduled to None, run_after=None
[2026-08-06T05:58:02.334+0000] {logging_mixin.py:190} INFO - [2026-08-06T05:58:02.333+0000] {dag.py:4180} INFO - Setting next_dagrun for dataset_produces_1 to 2026-08-05 00:00:00+00:00, run_after=2026-08-06 00:00:00+00:00
[2026-08-06T05:58:02.338+0000] {logging_mixin.py:190} INFO - [2026-08-06T05:58:02.337+0000] {dag.py:4180} INFO - Setting next_dagrun for dataset_produces_2 to None, run_after=None
[2026-08-06T05:58:02.441+0000] {processor.py:208} INFO - Processing /home/airflow/.local/lib/python3.12/site-packages/airflow/example_dags/example_datasets.py took 4.411 seconds
[2026-08-06T05:58:33.247+0000] {processor.py:186} INFO - Started process (PID=2807) to work on /home/airflow/.local/lib/python3.12/site-packages/airflow/example_dags/example_datasets.py
[2026-08-06T05:58:33.250+0000] {processor.py:914} INFO - Processing file /home/airflow/.local/lib/python3.12/site-packages/airflow/example_dags/example_datasets.py for tasks to queue
[2026-08-06T05:58:33.254+0000] {logging_mixin.py:190} INFO - [2026-08-06T05:58:33.253+0000] {dagbag.py:588} INFO - Filling up the DagBag from /home/airflow/.local/lib/python3.12/site-packages/airflow/example_dags/example_datasets.py
[2026-08-06T05:58:34.036+0000] {processor.py:925} INFO - DAG(s) 'dataset_consumes_1_and_2', 'consume_1_or_2_with_dataset_expressions', 'consume_1_and_2_with_dataset_expressions', 'dataset_consumes_1_never_scheduled', 'dataset_consumes_unknown_never_scheduled', 'dataset_produces_2', 'conditional_dataset_and_time_based_timetable', 'dataset_consumes_1', 'consume_1_or_both_2_and_3_with_dataset_expressions', 'dataset_produces_1' retrieved from /home/airflow/.local/lib/python3.12/site-packages/airflow/example_dags/example_datasets.py
[2026-08-06T05:58:34.089+0000] {logging_mixin.py:190} INFO - [2026-08-06T05:58:34.089+0000] {dag.py:3239} INFO - Sync 10 DAGs
[2026-08-06T05:58:34.123+0000] {logging_mixin.py:190} INFO - [2026-08-06T05:58:34.123+0000] {dag.py:4180} INFO - Setting next_dagrun for conditional_dataset_and_time_based_timetable to 2026-08-05 01:00:00+00:00, run_after=2026-08-05 01:00:00+00:00
[2026-08-06T05:58:34.129+0000] {logging_mixin.py:190} INFO - [2026-08-06T05:58:34.129+0000] {dag.py:4180} INFO - Setting next_dagrun for consume_1_and_2_with_dataset_expressions to None, run_after=None
[2026-08-06T05:58:34.132+0000] {logging_mixin.py:190} INFO - [2026-08-06T05:58:34.132+0000] {dag.py:4180} INFO - Setting next_dagrun for consume_1_or_2_with_dataset_expressions to None, run_after=None
[2026-08-06T05:58:34.134+0000] {logging_mixin.py:190} INFO - [2026-08-06T05:58:34.134+0000] {dag.py:4180} INFO - Setting next_dagrun for consume_1_or_both_2_and_3_with_dataset_expressions to None, run_after=None
[2026-08-06T05:58:34.136+0000] {logging_mixin.py:190} INFO - [2026-08-06T05:58:34.136+0000] {dag.py:4180} INFO - Setting next_dagrun for dataset_consumes_1 to None, run_after=None
[2026-08-06T05:58:34.139+0000] {logging_mixin.py:190} INFO - [2026-08-06T05:58:34.138+0000] {dag.py:4180} INFO - Setting next_dagrun for dataset_consumes_1_and_2 to None, run_after=None
[2026-08-06T05:58:34.141+0000] {logging_mixin.py:190} INFO - [2026-08-06T05:58:34.141+0000] {dag.py:4180} INFO - Setting next_dagrun for dataset_consumes_1_never_scheduled to None, run_after=None
[2026-08-06T05:58:34.143+0000] {logging_mixin.py:190} INFO - [2026-08-06T05:58:34.143+0000] {dag.py:4180} INFO - Setting next_dagrun for dataset_consumes_unknown_never_scheduled to None, run_after=None
[2026-08-06T05:58:34.147+0000] {logging_mixin.py:190} INFO - [2026-08-06T05:58:34.147+0000] {dag.py:4180} INFO - Setting next_dagrun for dataset_produces_1 to 2026-08-05 00:00:00+00:00, run_after=2026-08-06 00:00:00+00:00
[2026-08-06T05:58:34.149+0000] {logging_mixin.py:190} INFO - [2026-08-06T05:58:34.149+0000] {dag.py:4180} INFO - Setting next_dagrun for dataset_produces_2 to None, run_after=None
[2026-08-06T05:58:34.205+0000] {processor.py:208} INFO - Processing /home/airflow/.local/lib/python3.12/site-packages/airflow/example_dags/example_datasets.py took 0.967 seconds
[2026-08-06T05:59:04.654+0000] {processor.py:186} INFO - Started process (PID=2873) to work on /home/airflow/.local/lib/python3.12/site-packages/airflow/example_dags/example_datasets.py
[2026-08-06T05:59:04.657+0000] {processor.py:914} INFO - Processing file /home/airflow/.local/lib/python3.12/site-packages/airflow/example_dags/example_datasets.py for tasks to queue
[2026-08-06T05:59:04.664+0000] {logging_mixin.py:190} INFO - [2026-08-06T05:59:04.663+0000] {dagbag.py:588} INFO - Filling up the DagBag from /home/airflow/.local/lib/python3.12/site-packages/airflow/example_dags/example_datasets.py
[2026-08-06T05:59:05.706+0000] {processor.py:925} INFO - DAG(s) 'dataset_consumes_unknown_never_scheduled', 'dataset_produces_1', 'dataset_consumes_1_and_2', 'dataset_produces_2', 'consume_1_or_both_2_and_3_with_dataset_expressions', 'consume_1_or_2_with_dataset_expressions', 'dataset_consumes_1_never_scheduled', 'dataset_consumes_1', 'conditional_dataset_and_time_based_timetable', 'consume_1_and_2_with_dataset_expressions' retrieved from /home/airflow/.local/lib/python3.12/site-packages/airflow/example_dags/example_datasets.py
[2026-08-06T05:59:05.791+0000] {logging_mixin.py:190} INFO - [2026-08-06T05:59:05.790+0000] {dag.py:3239} INFO - Sync 10 DAGs
[2026-08-06T05:59:05.833+0000] {logging_mixin.py:190} INFO - [2026-08-06T05:59:05.833+0000] {dag.py:4180} INFO - Setting next_dagrun for conditional_dataset_and_time_based_timetable to 2026-08-05 01:00:00+00:00, run_after=2026-08-05 01:00:00+00:00
[2026-08-06T05:59:05.869+0000] {logging_mixin.py:190} INFO - [2026-08-06T05:59:05.869+0000] {dag.py:4180} INFO - Setting next_dagrun for consume_1_and_2_with_dataset_expressions to None, run_after=None
[2026-08-06T05:59:05.907+0000] {logging_mixin.py:190} INFO - [2026-08-06T05:59:05.907+0000] {dag.py:4180} INFO - Setting next_dagrun for consume_1_or_2_with_dataset_expressions to None, run_after=None
[2026-08-06T05:59:05.916+0000] {logging_mixin.py:190} INFO - [2026-08-06T05:59:05.912+0000] {dag.py:4180} INFO - Setting next_dagrun for consume_1_or_both_2_and_3_with_dataset_expressions to None, run_after=None
[2026-08-06T05:59:05.921+0000] {logging_mixin.py:190} INFO - [2026-08-06T05:59:05.921+0000] {dag.py:4180} INFO - Setting next_dagrun for dataset_consumes_1 to None, run_after=None
[2026-08-06T05:59:05.926+0000] {logging_mixin.py:190} INFO - [2026-08-06T05:59:05.926+0000] {dag.py:4180} INFO - Setting next_dagrun for dataset_consumes_1_and_2 to None, run_after=None
[2026-08-06T05:59:05.931+0000] {logging_mixin.py:190} INFO - [2026-08-06T05:59:05.930+0000] {dag.py:4180} INFO - Setting next_dagrun for dataset_consumes_1_never_scheduled to None, run_after=None
[2026-08-06T05:59:05.936+0000] {logging_mixin.py:190} INFO - [2026-08-06T05:59:05.934+0000] {dag.py:4180} INFO - Setting next_dagrun for dataset_consumes_unknown_never_scheduled to None, run_after=None
[2026-08-06T05:59:05.967+0000] {logging_mixin.py:190} INFO - [2026-08-06T05:59:05.967+0000] {dag.py:4180} INFO - Setting next_dagrun for dataset_produces_1 to 2026-08-05 00:00:00+00:00, run_after=2026-08-06 00:00:00+00:00
[2026-08-06T05:59:05.981+0000] {logging_mixin.py:190} INFO - [2026-08-06T05:59:05.980+0000] {dag.py:4180} INFO - Setting next_dagrun for dataset_produces_2 to None, run_after=None
[2026-08-06T05:59:06.077+0000] {processor.py:208} INFO - Processing /home/airflow/.local/lib/python3.12/site-packages/airflow/example_dags/example_datasets.py took 1.434 seconds
[2026-08-06T05:59:36.405+0000] {processor.py:186} INFO - Started process (PID=2939) to work on /home/airflow/.local/lib/python3.12/site-packages/airflow/example_dags/example_datasets.py
[2026-08-06T05:59:36.407+0000] {processor.py:914} INFO - Processing file /home/airflow/.local/lib/python3.12/site-packages/airflow/example_dags/example_datasets.py for tasks to queue
[2026-08-06T05:59:36.411+0000] {logging_mixin.py:190} INFO - [2026-08-06T05:59:36.411+0000] {dagbag.py:588} INFO - Filling up the DagBag from /home/airflow/.local/lib/python3.12/site-packages/airflow/example_dags/example_datasets.py
[2026-08-06T05:59:37.381+0000] {processor.py:925} INFO - DAG(s) 'dataset_consumes_1', 'dataset_consumes_1_never_scheduled', 'consume_1_or_2_with_dataset_expressions', 'dataset_consumes_unknown_never_scheduled', 'consume_1_or_both_2_and_3_with_dataset_expressions', 'dataset_produces_1', 'consume_1_and_2_with_dataset_expressions', 'conditional_dataset_and_time_based_timetable', 'dataset_produces_2', 'dataset_consumes_1_and_2' retrieved from /home/airflow/.local/lib/python3.12/site-packages/airflow/example_dags/example_datasets.py
[2026-08-06T05:59:37.460+0000] {logging_mixin.py:190} INFO - [2026-08-06T05:59:37.459+0000] {dag.py:3239} INFO - Sync 10 DAGs
[2026-08-06T05:59:37.494+0000] {logging_mixin.py:190} INFO - [2026-08-06T05:59:37.494+0000] {dag.py:4180} INFO - Setting next_dagrun for conditional_dataset_and_time_based_timetable to 2026-08-05 01:00:00+00:00, run_after=2026-08-05 01:00:00+00:00
[2026-08-06T05:59:37.499+0000] {logging_mixin.py:190} INFO - [2026-08-06T05:59:37.499+0000] {dag.py:4180} INFO - Setting next_dagrun for consume_1_and_2_with_dataset_expressions to None, run_after=None
[2026-08-06T05:59:37.503+0000] {logging_mixin.py:190} INFO - [2026-08-06T05:59:37.502+0000] {dag.py:4180} INFO - Setting next_dagrun for consume_1_or_2_with_dataset_expressions to None, run_after=None
[2026-08-06T05:59:37.504+0000] {logging_mixin.py:190} INFO - [2026-08-06T05:59:37.504+0000] {dag.py:4180} INFO - Setting next_dagrun for consume_1_or_both_2_and_3_with_dataset_expressions to None, run_after=None
[2026-08-06T05:59:37.507+0000] {logging_mixin.py:190} INFO - [2026-08-06T05:59:37.506+0000] {dag.py:4180} INFO - Setting next_dagrun for dataset_consumes_1 to None, run_after=None
[2026-08-06T05:59:37.509+0000] {logging_mixin.py:190} INFO - [2026-08-06T05:59:37.508+0000] {dag.py:4180} INFO - Setting next_dagrun for dataset_consumes_1_and_2 to None, run_after=None
[2026-08-06T05:59:37.511+0000] {logging_mixin.py:190} INFO - [2026-08-06T05:59:37.511+0000] {dag.py:4180} INFO - Setting next_dagrun for dataset_consumes_1_never_scheduled to None, run_after=None
[2026-08-06T05:59:37.513+0000] {logging_mixin.py:190} INFO - [2026-08-06T05:59:37.513+0000] {dag.py:4180} INFO - Setting next_dagrun for dataset_consumes_unknown_never_scheduled to None, run_after=None
[2026-08-06T05:59:37.516+0000] {logging_mixin.py:190} INFO - [2026-08-06T05:59:37.516+0000] {dag.py:4180} INFO - Setting next_dagrun for dataset_produces_1 to 2026-08-05 00:00:00+00:00, run_after=2026-08-06 00:00:00+00:00
[2026-08-06T05:59:37.518+0000] {logging_mixin.py:190} INFO - [2026-08-06T05:59:37.518+0000] {dag.py:4180} INFO - Setting next_dagrun for dataset_produces_2 to None, run_after=None
[2026-08-06T05:59:37.576+0000] {processor.py:208} INFO - Processing /home/airflow/.local/lib/python3.12/site-packages/airflow/example_dags/example_datasets.py took 1.180 seconds
[2026-08-06T06:01:56.601+0000] {processor.py:186} INFO - Started process (PID=102) to work on /home/airflow/.local/lib/python3.12/site-packages/airflow/example_dags/example_datasets.py
[2026-08-06T06:01:56.603+0000] {processor.py:914} INFO - Processing file /home/airflow/.local/lib/python3.12/site-packages/airflow/example_dags/example_datasets.py for tasks to queue
[2026-08-06T06:01:56.607+0000] {logging_mixin.py:190} INFO - [2026-08-06T06:01:56.607+0000] {dagbag.py:588} INFO - Filling up the DagBag from /home/airflow/.local/lib/python3.12/site-packages/airflow/example_dags/example_datasets.py
[2026-08-06T06:01:57.643+0000] {processor.py:925} INFO - DAG(s) 'dataset_consumes_unknown_never_scheduled', 'consume_1_and_2_with_dataset_expressions', 'dataset_consumes_1', 'dataset_consumes_1_never_scheduled', 'consume_1_or_2_with_dataset_expressions', 'dataset_produces_1', 'conditional_dataset_and_time_based_timetable', 'dataset_consumes_1_and_2', 'consume_1_or_both_2_and_3_with_dataset_expressions', 'dataset_produces_2' retrieved from /home/airflow/.local/lib/python3.12/site-packages/airflow/example_dags/example_datasets.py
[2026-08-06T06:01:57.718+0000] {logging_mixin.py:190} INFO - [2026-08-06T06:01:57.717+0000] {dag.py:3239} INFO - Sync 10 DAGs
[2026-08-06T06:01:57.789+0000] {logging_mixin.py:190} INFO - [2026-08-06T06:01:57.788+0000] {dag.py:4180} INFO - Setting next_dagrun for conditional_dataset_and_time_based_timetable to 2026-08-05 01:00:00+00:00, run_after=2026-08-05 01:00:00+00:00
[2026-08-06T06:01:57.796+0000] {logging_mixin.py:190} INFO - [2026-08-06T06:01:57.796+0000] {dag.py:4180} INFO - Setting next_dagrun for consume_1_and_2_with_dataset_expressions to None, run_after=None
[2026-08-06T06:01:57.799+0000] {logging_mixin.py:190} INFO - [2026-08-06T06:01:57.799+0000] {dag.py:4180} INFO - Setting next_dagrun for consume_1_or_2_with_dataset_expressions to None, run_after=None
[2026-08-06T06:01:57.801+0000] {logging_mixin.py:190} INFO - [2026-08-06T06:01:57.801+0000] {dag.py:4180} INFO - Setting next_dagrun for consume_1_or_both_2_and_3_with_dataset_expressions to None, run_after=None
[2026-08-06T06:01:57.804+0000] {logging_mixin.py:190} INFO - [2026-08-06T06:01:57.804+0000] {dag.py:4180} INFO - Setting next_dagrun for dataset_consumes_1 to None, run_after=None
[2026-08-06T06:01:57.807+0000] {logging_mixin.py:190} INFO - [2026-08-06T06:01:57.807+0000] {dag.py:4180} INFO - Setting next_dagrun for dataset_consumes_1_and_2 to None, run_after=None
[2026-08-06T06:01:57.809+0000] {logging_mixin.py:190} INFO - [2026-08-06T06:01:57.809+0000] {dag.py:4180} INFO - Setting next_dagrun for dataset_consumes_1_never_scheduled to None, run_after=None
[2026-08-06T06:01:57.811+0000] {logging_mixin.py:190} INFO - [2026-08-06T06:01:57.811+0000] {dag.py:4180} INFO - Setting next_dagrun for dataset_consumes_unknown_never_scheduled to None, run_after=None
[2026-08-06T06:01:57.815+0000] {logging_mixin.py:190} INFO - [2026-08-06T06:01:57.815+0000] {dag.py:4180} INFO - Setting next_dagrun for dataset_produces_1 to 2026-08-05 00:00:00+00:00, run_after=2026-08-06 00:00:00+00:00
[2026-08-06T06:01:57.817+0000] {logging_mixin.py:190} INFO - [2026-08-06T06:01:57.817+0000] {dag.py:4180} INFO - Setting next_dagrun for dataset_produces_2 to None, run_after=None
[2026-08-06T06:01:57.888+0000] {processor.py:208} INFO - Processing /home/airflow/.local/lib/python3.12/site-packages/airflow/example_dags/example_datasets.py took 1.295 seconds
[2026-08-06T06:02:29.263+0000] {processor.py:186} INFO - Started process (PID=167) to work on /home/airflow/.local/lib/python3.12/site-packages/airflow/example_dags/example_datasets.py
[2026-08-06T06:02:29.266+0000] {processor.py:914} INFO - Processing file /home/airflow/.local/lib/python3.12/site-packages/airflow/example_dags/example_datasets.py for tasks to queue
[2026-08-06T06:02:29.272+0000] {logging_mixin.py:190} INFO - [2026-08-06T06:02:29.271+0000] {dagbag.py:588} INFO - Filling up the DagBag from /home/airflow/.local/lib/python3.12/site-packages/airflow/example_dags/example_datasets.py
[2026-08-06T06:02:30.383+0000] {processor.py:925} INFO - DAG(s) 'conditional_dataset_and_time_based_timetable', 'consume_1_or_2_with_dataset_expressions', 'consume_1_or_both_2_and_3_with_dataset_expressions', 'dataset_consumes_1_and_2', 'dataset_consumes_1', 'dataset_produces_2', 'dataset_consumes_1_never_scheduled', 'dataset_consumes_unknown_never_scheduled', 'consume_1_and_2_with_dataset_expressions', 'dataset_produces_1' retrieved from /home/airflow/.local/lib/python3.12/site-packages/airflow/example_dags/example_datasets.py
[2026-08-06T06:02:30.444+0000] {logging_mixin.py:190} INFO - [2026-08-06T06:02:30.443+0000] {dag.py:3239} INFO - Sync 10 DAGs
[2026-08-06T06:02:30.473+0000] {logging_mixin.py:190} INFO - [2026-08-06T06:02:30.473+0000] {dag.py:4180} INFO - Setting next_dagrun for conditional_dataset_and_time_based_timetable to 2026-08-05 01:00:00+00:00, run_after=2026-08-05 01:00:00+00:00
[2026-08-06T06:02:30.500+0000] {logging_mixin.py:190} INFO - [2026-08-06T06:02:30.500+0000] {dag.py:4180} INFO - Setting next_dagrun for consume_1_and_2_with_dataset_expressions to None, run_after=None
[2026-08-06T06:02:30.509+0000] {logging_mixin.py:190} INFO - [2026-08-06T06:02:30.509+0000] {dag.py:4180} INFO - Setting next_dagrun for consume_1_or_2_with_dataset_expressions to None, run_after=None
[2026-08-06T06:02:30.518+0000] {logging_mixin.py:190} INFO - [2026-08-06T06:02:30.517+0000] {dag.py:4180} INFO - Setting next_dagrun for consume_1_or_both_2_and_3_with_dataset_expressions to None, run_after=None
[2026-08-06T06:02:30.521+0000] {logging_mixin.py:190} INFO - [2026-08-06T06:02:30.521+0000] {dag.py:4180} INFO - Setting next_dagrun for dataset_consumes_1 to None, run_after=None
[2026-08-06T06:02:30.525+0000] {logging_mixin.py:190} INFO - [2026-08-06T06:02:30.523+0000] {dag.py:4180} INFO - Setting next_dagrun for dataset_consumes_1_and_2 to None, run_after=None
[2026-08-06T06:02:30.529+0000] {logging_mixin.py:190} INFO - [2026-08-06T06:02:30.529+0000] {dag.py:4180} INFO - Setting next_dagrun for dataset_consumes_1_never_scheduled to None, run_after=None
[2026-08-06T06:02:30.533+0000] {logging_mixin.py:190} INFO - [2026-08-06T06:02:30.532+0000] {dag.py:4180} INFO - Setting next_dagrun for dataset_consumes_unknown_never_scheduled to None, run_after=None
[2026-08-06T06:02:30.575+0000] {logging_mixin.py:190} INFO - [2026-08-06T06:02:30.574+0000] {dag.py:4180} INFO - Setting next_dagrun for dataset_produces_1 to 2026-08-05 00:00:00+00:00, run_after=2026-08-06 00:00:00+00:00
[2026-08-06T06:02:30.577+0000] {logging_mixin.py:190} INFO - [2026-08-06T06:02:30.577+0000] {dag.py:4180} INFO - Setting next_dagrun for dataset_produces_2 to None, run_after=None
[2026-08-06T06:02:30.672+0000] {processor.py:208} INFO - Processing /home/airflow/.local/lib/python3.12/site-packages/airflow/example_dags/example_datasets.py took 1.420 seconds
[2026-08-06T06:03:01.192+0000] {processor.py:186} INFO - Started process (PID=237) to work on /home/airflow/.local/lib/python3.12/site-packages/airflow/example_dags/example_datasets.py
[2026-08-06T06:03:01.194+0000] {processor.py:914} INFO - Processing file /home/airflow/.local/lib/python3.12/site-packages/airflow/example_dags/example_datasets.py for tasks to queue
[2026-08-06T06:03:01.199+0000] {logging_mixin.py:190} INFO - [2026-08-06T06:03:01.198+0000] {dagbag.py:588} INFO - Filling up the DagBag from /home/airflow/.local/lib/python3.12/site-packages/airflow/example_dags/example_datasets.py
[2026-08-06T06:03:02.248+0000] {processor.py:925} INFO - DAG(s) 'dataset_consumes_1', 'dataset_consumes_1_never_scheduled', 'conditional_dataset_and_time_based_timetable', 'dataset_produces_1', 'consume_1_or_both_2_and_3_with_dataset_expressions', 'consume_1_or_2_with_dataset_expressions', 'dataset_produces_2', 'dataset_consumes_1_and_2', 'dataset_consumes_unknown_never_scheduled', 'consume_1_and_2_with_dataset_expressions' retrieved from /home/airflow/.local/lib/python3.12/site-packages/airflow/example_dags/example_datasets.py
[2026-08-06T06:03:02.336+0000] {logging_mixin.py:190} INFO - [2026-08-06T06:03:02.336+0000] {dag.py:3239} INFO - Sync 10 DAGs
[2026-08-06T06:03:02.377+0000] {logging_mixin.py:190} INFO - [2026-08-06T06:03:02.376+0000] {dag.py:4180} INFO - Setting next_dagrun for conditional_dataset_and_time_based_timetable to 2026-08-05 01:00:00+00:00, run_after=2026-08-05 01:00:00+00:00
[2026-08-06T06:03:02.383+0000] {logging_mixin.py:190} INFO - [2026-08-06T06:03:02.383+0000] {dag.py:4180} INFO - Setting next_dagrun for consume_1_and_2_with_dataset_expressions to None, run_after=None
[2026-08-06T06:03:02.387+0000] {logging_mixin.py:190} INFO - [2026-08-06T06:03:02.387+0000] {dag.py:4180} INFO - Setting next_dagrun for consume_1_or_2_with_dataset_expressions to None, run_after=None
[2026-08-06T06:03:02.391+0000] {logging_mixin.py:190} INFO - [2026-08-06T06:03:02.390+0000] {dag.py:4180} INFO - Setting next_dagrun for consume_1_or_both_2_and_3_with_dataset_expressions to None, run_after=None
[2026-08-06T06:03:02.393+0000] {logging_mixin.py:190} INFO - [2026-08-06T06:03:02.393+0000] {dag.py:4180} INFO - Setting next_dagrun for dataset_consumes_1 to None, run_after=None
[2026-08-06T06:03:02.396+0000] {logging_mixin.py:190} INFO - [2026-08-06T06:03:02.396+0000] {dag.py:4180} INFO - Setting next_dagrun for dataset_consumes_1_and_2 to None, run_after=None
[2026-08-06T06:03:02.401+0000] {logging_mixin.py:190} INFO - [2026-08-06T06:03:02.400+0000] {dag.py:4180} INFO - Setting next_dagrun for dataset_consumes_1_never_scheduled to None, run_after=None
[2026-08-06T06:03:02.405+0000] {logging_mixin.py:190} INFO - [2026-08-06T06:03:02.404+0000] {dag.py:4180} INFO - Setting next_dagrun for dataset_consumes_unknown_never_scheduled to None, run_after=None
[2026-08-06T06:03:02.411+0000] {logging_mixin.py:190} INFO - [2026-08-06T06:03:02.410+0000] {dag.py:4180} INFO - Setting next_dagrun for dataset_produces_1 to 2026-08-05 00:00:00+00:00, run_after=2026-08-06 00:00:00+00:00
[2026-08-06T06:03:02.414+0000] {logging_mixin.py:190} INFO - [2026-08-06T06:03:02.414+0000] {dag.py:4180} INFO - Setting next_dagrun for dataset_produces_2 to None, run_after=None
[2026-08-06T06:03:02.512+0000] {processor.py:208} INFO - Processing /home/airflow/.local/lib/python3.12/site-packages/airflow/example_dags/example_datasets.py took 1.330 seconds
[2026-08-06T06:03:35.151+0000] {processor.py:186} INFO - Started process (PID=301) to work on /home/airflow/.local/lib/python3.12/site-packages/airflow/example_dags/example_datasets.py
[2026-08-06T06:03:35.155+0000] {processor.py:914} INFO - Processing file /home/airflow/.local/lib/python3.12/site-packages/airflow/example_dags/example_datasets.py for tasks to queue
[2026-08-06T06:03:35.162+0000] {logging_mixin.py:190} INFO - [2026-08-06T06:03:35.161+0000] {dagbag.py:588} INFO - Filling up the DagBag from /home/airflow/.local/lib/python3.12/site-packages/airflow/example_dags/example_datasets.py
[2026-08-06T06:03:36.247+0000] {processor.py:925} INFO - DAG(s) 'consume_1_or_both_2_and_3_with_dataset_expressions', 'dataset_consumes_1', 'consume_1_and_2_with_dataset_expressions', 'dataset_produces_1', 'dataset_consumes_1_never_scheduled', 'dataset_produces_2', 'conditional_dataset_and_time_based_timetable', 'consume_1_or_2_with_dataset_expressions', 'dataset_consumes_unknown_never_scheduled', 'dataset_consumes_1_and_2' retrieved from /home/airflow/.local/lib/python3.12/site-packages/airflow/example_dags/example_datasets.py
[2026-08-06T06:03:36.323+0000] {logging_mixin.py:190} INFO - [2026-08-06T06:03:36.323+0000] {dag.py:3239} INFO - Sync 10 DAGs
[2026-08-06T06:03:36.365+0000] {logging_mixin.py:190} INFO - [2026-08-06T06:03:36.364+0000] {dag.py:4180} INFO - Setting next_dagrun for conditional_dataset_and_time_based_timetable to 2026-08-05 01:00:00+00:00, run_after=2026-08-05 01:00:00+00:00
[2026-08-06T06:03:36.372+0000] {logging_mixin.py:190} INFO - [2026-08-06T06:03:36.372+0000] {dag.py:4180} INFO - Setting next_dagrun for consume_1_and_2_with_dataset_expressions to None, run_after=None
[2026-08-06T06:03:36.375+0000] {logging_mixin.py:190} INFO - [2026-08-06T06:03:36.375+0000] {dag.py:4180} INFO - Setting next_dagrun for consume_1_or_2_with_dataset_expressions to None, run_after=None
[2026-08-06T06:03:36.379+0000] {logging_mixin.py:190} INFO - [2026-08-06T06:03:36.378+0000] {dag.py:4180} INFO - Setting next_dagrun for consume_1_or_both_2_and_3_with_dataset_expressions to None, run_after=None
[2026-08-06T06:03:36.383+0000] {logging_mixin.py:190} INFO - [2026-08-06T06:03:36.383+0000] {dag.py:4180} INFO - Setting next_dagrun for dataset_consumes_1 to None, run_after=None
[2026-08-06T06:03:36.412+0000] {logging_mixin.py:190} INFO - [2026-08-06T06:03:36.412+0000] {dag.py:4180} INFO - Setting next_dagrun for dataset_consumes_1_and_2 to None, run_after=None
[2026-08-06T06:03:36.415+0000] {logging_mixin.py:190} INFO - [2026-08-06T06:03:36.415+0000] {dag.py:4180} INFO - Setting next_dagrun for dataset_consumes_1_never_scheduled to None, run_after=None
[2026-08-06T06:03:36.418+0000] {logging_mixin.py:190} INFO - [2026-08-06T06:03:36.418+0000] {dag.py:4180} INFO - Setting next_dagrun for dataset_consumes_unknown_never_scheduled to None, run_after=None
[2026-08-06T06:03:36.422+0000] {logging_mixin.py:190} INFO - [2026-08-06T06:03:36.422+0000] {dag.py:4180} INFO - Setting next_dagrun for dataset_produces_1 to 2026-08-05 00:00:00+00:00, run_after=2026-08-06 00:00:00+00:00
[2026-08-06T06:03:36.424+0000] {logging_mixin.py:190} INFO - [2026-08-06T06:03:36.424+0000] {dag.py:4180} INFO - Setting next_dagrun for dataset_produces_2 to None, run_after=None
[2026-08-06T06:03:36.472+0000] {processor.py:208} INFO - Processing /home/airflow/.local/lib/python3.12/site-packages/airflow/example_dags/example_datasets.py took 1.339 seconds
[2026-08-06T06:04:06.906+0000] {processor.py:186} INFO - Started process (PID=368) to work on /home/airflow/.local/lib/python3.12/site-packages/airflow/example_dags/example_datasets.py
[2026-08-06T06:04:06.908+0000] {processor.py:914} INFO - Processing file /home/airflow/.local/lib/python3.12/site-packages/airflow/example_dags/example_datasets.py for tasks to queue
[2026-08-06T06:04:06.914+0000] {logging_mixin.py:190} INFO - [2026-08-06T06:04:06.913+0000] {dagbag.py:588} INFO - Filling up the DagBag from /home/airflow/.local/lib/python3.12/site-packages/airflow/example_dags/example_datasets.py
[2026-08-06T06:04:07.858+0000] {processor.py:925} INFO - DAG(s) 'dataset_produces_2', 'consume_1_and_2_with_dataset_expressions', 'conditional_dataset_and_time_based_timetable', 'dataset_consumes_unknown_never_scheduled', 'dataset_consumes_1_never_scheduled', 'dataset_produces_1', 'dataset_consumes_1_and_2', 'dataset_consumes_1', 'consume_1_or_2_with_dataset_expressions', 'consume_1_or_both_2_and_3_with_dataset_expressions' retrieved from /home/airflow/.local/lib/python3.12/site-packages/airflow/example_dags/example_datasets.py
[2026-08-06T06:04:07.951+0000] {logging_mixin.py:190} INFO - [2026-08-06T06:04:07.951+0000] {dag.py:3239} INFO - Sync 10 DAGs
[2026-08-06T06:04:07.988+0000] {logging_mixin.py:190} INFO - [2026-08-06T06:04:07.988+0000] {dag.py:4180} INFO - Setting next_dagrun for conditional_dataset_and_time_based_timetable to 2026-08-05 01:00:00+00:00, run_after=2026-08-05 01:00:00+00:00
[2026-08-06T06:04:07.997+0000] {logging_mixin.py:190} INFO - [2026-08-06T06:04:07.997+0000] {dag.py:4180} INFO - Setting next_dagrun for consume_1_and_2_with_dataset_expressions to None, run_after=None
[2026-08-06T06:04:08.001+0000] {logging_mixin.py:190} INFO - [2026-08-06T06:04:08.001+0000] {dag.py:4180} INFO - Setting next_dagrun for consume_1_or_2_with_dataset_expressions to None, run_after=None
[2026-08-06T06:04:08.005+0000] {logging_mixin.py:190} INFO - [2026-08-06T06:04:08.004+0000] {dag.py:4180} INFO - Setting next_dagrun for consume_1_or_both_2_and_3_with_dataset_expressions to None, run_after=None
[2026-08-06T06:04:08.009+0000] {logging_mixin.py:190} INFO - [2026-08-06T06:04:08.008+0000] {dag.py:4180} INFO - Setting next_dagrun for dataset_consumes_1 to None, run_after=None
[2026-08-06T06:04:08.013+0000] {logging_mixin.py:190} INFO - [2026-08-06T06:04:08.012+0000] {dag.py:4180} INFO - Setting next_dagrun for dataset_consumes_1_and_2 to None, run_after=None
[2026-08-06T06:04:08.016+0000] {logging_mixin.py:190} INFO - [2026-08-06T06:04:08.016+0000] {dag.py:4180} INFO - Setting next_dagrun for dataset_consumes_1_never_scheduled to None, run_after=None
[2026-08-06T06:04:08.020+0000] {logging_mixin.py:190} INFO - [2026-08-06T06:04:08.019+0000] {dag.py:4180} INFO - Setting next_dagrun for dataset_consumes_unknown_never_scheduled to None, run_after=None
[2026-08-06T06:04:08.026+0000] {logging_mixin.py:190} INFO - [2026-08-06T06:04:08.026+0000] {dag.py:4180} INFO - Setting next_dagrun for dataset_produces_1 to 2026-08-05 00:00:00+00:00, run_after=2026-08-06 00:00:00+00:00
[2026-08-06T06:04:08.030+0000] {logging_mixin.py:190} INFO - [2026-08-06T06:04:08.030+0000] {dag.py:4180} INFO - Setting next_dagrun for dataset_produces_2 to None, run_after=None
[2026-08-06T06:04:08.107+0000] {processor.py:208} INFO - Processing /home/airflow/.local/lib/python3.12/site-packages/airflow/example_dags/example_datasets.py took 1.214 seconds
[2026-08-06T06:04:39.102+0000] {processor.py:186} INFO - Started process (PID=430) to work on /home/airflow/.local/lib/python3.12/site-packages/airflow/example_dags/example_datasets.py
[2026-08-06T06:04:39.104+0000] {processor.py:914} INFO - Processing file /home/airflow/.local/lib/python3.12/site-packages/airflow/example_dags/example_datasets.py for tasks to queue
[2026-08-06T06:04:39.117+0000] {logging_mixin.py:190} INFO - [2026-08-06T06:04:39.116+0000] {dagbag.py:588} INFO - Filling up the DagBag from /home/airflow/.local/lib/python3.12/site-packages/airflow/example_dags/example_datasets.py
[2026-08-06T06:04:40.194+0000] {processor.py:925} INFO - DAG(s) 'dataset_consumes_1_never_scheduled', 'consume_1_or_both_2_and_3_with_dataset_expressions', 'consume_1_or_2_with_dataset_expressions', 'dataset_consumes_unknown_never_scheduled', 'dataset_consumes_1', 'dataset_produces_2', 'consume_1_and_2_with_dataset_expressions', 'dataset_consumes_1_and_2', 'conditional_dataset_and_time_based_timetable', 'dataset_produces_1' retrieved from /home/airflow/.local/lib/python3.12/site-packages/airflow/example_dags/example_datasets.py
[2026-08-06T06:04:40.280+0000] {logging_mixin.py:190} INFO - [2026-08-06T06:04:40.279+0000] {dag.py:3239} INFO - Sync 10 DAGs
[2026-08-06T06:04:40.336+0000] {logging_mixin.py:190} INFO - [2026-08-06T06:04:40.335+0000] {dag.py:4180} INFO - Setting next_dagrun for conditional_dataset_and_time_based_timetable to 2026-08-05 01:00:00+00:00, run_after=2026-08-05 01:00:00+00:00
[2026-08-06T06:04:40.346+0000] {logging_mixin.py:190} INFO - [2026-08-06T06:04:40.346+0000] {dag.py:4180} INFO - Setting next_dagrun for consume_1_and_2_with_dataset_expressions to None, run_after=None
[2026-08-06T06:04:40.350+0000] {logging_mixin.py:190} INFO - [2026-08-06T06:04:40.350+0000] {dag.py:4180} INFO - Setting next_dagrun for consume_1_or_2_with_dataset_expressions to None, run_after=None
[2026-08-06T06:04:40.354+0000] {logging_mixin.py:190} INFO - [2026-08-06T06:04:40.354+0000] {dag.py:4180} INFO - Setting next_dagrun for consume_1_or_both_2_and_3_with_dataset_expressions to None, run_after=None
[2026-08-06T06:04:40.357+0000] {logging_mixin.py:190} INFO - [2026-08-06T06:04:40.357+0000] {dag.py:4180} INFO - Setting next_dagrun for dataset_consumes_1 to None, run_after=None
[2026-08-06T06:04:40.361+0000] {logging_mixin.py:190} INFO - [2026-08-06T06:04:40.361+0000] {dag.py:4180} INFO - Setting next_dagrun for dataset_consumes_1_and_2 to None, run_after=None
[2026-08-06T06:04:40.365+0000] {logging_mixin.py:190} INFO - [2026-08-06T06:04:40.365+0000] {dag.py:4180} INFO - Setting next_dagrun for dataset_consumes_1_never_scheduled to None, run_after=None
[2026-08-06T06:04:40.371+0000] {logging_mixin.py:190} INFO - [2026-08-06T06:04:40.370+0000] {dag.py:4180} INFO - Setting next_dagrun for dataset_consumes_unknown_never_scheduled to None, run_after=None
[2026-08-06T06:04:40.378+0000] {logging_mixin.py:190} INFO - [2026-08-06T06:04:40.377+0000] {dag.py:4180} INFO - Setting next_dagrun for dataset_produces_1 to 2026-08-05 00:00:00+00:00, run_after=2026-08-06 00:00:00+00:00
[2026-08-06T06:04:40.382+0000] {logging_mixin.py:190} INFO - [2026-08-06T06:04:40.381+0000] {dag.py:4180} INFO - Setting next_dagrun for dataset_produces_2 to None, run_after=None
[2026-08-06T06:04:40.469+0000] {processor.py:208} INFO - Processing /home/airflow/.local/lib/python3.12/site-packages/airflow/example_dags/example_datasets.py took 1.380 seconds
[2026-08-06T06:05:10.846+0000] {processor.py:186} INFO - Started process (PID=496) to work on /home/airflow/.local/lib/python3.12/site-packages/airflow/example_dags/example_datasets.py
[2026-08-06T06:05:10.859+0000] {processor.py:914} INFO - Processing file /home/airflow/.local/lib/python3.12/site-packages/airflow/example_dags/example_datasets.py for tasks to queue
[2026-08-06T06:05:10.868+0000] {logging_mixin.py:190} INFO - [2026-08-06T06:05:10.868+0000] {dagbag.py:588} INFO - Filling up the DagBag from /home/airflow/.local/lib/python3.12/site-packages/airflow/example_dags/example_datasets.py
[2026-08-06T06:05:11.766+0000] {processor.py:925} INFO - DAG(s) 'dataset_consumes_1_and_2', 'consume_1_or_both_2_and_3_with_dataset_expressions', 'dataset_produces_1', 'dataset_produces_2', 'dataset_consumes_unknown_never_scheduled', 'dataset_consumes_1', 'dataset_consumes_1_never_scheduled', 'consume_1_or_2_with_dataset_expressions', 'consume_1_and_2_with_dataset_expressions', 'conditional_dataset_and_time_based_timetable' retrieved from /home/airflow/.local/lib/python3.12/site-packages/airflow/example_dags/example_datasets.py
[2026-08-06T06:05:11.859+0000] {logging_mixin.py:190} INFO - [2026-08-06T06:05:11.859+0000] {dag.py:3239} INFO - Sync 10 DAGs
[2026-08-06T06:05:11.909+0000] {logging_mixin.py:190} INFO - [2026-08-06T06:05:11.908+0000] {dag.py:4180} INFO - Setting next_dagrun for conditional_dataset_and_time_based_timetable to 2026-08-05 01:00:00+00:00, run_after=2026-08-05 01:00:00+00:00
[2026-08-06T06:05:11.915+0000] {logging_mixin.py:190} INFO - [2026-08-06T06:05:11.915+0000] {dag.py:4180} INFO - Setting next_dagrun for consume_1_and_2_with_dataset_expressions to None, run_after=None
[2026-08-06T06:05:11.919+0000] {logging_mixin.py:190} INFO - [2026-08-06T06:05:11.918+0000] {dag.py:4180} INFO - Setting next_dagrun for consume_1_or_2_with_dataset_expressions to None, run_after=None
[2026-08-06T06:05:11.921+0000] {logging_mixin.py:190} INFO - [2026-08-06T06:05:11.921+0000] {dag.py:4180} INFO - Setting next_dagrun for consume_1_or_both_2_and_3_with_dataset_expressions to None, run_after=None
[2026-08-06T06:05:11.924+0000] {logging_mixin.py:190} INFO - [2026-08-06T06:05:11.924+0000] {dag.py:4180} INFO - Setting next_dagrun for dataset_consumes_1 to None, run_after=None
[2026-08-06T06:05:11.927+0000] {logging_mixin.py:190} INFO - [2026-08-06T06:05:11.926+0000] {dag.py:4180} INFO - Setting next_dagrun for dataset_consumes_1_and_2 to None, run_after=None
[2026-08-06T06:05:11.929+0000] {logging_mixin.py:190} INFO - [2026-08-06T06:05:11.929+0000] {dag.py:4180} INFO - Setting next_dagrun for dataset_consumes_1_never_scheduled to None, run_after=None
[2026-08-06T06:05:11.931+0000] {logging_mixin.py:190} INFO - [2026-08-06T06:05:11.931+0000] {dag.py:4180} INFO - Setting next_dagrun for dataset_consumes_unknown_never_scheduled to None, run_after=None
[2026-08-06T06:05:11.936+0000] {logging_mixin.py:190} INFO - [2026-08-06T06:05:11.936+0000] {dag.py:4180} INFO - Setting next_dagrun for dataset_produces_1 to 2026-08-05 00:00:00+00:00, run_after=2026-08-06 00:00:00+00:00
[2026-08-06T06:05:11.939+0000] {logging_mixin.py:190} INFO - [2026-08-06T06:05:11.938+0000] {dag.py:4180} INFO - Setting next_dagrun for dataset_produces_2 to None, run_after=None
[2026-08-06T06:05:12.026+0000] {processor.py:208} INFO - Processing /home/airflow/.local/lib/python3.12/site-packages/airflow/example_dags/example_datasets.py took 1.187 seconds
[2026-08-06T06:05:43.322+0000] {processor.py:186} INFO - Started process (PID=560) to work on /home/airflow/.local/lib/python3.12/site-packages/airflow/example_dags/example_datasets.py
[2026-08-06T06:05:43.327+0000] {processor.py:914} INFO - Processing file /home/airflow/.local/lib/python3.12/site-packages/airflow/example_dags/example_datasets.py for tasks to queue
[2026-08-06T06:05:43.339+0000] {logging_mixin.py:190} INFO - [2026-08-06T06:05:43.337+0000] {dagbag.py:588} INFO - Filling up the DagBag from /home/airflow/.local/lib/python3.12/site-packages/airflow/example_dags/example_datasets.py
[2026-08-06T06:05:44.477+0000] {processor.py:925} INFO - DAG(s) 'dataset_consumes_1_and_2', 'dataset_consumes_1_never_scheduled', 'dataset_consumes_1', 'conditional_dataset_and_time_based_timetable', 'consume_1_or_both_2_and_3_with_dataset_expressions', 'consume_1_and_2_with_dataset_expressions', 'dataset_produces_2', 'consume_1_or_2_with_dataset_expressions', 'dataset_consumes_unknown_never_scheduled', 'dataset_produces_1' retrieved from /home/airflow/.local/lib/python3.12/site-packages/airflow/example_dags/example_datasets.py
[2026-08-06T06:05:44.588+0000] {logging_mixin.py:190} INFO - [2026-08-06T06:05:44.588+0000] {dag.py:3239} INFO - Sync 10 DAGs
[2026-08-06T06:05:44.638+0000] {logging_mixin.py:190} INFO - [2026-08-06T06:05:44.637+0000] {dag.py:4180} INFO - Setting next_dagrun for conditional_dataset_and_time_based_timetable to 2026-08-05 01:00:00+00:00, run_after=2026-08-05 01:00:00+00:00
[2026-08-06T06:05:44.648+0000] {logging_mixin.py:190} INFO - [2026-08-06T06:05:44.648+0000] {dag.py:4180} INFO - Setting next_dagrun for consume_1_and_2_with_dataset_expressions to None, run_after=None
[2026-08-06T06:05:44.653+0000] {logging_mixin.py:190} INFO - [2026-08-06T06:05:44.653+0000] {dag.py:4180} INFO - Setting next_dagrun for consume_1_or_2_with_dataset_expressions to None, run_after=None
[2026-08-06T06:05:44.658+0000] {logging_mixin.py:190} INFO - [2026-08-06T06:05:44.657+0000] {dag.py:4180} INFO - Setting next_dagrun for consume_1_or_both_2_and_3_with_dataset_expressions to None, run_after=None
[2026-08-06T06:05:44.662+0000] {logging_mixin.py:190} INFO - [2026-08-06T06:05:44.661+0000] {dag.py:4180} INFO - Setting next_dagrun for dataset_consumes_1 to None, run_after=None
[2026-08-06T06:05:44.665+0000] {logging_mixin.py:190} INFO - [2026-08-06T06:05:44.665+0000] {dag.py:4180} INFO - Setting next_dagrun for dataset_consumes_1_and_2 to None, run_after=None
[2026-08-06T06:05:44.670+0000] {logging_mixin.py:190} INFO - [2026-08-06T06:05:44.669+0000] {dag.py:4180} INFO - Setting next_dagrun for dataset_consumes_1_never_scheduled to None, run_after=None
[2026-08-06T06:05:44.673+0000] {logging_mixin.py:190} INFO - [2026-08-06T06:05:44.672+0000] {dag.py:4180} INFO - Setting next_dagrun for dataset_consumes_unknown_never_scheduled to None, run_after=None
[2026-08-06T06:05:44.679+0000] {logging_mixin.py:190} INFO - [2026-08-06T06:05:44.679+0000] {dag.py:4180} INFO - Setting next_dagrun for dataset_produces_1 to 2026-08-05 00:00:00+00:00, run_after=2026-08-06 00:00:00+00:00
[2026-08-06T06:05:44.683+0000] {logging_mixin.py:190} INFO - [2026-08-06T06:05:44.683+0000] {dag.py:4180} INFO - Setting next_dagrun for dataset_produces_2 to None, run_after=None
[2026-08-06T06:05:44.778+0000] {processor.py:208} INFO - Processing /home/airflow/.local/lib/python3.12/site-packages/airflow/example_dags/example_datasets.py took 1.479 seconds
[2026-08-06T06:06:15.720+0000] {processor.py:186} INFO - Started process (PID=624) to work on /home/airflow/.local/lib/python3.12/site-packages/airflow/example_dags/example_datasets.py
[2026-08-06T06:06:15.722+0000] {processor.py:914} INFO - Processing file /home/airflow/.local/lib/python3.12/site-packages/airflow/example_dags/example_datasets.py for tasks to queue
[2026-08-06T06:06:15.725+0000] {logging_mixin.py:190} INFO - [2026-08-06T06:06:15.725+0000] {dagbag.py:588} INFO - Filling up the DagBag from /home/airflow/.local/lib/python3.12/site-packages/airflow/example_dags/example_datasets.py
[2026-08-06T06:06:16.627+0000] {processor.py:925} INFO - DAG(s) 'dataset_consumes_1_and_2', 'dataset_consumes_unknown_never_scheduled', 'conditional_dataset_and_time_based_timetable', 'dataset_consumes_1', 'dataset_produces_1', 'consume_1_and_2_with_dataset_expressions', 'dataset_produces_2', 'consume_1_or_both_2_and_3_with_dataset_expressions', 'consume_1_or_2_with_dataset_expressions', 'dataset_consumes_1_never_scheduled' retrieved from /home/airflow/.local/lib/python3.12/site-packages/airflow/example_dags/example_datasets.py
[2026-08-06T06:06:16.700+0000] {logging_mixin.py:190} INFO - [2026-08-06T06:06:16.699+0000] {dag.py:3239} INFO - Sync 10 DAGs
[2026-08-06T06:06:16.733+0000] {logging_mixin.py:190} INFO - [2026-08-06T06:06:16.733+0000] {dag.py:4180} INFO - Setting next_dagrun for conditional_dataset_and_time_based_timetable to 2026-08-05 01:00:00+00:00, run_after=2026-08-05 01:00:00+00:00
[2026-08-06T06:06:16.740+0000] {logging_mixin.py:190} INFO - [2026-08-06T06:06:16.739+0000] {dag.py:4180} INFO - Setting next_dagrun for consume_1_and_2_with_dataset_expressions to None, run_after=None
[2026-08-06T06:06:16.743+0000] {logging_mixin.py:190} INFO - [2026-08-06T06:06:16.743+0000] {dag.py:4180} INFO - Setting next_dagrun for consume_1_or_2_with_dataset_expressions to None, run_after=None
[2026-08-06T06:06:16.745+0000] {logging_mixin.py:190} INFO - [2026-08-06T06:06:16.745+0000] {dag.py:4180} INFO - Setting next_dagrun for consume_1_or_both_2_and_3_with_dataset_expressions to None, run_after=None
[2026-08-06T06:06:16.747+0000] {logging_mixin.py:190} INFO - [2026-08-06T06:06:16.747+0000] {dag.py:4180} INFO - Setting next_dagrun for dataset_consumes_1 to None, run_after=None
[2026-08-06T06:06:16.750+0000] {logging_mixin.py:190} INFO - [2026-08-06T06:06:16.749+0000] {dag.py:4180} INFO - Setting next_dagrun for dataset_consumes_1_and_2 to None, run_after=None
[2026-08-06T06:06:16.752+0000] {logging_mixin.py:190} INFO - [2026-08-06T06:06:16.752+0000] {dag.py:4180} INFO - Setting next_dagrun for dataset_consumes_1_never_scheduled to None, run_after=None
[2026-08-06T06:06:16.754+0000] {logging_mixin.py:190} INFO - [2026-08-06T06:06:16.753+0000] {dag.py:4180} INFO - Setting next_dagrun for dataset_consumes_unknown_never_scheduled to None, run_after=None
[2026-08-06T06:06:16.759+0000] {logging_mixin.py:190} INFO - [2026-08-06T06:06:16.759+0000] {dag.py:4180} INFO - Setting next_dagrun for dataset_produces_1 to 2026-08-05 00:00:00+00:00, run_after=2026-08-06 00:00:00+00:00
[2026-08-06T06:06:16.762+0000] {logging_mixin.py:190} INFO - [2026-08-06T06:06:16.761+0000] {dag.py:4180} INFO - Setting next_dagrun for dataset_produces_2 to None, run_after=None
[2026-08-06T06:06:16.860+0000] {processor.py:208} INFO - Processing /home/airflow/.local/lib/python3.12/site-packages/airflow/example_dags/example_datasets.py took 1.149 seconds
[2026-08-06T06:06:47.333+0000] {processor.py:186} INFO - Started process (PID=694) to work on /home/airflow/.local/lib/python3.12/site-packages/airflow/example_dags/example_datasets.py
[2026-08-06T06:06:47.337+0000] {processor.py:914} INFO - Processing file /home/airflow/.local/lib/python3.12/site-packages/airflow/example_dags/example_datasets.py for tasks to queue
[2026-08-06T06:06:47.341+0000] {logging_mixin.py:190} INFO - [2026-08-06T06:06:47.341+0000] {dagbag.py:588} INFO - Filling up the DagBag from /home/airflow/.local/lib/python3.12/site-packages/airflow/example_dags/example_datasets.py
[2026-08-06T06:06:48.406+0000] {processor.py:925} INFO - DAG(s) 'consume_1_and_2_with_dataset_expressions', 'dataset_consumes_1_and_2', 'dataset_produces_1', 'conditional_dataset_and_time_based_timetable', 'consume_1_or_2_with_dataset_expressions', 'consume_1_or_both_2_and_3_with_dataset_expressions', 'dataset_consumes_1_never_scheduled', 'dataset_produces_2', 'dataset_consumes_1', 'dataset_consumes_unknown_never_scheduled' retrieved from /home/airflow/.local/lib/python3.12/site-packages/airflow/example_dags/example_datasets.py
[2026-08-06T06:06:48.481+0000] {logging_mixin.py:190} INFO - [2026-08-06T06:06:48.481+0000] {dag.py:3239} INFO - Sync 10 DAGs
[2026-08-06T06:06:48.527+0000] {logging_mixin.py:190} INFO - [2026-08-06T06:06:48.527+0000] {dag.py:4180} INFO - Setting next_dagrun for conditional_dataset_and_time_based_timetable to 2026-08-05 01:00:00+00:00, run_after=2026-08-05 01:00:00+00:00
[2026-08-06T06:06:48.533+0000] {logging_mixin.py:190} INFO - [2026-08-06T06:06:48.533+0000] {dag.py:4180} INFO - Setting next_dagrun for consume_1_and_2_with_dataset_expressions to None, run_after=None
[2026-08-06T06:06:48.538+0000] {logging_mixin.py:190} INFO - [2026-08-06T06:06:48.537+0000] {dag.py:4180} INFO - Setting next_dagrun for consume_1_or_2_with_dataset_expressions to None, run_after=None
[2026-08-06T06:06:48.542+0000] {logging_mixin.py:190} INFO - [2026-08-06T06:06:48.542+0000] {dag.py:4180} INFO - Setting next_dagrun for consume_1_or_both_2_and_3_with_dataset_expressions to None, run_after=None
[2026-08-06T06:06:48.545+0000] {logging_mixin.py:190} INFO - [2026-08-06T06:06:48.545+0000] {dag.py:4180} INFO - Setting next_dagrun for dataset_consumes_1 to None, run_after=None
[2026-08-06T06:06:48.551+0000] {logging_mixin.py:190} INFO - [2026-08-06T06:06:48.551+0000] {dag.py:4180} INFO - Setting next_dagrun for dataset_consumes_1_and_2 to None, run_after=None
[2026-08-06T06:06:48.554+0000] {logging_mixin.py:190} INFO - [2026-08-06T06:06:48.554+0000] {dag.py:4180} INFO - Setting next_dagrun for dataset_consumes_1_never_scheduled to None, run_after=None
[2026-08-06T06:06:48.588+0000] {logging_mixin.py:190} INFO - [2026-08-06T06:06:48.588+0000] {dag.py:4180} INFO - Setting next_dagrun for dataset_consumes_unknown_never_scheduled to None, run_after=None
[2026-08-06T06:06:48.620+0000] {logging_mixin.py:190} INFO - [2026-08-06T06:06:48.619+0000] {dag.py:4180} INFO - Setting next_dagrun for dataset_produces_1 to 2026-08-05 00:00:00+00:00, run_after=2026-08-06 00:00:00+00:00
[2026-08-06T06:06:48.624+0000] {logging_mixin.py:190} INFO - [2026-08-06T06:06:48.624+0000] {dag.py:4180} INFO - Setting next_dagrun for dataset_produces_2 to None, run_after=None
[2026-08-06T06:06:48.696+0000] {processor.py:208} INFO - Processing /home/airflow/.local/lib/python3.12/site-packages/airflow/example_dags/example_datasets.py took 1.376 seconds
[2026-08-06T06:07:19.540+0000] {processor.py:186} INFO - Started process (PID=759) to work on /home/airflow/.local/lib/python3.12/site-packages/airflow/example_dags/example_datasets.py
[2026-08-06T06:07:19.541+0000] {processor.py:914} INFO - Processing file /home/airflow/.local/lib/python3.12/site-packages/airflow/example_dags/example_datasets.py for tasks to queue
[2026-08-06T06:07:19.544+0000] {logging_mixin.py:190} INFO - [2026-08-06T06:07:19.544+0000] {dagbag.py:588} INFO - Filling up the DagBag from /home/airflow/.local/lib/python3.12/site-packages/airflow/example_dags/example_datasets.py
[2026-08-06T06:07:20.269+0000] {processor.py:925} INFO - DAG(s) 'dataset_consumes_unknown_never_scheduled', 'dataset_consumes_1_never_scheduled', 'consume_1_or_both_2_and_3_with_dataset_expressions', 'conditional_dataset_and_time_based_timetable', 'consume_1_and_2_with_dataset_expressions', 'dataset_consumes_1', 'dataset_produces_1', 'dataset_produces_2', 'consume_1_or_2_with_dataset_expressions', 'dataset_consumes_1_and_2' retrieved from /home/airflow/.local/lib/python3.12/site-packages/airflow/example_dags/example_datasets.py
[2026-08-06T06:07:20.324+0000] {logging_mixin.py:190} INFO - [2026-08-06T06:07:20.324+0000] {dag.py:3239} INFO - Sync 10 DAGs
[2026-08-06T06:07:20.355+0000] {logging_mixin.py:190} INFO - [2026-08-06T06:07:20.354+0000] {dag.py:4180} INFO - Setting next_dagrun for conditional_dataset_and_time_based_timetable to 2026-08-05 01:00:00+00:00, run_after=2026-08-05 01:00:00+00:00
[2026-08-06T06:07:20.362+0000] {logging_mixin.py:190} INFO - [2026-08-06T06:07:20.361+0000] {dag.py:4180} INFO - Setting next_dagrun for consume_1_and_2_with_dataset_expressions to None, run_after=None
[2026-08-06T06:07:20.364+0000] {logging_mixin.py:190} INFO - [2026-08-06T06:07:20.364+0000] {dag.py:4180} INFO - Setting next_dagrun for consume_1_or_2_with_dataset_expressions to None, run_after=None
[2026-08-06T06:07:20.366+0000] {logging_mixin.py:190} INFO - [2026-08-06T06:07:20.366+0000] {dag.py:4180} INFO - Setting next_dagrun for consume_1_or_both_2_and_3_with_dataset_expressions to None, run_after=None
[2026-08-06T06:07:20.367+0000] {logging_mixin.py:190} INFO - [2026-08-06T06:07:20.367+0000] {dag.py:4180} INFO - Setting next_dagrun for dataset_consumes_1 to None, run_after=None
[2026-08-06T06:07:20.370+0000] {logging_mixin.py:190} INFO - [2026-08-06T06:07:20.370+0000] {dag.py:4180} INFO - Setting next_dagrun for dataset_consumes_1_and_2 to None, run_after=None
[2026-08-06T06:07:20.372+0000] {logging_mixin.py:190} INFO - [2026-08-06T06:07:20.372+0000] {dag.py:4180} INFO - Setting next_dagrun for dataset_consumes_1_never_scheduled to None, run_after=None
[2026-08-06T06:07:20.375+0000] {logging_mixin.py:190} INFO - [2026-08-06T06:07:20.374+0000] {dag.py:4180} INFO - Setting next_dagrun for dataset_consumes_unknown_never_scheduled to None, run_after=None
[2026-08-06T06:07:20.378+0000] {logging_mixin.py:190} INFO - [2026-08-06T06:07:20.378+0000] {dag.py:4180} INFO - Setting next_dagrun for dataset_produces_1 to 2026-08-05 00:00:00+00:00, run_after=2026-08-06 00:00:00+00:00
[2026-08-06T06:07:20.380+0000] {logging_mixin.py:190} INFO - [2026-08-06T06:07:20.380+0000] {dag.py:4180} INFO - Setting next_dagrun for dataset_produces_2 to None, run_after=None
[2026-08-06T06:07:20.428+0000] {processor.py:208} INFO - Processing /home/airflow/.local/lib/python3.12/site-packages/airflow/example_dags/example_datasets.py took 0.895 seconds
[2026-08-06T06:07:50.908+0000] {processor.py:186} INFO - Started process (PID=826) to work on /home/airflow/.local/lib/python3.12/site-packages/airflow/example_dags/example_datasets.py
[2026-08-06T06:07:50.911+0000] {processor.py:914} INFO - Processing file /home/airflow/.local/lib/python3.12/site-packages/airflow/example_dags/example_datasets.py for tasks to queue
[2026-08-06T06:07:50.914+0000] {logging_mixin.py:190} INFO - [2026-08-06T06:07:50.914+0000] {dagbag.py:588} INFO - Filling up the DagBag from /home/airflow/.local/lib/python3.12/site-packages/airflow/example_dags/example_datasets.py
[2026-08-06T06:07:52.022+0000] {processor.py:925} INFO - DAG(s) 'dataset_consumes_1_never_scheduled', 'dataset_produces_2', 'consume_1_or_both_2_and_3_with_dataset_expressions', 'consume_1_or_2_with_dataset_expressions', 'dataset_consumes_1', 'conditional_dataset_and_time_based_timetable', 'dataset_produces_1', 'dataset_consumes_unknown_never_scheduled', 'dataset_consumes_1_and_2', 'consume_1_and_2_with_dataset_expressions' retrieved from /home/airflow/.local/lib/python3.12/site-packages/airflow/example_dags/example_datasets.py
[2026-08-06T06:07:52.092+0000] {logging_mixin.py:190} INFO - [2026-08-06T06:07:52.092+0000] {dag.py:3239} INFO - Sync 10 DAGs
[2026-08-06T06:07:52.125+0000] {logging_mixin.py:190} INFO - [2026-08-06T06:07:52.124+0000] {dag.py:4180} INFO - Setting next_dagrun for conditional_dataset_and_time_based_timetable to 2026-08-05 01:00:00+00:00, run_after=2026-08-05 01:00:00+00:00
[2026-08-06T06:07:52.130+0000] {logging_mixin.py:190} INFO - [2026-08-06T06:07:52.130+0000] {dag.py:4180} INFO - Setting next_dagrun for consume_1_and_2_with_dataset_expressions to None, run_after=None
[2026-08-06T06:07:52.136+0000] {logging_mixin.py:190} INFO - [2026-08-06T06:07:52.136+0000] {dag.py:4180} INFO - Setting next_dagrun for consume_1_or_2_with_dataset_expressions to None, run_after=None
[2026-08-06T06:07:52.139+0000] {logging_mixin.py:190} INFO - [2026-08-06T06:07:52.138+0000] {dag.py:4180} INFO - Setting next_dagrun for consume_1_or_both_2_and_3_with_dataset_expressions to None, run_after=None
[2026-08-06T06:07:52.141+0000] {logging_mixin.py:190} INFO - [2026-08-06T06:07:52.141+0000] {dag.py:4180} INFO - Setting next_dagrun for dataset_consumes_1 to None, run_after=None
[2026-08-06T06:07:52.143+0000] {logging_mixin.py:190} INFO - [2026-08-06T06:07:52.143+0000] {dag.py:4180} INFO - Setting next_dagrun for dataset_consumes_1_and_2 to None, run_after=None
[2026-08-06T06:07:52.145+0000] {logging_mixin.py:190} INFO - [2026-08-06T06:07:52.145+0000] {dag.py:4180} INFO - Setting next_dagrun for dataset_consumes_1_never_scheduled to None, run_after=None
[2026-08-06T06:07:52.148+0000] {logging_mixin.py:190} INFO - [2026-08-06T06:07:52.148+0000] {dag.py:4180} INFO - Setting next_dagrun for dataset_consumes_unknown_never_scheduled to None, run_after=None
[2026-08-06T06:07:52.152+0000] {logging_mixin.py:190} INFO - [2026-08-06T06:07:52.152+0000] {dag.py:4180} INFO - Setting next_dagrun for dataset_produces_1 to 2026-08-05 00:00:00+00:00, run_after=2026-08-06 00:00:00+00:00
[2026-08-06T06:07:52.154+0000] {logging_mixin.py:190} INFO - [2026-08-06T06:07:52.154+0000] {dag.py:4180} INFO - Setting next_dagrun for dataset_produces_2 to None, run_after=None
[2026-08-06T06:07:52.253+0000] {processor.py:208} INFO - Processing /home/airflow/.local/lib/python3.12/site-packages/airflow/example_dags/example_datasets.py took 1.355 seconds
[2026-08-06T06:08:22.447+0000] {processor.py:186} INFO - Started process (PID=896) to work on /home/airflow/.local/lib/python3.12/site-packages/airflow/example_dags/example_datasets.py
[2026-08-06T06:08:22.449+0000] {processor.py:914} INFO - Processing file /home/airflow/.local/lib/python3.12/site-packages/airflow/example_dags/example_datasets.py for tasks to queue
[2026-08-06T06:08:22.454+0000] {logging_mixin.py:190} INFO - [2026-08-06T06:08:22.453+0000] {dagbag.py:588} INFO - Filling up the DagBag from /home/airflow/.local/lib/python3.12/site-packages/airflow/example_dags/example_datasets.py
[2026-08-06T06:08:23.271+0000] {processor.py:925} INFO - DAG(s) 'consume_1_or_both_2_and_3_with_dataset_expressions', 'dataset_consumes_unknown_never_scheduled', 'dataset_consumes_1', 'dataset_produces_2', 'dataset_consumes_1_and_2', 'dataset_consumes_1_never_scheduled', 'consume_1_and_2_with_dataset_expressions', 'conditional_dataset_and_time_based_timetable', 'dataset_produces_1', 'consume_1_or_2_with_dataset_expressions' retrieved from /home/airflow/.local/lib/python3.12/site-packages/airflow/example_dags/example_datasets.py
[2026-08-06T06:08:23.336+0000] {logging_mixin.py:190} INFO - [2026-08-06T06:08:23.336+0000] {dag.py:3239} INFO - Sync 10 DAGs
[2026-08-06T06:08:23.366+0000] {logging_mixin.py:190} INFO - [2026-08-06T06:08:23.365+0000] {dag.py:4180} INFO - Setting next_dagrun for conditional_dataset_and_time_based_timetable to 2026-08-05 01:00:00+00:00, run_after=2026-08-05 01:00:00+00:00
[2026-08-06T06:08:23.370+0000] {logging_mixin.py:190} INFO - [2026-08-06T06:08:23.370+0000] {dag.py:4180} INFO - Setting next_dagrun for consume_1_and_2_with_dataset_expressions to None, run_after=None
[2026-08-06T06:08:23.372+0000] {logging_mixin.py:190} INFO - [2026-08-06T06:08:23.372+0000] {dag.py:4180} INFO - Setting next_dagrun for consume_1_or_2_with_dataset_expressions to None, run_after=None
[2026-08-06T06:08:23.374+0000] {logging_mixin.py:190} INFO - [2026-08-06T06:08:23.374+0000] {dag.py:4180} INFO - Setting next_dagrun for consume_1_or_both_2_and_3_with_dataset_expressions to None, run_after=None
[2026-08-06T06:08:23.376+0000] {logging_mixin.py:190} INFO - [2026-08-06T06:08:23.376+0000] {dag.py:4180} INFO - Setting next_dagrun for dataset_consumes_1 to None, run_after=None
[2026-08-06T06:08:23.378+0000] {logging_mixin.py:190} INFO - [2026-08-06T06:08:23.377+0000] {dag.py:4180} INFO - Setting next_dagrun for dataset_consumes_1_and_2 to None, run_after=None
[2026-08-06T06:08:23.379+0000] {logging_mixin.py:190} INFO - [2026-08-06T06:08:23.379+0000] {dag.py:4180} INFO - Setting next_dagrun for dataset_consumes_1_never_scheduled to None, run_after=None
[2026-08-06T06:08:23.381+0000] {logging_mixin.py:190} INFO - [2026-08-06T06:08:23.381+0000] {dag.py:4180} INFO - Setting next_dagrun for dataset_consumes_unknown_never_scheduled to None, run_after=None
[2026-08-06T06:08:23.384+0000] {logging_mixin.py:190} INFO - [2026-08-06T06:08:23.384+0000] {dag.py:4180} INFO - Setting next_dagrun for dataset_produces_1 to 2026-08-05 00:00:00+00:00, run_after=2026-08-06 00:00:00+00:00
[2026-08-06T06:08:23.386+0000] {logging_mixin.py:190} INFO - [2026-08-06T06:08:23.385+0000] {dag.py:4180} INFO - Setting next_dagrun for dataset_produces_2 to None, run_after=None
[2026-08-06T06:08:23.427+0000] {processor.py:208} INFO - Processing /home/airflow/.local/lib/python3.12/site-packages/airflow/example_dags/example_datasets.py took 0.990 seconds
[2026-08-06T06:08:54.086+0000] {processor.py:186} INFO - Started process (PID=960) to work on /home/airflow/.local/lib/python3.12/site-packages/airflow/example_dags/example_datasets.py
[2026-08-06T06:08:54.088+0000] {processor.py:914} INFO - Processing file /home/airflow/.local/lib/python3.12/site-packages/airflow/example_dags/example_datasets.py for tasks to queue
[2026-08-06T06:08:54.093+0000] {logging_mixin.py:190} INFO - [2026-08-06T06:08:54.093+0000] {dagbag.py:588} INFO - Filling up the DagBag from /home/airflow/.local/lib/python3.12/site-packages/airflow/example_dags/example_datasets.py
[2026-08-06T06:08:55.195+0000] {processor.py:925} INFO - DAG(s) 'dataset_consumes_1_never_scheduled', 'dataset_consumes_unknown_never_scheduled', 'dataset_produces_1', 'consume_1_or_both_2_and_3_with_dataset_expressions', 'consume_1_and_2_with_dataset_expressions', 'consume_1_or_2_with_dataset_expressions', 'dataset_consumes_1_and_2', 'conditional_dataset_and_time_based_timetable', 'dataset_consumes_1', 'dataset_produces_2' retrieved from /home/airflow/.local/lib/python3.12/site-packages/airflow/example_dags/example_datasets.py
[2026-08-06T06:08:55.280+0000] {logging_mixin.py:190} INFO - [2026-08-06T06:08:55.280+0000] {dag.py:3239} INFO - Sync 10 DAGs
[2026-08-06T06:08:55.325+0000] {logging_mixin.py:190} INFO - [2026-08-06T06:08:55.324+0000] {dag.py:4180} INFO - Setting next_dagrun for conditional_dataset_and_time_based_timetable to 2026-08-05 01:00:00+00:00, run_after=2026-08-05 01:00:00+00:00
[2026-08-06T06:08:55.332+0000] {logging_mixin.py:190} INFO - [2026-08-06T06:08:55.331+0000] {dag.py:4180} INFO - Setting next_dagrun for consume_1_and_2_with_dataset_expressions to None, run_after=None
[2026-08-06T06:08:55.335+0000] {logging_mixin.py:190} INFO - [2026-08-06T06:08:55.335+0000] {dag.py:4180} INFO - Setting next_dagrun for consume_1_or_2_with_dataset_expressions to None, run_after=None
[2026-08-06T06:08:55.339+0000] {logging_mixin.py:190} INFO - [2026-08-06T06:08:55.338+0000] {dag.py:4180} INFO - Setting next_dagrun for consume_1_or_both_2_and_3_with_dataset_expressions to None, run_after=None
[2026-08-06T06:08:55.342+0000] {logging_mixin.py:190} INFO - [2026-08-06T06:08:55.341+0000] {dag.py:4180} INFO - Setting next_dagrun for dataset_consumes_1 to None, run_after=None
[2026-08-06T06:08:55.345+0000] {logging_mixin.py:190} INFO - [2026-08-06T06:08:55.344+0000] {dag.py:4180} INFO - Setting next_dagrun for dataset_consumes_1_and_2 to None, run_after=None
[2026-08-06T06:08:55.348+0000] {logging_mixin.py:190} INFO - [2026-08-06T06:08:55.347+0000] {dag.py:4180} INFO - Setting next_dagrun for dataset_consumes_1_never_scheduled to None, run_after=None
[2026-08-06T06:08:55.351+0000] {logging_mixin.py:190} INFO - [2026-08-06T06:08:55.351+0000] {dag.py:4180} INFO - Setting next_dagrun for dataset_consumes_unknown_never_scheduled to None, run_after=None
[2026-08-06T06:08:55.357+0000] {logging_mixin.py:190} INFO - [2026-08-06T06:08:55.356+0000] {dag.py:4180} INFO - Setting next_dagrun for dataset_produces_1 to 2026-08-05 00:00:00+00:00, run_after=2026-08-06 00:00:00+00:00
[2026-08-06T06:08:55.359+0000] {logging_mixin.py:190} INFO - [2026-08-06T06:08:55.359+0000] {dag.py:4180} INFO - Setting next_dagrun for dataset_produces_2 to None, run_after=None
[2026-08-06T06:08:55.457+0000] {processor.py:208} INFO - Processing /home/airflow/.local/lib/python3.12/site-packages/airflow/example_dags/example_datasets.py took 1.381 seconds
[2026-08-06T06:09:25.663+0000] {processor.py:186} INFO - Started process (PID=1027) to work on /home/airflow/.local/lib/python3.12/site-packages/airflow/example_dags/example_datasets.py
[2026-08-06T06:09:25.665+0000] {processor.py:914} INFO - Processing file /home/airflow/.local/lib/python3.12/site-packages/airflow/example_dags/example_datasets.py for tasks to queue
[2026-08-06T06:09:25.669+0000] {logging_mixin.py:190} INFO - [2026-08-06T06:09:25.668+0000] {dagbag.py:588} INFO - Filling up the DagBag from /home/airflow/.local/lib/python3.12/site-packages/airflow/example_dags/example_datasets.py
[2026-08-06T06:09:26.623+0000] {processor.py:925} INFO - DAG(s) 'conditional_dataset_and_time_based_timetable', 'dataset_consumes_unknown_never_scheduled', 'dataset_consumes_1', 'consume_1_or_2_with_dataset_expressions', 'dataset_produces_1', 'consume_1_and_2_with_dataset_expressions', 'dataset_consumes_1_never_scheduled', 'dataset_produces_2', 'consume_1_or_both_2_and_3_with_dataset_expressions', 'dataset_consumes_1_and_2' retrieved from /home/airflow/.local/lib/python3.12/site-packages/airflow/example_dags/example_datasets.py
[2026-08-06T06:09:26.688+0000] {logging_mixin.py:190} INFO - [2026-08-06T06:09:26.688+0000] {dag.py:3239} INFO - Sync 10 DAGs
[2026-08-06T06:09:26.731+0000] {logging_mixin.py:190} INFO - [2026-08-06T06:09:26.730+0000] {dag.py:4180} INFO - Setting next_dagrun for conditional_dataset_and_time_based_timetable to 2026-08-05 01:00:00+00:00, run_after=2026-08-05 01:00:00+00:00
[2026-08-06T06:09:26.737+0000] {logging_mixin.py:190} INFO - [2026-08-06T06:09:26.737+0000] {dag.py:4180} INFO - Setting next_dagrun for consume_1_and_2_with_dataset_expressions to None, run_after=None
[2026-08-06T06:09:26.739+0000] {logging_mixin.py:190} INFO - [2026-08-06T06:09:26.739+0000] {dag.py:4180} INFO - Setting next_dagrun for consume_1_or_2_with_dataset_expressions to None, run_after=None
[2026-08-06T06:09:26.741+0000] {logging_mixin.py:190} INFO - [2026-08-06T06:09:26.741+0000] {dag.py:4180} INFO - Setting next_dagrun for consume_1_or_both_2_and_3_with_dataset_expressions to None, run_after=None
[2026-08-06T06:09:26.744+0000] {logging_mixin.py:190} INFO - [2026-08-06T06:09:26.744+0000] {dag.py:4180} INFO - Setting next_dagrun for dataset_consumes_1 to None, run_after=None
[2026-08-06T06:09:26.746+0000] {logging_mixin.py:190} INFO - [2026-08-06T06:09:26.746+0000] {dag.py:4180} INFO - Setting next_dagrun for dataset_consumes_1_and_2 to None, run_after=None
[2026-08-06T06:09:26.749+0000] {logging_mixin.py:190} INFO - [2026-08-06T06:09:26.748+0000] {dag.py:4180} INFO - Setting next_dagrun for dataset_consumes_1_never_scheduled to None, run_after=None
[2026-08-06T06:09:26.751+0000] {logging_mixin.py:190} INFO - [2026-08-06T06:09:26.750+0000] {dag.py:4180} INFO - Setting next_dagrun for dataset_consumes_unknown_never_scheduled to None, run_after=None
[2026-08-06T06:09:26.754+0000] {logging_mixin.py:190} INFO - [2026-08-06T06:09:26.754+0000] {dag.py:4180} INFO - Setting next_dagrun for dataset_produces_1 to 2026-08-05 00:00:00+00:00, run_after=2026-08-06 00:00:00+00:00
[2026-08-06T06:09:26.756+0000] {logging_mixin.py:190} INFO - [2026-08-06T06:09:26.756+0000] {dag.py:4180} INFO - Setting next_dagrun for dataset_produces_2 to None, run_after=None
[2026-08-06T06:09:26.823+0000] {processor.py:208} INFO - Processing /home/airflow/.local/lib/python3.12/site-packages/airflow/example_dags/example_datasets.py took 1.170 seconds
[2026-08-06T06:09:57.844+0000] {processor.py:186} INFO - Started process (PID=1092) to work on /home/airflow/.local/lib/python3.12/site-packages/airflow/example_dags/example_datasets.py
[2026-08-06T06:09:57.848+0000] {processor.py:914} INFO - Processing file /home/airflow/.local/lib/python3.12/site-packages/airflow/example_dags/example_datasets.py for tasks to queue
[2026-08-06T06:09:57.856+0000] {logging_mixin.py:190} INFO - [2026-08-06T06:09:57.855+0000] {dagbag.py:588} INFO - Filling up the DagBag from /home/airflow/.local/lib/python3.12/site-packages/airflow/example_dags/example_datasets.py
[2026-08-06T06:09:58.899+0000] {processor.py:925} INFO - DAG(s) 'dataset_produces_1', 'dataset_consumes_1_and_2', 'conditional_dataset_and_time_based_timetable', 'consume_1_and_2_with_dataset_expressions', 'dataset_consumes_1_never_scheduled', 'consume_1_or_2_with_dataset_expressions', 'consume_1_or_both_2_and_3_with_dataset_expressions', 'dataset_produces_2', 'dataset_consumes_unknown_never_scheduled', 'dataset_consumes_1' retrieved from /home/airflow/.local/lib/python3.12/site-packages/airflow/example_dags/example_datasets.py
[2026-08-06T06:09:58.970+0000] {logging_mixin.py:190} INFO - [2026-08-06T06:09:58.970+0000] {dag.py:3239} INFO - Sync 10 DAGs
[2026-08-06T06:09:59.008+0000] {logging_mixin.py:190} INFO - [2026-08-06T06:09:59.007+0000] {dag.py:4180} INFO - Setting next_dagrun for conditional_dataset_and_time_based_timetable to 2026-08-05 01:00:00+00:00, run_after=2026-08-05 01:00:00+00:00
[2026-08-06T06:09:59.024+0000] {logging_mixin.py:190} INFO - [2026-08-06T06:09:59.023+0000] {dag.py:4180} INFO - Setting next_dagrun for consume_1_and_2_with_dataset_expressions to None, run_after=None
[2026-08-06T06:09:59.032+0000] {logging_mixin.py:190} INFO - [2026-08-06T06:09:59.032+0000] {dag.py:4180} INFO - Setting next_dagrun for consume_1_or_2_with_dataset_expressions to None, run_after=None
[2026-08-06T06:09:59.069+0000] {logging_mixin.py:190} INFO - [2026-08-06T06:09:59.069+0000] {dag.py:4180} INFO - Setting next_dagrun for consume_1_or_both_2_and_3_with_dataset_expressions to None, run_after=None
[2026-08-06T06:09:59.074+0000] {logging_mixin.py:190} INFO - [2026-08-06T06:09:59.074+0000] {dag.py:4180} INFO - Setting next_dagrun for dataset_consumes_1 to None, run_after=None
[2026-08-06T06:09:59.079+0000] {logging_mixin.py:190} INFO - [2026-08-06T06:09:59.078+0000] {dag.py:4180} INFO - Setting next_dagrun for dataset_consumes_1_and_2 to None, run_after=None
[2026-08-06T06:09:59.085+0000] {logging_mixin.py:190} INFO - [2026-08-06T06:09:59.085+0000] {dag.py:4180} INFO - Setting next_dagrun for dataset_consumes_1_never_scheduled to None, run_after=None
[2026-08-06T06:09:59.090+0000] {logging_mixin.py:190} INFO - [2026-08-06T06:09:59.089+0000] {dag.py:4180} INFO - Setting next_dagrun for dataset_consumes_unknown_never_scheduled to None, run_after=None
[2026-08-06T06:09:59.101+0000] {logging_mixin.py:190} INFO - [2026-08-06T06:09:59.100+0000] {dag.py:4180} INFO - Setting next_dagrun for dataset_produces_1 to 2026-08-05 00:00:00+00:00, run_after=2026-08-06 00:00:00+00:00
[2026-08-06T06:09:59.105+0000] {logging_mixin.py:190} INFO - [2026-08-06T06:09:59.104+0000] {dag.py:4180} INFO - Setting next_dagrun for dataset_produces_2 to None, run_after=None
[2026-08-06T06:09:59.203+0000] {processor.py:208} INFO - Processing /home/airflow/.local/lib/python3.12/site-packages/airflow/example_dags/example_datasets.py took 1.370 seconds
[2026-08-06T06:10:29.310+0000] {processor.py:186} INFO - Started process (PID=1159) to work on /home/airflow/.local/lib/python3.12/site-packages/airflow/example_dags/example_datasets.py
[2026-08-06T06:10:29.312+0000] {processor.py:914} INFO - Processing file /home/airflow/.local/lib/python3.12/site-packages/airflow/example_dags/example_datasets.py for tasks to queue
[2026-08-06T06:10:29.316+0000] {logging_mixin.py:190} INFO - [2026-08-06T06:10:29.316+0000] {dagbag.py:588} INFO - Filling up the DagBag from /home/airflow/.local/lib/python3.12/site-packages/airflow/example_dags/example_datasets.py
[2026-08-06T06:10:30.275+0000] {processor.py:925} INFO - DAG(s) 'dataset_produces_2', 'dataset_consumes_1', 'consume_1_or_2_with_dataset_expressions', 'conditional_dataset_and_time_based_timetable', 'consume_1_or_both_2_and_3_with_dataset_expressions', 'dataset_consumes_1_never_scheduled', 'dataset_consumes_1_and_2', 'dataset_produces_1', 'consume_1_and_2_with_dataset_expressions', 'dataset_consumes_unknown_never_scheduled' retrieved from /home/airflow/.local/lib/python3.12/site-packages/airflow/example_dags/example_datasets.py
[2026-08-06T06:10:30.359+0000] {logging_mixin.py:190} INFO - [2026-08-06T06:10:30.357+0000] {dag.py:3239} INFO - Sync 10 DAGs
[2026-08-06T06:10:30.408+0000] {logging_mixin.py:190} INFO - [2026-08-06T06:10:30.406+0000] {dag.py:4180} INFO - Setting next_dagrun for conditional_dataset_and_time_based_timetable to 2026-08-05 01:00:00+00:00, run_after=2026-08-05 01:00:00+00:00
[2026-08-06T06:10:30.420+0000] {logging_mixin.py:190} INFO - [2026-08-06T06:10:30.419+0000] {dag.py:4180} INFO - Setting next_dagrun for consume_1_and_2_with_dataset_expressions to None, run_after=None
[2026-08-06T06:10:30.423+0000] {logging_mixin.py:190} INFO - [2026-08-06T06:10:30.422+0000] {dag.py:4180} INFO - Setting next_dagrun for consume_1_or_2_with_dataset_expressions to None, run_after=None
[2026-08-06T06:10:30.436+0000] {logging_mixin.py:190} INFO - [2026-08-06T06:10:30.435+0000] {dag.py:4180} INFO - Setting next_dagrun for consume_1_or_both_2_and_3_with_dataset_expressions to None, run_after=None
[2026-08-06T06:10:30.438+0000] {logging_mixin.py:190} INFO - [2026-08-06T06:10:30.438+0000] {dag.py:4180} INFO - Setting next_dagrun for dataset_consumes_1 to None, run_after=None
[2026-08-06T06:10:30.441+0000] {logging_mixin.py:190} INFO - [2026-08-06T06:10:30.441+0000] {dag.py:4180} INFO - Setting next_dagrun for dataset_consumes_1_and_2 to None, run_after=None
[2026-08-06T06:10:30.443+0000] {logging_mixin.py:190} INFO - [2026-08-06T06:10:30.443+0000] {dag.py:4180} INFO - Setting next_dagrun for dataset_consumes_1_never_scheduled to None, run_after=None
[2026-08-06T06:10:30.446+0000] {logging_mixin.py:190} INFO - [2026-08-06T06:10:30.446+0000] {dag.py:4180} INFO - Setting next_dagrun for dataset_consumes_unknown_never_scheduled to None, run_after=None
[2026-08-06T06:10:30.450+0000] {logging_mixin.py:190} INFO - [2026-08-06T06:10:30.450+0000] {dag.py:4180} INFO - Setting next_dagrun for dataset_produces_1 to 2026-08-05 00:00:00+00:00, run_after=2026-08-06 00:00:00+00:00
[2026-08-06T06:10:30.453+0000] {logging_mixin.py:190} INFO - [2026-08-06T06:10:30.452+0000] {dag.py:4180} INFO - Setting next_dagrun for dataset_produces_2 to None, run_after=None
[2026-08-06T06:10:30.550+0000] {processor.py:208} INFO - Processing /home/airflow/.local/lib/python3.12/site-packages/airflow/example_dags/example_datasets.py took 1.246 seconds
