[2026-08-06T04:46:30.118+0000] {processor.py:186} INFO - Started process (PID=81) to work on /home/airflow/.local/lib/python3.12/site-packages/airflow/example_dags/tutorial_dag.py
[2026-08-06T04:46:30.125+0000] {processor.py:914} INFO - Processing file /home/airflow/.local/lib/python3.12/site-packages/airflow/example_dags/tutorial_dag.py for tasks to queue
[2026-08-06T04:46:30.144+0000] {logging_mixin.py:190} INFO - [2026-08-06T04:46:30.140+0000] {dagbag.py:588} INFO - Filling up the DagBag from /home/airflow/.local/lib/python3.12/site-packages/airflow/example_dags/tutorial_dag.py
[2026-08-06T04:46:30.192+0000] {processor.py:925} INFO - DAG(s) 'tutorial_dag' retrieved from /home/airflow/.local/lib/python3.12/site-packages/airflow/example_dags/tutorial_dag.py
[2026-08-06T04:46:30.538+0000] {logging_mixin.py:190} INFO - [2026-08-06T04:46:30.537+0000] {override.py:1912} INFO - Created Permission View: can delete on DAG:tutorial_dag
[2026-08-06T04:46:30.583+0000] {logging_mixin.py:190} INFO - [2026-08-06T04:46:30.583+0000] {override.py:1912} INFO - Created Permission View: can read on DAG:tutorial_dag
[2026-08-06T04:46:30.613+0000] {logging_mixin.py:190} INFO - [2026-08-06T04:46:30.612+0000] {override.py:1912} INFO - Created Permission View: can edit on DAG:tutorial_dag
[2026-08-06T04:46:30.655+0000] {logging_mixin.py:190} INFO - [2026-08-06T04:46:30.654+0000] {override.py:1912} INFO - Created Permission View: can delete on DAG Run:tutorial_dag
[2026-08-06T04:46:30.675+0000] {logging_mixin.py:190} INFO - [2026-08-06T04:46:30.674+0000] {override.py:1912} INFO - Created Permission View: menu access on DAG Run:tutorial_dag
[2026-08-06T04:46:30.698+0000] {logging_mixin.py:190} INFO - [2026-08-06T04:46:30.697+0000] {override.py:1912} INFO - Created Permission View: can read on DAG Run:tutorial_dag
[2026-08-06T04:46:30.715+0000] {logging_mixin.py:190} INFO - [2026-08-06T04:46:30.714+0000] {override.py:1912} INFO - Created Permission View: can create on DAG Run:tutorial_dag
[2026-08-06T04:46:30.717+0000] {logging_mixin.py:190} INFO - [2026-08-06T04:46:30.716+0000] {dag.py:3239} INFO - Sync 1 DAGs
[2026-08-06T04:46:30.759+0000] {logging_mixin.py:190} INFO - [2026-08-06T04:46:30.759+0000] {dag.py:3262} INFO - Creating ORM DAG for tutorial_dag
[2026-08-06T04:46:30.762+0000] {logging_mixin.py:190} INFO - [2026-08-06T04:46:30.762+0000] {dag.py:4180} INFO - Setting next_dagrun for tutorial_dag to None, run_after=None
[2026-08-06T04:46:30.813+0000] {processor.py:208} INFO - Processing /home/airflow/.local/lib/python3.12/site-packages/airflow/example_dags/tutorial_dag.py took 0.727 seconds
[2026-08-06T04:47:01.628+0000] {processor.py:186} INFO - Started process (PID=143) to work on /home/airflow/.local/lib/python3.12/site-packages/airflow/example_dags/tutorial_dag.py
[2026-08-06T04:47:01.631+0000] {processor.py:914} INFO - Processing file /home/airflow/.local/lib/python3.12/site-packages/airflow/example_dags/tutorial_dag.py for tasks to queue
[2026-08-06T04:47:01.636+0000] {logging_mixin.py:190} INFO - [2026-08-06T04:47:01.635+0000] {dagbag.py:588} INFO - Filling up the DagBag from /home/airflow/.local/lib/python3.12/site-packages/airflow/example_dags/tutorial_dag.py
[2026-08-06T04:47:01.658+0000] {processor.py:925} INFO - DAG(s) 'tutorial_dag' retrieved from /home/airflow/.local/lib/python3.12/site-packages/airflow/example_dags/tutorial_dag.py
[2026-08-06T04:47:01.730+0000] {logging_mixin.py:190} INFO - [2026-08-06T04:47:01.729+0000] {dag.py:3239} INFO - Sync 1 DAGs
[2026-08-06T04:47:01.785+0000] {logging_mixin.py:190} INFO - [2026-08-06T04:47:01.784+0000] {dag.py:4180} INFO - Setting next_dagrun for tutorial_dag to None, run_after=None
[2026-08-06T04:47:01.831+0000] {processor.py:208} INFO - Processing /home/airflow/.local/lib/python3.12/site-packages/airflow/example_dags/tutorial_dag.py took 0.216 seconds
[2026-08-06T04:47:31.996+0000] {processor.py:186} INFO - Started process (PID=206) to work on /home/airflow/.local/lib/python3.12/site-packages/airflow/example_dags/tutorial_dag.py
[2026-08-06T04:47:32.001+0000] {processor.py:914} INFO - Processing file /home/airflow/.local/lib/python3.12/site-packages/airflow/example_dags/tutorial_dag.py for tasks to queue
[2026-08-06T04:47:32.010+0000] {logging_mixin.py:190} INFO - [2026-08-06T04:47:32.009+0000] {dagbag.py:588} INFO - Filling up the DagBag from /home/airflow/.local/lib/python3.12/site-packages/airflow/example_dags/tutorial_dag.py
[2026-08-06T04:47:32.031+0000] {processor.py:925} INFO - DAG(s) 'tutorial_dag' retrieved from /home/airflow/.local/lib/python3.12/site-packages/airflow/example_dags/tutorial_dag.py
[2026-08-06T04:47:32.073+0000] {logging_mixin.py:190} INFO - [2026-08-06T04:47:32.072+0000] {dag.py:3239} INFO - Sync 1 DAGs
[2026-08-06T04:47:32.102+0000] {logging_mixin.py:190} INFO - [2026-08-06T04:47:32.102+0000] {dag.py:4180} INFO - Setting next_dagrun for tutorial_dag to None, run_after=None
[2026-08-06T04:47:32.130+0000] {processor.py:208} INFO - Processing /home/airflow/.local/lib/python3.12/site-packages/airflow/example_dags/tutorial_dag.py took 0.151 seconds
[2026-08-06T04:48:02.673+0000] {processor.py:186} INFO - Started process (PID=269) to work on /home/airflow/.local/lib/python3.12/site-packages/airflow/example_dags/tutorial_dag.py
[2026-08-06T04:48:02.675+0000] {processor.py:914} INFO - Processing file /home/airflow/.local/lib/python3.12/site-packages/airflow/example_dags/tutorial_dag.py for tasks to queue
[2026-08-06T04:48:02.682+0000] {logging_mixin.py:190} INFO - [2026-08-06T04:48:02.681+0000] {dagbag.py:588} INFO - Filling up the DagBag from /home/airflow/.local/lib/python3.12/site-packages/airflow/example_dags/tutorial_dag.py
[2026-08-06T04:48:02.700+0000] {processor.py:925} INFO - DAG(s) 'tutorial_dag' retrieved from /home/airflow/.local/lib/python3.12/site-packages/airflow/example_dags/tutorial_dag.py
[2026-08-06T04:48:02.752+0000] {logging_mixin.py:190} INFO - [2026-08-06T04:48:02.752+0000] {dag.py:3239} INFO - Sync 1 DAGs
[2026-08-06T04:48:02.789+0000] {logging_mixin.py:190} INFO - [2026-08-06T04:48:02.789+0000] {dag.py:4180} INFO - Setting next_dagrun for tutorial_dag to None, run_after=None
[2026-08-06T04:48:02.862+0000] {processor.py:208} INFO - Processing /home/airflow/.local/lib/python3.12/site-packages/airflow/example_dags/tutorial_dag.py took 0.200 seconds
[2026-08-06T04:48:33.153+0000] {processor.py:186} INFO - Started process (PID=332) to work on /home/airflow/.local/lib/python3.12/site-packages/airflow/example_dags/tutorial_dag.py
[2026-08-06T04:48:33.156+0000] {processor.py:914} INFO - Processing file /home/airflow/.local/lib/python3.12/site-packages/airflow/example_dags/tutorial_dag.py for tasks to queue
[2026-08-06T04:48:33.163+0000] {logging_mixin.py:190} INFO - [2026-08-06T04:48:33.162+0000] {dagbag.py:588} INFO - Filling up the DagBag from /home/airflow/.local/lib/python3.12/site-packages/airflow/example_dags/tutorial_dag.py
[2026-08-06T04:48:33.192+0000] {processor.py:925} INFO - DAG(s) 'tutorial_dag' retrieved from /home/airflow/.local/lib/python3.12/site-packages/airflow/example_dags/tutorial_dag.py
[2026-08-06T04:48:33.247+0000] {logging_mixin.py:190} INFO - [2026-08-06T04:48:33.246+0000] {dag.py:3239} INFO - Sync 1 DAGs
[2026-08-06T04:48:33.280+0000] {logging_mixin.py:190} INFO - [2026-08-06T04:48:33.279+0000] {dag.py:4180} INFO - Setting next_dagrun for tutorial_dag to None, run_after=None
[2026-08-06T04:48:33.354+0000] {processor.py:208} INFO - Processing /home/airflow/.local/lib/python3.12/site-packages/airflow/example_dags/tutorial_dag.py took 0.217 seconds
[2026-08-06T04:49:03.738+0000] {processor.py:186} INFO - Started process (PID=395) to work on /home/airflow/.local/lib/python3.12/site-packages/airflow/example_dags/tutorial_dag.py
[2026-08-06T04:49:03.740+0000] {processor.py:914} INFO - Processing file /home/airflow/.local/lib/python3.12/site-packages/airflow/example_dags/tutorial_dag.py for tasks to queue
[2026-08-06T04:49:03.745+0000] {logging_mixin.py:190} INFO - [2026-08-06T04:49:03.744+0000] {dagbag.py:588} INFO - Filling up the DagBag from /home/airflow/.local/lib/python3.12/site-packages/airflow/example_dags/tutorial_dag.py
[2026-08-06T04:49:03.759+0000] {processor.py:925} INFO - DAG(s) 'tutorial_dag' retrieved from /home/airflow/.local/lib/python3.12/site-packages/airflow/example_dags/tutorial_dag.py
[2026-08-06T04:49:03.783+0000] {logging_mixin.py:190} INFO - [2026-08-06T04:49:03.783+0000] {dag.py:3239} INFO - Sync 1 DAGs
[2026-08-06T04:49:03.801+0000] {logging_mixin.py:190} INFO - [2026-08-06T04:49:03.800+0000] {dag.py:4180} INFO - Setting next_dagrun for tutorial_dag to None, run_after=None
[2026-08-06T04:49:03.856+0000] {processor.py:208} INFO - Processing /home/airflow/.local/lib/python3.12/site-packages/airflow/example_dags/tutorial_dag.py took 0.128 seconds
[2026-08-06T04:49:34.286+0000] {processor.py:186} INFO - Started process (PID=458) to work on /home/airflow/.local/lib/python3.12/site-packages/airflow/example_dags/tutorial_dag.py
[2026-08-06T04:49:34.291+0000] {processor.py:914} INFO - Processing file /home/airflow/.local/lib/python3.12/site-packages/airflow/example_dags/tutorial_dag.py for tasks to queue
[2026-08-06T04:49:34.299+0000] {logging_mixin.py:190} INFO - [2026-08-06T04:49:34.297+0000] {dagbag.py:588} INFO - Filling up the DagBag from /home/airflow/.local/lib/python3.12/site-packages/airflow/example_dags/tutorial_dag.py
[2026-08-06T04:49:34.313+0000] {processor.py:925} INFO - DAG(s) 'tutorial_dag' retrieved from /home/airflow/.local/lib/python3.12/site-packages/airflow/example_dags/tutorial_dag.py
[2026-08-06T04:49:34.348+0000] {logging_mixin.py:190} INFO - [2026-08-06T04:49:34.347+0000] {dag.py:3239} INFO - Sync 1 DAGs
[2026-08-06T04:49:34.370+0000] {logging_mixin.py:190} INFO - [2026-08-06T04:49:34.370+0000] {dag.py:4180} INFO - Setting next_dagrun for tutorial_dag to None, run_after=None
[2026-08-06T04:49:34.412+0000] {processor.py:208} INFO - Processing /home/airflow/.local/lib/python3.12/site-packages/airflow/example_dags/tutorial_dag.py took 0.144 seconds
[2026-08-06T04:50:04.937+0000] {processor.py:186} INFO - Started process (PID=521) to work on /home/airflow/.local/lib/python3.12/site-packages/airflow/example_dags/tutorial_dag.py
[2026-08-06T04:50:04.938+0000] {processor.py:914} INFO - Processing file /home/airflow/.local/lib/python3.12/site-packages/airflow/example_dags/tutorial_dag.py for tasks to queue
[2026-08-06T04:50:04.942+0000] {logging_mixin.py:190} INFO - [2026-08-06T04:50:04.941+0000] {dagbag.py:588} INFO - Filling up the DagBag from /home/airflow/.local/lib/python3.12/site-packages/airflow/example_dags/tutorial_dag.py
[2026-08-06T04:50:04.951+0000] {processor.py:925} INFO - DAG(s) 'tutorial_dag' retrieved from /home/airflow/.local/lib/python3.12/site-packages/airflow/example_dags/tutorial_dag.py
[2026-08-06T04:50:04.977+0000] {logging_mixin.py:190} INFO - [2026-08-06T04:50:04.977+0000] {dag.py:3239} INFO - Sync 1 DAGs
[2026-08-06T04:50:04.994+0000] {logging_mixin.py:190} INFO - [2026-08-06T04:50:04.993+0000] {dag.py:4180} INFO - Setting next_dagrun for tutorial_dag to None, run_after=None
[2026-08-06T04:50:05.061+0000] {processor.py:208} INFO - Processing /home/airflow/.local/lib/python3.12/site-packages/airflow/example_dags/tutorial_dag.py took 0.132 seconds
[2026-08-06T04:50:35.476+0000] {processor.py:186} INFO - Started process (PID=584) to work on /home/airflow/.local/lib/python3.12/site-packages/airflow/example_dags/tutorial_dag.py
[2026-08-06T04:50:35.480+0000] {processor.py:914} INFO - Processing file /home/airflow/.local/lib/python3.12/site-packages/airflow/example_dags/tutorial_dag.py for tasks to queue
[2026-08-06T04:50:35.485+0000] {logging_mixin.py:190} INFO - [2026-08-06T04:50:35.484+0000] {dagbag.py:588} INFO - Filling up the DagBag from /home/airflow/.local/lib/python3.12/site-packages/airflow/example_dags/tutorial_dag.py
[2026-08-06T04:50:35.501+0000] {processor.py:925} INFO - DAG(s) 'tutorial_dag' retrieved from /home/airflow/.local/lib/python3.12/site-packages/airflow/example_dags/tutorial_dag.py
[2026-08-06T04:50:35.537+0000] {logging_mixin.py:190} INFO - [2026-08-06T04:50:35.536+0000] {dag.py:3239} INFO - Sync 1 DAGs
[2026-08-06T04:50:35.568+0000] {logging_mixin.py:190} INFO - [2026-08-06T04:50:35.568+0000] {dag.py:4180} INFO - Setting next_dagrun for tutorial_dag to None, run_after=None
[2026-08-06T04:50:35.623+0000] {processor.py:208} INFO - Processing /home/airflow/.local/lib/python3.12/site-packages/airflow/example_dags/tutorial_dag.py took 0.156 seconds
[2026-08-06T04:51:05.923+0000] {processor.py:186} INFO - Started process (PID=647) to work on /home/airflow/.local/lib/python3.12/site-packages/airflow/example_dags/tutorial_dag.py
[2026-08-06T04:51:05.925+0000] {processor.py:914} INFO - Processing file /home/airflow/.local/lib/python3.12/site-packages/airflow/example_dags/tutorial_dag.py for tasks to queue
[2026-08-06T04:51:05.930+0000] {logging_mixin.py:190} INFO - [2026-08-06T04:51:05.929+0000] {dagbag.py:588} INFO - Filling up the DagBag from /home/airflow/.local/lib/python3.12/site-packages/airflow/example_dags/tutorial_dag.py
[2026-08-06T04:51:05.950+0000] {processor.py:925} INFO - DAG(s) 'tutorial_dag' retrieved from /home/airflow/.local/lib/python3.12/site-packages/airflow/example_dags/tutorial_dag.py
[2026-08-06T04:51:05.980+0000] {logging_mixin.py:190} INFO - [2026-08-06T04:51:05.980+0000] {dag.py:3239} INFO - Sync 1 DAGs
[2026-08-06T04:51:06.002+0000] {logging_mixin.py:190} INFO - [2026-08-06T04:51:06.001+0000] {dag.py:4180} INFO - Setting next_dagrun for tutorial_dag to None, run_after=None
[2026-08-06T04:51:06.034+0000] {processor.py:208} INFO - Processing /home/airflow/.local/lib/python3.12/site-packages/airflow/example_dags/tutorial_dag.py took 0.120 seconds
[2026-08-06T04:51:36.620+0000] {processor.py:186} INFO - Started process (PID=710) to work on /home/airflow/.local/lib/python3.12/site-packages/airflow/example_dags/tutorial_dag.py
[2026-08-06T04:51:36.623+0000] {processor.py:914} INFO - Processing file /home/airflow/.local/lib/python3.12/site-packages/airflow/example_dags/tutorial_dag.py for tasks to queue
[2026-08-06T04:51:36.629+0000] {logging_mixin.py:190} INFO - [2026-08-06T04:51:36.628+0000] {dagbag.py:588} INFO - Filling up the DagBag from /home/airflow/.local/lib/python3.12/site-packages/airflow/example_dags/tutorial_dag.py
[2026-08-06T04:51:36.647+0000] {processor.py:925} INFO - DAG(s) 'tutorial_dag' retrieved from /home/airflow/.local/lib/python3.12/site-packages/airflow/example_dags/tutorial_dag.py
[2026-08-06T04:51:36.692+0000] {logging_mixin.py:190} INFO - [2026-08-06T04:51:36.691+0000] {dag.py:3239} INFO - Sync 1 DAGs
[2026-08-06T04:51:36.715+0000] {logging_mixin.py:190} INFO - [2026-08-06T04:51:36.715+0000] {dag.py:4180} INFO - Setting next_dagrun for tutorial_dag to None, run_after=None
[2026-08-06T04:51:36.787+0000] {processor.py:208} INFO - Processing /home/airflow/.local/lib/python3.12/site-packages/airflow/example_dags/tutorial_dag.py took 0.178 seconds
[2026-08-06T04:52:07.082+0000] {processor.py:186} INFO - Started process (PID=773) to work on /home/airflow/.local/lib/python3.12/site-packages/airflow/example_dags/tutorial_dag.py
[2026-08-06T04:52:07.083+0000] {processor.py:914} INFO - Processing file /home/airflow/.local/lib/python3.12/site-packages/airflow/example_dags/tutorial_dag.py for tasks to queue
[2026-08-06T04:52:07.087+0000] {logging_mixin.py:190} INFO - [2026-08-06T04:52:07.086+0000] {dagbag.py:588} INFO - Filling up the DagBag from /home/airflow/.local/lib/python3.12/site-packages/airflow/example_dags/tutorial_dag.py
[2026-08-06T04:52:07.106+0000] {processor.py:925} INFO - DAG(s) 'tutorial_dag' retrieved from /home/airflow/.local/lib/python3.12/site-packages/airflow/example_dags/tutorial_dag.py
[2026-08-06T04:52:07.139+0000] {logging_mixin.py:190} INFO - [2026-08-06T04:52:07.139+0000] {dag.py:3239} INFO - Sync 1 DAGs
[2026-08-06T04:52:07.161+0000] {logging_mixin.py:190} INFO - [2026-08-06T04:52:07.160+0000] {dag.py:4180} INFO - Setting next_dagrun for tutorial_dag to None, run_after=None
[2026-08-06T04:52:07.189+0000] {processor.py:208} INFO - Processing /home/airflow/.local/lib/python3.12/site-packages/airflow/example_dags/tutorial_dag.py took 0.121 seconds
[2026-08-06T04:52:37.312+0000] {processor.py:186} INFO - Started process (PID=837) to work on /home/airflow/.local/lib/python3.12/site-packages/airflow/example_dags/tutorial_dag.py
[2026-08-06T04:52:37.315+0000] {processor.py:914} INFO - Processing file /home/airflow/.local/lib/python3.12/site-packages/airflow/example_dags/tutorial_dag.py for tasks to queue
[2026-08-06T04:52:37.321+0000] {logging_mixin.py:190} INFO - [2026-08-06T04:52:37.320+0000] {dagbag.py:588} INFO - Filling up the DagBag from /home/airflow/.local/lib/python3.12/site-packages/airflow/example_dags/tutorial_dag.py
[2026-08-06T04:52:37.337+0000] {processor.py:925} INFO - DAG(s) 'tutorial_dag' retrieved from /home/airflow/.local/lib/python3.12/site-packages/airflow/example_dags/tutorial_dag.py
[2026-08-06T04:52:37.375+0000] {logging_mixin.py:190} INFO - [2026-08-06T04:52:37.375+0000] {dag.py:3239} INFO - Sync 1 DAGs
[2026-08-06T04:52:37.408+0000] {logging_mixin.py:190} INFO - [2026-08-06T04:52:37.407+0000] {dag.py:4180} INFO - Setting next_dagrun for tutorial_dag to None, run_after=None
[2026-08-06T04:52:37.477+0000] {processor.py:208} INFO - Processing /home/airflow/.local/lib/python3.12/site-packages/airflow/example_dags/tutorial_dag.py took 0.179 seconds
[2026-08-06T05:30:15.401+0000] {processor.py:186} INFO - Started process (PID=82) to work on /home/airflow/.local/lib/python3.12/site-packages/airflow/example_dags/tutorial_dag.py
[2026-08-06T05:30:15.405+0000] {processor.py:914} INFO - Processing file /home/airflow/.local/lib/python3.12/site-packages/airflow/example_dags/tutorial_dag.py for tasks to queue
[2026-08-06T05:30:15.412+0000] {logging_mixin.py:190} INFO - [2026-08-06T05:30:15.411+0000] {dagbag.py:588} INFO - Filling up the DagBag from /home/airflow/.local/lib/python3.12/site-packages/airflow/example_dags/tutorial_dag.py
[2026-08-06T05:30:15.430+0000] {processor.py:925} INFO - DAG(s) 'tutorial_dag' retrieved from /home/airflow/.local/lib/python3.12/site-packages/airflow/example_dags/tutorial_dag.py
[2026-08-06T05:30:15.520+0000] {logging_mixin.py:190} INFO - [2026-08-06T05:30:15.518+0000] {dag.py:3239} INFO - Sync 1 DAGs
[2026-08-06T05:30:15.589+0000] {logging_mixin.py:190} INFO - [2026-08-06T05:30:15.588+0000] {dag.py:4180} INFO - Setting next_dagrun for tutorial_dag to None, run_after=None
[2026-08-06T05:30:15.683+0000] {processor.py:208} INFO - Processing /home/airflow/.local/lib/python3.12/site-packages/airflow/example_dags/tutorial_dag.py took 0.298 seconds
[2026-08-06T05:30:46.198+0000] {processor.py:186} INFO - Started process (PID=144) to work on /home/airflow/.local/lib/python3.12/site-packages/airflow/example_dags/tutorial_dag.py
[2026-08-06T05:30:46.199+0000] {processor.py:914} INFO - Processing file /home/airflow/.local/lib/python3.12/site-packages/airflow/example_dags/tutorial_dag.py for tasks to queue
[2026-08-06T05:30:46.202+0000] {logging_mixin.py:190} INFO - [2026-08-06T05:30:46.202+0000] {dagbag.py:588} INFO - Filling up the DagBag from /home/airflow/.local/lib/python3.12/site-packages/airflow/example_dags/tutorial_dag.py
[2026-08-06T05:30:46.210+0000] {processor.py:925} INFO - DAG(s) 'tutorial_dag' retrieved from /home/airflow/.local/lib/python3.12/site-packages/airflow/example_dags/tutorial_dag.py
[2026-08-06T05:30:46.233+0000] {logging_mixin.py:190} INFO - [2026-08-06T05:30:46.233+0000] {dag.py:3239} INFO - Sync 1 DAGs
[2026-08-06T05:30:46.252+0000] {logging_mixin.py:190} INFO - [2026-08-06T05:30:46.252+0000] {dag.py:4180} INFO - Setting next_dagrun for tutorial_dag to None, run_after=None
[2026-08-06T05:30:46.312+0000] {processor.py:208} INFO - Processing /home/airflow/.local/lib/python3.12/site-packages/airflow/example_dags/tutorial_dag.py took 0.120 seconds
[2026-08-06T05:33:09.566+0000] {processor.py:186} INFO - Started process (PID=76) to work on /home/airflow/.local/lib/python3.12/site-packages/airflow/example_dags/tutorial_dag.py
[2026-08-06T05:33:09.568+0000] {processor.py:914} INFO - Processing file /home/airflow/.local/lib/python3.12/site-packages/airflow/example_dags/tutorial_dag.py for tasks to queue
[2026-08-06T05:33:09.576+0000] {logging_mixin.py:190} INFO - [2026-08-06T05:33:09.575+0000] {dagbag.py:588} INFO - Filling up the DagBag from /home/airflow/.local/lib/python3.12/site-packages/airflow/example_dags/tutorial_dag.py
[2026-08-06T05:33:09.597+0000] {processor.py:925} INFO - DAG(s) 'tutorial_dag' retrieved from /home/airflow/.local/lib/python3.12/site-packages/airflow/example_dags/tutorial_dag.py
[2026-08-06T05:33:09.647+0000] {logging_mixin.py:190} INFO - [2026-08-06T05:33:09.647+0000] {dag.py:3239} INFO - Sync 1 DAGs
[2026-08-06T05:33:09.717+0000] {logging_mixin.py:190} INFO - [2026-08-06T05:33:09.716+0000] {dag.py:4180} INFO - Setting next_dagrun for tutorial_dag to None, run_after=None
[2026-08-06T05:33:09.782+0000] {processor.py:208} INFO - Processing /home/airflow/.local/lib/python3.12/site-packages/airflow/example_dags/tutorial_dag.py took 0.229 seconds
[2026-08-06T05:33:40.078+0000] {processor.py:186} INFO - Started process (PID=138) to work on /home/airflow/.local/lib/python3.12/site-packages/airflow/example_dags/tutorial_dag.py
[2026-08-06T05:33:40.082+0000] {processor.py:914} INFO - Processing file /home/airflow/.local/lib/python3.12/site-packages/airflow/example_dags/tutorial_dag.py for tasks to queue
[2026-08-06T05:33:40.085+0000] {logging_mixin.py:190} INFO - [2026-08-06T05:33:40.085+0000] {dagbag.py:588} INFO - Filling up the DagBag from /home/airflow/.local/lib/python3.12/site-packages/airflow/example_dags/tutorial_dag.py
[2026-08-06T05:33:40.098+0000] {processor.py:925} INFO - DAG(s) 'tutorial_dag' retrieved from /home/airflow/.local/lib/python3.12/site-packages/airflow/example_dags/tutorial_dag.py
[2026-08-06T05:33:40.147+0000] {logging_mixin.py:190} INFO - [2026-08-06T05:33:40.146+0000] {dag.py:3239} INFO - Sync 1 DAGs
[2026-08-06T05:33:40.185+0000] {logging_mixin.py:190} INFO - [2026-08-06T05:33:40.185+0000] {dag.py:4180} INFO - Setting next_dagrun for tutorial_dag to None, run_after=None
[2026-08-06T05:33:40.267+0000] {processor.py:208} INFO - Processing /home/airflow/.local/lib/python3.12/site-packages/airflow/example_dags/tutorial_dag.py took 0.198 seconds
[2026-08-06T05:34:11.598+0000] {processor.py:186} INFO - Started process (PID=201) to work on /home/airflow/.local/lib/python3.12/site-packages/airflow/example_dags/tutorial_dag.py
[2026-08-06T05:34:11.599+0000] {processor.py:914} INFO - Processing file /home/airflow/.local/lib/python3.12/site-packages/airflow/example_dags/tutorial_dag.py for tasks to queue
[2026-08-06T05:34:11.605+0000] {logging_mixin.py:190} INFO - [2026-08-06T05:34:11.605+0000] {dagbag.py:588} INFO - Filling up the DagBag from /home/airflow/.local/lib/python3.12/site-packages/airflow/example_dags/tutorial_dag.py
[2026-08-06T05:34:11.629+0000] {processor.py:925} INFO - DAG(s) 'tutorial_dag' retrieved from /home/airflow/.local/lib/python3.12/site-packages/airflow/example_dags/tutorial_dag.py
[2026-08-06T05:34:11.705+0000] {logging_mixin.py:190} INFO - [2026-08-06T05:34:11.704+0000] {dag.py:3239} INFO - Sync 1 DAGs
[2026-08-06T05:34:11.738+0000] {logging_mixin.py:190} INFO - [2026-08-06T05:34:11.738+0000] {dag.py:4180} INFO - Setting next_dagrun for tutorial_dag to None, run_after=None
[2026-08-06T05:34:11.783+0000] {processor.py:208} INFO - Processing /home/airflow/.local/lib/python3.12/site-packages/airflow/example_dags/tutorial_dag.py took 0.204 seconds
[2026-08-06T05:34:43.270+0000] {processor.py:186} INFO - Started process (PID=264) to work on /home/airflow/.local/lib/python3.12/site-packages/airflow/example_dags/tutorial_dag.py
[2026-08-06T05:34:43.273+0000] {processor.py:914} INFO - Processing file /home/airflow/.local/lib/python3.12/site-packages/airflow/example_dags/tutorial_dag.py for tasks to queue
[2026-08-06T05:34:43.278+0000] {logging_mixin.py:190} INFO - [2026-08-06T05:34:43.278+0000] {dagbag.py:588} INFO - Filling up the DagBag from /home/airflow/.local/lib/python3.12/site-packages/airflow/example_dags/tutorial_dag.py
[2026-08-06T05:34:43.290+0000] {processor.py:925} INFO - DAG(s) 'tutorial_dag' retrieved from /home/airflow/.local/lib/python3.12/site-packages/airflow/example_dags/tutorial_dag.py
[2026-08-06T05:34:43.323+0000] {logging_mixin.py:190} INFO - [2026-08-06T05:34:43.322+0000] {dag.py:3239} INFO - Sync 1 DAGs
[2026-08-06T05:34:43.344+0000] {logging_mixin.py:190} INFO - [2026-08-06T05:34:43.344+0000] {dag.py:4180} INFO - Setting next_dagrun for tutorial_dag to None, run_after=None
[2026-08-06T05:34:43.371+0000] {processor.py:208} INFO - Processing /home/airflow/.local/lib/python3.12/site-packages/airflow/example_dags/tutorial_dag.py took 0.107 seconds
[2026-08-06T05:35:14.231+0000] {processor.py:186} INFO - Started process (PID=327) to work on /home/airflow/.local/lib/python3.12/site-packages/airflow/example_dags/tutorial_dag.py
[2026-08-06T05:35:14.234+0000] {processor.py:914} INFO - Processing file /home/airflow/.local/lib/python3.12/site-packages/airflow/example_dags/tutorial_dag.py for tasks to queue
[2026-08-06T05:35:14.238+0000] {logging_mixin.py:190} INFO - [2026-08-06T05:35:14.238+0000] {dagbag.py:588} INFO - Filling up the DagBag from /home/airflow/.local/lib/python3.12/site-packages/airflow/example_dags/tutorial_dag.py
[2026-08-06T05:35:14.251+0000] {processor.py:925} INFO - DAG(s) 'tutorial_dag' retrieved from /home/airflow/.local/lib/python3.12/site-packages/airflow/example_dags/tutorial_dag.py
[2026-08-06T05:35:14.279+0000] {logging_mixin.py:190} INFO - [2026-08-06T05:35:14.279+0000] {dag.py:3239} INFO - Sync 1 DAGs
[2026-08-06T05:35:14.300+0000] {logging_mixin.py:190} INFO - [2026-08-06T05:35:14.299+0000] {dag.py:4180} INFO - Setting next_dagrun for tutorial_dag to None, run_after=None
[2026-08-06T05:35:14.372+0000] {processor.py:208} INFO - Processing /home/airflow/.local/lib/python3.12/site-packages/airflow/example_dags/tutorial_dag.py took 0.149 seconds
[2026-08-06T05:36:57.118+0000] {processor.py:186} INFO - Started process (PID=82) to work on /home/airflow/.local/lib/python3.12/site-packages/airflow/example_dags/tutorial_dag.py
[2026-08-06T05:36:57.121+0000] {processor.py:914} INFO - Processing file /home/airflow/.local/lib/python3.12/site-packages/airflow/example_dags/tutorial_dag.py for tasks to queue
[2026-08-06T05:36:57.128+0000] {logging_mixin.py:190} INFO - [2026-08-06T05:36:57.128+0000] {dagbag.py:588} INFO - Filling up the DagBag from /home/airflow/.local/lib/python3.12/site-packages/airflow/example_dags/tutorial_dag.py
[2026-08-06T05:36:57.146+0000] {processor.py:925} INFO - DAG(s) 'tutorial_dag' retrieved from /home/airflow/.local/lib/python3.12/site-packages/airflow/example_dags/tutorial_dag.py
[2026-08-06T05:36:57.211+0000] {logging_mixin.py:190} INFO - [2026-08-06T05:36:57.210+0000] {dag.py:3239} INFO - Sync 1 DAGs
[2026-08-06T05:36:57.244+0000] {logging_mixin.py:190} INFO - [2026-08-06T05:36:57.243+0000] {dag.py:4180} INFO - Setting next_dagrun for tutorial_dag to None, run_after=None
[2026-08-06T05:36:57.291+0000] {processor.py:208} INFO - Processing /home/airflow/.local/lib/python3.12/site-packages/airflow/example_dags/tutorial_dag.py took 0.191 seconds
[2026-08-06T05:37:27.400+0000] {processor.py:186} INFO - Started process (PID=145) to work on /home/airflow/.local/lib/python3.12/site-packages/airflow/example_dags/tutorial_dag.py
[2026-08-06T05:37:27.402+0000] {processor.py:914} INFO - Processing file /home/airflow/.local/lib/python3.12/site-packages/airflow/example_dags/tutorial_dag.py for tasks to queue
[2026-08-06T05:37:27.406+0000] {logging_mixin.py:190} INFO - [2026-08-06T05:37:27.405+0000] {dagbag.py:588} INFO - Filling up the DagBag from /home/airflow/.local/lib/python3.12/site-packages/airflow/example_dags/tutorial_dag.py
[2026-08-06T05:37:27.417+0000] {processor.py:925} INFO - DAG(s) 'tutorial_dag' retrieved from /home/airflow/.local/lib/python3.12/site-packages/airflow/example_dags/tutorial_dag.py
[2026-08-06T05:37:27.453+0000] {logging_mixin.py:190} INFO - [2026-08-06T05:37:27.453+0000] {dag.py:3239} INFO - Sync 1 DAGs
[2026-08-06T05:37:27.474+0000] {logging_mixin.py:190} INFO - [2026-08-06T05:37:27.473+0000] {dag.py:4180} INFO - Setting next_dagrun for tutorial_dag to None, run_after=None
[2026-08-06T05:37:27.503+0000] {processor.py:208} INFO - Processing /home/airflow/.local/lib/python3.12/site-packages/airflow/example_dags/tutorial_dag.py took 0.112 seconds
[2026-08-06T05:37:57.795+0000] {processor.py:186} INFO - Started process (PID=209) to work on /home/airflow/.local/lib/python3.12/site-packages/airflow/example_dags/tutorial_dag.py
[2026-08-06T05:37:57.797+0000] {processor.py:914} INFO - Processing file /home/airflow/.local/lib/python3.12/site-packages/airflow/example_dags/tutorial_dag.py for tasks to queue
[2026-08-06T05:37:57.802+0000] {logging_mixin.py:190} INFO - [2026-08-06T05:37:57.801+0000] {dagbag.py:588} INFO - Filling up the DagBag from /home/airflow/.local/lib/python3.12/site-packages/airflow/example_dags/tutorial_dag.py
[2026-08-06T05:37:57.812+0000] {processor.py:925} INFO - DAG(s) 'tutorial_dag' retrieved from /home/airflow/.local/lib/python3.12/site-packages/airflow/example_dags/tutorial_dag.py
[2026-08-06T05:37:57.843+0000] {logging_mixin.py:190} INFO - [2026-08-06T05:37:57.843+0000] {dag.py:3239} INFO - Sync 1 DAGs
[2026-08-06T05:37:57.868+0000] {logging_mixin.py:190} INFO - [2026-08-06T05:37:57.867+0000] {dag.py:4180} INFO - Setting next_dagrun for tutorial_dag to None, run_after=None
[2026-08-06T05:37:57.899+0000] {processor.py:208} INFO - Processing /home/airflow/.local/lib/python3.12/site-packages/airflow/example_dags/tutorial_dag.py took 0.114 seconds
[2026-08-06T05:38:29.117+0000] {processor.py:186} INFO - Started process (PID=280) to work on /home/airflow/.local/lib/python3.12/site-packages/airflow/example_dags/tutorial_dag.py
[2026-08-06T05:38:29.120+0000] {processor.py:914} INFO - Processing file /home/airflow/.local/lib/python3.12/site-packages/airflow/example_dags/tutorial_dag.py for tasks to queue
[2026-08-06T05:38:29.127+0000] {logging_mixin.py:190} INFO - [2026-08-06T05:38:29.125+0000] {dagbag.py:588} INFO - Filling up the DagBag from /home/airflow/.local/lib/python3.12/site-packages/airflow/example_dags/tutorial_dag.py
[2026-08-06T05:38:29.192+0000] {processor.py:925} INFO - DAG(s) 'tutorial_dag' retrieved from /home/airflow/.local/lib/python3.12/site-packages/airflow/example_dags/tutorial_dag.py
[2026-08-06T05:38:29.340+0000] {logging_mixin.py:190} INFO - [2026-08-06T05:38:29.339+0000] {dag.py:3239} INFO - Sync 1 DAGs
[2026-08-06T05:38:29.401+0000] {logging_mixin.py:190} INFO - [2026-08-06T05:38:29.400+0000] {dag.py:4180} INFO - Setting next_dagrun for tutorial_dag to None, run_after=None
[2026-08-06T05:38:29.491+0000] {processor.py:208} INFO - Processing /home/airflow/.local/lib/python3.12/site-packages/airflow/example_dags/tutorial_dag.py took 0.391 seconds
[2026-08-06T05:39:00.308+0000] {processor.py:186} INFO - Started process (PID=352) to work on /home/airflow/.local/lib/python3.12/site-packages/airflow/example_dags/tutorial_dag.py
[2026-08-06T05:39:00.312+0000] {processor.py:914} INFO - Processing file /home/airflow/.local/lib/python3.12/site-packages/airflow/example_dags/tutorial_dag.py for tasks to queue
[2026-08-06T05:39:00.316+0000] {logging_mixin.py:190} INFO - [2026-08-06T05:39:00.315+0000] {dagbag.py:588} INFO - Filling up the DagBag from /home/airflow/.local/lib/python3.12/site-packages/airflow/example_dags/tutorial_dag.py
[2026-08-06T05:39:00.328+0000] {processor.py:925} INFO - DAG(s) 'tutorial_dag' retrieved from /home/airflow/.local/lib/python3.12/site-packages/airflow/example_dags/tutorial_dag.py
[2026-08-06T05:39:00.356+0000] {logging_mixin.py:190} INFO - [2026-08-06T05:39:00.355+0000] {dag.py:3239} INFO - Sync 1 DAGs
[2026-08-06T05:39:00.375+0000] {logging_mixin.py:190} INFO - [2026-08-06T05:39:00.375+0000] {dag.py:4180} INFO - Setting next_dagrun for tutorial_dag to None, run_after=None
[2026-08-06T05:39:00.430+0000] {processor.py:208} INFO - Processing /home/airflow/.local/lib/python3.12/site-packages/airflow/example_dags/tutorial_dag.py took 0.131 seconds
[2026-08-06T05:39:31.926+0000] {processor.py:186} INFO - Started process (PID=416) to work on /home/airflow/.local/lib/python3.12/site-packages/airflow/example_dags/tutorial_dag.py
[2026-08-06T05:39:31.945+0000] {processor.py:914} INFO - Processing file /home/airflow/.local/lib/python3.12/site-packages/airflow/example_dags/tutorial_dag.py for tasks to queue
[2026-08-06T05:39:31.955+0000] {logging_mixin.py:190} INFO - [2026-08-06T05:39:31.954+0000] {dagbag.py:588} INFO - Filling up the DagBag from /home/airflow/.local/lib/python3.12/site-packages/airflow/example_dags/tutorial_dag.py
[2026-08-06T05:39:31.980+0000] {processor.py:925} INFO - DAG(s) 'tutorial_dag' retrieved from /home/airflow/.local/lib/python3.12/site-packages/airflow/example_dags/tutorial_dag.py
[2026-08-06T05:39:32.028+0000] {logging_mixin.py:190} INFO - [2026-08-06T05:39:32.027+0000] {dag.py:3239} INFO - Sync 1 DAGs
[2026-08-06T05:39:32.051+0000] {logging_mixin.py:190} INFO - [2026-08-06T05:39:32.051+0000] {dag.py:4180} INFO - Setting next_dagrun for tutorial_dag to None, run_after=None
[2026-08-06T05:39:32.083+0000] {processor.py:208} INFO - Processing /home/airflow/.local/lib/python3.12/site-packages/airflow/example_dags/tutorial_dag.py took 0.177 seconds
[2026-08-06T05:40:02.898+0000] {processor.py:186} INFO - Started process (PID=480) to work on /home/airflow/.local/lib/python3.12/site-packages/airflow/example_dags/tutorial_dag.py
[2026-08-06T05:40:02.900+0000] {processor.py:914} INFO - Processing file /home/airflow/.local/lib/python3.12/site-packages/airflow/example_dags/tutorial_dag.py for tasks to queue
[2026-08-06T05:40:02.904+0000] {logging_mixin.py:190} INFO - [2026-08-06T05:40:02.904+0000] {dagbag.py:588} INFO - Filling up the DagBag from /home/airflow/.local/lib/python3.12/site-packages/airflow/example_dags/tutorial_dag.py
[2026-08-06T05:40:02.921+0000] {processor.py:925} INFO - DAG(s) 'tutorial_dag' retrieved from /home/airflow/.local/lib/python3.12/site-packages/airflow/example_dags/tutorial_dag.py
[2026-08-06T05:40:02.953+0000] {logging_mixin.py:190} INFO - [2026-08-06T05:40:02.953+0000] {dag.py:3239} INFO - Sync 1 DAGs
[2026-08-06T05:40:02.976+0000] {logging_mixin.py:190} INFO - [2026-08-06T05:40:02.976+0000] {dag.py:4180} INFO - Setting next_dagrun for tutorial_dag to None, run_after=None
[2026-08-06T05:40:03.055+0000] {processor.py:208} INFO - Processing /home/airflow/.local/lib/python3.12/site-packages/airflow/example_dags/tutorial_dag.py took 0.170 seconds
[2026-08-06T05:40:33.852+0000] {processor.py:186} INFO - Started process (PID=544) to work on /home/airflow/.local/lib/python3.12/site-packages/airflow/example_dags/tutorial_dag.py
[2026-08-06T05:40:33.853+0000] {processor.py:914} INFO - Processing file /home/airflow/.local/lib/python3.12/site-packages/airflow/example_dags/tutorial_dag.py for tasks to queue
[2026-08-06T05:40:33.860+0000] {logging_mixin.py:190} INFO - [2026-08-06T05:40:33.859+0000] {dagbag.py:588} INFO - Filling up the DagBag from /home/airflow/.local/lib/python3.12/site-packages/airflow/example_dags/tutorial_dag.py
[2026-08-06T05:40:33.872+0000] {processor.py:925} INFO - DAG(s) 'tutorial_dag' retrieved from /home/airflow/.local/lib/python3.12/site-packages/airflow/example_dags/tutorial_dag.py
[2026-08-06T05:40:33.910+0000] {logging_mixin.py:190} INFO - [2026-08-06T05:40:33.909+0000] {dag.py:3239} INFO - Sync 1 DAGs
[2026-08-06T05:40:33.938+0000] {logging_mixin.py:190} INFO - [2026-08-06T05:40:33.938+0000] {dag.py:4180} INFO - Setting next_dagrun for tutorial_dag to None, run_after=None
[2026-08-06T05:40:33.975+0000] {processor.py:208} INFO - Processing /home/airflow/.local/lib/python3.12/site-packages/airflow/example_dags/tutorial_dag.py took 0.134 seconds
[2026-08-06T05:41:05.405+0000] {processor.py:186} INFO - Started process (PID=607) to work on /home/airflow/.local/lib/python3.12/site-packages/airflow/example_dags/tutorial_dag.py
[2026-08-06T05:41:05.409+0000] {processor.py:914} INFO - Processing file /home/airflow/.local/lib/python3.12/site-packages/airflow/example_dags/tutorial_dag.py for tasks to queue
[2026-08-06T05:41:05.414+0000] {logging_mixin.py:190} INFO - [2026-08-06T05:41:05.413+0000] {dagbag.py:588} INFO - Filling up the DagBag from /home/airflow/.local/lib/python3.12/site-packages/airflow/example_dags/tutorial_dag.py
[2026-08-06T05:41:05.435+0000] {processor.py:925} INFO - DAG(s) 'tutorial_dag' retrieved from /home/airflow/.local/lib/python3.12/site-packages/airflow/example_dags/tutorial_dag.py
[2026-08-06T05:41:05.480+0000] {logging_mixin.py:190} INFO - [2026-08-06T05:41:05.479+0000] {dag.py:3239} INFO - Sync 1 DAGs
[2026-08-06T05:41:05.503+0000] {logging_mixin.py:190} INFO - [2026-08-06T05:41:05.502+0000] {dag.py:4180} INFO - Setting next_dagrun for tutorial_dag to None, run_after=None
[2026-08-06T05:41:05.542+0000] {processor.py:208} INFO - Processing /home/airflow/.local/lib/python3.12/site-packages/airflow/example_dags/tutorial_dag.py took 0.150 seconds
[2026-08-06T05:41:36.191+0000] {processor.py:186} INFO - Started process (PID=672) to work on /home/airflow/.local/lib/python3.12/site-packages/airflow/example_dags/tutorial_dag.py
[2026-08-06T05:41:36.193+0000] {processor.py:914} INFO - Processing file /home/airflow/.local/lib/python3.12/site-packages/airflow/example_dags/tutorial_dag.py for tasks to queue
[2026-08-06T05:41:36.197+0000] {logging_mixin.py:190} INFO - [2026-08-06T05:41:36.197+0000] {dagbag.py:588} INFO - Filling up the DagBag from /home/airflow/.local/lib/python3.12/site-packages/airflow/example_dags/tutorial_dag.py
[2026-08-06T05:41:36.206+0000] {processor.py:925} INFO - DAG(s) 'tutorial_dag' retrieved from /home/airflow/.local/lib/python3.12/site-packages/airflow/example_dags/tutorial_dag.py
[2026-08-06T05:41:36.234+0000] {logging_mixin.py:190} INFO - [2026-08-06T05:41:36.234+0000] {dag.py:3239} INFO - Sync 1 DAGs
[2026-08-06T05:41:36.253+0000] {logging_mixin.py:190} INFO - [2026-08-06T05:41:36.253+0000] {dag.py:4180} INFO - Setting next_dagrun for tutorial_dag to None, run_after=None
[2026-08-06T05:41:36.323+0000] {processor.py:208} INFO - Processing /home/airflow/.local/lib/python3.12/site-packages/airflow/example_dags/tutorial_dag.py took 0.140 seconds
[2026-08-06T05:42:06.797+0000] {processor.py:186} INFO - Started process (PID=736) to work on /home/airflow/.local/lib/python3.12/site-packages/airflow/example_dags/tutorial_dag.py
[2026-08-06T05:42:06.799+0000] {processor.py:914} INFO - Processing file /home/airflow/.local/lib/python3.12/site-packages/airflow/example_dags/tutorial_dag.py for tasks to queue
[2026-08-06T05:42:06.809+0000] {logging_mixin.py:190} INFO - [2026-08-06T05:42:06.808+0000] {dagbag.py:588} INFO - Filling up the DagBag from /home/airflow/.local/lib/python3.12/site-packages/airflow/example_dags/tutorial_dag.py
[2026-08-06T05:42:06.842+0000] {processor.py:925} INFO - DAG(s) 'tutorial_dag' retrieved from /home/airflow/.local/lib/python3.12/site-packages/airflow/example_dags/tutorial_dag.py
[2026-08-06T05:42:06.904+0000] {logging_mixin.py:190} INFO - [2026-08-06T05:42:06.900+0000] {dag.py:3239} INFO - Sync 1 DAGs
[2026-08-06T05:42:06.951+0000] {logging_mixin.py:190} INFO - [2026-08-06T05:42:06.950+0000] {dag.py:4180} INFO - Setting next_dagrun for tutorial_dag to None, run_after=None
[2026-08-06T05:42:07.028+0000] {processor.py:208} INFO - Processing /home/airflow/.local/lib/python3.12/site-packages/airflow/example_dags/tutorial_dag.py took 0.258 seconds
[2026-08-06T05:42:37.980+0000] {processor.py:186} INFO - Started process (PID=800) to work on /home/airflow/.local/lib/python3.12/site-packages/airflow/example_dags/tutorial_dag.py
[2026-08-06T05:42:37.983+0000] {processor.py:914} INFO - Processing file /home/airflow/.local/lib/python3.12/site-packages/airflow/example_dags/tutorial_dag.py for tasks to queue
[2026-08-06T05:42:37.989+0000] {logging_mixin.py:190} INFO - [2026-08-06T05:42:37.989+0000] {dagbag.py:588} INFO - Filling up the DagBag from /home/airflow/.local/lib/python3.12/site-packages/airflow/example_dags/tutorial_dag.py
[2026-08-06T05:42:38.004+0000] {processor.py:925} INFO - DAG(s) 'tutorial_dag' retrieved from /home/airflow/.local/lib/python3.12/site-packages/airflow/example_dags/tutorial_dag.py
[2026-08-06T05:42:38.044+0000] {logging_mixin.py:190} INFO - [2026-08-06T05:42:38.043+0000] {dag.py:3239} INFO - Sync 1 DAGs
[2026-08-06T05:42:38.078+0000] {logging_mixin.py:190} INFO - [2026-08-06T05:42:38.078+0000] {dag.py:4180} INFO - Setting next_dagrun for tutorial_dag to None, run_after=None
[2026-08-06T05:42:38.123+0000] {processor.py:208} INFO - Processing /home/airflow/.local/lib/python3.12/site-packages/airflow/example_dags/tutorial_dag.py took 0.158 seconds
[2026-08-06T05:43:08.497+0000] {processor.py:186} INFO - Started process (PID=864) to work on /home/airflow/.local/lib/python3.12/site-packages/airflow/example_dags/tutorial_dag.py
[2026-08-06T05:43:08.500+0000] {processor.py:914} INFO - Processing file /home/airflow/.local/lib/python3.12/site-packages/airflow/example_dags/tutorial_dag.py for tasks to queue
[2026-08-06T05:43:08.505+0000] {logging_mixin.py:190} INFO - [2026-08-06T05:43:08.504+0000] {dagbag.py:588} INFO - Filling up the DagBag from /home/airflow/.local/lib/python3.12/site-packages/airflow/example_dags/tutorial_dag.py
[2026-08-06T05:43:08.517+0000] {processor.py:925} INFO - DAG(s) 'tutorial_dag' retrieved from /home/airflow/.local/lib/python3.12/site-packages/airflow/example_dags/tutorial_dag.py
[2026-08-06T05:43:08.550+0000] {logging_mixin.py:190} INFO - [2026-08-06T05:43:08.549+0000] {dag.py:3239} INFO - Sync 1 DAGs
[2026-08-06T05:43:08.573+0000] {logging_mixin.py:190} INFO - [2026-08-06T05:43:08.573+0000] {dag.py:4180} INFO - Setting next_dagrun for tutorial_dag to None, run_after=None
[2026-08-06T05:43:08.638+0000] {processor.py:208} INFO - Processing /home/airflow/.local/lib/python3.12/site-packages/airflow/example_dags/tutorial_dag.py took 0.151 seconds
[2026-08-06T05:43:39.575+0000] {processor.py:186} INFO - Started process (PID=935) to work on /home/airflow/.local/lib/python3.12/site-packages/airflow/example_dags/tutorial_dag.py
[2026-08-06T05:43:39.581+0000] {processor.py:914} INFO - Processing file /home/airflow/.local/lib/python3.12/site-packages/airflow/example_dags/tutorial_dag.py for tasks to queue
[2026-08-06T05:43:39.594+0000] {logging_mixin.py:190} INFO - [2026-08-06T05:43:39.593+0000] {dagbag.py:588} INFO - Filling up the DagBag from /home/airflow/.local/lib/python3.12/site-packages/airflow/example_dags/tutorial_dag.py
[2026-08-06T05:43:39.631+0000] {processor.py:925} INFO - DAG(s) 'tutorial_dag' retrieved from /home/airflow/.local/lib/python3.12/site-packages/airflow/example_dags/tutorial_dag.py
[2026-08-06T05:43:39.699+0000] {logging_mixin.py:190} INFO - [2026-08-06T05:43:39.698+0000] {dag.py:3239} INFO - Sync 1 DAGs
[2026-08-06T05:43:39.758+0000] {logging_mixin.py:190} INFO - [2026-08-06T05:43:39.757+0000] {dag.py:4180} INFO - Setting next_dagrun for tutorial_dag to None, run_after=None
[2026-08-06T05:43:39.851+0000] {processor.py:208} INFO - Processing /home/airflow/.local/lib/python3.12/site-packages/airflow/example_dags/tutorial_dag.py took 0.311 seconds
[2026-08-06T05:44:10.957+0000] {processor.py:186} INFO - Started process (PID=1007) to work on /home/airflow/.local/lib/python3.12/site-packages/airflow/example_dags/tutorial_dag.py
[2026-08-06T05:44:10.965+0000] {processor.py:914} INFO - Processing file /home/airflow/.local/lib/python3.12/site-packages/airflow/example_dags/tutorial_dag.py for tasks to queue
[2026-08-06T05:44:10.978+0000] {logging_mixin.py:190} INFO - [2026-08-06T05:44:10.976+0000] {dagbag.py:588} INFO - Filling up the DagBag from /home/airflow/.local/lib/python3.12/site-packages/airflow/example_dags/tutorial_dag.py
[2026-08-06T05:44:11.010+0000] {processor.py:925} INFO - DAG(s) 'tutorial_dag' retrieved from /home/airflow/.local/lib/python3.12/site-packages/airflow/example_dags/tutorial_dag.py
[2026-08-06T05:44:11.075+0000] {logging_mixin.py:190} INFO - [2026-08-06T05:44:11.074+0000] {dag.py:3239} INFO - Sync 1 DAGs
[2026-08-06T05:44:11.115+0000] {logging_mixin.py:190} INFO - [2026-08-06T05:44:11.114+0000] {dag.py:4180} INFO - Setting next_dagrun for tutorial_dag to None, run_after=None
[2026-08-06T05:44:11.225+0000] {processor.py:208} INFO - Processing /home/airflow/.local/lib/python3.12/site-packages/airflow/example_dags/tutorial_dag.py took 0.291 seconds
[2026-08-06T05:44:42.366+0000] {processor.py:186} INFO - Started process (PID=1071) to work on /home/airflow/.local/lib/python3.12/site-packages/airflow/example_dags/tutorial_dag.py
[2026-08-06T05:44:42.370+0000] {processor.py:914} INFO - Processing file /home/airflow/.local/lib/python3.12/site-packages/airflow/example_dags/tutorial_dag.py for tasks to queue
[2026-08-06T05:44:42.384+0000] {logging_mixin.py:190} INFO - [2026-08-06T05:44:42.382+0000] {dagbag.py:588} INFO - Filling up the DagBag from /home/airflow/.local/lib/python3.12/site-packages/airflow/example_dags/tutorial_dag.py
[2026-08-06T05:44:42.436+0000] {processor.py:925} INFO - DAG(s) 'tutorial_dag' retrieved from /home/airflow/.local/lib/python3.12/site-packages/airflow/example_dags/tutorial_dag.py
[2026-08-06T05:44:42.500+0000] {logging_mixin.py:190} INFO - [2026-08-06T05:44:42.500+0000] {dag.py:3239} INFO - Sync 1 DAGs
[2026-08-06T05:44:42.533+0000] {logging_mixin.py:190} INFO - [2026-08-06T05:44:42.532+0000] {dag.py:4180} INFO - Setting next_dagrun for tutorial_dag to None, run_after=None
[2026-08-06T05:44:42.577+0000] {processor.py:208} INFO - Processing /home/airflow/.local/lib/python3.12/site-packages/airflow/example_dags/tutorial_dag.py took 0.229 seconds
[2026-08-06T05:45:12.837+0000] {processor.py:186} INFO - Started process (PID=1134) to work on /home/airflow/.local/lib/python3.12/site-packages/airflow/example_dags/tutorial_dag.py
[2026-08-06T05:45:12.844+0000] {processor.py:914} INFO - Processing file /home/airflow/.local/lib/python3.12/site-packages/airflow/example_dags/tutorial_dag.py for tasks to queue
[2026-08-06T05:45:12.849+0000] {logging_mixin.py:190} INFO - [2026-08-06T05:45:12.849+0000] {dagbag.py:588} INFO - Filling up the DagBag from /home/airflow/.local/lib/python3.12/site-packages/airflow/example_dags/tutorial_dag.py
[2026-08-06T05:45:12.864+0000] {processor.py:925} INFO - DAG(s) 'tutorial_dag' retrieved from /home/airflow/.local/lib/python3.12/site-packages/airflow/example_dags/tutorial_dag.py
[2026-08-06T05:45:12.899+0000] {logging_mixin.py:190} INFO - [2026-08-06T05:45:12.898+0000] {dag.py:3239} INFO - Sync 1 DAGs
[2026-08-06T05:45:12.921+0000] {logging_mixin.py:190} INFO - [2026-08-06T05:45:12.921+0000] {dag.py:4180} INFO - Setting next_dagrun for tutorial_dag to None, run_after=None
[2026-08-06T05:45:12.955+0000] {processor.py:208} INFO - Processing /home/airflow/.local/lib/python3.12/site-packages/airflow/example_dags/tutorial_dag.py took 0.127 seconds
[2026-08-06T05:45:43.671+0000] {processor.py:186} INFO - Started process (PID=1198) to work on /home/airflow/.local/lib/python3.12/site-packages/airflow/example_dags/tutorial_dag.py
[2026-08-06T05:45:43.673+0000] {processor.py:914} INFO - Processing file /home/airflow/.local/lib/python3.12/site-packages/airflow/example_dags/tutorial_dag.py for tasks to queue
[2026-08-06T05:45:43.678+0000] {logging_mixin.py:190} INFO - [2026-08-06T05:45:43.677+0000] {dagbag.py:588} INFO - Filling up the DagBag from /home/airflow/.local/lib/python3.12/site-packages/airflow/example_dags/tutorial_dag.py
[2026-08-06T05:45:43.723+0000] {processor.py:925} INFO - DAG(s) 'tutorial_dag' retrieved from /home/airflow/.local/lib/python3.12/site-packages/airflow/example_dags/tutorial_dag.py
[2026-08-06T05:45:43.881+0000] {logging_mixin.py:190} INFO - [2026-08-06T05:45:43.881+0000] {dag.py:3239} INFO - Sync 1 DAGs
[2026-08-06T05:45:44.024+0000] {logging_mixin.py:190} INFO - [2026-08-06T05:45:44.023+0000] {dag.py:4180} INFO - Setting next_dagrun for tutorial_dag to None, run_after=None
[2026-08-06T05:45:44.245+0000] {processor.py:208} INFO - Processing /home/airflow/.local/lib/python3.12/site-packages/airflow/example_dags/tutorial_dag.py took 0.583 seconds
[2026-08-06T05:46:14.559+0000] {processor.py:186} INFO - Started process (PID=1262) to work on /home/airflow/.local/lib/python3.12/site-packages/airflow/example_dags/tutorial_dag.py
[2026-08-06T05:46:14.561+0000] {processor.py:914} INFO - Processing file /home/airflow/.local/lib/python3.12/site-packages/airflow/example_dags/tutorial_dag.py for tasks to queue
[2026-08-06T05:46:14.566+0000] {logging_mixin.py:190} INFO - [2026-08-06T05:46:14.565+0000] {dagbag.py:588} INFO - Filling up the DagBag from /home/airflow/.local/lib/python3.12/site-packages/airflow/example_dags/tutorial_dag.py
[2026-08-06T05:46:14.579+0000] {processor.py:925} INFO - DAG(s) 'tutorial_dag' retrieved from /home/airflow/.local/lib/python3.12/site-packages/airflow/example_dags/tutorial_dag.py
[2026-08-06T05:46:14.614+0000] {logging_mixin.py:190} INFO - [2026-08-06T05:46:14.614+0000] {dag.py:3239} INFO - Sync 1 DAGs
[2026-08-06T05:46:14.640+0000] {logging_mixin.py:190} INFO - [2026-08-06T05:46:14.639+0000] {dag.py:4180} INFO - Setting next_dagrun for tutorial_dag to None, run_after=None
[2026-08-06T05:46:14.715+0000] {processor.py:208} INFO - Processing /home/airflow/.local/lib/python3.12/site-packages/airflow/example_dags/tutorial_dag.py took 0.168 seconds
[2026-08-06T05:46:45.335+0000] {processor.py:186} INFO - Started process (PID=1326) to work on /home/airflow/.local/lib/python3.12/site-packages/airflow/example_dags/tutorial_dag.py
[2026-08-06T05:46:45.339+0000] {processor.py:914} INFO - Processing file /home/airflow/.local/lib/python3.12/site-packages/airflow/example_dags/tutorial_dag.py for tasks to queue
[2026-08-06T05:46:45.343+0000] {logging_mixin.py:190} INFO - [2026-08-06T05:46:45.342+0000] {dagbag.py:588} INFO - Filling up the DagBag from /home/airflow/.local/lib/python3.12/site-packages/airflow/example_dags/tutorial_dag.py
[2026-08-06T05:46:45.361+0000] {processor.py:925} INFO - DAG(s) 'tutorial_dag' retrieved from /home/airflow/.local/lib/python3.12/site-packages/airflow/example_dags/tutorial_dag.py
[2026-08-06T05:46:45.399+0000] {logging_mixin.py:190} INFO - [2026-08-06T05:46:45.399+0000] {dag.py:3239} INFO - Sync 1 DAGs
[2026-08-06T05:46:45.422+0000] {logging_mixin.py:190} INFO - [2026-08-06T05:46:45.422+0000] {dag.py:4180} INFO - Setting next_dagrun for tutorial_dag to None, run_after=None
[2026-08-06T05:46:45.461+0000] {processor.py:208} INFO - Processing /home/airflow/.local/lib/python3.12/site-packages/airflow/example_dags/tutorial_dag.py took 0.135 seconds
[2026-08-06T05:47:16.133+0000] {processor.py:186} INFO - Started process (PID=1388) to work on /home/airflow/.local/lib/python3.12/site-packages/airflow/example_dags/tutorial_dag.py
[2026-08-06T05:47:16.136+0000] {processor.py:914} INFO - Processing file /home/airflow/.local/lib/python3.12/site-packages/airflow/example_dags/tutorial_dag.py for tasks to queue
[2026-08-06T05:47:16.141+0000] {logging_mixin.py:190} INFO - [2026-08-06T05:47:16.140+0000] {dagbag.py:588} INFO - Filling up the DagBag from /home/airflow/.local/lib/python3.12/site-packages/airflow/example_dags/tutorial_dag.py
[2026-08-06T05:47:16.153+0000] {processor.py:925} INFO - DAG(s) 'tutorial_dag' retrieved from /home/airflow/.local/lib/python3.12/site-packages/airflow/example_dags/tutorial_dag.py
[2026-08-06T05:47:16.183+0000] {logging_mixin.py:190} INFO - [2026-08-06T05:47:16.182+0000] {dag.py:3239} INFO - Sync 1 DAGs
[2026-08-06T05:47:16.205+0000] {logging_mixin.py:190} INFO - [2026-08-06T05:47:16.204+0000] {dag.py:4180} INFO - Setting next_dagrun for tutorial_dag to None, run_after=None
[2026-08-06T05:47:16.232+0000] {processor.py:208} INFO - Processing /home/airflow/.local/lib/python3.12/site-packages/airflow/example_dags/tutorial_dag.py took 0.109 seconds
[2026-08-06T05:47:46.537+0000] {processor.py:186} INFO - Started process (PID=1452) to work on /home/airflow/.local/lib/python3.12/site-packages/airflow/example_dags/tutorial_dag.py
[2026-08-06T05:47:46.540+0000] {processor.py:914} INFO - Processing file /home/airflow/.local/lib/python3.12/site-packages/airflow/example_dags/tutorial_dag.py for tasks to queue
[2026-08-06T05:47:46.544+0000] {logging_mixin.py:190} INFO - [2026-08-06T05:47:46.543+0000] {dagbag.py:588} INFO - Filling up the DagBag from /home/airflow/.local/lib/python3.12/site-packages/airflow/example_dags/tutorial_dag.py
[2026-08-06T05:47:46.556+0000] {processor.py:925} INFO - DAG(s) 'tutorial_dag' retrieved from /home/airflow/.local/lib/python3.12/site-packages/airflow/example_dags/tutorial_dag.py
[2026-08-06T05:47:46.585+0000] {logging_mixin.py:190} INFO - [2026-08-06T05:47:46.585+0000] {dag.py:3239} INFO - Sync 1 DAGs
[2026-08-06T05:47:46.605+0000] {logging_mixin.py:190} INFO - [2026-08-06T05:47:46.605+0000] {dag.py:4180} INFO - Setting next_dagrun for tutorial_dag to None, run_after=None
[2026-08-06T05:47:46.667+0000] {processor.py:208} INFO - Processing /home/airflow/.local/lib/python3.12/site-packages/airflow/example_dags/tutorial_dag.py took 0.139 seconds
[2026-08-06T05:48:17.423+0000] {processor.py:186} INFO - Started process (PID=1515) to work on /home/airflow/.local/lib/python3.12/site-packages/airflow/example_dags/tutorial_dag.py
[2026-08-06T05:48:17.426+0000] {processor.py:914} INFO - Processing file /home/airflow/.local/lib/python3.12/site-packages/airflow/example_dags/tutorial_dag.py for tasks to queue
[2026-08-06T05:48:17.430+0000] {logging_mixin.py:190} INFO - [2026-08-06T05:48:17.429+0000] {dagbag.py:588} INFO - Filling up the DagBag from /home/airflow/.local/lib/python3.12/site-packages/airflow/example_dags/tutorial_dag.py
[2026-08-06T05:48:17.443+0000] {processor.py:925} INFO - DAG(s) 'tutorial_dag' retrieved from /home/airflow/.local/lib/python3.12/site-packages/airflow/example_dags/tutorial_dag.py
[2026-08-06T05:48:17.475+0000] {logging_mixin.py:190} INFO - [2026-08-06T05:48:17.475+0000] {dag.py:3239} INFO - Sync 1 DAGs
[2026-08-06T05:48:17.499+0000] {logging_mixin.py:190} INFO - [2026-08-06T05:48:17.498+0000] {dag.py:4180} INFO - Setting next_dagrun for tutorial_dag to None, run_after=None
[2026-08-06T05:48:17.533+0000] {processor.py:208} INFO - Processing /home/airflow/.local/lib/python3.12/site-packages/airflow/example_dags/tutorial_dag.py took 0.119 seconds
[2026-08-06T05:48:48.120+0000] {processor.py:186} INFO - Started process (PID=1582) to work on /home/airflow/.local/lib/python3.12/site-packages/airflow/example_dags/tutorial_dag.py
[2026-08-06T05:48:48.122+0000] {processor.py:914} INFO - Processing file /home/airflow/.local/lib/python3.12/site-packages/airflow/example_dags/tutorial_dag.py for tasks to queue
[2026-08-06T05:48:48.128+0000] {logging_mixin.py:190} INFO - [2026-08-06T05:48:48.127+0000] {dagbag.py:588} INFO - Filling up the DagBag from /home/airflow/.local/lib/python3.12/site-packages/airflow/example_dags/tutorial_dag.py
[2026-08-06T05:48:48.153+0000] {processor.py:925} INFO - DAG(s) 'tutorial_dag' retrieved from /home/airflow/.local/lib/python3.12/site-packages/airflow/example_dags/tutorial_dag.py
[2026-08-06T05:48:48.208+0000] {logging_mixin.py:190} INFO - [2026-08-06T05:48:48.208+0000] {dag.py:3239} INFO - Sync 1 DAGs
[2026-08-06T05:48:48.266+0000] {logging_mixin.py:190} INFO - [2026-08-06T05:48:48.265+0000] {dag.py:4180} INFO - Setting next_dagrun for tutorial_dag to None, run_after=None
[2026-08-06T05:48:48.345+0000] {processor.py:208} INFO - Processing /home/airflow/.local/lib/python3.12/site-packages/airflow/example_dags/tutorial_dag.py took 0.242 seconds
[2026-08-06T05:49:20.587+0000] {processor.py:186} INFO - Started process (PID=1653) to work on /home/airflow/.local/lib/python3.12/site-packages/airflow/example_dags/tutorial_dag.py
[2026-08-06T05:49:20.592+0000] {processor.py:914} INFO - Processing file /home/airflow/.local/lib/python3.12/site-packages/airflow/example_dags/tutorial_dag.py for tasks to queue
[2026-08-06T05:49:20.605+0000] {logging_mixin.py:190} INFO - [2026-08-06T05:49:20.603+0000] {dagbag.py:588} INFO - Filling up the DagBag from /home/airflow/.local/lib/python3.12/site-packages/airflow/example_dags/tutorial_dag.py
[2026-08-06T05:49:20.647+0000] {processor.py:925} INFO - DAG(s) 'tutorial_dag' retrieved from /home/airflow/.local/lib/python3.12/site-packages/airflow/example_dags/tutorial_dag.py
[2026-08-06T05:49:20.719+0000] {logging_mixin.py:190} INFO - [2026-08-06T05:49:20.718+0000] {dag.py:3239} INFO - Sync 1 DAGs
[2026-08-06T05:49:20.766+0000] {logging_mixin.py:190} INFO - [2026-08-06T05:49:20.765+0000] {dag.py:4180} INFO - Setting next_dagrun for tutorial_dag to None, run_after=None
[2026-08-06T05:49:20.853+0000] {processor.py:208} INFO - Processing /home/airflow/.local/lib/python3.12/site-packages/airflow/example_dags/tutorial_dag.py took 0.285 seconds
[2026-08-06T05:49:51.086+0000] {processor.py:186} INFO - Started process (PID=1716) to work on /home/airflow/.local/lib/python3.12/site-packages/airflow/example_dags/tutorial_dag.py
[2026-08-06T05:49:51.088+0000] {processor.py:914} INFO - Processing file /home/airflow/.local/lib/python3.12/site-packages/airflow/example_dags/tutorial_dag.py for tasks to queue
[2026-08-06T05:49:51.093+0000] {logging_mixin.py:190} INFO - [2026-08-06T05:49:51.092+0000] {dagbag.py:588} INFO - Filling up the DagBag from /home/airflow/.local/lib/python3.12/site-packages/airflow/example_dags/tutorial_dag.py
[2026-08-06T05:49:51.109+0000] {processor.py:925} INFO - DAG(s) 'tutorial_dag' retrieved from /home/airflow/.local/lib/python3.12/site-packages/airflow/example_dags/tutorial_dag.py
[2026-08-06T05:49:51.150+0000] {logging_mixin.py:190} INFO - [2026-08-06T05:49:51.150+0000] {dag.py:3239} INFO - Sync 1 DAGs
[2026-08-06T05:49:51.180+0000] {logging_mixin.py:190} INFO - [2026-08-06T05:49:51.179+0000] {dag.py:4180} INFO - Setting next_dagrun for tutorial_dag to None, run_after=None
[2026-08-06T05:49:51.245+0000] {processor.py:208} INFO - Processing /home/airflow/.local/lib/python3.12/site-packages/airflow/example_dags/tutorial_dag.py took 0.172 seconds
[2026-08-06T05:50:21.685+0000] {processor.py:186} INFO - Started process (PID=1781) to work on /home/airflow/.local/lib/python3.12/site-packages/airflow/example_dags/tutorial_dag.py
[2026-08-06T05:50:21.701+0000] {processor.py:914} INFO - Processing file /home/airflow/.local/lib/python3.12/site-packages/airflow/example_dags/tutorial_dag.py for tasks to queue
[2026-08-06T05:50:21.727+0000] {logging_mixin.py:190} INFO - [2026-08-06T05:50:21.725+0000] {dagbag.py:588} INFO - Filling up the DagBag from /home/airflow/.local/lib/python3.12/site-packages/airflow/example_dags/tutorial_dag.py
[2026-08-06T05:50:21.770+0000] {processor.py:925} INFO - DAG(s) 'tutorial_dag' retrieved from /home/airflow/.local/lib/python3.12/site-packages/airflow/example_dags/tutorial_dag.py
[2026-08-06T05:50:21.814+0000] {logging_mixin.py:190} INFO - [2026-08-06T05:50:21.813+0000] {dag.py:3239} INFO - Sync 1 DAGs
[2026-08-06T05:50:21.864+0000] {logging_mixin.py:190} INFO - [2026-08-06T05:50:21.863+0000] {dag.py:4180} INFO - Setting next_dagrun for tutorial_dag to None, run_after=None
[2026-08-06T05:50:21.915+0000] {processor.py:208} INFO - Processing /home/airflow/.local/lib/python3.12/site-packages/airflow/example_dags/tutorial_dag.py took 0.240 seconds
[2026-08-06T05:50:52.575+0000] {processor.py:186} INFO - Started process (PID=1845) to work on /home/airflow/.local/lib/python3.12/site-packages/airflow/example_dags/tutorial_dag.py
[2026-08-06T05:50:52.577+0000] {processor.py:914} INFO - Processing file /home/airflow/.local/lib/python3.12/site-packages/airflow/example_dags/tutorial_dag.py for tasks to queue
[2026-08-06T05:50:52.581+0000] {logging_mixin.py:190} INFO - [2026-08-06T05:50:52.581+0000] {dagbag.py:588} INFO - Filling up the DagBag from /home/airflow/.local/lib/python3.12/site-packages/airflow/example_dags/tutorial_dag.py
[2026-08-06T05:50:52.593+0000] {processor.py:925} INFO - DAG(s) 'tutorial_dag' retrieved from /home/airflow/.local/lib/python3.12/site-packages/airflow/example_dags/tutorial_dag.py
[2026-08-06T05:50:52.617+0000] {logging_mixin.py:190} INFO - [2026-08-06T05:50:52.616+0000] {dag.py:3239} INFO - Sync 1 DAGs
[2026-08-06T05:50:52.634+0000] {logging_mixin.py:190} INFO - [2026-08-06T05:50:52.633+0000] {dag.py:4180} INFO - Setting next_dagrun for tutorial_dag to None, run_after=None
[2026-08-06T05:50:52.689+0000] {processor.py:208} INFO - Processing /home/airflow/.local/lib/python3.12/site-packages/airflow/example_dags/tutorial_dag.py took 0.122 seconds
[2026-08-06T05:51:23.168+0000] {processor.py:186} INFO - Started process (PID=1909) to work on /home/airflow/.local/lib/python3.12/site-packages/airflow/example_dags/tutorial_dag.py
[2026-08-06T05:51:23.173+0000] {processor.py:914} INFO - Processing file /home/airflow/.local/lib/python3.12/site-packages/airflow/example_dags/tutorial_dag.py for tasks to queue
[2026-08-06T05:51:23.178+0000] {logging_mixin.py:190} INFO - [2026-08-06T05:51:23.177+0000] {dagbag.py:588} INFO - Filling up the DagBag from /home/airflow/.local/lib/python3.12/site-packages/airflow/example_dags/tutorial_dag.py
[2026-08-06T05:51:23.198+0000] {processor.py:925} INFO - DAG(s) 'tutorial_dag' retrieved from /home/airflow/.local/lib/python3.12/site-packages/airflow/example_dags/tutorial_dag.py
[2026-08-06T05:51:23.234+0000] {logging_mixin.py:190} INFO - [2026-08-06T05:51:23.233+0000] {dag.py:3239} INFO - Sync 1 DAGs
[2026-08-06T05:51:23.264+0000] {logging_mixin.py:190} INFO - [2026-08-06T05:51:23.264+0000] {dag.py:4180} INFO - Setting next_dagrun for tutorial_dag to None, run_after=None
[2026-08-06T05:51:23.330+0000] {processor.py:208} INFO - Processing /home/airflow/.local/lib/python3.12/site-packages/airflow/example_dags/tutorial_dag.py took 0.170 seconds
[2026-08-06T05:51:53.855+0000] {processor.py:186} INFO - Started process (PID=1973) to work on /home/airflow/.local/lib/python3.12/site-packages/airflow/example_dags/tutorial_dag.py
[2026-08-06T05:51:53.857+0000] {processor.py:914} INFO - Processing file /home/airflow/.local/lib/python3.12/site-packages/airflow/example_dags/tutorial_dag.py for tasks to queue
[2026-08-06T05:51:53.860+0000] {logging_mixin.py:190} INFO - [2026-08-06T05:51:53.860+0000] {dagbag.py:588} INFO - Filling up the DagBag from /home/airflow/.local/lib/python3.12/site-packages/airflow/example_dags/tutorial_dag.py
[2026-08-06T05:51:53.873+0000] {processor.py:925} INFO - DAG(s) 'tutorial_dag' retrieved from /home/airflow/.local/lib/python3.12/site-packages/airflow/example_dags/tutorial_dag.py
[2026-08-06T05:51:53.899+0000] {logging_mixin.py:190} INFO - [2026-08-06T05:51:53.899+0000] {dag.py:3239} INFO - Sync 1 DAGs
[2026-08-06T05:51:53.920+0000] {logging_mixin.py:190} INFO - [2026-08-06T05:51:53.919+0000] {dag.py:4180} INFO - Setting next_dagrun for tutorial_dag to None, run_after=None
[2026-08-06T05:51:53.982+0000] {processor.py:208} INFO - Processing /home/airflow/.local/lib/python3.12/site-packages/airflow/example_dags/tutorial_dag.py took 0.135 seconds
[2026-08-06T05:52:25.745+0000] {processor.py:186} INFO - Started process (PID=2043) to work on /home/airflow/.local/lib/python3.12/site-packages/airflow/example_dags/tutorial_dag.py
[2026-08-06T05:52:25.747+0000] {processor.py:914} INFO - Processing file /home/airflow/.local/lib/python3.12/site-packages/airflow/example_dags/tutorial_dag.py for tasks to queue
[2026-08-06T05:52:25.751+0000] {logging_mixin.py:190} INFO - [2026-08-06T05:52:25.750+0000] {dagbag.py:588} INFO - Filling up the DagBag from /home/airflow/.local/lib/python3.12/site-packages/airflow/example_dags/tutorial_dag.py
[2026-08-06T05:52:25.765+0000] {processor.py:925} INFO - DAG(s) 'tutorial_dag' retrieved from /home/airflow/.local/lib/python3.12/site-packages/airflow/example_dags/tutorial_dag.py
[2026-08-06T05:52:25.797+0000] {logging_mixin.py:190} INFO - [2026-08-06T05:52:25.796+0000] {dag.py:3239} INFO - Sync 1 DAGs
[2026-08-06T05:52:25.830+0000] {logging_mixin.py:190} INFO - [2026-08-06T05:52:25.829+0000] {dag.py:4180} INFO - Setting next_dagrun for tutorial_dag to None, run_after=None
[2026-08-06T05:52:25.891+0000] {processor.py:208} INFO - Processing /home/airflow/.local/lib/python3.12/site-packages/airflow/example_dags/tutorial_dag.py took 0.154 seconds
[2026-08-06T05:52:56.100+0000] {processor.py:186} INFO - Started process (PID=2107) to work on /home/airflow/.local/lib/python3.12/site-packages/airflow/example_dags/tutorial_dag.py
[2026-08-06T05:52:56.103+0000] {processor.py:914} INFO - Processing file /home/airflow/.local/lib/python3.12/site-packages/airflow/example_dags/tutorial_dag.py for tasks to queue
[2026-08-06T05:52:56.107+0000] {logging_mixin.py:190} INFO - [2026-08-06T05:52:56.106+0000] {dagbag.py:588} INFO - Filling up the DagBag from /home/airflow/.local/lib/python3.12/site-packages/airflow/example_dags/tutorial_dag.py
[2026-08-06T05:52:56.117+0000] {processor.py:925} INFO - DAG(s) 'tutorial_dag' retrieved from /home/airflow/.local/lib/python3.12/site-packages/airflow/example_dags/tutorial_dag.py
[2026-08-06T05:52:56.143+0000] {logging_mixin.py:190} INFO - [2026-08-06T05:52:56.143+0000] {dag.py:3239} INFO - Sync 1 DAGs
[2026-08-06T05:52:56.162+0000] {logging_mixin.py:190} INFO - [2026-08-06T05:52:56.161+0000] {dag.py:4180} INFO - Setting next_dagrun for tutorial_dag to None, run_after=None
[2026-08-06T05:52:56.190+0000] {processor.py:208} INFO - Processing /home/airflow/.local/lib/python3.12/site-packages/airflow/example_dags/tutorial_dag.py took 0.097 seconds
[2026-08-06T05:53:26.329+0000] {processor.py:186} INFO - Started process (PID=2170) to work on /home/airflow/.local/lib/python3.12/site-packages/airflow/example_dags/tutorial_dag.py
[2026-08-06T05:53:26.330+0000] {processor.py:914} INFO - Processing file /home/airflow/.local/lib/python3.12/site-packages/airflow/example_dags/tutorial_dag.py for tasks to queue
[2026-08-06T05:53:26.335+0000] {logging_mixin.py:190} INFO - [2026-08-06T05:53:26.334+0000] {dagbag.py:588} INFO - Filling up the DagBag from /home/airflow/.local/lib/python3.12/site-packages/airflow/example_dags/tutorial_dag.py
[2026-08-06T05:53:26.344+0000] {processor.py:925} INFO - DAG(s) 'tutorial_dag' retrieved from /home/airflow/.local/lib/python3.12/site-packages/airflow/example_dags/tutorial_dag.py
[2026-08-06T05:53:26.364+0000] {logging_mixin.py:190} INFO - [2026-08-06T05:53:26.363+0000] {dag.py:3239} INFO - Sync 1 DAGs
[2026-08-06T05:53:26.380+0000] {logging_mixin.py:190} INFO - [2026-08-06T05:53:26.380+0000] {dag.py:4180} INFO - Setting next_dagrun for tutorial_dag to None, run_after=None
[2026-08-06T05:53:26.407+0000] {processor.py:208} INFO - Processing /home/airflow/.local/lib/python3.12/site-packages/airflow/example_dags/tutorial_dag.py took 0.086 seconds
[2026-08-06T05:53:57.490+0000] {processor.py:186} INFO - Started process (PID=2241) to work on /home/airflow/.local/lib/python3.12/site-packages/airflow/example_dags/tutorial_dag.py
[2026-08-06T05:53:57.493+0000] {processor.py:914} INFO - Processing file /home/airflow/.local/lib/python3.12/site-packages/airflow/example_dags/tutorial_dag.py for tasks to queue
[2026-08-06T05:53:57.500+0000] {logging_mixin.py:190} INFO - [2026-08-06T05:53:57.499+0000] {dagbag.py:588} INFO - Filling up the DagBag from /home/airflow/.local/lib/python3.12/site-packages/airflow/example_dags/tutorial_dag.py
[2026-08-06T05:53:57.521+0000] {processor.py:925} INFO - DAG(s) 'tutorial_dag' retrieved from /home/airflow/.local/lib/python3.12/site-packages/airflow/example_dags/tutorial_dag.py
[2026-08-06T05:53:57.562+0000] {logging_mixin.py:190} INFO - [2026-08-06T05:53:57.561+0000] {dag.py:3239} INFO - Sync 1 DAGs
[2026-08-06T05:53:57.592+0000] {logging_mixin.py:190} INFO - [2026-08-06T05:53:57.592+0000] {dag.py:4180} INFO - Setting next_dagrun for tutorial_dag to None, run_after=None
[2026-08-06T05:53:57.672+0000] {processor.py:208} INFO - Processing /home/airflow/.local/lib/python3.12/site-packages/airflow/example_dags/tutorial_dag.py took 0.196 seconds
[2026-08-06T05:54:28.030+0000] {processor.py:186} INFO - Started process (PID=2304) to work on /home/airflow/.local/lib/python3.12/site-packages/airflow/example_dags/tutorial_dag.py
[2026-08-06T05:54:28.035+0000] {processor.py:914} INFO - Processing file /home/airflow/.local/lib/python3.12/site-packages/airflow/example_dags/tutorial_dag.py for tasks to queue
[2026-08-06T05:54:28.045+0000] {logging_mixin.py:190} INFO - [2026-08-06T05:54:28.044+0000] {dagbag.py:588} INFO - Filling up the DagBag from /home/airflow/.local/lib/python3.12/site-packages/airflow/example_dags/tutorial_dag.py
[2026-08-06T05:54:28.074+0000] {processor.py:925} INFO - DAG(s) 'tutorial_dag' retrieved from /home/airflow/.local/lib/python3.12/site-packages/airflow/example_dags/tutorial_dag.py
[2026-08-06T05:54:28.118+0000] {logging_mixin.py:190} INFO - [2026-08-06T05:54:28.117+0000] {dag.py:3239} INFO - Sync 1 DAGs
[2026-08-06T05:54:28.158+0000] {logging_mixin.py:190} INFO - [2026-08-06T05:54:28.158+0000] {dag.py:4180} INFO - Setting next_dagrun for tutorial_dag to None, run_after=None
[2026-08-06T05:54:28.202+0000] {processor.py:208} INFO - Processing /home/airflow/.local/lib/python3.12/site-packages/airflow/example_dags/tutorial_dag.py took 0.183 seconds
[2026-08-06T05:55:00.268+0000] {processor.py:186} INFO - Started process (PID=2365) to work on /home/airflow/.local/lib/python3.12/site-packages/airflow/example_dags/tutorial_dag.py
[2026-08-06T05:55:00.271+0000] {processor.py:914} INFO - Processing file /home/airflow/.local/lib/python3.12/site-packages/airflow/example_dags/tutorial_dag.py for tasks to queue
[2026-08-06T05:55:00.276+0000] {logging_mixin.py:190} INFO - [2026-08-06T05:55:00.275+0000] {dagbag.py:588} INFO - Filling up the DagBag from /home/airflow/.local/lib/python3.12/site-packages/airflow/example_dags/tutorial_dag.py
[2026-08-06T05:55:00.291+0000] {processor.py:925} INFO - DAG(s) 'tutorial_dag' retrieved from /home/airflow/.local/lib/python3.12/site-packages/airflow/example_dags/tutorial_dag.py
[2026-08-06T05:55:00.326+0000] {logging_mixin.py:190} INFO - [2026-08-06T05:55:00.325+0000] {dag.py:3239} INFO - Sync 1 DAGs
[2026-08-06T05:55:00.353+0000] {logging_mixin.py:190} INFO - [2026-08-06T05:55:00.352+0000] {dag.py:4180} INFO - Setting next_dagrun for tutorial_dag to None, run_after=None
[2026-08-06T05:55:00.433+0000] {processor.py:208} INFO - Processing /home/airflow/.local/lib/python3.12/site-packages/airflow/example_dags/tutorial_dag.py took 0.178 seconds
[2026-08-06T05:55:30.769+0000] {processor.py:186} INFO - Started process (PID=2429) to work on /home/airflow/.local/lib/python3.12/site-packages/airflow/example_dags/tutorial_dag.py
[2026-08-06T05:55:30.772+0000] {processor.py:914} INFO - Processing file /home/airflow/.local/lib/python3.12/site-packages/airflow/example_dags/tutorial_dag.py for tasks to queue
[2026-08-06T05:55:30.779+0000] {logging_mixin.py:190} INFO - [2026-08-06T05:55:30.779+0000] {dagbag.py:588} INFO - Filling up the DagBag from /home/airflow/.local/lib/python3.12/site-packages/airflow/example_dags/tutorial_dag.py
[2026-08-06T05:55:30.797+0000] {processor.py:925} INFO - DAG(s) 'tutorial_dag' retrieved from /home/airflow/.local/lib/python3.12/site-packages/airflow/example_dags/tutorial_dag.py
[2026-08-06T05:55:30.848+0000] {logging_mixin.py:190} INFO - [2026-08-06T05:55:30.847+0000] {dag.py:3239} INFO - Sync 1 DAGs
[2026-08-06T05:55:30.880+0000] {logging_mixin.py:190} INFO - [2026-08-06T05:55:30.879+0000] {dag.py:4180} INFO - Setting next_dagrun for tutorial_dag to None, run_after=None
[2026-08-06T05:55:30.950+0000] {processor.py:208} INFO - Processing /home/airflow/.local/lib/python3.12/site-packages/airflow/example_dags/tutorial_dag.py took 0.193 seconds
[2026-08-06T05:56:01.392+0000] {processor.py:186} INFO - Started process (PID=2492) to work on /home/airflow/.local/lib/python3.12/site-packages/airflow/example_dags/tutorial_dag.py
[2026-08-06T05:56:01.395+0000] {processor.py:914} INFO - Processing file /home/airflow/.local/lib/python3.12/site-packages/airflow/example_dags/tutorial_dag.py for tasks to queue
[2026-08-06T05:56:01.399+0000] {logging_mixin.py:190} INFO - [2026-08-06T05:56:01.399+0000] {dagbag.py:588} INFO - Filling up the DagBag from /home/airflow/.local/lib/python3.12/site-packages/airflow/example_dags/tutorial_dag.py
[2026-08-06T05:56:01.409+0000] {processor.py:925} INFO - DAG(s) 'tutorial_dag' retrieved from /home/airflow/.local/lib/python3.12/site-packages/airflow/example_dags/tutorial_dag.py
[2026-08-06T05:56:01.437+0000] {logging_mixin.py:190} INFO - [2026-08-06T05:56:01.437+0000] {dag.py:3239} INFO - Sync 1 DAGs
[2026-08-06T05:56:01.466+0000] {logging_mixin.py:190} INFO - [2026-08-06T05:56:01.466+0000] {dag.py:4180} INFO - Setting next_dagrun for tutorial_dag to None, run_after=None
[2026-08-06T05:56:01.549+0000] {processor.py:208} INFO - Processing /home/airflow/.local/lib/python3.12/site-packages/airflow/example_dags/tutorial_dag.py took 0.169 seconds
[2026-08-06T05:56:32.667+0000] {processor.py:186} INFO - Started process (PID=2556) to work on /home/airflow/.local/lib/python3.12/site-packages/airflow/example_dags/tutorial_dag.py
[2026-08-06T05:56:32.675+0000] {processor.py:914} INFO - Processing file /home/airflow/.local/lib/python3.12/site-packages/airflow/example_dags/tutorial_dag.py for tasks to queue
[2026-08-06T05:56:32.685+0000] {logging_mixin.py:190} INFO - [2026-08-06T05:56:32.684+0000] {dagbag.py:588} INFO - Filling up the DagBag from /home/airflow/.local/lib/python3.12/site-packages/airflow/example_dags/tutorial_dag.py
[2026-08-06T05:56:32.697+0000] {processor.py:925} INFO - DAG(s) 'tutorial_dag' retrieved from /home/airflow/.local/lib/python3.12/site-packages/airflow/example_dags/tutorial_dag.py
[2026-08-06T05:56:32.737+0000] {logging_mixin.py:190} INFO - [2026-08-06T05:56:32.737+0000] {dag.py:3239} INFO - Sync 1 DAGs
[2026-08-06T05:56:32.808+0000] {logging_mixin.py:190} INFO - [2026-08-06T05:56:32.807+0000] {dag.py:4180} INFO - Setting next_dagrun for tutorial_dag to None, run_after=None
[2026-08-06T05:56:32.881+0000] {processor.py:208} INFO - Processing /home/airflow/.local/lib/python3.12/site-packages/airflow/example_dags/tutorial_dag.py took 0.225 seconds
[2026-08-06T05:57:03.163+0000] {processor.py:186} INFO - Started process (PID=2620) to work on /home/airflow/.local/lib/python3.12/site-packages/airflow/example_dags/tutorial_dag.py
[2026-08-06T05:57:03.166+0000] {processor.py:914} INFO - Processing file /home/airflow/.local/lib/python3.12/site-packages/airflow/example_dags/tutorial_dag.py for tasks to queue
[2026-08-06T05:57:03.172+0000] {logging_mixin.py:190} INFO - [2026-08-06T05:57:03.171+0000] {dagbag.py:588} INFO - Filling up the DagBag from /home/airflow/.local/lib/python3.12/site-packages/airflow/example_dags/tutorial_dag.py
[2026-08-06T05:57:03.186+0000] {processor.py:925} INFO - DAG(s) 'tutorial_dag' retrieved from /home/airflow/.local/lib/python3.12/site-packages/airflow/example_dags/tutorial_dag.py
[2026-08-06T05:57:03.234+0000] {logging_mixin.py:190} INFO - [2026-08-06T05:57:03.234+0000] {dag.py:3239} INFO - Sync 1 DAGs
[2026-08-06T05:57:03.265+0000] {logging_mixin.py:190} INFO - [2026-08-06T05:57:03.265+0000] {dag.py:4180} INFO - Setting next_dagrun for tutorial_dag to None, run_after=None
[2026-08-06T05:57:03.356+0000] {processor.py:208} INFO - Processing /home/airflow/.local/lib/python3.12/site-packages/airflow/example_dags/tutorial_dag.py took 0.205 seconds
[2026-08-06T05:57:33.892+0000] {processor.py:186} INFO - Started process (PID=2684) to work on /home/airflow/.local/lib/python3.12/site-packages/airflow/example_dags/tutorial_dag.py
[2026-08-06T05:57:33.894+0000] {processor.py:914} INFO - Processing file /home/airflow/.local/lib/python3.12/site-packages/airflow/example_dags/tutorial_dag.py for tasks to queue
[2026-08-06T05:57:33.898+0000] {logging_mixin.py:190} INFO - [2026-08-06T05:57:33.898+0000] {dagbag.py:588} INFO - Filling up the DagBag from /home/airflow/.local/lib/python3.12/site-packages/airflow/example_dags/tutorial_dag.py
[2026-08-06T05:57:33.906+0000] {processor.py:925} INFO - DAG(s) 'tutorial_dag' retrieved from /home/airflow/.local/lib/python3.12/site-packages/airflow/example_dags/tutorial_dag.py
[2026-08-06T05:57:33.930+0000] {logging_mixin.py:190} INFO - [2026-08-06T05:57:33.930+0000] {dag.py:3239} INFO - Sync 1 DAGs
[2026-08-06T05:57:33.946+0000] {logging_mixin.py:190} INFO - [2026-08-06T05:57:33.946+0000] {dag.py:4180} INFO - Setting next_dagrun for tutorial_dag to None, run_after=None
[2026-08-06T05:57:34.014+0000] {processor.py:208} INFO - Processing /home/airflow/.local/lib/python3.12/site-packages/airflow/example_dags/tutorial_dag.py took 0.129 seconds
[2026-08-06T05:58:06.472+0000] {processor.py:186} INFO - Started process (PID=2762) to work on /home/airflow/.local/lib/python3.12/site-packages/airflow/example_dags/tutorial_dag.py
[2026-08-06T05:58:06.475+0000] {processor.py:914} INFO - Processing file /home/airflow/.local/lib/python3.12/site-packages/airflow/example_dags/tutorial_dag.py for tasks to queue
[2026-08-06T05:58:06.482+0000] {logging_mixin.py:190} INFO - [2026-08-06T05:58:06.481+0000] {dagbag.py:588} INFO - Filling up the DagBag from /home/airflow/.local/lib/python3.12/site-packages/airflow/example_dags/tutorial_dag.py
[2026-08-06T05:58:06.505+0000] {processor.py:925} INFO - DAG(s) 'tutorial_dag' retrieved from /home/airflow/.local/lib/python3.12/site-packages/airflow/example_dags/tutorial_dag.py
[2026-08-06T05:58:06.560+0000] {logging_mixin.py:190} INFO - [2026-08-06T05:58:06.558+0000] {dag.py:3239} INFO - Sync 1 DAGs
[2026-08-06T05:58:06.593+0000] {logging_mixin.py:190} INFO - [2026-08-06T05:58:06.592+0000] {dag.py:4180} INFO - Setting next_dagrun for tutorial_dag to None, run_after=None
[2026-08-06T05:58:06.635+0000] {processor.py:208} INFO - Processing /home/airflow/.local/lib/python3.12/site-packages/airflow/example_dags/tutorial_dag.py took 0.175 seconds
[2026-08-06T05:58:38.027+0000] {processor.py:186} INFO - Started process (PID=2825) to work on /home/airflow/.local/lib/python3.12/site-packages/airflow/example_dags/tutorial_dag.py
[2026-08-06T05:58:38.037+0000] {processor.py:914} INFO - Processing file /home/airflow/.local/lib/python3.12/site-packages/airflow/example_dags/tutorial_dag.py for tasks to queue
[2026-08-06T05:58:38.043+0000] {logging_mixin.py:190} INFO - [2026-08-06T05:58:38.041+0000] {dagbag.py:588} INFO - Filling up the DagBag from /home/airflow/.local/lib/python3.12/site-packages/airflow/example_dags/tutorial_dag.py
[2026-08-06T05:58:38.059+0000] {processor.py:925} INFO - DAG(s) 'tutorial_dag' retrieved from /home/airflow/.local/lib/python3.12/site-packages/airflow/example_dags/tutorial_dag.py
[2026-08-06T05:58:38.092+0000] {logging_mixin.py:190} INFO - [2026-08-06T05:58:38.091+0000] {dag.py:3239} INFO - Sync 1 DAGs
[2026-08-06T05:58:38.118+0000] {logging_mixin.py:190} INFO - [2026-08-06T05:58:38.118+0000] {dag.py:4180} INFO - Setting next_dagrun for tutorial_dag to None, run_after=None
[2026-08-06T05:58:38.156+0000] {processor.py:208} INFO - Processing /home/airflow/.local/lib/python3.12/site-packages/airflow/example_dags/tutorial_dag.py took 0.144 seconds
[2026-08-06T05:59:10.725+0000] {processor.py:186} INFO - Started process (PID=2889) to work on /home/airflow/.local/lib/python3.12/site-packages/airflow/example_dags/tutorial_dag.py
[2026-08-06T05:59:10.729+0000] {processor.py:914} INFO - Processing file /home/airflow/.local/lib/python3.12/site-packages/airflow/example_dags/tutorial_dag.py for tasks to queue
[2026-08-06T05:59:10.733+0000] {logging_mixin.py:190} INFO - [2026-08-06T05:59:10.733+0000] {dagbag.py:588} INFO - Filling up the DagBag from /home/airflow/.local/lib/python3.12/site-packages/airflow/example_dags/tutorial_dag.py
[2026-08-06T05:59:10.746+0000] {processor.py:925} INFO - DAG(s) 'tutorial_dag' retrieved from /home/airflow/.local/lib/python3.12/site-packages/airflow/example_dags/tutorial_dag.py
[2026-08-06T05:59:10.778+0000] {logging_mixin.py:190} INFO - [2026-08-06T05:59:10.778+0000] {dag.py:3239} INFO - Sync 1 DAGs
[2026-08-06T05:59:10.800+0000] {logging_mixin.py:190} INFO - [2026-08-06T05:59:10.800+0000] {dag.py:4180} INFO - Setting next_dagrun for tutorial_dag to None, run_after=None
[2026-08-06T05:59:10.891+0000] {processor.py:208} INFO - Processing /home/airflow/.local/lib/python3.12/site-packages/airflow/example_dags/tutorial_dag.py took 0.177 seconds
[2026-08-06T05:59:41.547+0000] {processor.py:186} INFO - Started process (PID=2953) to work on /home/airflow/.local/lib/python3.12/site-packages/airflow/example_dags/tutorial_dag.py
[2026-08-06T05:59:41.550+0000] {processor.py:914} INFO - Processing file /home/airflow/.local/lib/python3.12/site-packages/airflow/example_dags/tutorial_dag.py for tasks to queue
[2026-08-06T05:59:41.556+0000] {logging_mixin.py:190} INFO - [2026-08-06T05:59:41.556+0000] {dagbag.py:588} INFO - Filling up the DagBag from /home/airflow/.local/lib/python3.12/site-packages/airflow/example_dags/tutorial_dag.py
[2026-08-06T05:59:41.570+0000] {processor.py:925} INFO - DAG(s) 'tutorial_dag' retrieved from /home/airflow/.local/lib/python3.12/site-packages/airflow/example_dags/tutorial_dag.py
[2026-08-06T05:59:41.608+0000] {logging_mixin.py:190} INFO - [2026-08-06T05:59:41.607+0000] {dag.py:3239} INFO - Sync 1 DAGs
[2026-08-06T05:59:41.632+0000] {logging_mixin.py:190} INFO - [2026-08-06T05:59:41.631+0000] {dag.py:4180} INFO - Setting next_dagrun for tutorial_dag to None, run_after=None
[2026-08-06T05:59:41.673+0000] {processor.py:208} INFO - Processing /home/airflow/.local/lib/python3.12/site-packages/airflow/example_dags/tutorial_dag.py took 0.137 seconds
[2026-08-06T06:01:52.056+0000] {processor.py:186} INFO - Started process (PID=84) to work on /home/airflow/.local/lib/python3.12/site-packages/airflow/example_dags/tutorial_dag.py
[2026-08-06T06:01:52.058+0000] {processor.py:914} INFO - Processing file /home/airflow/.local/lib/python3.12/site-packages/airflow/example_dags/tutorial_dag.py for tasks to queue
[2026-08-06T06:01:52.063+0000] {logging_mixin.py:190} INFO - [2026-08-06T06:01:52.062+0000] {dagbag.py:588} INFO - Filling up the DagBag from /home/airflow/.local/lib/python3.12/site-packages/airflow/example_dags/tutorial_dag.py
[2026-08-06T06:01:52.076+0000] {processor.py:925} INFO - DAG(s) 'tutorial_dag' retrieved from /home/airflow/.local/lib/python3.12/site-packages/airflow/example_dags/tutorial_dag.py
[2026-08-06T06:01:52.131+0000] {logging_mixin.py:190} INFO - [2026-08-06T06:01:52.130+0000] {dag.py:3239} INFO - Sync 1 DAGs
[2026-08-06T06:01:52.166+0000] {logging_mixin.py:190} INFO - [2026-08-06T06:01:52.165+0000] {dag.py:4180} INFO - Setting next_dagrun for tutorial_dag to None, run_after=None
[2026-08-06T06:01:52.257+0000] {processor.py:208} INFO - Processing /home/airflow/.local/lib/python3.12/site-packages/airflow/example_dags/tutorial_dag.py took 0.209 seconds
[2026-08-06T06:02:23.030+0000] {processor.py:186} INFO - Started process (PID=147) to work on /home/airflow/.local/lib/python3.12/site-packages/airflow/example_dags/tutorial_dag.py
[2026-08-06T06:02:23.032+0000] {processor.py:914} INFO - Processing file /home/airflow/.local/lib/python3.12/site-packages/airflow/example_dags/tutorial_dag.py for tasks to queue
[2026-08-06T06:02:23.036+0000] {logging_mixin.py:190} INFO - [2026-08-06T06:02:23.036+0000] {dagbag.py:588} INFO - Filling up the DagBag from /home/airflow/.local/lib/python3.12/site-packages/airflow/example_dags/tutorial_dag.py
[2026-08-06T06:02:23.048+0000] {processor.py:925} INFO - DAG(s) 'tutorial_dag' retrieved from /home/airflow/.local/lib/python3.12/site-packages/airflow/example_dags/tutorial_dag.py
[2026-08-06T06:02:23.082+0000] {logging_mixin.py:190} INFO - [2026-08-06T06:02:23.082+0000] {dag.py:3239} INFO - Sync 1 DAGs
[2026-08-06T06:02:23.106+0000] {logging_mixin.py:190} INFO - [2026-08-06T06:02:23.105+0000] {dag.py:4180} INFO - Setting next_dagrun for tutorial_dag to None, run_after=None
[2026-08-06T06:02:23.158+0000] {processor.py:208} INFO - Processing /home/airflow/.local/lib/python3.12/site-packages/airflow/example_dags/tutorial_dag.py took 0.138 seconds
[2026-08-06T06:02:53.381+0000] {processor.py:186} INFO - Started process (PID=211) to work on /home/airflow/.local/lib/python3.12/site-packages/airflow/example_dags/tutorial_dag.py
[2026-08-06T06:02:53.382+0000] {processor.py:914} INFO - Processing file /home/airflow/.local/lib/python3.12/site-packages/airflow/example_dags/tutorial_dag.py for tasks to queue
[2026-08-06T06:02:53.392+0000] {logging_mixin.py:190} INFO - [2026-08-06T06:02:53.392+0000] {dagbag.py:588} INFO - Filling up the DagBag from /home/airflow/.local/lib/python3.12/site-packages/airflow/example_dags/tutorial_dag.py
[2026-08-06T06:02:53.412+0000] {processor.py:925} INFO - DAG(s) 'tutorial_dag' retrieved from /home/airflow/.local/lib/python3.12/site-packages/airflow/example_dags/tutorial_dag.py
[2026-08-06T06:02:53.468+0000] {logging_mixin.py:190} INFO - [2026-08-06T06:02:53.467+0000] {dag.py:3239} INFO - Sync 1 DAGs
[2026-08-06T06:02:53.508+0000] {logging_mixin.py:190} INFO - [2026-08-06T06:02:53.508+0000] {dag.py:4180} INFO - Setting next_dagrun for tutorial_dag to None, run_after=None
[2026-08-06T06:02:53.606+0000] {processor.py:208} INFO - Processing /home/airflow/.local/lib/python3.12/site-packages/airflow/example_dags/tutorial_dag.py took 0.234 seconds
[2026-08-06T06:03:24.387+0000] {processor.py:186} INFO - Started process (PID=275) to work on /home/airflow/.local/lib/python3.12/site-packages/airflow/example_dags/tutorial_dag.py
[2026-08-06T06:03:24.389+0000] {processor.py:914} INFO - Processing file /home/airflow/.local/lib/python3.12/site-packages/airflow/example_dags/tutorial_dag.py for tasks to queue
[2026-08-06T06:03:24.394+0000] {logging_mixin.py:190} INFO - [2026-08-06T06:03:24.393+0000] {dagbag.py:588} INFO - Filling up the DagBag from /home/airflow/.local/lib/python3.12/site-packages/airflow/example_dags/tutorial_dag.py
[2026-08-06T06:03:24.416+0000] {processor.py:925} INFO - DAG(s) 'tutorial_dag' retrieved from /home/airflow/.local/lib/python3.12/site-packages/airflow/example_dags/tutorial_dag.py
[2026-08-06T06:03:24.486+0000] {logging_mixin.py:190} INFO - [2026-08-06T06:03:24.486+0000] {dag.py:3239} INFO - Sync 1 DAGs
[2026-08-06T06:03:24.511+0000] {logging_mixin.py:190} INFO - [2026-08-06T06:03:24.510+0000] {dag.py:4180} INFO - Setting next_dagrun for tutorial_dag to None, run_after=None
[2026-08-06T06:03:24.578+0000] {processor.py:208} INFO - Processing /home/airflow/.local/lib/python3.12/site-packages/airflow/example_dags/tutorial_dag.py took 0.202 seconds
[2026-08-06T06:03:54.866+0000] {processor.py:186} INFO - Started process (PID=339) to work on /home/airflow/.local/lib/python3.12/site-packages/airflow/example_dags/tutorial_dag.py
[2026-08-06T06:03:54.870+0000] {processor.py:914} INFO - Processing file /home/airflow/.local/lib/python3.12/site-packages/airflow/example_dags/tutorial_dag.py for tasks to queue
[2026-08-06T06:03:54.875+0000] {logging_mixin.py:190} INFO - [2026-08-06T06:03:54.874+0000] {dagbag.py:588} INFO - Filling up the DagBag from /home/airflow/.local/lib/python3.12/site-packages/airflow/example_dags/tutorial_dag.py
[2026-08-06T06:03:54.895+0000] {processor.py:925} INFO - DAG(s) 'tutorial_dag' retrieved from /home/airflow/.local/lib/python3.12/site-packages/airflow/example_dags/tutorial_dag.py
[2026-08-06T06:03:54.942+0000] {logging_mixin.py:190} INFO - [2026-08-06T06:03:54.941+0000] {dag.py:3239} INFO - Sync 1 DAGs
[2026-08-06T06:03:55.012+0000] {logging_mixin.py:190} INFO - [2026-08-06T06:03:55.012+0000] {dag.py:4180} INFO - Setting next_dagrun for tutorial_dag to None, run_after=None
[2026-08-06T06:03:55.084+0000] {processor.py:208} INFO - Processing /home/airflow/.local/lib/python3.12/site-packages/airflow/example_dags/tutorial_dag.py took 0.231 seconds
[2026-08-06T06:04:25.764+0000] {processor.py:186} INFO - Started process (PID=403) to work on /home/airflow/.local/lib/python3.12/site-packages/airflow/example_dags/tutorial_dag.py
[2026-08-06T06:04:25.766+0000] {processor.py:914} INFO - Processing file /home/airflow/.local/lib/python3.12/site-packages/airflow/example_dags/tutorial_dag.py for tasks to queue
[2026-08-06T06:04:25.769+0000] {logging_mixin.py:190} INFO - [2026-08-06T06:04:25.768+0000] {dagbag.py:588} INFO - Filling up the DagBag from /home/airflow/.local/lib/python3.12/site-packages/airflow/example_dags/tutorial_dag.py
[2026-08-06T06:04:25.781+0000] {processor.py:925} INFO - DAG(s) 'tutorial_dag' retrieved from /home/airflow/.local/lib/python3.12/site-packages/airflow/example_dags/tutorial_dag.py
[2026-08-06T06:04:25.840+0000] {logging_mixin.py:190} INFO - [2026-08-06T06:04:25.840+0000] {dag.py:3239} INFO - Sync 1 DAGs
[2026-08-06T06:04:25.858+0000] {logging_mixin.py:190} INFO - [2026-08-06T06:04:25.858+0000] {dag.py:4180} INFO - Setting next_dagrun for tutorial_dag to None, run_after=None
[2026-08-06T06:04:25.880+0000] {processor.py:208} INFO - Processing /home/airflow/.local/lib/python3.12/site-packages/airflow/example_dags/tutorial_dag.py took 0.124 seconds
[2026-08-06T06:04:56.573+0000] {processor.py:186} INFO - Started process (PID=467) to work on /home/airflow/.local/lib/python3.12/site-packages/airflow/example_dags/tutorial_dag.py
[2026-08-06T06:04:56.575+0000] {processor.py:914} INFO - Processing file /home/airflow/.local/lib/python3.12/site-packages/airflow/example_dags/tutorial_dag.py for tasks to queue
[2026-08-06T06:04:56.579+0000] {logging_mixin.py:190} INFO - [2026-08-06T06:04:56.578+0000] {dagbag.py:588} INFO - Filling up the DagBag from /home/airflow/.local/lib/python3.12/site-packages/airflow/example_dags/tutorial_dag.py
[2026-08-06T06:04:56.591+0000] {processor.py:925} INFO - DAG(s) 'tutorial_dag' retrieved from /home/airflow/.local/lib/python3.12/site-packages/airflow/example_dags/tutorial_dag.py
[2026-08-06T06:04:56.625+0000] {logging_mixin.py:190} INFO - [2026-08-06T06:04:56.625+0000] {dag.py:3239} INFO - Sync 1 DAGs
[2026-08-06T06:04:56.649+0000] {logging_mixin.py:190} INFO - [2026-08-06T06:04:56.649+0000] {dag.py:4180} INFO - Setting next_dagrun for tutorial_dag to None, run_after=None
[2026-08-06T06:04:56.739+0000] {processor.py:208} INFO - Processing /home/airflow/.local/lib/python3.12/site-packages/airflow/example_dags/tutorial_dag.py took 0.175 seconds
[2026-08-06T06:05:27.687+0000] {processor.py:186} INFO - Started process (PID=531) to work on /home/airflow/.local/lib/python3.12/site-packages/airflow/example_dags/tutorial_dag.py
[2026-08-06T06:05:27.689+0000] {processor.py:914} INFO - Processing file /home/airflow/.local/lib/python3.12/site-packages/airflow/example_dags/tutorial_dag.py for tasks to queue
[2026-08-06T06:05:27.693+0000] {logging_mixin.py:190} INFO - [2026-08-06T06:05:27.692+0000] {dagbag.py:588} INFO - Filling up the DagBag from /home/airflow/.local/lib/python3.12/site-packages/airflow/example_dags/tutorial_dag.py
[2026-08-06T06:05:27.707+0000] {processor.py:925} INFO - DAG(s) 'tutorial_dag' retrieved from /home/airflow/.local/lib/python3.12/site-packages/airflow/example_dags/tutorial_dag.py
[2026-08-06T06:05:27.749+0000] {logging_mixin.py:190} INFO - [2026-08-06T06:05:27.749+0000] {dag.py:3239} INFO - Sync 1 DAGs
[2026-08-06T06:05:27.777+0000] {logging_mixin.py:190} INFO - [2026-08-06T06:05:27.777+0000] {dag.py:4180} INFO - Setting next_dagrun for tutorial_dag to None, run_after=None
[2026-08-06T06:05:27.813+0000] {processor.py:208} INFO - Processing /home/airflow/.local/lib/python3.12/site-packages/airflow/example_dags/tutorial_dag.py took 0.139 seconds
[2026-08-06T06:05:59.118+0000] {processor.py:186} INFO - Started process (PID=595) to work on /home/airflow/.local/lib/python3.12/site-packages/airflow/example_dags/tutorial_dag.py
[2026-08-06T06:05:59.120+0000] {processor.py:914} INFO - Processing file /home/airflow/.local/lib/python3.12/site-packages/airflow/example_dags/tutorial_dag.py for tasks to queue
[2026-08-06T06:05:59.124+0000] {logging_mixin.py:190} INFO - [2026-08-06T06:05:59.124+0000] {dagbag.py:588} INFO - Filling up the DagBag from /home/airflow/.local/lib/python3.12/site-packages/airflow/example_dags/tutorial_dag.py
[2026-08-06T06:05:59.137+0000] {processor.py:925} INFO - DAG(s) 'tutorial_dag' retrieved from /home/airflow/.local/lib/python3.12/site-packages/airflow/example_dags/tutorial_dag.py
[2026-08-06T06:05:59.174+0000] {logging_mixin.py:190} INFO - [2026-08-06T06:05:59.173+0000] {dag.py:3239} INFO - Sync 1 DAGs
[2026-08-06T06:05:59.198+0000] {logging_mixin.py:190} INFO - [2026-08-06T06:05:59.197+0000] {dag.py:4180} INFO - Setting next_dagrun for tutorial_dag to None, run_after=None
[2026-08-06T06:05:59.258+0000] {processor.py:208} INFO - Processing /home/airflow/.local/lib/python3.12/site-packages/airflow/example_dags/tutorial_dag.py took 0.148 seconds
[2026-08-06T06:06:29.689+0000] {processor.py:186} INFO - Started process (PID=659) to work on /home/airflow/.local/lib/python3.12/site-packages/airflow/example_dags/tutorial_dag.py
[2026-08-06T06:06:29.691+0000] {processor.py:914} INFO - Processing file /home/airflow/.local/lib/python3.12/site-packages/airflow/example_dags/tutorial_dag.py for tasks to queue
[2026-08-06T06:06:29.704+0000] {logging_mixin.py:190} INFO - [2026-08-06T06:06:29.703+0000] {dagbag.py:588} INFO - Filling up the DagBag from /home/airflow/.local/lib/python3.12/site-packages/airflow/example_dags/tutorial_dag.py
[2026-08-06T06:06:29.722+0000] {processor.py:925} INFO - DAG(s) 'tutorial_dag' retrieved from /home/airflow/.local/lib/python3.12/site-packages/airflow/example_dags/tutorial_dag.py
[2026-08-06T06:06:29.758+0000] {logging_mixin.py:190} INFO - [2026-08-06T06:06:29.757+0000] {dag.py:3239} INFO - Sync 1 DAGs
[2026-08-06T06:06:29.788+0000] {logging_mixin.py:190} INFO - [2026-08-06T06:06:29.788+0000] {dag.py:4180} INFO - Setting next_dagrun for tutorial_dag to None, run_after=None
[2026-08-06T06:06:29.826+0000] {processor.py:208} INFO - Processing /home/airflow/.local/lib/python3.12/site-packages/airflow/example_dags/tutorial_dag.py took 0.147 seconds
[2026-08-06T06:07:00.260+0000] {processor.py:186} INFO - Started process (PID=723) to work on /home/airflow/.local/lib/python3.12/site-packages/airflow/example_dags/tutorial_dag.py
[2026-08-06T06:07:00.262+0000] {processor.py:914} INFO - Processing file /home/airflow/.local/lib/python3.12/site-packages/airflow/example_dags/tutorial_dag.py for tasks to queue
[2026-08-06T06:07:00.266+0000] {logging_mixin.py:190} INFO - [2026-08-06T06:07:00.266+0000] {dagbag.py:588} INFO - Filling up the DagBag from /home/airflow/.local/lib/python3.12/site-packages/airflow/example_dags/tutorial_dag.py
[2026-08-06T06:07:00.276+0000] {processor.py:925} INFO - DAG(s) 'tutorial_dag' retrieved from /home/airflow/.local/lib/python3.12/site-packages/airflow/example_dags/tutorial_dag.py
[2026-08-06T06:07:00.302+0000] {logging_mixin.py:190} INFO - [2026-08-06T06:07:00.302+0000] {dag.py:3239} INFO - Sync 1 DAGs
[2026-08-06T06:07:00.319+0000] {logging_mixin.py:190} INFO - [2026-08-06T06:07:00.319+0000] {dag.py:4180} INFO - Setting next_dagrun for tutorial_dag to None, run_after=None
[2026-08-06T06:07:00.347+0000] {processor.py:208} INFO - Processing /home/airflow/.local/lib/python3.12/site-packages/airflow/example_dags/tutorial_dag.py took 0.095 seconds
[2026-08-06T06:07:31.135+0000] {processor.py:186} INFO - Started process (PID=786) to work on /home/airflow/.local/lib/python3.12/site-packages/airflow/example_dags/tutorial_dag.py
[2026-08-06T06:07:31.152+0000] {processor.py:914} INFO - Processing file /home/airflow/.local/lib/python3.12/site-packages/airflow/example_dags/tutorial_dag.py for tasks to queue
[2026-08-06T06:07:31.163+0000] {logging_mixin.py:190} INFO - [2026-08-06T06:07:31.163+0000] {dagbag.py:588} INFO - Filling up the DagBag from /home/airflow/.local/lib/python3.12/site-packages/airflow/example_dags/tutorial_dag.py
[2026-08-06T06:07:31.176+0000] {processor.py:925} INFO - DAG(s) 'tutorial_dag' retrieved from /home/airflow/.local/lib/python3.12/site-packages/airflow/example_dags/tutorial_dag.py
[2026-08-06T06:07:31.211+0000] {logging_mixin.py:190} INFO - [2026-08-06T06:07:31.210+0000] {dag.py:3239} INFO - Sync 1 DAGs
[2026-08-06T06:07:31.242+0000] {logging_mixin.py:190} INFO - [2026-08-06T06:07:31.242+0000] {dag.py:4180} INFO - Setting next_dagrun for tutorial_dag to None, run_after=None
[2026-08-06T06:07:31.305+0000] {processor.py:208} INFO - Processing /home/airflow/.local/lib/python3.12/site-packages/airflow/example_dags/tutorial_dag.py took 0.189 seconds
[2026-08-06T06:08:01.493+0000] {processor.py:186} INFO - Started process (PID=850) to work on /home/airflow/.local/lib/python3.12/site-packages/airflow/example_dags/tutorial_dag.py
[2026-08-06T06:08:01.495+0000] {processor.py:914} INFO - Processing file /home/airflow/.local/lib/python3.12/site-packages/airflow/example_dags/tutorial_dag.py for tasks to queue
[2026-08-06T06:08:01.497+0000] {logging_mixin.py:190} INFO - [2026-08-06T06:08:01.497+0000] {dagbag.py:588} INFO - Filling up the DagBag from /home/airflow/.local/lib/python3.12/site-packages/airflow/example_dags/tutorial_dag.py
[2026-08-06T06:08:01.507+0000] {processor.py:925} INFO - DAG(s) 'tutorial_dag' retrieved from /home/airflow/.local/lib/python3.12/site-packages/airflow/example_dags/tutorial_dag.py
[2026-08-06T06:08:01.529+0000] {logging_mixin.py:190} INFO - [2026-08-06T06:08:01.529+0000] {dag.py:3239} INFO - Sync 1 DAGs
[2026-08-06T06:08:01.562+0000] {logging_mixin.py:190} INFO - [2026-08-06T06:08:01.554+0000] {dag.py:4180} INFO - Setting next_dagrun for tutorial_dag to None, run_after=None
[2026-08-06T06:08:01.645+0000] {processor.py:208} INFO - Processing /home/airflow/.local/lib/python3.12/site-packages/airflow/example_dags/tutorial_dag.py took 0.160 seconds
[2026-08-06T06:08:32.027+0000] {processor.py:186} INFO - Started process (PID=919) to work on /home/airflow/.local/lib/python3.12/site-packages/airflow/example_dags/tutorial_dag.py
[2026-08-06T06:08:32.029+0000] {processor.py:914} INFO - Processing file /home/airflow/.local/lib/python3.12/site-packages/airflow/example_dags/tutorial_dag.py for tasks to queue
[2026-08-06T06:08:32.032+0000] {logging_mixin.py:190} INFO - [2026-08-06T06:08:32.032+0000] {dagbag.py:588} INFO - Filling up the DagBag from /home/airflow/.local/lib/python3.12/site-packages/airflow/example_dags/tutorial_dag.py
[2026-08-06T06:08:32.048+0000] {processor.py:925} INFO - DAG(s) 'tutorial_dag' retrieved from /home/airflow/.local/lib/python3.12/site-packages/airflow/example_dags/tutorial_dag.py
[2026-08-06T06:08:32.087+0000] {logging_mixin.py:190} INFO - [2026-08-06T06:08:32.086+0000] {dag.py:3239} INFO - Sync 1 DAGs
[2026-08-06T06:08:32.118+0000] {logging_mixin.py:190} INFO - [2026-08-06T06:08:32.117+0000] {dag.py:4180} INFO - Setting next_dagrun for tutorial_dag to None, run_after=None
[2026-08-06T06:08:32.191+0000] {processor.py:208} INFO - Processing /home/airflow/.local/lib/python3.12/site-packages/airflow/example_dags/tutorial_dag.py took 0.174 seconds
[2026-08-06T06:09:02.524+0000] {processor.py:186} INFO - Started process (PID=983) to work on /home/airflow/.local/lib/python3.12/site-packages/airflow/example_dags/tutorial_dag.py
[2026-08-06T06:09:02.526+0000] {processor.py:914} INFO - Processing file /home/airflow/.local/lib/python3.12/site-packages/airflow/example_dags/tutorial_dag.py for tasks to queue
[2026-08-06T06:09:02.530+0000] {logging_mixin.py:190} INFO - [2026-08-06T06:09:02.529+0000] {dagbag.py:588} INFO - Filling up the DagBag from /home/airflow/.local/lib/python3.12/site-packages/airflow/example_dags/tutorial_dag.py
[2026-08-06T06:09:02.543+0000] {processor.py:925} INFO - DAG(s) 'tutorial_dag' retrieved from /home/airflow/.local/lib/python3.12/site-packages/airflow/example_dags/tutorial_dag.py
[2026-08-06T06:09:02.575+0000] {logging_mixin.py:190} INFO - [2026-08-06T06:09:02.574+0000] {dag.py:3239} INFO - Sync 1 DAGs
[2026-08-06T06:09:02.596+0000] {logging_mixin.py:190} INFO - [2026-08-06T06:09:02.595+0000] {dag.py:4180} INFO - Setting next_dagrun for tutorial_dag to None, run_after=None
[2026-08-06T06:09:02.625+0000] {processor.py:208} INFO - Processing /home/airflow/.local/lib/python3.12/site-packages/airflow/example_dags/tutorial_dag.py took 0.108 seconds
[2026-08-06T06:09:32.851+0000] {processor.py:186} INFO - Started process (PID=1047) to work on /home/airflow/.local/lib/python3.12/site-packages/airflow/example_dags/tutorial_dag.py
[2026-08-06T06:09:32.853+0000] {processor.py:914} INFO - Processing file /home/airflow/.local/lib/python3.12/site-packages/airflow/example_dags/tutorial_dag.py for tasks to queue
[2026-08-06T06:09:32.858+0000] {logging_mixin.py:190} INFO - [2026-08-06T06:09:32.857+0000] {dagbag.py:588} INFO - Filling up the DagBag from /home/airflow/.local/lib/python3.12/site-packages/airflow/example_dags/tutorial_dag.py
[2026-08-06T06:09:32.872+0000] {processor.py:925} INFO - DAG(s) 'tutorial_dag' retrieved from /home/airflow/.local/lib/python3.12/site-packages/airflow/example_dags/tutorial_dag.py
[2026-08-06T06:09:32.900+0000] {logging_mixin.py:190} INFO - [2026-08-06T06:09:32.900+0000] {dag.py:3239} INFO - Sync 1 DAGs
[2026-08-06T06:09:32.921+0000] {logging_mixin.py:190} INFO - [2026-08-06T06:09:32.920+0000] {dag.py:4180} INFO - Setting next_dagrun for tutorial_dag to None, run_after=None
[2026-08-06T06:09:32.955+0000] {processor.py:208} INFO - Processing /home/airflow/.local/lib/python3.12/site-packages/airflow/example_dags/tutorial_dag.py took 0.116 seconds
[2026-08-06T06:10:03.575+0000] {processor.py:186} INFO - Started process (PID=1111) to work on /home/airflow/.local/lib/python3.12/site-packages/airflow/example_dags/tutorial_dag.py
[2026-08-06T06:10:03.577+0000] {processor.py:914} INFO - Processing file /home/airflow/.local/lib/python3.12/site-packages/airflow/example_dags/tutorial_dag.py for tasks to queue
[2026-08-06T06:10:03.581+0000] {logging_mixin.py:190} INFO - [2026-08-06T06:10:03.580+0000] {dagbag.py:588} INFO - Filling up the DagBag from /home/airflow/.local/lib/python3.12/site-packages/airflow/example_dags/tutorial_dag.py
[2026-08-06T06:10:03.589+0000] {processor.py:925} INFO - DAG(s) 'tutorial_dag' retrieved from /home/airflow/.local/lib/python3.12/site-packages/airflow/example_dags/tutorial_dag.py
[2026-08-06T06:10:03.615+0000] {logging_mixin.py:190} INFO - [2026-08-06T06:10:03.615+0000] {dag.py:3239} INFO - Sync 1 DAGs
[2026-08-06T06:10:03.635+0000] {logging_mixin.py:190} INFO - [2026-08-06T06:10:03.635+0000] {dag.py:4180} INFO - Setting next_dagrun for tutorial_dag to None, run_after=None
[2026-08-06T06:10:03.659+0000] {processor.py:208} INFO - Processing /home/airflow/.local/lib/python3.12/site-packages/airflow/example_dags/tutorial_dag.py took 0.090 seconds
