[2026-08-06T04:46:38.081+0000] {processor.py:186} INFO - Started process (PID=102) to work on /home/airflow/.local/lib/python3.12/site-packages/airflow/example_dags/tutorial_taskflow_api_virtualenv.py
[2026-08-06T04:46:38.084+0000] {processor.py:914} INFO - Processing file /home/airflow/.local/lib/python3.12/site-packages/airflow/example_dags/tutorial_taskflow_api_virtualenv.py for tasks to queue
[2026-08-06T04:46:38.091+0000] {logging_mixin.py:190} INFO - [2026-08-06T04:46:38.090+0000] {dagbag.py:588} INFO - Filling up the DagBag from /home/airflow/.local/lib/python3.12/site-packages/airflow/example_dags/tutorial_taskflow_api_virtualenv.py
[2026-08-06T04:46:38.116+0000] {processor.py:925} INFO - DAG(s) 'tutorial_taskflow_api_virtualenv' retrieved from /home/airflow/.local/lib/python3.12/site-packages/airflow/example_dags/tutorial_taskflow_api_virtualenv.py
[2026-08-06T04:46:38.351+0000] {logging_mixin.py:190} INFO - [2026-08-06T04:46:38.350+0000] {override.py:1912} INFO - Created Permission View: can delete on DAG:tutorial_taskflow_api_virtualenv
[2026-08-06T04:46:38.376+0000] {logging_mixin.py:190} INFO - [2026-08-06T04:46:38.376+0000] {override.py:1912} INFO - Created Permission View: can read on DAG:tutorial_taskflow_api_virtualenv
[2026-08-06T04:46:38.392+0000] {logging_mixin.py:190} INFO - [2026-08-06T04:46:38.390+0000] {override.py:1912} INFO - Created Permission View: can edit on DAG:tutorial_taskflow_api_virtualenv
[2026-08-06T04:46:38.407+0000] {logging_mixin.py:190} INFO - [2026-08-06T04:46:38.407+0000] {override.py:1912} INFO - Created Permission View: can delete on DAG Run:tutorial_taskflow_api_virtualenv
[2026-08-06T04:46:38.421+0000] {logging_mixin.py:190} INFO - [2026-08-06T04:46:38.420+0000] {override.py:1912} INFO - Created Permission View: menu access on DAG Run:tutorial_taskflow_api_virtualenv
[2026-08-06T04:46:38.436+0000] {logging_mixin.py:190} INFO - [2026-08-06T04:46:38.435+0000] {override.py:1912} INFO - Created Permission View: can read on DAG Run:tutorial_taskflow_api_virtualenv
[2026-08-06T04:46:38.451+0000] {logging_mixin.py:190} INFO - [2026-08-06T04:46:38.450+0000] {override.py:1912} INFO - Created Permission View: can create on DAG Run:tutorial_taskflow_api_virtualenv
[2026-08-06T04:46:38.452+0000] {logging_mixin.py:190} INFO - [2026-08-06T04:46:38.452+0000] {dag.py:3239} INFO - Sync 1 DAGs
[2026-08-06T04:46:38.494+0000] {logging_mixin.py:190} INFO - [2026-08-06T04:46:38.493+0000] {dag.py:3262} INFO - Creating ORM DAG for tutorial_taskflow_api_virtualenv
[2026-08-06T04:46:38.496+0000] {logging_mixin.py:190} INFO - [2026-08-06T04:46:38.495+0000] {dag.py:4180} INFO - Setting next_dagrun for tutorial_taskflow_api_virtualenv to None, run_after=None
[2026-08-06T04:46:38.536+0000] {processor.py:208} INFO - Processing /home/airflow/.local/lib/python3.12/site-packages/airflow/example_dags/tutorial_taskflow_api_virtualenv.py took 0.464 seconds
[2026-08-06T04:47:08.683+0000] {processor.py:186} INFO - Started process (PID=164) to work on /home/airflow/.local/lib/python3.12/site-packages/airflow/example_dags/tutorial_taskflow_api_virtualenv.py
[2026-08-06T04:47:08.684+0000] {processor.py:914} INFO - Processing file /home/airflow/.local/lib/python3.12/site-packages/airflow/example_dags/tutorial_taskflow_api_virtualenv.py for tasks to queue
[2026-08-06T04:47:08.688+0000] {logging_mixin.py:190} INFO - [2026-08-06T04:47:08.688+0000] {dagbag.py:588} INFO - Filling up the DagBag from /home/airflow/.local/lib/python3.12/site-packages/airflow/example_dags/tutorial_taskflow_api_virtualenv.py
[2026-08-06T04:47:08.717+0000] {processor.py:925} INFO - DAG(s) 'tutorial_taskflow_api_virtualenv' retrieved from /home/airflow/.local/lib/python3.12/site-packages/airflow/example_dags/tutorial_taskflow_api_virtualenv.py
[2026-08-06T04:47:08.765+0000] {logging_mixin.py:190} INFO - [2026-08-06T04:47:08.764+0000] {dag.py:3239} INFO - Sync 1 DAGs
[2026-08-06T04:47:08.797+0000] {logging_mixin.py:190} INFO - [2026-08-06T04:47:08.796+0000] {dag.py:4180} INFO - Setting next_dagrun for tutorial_taskflow_api_virtualenv to None, run_after=None
[2026-08-06T04:47:08.842+0000] {processor.py:208} INFO - Processing /home/airflow/.local/lib/python3.12/site-packages/airflow/example_dags/tutorial_taskflow_api_virtualenv.py took 0.169 seconds
[2026-08-06T04:47:39.372+0000] {processor.py:186} INFO - Started process (PID=227) to work on /home/airflow/.local/lib/python3.12/site-packages/airflow/example_dags/tutorial_taskflow_api_virtualenv.py
[2026-08-06T04:47:39.375+0000] {processor.py:914} INFO - Processing file /home/airflow/.local/lib/python3.12/site-packages/airflow/example_dags/tutorial_taskflow_api_virtualenv.py for tasks to queue
[2026-08-06T04:47:39.380+0000] {logging_mixin.py:190} INFO - [2026-08-06T04:47:39.379+0000] {dagbag.py:588} INFO - Filling up the DagBag from /home/airflow/.local/lib/python3.12/site-packages/airflow/example_dags/tutorial_taskflow_api_virtualenv.py
[2026-08-06T04:47:39.399+0000] {processor.py:925} INFO - DAG(s) 'tutorial_taskflow_api_virtualenv' retrieved from /home/airflow/.local/lib/python3.12/site-packages/airflow/example_dags/tutorial_taskflow_api_virtualenv.py
[2026-08-06T04:47:39.429+0000] {logging_mixin.py:190} INFO - [2026-08-06T04:47:39.429+0000] {dag.py:3239} INFO - Sync 1 DAGs
[2026-08-06T04:47:39.451+0000] {logging_mixin.py:190} INFO - [2026-08-06T04:47:39.451+0000] {dag.py:4180} INFO - Setting next_dagrun for tutorial_taskflow_api_virtualenv to None, run_after=None
[2026-08-06T04:47:39.479+0000] {processor.py:208} INFO - Processing /home/airflow/.local/lib/python3.12/site-packages/airflow/example_dags/tutorial_taskflow_api_virtualenv.py took 0.117 seconds
[2026-08-06T04:48:10.608+0000] {processor.py:186} INFO - Started process (PID=290) to work on /home/airflow/.local/lib/python3.12/site-packages/airflow/example_dags/tutorial_taskflow_api_virtualenv.py
[2026-08-06T04:48:10.610+0000] {processor.py:914} INFO - Processing file /home/airflow/.local/lib/python3.12/site-packages/airflow/example_dags/tutorial_taskflow_api_virtualenv.py for tasks to queue
[2026-08-06T04:48:10.614+0000] {logging_mixin.py:190} INFO - [2026-08-06T04:48:10.613+0000] {dagbag.py:588} INFO - Filling up the DagBag from /home/airflow/.local/lib/python3.12/site-packages/airflow/example_dags/tutorial_taskflow_api_virtualenv.py
[2026-08-06T04:48:10.638+0000] {processor.py:925} INFO - DAG(s) 'tutorial_taskflow_api_virtualenv' retrieved from /home/airflow/.local/lib/python3.12/site-packages/airflow/example_dags/tutorial_taskflow_api_virtualenv.py
[2026-08-06T04:48:10.680+0000] {logging_mixin.py:190} INFO - [2026-08-06T04:48:10.680+0000] {dag.py:3239} INFO - Sync 1 DAGs
[2026-08-06T04:48:10.703+0000] {logging_mixin.py:190} INFO - [2026-08-06T04:48:10.702+0000] {dag.py:4180} INFO - Setting next_dagrun for tutorial_taskflow_api_virtualenv to None, run_after=None
[2026-08-06T04:48:10.731+0000] {processor.py:208} INFO - Processing /home/airflow/.local/lib/python3.12/site-packages/airflow/example_dags/tutorial_taskflow_api_virtualenv.py took 0.134 seconds
[2026-08-06T04:48:41.650+0000] {processor.py:186} INFO - Started process (PID=353) to work on /home/airflow/.local/lib/python3.12/site-packages/airflow/example_dags/tutorial_taskflow_api_virtualenv.py
[2026-08-06T04:48:41.656+0000] {processor.py:914} INFO - Processing file /home/airflow/.local/lib/python3.12/site-packages/airflow/example_dags/tutorial_taskflow_api_virtualenv.py for tasks to queue
[2026-08-06T04:48:41.669+0000] {logging_mixin.py:190} INFO - [2026-08-06T04:48:41.666+0000] {dagbag.py:588} INFO - Filling up the DagBag from /home/airflow/.local/lib/python3.12/site-packages/airflow/example_dags/tutorial_taskflow_api_virtualenv.py
[2026-08-06T04:48:41.726+0000] {processor.py:925} INFO - DAG(s) 'tutorial_taskflow_api_virtualenv' retrieved from /home/airflow/.local/lib/python3.12/site-packages/airflow/example_dags/tutorial_taskflow_api_virtualenv.py
[2026-08-06T04:48:41.768+0000] {logging_mixin.py:190} INFO - [2026-08-06T04:48:41.768+0000] {dag.py:3239} INFO - Sync 1 DAGs
[2026-08-06T04:48:41.791+0000] {logging_mixin.py:190} INFO - [2026-08-06T04:48:41.791+0000] {dag.py:4180} INFO - Setting next_dagrun for tutorial_taskflow_api_virtualenv to None, run_after=None
[2026-08-06T04:48:41.830+0000] {processor.py:208} INFO - Processing /home/airflow/.local/lib/python3.12/site-packages/airflow/example_dags/tutorial_taskflow_api_virtualenv.py took 0.199 seconds
[2026-08-06T04:49:12.195+0000] {processor.py:186} INFO - Started process (PID=415) to work on /home/airflow/.local/lib/python3.12/site-packages/airflow/example_dags/tutorial_taskflow_api_virtualenv.py
[2026-08-06T04:49:12.197+0000] {processor.py:914} INFO - Processing file /home/airflow/.local/lib/python3.12/site-packages/airflow/example_dags/tutorial_taskflow_api_virtualenv.py for tasks to queue
[2026-08-06T04:49:12.204+0000] {logging_mixin.py:190} INFO - [2026-08-06T04:49:12.203+0000] {dagbag.py:588} INFO - Filling up the DagBag from /home/airflow/.local/lib/python3.12/site-packages/airflow/example_dags/tutorial_taskflow_api_virtualenv.py
[2026-08-06T04:49:12.241+0000] {processor.py:925} INFO - DAG(s) 'tutorial_taskflow_api_virtualenv' retrieved from /home/airflow/.local/lib/python3.12/site-packages/airflow/example_dags/tutorial_taskflow_api_virtualenv.py
[2026-08-06T04:49:12.275+0000] {logging_mixin.py:190} INFO - [2026-08-06T04:49:12.274+0000] {dag.py:3239} INFO - Sync 1 DAGs
[2026-08-06T04:49:12.301+0000] {logging_mixin.py:190} INFO - [2026-08-06T04:49:12.300+0000] {dag.py:4180} INFO - Setting next_dagrun for tutorial_taskflow_api_virtualenv to None, run_after=None
[2026-08-06T04:49:12.342+0000] {processor.py:208} INFO - Processing /home/airflow/.local/lib/python3.12/site-packages/airflow/example_dags/tutorial_taskflow_api_virtualenv.py took 0.155 seconds
[2026-08-06T04:49:42.644+0000] {processor.py:186} INFO - Started process (PID=478) to work on /home/airflow/.local/lib/python3.12/site-packages/airflow/example_dags/tutorial_taskflow_api_virtualenv.py
[2026-08-06T04:49:42.648+0000] {processor.py:914} INFO - Processing file /home/airflow/.local/lib/python3.12/site-packages/airflow/example_dags/tutorial_taskflow_api_virtualenv.py for tasks to queue
[2026-08-06T04:49:42.653+0000] {logging_mixin.py:190} INFO - [2026-08-06T04:49:42.652+0000] {dagbag.py:588} INFO - Filling up the DagBag from /home/airflow/.local/lib/python3.12/site-packages/airflow/example_dags/tutorial_taskflow_api_virtualenv.py
[2026-08-06T04:49:42.675+0000] {processor.py:925} INFO - DAG(s) 'tutorial_taskflow_api_virtualenv' retrieved from /home/airflow/.local/lib/python3.12/site-packages/airflow/example_dags/tutorial_taskflow_api_virtualenv.py
[2026-08-06T04:49:42.709+0000] {logging_mixin.py:190} INFO - [2026-08-06T04:49:42.709+0000] {dag.py:3239} INFO - Sync 1 DAGs
[2026-08-06T04:49:42.729+0000] {logging_mixin.py:190} INFO - [2026-08-06T04:49:42.728+0000] {dag.py:4180} INFO - Setting next_dagrun for tutorial_taskflow_api_virtualenv to None, run_after=None
[2026-08-06T04:49:42.777+0000] {processor.py:208} INFO - Processing /home/airflow/.local/lib/python3.12/site-packages/airflow/example_dags/tutorial_taskflow_api_virtualenv.py took 0.141 seconds
[2026-08-06T04:50:13.734+0000] {processor.py:186} INFO - Started process (PID=541) to work on /home/airflow/.local/lib/python3.12/site-packages/airflow/example_dags/tutorial_taskflow_api_virtualenv.py
[2026-08-06T04:50:13.735+0000] {processor.py:914} INFO - Processing file /home/airflow/.local/lib/python3.12/site-packages/airflow/example_dags/tutorial_taskflow_api_virtualenv.py for tasks to queue
[2026-08-06T04:50:13.739+0000] {logging_mixin.py:190} INFO - [2026-08-06T04:50:13.739+0000] {dagbag.py:588} INFO - Filling up the DagBag from /home/airflow/.local/lib/python3.12/site-packages/airflow/example_dags/tutorial_taskflow_api_virtualenv.py
[2026-08-06T04:50:13.768+0000] {processor.py:925} INFO - DAG(s) 'tutorial_taskflow_api_virtualenv' retrieved from /home/airflow/.local/lib/python3.12/site-packages/airflow/example_dags/tutorial_taskflow_api_virtualenv.py
[2026-08-06T04:50:13.803+0000] {logging_mixin.py:190} INFO - [2026-08-06T04:50:13.803+0000] {dag.py:3239} INFO - Sync 1 DAGs
[2026-08-06T04:50:13.842+0000] {logging_mixin.py:190} INFO - [2026-08-06T04:50:13.841+0000] {dag.py:4180} INFO - Setting next_dagrun for tutorial_taskflow_api_virtualenv to None, run_after=None
[2026-08-06T04:50:13.882+0000] {processor.py:208} INFO - Processing /home/airflow/.local/lib/python3.12/site-packages/airflow/example_dags/tutorial_taskflow_api_virtualenv.py took 0.157 seconds
[2026-08-06T04:50:44.530+0000] {processor.py:186} INFO - Started process (PID=604) to work on /home/airflow/.local/lib/python3.12/site-packages/airflow/example_dags/tutorial_taskflow_api_virtualenv.py
[2026-08-06T04:50:44.532+0000] {processor.py:914} INFO - Processing file /home/airflow/.local/lib/python3.12/site-packages/airflow/example_dags/tutorial_taskflow_api_virtualenv.py for tasks to queue
[2026-08-06T04:50:44.535+0000] {logging_mixin.py:190} INFO - [2026-08-06T04:50:44.535+0000] {dagbag.py:588} INFO - Filling up the DagBag from /home/airflow/.local/lib/python3.12/site-packages/airflow/example_dags/tutorial_taskflow_api_virtualenv.py
[2026-08-06T04:50:44.552+0000] {processor.py:925} INFO - DAG(s) 'tutorial_taskflow_api_virtualenv' retrieved from /home/airflow/.local/lib/python3.12/site-packages/airflow/example_dags/tutorial_taskflow_api_virtualenv.py
[2026-08-06T04:50:44.580+0000] {logging_mixin.py:190} INFO - [2026-08-06T04:50:44.579+0000] {dag.py:3239} INFO - Sync 1 DAGs
[2026-08-06T04:50:44.605+0000] {logging_mixin.py:190} INFO - [2026-08-06T04:50:44.605+0000] {dag.py:4180} INFO - Setting next_dagrun for tutorial_taskflow_api_virtualenv to None, run_after=None
[2026-08-06T04:50:44.670+0000] {processor.py:208} INFO - Processing /home/airflow/.local/lib/python3.12/site-packages/airflow/example_dags/tutorial_taskflow_api_virtualenv.py took 0.148 seconds
[2026-08-06T04:51:15.023+0000] {processor.py:186} INFO - Started process (PID=666) to work on /home/airflow/.local/lib/python3.12/site-packages/airflow/example_dags/tutorial_taskflow_api_virtualenv.py
[2026-08-06T04:51:15.030+0000] {processor.py:914} INFO - Processing file /home/airflow/.local/lib/python3.12/site-packages/airflow/example_dags/tutorial_taskflow_api_virtualenv.py for tasks to queue
[2026-08-06T04:51:15.036+0000] {logging_mixin.py:190} INFO - [2026-08-06T04:51:15.035+0000] {dagbag.py:588} INFO - Filling up the DagBag from /home/airflow/.local/lib/python3.12/site-packages/airflow/example_dags/tutorial_taskflow_api_virtualenv.py
[2026-08-06T04:51:15.054+0000] {processor.py:925} INFO - DAG(s) 'tutorial_taskflow_api_virtualenv' retrieved from /home/airflow/.local/lib/python3.12/site-packages/airflow/example_dags/tutorial_taskflow_api_virtualenv.py
[2026-08-06T04:51:15.085+0000] {logging_mixin.py:190} INFO - [2026-08-06T04:51:15.084+0000] {dag.py:3239} INFO - Sync 1 DAGs
[2026-08-06T04:51:15.117+0000] {logging_mixin.py:190} INFO - [2026-08-06T04:51:15.116+0000] {dag.py:4180} INFO - Setting next_dagrun for tutorial_taskflow_api_virtualenv to None, run_after=None
[2026-08-06T04:51:15.165+0000] {processor.py:208} INFO - Processing /home/airflow/.local/lib/python3.12/site-packages/airflow/example_dags/tutorial_taskflow_api_virtualenv.py took 0.164 seconds
[2026-08-06T04:51:45.938+0000] {processor.py:186} INFO - Started process (PID=729) to work on /home/airflow/.local/lib/python3.12/site-packages/airflow/example_dags/tutorial_taskflow_api_virtualenv.py
[2026-08-06T04:51:45.940+0000] {processor.py:914} INFO - Processing file /home/airflow/.local/lib/python3.12/site-packages/airflow/example_dags/tutorial_taskflow_api_virtualenv.py for tasks to queue
[2026-08-06T04:51:45.944+0000] {logging_mixin.py:190} INFO - [2026-08-06T04:51:45.944+0000] {dagbag.py:588} INFO - Filling up the DagBag from /home/airflow/.local/lib/python3.12/site-packages/airflow/example_dags/tutorial_taskflow_api_virtualenv.py
[2026-08-06T04:51:45.962+0000] {processor.py:925} INFO - DAG(s) 'tutorial_taskflow_api_virtualenv' retrieved from /home/airflow/.local/lib/python3.12/site-packages/airflow/example_dags/tutorial_taskflow_api_virtualenv.py
[2026-08-06T04:51:45.997+0000] {logging_mixin.py:190} INFO - [2026-08-06T04:51:45.996+0000] {dag.py:3239} INFO - Sync 1 DAGs
[2026-08-06T04:51:46.019+0000] {logging_mixin.py:190} INFO - [2026-08-06T04:51:46.019+0000] {dag.py:4180} INFO - Setting next_dagrun for tutorial_taskflow_api_virtualenv to None, run_after=None
[2026-08-06T04:51:46.046+0000] {processor.py:208} INFO - Processing /home/airflow/.local/lib/python3.12/site-packages/airflow/example_dags/tutorial_taskflow_api_virtualenv.py took 0.115 seconds
[2026-08-06T04:52:16.851+0000] {processor.py:186} INFO - Started process (PID=792) to work on /home/airflow/.local/lib/python3.12/site-packages/airflow/example_dags/tutorial_taskflow_api_virtualenv.py
[2026-08-06T04:52:16.853+0000] {processor.py:914} INFO - Processing file /home/airflow/.local/lib/python3.12/site-packages/airflow/example_dags/tutorial_taskflow_api_virtualenv.py for tasks to queue
[2026-08-06T04:52:16.856+0000] {logging_mixin.py:190} INFO - [2026-08-06T04:52:16.856+0000] {dagbag.py:588} INFO - Filling up the DagBag from /home/airflow/.local/lib/python3.12/site-packages/airflow/example_dags/tutorial_taskflow_api_virtualenv.py
[2026-08-06T04:52:16.873+0000] {processor.py:925} INFO - DAG(s) 'tutorial_taskflow_api_virtualenv' retrieved from /home/airflow/.local/lib/python3.12/site-packages/airflow/example_dags/tutorial_taskflow_api_virtualenv.py
[2026-08-06T04:52:16.897+0000] {logging_mixin.py:190} INFO - [2026-08-06T04:52:16.897+0000] {dag.py:3239} INFO - Sync 1 DAGs
[2026-08-06T04:52:16.916+0000] {logging_mixin.py:190} INFO - [2026-08-06T04:52:16.916+0000] {dag.py:4180} INFO - Setting next_dagrun for tutorial_taskflow_api_virtualenv to None, run_after=None
[2026-08-06T04:52:16.942+0000] {processor.py:208} INFO - Processing /home/airflow/.local/lib/python3.12/site-packages/airflow/example_dags/tutorial_taskflow_api_virtualenv.py took 0.098 seconds
[2026-08-06T05:30:20.189+0000] {processor.py:186} INFO - Started process (PID=103) to work on /home/airflow/.local/lib/python3.12/site-packages/airflow/example_dags/tutorial_taskflow_api_virtualenv.py
[2026-08-06T05:30:20.198+0000] {processor.py:914} INFO - Processing file /home/airflow/.local/lib/python3.12/site-packages/airflow/example_dags/tutorial_taskflow_api_virtualenv.py for tasks to queue
[2026-08-06T05:30:20.204+0000] {logging_mixin.py:190} INFO - [2026-08-06T05:30:20.203+0000] {dagbag.py:588} INFO - Filling up the DagBag from /home/airflow/.local/lib/python3.12/site-packages/airflow/example_dags/tutorial_taskflow_api_virtualenv.py
[2026-08-06T05:30:20.224+0000] {processor.py:925} INFO - DAG(s) 'tutorial_taskflow_api_virtualenv' retrieved from /home/airflow/.local/lib/python3.12/site-packages/airflow/example_dags/tutorial_taskflow_api_virtualenv.py
[2026-08-06T05:30:20.410+0000] {logging_mixin.py:190} INFO - [2026-08-06T05:30:20.409+0000] {dag.py:3239} INFO - Sync 1 DAGs
[2026-08-06T05:30:20.431+0000] {logging_mixin.py:190} INFO - [2026-08-06T05:30:20.430+0000] {dag.py:4180} INFO - Setting next_dagrun for tutorial_taskflow_api_virtualenv to None, run_after=None
[2026-08-06T05:30:20.486+0000] {processor.py:208} INFO - Processing /home/airflow/.local/lib/python3.12/site-packages/airflow/example_dags/tutorial_taskflow_api_virtualenv.py took 0.308 seconds
[2026-08-06T05:30:51.350+0000] {processor.py:186} INFO - Started process (PID=166) to work on /home/airflow/.local/lib/python3.12/site-packages/airflow/example_dags/tutorial_taskflow_api_virtualenv.py
[2026-08-06T05:30:51.352+0000] {processor.py:914} INFO - Processing file /home/airflow/.local/lib/python3.12/site-packages/airflow/example_dags/tutorial_taskflow_api_virtualenv.py for tasks to queue
[2026-08-06T05:30:51.355+0000] {logging_mixin.py:190} INFO - [2026-08-06T05:30:51.355+0000] {dagbag.py:588} INFO - Filling up the DagBag from /home/airflow/.local/lib/python3.12/site-packages/airflow/example_dags/tutorial_taskflow_api_virtualenv.py
[2026-08-06T05:30:51.372+0000] {processor.py:925} INFO - DAG(s) 'tutorial_taskflow_api_virtualenv' retrieved from /home/airflow/.local/lib/python3.12/site-packages/airflow/example_dags/tutorial_taskflow_api_virtualenv.py
[2026-08-06T05:30:51.394+0000] {logging_mixin.py:190} INFO - [2026-08-06T05:30:51.394+0000] {dag.py:3239} INFO - Sync 1 DAGs
[2026-08-06T05:30:51.413+0000] {logging_mixin.py:190} INFO - [2026-08-06T05:30:51.412+0000] {dag.py:4180} INFO - Setting next_dagrun for tutorial_taskflow_api_virtualenv to None, run_after=None
[2026-08-06T05:30:51.469+0000] {processor.py:208} INFO - Processing /home/airflow/.local/lib/python3.12/site-packages/airflow/example_dags/tutorial_taskflow_api_virtualenv.py took 0.128 seconds
[2026-08-06T05:33:14.140+0000] {processor.py:186} INFO - Started process (PID=97) to work on /home/airflow/.local/lib/python3.12/site-packages/airflow/example_dags/tutorial_taskflow_api_virtualenv.py
[2026-08-06T05:33:14.143+0000] {processor.py:914} INFO - Processing file /home/airflow/.local/lib/python3.12/site-packages/airflow/example_dags/tutorial_taskflow_api_virtualenv.py for tasks to queue
[2026-08-06T05:33:14.149+0000] {logging_mixin.py:190} INFO - [2026-08-06T05:33:14.148+0000] {dagbag.py:588} INFO - Filling up the DagBag from /home/airflow/.local/lib/python3.12/site-packages/airflow/example_dags/tutorial_taskflow_api_virtualenv.py
[2026-08-06T05:33:14.168+0000] {processor.py:925} INFO - DAG(s) 'tutorial_taskflow_api_virtualenv' retrieved from /home/airflow/.local/lib/python3.12/site-packages/airflow/example_dags/tutorial_taskflow_api_virtualenv.py
[2026-08-06T05:33:14.399+0000] {logging_mixin.py:190} INFO - [2026-08-06T05:33:14.399+0000] {dag.py:3239} INFO - Sync 1 DAGs
[2026-08-06T05:33:14.429+0000] {logging_mixin.py:190} INFO - [2026-08-06T05:33:14.429+0000] {dag.py:4180} INFO - Setting next_dagrun for tutorial_taskflow_api_virtualenv to None, run_after=None
[2026-08-06T05:33:14.504+0000] {processor.py:208} INFO - Processing /home/airflow/.local/lib/python3.12/site-packages/airflow/example_dags/tutorial_taskflow_api_virtualenv.py took 0.373 seconds
[2026-08-06T05:33:44.816+0000] {processor.py:186} INFO - Started process (PID=159) to work on /home/airflow/.local/lib/python3.12/site-packages/airflow/example_dags/tutorial_taskflow_api_virtualenv.py
[2026-08-06T05:33:44.819+0000] {processor.py:914} INFO - Processing file /home/airflow/.local/lib/python3.12/site-packages/airflow/example_dags/tutorial_taskflow_api_virtualenv.py for tasks to queue
[2026-08-06T05:33:44.826+0000] {logging_mixin.py:190} INFO - [2026-08-06T05:33:44.825+0000] {dagbag.py:588} INFO - Filling up the DagBag from /home/airflow/.local/lib/python3.12/site-packages/airflow/example_dags/tutorial_taskflow_api_virtualenv.py
[2026-08-06T05:33:44.843+0000] {processor.py:925} INFO - DAG(s) 'tutorial_taskflow_api_virtualenv' retrieved from /home/airflow/.local/lib/python3.12/site-packages/airflow/example_dags/tutorial_taskflow_api_virtualenv.py
[2026-08-06T05:33:44.877+0000] {logging_mixin.py:190} INFO - [2026-08-06T05:33:44.877+0000] {dag.py:3239} INFO - Sync 1 DAGs
[2026-08-06T05:33:44.914+0000] {logging_mixin.py:190} INFO - [2026-08-06T05:33:44.913+0000] {dag.py:4180} INFO - Setting next_dagrun for tutorial_taskflow_api_virtualenv to None, run_after=None
[2026-08-06T05:33:44.965+0000] {processor.py:208} INFO - Processing /home/airflow/.local/lib/python3.12/site-packages/airflow/example_dags/tutorial_taskflow_api_virtualenv.py took 0.161 seconds
[2026-08-06T05:34:15.375+0000] {processor.py:186} INFO - Started process (PID=222) to work on /home/airflow/.local/lib/python3.12/site-packages/airflow/example_dags/tutorial_taskflow_api_virtualenv.py
[2026-08-06T05:34:15.378+0000] {processor.py:914} INFO - Processing file /home/airflow/.local/lib/python3.12/site-packages/airflow/example_dags/tutorial_taskflow_api_virtualenv.py for tasks to queue
[2026-08-06T05:34:15.383+0000] {logging_mixin.py:190} INFO - [2026-08-06T05:34:15.383+0000] {dagbag.py:588} INFO - Filling up the DagBag from /home/airflow/.local/lib/python3.12/site-packages/airflow/example_dags/tutorial_taskflow_api_virtualenv.py
[2026-08-06T05:34:15.402+0000] {processor.py:925} INFO - DAG(s) 'tutorial_taskflow_api_virtualenv' retrieved from /home/airflow/.local/lib/python3.12/site-packages/airflow/example_dags/tutorial_taskflow_api_virtualenv.py
[2026-08-06T05:34:15.438+0000] {logging_mixin.py:190} INFO - [2026-08-06T05:34:15.437+0000] {dag.py:3239} INFO - Sync 1 DAGs
[2026-08-06T05:34:15.479+0000] {logging_mixin.py:190} INFO - [2026-08-06T05:34:15.479+0000] {dag.py:4180} INFO - Setting next_dagrun for tutorial_taskflow_api_virtualenv to None, run_after=None
[2026-08-06T05:34:15.516+0000] {processor.py:208} INFO - Processing /home/airflow/.local/lib/python3.12/site-packages/airflow/example_dags/tutorial_taskflow_api_virtualenv.py took 0.148 seconds
[2026-08-06T05:34:47.065+0000] {processor.py:186} INFO - Started process (PID=285) to work on /home/airflow/.local/lib/python3.12/site-packages/airflow/example_dags/tutorial_taskflow_api_virtualenv.py
[2026-08-06T05:34:47.067+0000] {processor.py:914} INFO - Processing file /home/airflow/.local/lib/python3.12/site-packages/airflow/example_dags/tutorial_taskflow_api_virtualenv.py for tasks to queue
[2026-08-06T05:34:47.073+0000] {logging_mixin.py:190} INFO - [2026-08-06T05:34:47.072+0000] {dagbag.py:588} INFO - Filling up the DagBag from /home/airflow/.local/lib/python3.12/site-packages/airflow/example_dags/tutorial_taskflow_api_virtualenv.py
[2026-08-06T05:34:47.090+0000] {processor.py:925} INFO - DAG(s) 'tutorial_taskflow_api_virtualenv' retrieved from /home/airflow/.local/lib/python3.12/site-packages/airflow/example_dags/tutorial_taskflow_api_virtualenv.py
[2026-08-06T05:34:47.125+0000] {logging_mixin.py:190} INFO - [2026-08-06T05:34:47.124+0000] {dag.py:3239} INFO - Sync 1 DAGs
[2026-08-06T05:34:47.151+0000] {logging_mixin.py:190} INFO - [2026-08-06T05:34:47.151+0000] {dag.py:4180} INFO - Setting next_dagrun for tutorial_taskflow_api_virtualenv to None, run_after=None
[2026-08-06T05:34:47.215+0000] {processor.py:208} INFO - Processing /home/airflow/.local/lib/python3.12/site-packages/airflow/example_dags/tutorial_taskflow_api_virtualenv.py took 0.161 seconds
[2026-08-06T05:35:18.366+0000] {processor.py:186} INFO - Started process (PID=349) to work on /home/airflow/.local/lib/python3.12/site-packages/airflow/example_dags/tutorial_taskflow_api_virtualenv.py
[2026-08-06T05:35:18.368+0000] {processor.py:914} INFO - Processing file /home/airflow/.local/lib/python3.12/site-packages/airflow/example_dags/tutorial_taskflow_api_virtualenv.py for tasks to queue
[2026-08-06T05:35:18.371+0000] {logging_mixin.py:190} INFO - [2026-08-06T05:35:18.370+0000] {dagbag.py:588} INFO - Filling up the DagBag from /home/airflow/.local/lib/python3.12/site-packages/airflow/example_dags/tutorial_taskflow_api_virtualenv.py
[2026-08-06T05:35:18.388+0000] {processor.py:925} INFO - DAG(s) 'tutorial_taskflow_api_virtualenv' retrieved from /home/airflow/.local/lib/python3.12/site-packages/airflow/example_dags/tutorial_taskflow_api_virtualenv.py
[2026-08-06T05:35:18.415+0000] {logging_mixin.py:190} INFO - [2026-08-06T05:35:18.414+0000] {dag.py:3239} INFO - Sync 1 DAGs
[2026-08-06T05:35:18.446+0000] {logging_mixin.py:190} INFO - [2026-08-06T05:35:18.446+0000] {dag.py:4180} INFO - Setting next_dagrun for tutorial_taskflow_api_virtualenv to None, run_after=None
[2026-08-06T05:35:18.486+0000] {processor.py:208} INFO - Processing /home/airflow/.local/lib/python3.12/site-packages/airflow/example_dags/tutorial_taskflow_api_virtualenv.py took 0.128 seconds
[2026-08-06T05:37:03.086+0000] {processor.py:186} INFO - Started process (PID=103) to work on /home/airflow/.local/lib/python3.12/site-packages/airflow/example_dags/tutorial_taskflow_api_virtualenv.py
[2026-08-06T05:37:03.095+0000] {processor.py:914} INFO - Processing file /home/airflow/.local/lib/python3.12/site-packages/airflow/example_dags/tutorial_taskflow_api_virtualenv.py for tasks to queue
[2026-08-06T05:37:03.114+0000] {logging_mixin.py:190} INFO - [2026-08-06T05:37:03.113+0000] {dagbag.py:588} INFO - Filling up the DagBag from /home/airflow/.local/lib/python3.12/site-packages/airflow/example_dags/tutorial_taskflow_api_virtualenv.py
[2026-08-06T05:37:03.151+0000] {processor.py:925} INFO - DAG(s) 'tutorial_taskflow_api_virtualenv' retrieved from /home/airflow/.local/lib/python3.12/site-packages/airflow/example_dags/tutorial_taskflow_api_virtualenv.py
[2026-08-06T05:37:03.419+0000] {logging_mixin.py:190} INFO - [2026-08-06T05:37:03.419+0000] {dag.py:3239} INFO - Sync 1 DAGs
[2026-08-06T05:37:03.438+0000] {logging_mixin.py:190} INFO - [2026-08-06T05:37:03.437+0000] {dag.py:4180} INFO - Setting next_dagrun for tutorial_taskflow_api_virtualenv to None, run_after=None
[2026-08-06T05:37:03.471+0000] {processor.py:208} INFO - Processing /home/airflow/.local/lib/python3.12/site-packages/airflow/example_dags/tutorial_taskflow_api_virtualenv.py took 0.398 seconds
[2026-08-06T05:37:34.277+0000] {processor.py:186} INFO - Started process (PID=167) to work on /home/airflow/.local/lib/python3.12/site-packages/airflow/example_dags/tutorial_taskflow_api_virtualenv.py
[2026-08-06T05:37:34.279+0000] {processor.py:914} INFO - Processing file /home/airflow/.local/lib/python3.12/site-packages/airflow/example_dags/tutorial_taskflow_api_virtualenv.py for tasks to queue
[2026-08-06T05:37:34.285+0000] {logging_mixin.py:190} INFO - [2026-08-06T05:37:34.283+0000] {dagbag.py:588} INFO - Filling up the DagBag from /home/airflow/.local/lib/python3.12/site-packages/airflow/example_dags/tutorial_taskflow_api_virtualenv.py
[2026-08-06T05:37:34.310+0000] {processor.py:925} INFO - DAG(s) 'tutorial_taskflow_api_virtualenv' retrieved from /home/airflow/.local/lib/python3.12/site-packages/airflow/example_dags/tutorial_taskflow_api_virtualenv.py
[2026-08-06T05:37:34.341+0000] {logging_mixin.py:190} INFO - [2026-08-06T05:37:34.341+0000] {dag.py:3239} INFO - Sync 1 DAGs
[2026-08-06T05:37:34.361+0000] {logging_mixin.py:190} INFO - [2026-08-06T05:37:34.361+0000] {dag.py:4180} INFO - Setting next_dagrun for tutorial_taskflow_api_virtualenv to None, run_after=None
[2026-08-06T05:37:34.429+0000] {processor.py:208} INFO - Processing /home/airflow/.local/lib/python3.12/site-packages/airflow/example_dags/tutorial_taskflow_api_virtualenv.py took 0.172 seconds
[2026-08-06T05:38:04.994+0000] {processor.py:186} INFO - Started process (PID=230) to work on /home/airflow/.local/lib/python3.12/site-packages/airflow/example_dags/tutorial_taskflow_api_virtualenv.py
[2026-08-06T05:38:04.995+0000] {processor.py:914} INFO - Processing file /home/airflow/.local/lib/python3.12/site-packages/airflow/example_dags/tutorial_taskflow_api_virtualenv.py for tasks to queue
[2026-08-06T05:38:04.999+0000] {logging_mixin.py:190} INFO - [2026-08-06T05:38:04.999+0000] {dagbag.py:588} INFO - Filling up the DagBag from /home/airflow/.local/lib/python3.12/site-packages/airflow/example_dags/tutorial_taskflow_api_virtualenv.py
[2026-08-06T05:38:05.019+0000] {processor.py:925} INFO - DAG(s) 'tutorial_taskflow_api_virtualenv' retrieved from /home/airflow/.local/lib/python3.12/site-packages/airflow/example_dags/tutorial_taskflow_api_virtualenv.py
[2026-08-06T05:38:05.053+0000] {logging_mixin.py:190} INFO - [2026-08-06T05:38:05.052+0000] {dag.py:3239} INFO - Sync 1 DAGs
[2026-08-06T05:38:05.081+0000] {logging_mixin.py:190} INFO - [2026-08-06T05:38:05.080+0000] {dag.py:4180} INFO - Setting next_dagrun for tutorial_taskflow_api_virtualenv to None, run_after=None
[2026-08-06T05:38:05.154+0000] {processor.py:208} INFO - Processing /home/airflow/.local/lib/python3.12/site-packages/airflow/example_dags/tutorial_taskflow_api_virtualenv.py took 0.168 seconds
[2026-08-06T05:38:40.208+0000] {processor.py:186} INFO - Started process (PID=302) to work on /home/airflow/.local/lib/python3.12/site-packages/airflow/example_dags/tutorial_taskflow_api_virtualenv.py
[2026-08-06T05:38:40.215+0000] {processor.py:914} INFO - Processing file /home/airflow/.local/lib/python3.12/site-packages/airflow/example_dags/tutorial_taskflow_api_virtualenv.py for tasks to queue
[2026-08-06T05:38:40.221+0000] {logging_mixin.py:190} INFO - [2026-08-06T05:38:40.220+0000] {dagbag.py:588} INFO - Filling up the DagBag from /home/airflow/.local/lib/python3.12/site-packages/airflow/example_dags/tutorial_taskflow_api_virtualenv.py
[2026-08-06T05:38:40.251+0000] {processor.py:925} INFO - DAG(s) 'tutorial_taskflow_api_virtualenv' retrieved from /home/airflow/.local/lib/python3.12/site-packages/airflow/example_dags/tutorial_taskflow_api_virtualenv.py
[2026-08-06T05:38:40.292+0000] {logging_mixin.py:190} INFO - [2026-08-06T05:38:40.290+0000] {dag.py:3239} INFO - Sync 1 DAGs
[2026-08-06T05:38:40.321+0000] {logging_mixin.py:190} INFO - [2026-08-06T05:38:40.321+0000] {dag.py:4180} INFO - Setting next_dagrun for tutorial_taskflow_api_virtualenv to None, run_after=None
[2026-08-06T05:38:40.364+0000] {processor.py:208} INFO - Processing /home/airflow/.local/lib/python3.12/site-packages/airflow/example_dags/tutorial_taskflow_api_virtualenv.py took 0.166 seconds
[2026-08-06T05:39:10.502+0000] {processor.py:186} INFO - Started process (PID=373) to work on /home/airflow/.local/lib/python3.12/site-packages/airflow/example_dags/tutorial_taskflow_api_virtualenv.py
[2026-08-06T05:39:10.504+0000] {processor.py:914} INFO - Processing file /home/airflow/.local/lib/python3.12/site-packages/airflow/example_dags/tutorial_taskflow_api_virtualenv.py for tasks to queue
[2026-08-06T05:39:10.507+0000] {logging_mixin.py:190} INFO - [2026-08-06T05:39:10.507+0000] {dagbag.py:588} INFO - Filling up the DagBag from /home/airflow/.local/lib/python3.12/site-packages/airflow/example_dags/tutorial_taskflow_api_virtualenv.py
[2026-08-06T05:39:10.521+0000] {processor.py:925} INFO - DAG(s) 'tutorial_taskflow_api_virtualenv' retrieved from /home/airflow/.local/lib/python3.12/site-packages/airflow/example_dags/tutorial_taskflow_api_virtualenv.py
[2026-08-06T05:39:10.546+0000] {logging_mixin.py:190} INFO - [2026-08-06T05:39:10.545+0000] {dag.py:3239} INFO - Sync 1 DAGs
[2026-08-06T05:39:10.572+0000] {logging_mixin.py:190} INFO - [2026-08-06T05:39:10.572+0000] {dag.py:4180} INFO - Setting next_dagrun for tutorial_taskflow_api_virtualenv to None, run_after=None
[2026-08-06T05:39:10.599+0000] {processor.py:208} INFO - Processing /home/airflow/.local/lib/python3.12/site-packages/airflow/example_dags/tutorial_taskflow_api_virtualenv.py took 0.104 seconds
[2026-08-06T05:39:44.681+0000] {processor.py:186} INFO - Started process (PID=438) to work on /home/airflow/.local/lib/python3.12/site-packages/airflow/example_dags/tutorial_taskflow_api_virtualenv.py
[2026-08-06T05:39:44.684+0000] {processor.py:914} INFO - Processing file /home/airflow/.local/lib/python3.12/site-packages/airflow/example_dags/tutorial_taskflow_api_virtualenv.py for tasks to queue
[2026-08-06T05:39:44.690+0000] {logging_mixin.py:190} INFO - [2026-08-06T05:39:44.689+0000] {dagbag.py:588} INFO - Filling up the DagBag from /home/airflow/.local/lib/python3.12/site-packages/airflow/example_dags/tutorial_taskflow_api_virtualenv.py
[2026-08-06T05:39:44.719+0000] {processor.py:925} INFO - DAG(s) 'tutorial_taskflow_api_virtualenv' retrieved from /home/airflow/.local/lib/python3.12/site-packages/airflow/example_dags/tutorial_taskflow_api_virtualenv.py
[2026-08-06T05:39:44.767+0000] {logging_mixin.py:190} INFO - [2026-08-06T05:39:44.767+0000] {dag.py:3239} INFO - Sync 1 DAGs
[2026-08-06T05:39:44.796+0000] {logging_mixin.py:190} INFO - [2026-08-06T05:39:44.796+0000] {dag.py:4180} INFO - Setting next_dagrun for tutorial_taskflow_api_virtualenv to None, run_after=None
[2026-08-06T05:39:44.874+0000] {processor.py:208} INFO - Processing /home/airflow/.local/lib/python3.12/site-packages/airflow/example_dags/tutorial_taskflow_api_virtualenv.py took 0.205 seconds
[2026-08-06T05:40:15.191+0000] {processor.py:186} INFO - Started process (PID=501) to work on /home/airflow/.local/lib/python3.12/site-packages/airflow/example_dags/tutorial_taskflow_api_virtualenv.py
[2026-08-06T05:40:15.193+0000] {processor.py:914} INFO - Processing file /home/airflow/.local/lib/python3.12/site-packages/airflow/example_dags/tutorial_taskflow_api_virtualenv.py for tasks to queue
[2026-08-06T05:40:15.197+0000] {logging_mixin.py:190} INFO - [2026-08-06T05:40:15.197+0000] {dagbag.py:588} INFO - Filling up the DagBag from /home/airflow/.local/lib/python3.12/site-packages/airflow/example_dags/tutorial_taskflow_api_virtualenv.py
[2026-08-06T05:40:15.218+0000] {processor.py:925} INFO - DAG(s) 'tutorial_taskflow_api_virtualenv' retrieved from /home/airflow/.local/lib/python3.12/site-packages/airflow/example_dags/tutorial_taskflow_api_virtualenv.py
[2026-08-06T05:40:15.275+0000] {logging_mixin.py:190} INFO - [2026-08-06T05:40:15.274+0000] {dag.py:3239} INFO - Sync 1 DAGs
[2026-08-06T05:40:15.302+0000] {logging_mixin.py:190} INFO - [2026-08-06T05:40:15.301+0000] {dag.py:4180} INFO - Setting next_dagrun for tutorial_taskflow_api_virtualenv to None, run_after=None
[2026-08-06T05:40:15.365+0000] {processor.py:208} INFO - Processing /home/airflow/.local/lib/python3.12/site-packages/airflow/example_dags/tutorial_taskflow_api_virtualenv.py took 0.185 seconds
[2026-08-06T05:40:47.494+0000] {processor.py:186} INFO - Started process (PID=565) to work on /home/airflow/.local/lib/python3.12/site-packages/airflow/example_dags/tutorial_taskflow_api_virtualenv.py
[2026-08-06T05:40:47.496+0000] {processor.py:914} INFO - Processing file /home/airflow/.local/lib/python3.12/site-packages/airflow/example_dags/tutorial_taskflow_api_virtualenv.py for tasks to queue
[2026-08-06T05:40:47.502+0000] {logging_mixin.py:190} INFO - [2026-08-06T05:40:47.501+0000] {dagbag.py:588} INFO - Filling up the DagBag from /home/airflow/.local/lib/python3.12/site-packages/airflow/example_dags/tutorial_taskflow_api_virtualenv.py
[2026-08-06T05:40:47.528+0000] {processor.py:925} INFO - DAG(s) 'tutorial_taskflow_api_virtualenv' retrieved from /home/airflow/.local/lib/python3.12/site-packages/airflow/example_dags/tutorial_taskflow_api_virtualenv.py
[2026-08-06T05:40:47.593+0000] {logging_mixin.py:190} INFO - [2026-08-06T05:40:47.593+0000] {dag.py:3239} INFO - Sync 1 DAGs
[2026-08-06T05:40:47.648+0000] {logging_mixin.py:190} INFO - [2026-08-06T05:40:47.647+0000] {dag.py:4180} INFO - Setting next_dagrun for tutorial_taskflow_api_virtualenv to None, run_after=None
[2026-08-06T05:40:47.689+0000] {processor.py:208} INFO - Processing /home/airflow/.local/lib/python3.12/site-packages/airflow/example_dags/tutorial_taskflow_api_virtualenv.py took 0.213 seconds
[2026-08-06T05:41:18.244+0000] {processor.py:186} INFO - Started process (PID=629) to work on /home/airflow/.local/lib/python3.12/site-packages/airflow/example_dags/tutorial_taskflow_api_virtualenv.py
[2026-08-06T05:41:18.247+0000] {processor.py:914} INFO - Processing file /home/airflow/.local/lib/python3.12/site-packages/airflow/example_dags/tutorial_taskflow_api_virtualenv.py for tasks to queue
[2026-08-06T05:41:18.275+0000] {logging_mixin.py:190} INFO - [2026-08-06T05:41:18.274+0000] {dagbag.py:588} INFO - Filling up the DagBag from /home/airflow/.local/lib/python3.12/site-packages/airflow/example_dags/tutorial_taskflow_api_virtualenv.py
[2026-08-06T05:41:18.297+0000] {processor.py:925} INFO - DAG(s) 'tutorial_taskflow_api_virtualenv' retrieved from /home/airflow/.local/lib/python3.12/site-packages/airflow/example_dags/tutorial_taskflow_api_virtualenv.py
[2026-08-06T05:41:18.332+0000] {logging_mixin.py:190} INFO - [2026-08-06T05:41:18.332+0000] {dag.py:3239} INFO - Sync 1 DAGs
[2026-08-06T05:41:18.356+0000] {logging_mixin.py:190} INFO - [2026-08-06T05:41:18.356+0000] {dag.py:4180} INFO - Setting next_dagrun for tutorial_taskflow_api_virtualenv to None, run_after=None
[2026-08-06T05:41:18.397+0000] {processor.py:208} INFO - Processing /home/airflow/.local/lib/python3.12/site-packages/airflow/example_dags/tutorial_taskflow_api_virtualenv.py took 0.163 seconds
[2026-08-06T05:41:49.071+0000] {processor.py:186} INFO - Started process (PID=693) to work on /home/airflow/.local/lib/python3.12/site-packages/airflow/example_dags/tutorial_taskflow_api_virtualenv.py
[2026-08-06T05:41:49.073+0000] {processor.py:914} INFO - Processing file /home/airflow/.local/lib/python3.12/site-packages/airflow/example_dags/tutorial_taskflow_api_virtualenv.py for tasks to queue
[2026-08-06T05:41:49.077+0000] {logging_mixin.py:190} INFO - [2026-08-06T05:41:49.076+0000] {dagbag.py:588} INFO - Filling up the DagBag from /home/airflow/.local/lib/python3.12/site-packages/airflow/example_dags/tutorial_taskflow_api_virtualenv.py
[2026-08-06T05:41:49.095+0000] {processor.py:925} INFO - DAG(s) 'tutorial_taskflow_api_virtualenv' retrieved from /home/airflow/.local/lib/python3.12/site-packages/airflow/example_dags/tutorial_taskflow_api_virtualenv.py
[2026-08-06T05:41:49.137+0000] {logging_mixin.py:190} INFO - [2026-08-06T05:41:49.137+0000] {dag.py:3239} INFO - Sync 1 DAGs
[2026-08-06T05:41:49.156+0000] {logging_mixin.py:190} INFO - [2026-08-06T05:41:49.156+0000] {dag.py:4180} INFO - Setting next_dagrun for tutorial_taskflow_api_virtualenv to None, run_after=None
[2026-08-06T05:41:49.220+0000] {processor.py:208} INFO - Processing /home/airflow/.local/lib/python3.12/site-packages/airflow/example_dags/tutorial_taskflow_api_virtualenv.py took 0.163 seconds
[2026-08-06T05:42:20.463+0000] {processor.py:186} INFO - Started process (PID=757) to work on /home/airflow/.local/lib/python3.12/site-packages/airflow/example_dags/tutorial_taskflow_api_virtualenv.py
[2026-08-06T05:42:20.466+0000] {processor.py:914} INFO - Processing file /home/airflow/.local/lib/python3.12/site-packages/airflow/example_dags/tutorial_taskflow_api_virtualenv.py for tasks to queue
[2026-08-06T05:42:20.471+0000] {logging_mixin.py:190} INFO - [2026-08-06T05:42:20.470+0000] {dagbag.py:588} INFO - Filling up the DagBag from /home/airflow/.local/lib/python3.12/site-packages/airflow/example_dags/tutorial_taskflow_api_virtualenv.py
[2026-08-06T05:42:20.498+0000] {processor.py:925} INFO - DAG(s) 'tutorial_taskflow_api_virtualenv' retrieved from /home/airflow/.local/lib/python3.12/site-packages/airflow/example_dags/tutorial_taskflow_api_virtualenv.py
[2026-08-06T05:42:20.528+0000] {logging_mixin.py:190} INFO - [2026-08-06T05:42:20.528+0000] {dag.py:3239} INFO - Sync 1 DAGs
[2026-08-06T05:42:20.561+0000] {logging_mixin.py:190} INFO - [2026-08-06T05:42:20.560+0000] {dag.py:4180} INFO - Setting next_dagrun for tutorial_taskflow_api_virtualenv to None, run_after=None
[2026-08-06T05:42:20.591+0000] {processor.py:208} INFO - Processing /home/airflow/.local/lib/python3.12/site-packages/airflow/example_dags/tutorial_taskflow_api_virtualenv.py took 0.145 seconds
[2026-08-06T05:42:54.324+0000] {processor.py:186} INFO - Started process (PID=827) to work on /home/airflow/.local/lib/python3.12/site-packages/airflow/example_dags/tutorial_taskflow_api_virtualenv.py
[2026-08-06T05:42:54.327+0000] {processor.py:914} INFO - Processing file /home/airflow/.local/lib/python3.12/site-packages/airflow/example_dags/tutorial_taskflow_api_virtualenv.py for tasks to queue
[2026-08-06T05:42:54.335+0000] {logging_mixin.py:190} INFO - [2026-08-06T05:42:54.333+0000] {dagbag.py:588} INFO - Filling up the DagBag from /home/airflow/.local/lib/python3.12/site-packages/airflow/example_dags/tutorial_taskflow_api_virtualenv.py
[2026-08-06T05:42:54.362+0000] {processor.py:925} INFO - DAG(s) 'tutorial_taskflow_api_virtualenv' retrieved from /home/airflow/.local/lib/python3.12/site-packages/airflow/example_dags/tutorial_taskflow_api_virtualenv.py
[2026-08-06T05:42:54.403+0000] {logging_mixin.py:190} INFO - [2026-08-06T05:42:54.402+0000] {dag.py:3239} INFO - Sync 1 DAGs
[2026-08-06T05:42:54.424+0000] {logging_mixin.py:190} INFO - [2026-08-06T05:42:54.424+0000] {dag.py:4180} INFO - Setting next_dagrun for tutorial_taskflow_api_virtualenv to None, run_after=None
[2026-08-06T05:42:54.458+0000] {processor.py:208} INFO - Processing /home/airflow/.local/lib/python3.12/site-packages/airflow/example_dags/tutorial_taskflow_api_virtualenv.py took 0.147 seconds
[2026-08-06T05:43:25.132+0000] {processor.py:186} INFO - Started process (PID=891) to work on /home/airflow/.local/lib/python3.12/site-packages/airflow/example_dags/tutorial_taskflow_api_virtualenv.py
[2026-08-06T05:43:25.135+0000] {processor.py:914} INFO - Processing file /home/airflow/.local/lib/python3.12/site-packages/airflow/example_dags/tutorial_taskflow_api_virtualenv.py for tasks to queue
[2026-08-06T05:43:25.139+0000] {logging_mixin.py:190} INFO - [2026-08-06T05:43:25.139+0000] {dagbag.py:588} INFO - Filling up the DagBag from /home/airflow/.local/lib/python3.12/site-packages/airflow/example_dags/tutorial_taskflow_api_virtualenv.py
[2026-08-06T05:43:25.168+0000] {processor.py:925} INFO - DAG(s) 'tutorial_taskflow_api_virtualenv' retrieved from /home/airflow/.local/lib/python3.12/site-packages/airflow/example_dags/tutorial_taskflow_api_virtualenv.py
[2026-08-06T05:43:25.212+0000] {logging_mixin.py:190} INFO - [2026-08-06T05:43:25.211+0000] {dag.py:3239} INFO - Sync 1 DAGs
[2026-08-06T05:43:25.240+0000] {logging_mixin.py:190} INFO - [2026-08-06T05:43:25.239+0000] {dag.py:4180} INFO - Setting next_dagrun for tutorial_taskflow_api_virtualenv to None, run_after=None
[2026-08-06T05:43:25.306+0000] {processor.py:208} INFO - Processing /home/airflow/.local/lib/python3.12/site-packages/airflow/example_dags/tutorial_taskflow_api_virtualenv.py took 0.187 seconds
[2026-08-06T05:43:56.508+0000] {processor.py:186} INFO - Started process (PID=970) to work on /home/airflow/.local/lib/python3.12/site-packages/airflow/example_dags/tutorial_taskflow_api_virtualenv.py
[2026-08-06T05:43:56.511+0000] {processor.py:914} INFO - Processing file /home/airflow/.local/lib/python3.12/site-packages/airflow/example_dags/tutorial_taskflow_api_virtualenv.py for tasks to queue
[2026-08-06T05:43:56.518+0000] {logging_mixin.py:190} INFO - [2026-08-06T05:43:56.517+0000] {dagbag.py:588} INFO - Filling up the DagBag from /home/airflow/.local/lib/python3.12/site-packages/airflow/example_dags/tutorial_taskflow_api_virtualenv.py
[2026-08-06T05:43:56.552+0000] {processor.py:925} INFO - DAG(s) 'tutorial_taskflow_api_virtualenv' retrieved from /home/airflow/.local/lib/python3.12/site-packages/airflow/example_dags/tutorial_taskflow_api_virtualenv.py
[2026-08-06T05:43:56.602+0000] {logging_mixin.py:190} INFO - [2026-08-06T05:43:56.601+0000] {dag.py:3239} INFO - Sync 1 DAGs
[2026-08-06T05:43:56.675+0000] {logging_mixin.py:190} INFO - [2026-08-06T05:43:56.674+0000] {dag.py:4180} INFO - Setting next_dagrun for tutorial_taskflow_api_virtualenv to None, run_after=None
[2026-08-06T05:43:56.747+0000] {processor.py:208} INFO - Processing /home/airflow/.local/lib/python3.12/site-packages/airflow/example_dags/tutorial_taskflow_api_virtualenv.py took 0.253 seconds
[2026-08-06T05:44:28.155+0000] {processor.py:186} INFO - Started process (PID=1034) to work on /home/airflow/.local/lib/python3.12/site-packages/airflow/example_dags/tutorial_taskflow_api_virtualenv.py
[2026-08-06T05:44:28.158+0000] {processor.py:914} INFO - Processing file /home/airflow/.local/lib/python3.12/site-packages/airflow/example_dags/tutorial_taskflow_api_virtualenv.py for tasks to queue
[2026-08-06T05:44:28.163+0000] {logging_mixin.py:190} INFO - [2026-08-06T05:44:28.162+0000] {dagbag.py:588} INFO - Filling up the DagBag from /home/airflow/.local/lib/python3.12/site-packages/airflow/example_dags/tutorial_taskflow_api_virtualenv.py
[2026-08-06T05:44:28.187+0000] {processor.py:925} INFO - DAG(s) 'tutorial_taskflow_api_virtualenv' retrieved from /home/airflow/.local/lib/python3.12/site-packages/airflow/example_dags/tutorial_taskflow_api_virtualenv.py
[2026-08-06T05:44:28.227+0000] {logging_mixin.py:190} INFO - [2026-08-06T05:44:28.227+0000] {dag.py:3239} INFO - Sync 1 DAGs
[2026-08-06T05:44:28.258+0000] {logging_mixin.py:190} INFO - [2026-08-06T05:44:28.257+0000] {dag.py:4180} INFO - Setting next_dagrun for tutorial_taskflow_api_virtualenv to None, run_after=None
[2026-08-06T05:44:28.301+0000] {processor.py:208} INFO - Processing /home/airflow/.local/lib/python3.12/site-packages/airflow/example_dags/tutorial_taskflow_api_virtualenv.py took 0.159 seconds
[2026-08-06T05:44:59.670+0000] {processor.py:186} INFO - Started process (PID=1097) to work on /home/airflow/.local/lib/python3.12/site-packages/airflow/example_dags/tutorial_taskflow_api_virtualenv.py
[2026-08-06T05:44:59.672+0000] {processor.py:914} INFO - Processing file /home/airflow/.local/lib/python3.12/site-packages/airflow/example_dags/tutorial_taskflow_api_virtualenv.py for tasks to queue
[2026-08-06T05:44:59.678+0000] {logging_mixin.py:190} INFO - [2026-08-06T05:44:59.677+0000] {dagbag.py:588} INFO - Filling up the DagBag from /home/airflow/.local/lib/python3.12/site-packages/airflow/example_dags/tutorial_taskflow_api_virtualenv.py
[2026-08-06T05:44:59.697+0000] {processor.py:925} INFO - DAG(s) 'tutorial_taskflow_api_virtualenv' retrieved from /home/airflow/.local/lib/python3.12/site-packages/airflow/example_dags/tutorial_taskflow_api_virtualenv.py
[2026-08-06T05:44:59.741+0000] {logging_mixin.py:190} INFO - [2026-08-06T05:44:59.740+0000] {dag.py:3239} INFO - Sync 1 DAGs
[2026-08-06T05:44:59.771+0000] {logging_mixin.py:190} INFO - [2026-08-06T05:44:59.771+0000] {dag.py:4180} INFO - Setting next_dagrun for tutorial_taskflow_api_virtualenv to None, run_after=None
[2026-08-06T05:44:59.823+0000] {processor.py:208} INFO - Processing /home/airflow/.local/lib/python3.12/site-packages/airflow/example_dags/tutorial_taskflow_api_virtualenv.py took 0.163 seconds
[2026-08-06T05:45:30.868+0000] {processor.py:186} INFO - Started process (PID=1161) to work on /home/airflow/.local/lib/python3.12/site-packages/airflow/example_dags/tutorial_taskflow_api_virtualenv.py
[2026-08-06T05:45:30.871+0000] {processor.py:914} INFO - Processing file /home/airflow/.local/lib/python3.12/site-packages/airflow/example_dags/tutorial_taskflow_api_virtualenv.py for tasks to queue
[2026-08-06T05:45:30.877+0000] {logging_mixin.py:190} INFO - [2026-08-06T05:45:30.876+0000] {dagbag.py:588} INFO - Filling up the DagBag from /home/airflow/.local/lib/python3.12/site-packages/airflow/example_dags/tutorial_taskflow_api_virtualenv.py
[2026-08-06T05:45:30.901+0000] {processor.py:925} INFO - DAG(s) 'tutorial_taskflow_api_virtualenv' retrieved from /home/airflow/.local/lib/python3.12/site-packages/airflow/example_dags/tutorial_taskflow_api_virtualenv.py
[2026-08-06T05:45:30.940+0000] {logging_mixin.py:190} INFO - [2026-08-06T05:45:30.939+0000] {dag.py:3239} INFO - Sync 1 DAGs
[2026-08-06T05:45:30.969+0000] {logging_mixin.py:190} INFO - [2026-08-06T05:45:30.969+0000] {dag.py:4180} INFO - Setting next_dagrun for tutorial_taskflow_api_virtualenv to None, run_after=None
[2026-08-06T05:45:31.000+0000] {processor.py:208} INFO - Processing /home/airflow/.local/lib/python3.12/site-packages/airflow/example_dags/tutorial_taskflow_api_virtualenv.py took 0.148 seconds
[2026-08-06T05:46:02.997+0000] {processor.py:186} INFO - Started process (PID=1225) to work on /home/airflow/.local/lib/python3.12/site-packages/airflow/example_dags/tutorial_taskflow_api_virtualenv.py
[2026-08-06T05:46:03.000+0000] {processor.py:914} INFO - Processing file /home/airflow/.local/lib/python3.12/site-packages/airflow/example_dags/tutorial_taskflow_api_virtualenv.py for tasks to queue
[2026-08-06T05:46:03.003+0000] {logging_mixin.py:190} INFO - [2026-08-06T05:46:03.003+0000] {dagbag.py:588} INFO - Filling up the DagBag from /home/airflow/.local/lib/python3.12/site-packages/airflow/example_dags/tutorial_taskflow_api_virtualenv.py
[2026-08-06T05:46:03.050+0000] {processor.py:925} INFO - DAG(s) 'tutorial_taskflow_api_virtualenv' retrieved from /home/airflow/.local/lib/python3.12/site-packages/airflow/example_dags/tutorial_taskflow_api_virtualenv.py
[2026-08-06T05:46:03.115+0000] {logging_mixin.py:190} INFO - [2026-08-06T05:46:03.114+0000] {dag.py:3239} INFO - Sync 1 DAGs
[2026-08-06T05:46:03.151+0000] {logging_mixin.py:190} INFO - [2026-08-06T05:46:03.150+0000] {dag.py:4180} INFO - Setting next_dagrun for tutorial_taskflow_api_virtualenv to None, run_after=None
[2026-08-06T05:46:03.202+0000] {processor.py:208} INFO - Processing /home/airflow/.local/lib/python3.12/site-packages/airflow/example_dags/tutorial_taskflow_api_virtualenv.py took 0.224 seconds
[2026-08-06T05:46:35.048+0000] {processor.py:186} INFO - Started process (PID=1289) to work on /home/airflow/.local/lib/python3.12/site-packages/airflow/example_dags/tutorial_taskflow_api_virtualenv.py
[2026-08-06T05:46:35.049+0000] {processor.py:914} INFO - Processing file /home/airflow/.local/lib/python3.12/site-packages/airflow/example_dags/tutorial_taskflow_api_virtualenv.py for tasks to queue
[2026-08-06T05:46:35.053+0000] {logging_mixin.py:190} INFO - [2026-08-06T05:46:35.052+0000] {dagbag.py:588} INFO - Filling up the DagBag from /home/airflow/.local/lib/python3.12/site-packages/airflow/example_dags/tutorial_taskflow_api_virtualenv.py
[2026-08-06T05:46:35.078+0000] {processor.py:925} INFO - DAG(s) 'tutorial_taskflow_api_virtualenv' retrieved from /home/airflow/.local/lib/python3.12/site-packages/airflow/example_dags/tutorial_taskflow_api_virtualenv.py
[2026-08-06T05:46:35.118+0000] {logging_mixin.py:190} INFO - [2026-08-06T05:46:35.118+0000] {dag.py:3239} INFO - Sync 1 DAGs
[2026-08-06T05:46:35.145+0000] {logging_mixin.py:190} INFO - [2026-08-06T05:46:35.145+0000] {dag.py:4180} INFO - Setting next_dagrun for tutorial_taskflow_api_virtualenv to None, run_after=None
[2026-08-06T05:46:35.178+0000] {processor.py:208} INFO - Processing /home/airflow/.local/lib/python3.12/site-packages/airflow/example_dags/tutorial_taskflow_api_virtualenv.py took 0.140 seconds
[2026-08-06T05:47:06.533+0000] {processor.py:186} INFO - Started process (PID=1353) to work on /home/airflow/.local/lib/python3.12/site-packages/airflow/example_dags/tutorial_taskflow_api_virtualenv.py
[2026-08-06T05:47:06.536+0000] {processor.py:914} INFO - Processing file /home/airflow/.local/lib/python3.12/site-packages/airflow/example_dags/tutorial_taskflow_api_virtualenv.py for tasks to queue
[2026-08-06T05:47:06.542+0000] {logging_mixin.py:190} INFO - [2026-08-06T05:47:06.542+0000] {dagbag.py:588} INFO - Filling up the DagBag from /home/airflow/.local/lib/python3.12/site-packages/airflow/example_dags/tutorial_taskflow_api_virtualenv.py
[2026-08-06T05:47:06.566+0000] {processor.py:925} INFO - DAG(s) 'tutorial_taskflow_api_virtualenv' retrieved from /home/airflow/.local/lib/python3.12/site-packages/airflow/example_dags/tutorial_taskflow_api_virtualenv.py
[2026-08-06T05:47:06.610+0000] {logging_mixin.py:190} INFO - [2026-08-06T05:47:06.610+0000] {dag.py:3239} INFO - Sync 1 DAGs
[2026-08-06T05:47:06.634+0000] {logging_mixin.py:190} INFO - [2026-08-06T05:47:06.633+0000] {dag.py:4180} INFO - Setting next_dagrun for tutorial_taskflow_api_virtualenv to None, run_after=None
[2026-08-06T05:47:06.673+0000] {processor.py:208} INFO - Processing /home/airflow/.local/lib/python3.12/site-packages/airflow/example_dags/tutorial_taskflow_api_virtualenv.py took 0.149 seconds
[2026-08-06T05:47:37.512+0000] {processor.py:186} INFO - Started process (PID=1417) to work on /home/airflow/.local/lib/python3.12/site-packages/airflow/example_dags/tutorial_taskflow_api_virtualenv.py
[2026-08-06T05:47:37.515+0000] {processor.py:914} INFO - Processing file /home/airflow/.local/lib/python3.12/site-packages/airflow/example_dags/tutorial_taskflow_api_virtualenv.py for tasks to queue
[2026-08-06T05:47:37.519+0000] {logging_mixin.py:190} INFO - [2026-08-06T05:47:37.519+0000] {dagbag.py:588} INFO - Filling up the DagBag from /home/airflow/.local/lib/python3.12/site-packages/airflow/example_dags/tutorial_taskflow_api_virtualenv.py
[2026-08-06T05:47:37.539+0000] {processor.py:925} INFO - DAG(s) 'tutorial_taskflow_api_virtualenv' retrieved from /home/airflow/.local/lib/python3.12/site-packages/airflow/example_dags/tutorial_taskflow_api_virtualenv.py
[2026-08-06T05:47:37.569+0000] {logging_mixin.py:190} INFO - [2026-08-06T05:47:37.569+0000] {dag.py:3239} INFO - Sync 1 DAGs
[2026-08-06T05:47:37.592+0000] {logging_mixin.py:190} INFO - [2026-08-06T05:47:37.592+0000] {dag.py:4180} INFO - Setting next_dagrun for tutorial_taskflow_api_virtualenv to None, run_after=None
[2026-08-06T05:47:37.660+0000] {processor.py:208} INFO - Processing /home/airflow/.local/lib/python3.12/site-packages/airflow/example_dags/tutorial_taskflow_api_virtualenv.py took 0.158 seconds
[2026-08-06T05:48:08.381+0000] {processor.py:186} INFO - Started process (PID=1481) to work on /home/airflow/.local/lib/python3.12/site-packages/airflow/example_dags/tutorial_taskflow_api_virtualenv.py
[2026-08-06T05:48:08.385+0000] {processor.py:914} INFO - Processing file /home/airflow/.local/lib/python3.12/site-packages/airflow/example_dags/tutorial_taskflow_api_virtualenv.py for tasks to queue
[2026-08-06T05:48:08.390+0000] {logging_mixin.py:190} INFO - [2026-08-06T05:48:08.390+0000] {dagbag.py:588} INFO - Filling up the DagBag from /home/airflow/.local/lib/python3.12/site-packages/airflow/example_dags/tutorial_taskflow_api_virtualenv.py
[2026-08-06T05:48:08.424+0000] {processor.py:925} INFO - DAG(s) 'tutorial_taskflow_api_virtualenv' retrieved from /home/airflow/.local/lib/python3.12/site-packages/airflow/example_dags/tutorial_taskflow_api_virtualenv.py
[2026-08-06T05:48:08.461+0000] {logging_mixin.py:190} INFO - [2026-08-06T05:48:08.461+0000] {dag.py:3239} INFO - Sync 1 DAGs
[2026-08-06T05:48:08.511+0000] {logging_mixin.py:190} INFO - [2026-08-06T05:48:08.510+0000] {dag.py:4180} INFO - Setting next_dagrun for tutorial_taskflow_api_virtualenv to None, run_after=None
[2026-08-06T05:48:08.544+0000] {processor.py:208} INFO - Processing /home/airflow/.local/lib/python3.12/site-packages/airflow/example_dags/tutorial_taskflow_api_virtualenv.py took 0.174 seconds
[2026-08-06T05:48:40.661+0000] {processor.py:186} INFO - Started process (PID=1545) to work on /home/airflow/.local/lib/python3.12/site-packages/airflow/example_dags/tutorial_taskflow_api_virtualenv.py
[2026-08-06T05:48:40.663+0000] {processor.py:914} INFO - Processing file /home/airflow/.local/lib/python3.12/site-packages/airflow/example_dags/tutorial_taskflow_api_virtualenv.py for tasks to queue
[2026-08-06T05:48:40.667+0000] {logging_mixin.py:190} INFO - [2026-08-06T05:48:40.666+0000] {dagbag.py:588} INFO - Filling up the DagBag from /home/airflow/.local/lib/python3.12/site-packages/airflow/example_dags/tutorial_taskflow_api_virtualenv.py
[2026-08-06T05:48:40.685+0000] {processor.py:925} INFO - DAG(s) 'tutorial_taskflow_api_virtualenv' retrieved from /home/airflow/.local/lib/python3.12/site-packages/airflow/example_dags/tutorial_taskflow_api_virtualenv.py
[2026-08-06T05:48:40.717+0000] {logging_mixin.py:190} INFO - [2026-08-06T05:48:40.717+0000] {dag.py:3239} INFO - Sync 1 DAGs
[2026-08-06T05:48:40.739+0000] {logging_mixin.py:190} INFO - [2026-08-06T05:48:40.739+0000] {dag.py:4180} INFO - Setting next_dagrun for tutorial_taskflow_api_virtualenv to None, run_after=None
[2026-08-06T05:48:40.786+0000] {processor.py:208} INFO - Processing /home/airflow/.local/lib/python3.12/site-packages/airflow/example_dags/tutorial_taskflow_api_virtualenv.py took 0.134 seconds
[2026-08-06T05:49:11.225+0000] {processor.py:186} INFO - Started process (PID=1624) to work on /home/airflow/.local/lib/python3.12/site-packages/airflow/example_dags/tutorial_taskflow_api_virtualenv.py
[2026-08-06T05:49:11.227+0000] {processor.py:914} INFO - Processing file /home/airflow/.local/lib/python3.12/site-packages/airflow/example_dags/tutorial_taskflow_api_virtualenv.py for tasks to queue
[2026-08-06T05:49:11.233+0000] {logging_mixin.py:190} INFO - [2026-08-06T05:49:11.232+0000] {dagbag.py:588} INFO - Filling up the DagBag from /home/airflow/.local/lib/python3.12/site-packages/airflow/example_dags/tutorial_taskflow_api_virtualenv.py
[2026-08-06T05:49:11.258+0000] {processor.py:925} INFO - DAG(s) 'tutorial_taskflow_api_virtualenv' retrieved from /home/airflow/.local/lib/python3.12/site-packages/airflow/example_dags/tutorial_taskflow_api_virtualenv.py
[2026-08-06T05:49:11.300+0000] {logging_mixin.py:190} INFO - [2026-08-06T05:49:11.299+0000] {dag.py:3239} INFO - Sync 1 DAGs
[2026-08-06T05:49:11.330+0000] {logging_mixin.py:190} INFO - [2026-08-06T05:49:11.329+0000] {dag.py:4180} INFO - Setting next_dagrun for tutorial_taskflow_api_virtualenv to None, run_after=None
[2026-08-06T05:49:11.379+0000] {processor.py:208} INFO - Processing /home/airflow/.local/lib/python3.12/site-packages/airflow/example_dags/tutorial_taskflow_api_virtualenv.py took 0.162 seconds
[2026-08-06T05:49:41.987+0000] {processor.py:186} INFO - Started process (PID=1687) to work on /home/airflow/.local/lib/python3.12/site-packages/airflow/example_dags/tutorial_taskflow_api_virtualenv.py
[2026-08-06T05:49:41.990+0000] {processor.py:914} INFO - Processing file /home/airflow/.local/lib/python3.12/site-packages/airflow/example_dags/tutorial_taskflow_api_virtualenv.py for tasks to queue
[2026-08-06T05:49:41.997+0000] {logging_mixin.py:190} INFO - [2026-08-06T05:49:41.996+0000] {dagbag.py:588} INFO - Filling up the DagBag from /home/airflow/.local/lib/python3.12/site-packages/airflow/example_dags/tutorial_taskflow_api_virtualenv.py
[2026-08-06T05:49:42.031+0000] {processor.py:925} INFO - DAG(s) 'tutorial_taskflow_api_virtualenv' retrieved from /home/airflow/.local/lib/python3.12/site-packages/airflow/example_dags/tutorial_taskflow_api_virtualenv.py
[2026-08-06T05:49:42.091+0000] {logging_mixin.py:190} INFO - [2026-08-06T05:49:42.090+0000] {dag.py:3239} INFO - Sync 1 DAGs
[2026-08-06T05:49:42.121+0000] {logging_mixin.py:190} INFO - [2026-08-06T05:49:42.120+0000] {dag.py:4180} INFO - Setting next_dagrun for tutorial_taskflow_api_virtualenv to None, run_after=None
[2026-08-06T05:49:42.174+0000] {processor.py:208} INFO - Processing /home/airflow/.local/lib/python3.12/site-packages/airflow/example_dags/tutorial_taskflow_api_virtualenv.py took 0.202 seconds
[2026-08-06T05:50:12.408+0000] {processor.py:186} INFO - Started process (PID=1750) to work on /home/airflow/.local/lib/python3.12/site-packages/airflow/example_dags/tutorial_taskflow_api_virtualenv.py
[2026-08-06T05:50:12.411+0000] {processor.py:914} INFO - Processing file /home/airflow/.local/lib/python3.12/site-packages/airflow/example_dags/tutorial_taskflow_api_virtualenv.py for tasks to queue
[2026-08-06T05:50:12.415+0000] {logging_mixin.py:190} INFO - [2026-08-06T05:50:12.415+0000] {dagbag.py:588} INFO - Filling up the DagBag from /home/airflow/.local/lib/python3.12/site-packages/airflow/example_dags/tutorial_taskflow_api_virtualenv.py
[2026-08-06T05:50:12.437+0000] {processor.py:925} INFO - DAG(s) 'tutorial_taskflow_api_virtualenv' retrieved from /home/airflow/.local/lib/python3.12/site-packages/airflow/example_dags/tutorial_taskflow_api_virtualenv.py
[2026-08-06T05:50:12.466+0000] {logging_mixin.py:190} INFO - [2026-08-06T05:50:12.466+0000] {dag.py:3239} INFO - Sync 1 DAGs
[2026-08-06T05:50:12.491+0000] {logging_mixin.py:190} INFO - [2026-08-06T05:50:12.490+0000] {dag.py:4180} INFO - Setting next_dagrun for tutorial_taskflow_api_virtualenv to None, run_after=None
[2026-08-06T05:50:12.559+0000] {processor.py:208} INFO - Processing /home/airflow/.local/lib/python3.12/site-packages/airflow/example_dags/tutorial_taskflow_api_virtualenv.py took 0.161 seconds
[2026-08-06T05:50:43.985+0000] {processor.py:186} INFO - Started process (PID=1814) to work on /home/airflow/.local/lib/python3.12/site-packages/airflow/example_dags/tutorial_taskflow_api_virtualenv.py
[2026-08-06T05:50:43.989+0000] {processor.py:914} INFO - Processing file /home/airflow/.local/lib/python3.12/site-packages/airflow/example_dags/tutorial_taskflow_api_virtualenv.py for tasks to queue
[2026-08-06T05:50:43.998+0000] {logging_mixin.py:190} INFO - [2026-08-06T05:50:43.997+0000] {dagbag.py:588} INFO - Filling up the DagBag from /home/airflow/.local/lib/python3.12/site-packages/airflow/example_dags/tutorial_taskflow_api_virtualenv.py
[2026-08-06T05:50:44.038+0000] {processor.py:925} INFO - DAG(s) 'tutorial_taskflow_api_virtualenv' retrieved from /home/airflow/.local/lib/python3.12/site-packages/airflow/example_dags/tutorial_taskflow_api_virtualenv.py
[2026-08-06T05:50:44.086+0000] {logging_mixin.py:190} INFO - [2026-08-06T05:50:44.086+0000] {dag.py:3239} INFO - Sync 1 DAGs
[2026-08-06T05:50:44.112+0000] {logging_mixin.py:190} INFO - [2026-08-06T05:50:44.112+0000] {dag.py:4180} INFO - Setting next_dagrun for tutorial_taskflow_api_virtualenv to None, run_after=None
[2026-08-06T05:50:44.180+0000] {processor.py:208} INFO - Processing /home/airflow/.local/lib/python3.12/site-packages/airflow/example_dags/tutorial_taskflow_api_virtualenv.py took 0.219 seconds
[2026-08-06T05:51:14.605+0000] {processor.py:186} INFO - Started process (PID=1878) to work on /home/airflow/.local/lib/python3.12/site-packages/airflow/example_dags/tutorial_taskflow_api_virtualenv.py
[2026-08-06T05:51:14.619+0000] {processor.py:914} INFO - Processing file /home/airflow/.local/lib/python3.12/site-packages/airflow/example_dags/tutorial_taskflow_api_virtualenv.py for tasks to queue
[2026-08-06T05:51:14.626+0000] {logging_mixin.py:190} INFO - [2026-08-06T05:51:14.625+0000] {dagbag.py:588} INFO - Filling up the DagBag from /home/airflow/.local/lib/python3.12/site-packages/airflow/example_dags/tutorial_taskflow_api_virtualenv.py
[2026-08-06T05:51:14.652+0000] {processor.py:925} INFO - DAG(s) 'tutorial_taskflow_api_virtualenv' retrieved from /home/airflow/.local/lib/python3.12/site-packages/airflow/example_dags/tutorial_taskflow_api_virtualenv.py
[2026-08-06T05:51:14.692+0000] {logging_mixin.py:190} INFO - [2026-08-06T05:51:14.692+0000] {dag.py:3239} INFO - Sync 1 DAGs
[2026-08-06T05:51:14.716+0000] {logging_mixin.py:190} INFO - [2026-08-06T05:51:14.715+0000] {dag.py:4180} INFO - Setting next_dagrun for tutorial_taskflow_api_virtualenv to None, run_after=None
[2026-08-06T05:51:14.753+0000] {processor.py:208} INFO - Processing /home/airflow/.local/lib/python3.12/site-packages/airflow/example_dags/tutorial_taskflow_api_virtualenv.py took 0.159 seconds
[2026-08-06T05:51:45.287+0000] {processor.py:186} INFO - Started process (PID=1942) to work on /home/airflow/.local/lib/python3.12/site-packages/airflow/example_dags/tutorial_taskflow_api_virtualenv.py
[2026-08-06T05:51:45.289+0000] {processor.py:914} INFO - Processing file /home/airflow/.local/lib/python3.12/site-packages/airflow/example_dags/tutorial_taskflow_api_virtualenv.py for tasks to queue
[2026-08-06T05:51:45.294+0000] {logging_mixin.py:190} INFO - [2026-08-06T05:51:45.293+0000] {dagbag.py:588} INFO - Filling up the DagBag from /home/airflow/.local/lib/python3.12/site-packages/airflow/example_dags/tutorial_taskflow_api_virtualenv.py
[2026-08-06T05:51:45.314+0000] {processor.py:925} INFO - DAG(s) 'tutorial_taskflow_api_virtualenv' retrieved from /home/airflow/.local/lib/python3.12/site-packages/airflow/example_dags/tutorial_taskflow_api_virtualenv.py
[2026-08-06T05:51:45.349+0000] {logging_mixin.py:190} INFO - [2026-08-06T05:51:45.349+0000] {dag.py:3239} INFO - Sync 1 DAGs
[2026-08-06T05:51:45.372+0000] {logging_mixin.py:190} INFO - [2026-08-06T05:51:45.372+0000] {dag.py:4180} INFO - Setting next_dagrun for tutorial_taskflow_api_virtualenv to None, run_after=None
[2026-08-06T05:51:45.444+0000] {processor.py:208} INFO - Processing /home/airflow/.local/lib/python3.12/site-packages/airflow/example_dags/tutorial_taskflow_api_virtualenv.py took 0.165 seconds
[2026-08-06T05:52:15.595+0000] {processor.py:186} INFO - Started process (PID=2006) to work on /home/airflow/.local/lib/python3.12/site-packages/airflow/example_dags/tutorial_taskflow_api_virtualenv.py
[2026-08-06T05:52:15.596+0000] {processor.py:914} INFO - Processing file /home/airflow/.local/lib/python3.12/site-packages/airflow/example_dags/tutorial_taskflow_api_virtualenv.py for tasks to queue
[2026-08-06T05:52:15.599+0000] {logging_mixin.py:190} INFO - [2026-08-06T05:52:15.598+0000] {dagbag.py:588} INFO - Filling up the DagBag from /home/airflow/.local/lib/python3.12/site-packages/airflow/example_dags/tutorial_taskflow_api_virtualenv.py
[2026-08-06T05:52:15.612+0000] {processor.py:925} INFO - DAG(s) 'tutorial_taskflow_api_virtualenv' retrieved from /home/airflow/.local/lib/python3.12/site-packages/airflow/example_dags/tutorial_taskflow_api_virtualenv.py
[2026-08-06T05:52:15.631+0000] {logging_mixin.py:190} INFO - [2026-08-06T05:52:15.631+0000] {dag.py:3239} INFO - Sync 1 DAGs
[2026-08-06T05:52:15.648+0000] {logging_mixin.py:190} INFO - [2026-08-06T05:52:15.647+0000] {dag.py:4180} INFO - Setting next_dagrun for tutorial_taskflow_api_virtualenv to None, run_after=None
[2026-08-06T05:52:15.668+0000] {processor.py:208} INFO - Processing /home/airflow/.local/lib/python3.12/site-packages/airflow/example_dags/tutorial_taskflow_api_virtualenv.py took 0.080 seconds
[2026-08-06T05:52:46.337+0000] {processor.py:186} INFO - Started process (PID=2070) to work on /home/airflow/.local/lib/python3.12/site-packages/airflow/example_dags/tutorial_taskflow_api_virtualenv.py
[2026-08-06T05:52:46.339+0000] {processor.py:914} INFO - Processing file /home/airflow/.local/lib/python3.12/site-packages/airflow/example_dags/tutorial_taskflow_api_virtualenv.py for tasks to queue
[2026-08-06T05:52:46.343+0000] {logging_mixin.py:190} INFO - [2026-08-06T05:52:46.342+0000] {dagbag.py:588} INFO - Filling up the DagBag from /home/airflow/.local/lib/python3.12/site-packages/airflow/example_dags/tutorial_taskflow_api_virtualenv.py
[2026-08-06T05:52:46.373+0000] {processor.py:925} INFO - DAG(s) 'tutorial_taskflow_api_virtualenv' retrieved from /home/airflow/.local/lib/python3.12/site-packages/airflow/example_dags/tutorial_taskflow_api_virtualenv.py
[2026-08-06T05:52:46.399+0000] {logging_mixin.py:190} INFO - [2026-08-06T05:52:46.399+0000] {dag.py:3239} INFO - Sync 1 DAGs
[2026-08-06T05:52:46.418+0000] {logging_mixin.py:190} INFO - [2026-08-06T05:52:46.417+0000] {dag.py:4180} INFO - Setting next_dagrun for tutorial_taskflow_api_virtualenv to None, run_after=None
[2026-08-06T05:52:46.443+0000] {processor.py:208} INFO - Processing /home/airflow/.local/lib/python3.12/site-packages/airflow/example_dags/tutorial_taskflow_api_virtualenv.py took 0.114 seconds
[2026-08-06T05:53:16.794+0000] {processor.py:186} INFO - Started process (PID=2134) to work on /home/airflow/.local/lib/python3.12/site-packages/airflow/example_dags/tutorial_taskflow_api_virtualenv.py
[2026-08-06T05:53:16.797+0000] {processor.py:914} INFO - Processing file /home/airflow/.local/lib/python3.12/site-packages/airflow/example_dags/tutorial_taskflow_api_virtualenv.py for tasks to queue
[2026-08-06T05:53:16.800+0000] {logging_mixin.py:190} INFO - [2026-08-06T05:53:16.800+0000] {dagbag.py:588} INFO - Filling up the DagBag from /home/airflow/.local/lib/python3.12/site-packages/airflow/example_dags/tutorial_taskflow_api_virtualenv.py
[2026-08-06T05:53:16.819+0000] {processor.py:925} INFO - DAG(s) 'tutorial_taskflow_api_virtualenv' retrieved from /home/airflow/.local/lib/python3.12/site-packages/airflow/example_dags/tutorial_taskflow_api_virtualenv.py
[2026-08-06T05:53:16.849+0000] {logging_mixin.py:190} INFO - [2026-08-06T05:53:16.848+0000] {dag.py:3239} INFO - Sync 1 DAGs
[2026-08-06T05:53:16.874+0000] {logging_mixin.py:190} INFO - [2026-08-06T05:53:16.874+0000] {dag.py:4180} INFO - Setting next_dagrun for tutorial_taskflow_api_virtualenv to None, run_after=None
[2026-08-06T05:53:16.940+0000] {processor.py:208} INFO - Processing /home/airflow/.local/lib/python3.12/site-packages/airflow/example_dags/tutorial_taskflow_api_virtualenv.py took 0.154 seconds
[2026-08-06T05:53:47.257+0000] {processor.py:186} INFO - Started process (PID=2206) to work on /home/airflow/.local/lib/python3.12/site-packages/airflow/example_dags/tutorial_taskflow_api_virtualenv.py
[2026-08-06T05:53:47.260+0000] {processor.py:914} INFO - Processing file /home/airflow/.local/lib/python3.12/site-packages/airflow/example_dags/tutorial_taskflow_api_virtualenv.py for tasks to queue
[2026-08-06T05:53:47.269+0000] {logging_mixin.py:190} INFO - [2026-08-06T05:53:47.268+0000] {dagbag.py:588} INFO - Filling up the DagBag from /home/airflow/.local/lib/python3.12/site-packages/airflow/example_dags/tutorial_taskflow_api_virtualenv.py
[2026-08-06T05:53:47.325+0000] {processor.py:925} INFO - DAG(s) 'tutorial_taskflow_api_virtualenv' retrieved from /home/airflow/.local/lib/python3.12/site-packages/airflow/example_dags/tutorial_taskflow_api_virtualenv.py
[2026-08-06T05:53:47.372+0000] {logging_mixin.py:190} INFO - [2026-08-06T05:53:47.371+0000] {dag.py:3239} INFO - Sync 1 DAGs
[2026-08-06T05:53:47.407+0000] {logging_mixin.py:190} INFO - [2026-08-06T05:53:47.406+0000] {dag.py:4180} INFO - Setting next_dagrun for tutorial_taskflow_api_virtualenv to None, run_after=None
[2026-08-06T05:53:47.467+0000] {processor.py:208} INFO - Processing /home/airflow/.local/lib/python3.12/site-packages/airflow/example_dags/tutorial_taskflow_api_virtualenv.py took 0.226 seconds
[2026-08-06T05:54:18.268+0000] {processor.py:186} INFO - Started process (PID=2271) to work on /home/airflow/.local/lib/python3.12/site-packages/airflow/example_dags/tutorial_taskflow_api_virtualenv.py
[2026-08-06T05:54:18.270+0000] {processor.py:914} INFO - Processing file /home/airflow/.local/lib/python3.12/site-packages/airflow/example_dags/tutorial_taskflow_api_virtualenv.py for tasks to queue
[2026-08-06T05:54:18.274+0000] {logging_mixin.py:190} INFO - [2026-08-06T05:54:18.273+0000] {dagbag.py:588} INFO - Filling up the DagBag from /home/airflow/.local/lib/python3.12/site-packages/airflow/example_dags/tutorial_taskflow_api_virtualenv.py
[2026-08-06T05:54:18.296+0000] {processor.py:925} INFO - DAG(s) 'tutorial_taskflow_api_virtualenv' retrieved from /home/airflow/.local/lib/python3.12/site-packages/airflow/example_dags/tutorial_taskflow_api_virtualenv.py
[2026-08-06T05:54:18.330+0000] {logging_mixin.py:190} INFO - [2026-08-06T05:54:18.329+0000] {dag.py:3239} INFO - Sync 1 DAGs
[2026-08-06T05:54:18.354+0000] {logging_mixin.py:190} INFO - [2026-08-06T05:54:18.353+0000] {dag.py:4180} INFO - Setting next_dagrun for tutorial_taskflow_api_virtualenv to None, run_after=None
[2026-08-06T05:54:18.389+0000] {processor.py:208} INFO - Processing /home/airflow/.local/lib/python3.12/site-packages/airflow/example_dags/tutorial_taskflow_api_virtualenv.py took 0.131 seconds
[2026-08-06T05:54:49.167+0000] {processor.py:186} INFO - Started process (PID=2335) to work on /home/airflow/.local/lib/python3.12/site-packages/airflow/example_dags/tutorial_taskflow_api_virtualenv.py
[2026-08-06T05:54:49.168+0000] {processor.py:914} INFO - Processing file /home/airflow/.local/lib/python3.12/site-packages/airflow/example_dags/tutorial_taskflow_api_virtualenv.py for tasks to queue
[2026-08-06T05:54:49.171+0000] {logging_mixin.py:190} INFO - [2026-08-06T05:54:49.171+0000] {dagbag.py:588} INFO - Filling up the DagBag from /home/airflow/.local/lib/python3.12/site-packages/airflow/example_dags/tutorial_taskflow_api_virtualenv.py
[2026-08-06T05:54:49.188+0000] {processor.py:925} INFO - DAG(s) 'tutorial_taskflow_api_virtualenv' retrieved from /home/airflow/.local/lib/python3.12/site-packages/airflow/example_dags/tutorial_taskflow_api_virtualenv.py
[2026-08-06T05:54:49.215+0000] {logging_mixin.py:190} INFO - [2026-08-06T05:54:49.214+0000] {dag.py:3239} INFO - Sync 1 DAGs
[2026-08-06T05:54:49.231+0000] {logging_mixin.py:190} INFO - [2026-08-06T05:54:49.231+0000] {dag.py:4180} INFO - Setting next_dagrun for tutorial_taskflow_api_virtualenv to None, run_after=None
[2026-08-06T05:54:49.257+0000] {processor.py:208} INFO - Processing /home/airflow/.local/lib/python3.12/site-packages/airflow/example_dags/tutorial_taskflow_api_virtualenv.py took 0.098 seconds
[2026-08-06T05:55:20.356+0000] {processor.py:186} INFO - Started process (PID=2399) to work on /home/airflow/.local/lib/python3.12/site-packages/airflow/example_dags/tutorial_taskflow_api_virtualenv.py
[2026-08-06T05:55:20.359+0000] {processor.py:914} INFO - Processing file /home/airflow/.local/lib/python3.12/site-packages/airflow/example_dags/tutorial_taskflow_api_virtualenv.py for tasks to queue
[2026-08-06T05:55:20.364+0000] {logging_mixin.py:190} INFO - [2026-08-06T05:55:20.363+0000] {dagbag.py:588} INFO - Filling up the DagBag from /home/airflow/.local/lib/python3.12/site-packages/airflow/example_dags/tutorial_taskflow_api_virtualenv.py
[2026-08-06T05:55:20.388+0000] {processor.py:925} INFO - DAG(s) 'tutorial_taskflow_api_virtualenv' retrieved from /home/airflow/.local/lib/python3.12/site-packages/airflow/example_dags/tutorial_taskflow_api_virtualenv.py
[2026-08-06T05:55:20.421+0000] {logging_mixin.py:190} INFO - [2026-08-06T05:55:20.421+0000] {dag.py:3239} INFO - Sync 1 DAGs
[2026-08-06T05:55:20.459+0000] {logging_mixin.py:190} INFO - [2026-08-06T05:55:20.458+0000] {dag.py:4180} INFO - Setting next_dagrun for tutorial_taskflow_api_virtualenv to None, run_after=None
[2026-08-06T05:55:20.498+0000] {processor.py:208} INFO - Processing /home/airflow/.local/lib/python3.12/site-packages/airflow/example_dags/tutorial_taskflow_api_virtualenv.py took 0.154 seconds
[2026-08-06T05:55:51.087+0000] {processor.py:186} INFO - Started process (PID=2463) to work on /home/airflow/.local/lib/python3.12/site-packages/airflow/example_dags/tutorial_taskflow_api_virtualenv.py
[2026-08-06T05:55:51.089+0000] {processor.py:914} INFO - Processing file /home/airflow/.local/lib/python3.12/site-packages/airflow/example_dags/tutorial_taskflow_api_virtualenv.py for tasks to queue
[2026-08-06T05:55:51.096+0000] {logging_mixin.py:190} INFO - [2026-08-06T05:55:51.095+0000] {dagbag.py:588} INFO - Filling up the DagBag from /home/airflow/.local/lib/python3.12/site-packages/airflow/example_dags/tutorial_taskflow_api_virtualenv.py
[2026-08-06T05:55:51.119+0000] {processor.py:925} INFO - DAG(s) 'tutorial_taskflow_api_virtualenv' retrieved from /home/airflow/.local/lib/python3.12/site-packages/airflow/example_dags/tutorial_taskflow_api_virtualenv.py
[2026-08-06T05:55:51.158+0000] {logging_mixin.py:190} INFO - [2026-08-06T05:55:51.158+0000] {dag.py:3239} INFO - Sync 1 DAGs
[2026-08-06T05:55:51.190+0000] {logging_mixin.py:190} INFO - [2026-08-06T05:55:51.189+0000] {dag.py:4180} INFO - Setting next_dagrun for tutorial_taskflow_api_virtualenv to None, run_after=None
[2026-08-06T05:55:51.253+0000] {processor.py:208} INFO - Processing /home/airflow/.local/lib/python3.12/site-packages/airflow/example_dags/tutorial_taskflow_api_virtualenv.py took 0.175 seconds
[2026-08-06T05:56:23.071+0000] {processor.py:186} INFO - Started process (PID=2527) to work on /home/airflow/.local/lib/python3.12/site-packages/airflow/example_dags/tutorial_taskflow_api_virtualenv.py
[2026-08-06T05:56:23.073+0000] {processor.py:914} INFO - Processing file /home/airflow/.local/lib/python3.12/site-packages/airflow/example_dags/tutorial_taskflow_api_virtualenv.py for tasks to queue
[2026-08-06T05:56:23.096+0000] {logging_mixin.py:190} INFO - [2026-08-06T05:56:23.095+0000] {dagbag.py:588} INFO - Filling up the DagBag from /home/airflow/.local/lib/python3.12/site-packages/airflow/example_dags/tutorial_taskflow_api_virtualenv.py
[2026-08-06T05:56:23.122+0000] {processor.py:925} INFO - DAG(s) 'tutorial_taskflow_api_virtualenv' retrieved from /home/airflow/.local/lib/python3.12/site-packages/airflow/example_dags/tutorial_taskflow_api_virtualenv.py
[2026-08-06T05:56:23.155+0000] {logging_mixin.py:190} INFO - [2026-08-06T05:56:23.154+0000] {dag.py:3239} INFO - Sync 1 DAGs
[2026-08-06T05:56:23.175+0000] {logging_mixin.py:190} INFO - [2026-08-06T05:56:23.174+0000] {dag.py:4180} INFO - Setting next_dagrun for tutorial_taskflow_api_virtualenv to None, run_after=None
[2026-08-06T05:56:23.210+0000] {processor.py:208} INFO - Processing /home/airflow/.local/lib/python3.12/site-packages/airflow/example_dags/tutorial_taskflow_api_virtualenv.py took 0.145 seconds
[2026-08-06T05:56:54.070+0000] {processor.py:186} INFO - Started process (PID=2590) to work on /home/airflow/.local/lib/python3.12/site-packages/airflow/example_dags/tutorial_taskflow_api_virtualenv.py
[2026-08-06T05:56:54.072+0000] {processor.py:914} INFO - Processing file /home/airflow/.local/lib/python3.12/site-packages/airflow/example_dags/tutorial_taskflow_api_virtualenv.py for tasks to queue
[2026-08-06T05:56:54.076+0000] {logging_mixin.py:190} INFO - [2026-08-06T05:56:54.076+0000] {dagbag.py:588} INFO - Filling up the DagBag from /home/airflow/.local/lib/python3.12/site-packages/airflow/example_dags/tutorial_taskflow_api_virtualenv.py
[2026-08-06T05:56:54.095+0000] {processor.py:925} INFO - DAG(s) 'tutorial_taskflow_api_virtualenv' retrieved from /home/airflow/.local/lib/python3.12/site-packages/airflow/example_dags/tutorial_taskflow_api_virtualenv.py
[2026-08-06T05:56:54.129+0000] {logging_mixin.py:190} INFO - [2026-08-06T05:56:54.129+0000] {dag.py:3239} INFO - Sync 1 DAGs
[2026-08-06T05:56:54.155+0000] {logging_mixin.py:190} INFO - [2026-08-06T05:56:54.154+0000] {dag.py:4180} INFO - Setting next_dagrun for tutorial_taskflow_api_virtualenv to None, run_after=None
[2026-08-06T05:56:54.205+0000] {processor.py:208} INFO - Processing /home/airflow/.local/lib/python3.12/site-packages/airflow/example_dags/tutorial_taskflow_api_virtualenv.py took 0.143 seconds
[2026-08-06T05:57:25.136+0000] {processor.py:186} INFO - Started process (PID=2654) to work on /home/airflow/.local/lib/python3.12/site-packages/airflow/example_dags/tutorial_taskflow_api_virtualenv.py
[2026-08-06T05:57:25.138+0000] {processor.py:914} INFO - Processing file /home/airflow/.local/lib/python3.12/site-packages/airflow/example_dags/tutorial_taskflow_api_virtualenv.py for tasks to queue
[2026-08-06T05:57:25.143+0000] {logging_mixin.py:190} INFO - [2026-08-06T05:57:25.142+0000] {dagbag.py:588} INFO - Filling up the DagBag from /home/airflow/.local/lib/python3.12/site-packages/airflow/example_dags/tutorial_taskflow_api_virtualenv.py
[2026-08-06T05:57:25.163+0000] {processor.py:925} INFO - DAG(s) 'tutorial_taskflow_api_virtualenv' retrieved from /home/airflow/.local/lib/python3.12/site-packages/airflow/example_dags/tutorial_taskflow_api_virtualenv.py
[2026-08-06T05:57:25.209+0000] {logging_mixin.py:190} INFO - [2026-08-06T05:57:25.208+0000] {dag.py:3239} INFO - Sync 1 DAGs
[2026-08-06T05:57:25.231+0000] {logging_mixin.py:190} INFO - [2026-08-06T05:57:25.231+0000] {dag.py:4180} INFO - Setting next_dagrun for tutorial_taskflow_api_virtualenv to None, run_after=None
[2026-08-06T05:57:25.304+0000] {processor.py:208} INFO - Processing /home/airflow/.local/lib/python3.12/site-packages/airflow/example_dags/tutorial_taskflow_api_virtualenv.py took 0.181 seconds
[2026-08-06T05:57:58.913+0000] {processor.py:186} INFO - Started process (PID=2740) to work on /home/airflow/.local/lib/python3.12/site-packages/airflow/example_dags/tutorial_taskflow_api_virtualenv.py
[2026-08-06T05:57:58.915+0000] {processor.py:914} INFO - Processing file /home/airflow/.local/lib/python3.12/site-packages/airflow/example_dags/tutorial_taskflow_api_virtualenv.py for tasks to queue
[2026-08-06T05:57:58.920+0000] {logging_mixin.py:190} INFO - [2026-08-06T05:57:58.920+0000] {dagbag.py:588} INFO - Filling up the DagBag from /home/airflow/.local/lib/python3.12/site-packages/airflow/example_dags/tutorial_taskflow_api_virtualenv.py
[2026-08-06T05:57:58.946+0000] {processor.py:925} INFO - DAG(s) 'tutorial_taskflow_api_virtualenv' retrieved from /home/airflow/.local/lib/python3.12/site-packages/airflow/example_dags/tutorial_taskflow_api_virtualenv.py
[2026-08-06T05:57:58.994+0000] {logging_mixin.py:190} INFO - [2026-08-06T05:57:58.994+0000] {dag.py:3239} INFO - Sync 1 DAGs
[2026-08-06T05:57:59.027+0000] {logging_mixin.py:190} INFO - [2026-08-06T05:57:59.026+0000] {dag.py:4180} INFO - Setting next_dagrun for tutorial_taskflow_api_virtualenv to None, run_after=None
[2026-08-06T05:57:59.082+0000] {processor.py:208} INFO - Processing /home/airflow/.local/lib/python3.12/site-packages/airflow/example_dags/tutorial_taskflow_api_virtualenv.py took 0.179 seconds
[2026-08-06T05:58:29.808+0000] {processor.py:186} INFO - Started process (PID=2803) to work on /home/airflow/.local/lib/python3.12/site-packages/airflow/example_dags/tutorial_taskflow_api_virtualenv.py
[2026-08-06T05:58:29.809+0000] {processor.py:914} INFO - Processing file /home/airflow/.local/lib/python3.12/site-packages/airflow/example_dags/tutorial_taskflow_api_virtualenv.py for tasks to queue
[2026-08-06T05:58:29.813+0000] {logging_mixin.py:190} INFO - [2026-08-06T05:58:29.812+0000] {dagbag.py:588} INFO - Filling up the DagBag from /home/airflow/.local/lib/python3.12/site-packages/airflow/example_dags/tutorial_taskflow_api_virtualenv.py
[2026-08-06T05:58:29.828+0000] {processor.py:925} INFO - DAG(s) 'tutorial_taskflow_api_virtualenv' retrieved from /home/airflow/.local/lib/python3.12/site-packages/airflow/example_dags/tutorial_taskflow_api_virtualenv.py
[2026-08-06T05:58:29.861+0000] {logging_mixin.py:190} INFO - [2026-08-06T05:58:29.860+0000] {dag.py:3239} INFO - Sync 1 DAGs
[2026-08-06T05:58:29.880+0000] {logging_mixin.py:190} INFO - [2026-08-06T05:58:29.880+0000] {dag.py:4180} INFO - Setting next_dagrun for tutorial_taskflow_api_virtualenv to None, run_after=None
[2026-08-06T05:58:29.904+0000] {processor.py:208} INFO - Processing /home/airflow/.local/lib/python3.12/site-packages/airflow/example_dags/tutorial_taskflow_api_virtualenv.py took 0.104 seconds
[2026-08-06T05:59:00.857+0000] {processor.py:186} INFO - Started process (PID=2867) to work on /home/airflow/.local/lib/python3.12/site-packages/airflow/example_dags/tutorial_taskflow_api_virtualenv.py
[2026-08-06T05:59:00.860+0000] {processor.py:914} INFO - Processing file /home/airflow/.local/lib/python3.12/site-packages/airflow/example_dags/tutorial_taskflow_api_virtualenv.py for tasks to queue
[2026-08-06T05:59:00.864+0000] {logging_mixin.py:190} INFO - [2026-08-06T05:59:00.863+0000] {dagbag.py:588} INFO - Filling up the DagBag from /home/airflow/.local/lib/python3.12/site-packages/airflow/example_dags/tutorial_taskflow_api_virtualenv.py
[2026-08-06T05:59:00.889+0000] {processor.py:925} INFO - DAG(s) 'tutorial_taskflow_api_virtualenv' retrieved from /home/airflow/.local/lib/python3.12/site-packages/airflow/example_dags/tutorial_taskflow_api_virtualenv.py
[2026-08-06T05:59:00.928+0000] {logging_mixin.py:190} INFO - [2026-08-06T05:59:00.927+0000] {dag.py:3239} INFO - Sync 1 DAGs
[2026-08-06T05:59:00.956+0000] {logging_mixin.py:190} INFO - [2026-08-06T05:59:00.956+0000] {dag.py:4180} INFO - Setting next_dagrun for tutorial_taskflow_api_virtualenv to None, run_after=None
[2026-08-06T05:59:00.991+0000] {processor.py:208} INFO - Processing /home/airflow/.local/lib/python3.12/site-packages/airflow/example_dags/tutorial_taskflow_api_virtualenv.py took 0.145 seconds
[2026-08-06T05:59:31.338+0000] {processor.py:186} INFO - Started process (PID=2932) to work on /home/airflow/.local/lib/python3.12/site-packages/airflow/example_dags/tutorial_taskflow_api_virtualenv.py
[2026-08-06T05:59:31.340+0000] {processor.py:914} INFO - Processing file /home/airflow/.local/lib/python3.12/site-packages/airflow/example_dags/tutorial_taskflow_api_virtualenv.py for tasks to queue
[2026-08-06T05:59:31.343+0000] {logging_mixin.py:190} INFO - [2026-08-06T05:59:31.342+0000] {dagbag.py:588} INFO - Filling up the DagBag from /home/airflow/.local/lib/python3.12/site-packages/airflow/example_dags/tutorial_taskflow_api_virtualenv.py
[2026-08-06T05:59:31.356+0000] {processor.py:925} INFO - DAG(s) 'tutorial_taskflow_api_virtualenv' retrieved from /home/airflow/.local/lib/python3.12/site-packages/airflow/example_dags/tutorial_taskflow_api_virtualenv.py
[2026-08-06T05:59:31.385+0000] {logging_mixin.py:190} INFO - [2026-08-06T05:59:31.384+0000] {dag.py:3239} INFO - Sync 1 DAGs
[2026-08-06T05:59:31.401+0000] {logging_mixin.py:190} INFO - [2026-08-06T05:59:31.401+0000] {dag.py:4180} INFO - Setting next_dagrun for tutorial_taskflow_api_virtualenv to None, run_after=None
[2026-08-06T05:59:31.457+0000] {processor.py:208} INFO - Processing /home/airflow/.local/lib/python3.12/site-packages/airflow/example_dags/tutorial_taskflow_api_virtualenv.py took 0.125 seconds
[2026-08-06T06:00:02.642+0000] {processor.py:186} INFO - Started process (PID=2997) to work on /home/airflow/.local/lib/python3.12/site-packages/airflow/example_dags/tutorial_taskflow_api_virtualenv.py
[2026-08-06T06:00:02.644+0000] {processor.py:914} INFO - Processing file /home/airflow/.local/lib/python3.12/site-packages/airflow/example_dags/tutorial_taskflow_api_virtualenv.py for tasks to queue
[2026-08-06T06:00:02.648+0000] {logging_mixin.py:190} INFO - [2026-08-06T06:00:02.647+0000] {dagbag.py:588} INFO - Filling up the DagBag from /home/airflow/.local/lib/python3.12/site-packages/airflow/example_dags/tutorial_taskflow_api_virtualenv.py
[2026-08-06T06:00:02.666+0000] {processor.py:925} INFO - DAG(s) 'tutorial_taskflow_api_virtualenv' retrieved from /home/airflow/.local/lib/python3.12/site-packages/airflow/example_dags/tutorial_taskflow_api_virtualenv.py
[2026-08-06T06:00:02.693+0000] {logging_mixin.py:190} INFO - [2026-08-06T06:00:02.693+0000] {dag.py:3239} INFO - Sync 1 DAGs
[2026-08-06T06:00:02.711+0000] {logging_mixin.py:190} INFO - [2026-08-06T06:00:02.710+0000] {dag.py:4180} INFO - Setting next_dagrun for tutorial_taskflow_api_virtualenv to None, run_after=None
[2026-08-06T06:00:02.805+0000] {processor.py:208} INFO - Processing /home/airflow/.local/lib/python3.12/site-packages/airflow/example_dags/tutorial_taskflow_api_virtualenv.py took 0.172 seconds
[2026-08-06T06:01:57.142+0000] {processor.py:186} INFO - Started process (PID=105) to work on /home/airflow/.local/lib/python3.12/site-packages/airflow/example_dags/tutorial_taskflow_api_virtualenv.py
[2026-08-06T06:01:57.144+0000] {processor.py:914} INFO - Processing file /home/airflow/.local/lib/python3.12/site-packages/airflow/example_dags/tutorial_taskflow_api_virtualenv.py for tasks to queue
[2026-08-06T06:01:57.150+0000] {logging_mixin.py:190} INFO - [2026-08-06T06:01:57.149+0000] {dagbag.py:588} INFO - Filling up the DagBag from /home/airflow/.local/lib/python3.12/site-packages/airflow/example_dags/tutorial_taskflow_api_virtualenv.py
[2026-08-06T06:01:57.168+0000] {processor.py:925} INFO - DAG(s) 'tutorial_taskflow_api_virtualenv' retrieved from /home/airflow/.local/lib/python3.12/site-packages/airflow/example_dags/tutorial_taskflow_api_virtualenv.py
[2026-08-06T06:01:57.339+0000] {logging_mixin.py:190} INFO - [2026-08-06T06:01:57.339+0000] {dag.py:3239} INFO - Sync 1 DAGs
[2026-08-06T06:01:57.360+0000] {logging_mixin.py:190} INFO - [2026-08-06T06:01:57.359+0000] {dag.py:4180} INFO - Setting next_dagrun for tutorial_taskflow_api_virtualenv to None, run_after=None
[2026-08-06T06:01:57.397+0000] {processor.py:208} INFO - Processing /home/airflow/.local/lib/python3.12/site-packages/airflow/example_dags/tutorial_taskflow_api_virtualenv.py took 0.269 seconds
[2026-08-06T06:02:29.610+0000] {processor.py:186} INFO - Started process (PID=169) to work on /home/airflow/.local/lib/python3.12/site-packages/airflow/example_dags/tutorial_taskflow_api_virtualenv.py
[2026-08-06T06:02:29.616+0000] {processor.py:914} INFO - Processing file /home/airflow/.local/lib/python3.12/site-packages/airflow/example_dags/tutorial_taskflow_api_virtualenv.py for tasks to queue
[2026-08-06T06:02:29.626+0000] {logging_mixin.py:190} INFO - [2026-08-06T06:02:29.626+0000] {dagbag.py:588} INFO - Filling up the DagBag from /home/airflow/.local/lib/python3.12/site-packages/airflow/example_dags/tutorial_taskflow_api_virtualenv.py
[2026-08-06T06:02:29.652+0000] {processor.py:925} INFO - DAG(s) 'tutorial_taskflow_api_virtualenv' retrieved from /home/airflow/.local/lib/python3.12/site-packages/airflow/example_dags/tutorial_taskflow_api_virtualenv.py
[2026-08-06T06:02:29.709+0000] {logging_mixin.py:190} INFO - [2026-08-06T06:02:29.708+0000] {dag.py:3239} INFO - Sync 1 DAGs
[2026-08-06T06:02:29.750+0000] {logging_mixin.py:190} INFO - [2026-08-06T06:02:29.749+0000] {dag.py:4180} INFO - Setting next_dagrun for tutorial_taskflow_api_virtualenv to None, run_after=None
[2026-08-06T06:02:29.834+0000] {processor.py:208} INFO - Processing /home/airflow/.local/lib/python3.12/site-packages/airflow/example_dags/tutorial_taskflow_api_virtualenv.py took 0.237 seconds
[2026-08-06T06:03:00.069+0000] {processor.py:186} INFO - Started process (PID=232) to work on /home/airflow/.local/lib/python3.12/site-packages/airflow/example_dags/tutorial_taskflow_api_virtualenv.py
[2026-08-06T06:03:00.071+0000] {processor.py:914} INFO - Processing file /home/airflow/.local/lib/python3.12/site-packages/airflow/example_dags/tutorial_taskflow_api_virtualenv.py for tasks to queue
[2026-08-06T06:03:00.077+0000] {logging_mixin.py:190} INFO - [2026-08-06T06:03:00.076+0000] {dagbag.py:588} INFO - Filling up the DagBag from /home/airflow/.local/lib/python3.12/site-packages/airflow/example_dags/tutorial_taskflow_api_virtualenv.py
[2026-08-06T06:03:00.106+0000] {processor.py:925} INFO - DAG(s) 'tutorial_taskflow_api_virtualenv' retrieved from /home/airflow/.local/lib/python3.12/site-packages/airflow/example_dags/tutorial_taskflow_api_virtualenv.py
[2026-08-06T06:03:00.144+0000] {logging_mixin.py:190} INFO - [2026-08-06T06:03:00.143+0000] {dag.py:3239} INFO - Sync 1 DAGs
[2026-08-06T06:03:00.170+0000] {logging_mixin.py:190} INFO - [2026-08-06T06:03:00.169+0000] {dag.py:4180} INFO - Setting next_dagrun for tutorial_taskflow_api_virtualenv to None, run_after=None
[2026-08-06T06:03:00.211+0000] {processor.py:208} INFO - Processing /home/airflow/.local/lib/python3.12/site-packages/airflow/example_dags/tutorial_taskflow_api_virtualenv.py took 0.150 seconds
[2026-08-06T06:03:33.832+0000] {processor.py:186} INFO - Started process (PID=296) to work on /home/airflow/.local/lib/python3.12/site-packages/airflow/example_dags/tutorial_taskflow_api_virtualenv.py
[2026-08-06T06:03:33.835+0000] {processor.py:914} INFO - Processing file /home/airflow/.local/lib/python3.12/site-packages/airflow/example_dags/tutorial_taskflow_api_virtualenv.py for tasks to queue
[2026-08-06T06:03:33.839+0000] {logging_mixin.py:190} INFO - [2026-08-06T06:03:33.838+0000] {dagbag.py:588} INFO - Filling up the DagBag from /home/airflow/.local/lib/python3.12/site-packages/airflow/example_dags/tutorial_taskflow_api_virtualenv.py
[2026-08-06T06:03:33.863+0000] {processor.py:925} INFO - DAG(s) 'tutorial_taskflow_api_virtualenv' retrieved from /home/airflow/.local/lib/python3.12/site-packages/airflow/example_dags/tutorial_taskflow_api_virtualenv.py
[2026-08-06T06:03:33.896+0000] {logging_mixin.py:190} INFO - [2026-08-06T06:03:33.896+0000] {dag.py:3239} INFO - Sync 1 DAGs
[2026-08-06T06:03:33.920+0000] {logging_mixin.py:190} INFO - [2026-08-06T06:03:33.919+0000] {dag.py:4180} INFO - Setting next_dagrun for tutorial_taskflow_api_virtualenv to None, run_after=None
[2026-08-06T06:03:33.972+0000] {processor.py:208} INFO - Processing /home/airflow/.local/lib/python3.12/site-packages/airflow/example_dags/tutorial_taskflow_api_virtualenv.py took 0.151 seconds
[2026-08-06T06:04:05.461+0000] {processor.py:186} INFO - Started process (PID=360) to work on /home/airflow/.local/lib/python3.12/site-packages/airflow/example_dags/tutorial_taskflow_api_virtualenv.py
[2026-08-06T06:04:05.463+0000] {processor.py:914} INFO - Processing file /home/airflow/.local/lib/python3.12/site-packages/airflow/example_dags/tutorial_taskflow_api_virtualenv.py for tasks to queue
[2026-08-06T06:04:05.468+0000] {logging_mixin.py:190} INFO - [2026-08-06T06:04:05.468+0000] {dagbag.py:588} INFO - Filling up the DagBag from /home/airflow/.local/lib/python3.12/site-packages/airflow/example_dags/tutorial_taskflow_api_virtualenv.py
[2026-08-06T06:04:05.496+0000] {processor.py:925} INFO - DAG(s) 'tutorial_taskflow_api_virtualenv' retrieved from /home/airflow/.local/lib/python3.12/site-packages/airflow/example_dags/tutorial_taskflow_api_virtualenv.py
[2026-08-06T06:04:05.539+0000] {logging_mixin.py:190} INFO - [2026-08-06T06:04:05.538+0000] {dag.py:3239} INFO - Sync 1 DAGs
[2026-08-06T06:04:05.566+0000] {logging_mixin.py:190} INFO - [2026-08-06T06:04:05.566+0000] {dag.py:4180} INFO - Setting next_dagrun for tutorial_taskflow_api_virtualenv to None, run_after=None
[2026-08-06T06:04:05.614+0000] {processor.py:208} INFO - Processing /home/airflow/.local/lib/python3.12/site-packages/airflow/example_dags/tutorial_taskflow_api_virtualenv.py took 0.164 seconds
[2026-08-06T06:04:37.221+0000] {processor.py:186} INFO - Started process (PID=424) to work on /home/airflow/.local/lib/python3.12/site-packages/airflow/example_dags/tutorial_taskflow_api_virtualenv.py
[2026-08-06T06:04:37.223+0000] {processor.py:914} INFO - Processing file /home/airflow/.local/lib/python3.12/site-packages/airflow/example_dags/tutorial_taskflow_api_virtualenv.py for tasks to queue
[2026-08-06T06:04:37.228+0000] {logging_mixin.py:190} INFO - [2026-08-06T06:04:37.227+0000] {dagbag.py:588} INFO - Filling up the DagBag from /home/airflow/.local/lib/python3.12/site-packages/airflow/example_dags/tutorial_taskflow_api_virtualenv.py
[2026-08-06T06:04:37.252+0000] {processor.py:925} INFO - DAG(s) 'tutorial_taskflow_api_virtualenv' retrieved from /home/airflow/.local/lib/python3.12/site-packages/airflow/example_dags/tutorial_taskflow_api_virtualenv.py
[2026-08-06T06:04:37.298+0000] {logging_mixin.py:190} INFO - [2026-08-06T06:04:37.298+0000] {dag.py:3239} INFO - Sync 1 DAGs
[2026-08-06T06:04:37.328+0000] {logging_mixin.py:190} INFO - [2026-08-06T06:04:37.328+0000] {dag.py:4180} INFO - Setting next_dagrun for tutorial_taskflow_api_virtualenv to None, run_after=None
[2026-08-06T06:04:37.368+0000] {processor.py:208} INFO - Processing /home/airflow/.local/lib/python3.12/site-packages/airflow/example_dags/tutorial_taskflow_api_virtualenv.py took 0.160 seconds
[2026-08-06T06:05:09.188+0000] {processor.py:186} INFO - Started process (PID=488) to work on /home/airflow/.local/lib/python3.12/site-packages/airflow/example_dags/tutorial_taskflow_api_virtualenv.py
[2026-08-06T06:05:09.190+0000] {processor.py:914} INFO - Processing file /home/airflow/.local/lib/python3.12/site-packages/airflow/example_dags/tutorial_taskflow_api_virtualenv.py for tasks to queue
[2026-08-06T06:05:09.194+0000] {logging_mixin.py:190} INFO - [2026-08-06T06:05:09.193+0000] {dagbag.py:588} INFO - Filling up the DagBag from /home/airflow/.local/lib/python3.12/site-packages/airflow/example_dags/tutorial_taskflow_api_virtualenv.py
[2026-08-06T06:05:09.212+0000] {processor.py:925} INFO - DAG(s) 'tutorial_taskflow_api_virtualenv' retrieved from /home/airflow/.local/lib/python3.12/site-packages/airflow/example_dags/tutorial_taskflow_api_virtualenv.py
[2026-08-06T06:05:09.238+0000] {logging_mixin.py:190} INFO - [2026-08-06T06:05:09.238+0000] {dag.py:3239} INFO - Sync 1 DAGs
[2026-08-06T06:05:09.257+0000] {logging_mixin.py:190} INFO - [2026-08-06T06:05:09.257+0000] {dag.py:4180} INFO - Setting next_dagrun for tutorial_taskflow_api_virtualenv to None, run_after=None
[2026-08-06T06:05:09.286+0000] {processor.py:208} INFO - Processing /home/airflow/.local/lib/python3.12/site-packages/airflow/example_dags/tutorial_taskflow_api_virtualenv.py took 0.106 seconds
[2026-08-06T06:05:41.234+0000] {processor.py:186} INFO - Started process (PID=552) to work on /home/airflow/.local/lib/python3.12/site-packages/airflow/example_dags/tutorial_taskflow_api_virtualenv.py
[2026-08-06T06:05:41.236+0000] {processor.py:914} INFO - Processing file /home/airflow/.local/lib/python3.12/site-packages/airflow/example_dags/tutorial_taskflow_api_virtualenv.py for tasks to queue
[2026-08-06T06:05:41.243+0000] {logging_mixin.py:190} INFO - [2026-08-06T06:05:41.242+0000] {dagbag.py:588} INFO - Filling up the DagBag from /home/airflow/.local/lib/python3.12/site-packages/airflow/example_dags/tutorial_taskflow_api_virtualenv.py
[2026-08-06T06:05:41.269+0000] {processor.py:925} INFO - DAG(s) 'tutorial_taskflow_api_virtualenv' retrieved from /home/airflow/.local/lib/python3.12/site-packages/airflow/example_dags/tutorial_taskflow_api_virtualenv.py
[2026-08-06T06:05:41.331+0000] {logging_mixin.py:190} INFO - [2026-08-06T06:05:41.330+0000] {dag.py:3239} INFO - Sync 1 DAGs
[2026-08-06T06:05:41.361+0000] {logging_mixin.py:190} INFO - [2026-08-06T06:05:41.361+0000] {dag.py:4180} INFO - Setting next_dagrun for tutorial_taskflow_api_virtualenv to None, run_after=None
[2026-08-06T06:05:41.412+0000] {processor.py:208} INFO - Processing /home/airflow/.local/lib/python3.12/site-packages/airflow/example_dags/tutorial_taskflow_api_virtualenv.py took 0.190 seconds
[2026-08-06T06:06:12.889+0000] {processor.py:186} INFO - Started process (PID=616) to work on /home/airflow/.local/lib/python3.12/site-packages/airflow/example_dags/tutorial_taskflow_api_virtualenv.py
[2026-08-06T06:06:12.892+0000] {processor.py:914} INFO - Processing file /home/airflow/.local/lib/python3.12/site-packages/airflow/example_dags/tutorial_taskflow_api_virtualenv.py for tasks to queue
[2026-08-06T06:06:12.896+0000] {logging_mixin.py:190} INFO - [2026-08-06T06:06:12.895+0000] {dagbag.py:588} INFO - Filling up the DagBag from /home/airflow/.local/lib/python3.12/site-packages/airflow/example_dags/tutorial_taskflow_api_virtualenv.py
[2026-08-06T06:06:12.913+0000] {processor.py:925} INFO - DAG(s) 'tutorial_taskflow_api_virtualenv' retrieved from /home/airflow/.local/lib/python3.12/site-packages/airflow/example_dags/tutorial_taskflow_api_virtualenv.py
[2026-08-06T06:06:12.937+0000] {logging_mixin.py:190} INFO - [2026-08-06T06:06:12.937+0000] {dag.py:3239} INFO - Sync 1 DAGs
[2026-08-06T06:06:12.955+0000] {logging_mixin.py:190} INFO - [2026-08-06T06:06:12.955+0000] {dag.py:4180} INFO - Setting next_dagrun for tutorial_taskflow_api_virtualenv to None, run_after=None
[2026-08-06T06:06:12.996+0000] {processor.py:208} INFO - Processing /home/airflow/.local/lib/python3.12/site-packages/airflow/example_dags/tutorial_taskflow_api_virtualenv.py took 0.113 seconds
[2026-08-06T06:06:44.929+0000] {processor.py:186} INFO - Started process (PID=680) to work on /home/airflow/.local/lib/python3.12/site-packages/airflow/example_dags/tutorial_taskflow_api_virtualenv.py
[2026-08-06T06:06:44.933+0000] {processor.py:914} INFO - Processing file /home/airflow/.local/lib/python3.12/site-packages/airflow/example_dags/tutorial_taskflow_api_virtualenv.py for tasks to queue
[2026-08-06T06:06:44.939+0000] {logging_mixin.py:190} INFO - [2026-08-06T06:06:44.937+0000] {dagbag.py:588} INFO - Filling up the DagBag from /home/airflow/.local/lib/python3.12/site-packages/airflow/example_dags/tutorial_taskflow_api_virtualenv.py
[2026-08-06T06:06:44.970+0000] {processor.py:925} INFO - DAG(s) 'tutorial_taskflow_api_virtualenv' retrieved from /home/airflow/.local/lib/python3.12/site-packages/airflow/example_dags/tutorial_taskflow_api_virtualenv.py
[2026-08-06T06:06:45.038+0000] {logging_mixin.py:190} INFO - [2026-08-06T06:06:45.037+0000] {dag.py:3239} INFO - Sync 1 DAGs
[2026-08-06T06:06:45.084+0000] {logging_mixin.py:190} INFO - [2026-08-06T06:06:45.084+0000] {dag.py:4180} INFO - Setting next_dagrun for tutorial_taskflow_api_virtualenv to None, run_after=None
[2026-08-06T06:06:45.151+0000] {processor.py:208} INFO - Processing /home/airflow/.local/lib/python3.12/site-packages/airflow/example_dags/tutorial_taskflow_api_virtualenv.py took 0.240 seconds
[2026-08-06T06:07:16.028+0000] {processor.py:186} INFO - Started process (PID=744) to work on /home/airflow/.local/lib/python3.12/site-packages/airflow/example_dags/tutorial_taskflow_api_virtualenv.py
[2026-08-06T06:07:16.029+0000] {processor.py:914} INFO - Processing file /home/airflow/.local/lib/python3.12/site-packages/airflow/example_dags/tutorial_taskflow_api_virtualenv.py for tasks to queue
[2026-08-06T06:07:16.033+0000] {logging_mixin.py:190} INFO - [2026-08-06T06:07:16.032+0000] {dagbag.py:588} INFO - Filling up the DagBag from /home/airflow/.local/lib/python3.12/site-packages/airflow/example_dags/tutorial_taskflow_api_virtualenv.py
[2026-08-06T06:07:16.058+0000] {processor.py:925} INFO - DAG(s) 'tutorial_taskflow_api_virtualenv' retrieved from /home/airflow/.local/lib/python3.12/site-packages/airflow/example_dags/tutorial_taskflow_api_virtualenv.py
[2026-08-06T06:07:16.101+0000] {logging_mixin.py:190} INFO - [2026-08-06T06:07:16.101+0000] {dag.py:3239} INFO - Sync 1 DAGs
[2026-08-06T06:07:16.125+0000] {logging_mixin.py:190} INFO - [2026-08-06T06:07:16.124+0000] {dag.py:4180} INFO - Setting next_dagrun for tutorial_taskflow_api_virtualenv to None, run_after=None
[2026-08-06T06:07:16.202+0000] {processor.py:208} INFO - Processing /home/airflow/.local/lib/python3.12/site-packages/airflow/example_dags/tutorial_taskflow_api_virtualenv.py took 0.184 seconds
[2026-08-06T06:07:46.679+0000] {processor.py:186} INFO - Started process (PID=814) to work on /home/airflow/.local/lib/python3.12/site-packages/airflow/example_dags/tutorial_taskflow_api_virtualenv.py
[2026-08-06T06:07:46.681+0000] {processor.py:914} INFO - Processing file /home/airflow/.local/lib/python3.12/site-packages/airflow/example_dags/tutorial_taskflow_api_virtualenv.py for tasks to queue
[2026-08-06T06:07:46.685+0000] {logging_mixin.py:190} INFO - [2026-08-06T06:07:46.684+0000] {dagbag.py:588} INFO - Filling up the DagBag from /home/airflow/.local/lib/python3.12/site-packages/airflow/example_dags/tutorial_taskflow_api_virtualenv.py
[2026-08-06T06:07:46.705+0000] {processor.py:925} INFO - DAG(s) 'tutorial_taskflow_api_virtualenv' retrieved from /home/airflow/.local/lib/python3.12/site-packages/airflow/example_dags/tutorial_taskflow_api_virtualenv.py
[2026-08-06T06:07:46.741+0000] {logging_mixin.py:190} INFO - [2026-08-06T06:07:46.740+0000] {dag.py:3239} INFO - Sync 1 DAGs
[2026-08-06T06:07:46.762+0000] {logging_mixin.py:190} INFO - [2026-08-06T06:07:46.762+0000] {dag.py:4180} INFO - Setting next_dagrun for tutorial_taskflow_api_virtualenv to None, run_after=None
[2026-08-06T06:07:46.827+0000] {processor.py:208} INFO - Processing /home/airflow/.local/lib/python3.12/site-packages/airflow/example_dags/tutorial_taskflow_api_virtualenv.py took 0.156 seconds
[2026-08-06T06:08:18.372+0000] {processor.py:186} INFO - Started process (PID=883) to work on /home/airflow/.local/lib/python3.12/site-packages/airflow/example_dags/tutorial_taskflow_api_virtualenv.py
[2026-08-06T06:08:18.382+0000] {processor.py:914} INFO - Processing file /home/airflow/.local/lib/python3.12/site-packages/airflow/example_dags/tutorial_taskflow_api_virtualenv.py for tasks to queue
[2026-08-06T06:08:18.389+0000] {logging_mixin.py:190} INFO - [2026-08-06T06:08:18.388+0000] {dagbag.py:588} INFO - Filling up the DagBag from /home/airflow/.local/lib/python3.12/site-packages/airflow/example_dags/tutorial_taskflow_api_virtualenv.py
[2026-08-06T06:08:18.408+0000] {processor.py:925} INFO - DAG(s) 'tutorial_taskflow_api_virtualenv' retrieved from /home/airflow/.local/lib/python3.12/site-packages/airflow/example_dags/tutorial_taskflow_api_virtualenv.py
[2026-08-06T06:08:18.446+0000] {logging_mixin.py:190} INFO - [2026-08-06T06:08:18.446+0000] {dag.py:3239} INFO - Sync 1 DAGs
[2026-08-06T06:08:18.466+0000] {logging_mixin.py:190} INFO - [2026-08-06T06:08:18.465+0000] {dag.py:4180} INFO - Setting next_dagrun for tutorial_taskflow_api_virtualenv to None, run_after=None
[2026-08-06T06:08:18.523+0000] {processor.py:208} INFO - Processing /home/airflow/.local/lib/python3.12/site-packages/airflow/example_dags/tutorial_taskflow_api_virtualenv.py took 0.159 seconds
[2026-08-06T06:08:50.101+0000] {processor.py:186} INFO - Started process (PID=947) to work on /home/airflow/.local/lib/python3.12/site-packages/airflow/example_dags/tutorial_taskflow_api_virtualenv.py
[2026-08-06T06:08:50.103+0000] {processor.py:914} INFO - Processing file /home/airflow/.local/lib/python3.12/site-packages/airflow/example_dags/tutorial_taskflow_api_virtualenv.py for tasks to queue
[2026-08-06T06:08:50.106+0000] {logging_mixin.py:190} INFO - [2026-08-06T06:08:50.106+0000] {dagbag.py:588} INFO - Filling up the DagBag from /home/airflow/.local/lib/python3.12/site-packages/airflow/example_dags/tutorial_taskflow_api_virtualenv.py
[2026-08-06T06:08:50.119+0000] {processor.py:925} INFO - DAG(s) 'tutorial_taskflow_api_virtualenv' retrieved from /home/airflow/.local/lib/python3.12/site-packages/airflow/example_dags/tutorial_taskflow_api_virtualenv.py
[2026-08-06T06:08:50.140+0000] {logging_mixin.py:190} INFO - [2026-08-06T06:08:50.140+0000] {dag.py:3239} INFO - Sync 1 DAGs
[2026-08-06T06:08:50.156+0000] {logging_mixin.py:190} INFO - [2026-08-06T06:08:50.156+0000] {dag.py:4180} INFO - Setting next_dagrun for tutorial_taskflow_api_virtualenv to None, run_after=None
[2026-08-06T06:08:50.182+0000] {processor.py:208} INFO - Processing /home/airflow/.local/lib/python3.12/site-packages/airflow/example_dags/tutorial_taskflow_api_virtualenv.py took 0.090 seconds
[2026-08-06T06:09:21.123+0000] {processor.py:186} INFO - Started process (PID=1011) to work on /home/airflow/.local/lib/python3.12/site-packages/airflow/example_dags/tutorial_taskflow_api_virtualenv.py
[2026-08-06T06:09:21.125+0000] {processor.py:914} INFO - Processing file /home/airflow/.local/lib/python3.12/site-packages/airflow/example_dags/tutorial_taskflow_api_virtualenv.py for tasks to queue
[2026-08-06T06:09:21.129+0000] {logging_mixin.py:190} INFO - [2026-08-06T06:09:21.129+0000] {dagbag.py:588} INFO - Filling up the DagBag from /home/airflow/.local/lib/python3.12/site-packages/airflow/example_dags/tutorial_taskflow_api_virtualenv.py
[2026-08-06T06:09:21.153+0000] {processor.py:925} INFO - DAG(s) 'tutorial_taskflow_api_virtualenv' retrieved from /home/airflow/.local/lib/python3.12/site-packages/airflow/example_dags/tutorial_taskflow_api_virtualenv.py
[2026-08-06T06:09:21.185+0000] {logging_mixin.py:190} INFO - [2026-08-06T06:09:21.185+0000] {dag.py:3239} INFO - Sync 1 DAGs
[2026-08-06T06:09:21.211+0000] {logging_mixin.py:190} INFO - [2026-08-06T06:09:21.211+0000] {dag.py:4180} INFO - Setting next_dagrun for tutorial_taskflow_api_virtualenv to None, run_after=None
[2026-08-06T06:09:21.267+0000] {processor.py:208} INFO - Processing /home/airflow/.local/lib/python3.12/site-packages/airflow/example_dags/tutorial_taskflow_api_virtualenv.py took 0.154 seconds
[2026-08-06T06:09:52.969+0000] {processor.py:186} INFO - Started process (PID=1075) to work on /home/airflow/.local/lib/python3.12/site-packages/airflow/example_dags/tutorial_taskflow_api_virtualenv.py
[2026-08-06T06:09:52.971+0000] {processor.py:914} INFO - Processing file /home/airflow/.local/lib/python3.12/site-packages/airflow/example_dags/tutorial_taskflow_api_virtualenv.py for tasks to queue
[2026-08-06T06:09:52.976+0000] {logging_mixin.py:190} INFO - [2026-08-06T06:09:52.975+0000] {dagbag.py:588} INFO - Filling up the DagBag from /home/airflow/.local/lib/python3.12/site-packages/airflow/example_dags/tutorial_taskflow_api_virtualenv.py
[2026-08-06T06:09:52.995+0000] {processor.py:925} INFO - DAG(s) 'tutorial_taskflow_api_virtualenv' retrieved from /home/airflow/.local/lib/python3.12/site-packages/airflow/example_dags/tutorial_taskflow_api_virtualenv.py
[2026-08-06T06:09:53.030+0000] {logging_mixin.py:190} INFO - [2026-08-06T06:09:53.029+0000] {dag.py:3239} INFO - Sync 1 DAGs
[2026-08-06T06:09:53.060+0000] {logging_mixin.py:190} INFO - [2026-08-06T06:09:53.060+0000] {dag.py:4180} INFO - Setting next_dagrun for tutorial_taskflow_api_virtualenv to None, run_after=None
[2026-08-06T06:09:53.126+0000] {processor.py:208} INFO - Processing /home/airflow/.local/lib/python3.12/site-packages/airflow/example_dags/tutorial_taskflow_api_virtualenv.py took 0.166 seconds
[2026-08-06T06:10:24.211+0000] {processor.py:186} INFO - Started process (PID=1139) to work on /home/airflow/.local/lib/python3.12/site-packages/airflow/example_dags/tutorial_taskflow_api_virtualenv.py
[2026-08-06T06:10:24.214+0000] {processor.py:914} INFO - Processing file /home/airflow/.local/lib/python3.12/site-packages/airflow/example_dags/tutorial_taskflow_api_virtualenv.py for tasks to queue
[2026-08-06T06:10:24.221+0000] {logging_mixin.py:190} INFO - [2026-08-06T06:10:24.220+0000] {dagbag.py:588} INFO - Filling up the DagBag from /home/airflow/.local/lib/python3.12/site-packages/airflow/example_dags/tutorial_taskflow_api_virtualenv.py
[2026-08-06T06:10:24.247+0000] {processor.py:925} INFO - DAG(s) 'tutorial_taskflow_api_virtualenv' retrieved from /home/airflow/.local/lib/python3.12/site-packages/airflow/example_dags/tutorial_taskflow_api_virtualenv.py
[2026-08-06T06:10:24.305+0000] {logging_mixin.py:190} INFO - [2026-08-06T06:10:24.305+0000] {dag.py:3239} INFO - Sync 1 DAGs
[2026-08-06T06:10:24.330+0000] {logging_mixin.py:190} INFO - [2026-08-06T06:10:24.329+0000] {dag.py:4180} INFO - Setting next_dagrun for tutorial_taskflow_api_virtualenv to None, run_after=None
[2026-08-06T06:10:24.371+0000] {processor.py:208} INFO - Processing /home/airflow/.local/lib/python3.12/site-packages/airflow/example_dags/tutorial_taskflow_api_virtualenv.py took 0.170 seconds
